time_s,raw,averaged
0.22,316,317
0.22,317,316
0.22,313,313
0.22,317,317
0.22,314,313
0.22,314,314
0.22,314,315
0.22,311,309
0.22,314,313
0.22,315,313
0.22,311,309
0.22,313,312
0.22,314,312
0.22,310,310
0.22,312,312
0.22,311,310
0.22,310,309
0.22,312,310
0.22,307,307
0.22,311,309
0.22,310,309
0.22,309,307
0.22,311,310
0.22,309,308
0.22,307,307
0.22,310,309
0.22,310,309
0.22,311,310
0.22,310,309
0.22,312,310
0.22,309,308
0.22,314,312
0.22,312,311
0.22,314,313
0.22,312,311
0.22,315,316
0.22,316,314
0.22,317,316
0.22,316,316
0.22,312,315
0.22,315,316
0.22,317,316
0.22,317,318
0.22,316,317
0.22,321,321
0.22,318,319
0.22,322,321
0.22,317,319
0.22,324,322
0.22,319,318
0.22,322,322
0.22,322,321
0.22,323,324
0.22,322,321
0.22,323,323
0.22,324,322
0.22,321,321
0.22,326,324
0.23,321,322
0.23,324,324
0.23,320,322
0.23,325,324
0.23,321,321
0.23,327,326
0.28,321,321
0.28,325,324
0.28,322,321
0.28,323,324
0.28,323,322
0.29,325,325
0.29,323,321
0.35,321,323
0.35,323,322
0.35,322,321
0.35,326,325
0.35,321,321
0.35,322,323
0.36,321,321
0.42,326,324
0.42,321,319
0.42,323,323
0.42,321,320
0.42,324,323
0.43,322,320
0.43,323,323
0.49,321,320
0.49,322,322
0.49,321,319
0.49,320,319
0.49,319,317
0.49,318,318
0.49,317,318
0.55,316,316
0.55,318,318
0.55,313,315
0.55,317,317
0.55,313,313
0.55,316,316
0.56,313,313
0.61,312,313
0.61,311,311
0.61,313,312
0.61,313,311
0.61,313,313
0.61,313,311
0.62,311,310
0.67,311,311
0.67,310,309
0.67,312,310
0.67,308,309
0.67,312,312
0.68,307,308
0.69,311,312
0.75,310,309
0.75,314,313
0.75,308,309
0.75,312,313
0.75,314,310
0.75,314,313
0.75,314,312
0.81,312,314
0.81,315,314
0.81,313,312
0.81,317,316
0.81,313,313
0.81,317,316
0.82,316,315
0.88,318,319
0.88,317,316
0.88,320,321
0.88,318,317
0.88,322,321
0.88,318,318
0.88,322,323
0.94,323,321
0.94,324,323
0.94,325,323
0.94,324,325
0.94,326,324
0.94,323,325
0.95,327,326
1.0,324,324
1.0,329,327
1.0,324,323
1.0,325,327
1.0,324,323
1.01,326,326
1.02,321,322
1.08,325,325
1.08,324,323
1.08,326,324
1.08,322,321
1.08,323,323
1.08,324,323
1.08,323,322
1.14,325,323
1.14,323,322
1.14,325,323
1.14,321,321
1.14,326,325
1.14,317,319
1.15,324,323
1.21,320,319
1.21,324,323
1.21,318,320
1.21,322,323
1.21,322,320
1.21,322,322
1.21,320,321
1.27,322,321
1.27,323,322
1.27,321,322
1.27,323,322
1.27,320,319
1.27,322,321
1.28,317,318
1.33,320,320
1.33,317,317
1.33,320,321
1.33,318,317
1.33,320,319
1.33,314,314
1.34,318,318
1.39,316,315
1.39,317,317
1.39,318,317
1.39,316,318
1.39,317,317
1.4,318,316
1.41,319,318
1.47,316,314
1.47,316,317
1.47,311,313
1.47,319,317
1.47,314,314
1.47,318,317
1.47,315,314
1.53,317,316
1.53,317,314
1.53,318,317
1.53,318,316
1.53,317,317
1.53,319,317
1.54,316,317
1.6,321,318
1.6,316,316
1.6,321,321
1.6,319,318
1.6,323,323
1.6,322,321
1.6,323,323
1.66,322,320
1.66,323,324
1.66,320,321
1.66,325,324
1.66,323,322
1.66,324,324
1.67,324,323
1.74,326,325
1.74,328,325
1.74,324,325
1.74,328,327
1.74,326,325
1.74,326,328
1.74,326,326
1.8,332,330
1.8,328,328
1.8,333,332
1.8,328,328
1.8,331,331
1.8,328,327
1.8,330,331
1.86,331,329
1.86,329,330
1.86,332,329
1.86,329,329
1.86,331,329
1.86,327,328
1.87,329,328
1.92,325,326
1.92,328,328
1.92,324,325
1.92,326,329
1.92,324,325
1.92,328,327
1.93,324,323
1.98,325,325
1.98,322,322
1.98,323,323
1.98,322,322
1.98,323,322
1.99,323,321
2.0,321,321
2.06,323,321
2.06,315,312
2.06,297,294
2.06,277,275
2.06,267,265
2.06,255,253
2.06,249,247
2.12,237,235
2.12,235,234
2.12,228,226
2.12,226,228
2.12,229,228
2.12,233,234
2.13,237,237
2.19,240,240
2.19,245,243
2.19,247,245
2.19,248,250
2.19,249,250
2.19,257,257
2.19,258,257
2.25,265,264
2.25,263,263
2.25,269,269
2.25,272,270
2.25,275,276
2.25,275,275
2.26,278,280
2.32,283,281
2.32,284,287
2.32,290,289
2.32,291,291
2.32,297,297
2.32,298,298
2.33,304,304
2.39,300,301
2.39,310,310
2.39,309,308
2.39,316,315
2.39,314,313
2.39,320,318
2.39,319,318
2.45,322,323
2.45,325,323
2.45,328,328
2.45,329,329
2.45,330,330
2.45,332,332
2.46,334,334
2.51,339,337
2.51,334,337
2.51,341,340
2.51,340,339
2.51,344,344
2.51,340,340
2.52,345,345
2.59,344,343
2.59,345,348
2.59,345,345
2.59,348,348
2.59,346,348
2.59,350,350
2.59,351,350
2.65,350,349
2.65,352,350
2.65,350,349
2.65,354,352
2.65,348,350
2.65,351,353
2.65,351,350
2.71,353,355
2.71,352,351
2.71,355,354
2.71,352,352
2.71,357,355
2.71,351,351
2.72,355,355
2.77,353,352
2.77,353,353
2.77,354,353
2.77,352,352
2.77,353,352
2.78,351,351
2.78,353,352
2.84,349,349
2.84,352,353
2.84,351,349
2.84,353,352
2.84,347,347
2.84,350,351
2.85,347,347
2.9,347,348
2.9,348,345
2.9,345,346
2.9,346,345
2.9,342,344
2.91,344,344
2.92,342,341
2.98,345,344
2.98,341,341
2.98,345,342
2.98,338,337
2.98,342,340
2.98,338,336
2.98,338,340
3.04,337,335
3.04,339,338
3.04,336,333
3.04,333,335
3.04,333,331
3.04,331,332
3.05,333,332
3.1,331,330
3.1,330,330
3.1,329,328
3.1,331,329
3.1,327,325
3.1,331,328
3.11,327,326
3.17,329,328
3.17,326,326
3.17,329,328
3.17,326,325
3.17,327,327
3.17,327,325
3.18,325,325
3.23,329,326
3.23,326,327
3.23,328,326
3.23,325,324
3.23,329,328
3.24,323,324
3.24,327,327
3.31,324,325
3.31,327,328
3.31,326,325
3.31,330,328
3.31,326,326
3.31,330,330
3.31,328,326
3.37,327,328
3.37,329,327
3.37,329,329
3.37,331,330
3.37,329,329
3.37,332,329
3.37,327,328
3.43,332,330
3.43,328,327
3.43,332,330
3.43,326,327
3.43,331,331
3.43,329,328
3.44,332,332
3.5,326,327
3.5,329,329
3.5,327,326
3.5,330,330
3.5,327,328
3.5,331,330
3.51,329,328
3.56,324,327
3.56,328,329
3.56,325,326
3.56,328,328
3.56,322,324
3.56,328,330
3.57,326,325
3.64,329,329
3.64,328,327
3.64,332,330
3.64,327,325
3.64,332,331
3.64,329,327
3.64,327,328
3.7,328,327
3.7,329,328
3.7,330,330
3.7,329,328
3.7,332,330
3.7,327,328
3.7,329,330
3.76,327,326
3.76,328,329
3.76,324,325
3.76,329,331
3.76,326,325
3.76,328,329
3.77,327,325
3.82,327,326
3.82,325,324
3.82,324,326
3.82,327,326
3.82,324,324
3.83,326,324
3.83,324,323
3.89,324,325
3.89,321,321
3.89,323,324
3.89,321,319
3.89,325,324
3.89,320,320
3.9,324,323
3.96,319,319
3.96,321,321
3.96,319,317
3.96,318,320
3.96,319,317
3.96,314,316
3.96,320,317
4.02,315,315
4.02,315,315
4.02,313,313
4.02,315,315
4.02,314,311
4.02,319,318
4.03,313,312
4.09,314,314
4.09,313,311
4.09,312,313
4.09,311,310
4.09,315,314
4.09,313,312
4.1,312,313
4.15,314,312
4.15,314,313
4.15,315,313
4.15,310,312
4.15,317,315
4.15,314,312
4.16,317,316
4.21,312,313
4.21,317,317
4.21,314,314
4.21,319,318
4.21,315,316
4.22,318,318
4.23,317,316
4.29,318,319
4.29,318,317
4.29,319,320
4.29,318,318
4.29,318,317
4.29,319,318
4.29,317,316
4.35,320,320
4.35,315,315
4.35,321,321
4.35,316,316
4.35,321,319
4.35,316,315
4.36,319,319
4.41,314,315
4.41,320,319
4.41,317,316
4.41,317,317
4.42,315,313
4.42,316,316
4.42,314,315
4.48,314,315
4.48,316,315
4.48,313,313
4.48,317,317
4.48,313,312
4.48,317,317
4.49,312,313
4.54,317,316
4.54,310,312
4.54,317,316
4.54,312,311
4.54,288,285
4.55,256,254
4.55,254,254
4.62,249,247
4.62,243,244
4.62,243,243
4.62,241,239
4.62,243,241
4.62,238,237
4.62,241,241
4.68,239,238
4.68,243,242
4.68,239,237
4.68,243,243
4.68,240,241
4.68,244,243
4.69,241,241
4.74,244,246
4.74,245,243
4.74,248,247
4.74,249,249
4.74,251,250
4.74,255,253
4.75,250,252
4.81,258,257
4.81,254,254
4.81,259,259
4.81,259,258
4.81,268,267
4.81,263,262
4.82,270,271
4.87,269,269
4.87,275,275
4.87,275,274
4.87,279,279
4.87,281,282
4.87,283,284
4.88,289,287
4.93,287,286
4.93,292,291
4.93,292,292
4.93,299,298
4.93,297,297
4.94,305,304
4.95,302,301
5.01,309,309
5.01,308,307
5.01,314,313
5.01,311,311
5.01,318,317
5.01,317,317
5.01,322,321
5.07,320,322
5.07,323,324
5.07,326,327
5.07,329,328
5.07,333,331
5.07,328,328
5.08,335,336
5.14,333,332
5.14,338,339
5.14,335,336
5.14,342,341
5.14,337,337
5.14,342,343
5.14,342,340
5.2,342,343
5.2,345,342
5.2,343,342
5.2,345,344
5.2,341,344
5.2,348,347
5.21,344,346
5.26,350,350
5.26,348,347
5.26,353,351
5.26,347,347
5.26,352,352
5.27,348,348
5.27,353,352
5.34,350,349
5.34,353,353
5.34,351,350
5.34,354,352
5.34,355,352
5.34,354,352
5.34,354,354
5.4,353,352
5.4,353,352
5.4,350,350
5.4,354,353
5.4,350,349
5.4,351,354
5.41,346,347
5.46,354,353
5.46,348,349
5.46,348,351
5.46,350,349
5.46,350,349
5.46,352,349
5.47,346,348
5.53,350,348
5.53,347,348
5.53,348,348
5.53,346,345
5.53,349,347
5.53,342,343
5.54,349,347
5.59,341,342
5.59,347,347
5.59,345,342
5.59,341,344
5.59,343,342
5.59,344,343
5.6,342,340
5.67,341,341
5.67,343,340
5.67,342,341
5.67,344,342
5.67,338,339
5.67,344,342
5.67,335,337
5.73,342,340
5.73,338,338
5.73,343,340
5.73,337,336
5.73,344,342
5.73,339,336
5.73,338,340
5.79,339,339
5.79,341,341
5.79,341,339
5.79,341,340
5.79,342,340
5.79,340,341
5.8,344,341
5.85,339,340
5.85,345,343
5.85,340,339
5.85,343,342
5.85,340,338
5.86,341,343
5.86,342,340
5.92,344,344
5.92,340,339
5.92,341,342
5.92,341,339
5.92,340,340
5.92,337,338
5.93,338,338
5.99,341,340
5.99,338,338
5.99,340,338
5.99,336,337
5.99,342,339
5.99,334,335
6.0,337,338
6.05,335,334
6.05,338,337
6.06,335,333
6.06,337,336
6.06,332,332
6.06,336,336
6.06,334,333
6.12,335,335
6.12,334,332
6.12,332,331
6.12,334,333
6.12,330,330
6.12,333,332
6.13,328,328
6.18,330,331
6.18,329,327
6.18,329,329
6.18,327,325
6.18,330,329
6.18,325,324
6.19,327,327
6.24,323,322
6.24,320,323
6.24,324,323
6.24,323,323
6.24,323,321
6.25,318,321
6.26,322,320
6.32,317,318
6.32,319,318
6.32,317,316
6.32,320,318
6.32,313,313
6.32,316,317
6.32,314,314
6.38,316,315
6.38,312,310
6.38,313,313
6.38,310,309
6.38,311,311
6.38,310,309
6.39,307,308
6.44,309,309
6.44,307,306
6.44,309,308
6.44,307,306
6.44,310,309
6.45,306,305
6.45,310,308
6.51,305,304
6.51,306,307
6.51,301,303
6.51,308,307
6.51,306,305
6.51,308,308
6.52,308,307
6.58,309,310
6.58,311,309
6.58,308,310
6.58,311,310
6.58,309,311
6.58,316,314
6.59,314,312
6.65,318,316
6.65,312,312
6.65,316,318
6.65,316,314
6.65,317,318
6.65,317,316
6.65,319,319
6.71,320,318
6.71,319,319
6.71,320,318
6.71,319,318
6.71,320,321
6.71,320,319
6.72,321,320
6.77,317,318
6.77,322,320
6.77,318,317
6.77,322,320
6.77,317,317
6.77,321,321
6.78,319,317
6.83,318,320
6.83,319,318
6.83,320,320
6.83,321,319
6.83,319,319
6.84,322,320
6.85,320,319
6.91,320,321
6.91,318,317
6.91,320,320
6.91,319,318
6.91,319,320
6.91,318,317
6.91,320,321
6.97,318,317
6.97,318,320
6.97,320,320
6.97,320,322
6.97,320,319
6.97,320,319
6.98,320,318
7.03,318,318
7.03,317,318
7.03,318,318
7.03,319,318
7.03,317,317
7.04,322,319
7.04,318,317
7.1,321,320
7.1,317,317
7.1,320,320
7.1,317,317
7.1,319,319
7.1,317,317
7.11,318,319
7.16,317,316
7.16,317,317
7.16,316,317
7.16,315,316
7.16,316,316
7.17,312,314
7.18,318,317
7.24,314,313
7.24,315,315
7.24,313,312
7.24,316,315
7.24,313,312
7.24,314,314
7.24,311,310
7.3,314,313
7.3,310,310
7.3,312,312
7.3,311,311
7.3,311,312
7.3,312,312
7.31,311,310
7.37,312,311
7.37,310,309
7.37,312,313
7.37,308,310
7.37,314,315
7.37,312,310
7.37,315,315
7.43,313,311
7.43,315,315
7.43,313,313
7.43,317,316
7.43,314,315
7.43,317,317
7.44,318,317
7.49,318,318
7.49,320,319
7.49,315,317
7.49,322,321
7.49,318,318
7.49,321,321
7.5,319,319
7.55,324,324
7.55,321,320
7.55,323,324
7.55,320,321
7.55,326,324
7.56,323,322
7.57,320,322
7.63,325,323
7.63,325,324
7.63,326,325
7.63,322,323
7.63,324,325
7.63,324,323
7.63,324,326
7.69,323,322
7.69,326,325
7.69,322,323
7.69,327,327
7.69,324,323
7.69,327,326
7.7,323,322
7.76,326,325
7.76,324,322
7.76,323,322
7.76,322,320
7.76,322,320
7.76,323,322
7.77,320,320
7.82,322,323
7.82,322,320
7.82,322,322
7.82,319,319
7.82,323,323
7.82,319,318
7.83,323,321
7.9,319,318
7.9,321,320
7.9,319,318
7.9,321,321
7.9,321,320
7.9,320,319
7.9,320,319
7.96,320,318
7.96,318,317
7.96,319,319
7.96,323,321
7.96,316,317
7.96,320,320
7.96,318,316
8.02,322,321
8.02,318,316
8.02,318,319
8.02,314,316
8.02,319,318
8.02,317,314
8.03,316,317
8.08,316,316
8.08,316,315
8.08,317,315
8.08,316,315
8.08,319,317
8.08,316,314
8.09,318,316
8.15,311,313
8.15,317,317
8.15,315,314
8.15,316,318
8.15,317,314
8.15,317,318
8.16,316,315
8.21,317,317
8.21,319,317
8.21,321,320
8.21,321,318
8.21,320,320
8.22,321,320
8.22,320,319
8.29,322,321
8.29,320,319
8.29,326,323
8.29,318,320
8.29,326,324
8.29,321,320
8.29,324,325
8.35,324,322
8.35,325,325
8.35,323,322
8.35,323,325
8.35,324,322
8.35,324,324
8.35,323,325
8.41,324,323
8.41,328,325
8.41,324,323
8.41,325,325
8.41,324,323
8.41,324,325
8.42,321,322
8.48,325,325
8.48,320,322
8.48,325,324
8.48,321,320
8.48,324,324
8.48,320,321
8.49,323,322
8.54,322,321
8.54,323,323
8.54,322,321
8.54,317,320
8.54,321,321
8.54,317,318
8.55,320,321
8.61,319,318
8.61,322,320
8.61,319,317
8.61,321,320
8.61,318,316
8.61,319,319
8.62,316,316
8.68,318,317
8.68,316,317
8.68,314,316
8.68,314,316
8.68,314,317
8.68,320,318
8.68,316,314
8.74,317,317
8.74,314,315
8.74,320,317
8.74,313,312
8.74,318,316
8.74,312,312
8.75,316,316
8.8,313,312
8.8,311,314
8.8,313,312
8.8,313,312
8.8,312,312
8.81,313,312
8.81,315,313
8.87,313,313
8.87,312,313
8.87,312,311
8.87,315,313
8.87,312,310
8.87,314,312
8.88,311,310
8.94,314,313
8.94,309,308
8.94,313,312
8.94,311,309
8.94,310,311
8.94,309,308
8.94,308,309
9.01,310,308
9.01,306,308
9.01,312,310
9.01,309,308
9.01,312,311
9.01,310,307
9.01,309,311
9.07,309,308
9.07,313,312
9.07,309,308
9.07,312,310
9.07,309,308
9.07,314,312
9.08,308,310
9.13,313,312
9.13,314,312
9.13,315,313
9.13,318,315
9.13,313,314
9.13,318,317
9.14,317,317
9.19,318,320
9.19,317,318
9.19,323,322
9.19,318,319
9.19,325,324
9.2,321,322
9.21,326,324
9.27,322,321
9.27,325,325
9.27,325,323
9.27,325,325
9.27,326,325
9.27,324,325
9.27,326,326
9.33,322,325
9.33,325,326
9.33,324,323
9.33,328,327
9.33,323,324
9.33,330,329
9.34,325,326
9.4,330,328
9.4,324,326
9.4,329,328
9.4,326,324
9.4,329,328
9.4,327,327
9.4,328,327
9.46,327,326
9.46,328,326
9.46,329,328
9.46,327,326
9.46,326,328
9.46,326,326
9.47,325,326
9.52,322,324
9.52,329,328
9.52,324,323
9.52,326,327
9.52,324,324
9.53,325,326
9.53,325,322
9.6,325,324
9.6,323,323
9.6,323,324
9.6,324,322
9.6,321,321
9.6,326,324
9.6,322,321
9.66,325,323
9.66,322,320
9.66,325,323
9.66,319,318
9.66,321,320
9.66,318,316
9.67,322,320
9.72,320,316
9.72,318,318
9.72,317,315
9.72,317,317
9.72,316,315
9.72,316,317
9.73,319,316
9.78,314,312
9.78,315,315
9.78,313,313
9.78,316,314
9.78,310,310
9.79,315,314
9.8,310,309
9.85,314,313
9.85,309,308
9.85,310,310
9.85,309,308
9.85,311,310
9.85,310,308
9.86,309,308
9.92,310,310
9.93,310,310
9.93,312,310
9.93,310,309
9.93,309,311
9.93,309,309
9.93,313,312
9.99,309,309
9.99,314,313
9.99,311,310
9.99,314,315
9.99,314,311
9.99,315,315
9.99,314,313
10.05,316,316
10.05,319,317
10.05,317,317
10.05,318,318
10.05,316,317
10.05,320,319
10.06,319,319
10.12,322,321
10.12,320,318
10.12,322,322
10.12,319,318
10.12,320,322
10.12,320,318
10.12,323,324
10.18,320,321
10.18,323,323
10.18,322,321
10.18,324,323
10.18,324,322
10.18,322,321
10.19,324,323
10.24,320,321
10.24,326,324
10.24,322,322
10.24,325,324
10.24,320,320
10.25,323,325
10.26,319,320
10.32,324,324
10.32,322,320
10.32,323,323
10.32,323,322
10.32,324,324
10.32,322,322
10.32,322,322
10.38,324,322
10.38,321,322
10.38,323,323
10.38,320,320
10.38,322,323
10.38,321,321
10.39,326,323
10.44,318,320
10.44,323,322
10.44,320,319
10.44,325,324
10.44,322,321
10.44,321,322
10.45,321,320
10.51,321,321
10.51,319,319
10.51,317,318
10.51,320,320
10.51,316,319
10.51,322,319
10.52,316,317
10.57,319,319
10.57,317,316
10.57,320,319
10.57,315,315
10.57,319,319
10.57,318,317
10.58,317,318
10.65,315,314
10.65,316,317
10.65,316,314
10.65,314,314
10.65,315,314
10.65,316,314
10.65,315,315
10.71,315,314
10.71,313,313
10.71,313,312
10.71,316,314
10.71,313,313
10.71,313,315
10.71,314,312
10.77,317,315
10.77,313,311
10.77,313,315
10.77,315,315
10.77,314,316
10.77,315,314
10.78,316,316
10.84,319,317
10.84,315,315
10.84,320,319
10.84,316,316
10.84,318,319
10.84,317,315
10.85,320,320
10.9,316,317
10.9,322,321
10.9,316,318
10.9,323,322
10.9,321,320
10.9,323,322
10.91,323,322
10.98,323,322
10.98,324,322
10.98,321,322
10.98,325,323
10.98,323,322
10.98,326,325
10.98,321,322
11.04,327,327
11.04,320,321
11.04,325,326
11.04,321,321
11.04,326,327
11.04,321,322
11.04,326,325
11.1,326,323
11.1,325,325
11.1,325,322
11.1,323,323
11.1,323,322
11.1,323,322
11.11,325,323
11.16,321,321
11.16,322,323
11.16,320,321
11.16,325,324
11.16,310,309
11.16,296,293
11.17,276,275
11.23,266,266
11.23,255,253
11.23,249,247
11.23,238,238
11.23,233,232
11.23,229,228
11.24,228,228
11.25,233,233
11.26,236,233
11.27,238,238
11.32,241,241
11.32,250,249
11.32,249,249
11.32,256,256
11.32,257,255
11.32,260,262
11.33,260,261
11.4,266,268
11.4,267,267
11.4,271,273
11.4,275,273
11.4,280,278
11.4,281,281
11.4,286,285
11.46,286,286
11.46,290,289
11.46,297,294
11.46,294,292
11.46,299,299
11.46,298,299
11.46,305,305
11.52,302,302
11.52,309,309
11.52,309,309
11.52,315,315
11.52,315,314
11.52,318,317
11.53,321,319
11.59,321,321
11.59,325,324
11.59,324,326
11.59,330,330
11.59,329,329
11.59,334,335
11.59,333,334
11.65,338,339
11.65,338,336
11.65,340,342
11.65,341,340
11.65,345,344
11.65,344,344
11.66,346,346
11.71,347,346
11.71,351,350
11.71,352,350
11.71,352,351
11.71,353,353
11.72,352,353
11.73,354,356
11.79,353,354
11.79,356,356
11.79,352,353
11.79,358,359
11.79,355,355
11.79,360,359
11.79,356,355
11.85,356,358
11.85,358,356
11.85,357,357
11.85,358,356
11.85,356,357
11.85,359,356
11.86,356,357
11.91,358,356
11.91,355,356
11.91,358,358
11.91,355,355
11.91,355,356
11.91,356,354
11.92,357,356
11.98,353,351
11.98,354,354
11.98,353,353
11.98,355,355
11.98,354,352
11.98,350,351
11.99,349,350
12.04,349,349
12.04,350,349
12.04,346,349
12.04,351,349
12.04,346,346
12.05,349,348
12.05,343,343
12.1,348,347
12.1,343,342
12.1,346,344
12.1,342,341
12.1,342,342
12.11,340,339
12.12,338,338
12.18,339,338
12.18,338,336
12.18,338,336
12.18,335,334
12.18,336,334
12.18,329,330
12.18,333,332
12.24,331,330
12.24,331,331
12.24,328,327
12.24,333,331
12.24,325,325
12.24,328,329
12.25,326,325
12.3,325,324
12.3,325,322
12.3,325,325
12.3,325,323
12.3,322,323
12.31,325,323
12.32,320,320
12.37,325,322
12.37,319,320
12.37,321,321
12.37,318,317
12.37,320,320
12.37,316,316
12.38,322,319
12.44,315,315
12.45,319,317
12.45,315,314
12.45,317,317
12.45,316,316
12.45,318,317
12.45,318,318
12.51,319,317
12.51,318,318
12.51,317,317
12.51,319,318
12.51,314,314
12.51,320,319
12.51,315,315
12.57,319,319
12.57,316,316
12.57,319,320
12.57,318,316
12.57,320,320
12.57,319,317
12.58,318,318
12.63,319,319
12.63,319,319
12.63,321,320
12.63,319,320
12.63,323,322
12.64,321,320
12.64,322,322
12.69,320,320
12.69,324,323
12.7,320,320
12.7,323,322
12.7,319,319
12.7,323,324
12.71,321,320
12.77,323,323
12.77,319,320
12.77,322,321
12.77,322,321
12.77,324,322
12.77,323,323
12.77,321,320
12.83,323,322
12.83,320,320
12.83,324,323
12.84,320,318
12.84,321,321
12.84,317,318
12.84,322,322
12.9,318,318
12.9,320,321
12.9,318,318
12.9,321,321
12.9,321,319
12.9,319,319
12.91,321,318
12.96,319,318
12.96,319,319
12.96,318,317
12.96,318,318
12.96,313,315
12.96,320,317
12.97,316,314
13.02,320,319
13.02,316,315
13.02,319,319
13.02,316,316
13.02,319,318
13.03,318,317
13.04,318,317
13.1,316,316
13.1,315,315
13.1,320,317
13.1,316,317
13.1,319,318
13.1,316,315
13.1,319,317
13.16,312,313
13.16,319,316
13.16,312,312
13.16,315,315
13.16,314,312
13.16,314,314
13.17,311,310
13.22,312,312
13.22,312,310
13.22,313,312
13.22,311,309
13.22,311,310
13.22,311,312
13.23,309,308
13.29,312,312
13.29,309,308
13.29,312,311
13.29,309,308
13.29,312,313
13.29,310,308
13.3,312,312
13.35,308,309
13.35,311,312
13.35,314,311
13.35,309,310
13.35,311,311
13.36,310,312
13.36,313,312
13.43,312,312
13.43,313,314
13.43,313,313
13.43,316,316
13.43,313,314
13.43,320,319
13.43,318,317
13.49,319,320
13.49,317,317
13.49,318,320
13.49,321,320
13.49,324,323
13.49,324,322
13.5,324,324
13.55,323,322
13.55,324,324
13.55,327,324
13.55,322,323
13.55,327,325
13.55,324,323
13.56,326,326
13.62,323,322
13.62,326,326
13.62,325,323
13.62,325,325
13.62,323,322
13.62,326,326
13.63,325,323
13.68,326,325
13.68,325,323
13.68,324,323
13.68,324,325
13.68,320,322
13.68,323,324
13.69,324,323
13.74,324,324
13.74,319,320
13.74,325,324
13.74,320,320
13.74,324,323
13.75,321,319
13.76,321,321
13.82,323,321
13.82,322,322
13.82,321,320
13.82,321,320
13.82,321,319
13.82,318,317
13.82,320,318
13.88,317,317
13.88,318,318
13.88,314,315
13.88,317,317
13.88,315,313
13.88,320,318
13.89,314,314
13.94,315,315
13.94,314,312
13.94,315,314
13.94,314,312
13.94,315,314
13.95,315,313
13.95,311,311
14.01,312,312
14.01,309,310
14.01,313,313
14.01,308,310
14.01,313,313
14.01,311,310
14.02,313,313
14.07,308,310
14.07,313,313
14.07,312,310
14.07,311,312
14.07,312,311
14.08,310,309
14.09,311,311
14.15,309,309
14.15,313,312
14.15,307,306
14.15,311,310
14.15,308,307
14.15,312,311
14.15,310,308
14.21,312,312
14.21,311,309
14.21,313,312
14.21,312,311
14.21,313,312
14.21,314,314
14.22,312,313
14.27,317,316
14.27,313,312
14.27,316,318
14.27,315,315
14.27,319,318
14.27,317,317
14.28,323,322
14.33,316,317
14.33,322,322
14.33,319,318
14.33,322,322
14.33,321,320
14.34,321,321
14.35,323,322
14.4,323,322
14.4,324,323
14.4,320,322
14.4,326,325
14.4,322,322
14.4,327,325
14.41,321,321
14.48,328,328
14.48,321,321
14.48,327,326
14.48,324,323
14.48,325,325
14.48,327,324
14.48,322,324
14.54,328,326
14.54,322,323
14.54,327,326
14.54,322,321
14.54,329,327
14.54,320,321
14.54,329,326
14.6,321,320
14.6,328,326
14.6,321,319
14.6,326,325
14.6,320,319
14.6,324,324
14.61,321,322
14.66,325,324
14.66,323,322
14.66,319,322
14.66,325,323
14.66,319,318
14.67,320,319
14.67,316,315
14.73,319,319
14.73,315,314
14.73,322,321
14.73,316,316
14.73,328,327
14.73,325,324
14.74,326,328
14.8,320,318
14.8,316,314
14.8,307,305
14.8,298,301
14.8,300,298
14.8,302,302
14.81,308,306
14.87,306,307
14.87,313,313
14.87,311,313
14.87,318,318
14.87,311,311
14.87,314,313
14.87,307,306
14.93,310,310
14.93,304,303
14.93,308,310
14.93,311,308
14.93,313,313
14.93,314,312
14.94,310,311
14.99,311,311
14.99,307,307
14.99,308,309
14.99,308,307
14.99,316,313
14.99,310,311
15.0,322,320
15.05,319,318
15.05,325,325
15.05,318,320
15.05,324,323
15.05,316,317
15.06,317,317
15.07,314,311
15.13,316,315
15.13,319,318
15.13,321,323
15.13,329,327
15.13,329,329
15.13,334,333
15.13,331,330
15.19,332,330
15.19,323,323
15.19,330,328
15.19,322,322
15.19,329,330
15.19,327,326
15.2,330,332
15.26,324,325
15.26,329,329
15.26,324,323
15.26,323,323
15.26,327,324
15.26,327,326
15.26,328,329
15.32,326,328
15.32,333,333
15.32,328,328
15.32,333,333
15.32,327,325
15.32,328,328
15.33,321,319
15.38,324,322
15.38,318,317
15.38,323,323
15.38,318,317
15.38,321,322
15.39,323,321
15.4,322,322
15.46,323,322
15.46,319,318
15.46,323,321
15.46,318,317
15.46,324,323
15.46,317,317
15.46,323,322
15.52,315,315
15.52,320,320
15.52,310,312
15.52,316,317
15.52,314,311
15.52,315,317
15.53,313,314
15.58,318,317
15.58,318,315
15.58,312,314
15.58,315,315
15.58,312,312
15.58,318,316
15.59,308,309
15.65,319,318
15.65,309,310
15.65,318,318
15.65,309,309
15.65,317,316
15.65,310,309
15.66,312,312
15.71,307,307
15.71,309,310
15.71,311,308
15.71,309,311
15.71,315,314
15.72,312,315
15.72,321,319
15.79,315,314
15.79,319,317
15.79,308,309
15.79,315,313
15.79,303,302
15.79,308,307
15.79,303,301
15.85,311,311
15.85,309,307
15.85,315,315
15.85,315,313
15.85,314,314
15.85,314,313
15.85,311,312
15.91,315,313
15.91,306,309
15.91,317,316
15.91,311,311
15.91,317,318
15.91,313,312
15.92,317,316
15.97,308,307
15.97,313,313
15.97,305,304
15.97,312,312
15.97,311,308
15.98,313,315
15.99,318,315
16.04,314,317
16.04,323,320
16.04,318,318
16.04,322,322
16.04,316,315
16.04,321,321
16.05,314,312
16.11,320,320
16.11,317,315
16.11,325,324
16.11,318,317
16.11,325,327
16.11,324,323
16.12,326,327
16.18,325,322
16.18,321,321
16.18,320,320
16.18,317,318
16.18,324,321
16.18,317,318
16.18,329,326
16.24,321,320
16.24,329,326
16.24,318,315
16.24,323,323
16.24,313,313
16.24,322,321
16.25,315,314
16.3,323,325
16.3,322,320
16.3,323,326
16.3,326,326
16.3,324,324
16.31,330,327
16.31,319,320
16.36,326,325
16.36,314,314
16.36,325,327
16.36,318,316
16.36,329,328
16.37,316,316
16.38,331,331
16.44,317,315
16.44,326,327
16.44,316,315
16.44,318,321
16.44,323,319
16.44,315,318
16.44,329,325
16.5,315,316
16.5,332,330
16.5,315,316
16.5,331,330
16.5,314,313
16.5,327,325
16.51,310,309
16.57,323,325
16.57,313,312
16.57,324,325
16.57,316,314
16.57,324,324
16.57,322,318
16.58,321,322
16.63,321,318
16.63,316,316
16.63,319,318
16.63,311,312
16.63,321,319
16.63,309,310
16.64,324,322
16.71,310,310
16.71,324,323
16.71,310,312
16.71,323,324
16.71,316,315
16.71,320,323
16.71,315,314
16.77,319,321
16.77,319,315
16.77,318,318
16.77,320,317
16.77,312,316
16.77,319,317
16.77,311,311
16.83,320,319
16.83,311,312
16.83,323,322
16.83,312,312
16.83,324,324
16.83,313,312
16.84,320,322
16.89,318,314
16.89,321,320
16.89,315,313
16.89,319,319
16.89,314,312
16.89,318,319
16.9,315,313
16.96,318,319
16.96,318,316
16.96,317,317
16.96,318,317
16.96,313,315
16.96,322,320
16.97,308,309
17.02,323,322
17.02,315,313
17.02,322,323
17.02,318,315
17.02,317,319
17.03,318,316
17.03,317,318
17.08,319,317
17.08,315,316
17.08,322,321
17.08,313,314
17.08,326,324
17.09,313,312
17.1,324,323
17.16,314,311
17.16,323,323
17.16,314,312
17.16,323,324
17.16,316,315
17.16,324,324
17.16,319,317
17.22,320,323
17.22,321,319
17.22,319,319
17.22,322,318
17.22,313,315
17.22,321,319
17.23,318,319
17.29,320,317
17.29,322,321
17.29,320,318
17.29,319,319
17.29,322,320
17.29,319,320
17.3,321,320
17.35,317,319
17.35,324,323
17.35,316,319
17.35,326,327
17.35,315,316
17.35,331,328
17.36,312,313
17.41,331,330
17.41,305,306
17.41,333,332
17.41,307,305
17.41,330,333
17.42,303,302
17.43,331,332
17.49,307,302
17.49,323,328
17.49,310,304
17.49,318,324
17.49,315,309
17.49,305,314
17.49,320,313
17.55,300,306
17.55,320,315
17.55,275,279
17.55,307,301
17.55,252,252
17.55,293,294
17.56,247,248
17.62,299,302
17.62,261,260
17.62,310,313
17.62,281,277
17.62,311,316
17.62,291,285
17.62,301,307
17.68,295,288
17.68,294,304
17.68,325,318
17.68,308,315
17.68,356,349
17.68,324,331
17.69,391,388
17.74,351,354
17.74,411,412
17.74,362,360
17.74,407,409
17.74,356,353
17.75,388,393
17.75,356,351
17.82,380,386
17.82,373,366
17.82,380,388
17.82,399,392
17.82,387,396
17.82,425,417
17.82,389,396
17.88,440,435
17.88,390,394
17.88,447,444
17.88,389,389
17.88,445,445
17.88,395,391
17.89,438,440
17.95,394,386
17.95,413,416
17.95,366,358
17.95,382,389
17.95,382,375
17.95,383,392
17.95,406,397
18.01,381,389
18.01,430,423
18.01,398,405
18.01,455,449
18.01,400,400
18.01,440,440
18.02,413,416
18.07,511,517
18.07,513,515
18.07,591,596
18.07,578,574
18.07,631,631
18.07,634,632
18.08,633,633
18.14,632,631
18.14,603,597
18.14,547,538
18.14,496,495
18.14,506,498
18.14,446,449
18.15,531,536
18.21,519,522
18.21,608,613
18.21,590,585
18.21,611,615
18.21,558,548
18.21,543,545
18.21,479,468
18.28,464,469
18.28,439,428
18.28,412,419
18.28,411,401
18.28,369,376
18.28,402,392
18.28,348,352
18.34,388,384
18.34,329,330
18.34,363,362
18.34,291,287
18.34,319,319
18.34,265,259
18.34,295,296
18.4,243,237
18.4,267,272
18.4,247,240
18.4,258,262
18.4,248,241
18.4,227,233
18.41,216,202
18.46,146,152
18.46,180,173
18.46,137,143
18.46,205,204
18.46,157,158
18.47,227,226
18.48,176,175
18.53,243,244
18.53,199,197
18.53,254,261
18.53,223,216
18.53,256,264
18.53,261,254
18.54,276,285
18.61,302,292
18.61,285,295
18.61,324,318
18.61,295,302
18.61,359,353
18.61,319,323
18.61,397,397
18.67,358,360
18.67,434,437
18.67,394,392
18.67,460,466
18.67,430,425
18.67,474,483
18.67,460,452
18.73,473,482
18.73,483,472
18.73,472,480
18.73,495,486
18.73,454,462
18.73,505,496
18.74,445,452
18.79,508,505
18.79,447,448
18.79,512,513
18.79,452,449
18.79,507,510
18.8,460,455
18.81,505,509
18.82,470,462
18.82,491,500
18.83,477,468
18.89,478,487
18.89,490,478
18.89,463,471
18.89,492,484
18.89,451,458
18.89,505,499
18.9,445,449
18.95,510,506
18.95,442,441
18.95,499,502
18.95,445,439
18.95,493,497
18.96,444,436
18.96,476,483
19.03,449,440
19.03,457,463
19.03,444,434
19.03,427,438
19.03,443,433
19.03,406,416
19.03,442,432
19.09,384,392
19.09,437,429
19.09,372,375
19.09,424,423
19.09,358,355
19.09,384,382
19.09,313,309
19.15,355,356
19.15,305,298
19.15,331,335
19.15,298,289
19.15,297,306
19.15,291,281
19.16,276,283
19.21,292,283
19.21,260,269
19.21,290,281
19.21,259,267
19.21,313,306
19.22,232,232
19.23,288,286
19.28,217,216
19.28,277,278
19.28,222,217
19.28,263,269
19.28,231,223
19.28,252,259
19.29,238,229
19.35,238,246
19.35,245,237
19.35,224,233
19.35,256,249
19.35,213,218
19.35,262,253
19.36,202,205
19.42,264,261
19.42,217,217
19.42,287,289
19.42,243,241
19.42,306,310
19.42,276,272
19.42,325,332
19.48,310,304
19.48,333,342
19.48,337,331
19.48,339,350
19.48,367,359
19.48,334,341
19.49,370,361
19.54,330,339
19.54,383,375
19.54,291,293
19.54,355,353
19.54,287,287
19.54,343,349
19.55,294,291
19.61,342,348
19.61,325,320
19.61,351,360
19.61,342,336
19.61,344,351
19.61,344,334
19.62,305,313
19.68,314,302
19.68,269,279
19.68,335,330
19.68,286,291
19.68,363,361
19.68,315,315
19.68,377,378
19.74,322,321
19.74,396,403
19.75,381,377
19.75,454,466
19.75,491,488
19.75,525,533
19.75,515,502
19.81,476,483
19.81,462,447
19.81,383,387
19.81,389,378
19.81,325,331
19.81,363,356
19.82,287,289
19.87,330,325
19.87,254,249
19.87,294,290
19.87,211,204
19.87,226,228
19.87,153,142
19.88,183,192
19.93,178,169
19.93,188,194
19.93,196,189
19.93,184,196
19.93,220,210
19.94,178,186
19.95,233,225
20.01,177,181
20.01,246,243
20.01,207,211
20.01,297,297
20.01,241,240
20.01,306,309
20.01,263,260
20.07,314,321
20.07,287,282
20.07,319,327
20.07,318,310
20.07,327,336
20.07,347,338
20.08,331,340
20.13,370,363
20.13,330,338
20.13,388,383
20.13,339,342
20.13,406,404
20.13,351,352
20.14,421,422
20.2,369,366
20.2,428,432
20.2,389,384
20.2,423,430
20.2,396,390
20.2,414,422
20.21,415,406
20.26,413,422
20.26,447,440
20.26,424,434
20.26,483,475
20.26,438,445
20.27,531,532
20.27,508,509
20.34,597,601
20.34,580,581
20.34,633,632
20.34,632,633
20.34,634,634
20.34,635,635
20.34,636,635
20.4,634,635
20.4,636,636
20.4,635,636
20.4,637,636
20.4,635,636
20.4,638,636
20.4,637,636
20.46,637,636
20.46,637,636
20.46,636,636
20.46,634,636
20.46,638,636
20.46,636,636
20.47,636,637
20.52,635,636
20.53,637,636
20.53,636,636
20.53,638,637
20.53,637,636
20.53,637,636
20.54,638,636
20.59,637,636
20.59,636,637
20.59,636,636
20.59,636,636
20.59,637,636
20.59,635,637
20.6,636,636
20.67,637,636
20.67,638,637
20.67,636,636
20.67,637,636
20.67,637,637
20.67,637,636
20.67,636,637
20.73,635,636
20.73,637,636
20.73,638,636
20.73,635,636
20.73,636,636
20.73,637,636
20.73,637,636
20.79,636,636
20.79,638,636
20.79,635,636
20.79,638,637
20.79,638,636
20.79,635,636
20.8,637,636
20.85,638,636
20.85,635,635
20.85,636,634
20.85,634,634
20.85,634,633
20.86,629,627
20.86,609,600
20.92,538,541
20.92,590,586
20.92,513,512
20.92,572,572
20.92,502,496
20.92,550,552
20.93,502,494
20.99,535,542
20.99,519,510
20.99,521,530
20.99,519,508
20.99,500,511
20.99,542,533
20.99,546,560
21.06,629,627
21.06,627,629
21.06,634,633
21.06,633,632
21.06,631,632
21.06,622,618
21.06,620,619
21.12,555,550
21.12,588,592
21.12,546,536
21.12,548,553
21.12,504,490
21.12,498,511
21.13,502,485
21.18,445,453
21.18,479,467
21.18,416,421
21.18,465,457
21.18,393,395
21.18,441,435
21.19,325,320
21.24,344,341
21.24,260,257
21.24,290,294
21.24,231,221
21.24,250,253
21.25,204,197
21.26,207,214
21.32,197,186
21.32,177,185
21.32,189,177
21.32,139,148
21.32,176,168
21.32,115,120
21.32,176,169
21.38,100,101
21.38,157,154
21.38,73,69
21.38,108,115
21.38,72,62
21.38,35,41
21.38,66,61
21.45,0,0
21.45,2,3
21.45,7,1
21.45,0,0
21.45,0,0
21.45,0,0
21.45,0,0
21.45,0,0
21.45,0,0
21.45,0,0
21.45,0,0
21.45,0,0
21.45,0,0
21.45,0,0
21.46,0,0
21.51,0,0
21.51,0,0
21.51,0,0
21.51,0,0
21.51,0,0
21.51,0,0
21.51,0,0
21.51,0,0
21.51,0,0
21.51,0,0
21.51,0,0
21.57,0,0
21.57,0,0
21.57,0,0
21.57,0,0
21.57,0,0
21.57,0,0
21.57,0,0
21.57,0,0
21.57,0,0
21.57,0,0
21.63,0,0
21.63,0,0
21.63,0,0
21.63,0,0
21.63,0,0
21.63,0,0
21.63,0,0
21.63,0,0
21.69,0,0
21.69,0,0
21.69,0,0
21.69,0,0
21.69,0,0
21.69,0,0
21.69,0,0
21.69,0,0
21.7,0,0
21.76,0,0
21.76,0,0
21.76,0,0
21.76,0,0
21.76,0,0
21.76,23,25
21.76,0,0
21.76,7,16
21.76,49,45
21.76,2,0
21.82,37,47
21.82,62,52
21.82,10,8
21.82,60,69
21.82,54,44
21.82,16,20
21.82,81,85
21.83,51,44
21.83,40,50
21.84,102,101
21.85,52,45
21.85,68,75
21.91,98,89
21.91,33,33
21.91,80,87
21.91,86,73
21.91,31,33
21.91,88,94
21.91,68,58
21.92,44,53
21.92,112,112
21.93,68,60
21.94,72,84
21.99,115,109
21.99,51,48
21.99,90,101
21.99,116,105
21.99,59,62
21.99,120,129
22.0,112,102
22.01,81,89
22.01,148,150
22.07,108,100
22.07,107,119
22.07,163,158
22.07,106,102
22.07,140,150
22.07,165,155
22.08,114,114
22.13,170,177
22.13,156,148
22.13,127,133
22.13,190,191
22.13,146,138
22.14,152,161
22.15,198,195
22.2,146,141
22.2,184,194
22.2,207,199
22.2,156,161
22.2,220,227
22.2,211,200
22.21,185,193
22.26,254,250
22.26,192,193
22.26,261,261
22.26,200,198
22.26,260,263
22.27,212,210
22.28,261,268
22.34,238,229
22.34,259,268
22.34,254,244
22.34,249,259
22.35,268,258
22.35,244,254
22.35,289,280
22.42,244,251
22.42,303,296
22.42,242,243
22.42,304,301
22.42,248,247
22.42,312,312
22.42,262,258
22.42,317,322
22.43,278,273
22.44,313,318
22.44,290,283
22.5,305,312
22.5,306,296
22.5,299,307
22.5,323,315
22.5,284,291
22.5,325,318
22.51,272,277
22.57,330,325
22.57,270,269
22.57,330,331
22.57,279,276
22.57,335,339
22.57,289,284
22.58,332,337
22.64,301,293
22.64,326,334
22.64,315,306
22.64,324,333
22.64,335,325
22.64,313,324
22.64,355,348
22.7,319,327
22.7,373,367
22.7,320,325
22.7,386,383
22.7,326,323
22.7,367,366
22.71,280,276
22.76,324,329
22.76,277,270
22.76,316,321
22.76,293,287
22.76,320,332
22.76,331,323
22.77,338,350
22.82,368,359
22.82,347,354
22.82,386,379
22.82,342,352
22.82,423,421
22.83,381,386
22.84,477,481
22.9,451,451
22.9,555,565
22.9,549,545
22.9,615,623
22.9,605,598
22.9,623,626
22.9,583,569
22.97,556,566
22.97,584,575
22.97,563,575
22.97,613,605
22.97,571,579
22.97,628,621
22.97,550,547
23.03,538,530
23.03,472,471
23.03,503,494
23.03,377,378
23.03,401,381
23.03,68,41
23.03,0,0
23.03,0,0
23.04,0,0
23.09,0,0
23.09,0,0
23.09,0,0
23.09,0,0
23.09,0,2
23.09,125,150
23.09,266,266
23.1,222,215
23.1,251,266
23.11,332,331
23.12,285,284
23.13,329,338
23.14,353,344
23.15,308,316
23.2,387,385
23.2,327,330
23.2,399,403
23.2,371,371
23.2,458,463
23.21,420,413
23.21,462,468
23.28,435,426
23.28,460,469
23.28,454,445
23.28,463,477
23.28,498,490
23.28,489,503
23.28,569,566
23.34,537,544
23.34,599,595
23.34,558,564
23.34,629,628
23.34,601,602
23.34,631,632
23.35,631,632
23.4,635,633
23.4,636,634
23.4,636,635
23.4,635,635
23.4,636,635
23.4,635,635
23.41,636,635
23.47,637,635
23.47,634,635
23.47,635,635
23.47,633,635
23.47,637,635
23.47,634,636
23.48,637,635
23.54,635,635
23.54,636,635
23.54,634,635
23.54,634,635
23.54,637,635
23.54,634,635
23.54,636,635
23.6,637,635
23.6,635,635
23.6,637,635
23.6,636,635
23.6,636,634
23.6,635,633
23.61,632,632
23.67,633,631
23.67,616,610
23.67,623,622
23.67,565,562
23.67,614,614
23.67,550,543
23.67,584,590
23.73,549,540
23.73,556,566
23.73,546,537
23.73,524,534
23.73,535,523
23.73,493,501
23.74,530,520
23.79,469,476
23.79,525,518
23.79,454,457
23.79,520,517
23.79,449,447
23.8,506,508
23.8,445,442
23.85,497,502
23.85,460,452
23.86,488,494
23.86,450,440
23.86,457,467
23.86,469,458
23.87,452,460
23.93,475,465
23.93,427,433
23.93,465,454
23.93,385,387
23.93,438,433
23.93,363,364
23.94,428,428
24.0,371,369
24.0,437,441
24.0,404,400
24.0,463,470
24.0,444,435
24.0,464,471
24.0,443,432
24.06,422,427
24.06,415,404
24.06,375,382
24.06,411,401
24.06,360,367
24.06,402,389
24.07,275,274
24.12,317,312
24.12,244,241
24.12,294,293
24.12,216,209
24.12,229,232
24.12,155,145
24.13,164,165
24.2,51,32
24.2,0,0
24.2,0,0
24.2,0,0
24.2,0,0
24.2,0,0
24.2,0,0
24.2,0,0
24.2,0,0
24.2,0,0
24.2,0,0
24.2,0,0
24.2,0,0
24.26,0,0
24.26,0,0
24.26,0,0
24.26,0,0
24.26,0,0
24.26,0,0
24.26,0,0
24.26,0,0
24.26,0,0
24.26,0,0
24.26,0,0
24.32,0,0
24.32,0,0
24.32,0,0
24.32,0,0
24.32,0,0
24.32,0,0
24.32,0,0
24.32,0,0
24.32,0,0
24.32,0,0
24.32,0,0
24.32,0,0
24.38,0,0
24.38,0,0
24.38,0,0
24.38,0,0
24.38,0,0
24.38,0,0
24.38,0,0
24.38,0,0
24.45,0,0
24.45,0,0
24.45,0,0
24.45,0,0
24.45,0,0
24.45,0,0
24.45,0,0
24.45,0,0
24.45,0,0
24.51,0,0
24.51,0,0
24.51,0,0
24.51,0,0
24.51,0,0
24.51,0,0
24.51,0,0
24.51,0,0
24.51,19,23
24.52,23,19
24.53,39,47
24.53,84,81
24.59,34,31
24.59,72,80
24.59,96,86
24.59,34,34
24.59,92,99
24.59,92,82
24.59,45,53
24.59,119,123
24.6,93,84
24.61,84,94
24.62,151,151
24.63,98,91
24.64,116,124
24.64,157,152
24.69,96,95
24.69,141,146
24.69,139,126
24.69,86,88
24.69,147,150
24.7,111,101
24.71,87,97
24.71,148,146
24.72,93,85
24.73,107,116
24.74,145,138
24.8,81,78
24.8,126,134
24.8,141,132
24.8,104,107
24.8,175,180
24.8,158,148
24.8,144,156
24.81,218,219
24.82,174,169
24.88,205,216
24.88,252,247
24.88,205,205
24.88,264,273
24.88,276,268
24.88,247,252
24.89,318,325
24.94,301,295
24.94,305,315
24.94,371,370
24.94,326,328
24.94,409,411
24.94,369,365
24.95,432,440
25.01,406,401
25.01,452,463
25.01,451,442
25.01,466,478
25.01,491,480
25.01,484,495
25.02,529,518
25.07,491,502
25.07,564,557
25.07,506,511
25.07,586,583
25.07,523,524
25.07,601,604
25.08,538,537
25.15,606,610
25.15,561,553
25.15,601,608
25.15,573,564
25.15,593,603
25.15,591,579
25.15,582,592
25.21,606,597
25.21,576,588
25.21,623,614
25.21,569,576
25.21,626,619
25.21,561,563
25.21,626,624
25.27,562,562
25.27,628,627
25.27,574,569
25.27,621,624
25.27,571,565
25.27,601,609
25.28,572,563
25.33,577,585
25.33,575,563
25.33,551,563
25.33,579,569
25.33,532,540
25.34,582,573
25.34,517,522
25.41,580,573
25.41,505,504
25.41,561,558
25.41,478,474
25.41,522,525
25.41,460,453
25.41,498,504
25.47,460,450
25.47,477,486
25.47,461,450
25.47,447,456
25.47,450,438
25.47,415,422
25.48,445,434
25.54,390,398
25.54,442,435
25.54,366,366
25.54,393,383
25.54,271,267
25.54,303,298
25.54,176,165
25.6,136,134
25.6,39,28
25.6,27,34
25.6,32,19
25.6,0,0
25.6,0,0
25.6,0,0
25.6,0,0
25.6,0,0
25.66,1,0
25.66,0,0
25.66,0,0
25.66,0,0
25.66,0,0
25.66,0,0
25.66,0,0
25.66,0,0
25.66,0,0
25.66,0,0
25.66,0,0
25.72,0,0
25.72,0,0
25.72,0,0
25.72,0,0
25.72,0,0
25.72,0,0
25.72,0,0
25.72,0,0
25.72,0,0
25.72,0,0
25.72,0,0
25.72,0,0
25.73,0,0
25.73,0,0
25.73,0,0
25.78,0,0
25.78,0,0
25.78,0,0
25.78,0,0
25.78,0,0
25.78,0,0
25.78,0,0
25.79,0,0
25.85,0,0
25.85,0,0
25.85,0,0
25.85,0,0
25.85,0,0
25.85,0,0
25.85,0,0
25.85,0,0
25.91,0,0
25.91,0,0
25.91,0,0
25.91,0,0
25.91,0,0
25.91,0,0
25.91,0,0
25.91,0,0
25.91,0,0
25.91,0,0
25.97,0,0
25.97,0,0
25.97,0,0
25.97,68,79
25.97,100,86
25.97,41,44
25.97,122,133
25.98,130,122
26.03,108,115
26.03,195,200
26.03,169,163
26.03,185,198
26.03,265,266
26.04,225,222
26.04,276,289
26.1,323,314
26.1,281,283
26.1,359,366
26.1,363,355
26.1,341,351
26.1,426,431
26.11,402,397
26.17,418,430
26.17,490,488
26.17,444,441
26.17,496,508
26.17,543,534
26.17,496,498
26.18,575,587
26.24,584,576
26.24,562,570
26.24,632,631
26.24,629,629
26.24,631,633
26.24,634,634
26.24,635,635
26.3,637,635
26.3,636,636
26.3,636,635
26.3,637,636
26.3,637,636
26.3,635,637
26.31,637,636
26.36,635,637
26.36,637,636
26.36,636,636
26.36,637,636
26.36,635,636
26.36,638,637
26.37,637,637
26.42,637,637
26.42,636,636
26.42,638,636
26.42,636,636
26.42,637,636
26.43,636,637
26.44,638,636
26.5,635,637
26.5,638,636
26.5,638,637
26.5,636,637
26.5,637,637
26.5,636,636
26.5,637,637
26.57,636,637
26.57,634,637
26.57,636,636
26.57,635,636
26.57,638,636
26.57,638,636
26.57,635,636
26.63,637,636
26.63,636,637
26.63,639,636
26.63,636,637
26.63,637,636
26.63,637,636
26.63,638,637
26.69,637,636
26.69,638,636
26.69,637,636
26.69,638,636
26.69,636,637
26.69,636,636
26.7,637,636
26.75,636,636
26.75,637,637
26.75,638,636
26.75,637,636
26.75,635,636
26.76,635,636
26.77,637,637
26.82,638,636
26.82,636,636
26.82,636,635
26.82,611,590
26.82,370,354
26.82,338,346
26.83,337,323
26.9,205,205
26.9,255,254
26.9,165,160
26.9,206,205
26.9,134,125
26.9,158,164
26.9,105,93
26.91,102,113
26.96,109,98
26.96,67,73
26.96,122,120
26.96,48,45
26.96,86,95
26.96,81,69
26.96,28,32
26.97,90,91
27.02,50,37
27.02,25,35
27.02,81,77
27.02,13,8
27.02,27,37
27.02,63,55
27.02,6,3
27.02,51,62
27.03,61,49
27.04,7,9
27.04,68,74
27.05,48,36
27.11,13,23
27.11,78,78
27.11,30,22
27.11,29,39
27.11,76,69
27.11,0,0
27.11,13,21
27.11,41,34
27.11,0,0
27.12,27,32
27.13,22,13
27.13,0,0
27.14,26,30
27.14,5,0
27.15,0,0
27.21,27,27
27.21,0,0
27.21,0,1
27.21,20,15
27.21,0,0
27.21,0,0
27.21,0,0
27.21,0,0
27.21,0,0
27.21,0,0
27.21,0,0
27.27,0,0
27.27,0,0
27.27,0,0
27.27,0,0
27.27,0,0
27.27,0,0
27.27,21,21
27.27,0,0
27.27,17,24
27.27,43,38
27.27,0,0
27.28,40,49
27.29,48,36
27.29,0,2
27.3,58,64
27.31,36,27
27.36,12,18
27.36,75,75
27.36,28,21
27.36,32,42
27.36,84,79
27.36,24,19
27.36,59,69
27.37,89,81
27.37,35,34
27.43,90,98
27.43,87,76
27.43,45,53
27.43,114,118
27.43,81,72
27.43,71,81
27.43,131,130
27.44,84,78
27.45,115,126
27.45,157,150
27.46,103,101
27.52,153,162
27.52,156,146
27.52,116,121
27.52,183,189
27.52,160,150
27.52,165,177
27.53,238,237
27.58,192,187
27.58,224,237
27.58,267,260
27.58,219,221
27.58,274,281
27.58,268,263
27.59,251,257
27.64,316,319
27.64,285,277
27.64,284,295
27.64,342,335
27.64,312,320
27.65,373,366
27.66,317,321
27.72,390,389
27.72,326,327
27.72,387,388
27.72,345,342
27.72,418,423
27.72,387,384
27.72,454,464
27.78,462,453
27.78,488,498
27.78,506,497
27.78,504,516
27.78,559,553
27.78,529,538
27.79,597,590
27.85,555,559
27.85,626,625
27.85,585,587
27.85,630,630
27.85,618,617
27.85,631,631
27.86,628,628
27.91,631,632
27.91,634,633
27.91,634,633
27.91,584,546
27.91,173,154
27.91,0,0
27.91,0,0
27.97,0,0
27.97,0,0
27.97,0,0
27.97,0,0
27.97,0,0
27.97,0,0
27.97,56,79
27.97,230,250
27.97,408,434
28.03,563,570
28.03,613,622
28.03,632,632
28.03,634,632
28.03,634,634
28.03,636,634
28.04,636,634
28.1,633,634
28.1,635,635
28.1,635,635
28.1,637,636
28.1,636,636
28.1,635,635
28.1,637,637
28.16,637,636
28.16,638,636
28.16,637,636
28.16,637,636
28.16,637,635
28.16,636,636
28.17,637,636
28.22,638,636
28.22,636,636
28.22,637,636
28.22,637,637
28.22,635,635
28.22,636,637
28.23,636,636
28.28,638,636
28.28,638,636
28.28,636,636
28.28,637,636
28.28,637,636
28.29,637,635
28.3,636,635
28.36,637,635
28.36,634,635
28.36,637,636
28.36,637,636
28.36,637,635
28.36,632,632
28.36,627,623
28.43,518,507
28.43,539,549
28.43,525,511
28.43,483,492
28.43,492,476
28.43,410,415
28.43,429,416
28.49,318,318
28.49,335,327
28.49,256,253
28.49,299,295
28.49,219,216
28.49,258,260
28.49,182,174
28.55,203,206
28.55,147,138
28.55,153,161
28.55,129,117
28.55,114,123
28.55,121,109
28.56,86,97
28.57,137,132
28.58,61,60
28.58,109,113
28.64,55,46
28.64,54,61
28.64,91,83
28.64,22,19
28.64,58,68
28.64,69,56
28.64,13,16
28.64,74,79
28.71,48,36
28.71,18,26
28.71,73,73
28.71,15,7
28.71,19,26
28.71,50,44
28.71,0,0
28.71,7,11
28.71,22,15
28.77,0,0
28.77,28,34
28.77,25,16
28.77,0,5
28.77,60,64
28.77,25,17
28.77,17,28
28.77,74,73
28.77,19,12
28.83,42,53
28.83,86,80
28.83,33,29
28.83,85,94
28.83,102,91
28.83,57,60
28.83,122,128
28.83,96,87
28.89,68,78
28.89,131,130
28.89,80,71
28.89,90,102
28.89,142,134
28.89,98,104
28.89,182,184
28.9,133,134
28.9,206,210
28.95,155,148
28.95,202,209
28.95,162,155
28.95,199,207
28.95,195,186
28.96,213,224
28.97,239,228
29.03,222,231
29.03,252,242
29.03,192,202
29.03,240,233
29.03,179,183
29.03,249,247
29.03,196,199
29.09,277,279
29.09,233,231
29.09,304,309
29.09,267,262
29.09,316,324
29.09,292,285
29.1,316,323
29.16,303,293
29.16,293,303
29.16,310,299
29.16,281,290
29.16,328,320
29.16,288,294
29.17,347,341
29.22,290,292
29.22,350,349
29.22,288,288
29.22,348,350
29.22,294,291
29.22,346,350
29.23,304,297
29.3,334,339
29.3,300,292
29.3,306,314
29.3,300,291
29.3,285,296
29.3,319,309
29.3,293,303
29.36,352,347
29.36,302,308
29.36,350,344
29.36,263,261
29.36,303,301
29.36,240,238
29.36,311,315
29.42,288,287
29.42,368,378
29.42,363,357
29.42,392,397
29.42,356,345
29.42,328,334
29.43,319,308
29.48,298,308
29.48,354,347
29.48,332,340
29.48,398,391
29.48,336,339
29.49,387,384
29.49,313,313
29.56,376,376
29.56,323,323
29.56,394,400
29.56,365,359
29.56,411,418
29.56,382,373
29.56,375,378
29.62,318,303
29.62,282,289
29.62,295,284
29.62,271,281
29.62,342,337
29.62,336,347
29.62,438,437
29.68,401,404
29.68,476,476
29.68,387,382
29.68,411,411
29.68,338,332
29.68,374,378
29.69,340,332
29.75,383,391
29.75,388,380
29.75,409,421
29.75,429,420
29.75,405,414
29.75,418,407
29.76,366,374
29.81,419,412
29.81,363,369
29.81,436,432
29.81,379,379
29.81,446,445
29.81,380,377
29.82,430,434
29.89,376,373
29.89,419,424
29.89,388,380
29.89,407,414
29.89,391,382
29.89,380,390
29.89,394,383
29.95,360,370
29.95,408,398
29.95,359,367
29.95,426,421
29.95,358,359
29.95,417,414
29.95,342,341
30.01,406,406
30.01,355,351
30.01,418,424
30.01,382,376
30.01,408,416
30.01,370,358
30.02,352,358
30.07,339,327
30.07,324,336
30.07,371,363
30.07,355,367
30.07,441,434
30.08,394,400
30.08,451,444
30.14,347,344
30.14,378,375
30.14,299,297
30.14,358,361
30.14,326,324
30.14,391,398
30.15,368,362
30.21,390,397
30.21,362,348
30.21,328,334
30.21,274,257
30.21,207,214
30.21,237,226
30.21,186,193
30.27,248,243
30.27,189,191
30.27,250,246
30.27,175,174
30.27,232,233
30.27,162,159
30.28,212,215
30.34,163,155
30.34,194,202
30.34,168,158
30.34,174,183
30.34,169,159
30.34,149,157
30.35,171,160
30.4,125,132
30.4,167,156
30.4,98,102
30.4,155,154
30.4,88,88
30.4,142,152
30.46,127,120
30.46,162,174
30.46,183,173
30.46,175,185
30.46,201,189
30.46,159,168
30.46,209,203
30.53,160,168
30.53,237,233
30.53,174,176
30.53,235,233
30.53,158,155
30.53,194,194
30.53,113,102
30.59,126,130
30.59,83,74
30.59,85,95
30.59,133,128
30.59,66,69
30.59,118,122
30.59,54,46
30.65,55,62
30.65,76,67
30.65,7,4
30.65,53,62
30.65,81,73
30.65,65,69
30.65,144,149
30.65,121,112
30.66,129,137
30.72,117,105
30.72,89,97
30.72,135,133
30.72,84,89
30.72,158,165
30.72,129,124
30.72,173,180
30.78,149,139
30.78,158,168
30.78,167,159
30.78,173,185
30.78,214,205
30.78,186,195
30.78,239,229
30.84,178,185
30.84,243,237
30.84,186,187
30.84,258,259
30.84,208,208
30.84,284,287
30.85,240,236
30.9,290,295
30.9,242,233
30.9,269,277
30.9,260,253
30.9,284,294
30.91,312,303
30.91,310,322
30.97,356,347
30.97,324,332
30.97,383,374
30.97,334,339
30.97,407,407
30.97,360,363
30.98,439,440
31.04,386,382
31.04,438,443
31.04,386,381
31.04,427,434
31.04,399,392
31.04,435,446
31.05,453,444
31.11,459,471
31.11,490,480
31.11,456,465
31.11,500,490
31.11,433,439
31.11,498,491
31.11,428,429
31.17,487,484
31.17,415,411
31.17,470,474
31.17,414,409
31.17,463,466
31.17,407,398
31.18,420,425
31.23,379,369
31.23,371,379
31.23,361,350
31.23,332,343
31.23,368,359
31.23,329,336
31.24,373,364
31.29,301,303
31.29,345,338
31.29,266,265
31.29,320,320
31.29,256,252
31.3,307,310
31.31,249,242
31.37,286,289
31.37,241,232
31.37,256,265
31.37,245,237
31.37,245,255
31.37,271,259
31.37,251,261
31.43,294,284
31.43,247,252
31.43,300,292
31.43,231,235
31.43,287,285
31.43,225,223
31.44,290,290
31.5,219,215
31.5,263,268
31.5,216,208
31.5,243,251
31.5,213,203
31.5,213,219
31.5,200,189
31.56,178,188
31.56,203,191
31.56,162,172
31.56,228,221
31.56,186,193
31.56,272,268
31.57,214,216
31.62,278,277
31.62,209,206
31.62,265,263
31.62,151,140
31.62,179,185
31.63,154,147
31.64,179,186
31.69,156,145
31.69,139,146
31.69,138,124
31.69,101,110
31.69,142,132
31.69,96,107
31.7,168,166
31.71,104,103
31.76,168,169
31.76,100,98
31.76,149,155
31.76,108,101
31.76,133,141
31.77,123,112
31.77,123,132
31.79,148,138
31.8,140,153
31.8,208,200
31.81,182,193
31.87,258,250
31.87,179,181
31.87,210,204
31.87,119,116
31.87,177,179
31.87,135,136
31.88,226,234
31.94,202,199
31.94,276,285
31.94,263,254
31.94,255,259
31.94,222,209
31.94,195,204
31.94,225,217
32.0,223,237
32.0,308,301
32.0,265,271
32.0,329,324
32.0,261,260
32.0,307,306
32.01,248,248
32.06,322,328
32.06,296,293
32.06,354,360
32.06,310,300
32.06,320,325
32.07,286,274
32.07,288,299
32.12,319,312
32.12,320,333
32.12,364,353
32.12,302,308
32.12,325,315
32.13,247,251
32.14,309,304
32.2,253,255
32.2,345,347
32.2,322,323
32.2,404,407
32.2,353,345
32.2,355,356
32.2,291,280
32.26,289,296
32.26,275,264
32.26,289,301
32.26,330,319
32.26,302,313
32.26,367,359
32.27,322,325
32.33,359,352
32.33,283,283
32.33,333,329
32.33,267,267
32.33,325,327
32.33,269,265
32.34,309,312
32.39,240,232
32.39,257,264
32.39,240,232
32.39,260,271
32.39,279,268
32.39,273,283
32.4,303,291
32.47,254,263
32.47,300,291
32.47,243,251
32.47,336,334
32.47,294,298
32.47,376,375
32.47,301,298
32.53,345,348
32.53,294,290
32.53,345,354
32.53,340,338
32.53,389,397
32.53,378,368
32.53,374,381
32.59,365,353
32.59,335,345
32.59,383,374
32.59,344,352
32.59,412,405
32.59,348,351
32.6,405,402
32.65,325,323
32.65,377,378
32.65,318,315
32.65,374,378
32.65,330,326
32.66,374,380
32.66,349,339
32.71,354,360
32.71,338,328
32.71,319,328
32.71,338,326
32.71,301,311
32.72,352,344
32.73,302,310
32.79,370,365
32.79,309,312
32.79,375,372
32.79,302,298
32.79,349,350
32.79,292,287
32.79,341,347
32.86,311,305
32.86,346,354
32.86,327,316
32.86,323,331
32.86,320,310
32.86,285,296
32.86,322,310
32.92,277,284
32.92,331,323
32.92,273,278
32.92,336,333
32.92,268,269
32.92,333,333
32.93,275,273
32.98,331,335
32.98,285,279
32.98,325,331
32.98,291,284
32.98,307,315
32.98,302,292
32.99,299,308
33.04,321,312
33.04,292,301
33.04,335,326
33.04,282,289
33.04,339,334
33.05,275,277
33.06,336,335
33.12,273,272
33.12,333,335
33.12,282,278
33.12,331,337
33.12,289,282
33.12,320,328
33.12,299,290
33.19,304,312
33.19,305,293
33.19,280,290
33.19,309,297
33.19,268,278
33.19,354,350
33.19,323,329
33.25,408,406
33.25,352,353
33.25,409,407
33.25,324,320
33.25,364,364
33.25,210,174
33.25,0,0
33.31,0,0
33.31,0,0
33.31,0,0
33.31,0,0
33.31,0,0
33.31,0,0
33.31,0,0
33.31,0,0
33.31,0,0
33.31,0,0
33.31,0,0
33.37,0,0
33.37,0,0
33.37,0,0
33.37,0,0
33.37,0,0
33.37,0,0
33.37,0,0
33.37,0,0
33.37,0,0
33.37,0,0
33.37,0,0
33.37,0,0
33.38,0,0
33.38,0,0
33.38,0,0
33.43,0,0
33.43,0,0
33.43,0,0
33.44,0,0
33.44,125,156
33.44,246,238
33.44,211,218
33.5,303,314
33.5,319,315
33.5,351,364
33.5,432,433
33.5,408,407
33.5,468,480
33.5,519,511
33.56,479,482
33.56,554,563
33.56,565,558
33.56,553,563
33.56,631,631
33.56,631,631
33.56,632,633
33.62,635,633
33.62,634,633
33.62,634,634
33.62,634,635
33.62,635,635
33.62,633,635
33.63,636,635
33.68,635,635
33.68,636,635
33.68,636,635
33.68,636,636
33.68,636,635
33.69,636,636
33.7,636,635
33.75,636,636
33.75,637,635
33.75,636,636
33.75,636,636
33.75,635,636
33.75,637,636
33.76,635,635
33.81,636,635
33.81,635,635
33.81,635,636
33.81,635,635
33.81,634,635
33.82,635,635
33.83,634,633
33.89,634,634
33.89,632,632
33.89,630,629
33.89,477,459
33.89,458,463
33.89,392,383
33.89,414,424
33.95,394,386
33.95,391,395
33.95,341,325
33.95,297,302
33.95,271,254
33.95,206,214
33.96,230,218
34.01,141,145
34.01,185,177
34.01,92,92
34.01,141,142
34.01,68,59
34.01,65,75
34.02,96,86
34.07,18,15
34.07,59,65
34.08,51,36
34.08,0,0
34.08,36,40
34.08,2,0
34.08,0,0
34.08,0,0
34.08,0,0
34.08,0,0
34.08,0,0
34.14,1,0
34.14,0,0
34.14,0,0
34.14,0,0
34.14,0,0
34.14,0,0
34.14,0,0
34.14,0,0
34.14,0,0
34.14,0,0
34.14,0,0
34.2,0,0
34.2,0,0
34.2,0,0
34.2,0,0
34.2,0,0
34.2,0,0
34.2,0,0
34.2,21,28
34.2,38,31
34.2,0,0
34.2,50,56
34.21,39,31
34.22,8,16
34.22,86,91
34.23,59,50
34.24,54,66
34.3,122,121
34.3,66,59
34.3,90,101
34.3,125,116
34.3,55,51
34.3,107,116
34.3,115,106
34.31,82,90
34.31,167,174
34.32,149,142
34.37,150,159
34.37,216,213
34.37,161,155
34.37,191,203
34.37,238,232
34.38,188,189
34.39,246,253
34.45,247,237
34.45,218,227
34.45,298,302
34.45,262,254
34.45,252,263
34.45,312,309
34.45,264,259
34.51,295,306
34.51,331,323
34.51,279,277
34.51,335,339
34.51,304,299
34.51,337,346
34.52,319,311
34.58,327,338
34.58,349,338
34.58,331,343
34.58,370,361
34.58,332,342
34.58,389,380
34.59,327,333
34.6,394,389
34.61,329,330
34.61,398,398
34.67,338,337
34.67,398,400
34.67,343,338
34.67,383,387
34.67,346,339
34.67,366,374
34.68,351,341
34.73,344,355
34.73,356,347
34.73,325,332
34.73,359,351
34.73,310,316
34.74,363,356
34.74,295,297
34.79,359,356
34.79,287,286
34.8,344,345
34.8,283,278
34.8,335,339
34.8,287,281
34.81,321,328
34.87,298,291
34.87,309,317
34.87,306,296
34.87,293,302
34.87,324,313
34.87,279,289
34.88,330,321
34.93,268,276
34.93,336,330
34.93,266,265
34.93,329,329
34.93,263,262
34.93,323,326
34.94,264,259
35.0,308,316
35.0,274,268
35.0,301,311
35.0,294,282
35.0,292,302
35.0,306,296
35.01,283,292
35.06,321,310
35.06,266,274
35.06,327,319
35.06,260,264
35.06,323,320
35.06,250,249
35.07,312,312
35.14,251,246
35.14,303,308
35.14,254,249
35.14,290,298
35.14,267,257
35.14,281,290
35.14,286,276
35.2,276,287
35.2,308,298
35.2,274,284
35.2,329,321
35.2,280,286
35.2,343,337
35.2,273,276
35.26,341,341
35.26,277,276
35.26,338,342
35.26,284,281
35.26,336,341
35.26,298,292
35.27,330,337
35.32,311,301
35.32,319,328
35.32,324,314
35.32,303,312
35.32,341,330
35.33,298,307
35.33,357,349
35.38,297,302
35.38,362,360
35.38,295,296
35.38,361,359
35.38,299,296
35.39,356,361
35.4,310,306
35.46,357,364
35.46,329,319
35.46,349,356
35.46,342,332
35.46,338,347
35.46,360,348
35.47,326,340
35.53,386,377
35.53,335,341
35.53,396,389
35.53,333,335
35.53,401,400
35.53,336,335
35.53,401,402
35.59,341,334
35.59,374,376
35.59,317,307
35.59,340,346
35.59,317,308
35.59,321,328
35.6,315,304
35.65,281,290
35.65,304,293
35.65,255,262
35.65,299,289
35.65,234,239
35.65,298,295
35.66,227,227
35.71,288,287
35.71,218,215
35.71,271,273
35.71,213,205
35.71,247,254
35.72,209,201
35.73,225,233
35.79,211,199
35.79,180,188
35.79,176,163
35.79,130,140
35.79,165,152
35.79,74,79
35.79,111,106
35.8,6,1
35.81,11,15
35.81,1,0
35.81,0,0
35.87,0,0
35.87,0,0
35.87,0,0
35.87,0,0
35.87,0,0
35.87,0,0
35.87,0,0
35.87,0,0
35.87,0,0
35.87,0,0
35.87,0,0
35.93,0,0
35.93,0,0
35.93,0,0
35.93,0,0
35.93,0,0
35.93,0,0
35.93,0,0
35.93,0,0
35.93,0,0
35.93,0,0
35.93,0,0
35.94,0,0
35.94,0,0
35.94,0,0
35.95,0,0
36.01,0,0
36.01,0,0
36.01,0,0
36.01,0,0
36.01,0,0
36.01,0,0
36.01,0,0
36.01,0,0
36.01,0,0
36.07,0,0
36.07,0,0
36.07,0,0
36.07,0,0
36.07,0,0
36.07,0,0
36.07,0,0
36.07,0,0
36.07,0,0
36.08,0,0
36.13,0,0
36.13,0,0
36.13,0,0
36.13,0,0
36.13,0,0
36.13,0,0
36.13,0,0
36.13,0,0
36.2,0,0
36.2,0,0
36.2,0,0
36.2,0,0
36.2,0,0
36.2,0,0
36.2,0,0
36.2,0,0
36.2,0,0
36.26,0,0
36.26,0,0
36.26,0,0
36.26,0,0
36.26,0,0
36.26,0,0
36.26,0,0
36.26,0,0
36.26,0,0
36.32,90,118
36.32,237,245
36.32,309,319
36.32,369,370
36.32,426,444
36.32,599,618
36.33,632,632
36.34,635,635
36.35,637,636
36.35,636,636
36.41,636,636
36.41,637,637
36.42,638,637
36.42,637,636
36.42,637,637
36.42,637,637
36.42,637,636
36.43,635,636
36.44,637,636
36.45,637,636
36.51,637,637
36.51,637,636
36.51,638,637
36.51,637,637
36.51,637,636
36.51,638,636
36.51,636,637
36.57,637,636
36.57,635,636
36.57,637,636
36.57,637,637
36.57,636,636
36.57,636,637
36.58,636,636
36.63,638,636
36.63,636,636
36.63,637,636
36.63,637,635
36.63,636,636
36.64,637,635
36.64,638,637
36.7,637,636
36.7,636,637
36.7,636,636
36.7,636,636
36.7,635,636
36.7,636,636
36.71,635,636
36.77,636,636
36.77,637,636
36.77,636,636
36.77,636,636
36.77,636,636
36.77,636,635
36.78,636,635
36.83,634,634
36.83,631,630
36.83,577,573
36.83,548,542
36.84,548,554
36.84,542,528
36.84,466,482
36.9,632,631
36.9,633,632
36.9,634,634
36.9,636,633
36.9,635,634
36.9,636,635
36.91,635,634
36.96,633,635
36.96,636,635
36.96,635,635
36.96,636,635
36.96,635,635
36.96,633,635
36.97,633,633
37.02,634,634
37.02,629,620
37.02,513,516
37.02,596,594
37.02,535,536
37.03,622,623
37.04,582,581
37.1,633,631
37.1,630,631
37.1,632,632
37.1,634,632
37.1,634,633
37.1,635,634
37.1,635,635
37.16,635,634
37.16,634,635
37.16,634,634
37.16,635,635
37.16,635,635
37.16,636,636
37.17,636,635
37.23,636,634
37.23,636,635
37.23,634,635
37.23,635,634
37.23,633,633
37.23,635,634
37.23,634,634
37.29,634,634
37.29,634,633
37.29,635,635
37.29,634,634
37.29,636,634
37.29,633,633
37.3,633,634
37.35,634,634
37.35,634,634
37.35,633,633
37.35,631,632
37.35,632,632
37.36,632,633
37.37,634,633
37.43,633,633
37.43,633,633
37.43,632,630
37.43,631,631
37.43,627,625
37.43,611,614
37.43,616,605
37.49,570,576
37.49,617,609
37.49,542,544
37.49,605,599
37.49,513,511
37.49,573,572
37.5,487,480
37.55,531,534
37.55,459,451
37.55,481,486
37.55,432,420
37.55,433,441
37.55,413,400
37.56,389,396
37.62,390,377
37.62,333,341
37.62,360,348
37.62,287,292
37.62,341,335
37.62,264,266
37.63,327,324
37.68,252,252
37.68,322,322
37.68,259,254
37.68,310,317
37.68,264,257
37.69,295,304
37.69,270,261
37.76,279,289
37.76,283,272
37.76,263,275
37.76,297,285
37.76,252,261
37.76,306,296
37.76,241,247
37.82,308,304
37.82,236,235
37.82,299,297
37.82,227,223
37.82,287,289
37.82,230,224
37.82,274,280
37.88,235,226
37.88,264,273
37.88,246,235
37.88,231,241
37.88,244,233
37.88,209,220
37.89,253,242
37.94,192,200
37.94,254,245
37.94,176,180
37.94,253,249
37.94,182,183
37.95,259,260
37.96,202,199
38.01,273,278
38.01,240,234
38.01,307,318
38.01,317,312
38.01,361,372
38.01,380,370
38.02,388,401
38.08,434,425
38.08,439,456
38.08,568,565
38.08,593,610
38.08,634,633
38.08,634,635
38.09,636,635
38.15,636,636
38.15,636,635
38.15,637,635
38.15,638,636
38.15,635,635
38.15,635,635
38.15,636,636
38.21,635,636
38.21,636,635
38.21,637,636
38.21,636,636
38.21,636,636
38.21,635,635
38.22,636,636
38.27,636,635
38.27,636,635
38.27,636,635
38.27,636,635
38.27,636,635
38.28,635,636
38.28,637,635
38.34,635,635
38.34,634,635
38.34,637,636
38.34,634,635
38.34,637,636
38.34,635,635
38.35,636,636
38.41,636,635
38.41,636,636
38.41,637,636
38.41,637,635
38.41,637,636
38.41,635,635
38.41,637,636
38.48,637,636
38.48,636,636
38.48,636,636
38.48,636,635
38.48,636,636
38.48,635,635
38.48,636,635
38.54,635,635
38.54,635,634
38.54,636,635
38.54,633,633
38.54,633,633
38.54,628,625
38.55,599,593
38.6,550,551
38.6,629,628
38.6,611,612
38.6,632,632
38.6,635,634
38.6,636,635
38.61,636,635
38.66,635,635
38.66,637,636
38.66,636,635
38.66,635,633
38.66,492,448
38.67,234,232
38.68,230,230
38.73,253,254
38.73,246,245
38.73,264,255
38.73,172,170
38.73,237,242
38.73,188,179
38.74,207,214
38.8,175,163
38.8,157,165
38.8,139,123
38.8,38,42
38.8,43,34
38.8,0,0
38.81,0,0
38.81,0,0
38.81,0,0
38.81,0,0
38.82,0,0
38.87,0,0
38.87,65,84
38.87,134,125
38.87,64,63
38.87,95,96
38.87,52,45
38.87,88,107
38.88,221,228
38.93,246,250
38.93,320,333
38.93,383,384
38.93,436,462
38.93,636,634
38.93,637,635
38.94,635,635
38.99,636,636
38.99,636,636
38.99,635,635
38.99,635,635
38.99,636,635
39.0,635,635
39.01,635,634
39.07,634,634
39.07,634,633
39.07,636,635
39.07,634,632
39.07,585,563
39.07,465,461
39.07,402,397
39.13,433,433
39.13,375,369
39.13,405,409
39.13,340,330
39.13,310,308
39.13,200,179
39.14,97,98
39.15,68,51
39.15,0,0
39.16,0,0
39.16,0,0
39.17,0,0
39.17,0,0
39.18,0,0
39.23,0,0
39.23,0,0
39.23,0,0
39.23,0,0
39.23,0,0
39.23,0,0
39.23,0,0
39.23,0,0
39.23,0,0
39.23,0,0
39.23,0,0
39.29,0,0
39.29,0,0
39.29,0,0
39.29,0,0
39.29,0,0
39.29,0,0
39.29,0,0
39.29,0,0
39.29,0,0
39.29,0,0
39.29,0,0
39.35,0,0
39.35,0,0
39.35,0,0
39.35,0,0
39.35,0,0
39.35,0,0
39.35,0,0
39.35,0,0
39.35,0,0
39.35,0,0
39.42,0,0
39.42,0,0
39.42,0,0
39.42,0,0
39.42,0,0
39.42,0,0
39.42,0,0
39.42,0,0
39.42,0,0
39.43,0,0
39.43,0,0
39.48,0,0
39.48,0,0
39.48,0,0
39.48,0,0
39.48,0,0
39.48,0,0
39.48,0,0
39.54,0,0
39.54,0,0
39.54,0,0
39.54,0,0
39.54,0,0
39.54,0,0
39.54,0,0
39.54,0,0
39.54,0,0
39.6,2,0
39.6,0,0
39.6,0,0
39.6,0,0
39.6,0,0
39.6,0,0
39.6,0,0
39.6,0,0
39.61,0,0
39.61,0,0
39.67,0,0
39.67,0,0
39.67,0,0
39.67,0,0
39.67,0,0
39.67,0,0
39.67,0,0
39.67,0,0
39.73,0,0
39.73,0,0
39.73,0,0
39.73,0,0
39.73,0,0
39.73,0,0
39.73,12,34
39.73,213,233
39.74,317,320
39.79,310,304
39.79,314,326
39.79,421,429
39.79,426,421
39.79,437,449
39.8,533,537
39.81,516,512
39.87,554,566
39.87,433,405
39.87,143,138
39.87,338,382
39.87,520,514
39.87,469,470
39.87,543,549
39.93,533,524
39.93,526,538
39.93,622,625
39.93,604,599
39.93,622,627
39.93,631,630
39.94,631,632
39.99,633,632
39.99,633,632
39.99,632,632
39.99,633,631
39.99,550,520
40.0,364,354
40.0,311,299
40.06,103,80
40.06,0,0
40.06,0,0
40.06,0,0
40.06,0,0
40.06,0,0
40.06,0,0
40.06,0,0
40.06,0,0
40.06,0,0
40.06,0,0
40.07,0,0
40.13,0,0
40.13,0,0
40.13,0,0
40.13,0,0
40.13,0,0
40.13,0,0
40.13,0,0
40.13,0,0
40.13,0,0
40.13,0,0
40.13,0,0
40.13,0,0
40.14,0,0
40.14,0,0
40.15,0,0
40.21,0,0
40.21,0,0
40.21,0,0
40.21,0,0
40.21,0,0
40.21,0,0
40.21,0,0
40.21,0,0
40.21,0,0
40.21,0,0
40.21,0,0
40.27,0,0
40.27,0,0
40.27,0,0
40.27,0,0
40.27,0,0
40.27,0,0
40.27,0,0
40.27,0,0
40.28,0,0
40.29,103,159
40.34,511,542
40.34,610,608
40.34,597,605
40.34,636,634
40.34,636,635
40.34,636,636
40.35,635,636
40.42,638,636
40.42,636,636
40.42,637,636
40.42,637,636
40.42,635,636
40.42,636,636
40.42,638,636
40.48,638,636
40.48,636,637
40.48,638,636
40.48,636,636
40.48,636,636
40.48,637,636
40.48,637,635
40.54,638,636
40.54,636,636
40.54,635,635
40.54,637,637
40.54,638,637
40.54,637,636
40.55,636,637
40.6,635,636
40.6,637,636
40.6,637,636
40.6,636,637
40.6,635,636
40.61,636,636
40.61,635,635
40.66,637,636
40.66,637,636
40.66,636,636
40.66,638,636
40.66,635,636
40.67,635,637
40.68,637,637
40.74,637,637
40.74,635,636
40.74,638,636
40.74,637,636
40.74,637,636
40.74,638,636
40.74,639,636
40.81,638,636
40.81,638,636
40.81,637,636
40.81,637,636
40.81,637,637
40.81,637,636
40.81,638,637
40.87,637,636
40.87,635,636
40.87,637,635
40.87,637,637
40.87,637,636
40.87,635,635
40.88,636,636
40.93,637,636
40.93,636,636
40.93,636,635
40.93,635,635
40.93,635,635
40.93,635,635
40.94,635,635
40.99,634,634
40.99,636,634
40.99,633,633
40.99,632,632
40.99,611,604
41.0,594,596
41.01,553,546
41.06,555,564
41.06,544,531
41.06,515,523
41.06,524,510
41.06,472,479
41.06,520,509
41.07,441,447
41.13,504,501
41.13,439,441
41.13,506,504
41.13,403,393
41.14,418,418
41.14,327,319
41.14,375,383
41.2,367,363
41.2,407,409
41.2,327,313
41.2,291,296
41.2,232,212
41.2,118,122
41.2,91,71
41.21,0,0
41.21,0,0
41.27,0,0
41.27,0,0
41.27,0,0
41.27,0,0
41.27,0,0
41.27,0,0
41.27,0,0
41.27,0,0
41.27,0,0
41.27,0,0
41.27,0,0
41.28,0,0
41.28,0,0
41.29,0,0
41.34,0,0
41.34,0,0
41.34,0,0
41.34,0,0
41.34,0,0
41.34,0,0
41.34,0,0
41.34,73,102
41.34,232,230
41.4,169,164
41.4,229,245
41.4,298,292
41.4,264,267
41.4,349,360
41.4,358,351
41.4,346,359
41.46,443,449
41.46,414,406
41.46,427,438
41.46,496,494
41.46,441,436
41.46,485,497
41.47,526,517
41.52,479,482
41.52,560,571
41.52,556,548
41.52,525,533
41.52,606,610
41.53,569,561
41.54,598,608
41.6,607,597
41.6,597,606
41.6,616,607
41.6,574,582
41.6,612,603
41.6,547,551
41.6,607,601
41.66,527,528
41.66,592,591
41.66,504,501
41.66,553,554
41.66,476,469
41.66,523,528
41.67,447,434
41.72,473,485
41.72,489,480
41.72,499,509
41.72,516,503
41.72,492,503
41.72,539,528
41.73,483,491
41.79,543,535
41.79,469,473
41.79,540,536
41.79,463,462
41.79,532,533
41.79,463,461
41.8,517,519
41.85,452,442
41.85,484,490
41.85,453,443
41.85,465,475
41.85,462,453
41.85,453,461
41.86,472,462
41.91,435,443
41.91,479,469
41.91,417,423
41.91,481,475
41.91,407,410
41.92,477,474
41.93,407,404
41.99,465,469
41.99,411,406
41.99,460,464
41.99,412,407
41.99,454,464
41.99,441,427
41.99,402,405
42.06,417,412
42.06,324,307
42.06,67,27
42.06,0,0
42.06,0,0
42.06,0,0
42.06,0,0
42.06,0,0
42.06,0,0
42.06,0,0
42.06,0,0
42.07,0,0
42.12,0,0
42.12,0,0
42.12,0,0
42.12,0,0
42.12,0,0
42.12,0,0
42.12,0,0
42.12,0,0
42.12,0,0
42.12,0,0
42.13,0,0
42.13,0,0
42.14,0,0
42.14,0,0
42.15,0,0
42.2,0,0
42.2,0,0
42.2,0,0
42.2,0,0
42.2,0,0
42.2,0,0
42.2,0,0
42.2,0,0
42.2,0,0
42.2,0,0
42.26,0,0
42.26,0,0
42.26,0,0
42.26,0,0
42.26,0,0
42.26,0,0
42.26,0,0
42.26,0,0
42.32,0,0
42.32,0,0
42.32,0,0
42.32,0,0
42.32,0,0
42.32,0,0
42.32,0,0
42.32,0,0
42.32,0,0
42.38,0,0
42.38,0,0
42.38,0,0
42.38,0,0
42.38,0,0
42.38,0,0
42.38,0,0
42.38,0,0
42.38,0,0
42.44,0,0
42.44,0,0
42.44,0,0
42.44,0,0
42.44,0,0
42.45,0,0
42.45,184,216
42.45,297,294
42.46,309,320
42.47,406,408
42.52,409,411
42.52,496,510
42.52,549,543
42.52,529,536
42.52,632,631
42.52,630,630
42.53,632,632
42.59,633,633
42.59,634,633
42.59,635,635
42.59,635,635
42.59,635,635
42.59,636,635
42.6,636,636
42.65,636,635
42.65,637,636
42.65,636,636
42.65,637,636
42.65,637,636
42.65,635,636
42.66,637,636
42.73,637,636
42.73,637,636
42.73,638,636
42.73,637,636
42.73,637,636
42.73,636,636
42.73,635,635
42.79,636,636
42.79,634,636
42.79,635,636
42.79,638,636
42.79,637,636
42.79,638,636
42.79,637,636
42.85,637,635
42.85,636,636
42.85,637,636
42.85,636,636
42.85,636,636
42.85,637,636
42.86,635,636
42.91,637,636
42.91,638,636
42.91,634,635
42.91,637,636
42.91,636,635
42.92,635,635
42.92,637,636
42.98,636,636
42.98,636,636
42.98,635,636
42.98,635,636
42.98,635,635
42.98,632,630
42.99,400,380
43.05,372,367
43.05,295,291
43.05,315,308
43.05,222,219
43.05,269,270
43.05,191,184
43.05,228,233
43.12,181,172
43.12,215,222
43.12,192,184
43.12,198,208
43.12,205,193
43.12,183,193
43.12,209,198
43.18,161,169
43.18,214,206
43.18,146,152
43.18,211,205
43.18,138,136
43.18,203,202
43.19,135,134
43.24,200,203
43.24,148,142
43.24,197,203
43.24,170,163
43.24,195,205
43.24,197,187
43.25,195,205
43.3,216,206
43.3,191,200
43.3,241,231
43.3,196,206
43.3,276,273
43.31,232,235
43.32,312,312
43.38,264,264
43.38,334,336
43.38,274,273
43.38,354,364
43.38,371,369
43.38,407,411
43.38,356,346
43.44,252,230
43.44,0,0
43.44,0,0
43.44,0,0
43.44,0,0
43.44,0,0
43.44,0,0
43.44,0,0
43.44,0,0
43.44,0,0
43.44,0,0
43.51,0,0
43.51,0,0
43.51,0,0
43.51,0,0
43.51,0,0
43.51,0,0
43.51,0,0
43.51,0,0
43.51,0,0
43.51,0,0
43.51,0,0
43.51,0,0
43.51,0,0
43.52,0,0
43.52,0,0
43.59,0,0
43.59,0,0
43.59,0,0
43.59,0,0
43.59,0,0
43.59,0,0
43.59,0,0
43.59,0,0
43.59,0,0
43.59,0,0
43.59,0,0
43.6,2,29
43.6,309,346
43.62,490,501
43.62,543,546
43.63,611,624
43.64,635,635
43.69,635,635
43.69,637,636
43.69,636,636
43.69,638,636
43.69,636,636
43.7,636,636
43.71,637,636
43.76,638,636
43.76,635,636
43.76,637,636
43.76,635,636
43.76,638,637
43.76,636,636
43.77,639,636
43.83,637,636
43.83,636,635
43.83,637,636
43.83,638,636
43.83,636,636
43.83,637,636
43.84,635,636
43.89,637,636
43.89,635,636
43.89,637,635
43.89,637,635
43.9,637,635
43.9,635,635
43.9,637,636
43.96,637,636
43.96,636,636
43.96,637,636
43.96,637,636
43.96,637,636
43.96,637,636
43.97,637,636
44.02,635,636
44.02,635,635
44.02,637,636
44.02,636,636
44.02,635,636
44.03,636,635
44.03,635,635
44.1,637,636
44.1,635,636
44.1,636,636
44.1,637,635
44.1,636,636
44.1,637,636
44.1,636,636
44.16,636,636
44.16,637,636
44.16,635,636
44.16,635,636
44.16,638,636
44.16,637,636
44.16,636,637
44.22,636,636
44.22,635,635
44.22,636,636
44.22,636,636
44.22,635,636
44.22,638,636
44.23,637,636
44.29,636,636
44.29,635,635
44.29,636,636
44.29,636,636
44.29,635,636
44.29,635,635
44.3,637,636
44.35,636,635
44.35,637,636
44.35,635,635
44.35,636,636
44.35,636,635
44.35,634,636
44.36,636,636
44.41,636,636
44.41,635,635
44.41,635,636
44.41,636,636
44.41,638,637
44.42,638,636
44.43,636,636
44.49,637,636
44.49,634,636
44.49,635,635
44.49,636,634
44.49,634,631
44.49,632,632
44.49,491,467
44.55,581,608
44.55,473,435
44.55,488,528
44.55,505,461
44.55,419,461
44.55,578,538
44.56,383,419
44.62,617,587
44.62,359,380
44.62,611,596
44.62,323,324
44.62,501,495
44.62,280,274
44.62,448,449
44.68,251,242
44.68,393,401
44.68,214,192
44.68,224,235
44.68,74,40
44.68,22,42
44.68,145,134
44.74,77,109
44.74,453,474
44.74,389,381
44.74,625,632
44.74,620,611
44.74,625,626
44.75,412,374
44.76,369,399
44.82,411,381
44.82,422,467
44.82,566,524
44.82,428,465
44.82,477,418
44.82,60,78
44.82,282,279
44.83,0,0
44.83,0,0
44.9,0,0
44.9,0,0
44.9,0,0
44.9,0,0
44.9,0,0
44.9,0,0
44.9,0,0
44.9,0,0
44.9,0,0
44.9,0,0
44.9,0,0
44.9,0,0
44.9,0,0
44.91,0,0
44.91,0,0
44.92,0,0
44.92,0,0
44.93,0,0
44.99,0,0
44.99,0,0
44.99,72,125
44.99,411,420
44.99,342,325
44.99,279,284
44.99,321,323
44.99,318,317
45.05,311,309
45.05,310,310
45.05,313,312
45.05,316,315
45.05,314,314
45.05,313,314
45.06,314,313
45.11,311,311
45.11,311,313
45.11,313,312
45.11,313,313
45.11,313,311
45.11,27,0
45.18,0,0
45.18,0,0
45.18,0,0
45.18,0,0
45.18,0,0
45.18,154,211
45.18,424,417
45.18,303,292
45.18,285,288
45.18,309,312
45.19,319,317
45.26,312,312
45.26,328,329
45.26,326,325
45.26,323,322
45.26,318,318
45.26,317,316
45.26,317,316
45.32,319,318
45.32,323,320
45.32,315,314
45.32,323,322
45.32,293,263
45.32,0,0
45.32,0,0
45.38,0,0
45.38,0,0
45.38,0,0
45.38,380,607
45.38,629,562
45.38,317,574
45.38,638,636
45.38,638,636
45.39,638,637
45.4,637,636
45.41,637,637
45.46,636,636
45.46,637,637
45.46,637,636
45.46,637,636
45.46,638,636
45.46,637,636
45.47,636,637
45.52,638,636
45.52,636,636
45.52,637,636
45.52,634,635
45.52,635,636
45.53,638,636
45.54,638,636
45.6,637,636
45.6,637,636
45.6,636,636
45.6,638,636
45.6,637,637
45.6,639,636
45.6,635,637
45.66,638,636
45.66,636,636
45.66,635,636
45.66,634,635
45.66,638,636
45.66,637,636
45.67,637,636
45.72,634,635
45.72,637,635
45.72,637,635
45.72,637,636
45.72,635,636
45.73,635,636
45.73,636,636
45.79,636,635
45.79,636,635
45.79,635,630
45.79,635,637
45.79,637,636
45.79,636,636
45.8,639,636
45.86,635,635
45.86,637,636
45.86,635,637
45.86,636,635
45.86,635,636
45.86,637,636
45.86,634,635
45.93,0,0
45.93,0,0
45.93,0,0
45.93,0,0
45.93,0,0
45.93,0,0
45.93,0,0
45.93,0,0
45.93,0,0
45.93,335,62
45.93,0,204
45.94,637,637
45.95,638,617
45.96,637,637
45.97,635,636
45.98,637,635
45.98,638,637
46.03,636,636
46.03,635,636
46.03,635,636
46.03,636,635
46.03,638,636
46.04,636,635
46.05,636,636
46.11,635,636
46.11,637,636
46.11,637,637
46.11,638,635
46.11,0,0
46.11,0,0
46.11,0,0
46.11,0,0
46.11,0,0
46.12,0,0
46.12,0,0
46.18,0,0
46.18,0,0
46.18,0,0
46.18,0,0
46.18,0,0
46.18,0,0
46.18,0,0
46.18,0,0
46.18,497,409
46.18,0,0
46.18,0,0
46.24,635,490
46.24,0,0
46.24,0,6
46.24,636,353
46.24,0,0
46.24,184,520
46.24,250,27
46.24,0,0
46.3,0,0
46.3,0,0
46.3,0,0
46.3,278,570
46.3,637,637
46.3,637,637
46.3,639,637
46.31,637,637
46.32,637,637
46.32,637,636
46.33,638,636
46.38,637,637
46.38,637,637
46.38,637,637
46.38,636,637
46.38,637,637
46.39,636,637
46.4,638,636
46.46,636,636
46.46,635,636
46.46,637,636
46.46,637,637
46.46,638,636
46.46,635,637
46.46,637,636
46.52,637,637
46.52,637,636
46.52,638,636
46.52,638,637
46.52,637,636
46.52,637,636
46.53,638,637
46.59,637,636
46.59,637,636
46.59,637,636
46.59,638,636
46.59,637,636
46.59,635,636
46.59,637,637
46.65,637,636
46.65,637,636
46.65,638,636
46.65,636,636
46.65,637,636
46.65,637,636
46.66,638,636
46.71,637,637
46.71,636,636
46.71,636,636
46.71,638,636
46.71,635,571
46.71,0,28
46.77,112,85
46.77,0,0
46.77,113,186
46.77,615,629
46.77,547,502
46.77,7,42
46.77,410,435
46.78,356,333
46.79,340,353
46.8,314,292
46.81,304,315
46.82,404,403
46.83,381,380
46.84,334,331
46.9,352,352
46.9,287,272
46.9,349,359
46.9,331,332
46.9,259,267
46.9,636,636
46.9,613,576
46.96,279,274
46.96,351,358
46.96,352,348
46.96,333,333
46.96,315,305
46.96,282,288
46.97,335,336
47.02,325,326
47.02,319,317
47.02,328,332
47.02,333,329
47.02,302,309
47.02,350,350
47.03,320,317
47.09,331,334
47.09,324,321
47.09,329,342
47.09,635,636
47.09,638,637
47.09,636,636
47.1,635,635
47.15,634,633
47.15,338,295
47.15,277,294
47.15,353,346
47.15,310,311
47.15,321,321
47.16,326,324
47.23,318,318
47.23,321,319
47.23,318,319
47.23,320,321
47.23,320,319
47.23,321,321
47.23,321,320
47.29,319,319
47.29,320,320
47.29,314,314
47.29,525,565
47.29,633,632
47.29,635,634
47.29,635,635
47.35,636,636
47.35,634,636
47.35,637,635
47.35,636,637
47.35,637,637
47.35,637,636
47.36,635,636
47.41,637,636
47.41,636,636
47.41,637,636
47.41,635,636
47.41,634,636
47.42,636,636
47.43,636,636
47.48,636,635
47.48,636,636
47.48,636,636
47.48,636,637
47.48,636,635
47.48,635,636
47.49,636,637
47.55,635,636
47.55,638,636
47.55,638,636
47.55,637,636
47.55,636,637
47.55,636,635
47.56,637,636
47.62,637,636
47.62,636,637
47.62,636,636
47.62,637,636
47.62,637,636
47.62,635,636
47.62,637,636
47.68,636,636
47.68,637,636
47.68,636,635
47.68,636,635
47.68,635,635
47.68,636,634
47.69,633,634
47.74,635,634
47.74,633,633
47.74,631,631
47.74,599,591
47.74,542,537
47.74,524,528
47.75,528,520
47.8,488,491
47.8,496,492
47.8,496,495
47.8,478,474
47.8,442,439
47.81,444,439
47.82,381,379
47.88,399,399
47.88,366,361
47.88,362,364
47.88,356,352
47.88,345,348
47.88,352,345
47.88,313,315
47.94,324,318
47.94,281,285
47.94,311,304
47.94,259,259
47.94,306,307
47.94,245,240
47.95,255,259
48.01,245,241
48.01,249,250
48.01,237,232
48.01,242,244
48.01,240,234
48.01,223,221
48.01,192,193
48.07,201,201
48.07,199,193
48.07,206,211
48.07,198,191
48.07,164,169
48.07,194,191
48.08,163,162
48.13,165,162
48.13,129,132
48.13,174,173
48.13,162,161
48.13,146,145
48.14,134,131
48.15,149,153
48.21,149,146
48.21,139,138
48.21,148,153
48.21,165,159
48.21,121,122
48.21,149,150
48.21,155,153
48.27,147,151
48.27,153,149
48.27,132,137
48.27,178,177
48.27,137,133
48.27,188,191
48.28,171,165
48.33,144,147
48.33,158,159
48.33,178,177
48.33,176,174
48.33,169,172
48.33,175,174
48.34,189,191
48.39,185,182
48.39,158,160
48.39,198,199
48.39,163,161
48.39,182,180
48.4,169,168
48.41,182,180
48.47,174,176
48.47,192,190
48.47,177,176
48.47,184,185
48.47,166,157
48.47,150,157
48.47,170,169
48.53,185,188
48.53,165,164
48.53,181,183
48.53,172,170
48.53,182,185
48.53,192,187
48.54,182,190
48.6,226,224
48.6,185,180
48.6,193,197
48.6,204,207
48.6,225,223
48.6,231,230
48.6,223,222
48.66,223,224
48.66,221,220
48.66,227,226
48.66,220,221
48.66,225,222
48.66,219,218
48.67,220,218
48.72,212,212
48.72,227,224
48.72,223,221
48.72,241,247
48.72,228,226
48.73,230,232
48.74,227,226
48.79,230,233
48.79,247,248
48.79,256,258
48.79,257,250
48.79,256,261
48.79,249,247
48.8,263,269
48.86,282,278
48.86,255,256
48.86,312,315
48.86,280,279
48.86,312,312
48.86,249,243
48.87,282,288
48.93,274,267
48.93,281,286
48.93,288,282
48.93,266,267
48.93,263,264
48.93,279,282
48.93,287,283
48.99,267,267
48.99,284,285
48.99,303,303
48.99,263,260
48.99,275,277
48.99,305,302
49.0,279,278
49.05,299,295
49.05,268,269
49.05,300,301
49.05,280,275
49.05,301,307
49.06,316,315
49.06,323,318
49.13,307,309
49.13,301,300
49.13,293,290
49.13,285,288
49.13,301,299
49.13,305,307
49.13,319,318
49.19,296,295
49.19,318,317
49.19,291,290
49.19,327,327
49.19,291,288
49.19,321,322
49.19,295,296
49.25,305,302
49.25,294,294
49.25,310,314
49.25,309,305
49.25,287,288
49.25,323,319
49.26,302,304
49.32,330,325
49.32,342,347
49.32,322,314
49.32,284,286
49.32,315,316
49.32,306,307
49.33,332,334
49.38,314,312
49.38,307,305
49.38,312,315
49.38,343,338
49.38,333,332
49.38,337,338
49.39,319,319
49.46,326,328
49.46,339,335
49.46,341,345
49.46,353,350
49.46,306,308
49.46,337,333
49.46,302,303
49.52,361,363
49.52,303,302
49.52,356,358
49.52,347,346
49.52,354,350
49.52,329,330
49.52,322,324
49.58,332,332
49.58,341,344
49.58,339,333
49.58,310,313
49.58,322,316
49.58,314,319
49.59,319,311
49.64,304,309
49.64,337,336
49.64,315,309
49.64,326,330
49.64,320,317
49.65,337,341
49.65,329,334
49.7,340,339
49.7,344,344
49.7,369,370
49.7,364,357
49.7,314,318
49.71,351,351
49.72,332,334
49.78,343,340
49.78,328,334
49.78,362,355
49.78,323,325
49.78,343,343
49.78,324,323
49.78,344,345
49.84,310,306
49.84,320,323
49.84,322,317
49.84,309,311
49.84,328,325
49.84,317,320
49.85,329,326
49.91,317,317
49.91,316,315
49.91,311,311
49.91,325,327
49.91,365,362
49.91,322,321
49.92,319,320
49.97,334,330
49.97,310,309
49.97,356,359
49.97,325,320
49.97,328,330
49.97,339,335
49.98,328,328
50.05,315,314
50.05,338,343
50.05,331,327
50.05,337,340
50.05,334,330
50.05,323,325
50.05,354,352
50.11,318,317
50.11,338,345
50.11,339,331
50.11,319,323
50.11,335,333
50.11,334,336
50.11,313,312
50.17,331,332
50.17,330,327
50.17,321,327
50.17,332,327
50.17,328,333
50.17,354,349
50.18,323,324
50.23,344,339
50.23,320,318
50.23,327,326
50.23,319,318
50.23,342,342
50.23,339,340
50.24,347,344
50.29,316,317
50.29,346,350
50.29,356,353
50.29,340,343
50.29,338,329
50.3,313,320
50.31,322,318
50.37,323,326
50.37,331,326
50.37,309,314
50.37,342,334
50.37,312,315
50.37,339,336
50.37,324,328
50.43,346,345
50.43,332,332
50.43,345,344
50.43,303,302
50.43,337,343
50.44,354,350
50.44,340,340
50.5,321,318
50.5,317,321
50.5,331,327
50.5,328,331
50.5,329,321
50.5,328,334
50.51,350,349
50.56,319,317
50.56,349,347
50.56,306,302
50.56,318,318
50.56,315,316
50.56,331,330
50.57,315,316
50.62,368,370
50.62,316,313
50.62,332,339
50.62,342,339
50.62,334,336
50.63,347,347
50.64,338,338
50.7,364,361
50.7,310,306
50.7,314,314
50.7,305,306
50.7,334,337
50.7,306,305
50.7,350,350
50.76,335,334
50.76,336,334
50.76,307,307
50.76,336,340
50.76,332,326
50.76,334,339
50.77,345,337
50.82,309,310
50.82,336,335
50.82,314,317
50.82,346,344
50.82,308,311
50.82,347,345
50.83,318,312
50.88,329,331
50.88,321,320
50.88,340,339
50.88,321,318
50.88,326,325
50.89,299,296
50.9,326,330
50.96,313,308
50.96,294,297
50.96,331,328
50.96,318,319
50.96,371,371
50.96,310,311
50.96,339,341
51.02,318,313
51.02,323,325
51.02,338,338
51.02,336,333
51.03,318,318
51.03,338,339
51.03,334,328
51.09,327,327
51.09,331,326
51.09,326,331
51.09,332,327
51.09,307,310
51.09,335,332
51.1,313,317
51.15,345,342
51.15,324,324
51.15,342,341
51.15,324,322
51.15,328,328
51.15,321,320
51.16,340,338
51.21,307,308
51.21,346,348
51.21,348,350
51.21,344,342
51.21,333,330
51.22,328,327
51.23,322,320
51.29,326,327
51.29,329,327
51.29,319,321
51.29,340,342
51.29,329,326
51.29,338,343
51.29,338,333
51.35,328,328
51.35,329,331
51.35,331,328
51.35,324,321
51.35,314,316
51.35,303,298
51.36,284,289
51.41,311,309
51.41,312,315
51.41,318,316
51.41,315,314
51.41,325,320
51.41,297,297
51.42,322,325
51.47,334,327
51.47,320,323
51.48,345,345
51.48,356,354
51.48,305,302
51.48,332,336
51.49,323,319
51.54,319,320
51.54,321,319
51.54,335,337
51.54,344,338
51.54,316,319
51.55,327,321
51.55,297,296
51.62,337,336
51.62,298,296
51.62,312,311
51.62,304,305
51.62,339,334
51.62,327,327
51.62,334,334
51.68,322,320
51.68,350,352
51.68,318,317
51.68,333,338
51.68,331,324
51.68,322,324
51.68,322,319
51.74,320,324
51.74,354,351
51.74,322,322
51.74,346,342
51.74,320,322
51.74,342,344
51.75,321,324
51.8,371,372
51.8,301,297
51.8,330,334
51.8,324,321
51.8,336,338
51.81,348,350
51.82,330,328
51.87,336,333
51.87,320,323
51.87,369,370
51.87,341,338
51.87,370,368
51.87,344,342
51.88,366,365
51.94,339,334
51.94,337,338
51.94,329,328
51.94,324,321
51.94,318,321
51.94,349,346
51.95,330,330
52.01,328,329
52.01,325,322
52.01,325,328
52.01,326,326
52.01,319,321
52.01,327,324
52.01,292,296
52.07,328,329
52.07,315,314
52.07,345,348
52.07,335,329
52.07,342,345
52.07,333,330
52.08,347,351
52.13,357,350
52.13,333,337
52.13,355,351
52.13,338,339
52.13,336,331
52.14,302,304
52.14,324,324
52.21,320,326
52.21,340,335
52.21,311,312
52.21,336,338
52.21,332,328
52.21,348,351
52.21,320,319
52.27,376,378
52.27,335,328
52.27,334,338
52.27,327,323
52.27,326,330
52.27,329,325
52.27,345,349
52.33,379,376
52.33,340,341
52.33,365,364
52.33,331,325
52.33,320,321
52.33,319,321
52.34,344,341
52.4,297,292
52.4,346,350
52.4,325,318
52.4,320,323
52.4,317,314
52.4,308,308
52.41,327,327
52.46,296,298
52.46,314,307
52.46,316,323
52.46,341,333
52.46,297,303
52.46,339,334
52.47,307,306
52.52,321,322
52.52,322,321
52.52,334,337
52.52,324,319
52.52,326,326
52.53,325,324
52.54,312,315
52.6,328,326
52.6,322,320
52.6,322,320
52.6,314,319
52.6,322,322
52.6,317,318
52.6,345,343
52.66,329,329
52.66,327,323
52.66,317,323
52.66,336,331
52.66,304,303
52.66,352,350
52.67,289,285
52.72,316,318
52.72,320,320
52.72,322,322
52.72,315,313
52.72,311,315
52.73,326,323
52.73,318,320
52.78,315,313
52.78,314,317
52.78,328,328
52.78,340,340
52.78,335,333
52.79,322,322
52.8,335,338
52.86,323,320
52.86,331,331
52.86,319,317
52.86,340,342
52.86,328,326
52.86,335,336
52.86,321,318
52.93,323,333
52.93,335,331
52.93,314,316
52.93,329,328
52.93,302,305
52.93,342,343
52.93,315,315
52.94,325,323
52.95,300,299
52.96,324,328
53.02,328,325
53.02,336,336
53.02,327,325
53.02,334,334
53.02,324,320
53.02,326,328
53.02,351,348
53.08,325,326
53.08,307,301
53.08,316,325
53.08,333,322
53.08,297,301
53.08,345,340
53.09,318,321
53.15,357,357
53.15,322,321
53.15,348,354
53.15,356,354
53.15,355,356
53.15,339,337
53.16,330,328
53.21,318,314
53.21,308,312
53.21,339,333
53.21,318,318
53.21,322,324
53.21,328,328
53.22,324,323
53.29,331,330
53.29,327,326
53.29,304,308
53.29,325,324
53.29,301,302
53.29,332,332
53.29,306,303
53.35,325,327
53.35,354,358
53.35,359,358
53.35,334,328
53.35,336,342
53.35,350,347
53.35,325,330
53.41,346,342
53.41,324,327
53.41,341,339
53.41,321,321
53.41,352,351
53.41,323,322
53.42,338,338
53.47,338,339
53.47,356,355
53.47,350,350
53.47,343,338
53.47,326,326
53.47,356,355
53.48,353,348
53.53,341,338
53.53,316,313
53.53,333,336
53.53,358,356
53.53,332,332
53.54,333,330
53.55,316,316
53.61,328,327
53.61,300,301
53.61,350,351
53.61,319,314
53.61,315,317
53.61,334,333
53.61,347,350
53.67,345,339
53.67,339,344
53.67,336,335
53.67,341,345
53.68,349,344
53.68,322,328
53.68,372,368
53.74,314,311
53.74,345,348
53.74,345,342
53.74,345,345
53.74,366,367
53.74,371,371
53.75,350,345
53.8,330,329
53.8,342,343
53.8,329,331
53.8,341,342
53.8,344,344
53.8,348,342
53.81,308,309
53.86,327,323
53.86,318,317
53.86,348,349
53.86,325,321
53.86,311,309
53.87,299,299
53.88,324,324
53.94,306,307
53.94,329,326
53.94,308,311
53.94,337,336
53.94,316,312
53.94,305,309
53.94,334,331
54.0,298,303
54.0,342,340
54.0,331,337
54.0,365,359
54.0,311,314
54.0,332,336
54.01,338,330
54.06,331,335
54.06,305,301
54.06,312,311
54.06,297,296
54.06,308,310
54.06,305,302
54.07,320,323
54.12,313,308
54.12,309,312
54.12,312,307
54.12,320,322
54.12,323,316
54.13,299,302
54.14,323,319
54.2,296,302
54.2,321,318
54.2,303,309
54.2,370,372
54.2,320,320
54.2,323,323
54.2,316,316
54.26,326,325
54.26,322,322
54.26,339,342
54.26,331,324
54.26,316,321
54.26,332,328
54.27,321,325
54.33,330,326
54.33,300,300
54.33,319,324
54.33,330,323
54.33,319,322
54.33,330,325
54.33,328,329
54.39,326,324
54.39,331,331
54.39,326,326
54.39,328,331
54.39,328,321
54.39,302,304
54.4,346,342
54.45,304,303
54.45,355,357
54.45,366,361
54.45,327,325
54.45,331,330
54.46,339,342
54.47,320,317
54.53,316,315
54.53,309,309
54.53,331,329
54.53,318,317
54.53,327,330
54.53,345,345
54.53,340,340
54.59,324,321
54.59,314,317
54.59,331,329
54.59,321,322
54.59,340,335
54.59,310,315
54.6,329,329
54.65,311,313
54.65,326,325
54.65,322,329
54.65,366,366
54.65,350,343
54.65,351,350
54.66,343,340
54.72,346,347
54.72,342,338
54.72,341,342
54.72,328,324
54.72,317,321
54.72,326,320
54.73,308,311
54.79,340,336
54.79,320,319
54.79,360,364
54.79,337,331
54.79,331,337
54.79,341,341
54.79,354,352
54.86,296,295
54.86,328,332
54.86,319,315
54.86,302,302
54.86,331,334
54.86,353,356
54.86,320,310
54.92,300,304
54.92,341,340
54.92,327,329
54.92,359,359
54.92,331,329
54.92,322,320
54.92,324,324
54.98,328,328
54.98,321,322
54.98,352,355
54.98,342,338
54.98,336,343
54.98,345,345
54.99,349,346
55.04,324,319
55.04,329,327
55.04,302,302
55.04,296,299
55.04,325,323
55.05,316,317
55.06,327,327
55.11,302,302
55.11,328,328
55.11,289,287
55.11,322,321
55.11,309,307
55.11,339,345
55.12,364,360
55.18,306,304
55.18,314,313
55.18,312,313
55.18,331,333
55.18,347,351
55.18,368,365
55.19,324,320
55.25,324,323
55.25,312,313
55.25,331,329
55.25,309,308
55.25,352,354
55.25,322,314
55.25,326,328
55.31,310,303
55.31,313,318
55.31,318,313
55.31,334,340
55.31,335,328
55.31,331,336
55.32,372,366
55.37,280,276
55.37,323,330
55.37,335,334
55.37,343,342
55.37,325,321
55.38,320,322
55.38,318,318
55.43,329,328
55.43,336,340
55.43,323,319
55.43,297,297
55.43,318,319
55.44,307,303
55.45,320,326
55.51,329,324
55.51,329,333
55.51,334,330
55.51,315,317
55.51,333,331
55.51,308,306
55.51,320,324
55.57,316,313
55.57,321,322
55.57,302,301
55.57,325,323
55.57,300,297
55.57,308,309
55.58,311,311
55.64,322,326
55.64,319,317
55.64,318,316
55.64,322,319
55.64,314,317
55.64,365,361
55.65,330,332
55.7,334,336
55.7,301,297
55.7,330,331
55.7,323,321
55.7,317,317
55.7,315,314
55.71,329,330
55.77,322,320
55.78,342,343
55.78,326,319
55.78,304,309
55.78,331,329
55.78,325,334
55.78,347,336
55.84,274,277
55.84,305,305
55.84,315,315
55.84,328,325
55.84,317,319
55.84,332,328
55.84,298,303
55.9,334,332
55.9,313,314
55.9,337,337
55.9,325,321
55.9,328,335
55.9,322,316
55.91,322,327
55.96,359,357
55.96,323,323
55.96,326,323
55.96,308,309
55.96,334,333
55.96,318,319
55.97,328,331
56.02,318,313
56.02,337,337
56.02,309,309
56.03,331,332
56.03,332,331
56.03,356,362
56.04,323,312
56.1,323,332
56.1,370,364
56.1,322,319
56.1,321,321
56.1,320,323
56.1,337,328
56.1,282,286
56.16,328,329
56.16,313,315
56.16,366,362
56.16,315,311
56.16,348,354
56.16,358,356
56.17,365,365
56.22,327,322
56.22,345,349
56.22,328,320
56.22,329,335
56.22,335,331
56.23,314,318
56.24,337,337
56.29,329,326
56.29,321,321
56.29,312,312
56.29,342,342
56.29,314,312
56.29,330,331
56.3,333,334
56.37,337,337
56.37,314,312
56.37,336,338
56.37,331,327
56.37,319,323
56.37,344,339
56.37,318,324
56.43,336,332
56.43,336,336
56.43,323,321
56.43,326,326
56.43,340,342
56.43,313,307
56.43,321,324
56.49,307,303
56.49,326,329
56.49,322,323
56.49,336,334
56.49,322,320
56.49,326,330
56.5,329,323
56.55,324,325
56.55,321,318
56.55,303,304
56.55,318,312
56.55,314,316
56.55,363,359
56.56,309,312
56.61,366,361
56.61,309,305
56.61,332,338
56.61,333,335
56.61,344,342
56.62,314,312
56.63,328,329
56.69,313,308
56.69,319,323
56.69,318,316
56.69,322,323
56.69,338,335
56.69,321,321
56.69,332,328
56.75,342,347
56.75,348,343
56.75,299,300
56.75,357,358
56.75,321,320
56.75,340,337
56.76,286,284
56.82,331,334
56.82,319,315
56.82,331,334
56.82,337,332
56.82,326,327
56.82,334,326
56.83,317,320
56.88,344,345
56.88,342,342
56.88,330,322
56.88,292,293
56.88,329,328
56.88,307,308
56.89,363,362
56.94,323,320
56.94,346,346
56.94,295,290
56.94,310,314
56.94,309,308
56.95,317,318
56.96,309,305
57.02,301,305
57.02,321,316
57.02,301,303
57.02,339,336
57.02,302,302
57.02,315,314
57.02,305,307
57.08,333,336
57.08,332,331
57.08,326,324
57.08,302,305
57.08,324,323
57.08,298,296
57.09,328,331
57.14,329,323
57.14,333,338
57.14,329,326
57.14,346,355
57.14,351,339
57.14,320,325
57.15,349,343
57.21,311,312
57.21,354,354
57.21,311,309
57.21,330,331
57.21,325,326
57.21,330,328
57.22,312,312
57.27,312,312
57.27,316,317
57.27,338,335
57.27,330,327
57.27,313,314
57.28,306,306
57.28,332,337
57.35,332,332
57.35,332,329
57.35,316,315
57.35,321,322
57.35,333,334
57.35,321,318
57.35,327,328
57.41,296,295
57.41,319,321
57.41,300,298
57.41,320,321
57.41,327,326
57.41,320,320
57.41,314,311
57.47,326,327
57.47,314,308
57.47,322,326
57.47,330,324
57.47,314,314
57.47,327,327
57.48,319,319
57.53,331,330
57.53,312,311
57.53,314,315
57.53,300,301
57.53,320,319
57.54,322,323
57.55,335,334
57.6,334,331
57.6,324,328
57.6,330,329
57.6,324,329
57.6,341,337
57.6,331,333
57.61,370,370
57.67,341,333
57.67,327,328
57.67,314,314
57.67,342,345
57.67,315,308
57.67,330,332
57.68,315,315
57.74,339,335
57.74,292,290
57.74,326,330
57.74,319,313
57.74,309,311
57.74,340,337
57.74,322,332
57.8,357,354
57.8,364,365
57.8,348,343
57.8,329,331
57.8,352,348
57.8,304,301
57.81,341,346
57.86,326,320
57.86,325,328
57.86,341,336
57.86,327,327
57.86,317,317
57.87,328,330
57.87,341,336
57.94,316,313
57.94,319,317
57.94,334,334
57.94,330,332
57.94,330,334
57.94,328,328
57.94,346,348
58.0,339,333
58.0,311,311
58.0,348,351
58.0,333,331
58.0,354,356
58.0,327,323
58.0,326,328
58.06,305,300
58.06,323,327
58.06,320,318
58.06,325,325
58.06,317,315
58.06,309,314
58.07,343,339
58.13,303,304
58.13,367,366
58.13,302,295
58.13,316,319
58.13,296,297
58.13,327,328
58.14,307,304
58.19,321,322
58.19,296,293
58.19,328,332
58.19,309,300
58.19,327,332
58.19,318,312
58.2,301,306
58.25,362,362
58.25,335,334
58.25,337,339
58.25,335,333
58.25,328,331
58.26,344,342
58.27,324,326
58.33,313,310
58.33,320,322
58.33,331,330
58.33,311,313
58.33,316,317
58.33,335,337
58.33,340,338
58.39,340,343
58.39,345,341
58.39,322,326
58.39,336,330
58.39,326,328
58.39,363,365
58.4,328,321
58.45,329,330
58.45,326,324
58.45,328,329
58.45,334,331
58.45,357,359
58.46,323,319
58.46,327,330
58.52,329,326
58.52,327,331
58.52,353,349
58.52,323,322
58.52,332,330
58.52,313,317
58.53,349,344
58.58,313,314
58.58,344,348
58.58,320,316
58.58,334,337
58.58,341,341
58.59,334,331
58.59,309,312
58.66,366,368
58.66,329,326
58.66,366,366
58.66,311,309
58.66,312,315
58.66,341,335
58.66,322,324
58.72,337,335
58.72,310,309
58.72,327,330
58.72,327,322
58.72,320,321
58.72,303,303
58.73,330,328
58.78,299,300
58.78,322,327
58.78,313,308
58.78,336,342
58.78,344,337
58.78,312,312
58.79,314,313
58.84,335,339
58.84,327,322
58.84,325,331
58.84,341,331
58.84,311,316
58.85,338,337
58.86,327,329
58.91,345,347
58.91,336,337
58.91,322,316
58.91,287,287
58.91,320,321
58.91,313,310
58.92,333,338
58.99,331,326
58.99,307,308
58.99,317,312
58.99,311,314
58.99,320,319
58.99,318,320
58.99,347,345
59.05,324,327
59.05,342,337
59.05,321,320
59.05,321,322
59.05,311,310
59.05,338,338
59.05,324,321
59.11,323,330
59.11,333,329
59.11,329,335
59.11,330,323
59.11,314,315
59.11,319,315
59.12,326,332
59.17,331,326
59.17,329,329
59.17,335,331
59.17,319,318
59.17,342,343
59.18,313,308
59.18,325,329
59.23,321,319
59.23,321,320
59.23,328,328
59.24,334,334
59.24,320,317
59.24,341,343
59.25,329,323
59.31,313,320
59.31,338,330
59.31,303,306
59.31,341,337
59.31,297,298
59.31,321,322
59.32,327,324
59.38,328,324
59.38,313,313
59.38,337,338
59.38,328,325
59.38,330,330
59.38,320,313
59.38,324,329
59.44,339,336
59.44,333,333
59.44,322,321
59.44,314,318
59.44,347,349
59.44,323,318
59.45,337,338
59.5,326,322
59.5,318,324
59.5,355,354
59.5,342,341
59.5,339,339
59.5,355,354
59.51,317,314
59.58,315,318
59.58,315,308
59.58,314,317
59.58,294,292
59.58,311,317
59.58,321,317
59.58,313,315
59.64,329,321
59.64,292,297
59.64,336,332
59.64,298,300
59.64,346,343
59.64,297,295
59.64,322,327
59.7,329,327
59.7,348,351
59.7,331,325
59.7,335,338
59.7,319,312
59.7,320,328
59.71,338,334
59.76,324,326
59.76,337,335
59.76,316,317
59.76,347,342
59.76,305,304
59.77,334,334
59.77,308,309
59.82,333,332
59.82,308,308
59.82,337,338
59.82,322,324
59.82,358,357
59.83,310,309
59.84,323,326
59.9,326,323
59.9,334,335
59.9,331,328
59.9,324,327
59.9,341,339
59.9,313,312
59.91,329,329
59.96,334,329
59.97,309,309
59.97,328,329
59.97,343,340
59.97,312,311
59.97,317,318
59.97,294,294
60.03,325,326
60.03,331,330
60.03,331,332
60.03,338,336
60.03,339,345
60.03,342,336
60.04,319,318
60.09,316,315
60.09,314,317
60.09,324,323
60.09,318,319
60.09,330,331
60.09,302,297
60.1,319,319
60.15,325,325
60.15,307,302
60.15,307,307
60.15,322,317
60.15,297,295
60.16,316,322
60.17,345,338
60.23,296,302
60.23,357,356
60.23,308,304
60.23,320,319
60.23,316,318
60.23,347,344
60.23,339,336
60.29,348,350
60.29,314,308
60.29,317,320
60.29,326,322
60.29,315,317
60.29,340,336
60.3,330,332
60.36,318,314
60.36,327,331
60.36,313,309
60.36,325,330
60.36,383,379
60.36,309,305
60.36,336,343
60.42,351,346
60.42,314,313
60.42,296,298
60.42,322,323
60.42,290,287
60.42,314,317
60.43,307,306
60.48,327,329
60.48,349,350
60.48,352,352
60.48,328,324
60.48,334,336
60.49,328,325
60.49,303,302
60.56,304,305
60.56,316,315
60.56,334,334
60.56,306,301
60.56,334,341
60.56,322,316
60.56,304,303
60.62,299,297
60.62,297,298
60.62,330,330
60.62,312,311
60.62,313,314
60.62,314,317
60.63,353,358
60.64,373,371
60.65,333,327
60.65,322,326
60.72,341,337
60.72,295,293
60.72,335,337
60.72,328,328
60.72,362,362
60.72,338,332
60.72,323,324
60.78,336,336
60.78,356,354
60.78,318,311
60.78,325,329
60.78,306,301
60.78,293,296
60.79,290,286
60.84,275,281
60.84,303,299
60.84,271,272
60.84,304,308
60.84,314,307
60.84,325,331
60.85,319,311
60.92,292,295
60.92,312,312
60.92,323,322
60.92,299,297
60.92,341,346
60.92,336,329
60.92,329,336
60.98,316,308
60.98,303,309
60.98,329,326
60.98,296,297
60.98,328,330
60.98,302,300
60.98,334,334
61.04,311,311
61.04,328,326
61.04,317,320
61.04,350,348
61.04,320,318
61.04,338,338
61.05,320,316
61.1,326,333
61.11,342,334
61.11,307,311
61.11,328,323
61.11,320,321
61.11,347,344
61.11,309,310
61.17,359,360
61.17,331,326
61.17,322,326
61.17,331,330
61.17,344,343
61.17,327,326
61.18,309,305
61.23,289,288
61.23,302,308
61.23,317,315
61.23,323,326
61.23,357,351
61.24,323,325
61.24,334,330
61.31,327,329
61.31,338,335
61.31,321,321
61.31,339,336
61.31,310,305
61.31,333,338
61.31,336,332
61.37,367,368
61.37,342,335
61.37,346,351
61.37,352,347
61.37,343,349
61.37,358,355
61.38,338,340
61.43,338,338
61.43,332,331
61.43,315,312
61.43,306,307
61.43,336,337
61.43,305,301
61.44,310,314
61.49,312,310
61.49,317,318
61.49,319,320
61.49,316,313
61.49,286,286
61.5,299,299
61.51,299,297
61.56,315,316
61.56,308,309
61.56,322,321
61.56,312,311
61.56,308,311
61.56,318,317
61.57,286,284
61.63,331,333
61.63,304,304
61.63,327,335
61.63,334,331
61.63,335,337
61.63,329,325
61.64,355,354
61.7,319,317
61.7,341,344
61.7,315,310
61.7,325,329
61.7,329,326
61.7,321,327
61.7,341,337
61.76,326,327
61.76,325,324
61.76,311,314
61.76,340,342
61.76,329,324
61.76,327,330
61.77,311,307
61.82,326,329
61.82,333,333
61.82,346,344
61.82,321,320
61.82,342,345
61.83,331,325
61.83,333,337
61.88,357,357
61.88,344,342
61.88,338,339
61.88,323,324
61.88,362,362
61.89,343,343
61.9,362,361
61.96,340,339
61.96,353,356
61.96,344,340
61.96,330,335
61.96,361,359
61.96,347,345
61.97,319,316
62.02,332,336
62.02,341,335
62.02,307,309
62.02,334,333
62.02,332,336
62.02,334,335
62.03,309,308
62.09,319,320
62.09,305,304
62.09,317,319
62.09,297,295
62.09,324,327
62.09,328,328
62.1,340,338
62.15,315,310
62.15,313,316
62.15,307,303
62.15,308,315
62.15,343,338
62.15,307,310
62.16,339,339
62.21,310,312
62.21,320,320
62.21,308,307
62.21,323,324
62.21,314,317
62.22,343,337
62.23,306,305
62.29,335,340
62.29,337,334
62.29,331,335
62.29,336,332
62.29,315,317
62.29,358,357
62.29,331,329
62.35,337,333
62.35,307,309
62.35,338,336
62.35,305,307
62.35,326,327
62.35,309,305
62.36,342,343
62.41,324,322
62.41,340,341
62.41,321,319
62.41,330,330
62.41,310,310
62.42,344,345
62.42,308,305
62.47,349,356
62.47,338,335
62.47,332,332
62.47,335,331
62.47,301,301
62.48,333,331
62.49,317,316
62.55,342,341
62.55,326,321
62.55,328,328
62.55,326,323
62.55,330,333
62.55,320,317
62.56,337,339
62.61,325,320
62.61,308,312
62.62,330,328
62.62,342,344
62.62,318,314
62.62,312,317
62.62,334,326
62.68,306,314
62.68,334,328
62.68,302,302
62.68,340,343
62.68,330,327
62.68,335,333
62.69,305,303
62.74,349,350
62.74,337,331
62.74,353,355
62.74,353,347
62.74,314,312
62.74,320,322
62.75,332,332
62.8,332,328
62.8,322,326
62.8,339,339
62.8,307,303
62.8,330,330
62.81,301,303
62.82,317,321
62.88,311,310
62.88,339,344
62.88,310,303
62.88,288,291
62.88,320,321
62.88,331,336
62.88,379,373
62.94,327,326
62.94,343,344
62.94,338,336
62.94,335,329
62.94,308,310
62.94,322,322
62.95,318,317
63.0,325,323
63.0,314,316
63.0,331,328
63.0,305,303
63.0,310,309
63.01,295,295
63.01,313,312
63.07,305,304
63.07,343,346
63.07,332,324
63.07,317,319
63.07,308,305
63.07,309,314
63.08,312,314
63.14,309,310
63.14,323,320
63.14,312,315
63.14,347,348
63.14,312,306
63.14,320,321
63.14,319,321
63.21,323,322
63.21,318,316
63.21,304,303
63.21,301,299
63.21,314,318
63.21,317,313
63.21,315,317
63.27,331,331
63.27,315,315
63.27,326,322
63.27,315,316
63.27,330,329
63.27,309,308
63.28,320,322
63.33,317,313
63.33,320,319
63.33,321,319
63.33,324,323
63.33,296,293
63.33,333,341
63.34,345,341
63.4,320,318
63.4,326,325
63.4,327,331
63.4,332,328
63.4,312,316
63.4,333,330
63.41,307,308
63.46,324,322
63.46,320,314
63.46,300,302
63.46,317,316
63.46,323,323
63.46,321,320
63.47,332,333
63.52,320,319
63.52,329,331
63.52,347,343
63.52,320,327
63.52,335,331
63.53,323,326
63.54,321,316
63.6,315,319
63.6,352,351
63.6,333,330
63.6,339,341
63.6,314,309
63.6,318,319
63.6,321,322
63.66,344,344
63.66,320,319
63.66,319,317
63.66,326,322
63.66,321,326
63.66,367,364
63.67,340,341
63.72,319,315
63.73,324,325
63.73,326,324
63.73,321,321
63.73,331,328
63.73,306,306
63.73,329,330
63.79,320,318
63.79,337,342
63.79,351,347
63.79,332,332
63.79,349,348
63.79,308,305
63.8,323,322
63.86,342,345
63.86,326,320
63.86,331,342
63.86,358,351
63.86,320,320
63.86,326,324
63.87,325,327
63.93,348,348
63.93,332,330
63.93,342,341
63.93,313,312
63.93,346,347
63.93,334,333
63.93,326,330
63.99,330,328
63.99,344,348
63.99,329,326
63.99,320,320
63.99,329,327
63.99,299,300
64.0,314,313
64.05,302,304
64.05,330,331
64.05,314,311
64.05,318,318
64.05,315,316
64.05,339,338
64.06,319,318
64.11,365,369
64.11,327,319
64.11,341,350
64.12,339,331
64.12,312,322
64.12,345,337
64.13,321,323
64.19,346,344
64.19,316,318
64.19,332,336
64.19,352,347
64.19,308,307
64.19,305,309
64.19,336,334
64.26,286,282
64.26,339,342
64.26,304,301
64.26,320,319
64.26,315,311
64.26,303,306
64.26,327,323
64.32,312,310
64.32,311,307
64.32,294,299
64.32,303,299
64.32,315,319
64.32,327,324
64.32,289,286
64.38,309,310
64.38,309,310
64.38,321,318
64.38,300,298
64.38,340,346
64.38,339,336
64.39,298,297
64.44,322,322
64.44,330,335
64.44,308,301
64.44,323,330
64.44,344,340
64.45,312,315
64.46,353,349
64.52,308,311
64.52,343,340
64.52,326,324
64.52,349,352
64.52,348,343
64.52,319,320
64.52,331,329
64.58,318,321
64.58,324,321
64.58,349,352
64.58,315,311
64.58,328,333
64.58,365,362
64.59,314,314
64.64,330,328
64.64,320,321
64.64,323,320
64.64,303,305
64.64,333,331
64.64,295,295
64.65,322,325
64.71,337,333
64.71,315,315
64.71,314,314
64.71,307,304
64.71,300,297
64.71,302,306
64.72,309,304
64.77,308,313
64.77,338,334
64.77,319,321
64.77,329,328
64.77,331,334
64.78,332,330
64.78,310,308
64.85,307,308
64.85,307,306
64.85,310,310
64.85,309,308
64.85,316,315
64.85,295,294
64.85,299,301
64.91,308,304
64.91,313,314
64.91,315,311
64.91,318,324
64.91,343,337
64.91,316,318
64.91,342,340
64.97,323,322
64.97,349,350
64.97,349,347
64.97,347,345
64.97,328,330
64.97,345,344
64.98,332,327
65.03,306,310
65.03,339,335
65.03,321,322
65.03,326,326
65.03,301,304
65.04,317,313
65.05,311,314
65.1,337,333
65.1,292,294
65.1,331,328
65.1,313,310
65.1,310,310
65.1,313,313
65.11,329,328
65.18,326,325
65.18,333,333
65.18,328,329
65.18,350,346
65.18,287,285
65.18,327,329
65.18,315,309
65.24,305,311
65.24,328,323
65.24,311,314
65.24,351,351
65.24,330,331
65.24,358,359
65.24,306,303
65.3,327,329
65.3,300,296
65.3,317,318
65.3,323,320
65.3,339,343
65.3,314,310
65.31,335,337
65.36,328,323
65.36,317,320
65.36,332,328
65.36,311,311
65.36,339,338
65.36,326,328
65.37,340,338
65.43,295,294
65.43,319,321
65.43,336,333
65.43,332,330
65.43,320,316
65.43,313,313
65.44,309,309
65.49,331,334
65.49,317,312
65.49,315,322
65.49,331,326
65.49,328,334
65.5,369,367
65.5,316,314
65.57,332,332
65.57,327,330
65.57,348,348
65.57,327,320
65.57,315,319
65.57,323,320
65.57,328,332
65.63,332,330
65.63,328,332
65.63,339,336
65.63,313,312
65.63,327,328
65.63,345,348
65.64,331,324
65.69,320,323
65.69,345,340
65.69,332,334
65.69,345,344
65.69,342,343
65.69,344,346
65.7,348,351
65.75,370,368
65.75,329,328
65.75,351,349
65.75,341,341
65.75,330,330
65.76,325,321
65.77,323,329
65.83,354,351
65.83,335,336
65.83,329,322
65.83,320,328
65.83,351,350
65.83,324,323
65.83,349,347
65.89,333,330
65.89,332,333
65.89,321,319
65.89,338,342
65.89,330,328
65.89,327,327
65.9,307,307
65.96,325,331
65.96,311,306
65.96,310,314
65.96,321,316
65.96,313,315
65.96,323,318
65.96,301,304
66.02,326,321
66.02,302,301
66.02,332,337
66.02,336,329
66.02,305,308
66.02,323,321
66.03,319,318
66.08,308,309
66.08,326,324
66.08,322,321
66.08,323,324
66.08,310,310
66.09,301,301
66.09,318,321
66.14,324,325
66.14,318,313
66.14,308,311
66.14,320,319
66.14,316,316
66.15,313,316
66.16,353,350
66.22,306,302
66.22,305,307
66.22,324,323
66.22,319,316
66.22,343,346
66.22,344,339
66.22,304,305
66.28,320,321
66.28,314,316
66.28,307,301
66.29,314,318
66.29,342,336
66.29,309,312
66.29,354,351
66.35,297,293
66.35,319,321
66.35,308,307
66.35,307,305
66.35,301,301
66.35,325,331
66.36,304,300
66.41,318,320
66.41,293,292
66.41,323,328
66.41,336,326
66.41,295,302
66.41,327,322
66.42,294,299
66.47,338,333
66.47,303,302
66.47,309,310
66.47,281,273
66.47,304,309
66.48,311,308
66.49,344,347
66.55,316,315
66.55,338,335
66.55,319,316
66.55,334,337
66.55,340,338
66.55,328,336
66.55,353,345
66.61,300,304
66.61,337,334
66.61,312,312
66.61,350,349
66.61,312,311
66.61,328,327
66.62,310,310
66.67,334,335
66.67,315,312
66.67,325,326
66.67,327,325
66.67,354,357
66.68,315,307
66.68,325,328
66.74,318,318
66.74,319,318
66.74,311,310
66.74,313,317
66.74,345,340
66.74,299,297
66.75,343,345
66.81,346,342
66.81,328,324
66.81,316,316
66.81,315,312
66.81,323,323
66.81,362,359
66.81,327,326
66.87,340,339
66.87,326,325
66.87,337,340
66.87,320,316
66.87,338,339
66.88,317,315
66.88,327,325
66.94,346,343
66.94,297,294
66.94,311,314
66.94,323,322
66.94,324,324
66.94,309,305
66.95,326,329
67.0,323,320
67.0,311,314
67.0,312,306
67.0,331,336
67.0,331,324
67.0,319,322
67.01,322,318
67.08,311,314
67.08,329,323
67.08,304,309
67.08,336,334
67.08,309,311
67.08,351,349
67.08,302,300
67.14,341,339
67.14,292,291
67.14,343,348
67.14,324,318
67.14,315,317
67.14,329,325
67.14,314,314
67.2,305,304
67.2,328,332
67.2,371,371
67.2,341,336
67.2,324,324
67.2,323,323
67.21,342,342
67.26,328,329
67.26,341,340
67.26,323,325
67.26,347,344
67.26,320,318
67.27,336,340
67.27,335,330
67.32,341,344
67.32,332,329
67.32,328,331
67.32,350,345
67.32,320,324
67.33,359,357
67.34,317,318
67.4,351,350
67.4,303,301
67.4,330,335
67.4,333,330
67.4,314,315
67.4,332,332
67.4,331,329
67.46,328,326
67.46,333,336
67.46,344,341
67.46,326,328
67.47,339,334
67.47,312,314
67.47,342,344
67.53,346,345
67.53,326,322
67.53,319,322
67.53,332,329
67.53,320,324
67.53,349,349
67.54,345,343
67.59,339,342
67.59,336,333
67.59,336,340
67.59,322,318
67.59,320,325
67.59,322,318
67.6,310,314
67.65,337,335
67.65,308,308
67.65,322,324
67.65,325,322
67.65,316,312
67.66,286,283
67.67,332,337
67.73,314,311
67.73,325,325
67.73,324,323
67.73,355,357
67.73,307,302
67.73,331,335
67.73,312,304
67.79,329,336
67.79,322,316
67.79,327,331
67.79,352,345
67.79,320,324
67.79,352,346
67.8,305,310
67.85,336,334
67.85,308,308
67.85,321,321
67.85,312,313
67.85,315,314
67.86,315,316
67.86,359,357
67.92,312,307
67.92,313,315
67.92,321,321
67.92,340,345
67.92,347,338
67.92,314,316
67.93,342,337
67.99,303,305
67.99,314,310
67.99,300,304
67.99,319,321
67.99,299,296
67.99,333,336
67.99,295,293
68.06,326,329
68.06,303,298
68.06,350,354
68.06,311,307
68.06,323,327
68.06,313,307
68.06,304,311
68.12,332,328
68.12,313,317
68.12,319,315
68.12,296,297
68.12,326,324
68.12,298,299
68.13,315,311
68.18,321,320
68.18,335,337
68.18,309,311
68.18,324,323
68.18,312,311
68.18,317,318
68.19,301,300
68.24,322,326
68.24,302,296
68.24,329,335
68.24,337,335
68.24,333,337
68.25,359,355
68.26,329,329
68.27,321,317
68.28,330,336
68.29,340,335
68.34,319,321
68.34,361,365
68.34,355,351
68.34,355,358
68.34,334,328
68.34,322,326
68.35,333,331
68.4,322,323
68.4,334,329
68.4,319,320
68.4,346,346
68.4,321,320
68.41,342,338
68.42,274,275
68.48,331,333
68.48,329,326
68.48,319,318
68.48,300,305
68.48,353,352
68.48,307,303
68.48,352,359
68.54,349,343
68.54,336,340
68.54,336,325
68.54,302,308
68.54,326,318
68.54,283,288
68.55,329,323
68.6,298,302
68.6,328,327
68.6,318,317
68.6,306,305
68.6,305,307
68.6,320,320
68.61,314,309
68.66,308,309
68.66,288,288
68.66,318,320
68.66,314,317
68.67,301,299
68.67,337,340
68.68,343,340
68.73,310,302
68.73,313,314
68.73,314,314
68.73,310,311
68.73,344,343
68.74,312,309
68.74,325,326
68.81,308,306
68.81,312,310
68.81,286,289
68.81,332,334
68.81,341,339
68.81,321,320
68.81,299,294
68.87,316,319
68.87,308,304
68.87,319,321
68.87,324,319
68.87,295,301
68.87,337,329
68.88,305,308
68.93,333,334
68.93,304,301
68.93,348,352
68.93,292,291
68.93,326,328
68.93,326,321
68.94,331,336
69.0,315,307
69.0,325,338
69.0,364,351
69.0,303,305
69.0,334,334
69.0,325,325
69.01,358,354
69.06,301,301
69.06,333,334
69.06,319,318
69.06,340,336
69.06,308,306
69.06,339,347
69.07,370,368
69.14,347,346
69.14,331,329
69.14,332,333
69.14,317,315
69.14,311,313
69.14,315,313
69.14,335,338
69.2,321,318
69.2,345,352
69.2,318,312
69.2,302,304
69.2,348,350
69.2,318,315
69.2,354,355
69.26,333,329
69.26,303,302
69.26,306,307
69.26,312,312
69.26,313,311
69.26,312,315
69.27,334,327
69.32,320,325
69.32,320,314
69.32,304,306
69.32,319,311
69.32,298,301
69.33,330,326
69.33,304,303
69.39,342,344
69.39,328,326
69.39,310,311
69.39,294,294
69.39,346,348
69.39,305,301
69.4,305,305
69.46,315,314
69.46,306,307
69.46,296,295
69.46,314,320
69.46,367,364
69.46,327,331
69.46,375,369
69.52,317,315
69.52,324,324
69.52,303,301
69.52,321,320
69.52,303,300
69.52,315,313
69.53,310,310
69.59,310,314
69.59,299,296
69.59,327,328
69.59,309,305
69.59,312,315
69.59,307,299
69.6,300,307
69.65,362,358
69.65,294,296
69.65,340,338
69.65,308,308
69.65,335,338
69.65,326,325
69.66,329,328
69.73,316,319
69.73,332,329
69.73,315,315
69.73,332,330
69.73,313,310
69.73,298,300
69.73,300,300
69.79,325,327
69.79,318,317
69.79,319,324
69.79,341,336
69.79,321,319
69.79,339,335
69.79,341,348
69.85,358,354
69.85,304,304
69.85,346,348
69.85,308,306
69.85,335,339
69.85,313,310
69.86,327,330
69.91,326,324
69.91,327,330
69.91,336,331
69.91,316,318
69.91,318,314
69.92,324,327
69.92,322,318
69.98,323,328
69.98,349,346
69.98,305,304
69.98,321,325
69.98,352,353
69.98,349,342
69.99,314,315
70.05,332,333
70.05,329,329
70.05,353,352
70.05,343,344
70.05,355,353
70.05,334,331
70.05,329,334
70.11,350,349
70.11,320,317
70.11,316,316
70.11,318,317
70.11,311,311
70.11,322,324
70.12,342,340
70.18,321,321
70.18,335,334
70.18,321,318
70.18,334,335
70.18,317,315
70.18,337,338
70.19,321,317
70.24,320,326
70.24,353,355
70.24,344,340
70.24,322,320
70.24,333,335
70.24,323,315
70.25,302,305
70.3,334,333
70.3,290,288
70.3,325,328
70.3,344,344
70.3,346,343
70.31,336,332
70.32,303,307
70.38,335,334
70.38,330,328
70.38,309,305
70.38,296,297
70.38,352,354
70.38,313,310
70.38,319,318
70.44,302,305
70.44,342,343
70.44,328,326
70.44,322,322
70.44,314,313
70.44,345,344
70.45,325,321
70.51,320,321
70.51,308,310
70.51,340,340
70.51,337,331
70.51,318,323
70.51,333,329
70.51,311,312
70.57,342,340
70.57,298,300
70.57,329,325
70.57,292,293
70.57,328,330
70.57,312,310
70.58,313,314
70.63,310,309
70.63,321,322
70.63,309,308
70.63,319,322
70.63,323,322
70.64,328,329
70.64,322,323
70.69,325,322
70.69,311,309
70.69,308,311
70.7,333,329
70.7,315,319
70.7,343,339
70.71,323,319
70.77,334,334
70.77,304,305
70.77,343,342
70.77,316,317
70.77,320,321
70.77,305,302
70.78,324,330
70.83,317,310
70.83,325,330
70.83,339,329
70.83,324,336
70.83,355,350
70.83,314,315
70.84,318,314
70.9,286,289
70.9,338,337
70.9,303,299
70.9,332,332
70.9,292,288
70.9,317,323
70.91,326,316
70.96,306,313
70.96,322,318
70.96,326,329
70.96,314,309
70.96,312,317
70.96,323,315
70.97,297,299
71.04,329,329
71.04,320,319
71.04,334,335
71.04,341,345
71.04,358,354
71.04,318,315
71.04,328,332
71.1,338,339
71.1,375,374
71.1,339,334
71.1,324,326
71.1,318,318
71.1,321,319
71.1,304,298
71.16,322,328
71.16,328,320
71.16,320,323
71.16,349,341
71.16,309,318
71.16,381,374
71.17,314,314
71.22,332,331
71.22,313,311
71.22,338,339
71.22,303,295
71.22,296,297
71.23,323,322
71.23,289,289
71.29,302,301
71.29,299,299
71.29,298,295
71.29,305,310
71.29,321,315
71.29,279,279
71.3,321,322
71.36,332,335
71.36,353,350
71.36,309,309
71.36,316,317
71.37,296,295
71.37,319,318
71.37,308,308
71.43,318,321
71.43,335,336
71.43,363,359
71.43,307,301
71.43,311,316
71.43,303,298
71.43,304,307
71.49,310,308
71.49,302,302
71.49,344,342
71.49,322,323
71.49,349,349
71.49,307,303
71.5,332,332
71.55,336,337
71.55,360,363
71.55,358,357
71.55,341,337
71.55,310,309
71.55,318,318
71.56,307,308
71.61,336,335
71.61,322,316
71.61,310,315
71.61,354,350
71.61,346,345
71.62,353,346
71.63,319,317
71.69,312,310
71.69,303,303
71.69,320,317
71.69,317,317
71.69,331,329
71.69,325,325
71.69,317,316
71.75,327,324
71.75,350,351
71.75,345,341
71.75,330,329
71.75,336,332
71.75,299,301
71.76,310,305
71.82,289,292
71.82,333,336
71.82,298,296
71.82,337,338
71.82,308,308
71.82,344,352
71.82,328,318
71.88,302,306
71.88,340,341
71.88,360,360
71.88,323,316
71.88,316,316
71.88,318,315
71.89,307,310
71.94,350,350
71.94,312,311
71.94,336,334
71.94,303,300
71.94,310,313
71.95,306,304
71.96,310,310
72.02,316,317
72.02,321,321
72.02,313,312
72.02,351,356
72.02,315,307
72.02,323,329
72.02,329,326
72.08,327,330
72.08,368,363
72.08,314,314
72.08,338,336
72.08,308,308
72.08,314,314
72.09,317,315
72.14,335,334
72.14,316,312
72.14,342,344
72.14,339,336
72.14,318,318
72.14,334,333
72.15,340,343
72.2,338,334
72.2,317,320
72.2,335,334
72.2,322,321
72.2,331,330
72.21,320,323
72.22,347,345
72.28,334,332
72.28,334,335
72.28,319,323
72.28,358,358
72.28,300,299
72.28,331,332
72.28,347,346
72.34,337,333
72.34,318,315
72.34,318,316
72.34,317,314
72.35,307,308
72.35,326,326
72.35,329,330
72.41,340,340
72.41,340,340
72.41,351,346
72.41,303,303
72.41,334,337
72.41,334,337
72.41,371,366
72.47,295,290
72.47,321,329
72.47,339,334
72.47,356,357
72.47,313,307
72.47,329,333
72.48,322,317
72.53,348,356
72.53,363,354
72.53,294,297
72.53,341,340
72.53,300,297
72.54,316,315
72.54,300,300
72.6,352,357
72.6,311,305
72.6,328,329
72.6,324,320
72.6,339,341
72.6,310,304
72.61,315,322
72.67,336,330
72.68,316,319
72.68,324,321
72.68,305,308
72.68,336,335
72.68,339,337
72.68,306,303
72.74,296,298
72.74,333,333
72.74,317,315
72.74,347,345
72.74,300,297
72.74,335,335
72.74,325,324
72.8,323,323
72.8,339,342
72.8,340,339
72.8,338,337
72.8,307,308
72.8,328,328
72.81,312,310
72.86,335,335
72.86,314,318
72.86,337,332
72.86,334,335
72.86,310,310
72.86,291,289
72.87,328,329
72.92,312,311
72.92,311,313
72.92,331,328
72.92,299,296
72.92,311,314
72.93,342,340
72.94,295,292
73.0,303,305
73.0,315,314
73.0,303,303
73.0,305,300
73.0,283,284
73.0,334,338
73.0,309,303
73.07,319,321
73.07,287,282
73.07,307,310
73.07,308,305
73.07,301,305
73.07,301,298
73.07,307,308
73.13,286,285
73.13,295,296
73.13,311,311
73.13,311,312
73.13,321,320
73.13,327,330
73.13,333,330
73.19,317,317
73.19,372,376
73.19,336,330
73.19,327,329
73.19,325,321
73.19,313,314
73.2,326,323
73.25,311,313
73.25,348,343
73.25,304,309
73.25,339,336
73.25,304,305
73.26,335,334
73.27,302,301
73.33,328,326
73.33,319,320
73.33,321,320
73.33,307,303
73.33,319,320
73.33,308,309
73.33,325,322
73.39,307,306
73.39,303,304
73.39,326,324
73.39,312,311
73.39,314,314
73.39,354,358
73.4,335,331
73.46,320,322
73.46,320,318
73.46,322,324
73.46,340,335
73.46,308,309
73.46,349,352
73.46,326,323
73.52,329,328
73.52,313,310
73.52,317,315
73.52,329,329
73.52,330,326
73.52,316,321
73.53,329,324
73.58,322,322
73.58,325,325
73.58,313,309
73.58,314,320
73.58,350,345
73.59,316,316
73.59,333,336
73.64,345,338
73.64,326,332
73.64,322,319
73.64,354,356
73.64,347,342
73.65,321,319
73.66,313,311
73.72,339,341
73.72,326,320
73.72,324,332
73.72,344,338
73.72,323,325
73.72,337,335
73.72,317,318
73.78,332,327
73.78,307,309
73.78,349,352
73.78,351,347
73.78,315,311
73.78,295,294
73.79,318,321
73.84,297,295
73.84,326,326
73.84,319,319
73.84,331,332
73.84,330,329
73.85,327,328
73.86,334,331
73.91,317,320
73.91,337,332
73.91,329,332
73.91,322,319
73.91,300,300
73.91,328,330
73.92,319,313
73.98,309,312
73.99,316,315
73.99,331,333
73.99,309,304
73.99,309,318
73.99,361,359
73.99,342,343
74.05,335,329
74.05,322,327
74.05,341,337
74.05,328,331
74.05,347,344
74.05,320,321
74.05,334,333
74.11,330,325
74.11,330,333
74.11,331,332
74.11,348,346
74.11,297,292
74.11,311,314
74.12,317,316
74.17,322,323
74.17,319,318
74.17,325,329
74.17,356,348
74.17,303,309
74.18,345,340
74.18,298,302
74.23,340,337
74.23,320,318
74.23,330,329
74.23,311,311
74.23,326,330
74.24,319,316
74.25,331,329
74.31,298,296
74.31,327,330
74.31,318,316
74.31,331,336
74.31,331,326
74.31,320,322
74.31,326,324
74.37,324,324
74.37,320,316
74.37,321,325
74.37,360,361
74.37,325,320
74.37,352,353
74.38,333,329
74.44,337,337
74.44,330,332
74.44,360,362
74.44,317,313
74.44,323,322
74.44,310,311
74.45,335,334
74.5,311,305
74.5,313,317
74.5,345,341
74.5,324,323
74.5,335,330
74.5,316,316
74.51,321,322
74.58,284,281
74.58,312,315
74.58,305,305
74.58,297,294
74.58,274,274
74.58,322,322
74.58,338,338
74.64,325,322
74.64,324,322
74.64,295,295
74.64,314,310
74.64,315,319
74.64,353,347
74.64,286,287
74.7,322,324
74.7,344,348
74.7,348,343
74.7,298,298
74.7,347,345
74.7,310,310
74.71,358,363
74.76,346,344
74.76,354,356
74.76,343,338
74.76,315,317
74.76,354,355
74.76,365,363
74.77,308,302
74.82,305,311
74.82,315,309
74.82,305,312
74.82,328,323
74.82,285,286
74.83,306,304
74.84,313,315
74.9,336,335
74.9,297,295
74.9,305,308
74.9,324,321
74.9,319,322
74.9,331,325
74.9,313,315
74.96,314,312
74.96,325,329
74.96,347,343
74.96,322,322
74.96,337,336
74.96,335,334
74.97,319,319
75.02,332,331
75.02,326,323
75.02,300,300
75.02,315,314
75.02,314,312
75.03,332,337
75.04,331,324
75.1,318,320
75.1,336,333
75.1,326,327
75.1,328,325
75.1,315,318
75.1,338,335
75.1,316,316
75.16,344,344
75.16,320,316
75.16,323,325
75.16,324,320
75.16,327,329
75.16,312,316
75.17,334,330
75.23,315,314
75.23,325,328
75.23,315,310
75.23,315,317
75.23,301,296
75.23,298,304
75.23,319,318
75.29,335,340
75.29,338,332
75.29,305,305
75.29,326,326
75.29,301,300
75.29,326,328
75.3,309,307
75.35,339,342
75.35,311,306
75.35,320,325
75.35,322,318
75.35,333,334
75.35,305,302
75.36,330,335
75.43,325,323
75.43,348,348
75.43,335,332
75.43,305,304
75.43,334,334
75.43,310,305
75.43,326,327
75.49,330,328
75.49,342,340
75.49,313,312
75.49,333,333
75.49,305,305
75.49,351,357
75.49,346,339
75.55,336,339
75.55,321,318
75.55,320,324
75.55,329,325
75.55,320,324
75.55,305,301
75.56,298,297
75.62,332,335
75.62,303,300
75.62,315,318
75.62,294,292
75.62,340,340
75.62,313,315
75.63,328,326
75.68,314,313
75.68,320,323
75.68,301,298
75.68,314,321
75.68,333,327
75.68,302,303
75.69,315,310
75.74,283,284
75.74,313,310
75.74,296,293
75.74,315,319
75.74,303,298
75.75,329,332
75.76,306,304
75.82,325,328
75.82,351,355
75.82,362,363
75.82,357,356
75.82,351,353
75.82,322,316
75.83,324,325
75.83,337,331
75.84,308,313
75.85,345,339
75.91,302,307
75.91,349,348
75.91,309,310
75.91,338,337
75.91,313,310
75.91,322,324
75.92,326,320
75.98,300,302
75.98,330,330
75.98,343,339
75.98,336,336
75.98,355,356
75.98,332,326
75.98,330,331
76.04,335,331
76.04,308,305
76.04,317,317
76.04,307,306
76.04,325,323
76.04,306,307
76.05,338,339
76.1,314,314
76.1,339,336
76.1,331,333
76.1,330,325
76.1,326,325
76.1,335,335
76.11,316,315
76.18,329,336
76.18,344,337
76.18,310,314
76.18,331,326
76.18,306,308
76.18,364,366
76.18,317,312
76.24,339,342
76.24,320,315
76.24,344,346
76.24,320,317
76.24,330,332
76.24,320,321
76.24,350,350
76.3,324,321
76.3,330,329
76.3,325,323
76.3,317,320
76.3,324,319
76.3,313,317
76.31,360,360
76.36,333,332
76.36,344,344
76.36,314,307
76.36,334,338
76.36,297,289
76.37,314,318
76.37,327,325
76.43,339,339
76.43,322,318
76.43,317,326
76.43,359,352
76.43,291,288
76.43,338,340
76.44,324,320
76.5,303,305
76.5,343,347
76.5,342,335
76.5,306,307
76.5,337,336
76.5,317,312
76.51,321,327
76.57,322,318
76.57,323,322
76.57,317,317
76.57,354,353
76.57,322,323
76.57,333,331
76.57,319,316
76.63,310,310
76.63,300,296
76.63,293,295
76.63,318,316
76.63,331,331
76.63,344,338
76.64,286,290
76.69,330,333
76.69,330,330
76.69,354,356
76.69,313,307
76.69,309,313
76.69,304,302
76.7,302,304
76.75,312,312
76.75,308,313
76.75,319,317
76.75,293,292
76.75,310,315
76.76,300,296
76.77,302,302
76.83,319,325
76.83,350,345
76.83,294,293
76.83,347,351
76.83,313,307
76.83,317,317
76.83,292,292
76.89,330,329
76.89,280,279
76.89,312,311
76.89,289,288
76.89,298,298
76.89,326,324
76.9,296,295
76.96,318,316
76.96,308,307
76.96,328,325
76.96,314,319
76.96,312,307
76.96,288,289
76.96,320,320
77.02,295,292
77.02,310,315
77.02,305,300
77.02,323,331
77.02,333,327
77.02,321,326
77.03,344,337
77.08,302,303
77.08,321,318
77.08,325,325
77.08,303,302
77.08,313,316
77.09,339,338
77.1,305,302
77.16,315,313
77.16,315,314
77.16,347,345
77.16,311,310
77.16,342,343
77.16,316,311
77.16,322,330
77.22,338,331
77.22,313,315
77.22,332,330
77.22,312,313
77.22,342,342
77.22,327,326
77.23,327,324
77.28,326,328
77.28,334,332
77.28,326,329
77.28,355,350
77.28,291,288
77.28,313,316
77.29,299,295
77.34,317,323
77.34,327,322
77.34,325,325
77.34,322,322
77.34,337,336
77.35,307,300
77.36,307,318
77.42,339,328
77.42,278,284
77.42,351,353
77.42,333,330
77.42,333,333
77.42,331,331
77.42,380,380
77.48,324,321
77.48,385,389
77.48,341,334
77.48,321,323
77.48,343,342
77.48,319,320
77.49,352,355
77.55,333,326
77.55,302,298
77.55,318,323
77.55,338,334
77.55,330,331
77.55,325,325
77.55,327,326
77.61,343,340
77.61,323,320
77.61,322,328
77.61,322,313
77.61,346,352
77.61,328,322
77.62,313,316
77.67,325,320
77.67,325,328
77.67,330,328
77.67,329,329
77.67,320,318
77.68,323,326
77.69,338,331
77.75,278,279
77.75,320,319
77.75,308,307
77.75,308,308
77.75,320,323
77.75,338,337
77.75,307,308
77.81,332,332
77.81,314,313
77.81,331,332
77.81,317,311
77.81,324,328
77.81,341,339
77.82,317,318
77.87,335,332
77.87,316,317
77.87,316,316
77.88,305,303
77.88,352,359
77.88,313,309
77.88,332,335
77.94,318,317
77.94,357,357
77.94,332,329
77.94,322,322
77.94,311,308
77.94,305,308
77.95,337,334
78.0,311,311
78.0,319,320
78.0,308,308
78.0,330,327
78.0,317,319
78.0,332,326
78.01,306,307
78.06,334,338
78.06,326,327
78.06,351,348
78.06,336,335
78.06,324,325
78.07,325,318
78.08,300,302
78.14,340,337
78.14,316,318
78.14,320,316
78.14,295,300
78.14,341,333
78.14,305,307
78.14,327,325
78.2,309,308
78.2,345,346
78.2,313,309
78.2,331,330
78.2,310,309
78.2,348,349
78.21,327,322
78.27,311,309
78.27,317,318
78.27,315,315
78.27,316,313
78.27,306,306
78.27,303,299
78.28,292,299
78.33,331,328
78.33,299,304
78.33,335,329
78.33,302,301
78.33,311,314
78.33,315,316
78.34,350,353
78.41,318,309
78.41,317,323
78.41,343,339
78.41,339,339
78.41,332,326
78.41,314,318
78.41,329,325
78.47,320,323
78.47,331,326
78.47,318,319
78.47,319,316
78.47,296,300
78.47,359,359
78.47,316,315
78.53,326,326
78.53,306,302
78.53,303,304
78.53,306,307
78.53,354,358
78.53,331,321
78.54,320,325
78.59,341,335
78.59,314,317
78.59,313,309
78.59,289,292
78.59,331,329
78.59,289,288
78.6,325,327
78.65,297,292
78.66,307,309
78.66,312,311
78.66,331,330
78.66,311,311
78.66,338,336
78.67,293,291
78.73,335,341
78.73,327,320
78.73,324,329
78.73,340,337
78.73,334,335
78.73,338,336
78.73,332,333
78.79,332,330
78.79,321,324
78.79,356,356
78.79,341,341
78.79,337,337
78.79,319,321
78.8,351,350
78.86,293,289
78.86,325,329
78.86,318,316
78.86,319,320
78.86,326,324
78.86,327,327
78.86,338,338
78.92,325,326
78.92,337,334
78.92,322,324
78.92,343,341
78.92,322,321
78.92,321,322
78.93,336,335
78.98,342,339
78.98,329,330
78.98,355,353
78.98,333,330
78.98,353,354
78.99,342,338
79.0,320,326
79.06,352,351
79.06,316,313
79.06,332,333
79.06,337,342
79.06,349,343
79.06,312,313
79.06,327,326
79.12,319,317
79.12,325,326
79.12,307,304
79.12,329,328
79.12,300,299
79.12,319,320
79.13,314,315
79.18,321,322
79.18,315,310
79.18,317,322
79.18,333,328
79.18,334,336
79.18,332,326
79.19,300,302
79.25,331,329
79.25,306,305
79.25,327,328
79.25,293,290
79.25,326,330
79.25,339,339
79.26,337,335
79.32,303,305
79.32,342,346
79.32,351,347
79.32,317,316
79.32,317,315
79.32,315,316
79.32,320,319
79.39,320,320
79.39,325,326
79.39,326,324
79.39,323,324
79.39,320,316
79.39,318,317
79.39,290,289
79.45,322,323
79.45,312,309
79.45,314,313
79.45,288,290
79.45,310,311
79.45,299,300
79.45,304,306
79.51,307,305
79.51,302,305
79.51,304,303
79.51,302,305
79.51,340,338
79.51,306,308
79.52,330,327
79.57,295,295
79.57,323,323
79.57,307,305
79.57,321,324
79.57,321,317
79.58,335,337
79.59,306,302
79.64,336,343
79.64,327,322
79.64,317,320
79.64,328,323
79.64,302,305
79.64,321,321
79.65,308,310
79.71,322,321
79.71,310,309
79.71,300,297
79.71,279,282
79.71,321,322
79.71,307,311
79.72,352,350
79.78,307,306
79.78,326,326
79.78,310,305
79.78,328,330
79.78,318,315
79.78,335,340
79.78,338,335
79.84,330,331
79.84,348,347
79.84,326,327
79.84,367,367
79.84,334,330
79.84,358,358
79.85,321,314
79.9,317,322
79.9,352,353
79.9,368,365
79.9,311,307
79.9,320,323
79.91,319,315
79.91,312,314
79.98,339,344
79.98,319,314
79.98,321,319
79.98,322,323
79.98,336,334
79.98,310,309
79.98,328,325
80.04,303,306
80.04,343,342
80.04,297,294
80.04,336,338
80.04,328,322
80.04,327,329
80.04,317,313
80.1,320,324
80.1,307,302
80.1,322,330
80.1,323,315
80.1,303,309
80.1,354,347
80.11,311,313
80.17,329,327
80.17,330,331
80.17,352,352
80.17,321,319
80.17,330,331
80.17,336,334
80.18,352,350
80.23,321,314
80.23,309,313
80.23,353,350
80.23,322,325
80.23,313,305
80.23,305,308
80.24,308,304
80.29,290,295
80.29,312,306
80.29,293,295
80.29,342,339
80.29,310,310
80.3,311,311
80.31,289,287
80.37,324,328
80.37,315,314
80.37,310,310
80.37,306,302
80.37,312,313
80.37,316,314
80.37,300,304
80.43,320,318
80.43,312,319
80.43,332,326
80.43,311,314
80.43,340,334
80.43,286,288
80.44,334,331
80.49,305,306
80.49,366,369
80.49,326,321
80.49,323,326
80.49,324,326
80.49,327,325
80.5,294,293
80.55,339,343
80.55,314,310
80.55,329,333
80.55,320,316
80.55,317,319
80.56,328,327
80.57,317,317
80.63,320,317
80.63,300,303
80.63,325,324
80.63,300,301
80.63,332,331
80.63,303,301
80.63,336,334
80.69,307,305
80.69,332,337
80.69,345,336
80.69,314,318
80.69,348,344
80.69,317,319
80.7,336,335
80.76,324,329
80.76,343,338
80.76,311,311
80.76,339,342
80.76,332,334
80.76,348,344
80.77,295,296
80.82,312,310
80.82,302,304
80.82,327,328
80.82,313,314
80.82,328,331
80.82,322,316
80.83,310,310
80.88,323,321
80.88,341,344
80.88,334,332
80.88,335,337
80.88,354,352
80.89,323,326
80.9,352,351
80.96,328,327
80.96,352,353
80.96,343,342
80.96,328,326
80.96,322,324
80.96,370,374
80.96,320,308
81.02,328,334
81.02,306,299
81.02,305,312
81.02,316,312
81.02,304,310
81.02,359,360
81.03,314,309
81.08,326,326
81.08,326,325
81.08,323,322
81.09,326,324
81.09,332,334
81.09,325,321
81.09,348,349
81.15,339,335
81.15,339,339
81.15,314,312
81.15,322,325
81.15,328,325
81.15,302,305
81.16,324,324
81.22,337,338
81.22,303,298
81.22,299,303
81.22,324,317
81.22,283,281
81.22,331,333
81.22,299,293
81.29,298,300
81.29,326,325
81.29,324,325
81.29,300,300
81.29,308,309
81.29,310,308
81.29,311,310
81.35,310,305
81.35,286,287
81.35,315,317
81.35,297,297
81.35,310,309
81.35,294,296
81.36,322,323
81.41,299,297
81.41,287,288
81.41,300,296
81.41,286,288
81.41,306,305
81.41,309,309
81.42,305,304
81.47,322,319
81.47,306,304
81.47,294,297
81.47,308,305
81.47,319,322
81.48,337,335
81.49,326,327
81.55,357,358
81.55,343,342
81.55,347,344
81.55,321,316
81.55,342,346
81.55,297,294
81.55,324,325
81.61,308,307
81.61,323,321
81.61,296,291
81.61,325,331
81.61,327,323
81.61,319,323
81.62,369,363
81.67,300,301
81.67,336,337
81.68,327,329
81.68,338,338
81.68,322,320
81.68,324,321
81.68,307,308
81.74,352,355
81.74,319,318
81.74,362,364
81.74,335,329
81.74,342,347
81.74,355,353
81.75,350,351
81.8,352,351
81.8,349,346
81.8,329,328
81.8,329,331
81.8,352,348
81.81,332,332
81.81,355,355
81.88,324,321
81.88,347,348
81.88,352,347
81.88,334,334
81.88,321,319
81.88,325,329
81.88,340,337
81.94,352,354
81.94,325,315
81.94,313,318
81.94,318,315
81.94,325,329
81.94,332,325
81.94,315,319
82.0,337,334
82.0,324,326
82.0,359,358
82.0,293,292
82.0,344,346
82.0,332,329
82.01,346,344
82.06,316,313
82.06,320,325
82.06,333,329
82.06,336,336
82.06,323,322
82.07,321,324
82.08,364,363
82.14,346,346
82.14,328,325
82.14,305,308
82.14,355,356
82.14,308,305
82.14,330,334
82.14,311,306
82.2,336,339
82.2,305,303
82.2,321,322
82.2,342,342
82.2,344,345
82.2,301,292
82.21,307,312
82.26,330,327
82.26,315,322
82.26,346,338
82.26,313,319
82.26,351,344
82.26,282,280
82.27,329,328
82.33,301,298
82.33,339,338
82.33,301,302
82.33,327,327
82.33,300,298
82.33,318,320
82.34,307,302
82.39,286,289
82.39,321,325
82.39,341,338
82.39,327,322
82.39,320,323
82.4,331,326
82.4,304,305
82.47,329,326
82.47,304,302
82.47,305,304
82.47,312,310
82.47,296,296
82.47,304,305
82.47,308,310
82.53,303,301
82.53,301,302
82.53,298,297
82.53,295,295
82.53,297,295
82.53,293,296
82.53,318,311
82.59,290,296
82.59,323,323
82.59,314,312
82.59,348,354
82.59,327,318
82.59,311,318
82.6,325,323
82.66,321,321
82.66,318,321
82.66,334,334
82.66,326,326
82.66,305,304
82.66,305,305
82.67,325,333
82.72,342,335
82.72,303,308
82.72,339,336
82.72,336,341
82.72,349,343
82.72,316,316
82.73,326,323
82.8,286,285
82.8,331,331
82.8,310,308
82.8,344,345
82.8,339,338
82.8,351,353
82.8,331,323
82.86,300,301
82.86,328,325
82.86,318,321
82.86,347,346
82.86,336,339
82.86,331,324
82.86,293,296
82.92,318,316
82.92,308,310
82.92,349,349
82.92,301,297
82.92,325,329
82.92,308,305
82.93,328,330
82.98,315,313
82.98,321,320
82.98,319,316
82.98,331,337
82.98,332,330
82.99,330,332
82.99,312,306
83.04,314,317
83.05,348,345
83.05,306,304
83.05,323,328
83.05,331,324
83.05,298,300
83.06,311,309
83.12,306,310
83.12,312,306
83.12,313,317
83.12,320,317
83.12,319,323
83.12,331,326
83.12,306,310
83.19,333,328
83.19,295,296
83.19,323,319
83.19,299,302
83.19,322,321
83.19,316,313
83.19,321,326
83.25,325,323
83.25,334,333
83.25,336,337
83.25,342,341
83.25,327,324
83.25,342,346
83.26,347,343
83.31,344,342
83.31,338,329
83.31,300,306
83.31,335,327
83.31,309,314
83.31,346,347
83.32,319,316
83.37,313,315
83.37,303,298
83.37,304,307
83.37,321,324
83.37,350,350
83.38,341,344
83.39,355,353
83.4,320,317
83.41,340,342
83.42,319,315
83.48,326,329
83.48,328,322
83.48,337,344
83.48,378,366
83.48,281,281
83.48,330,331
83.48,308,308
83.54,321,320
83.54,296,294
83.54,325,329
83.54,317,315
83.54,336,336
83.54,306,304
83.55,340,345
83.6,326,315
83.6,306,307
83.6,321,320
83.6,330,334
83.6,354,347
83.6,293,294
83.61,330,331
83.67,311,313
83.67,336,333
83.67,321,322
83.67,330,333
83.67,315,312
83.67,327,326
83.68,324,325
83.73,336,333
83.73,320,319
83.73,316,317
83.73,309,305
83.73,319,319
83.73,323,317
83.74,305,308
83.81,323,318
83.81,306,303
83.81,312,309
83.81,300,304
83.81,345,346
83.81,317,314
83.81,314,317
83.87,328,330
83.87,352,351
83.87,305,301
83.87,327,334
83.87,343,338
83.87,331,334
83.87,336,334
83.93,322,321
83.93,326,321
83.93,318,322
83.93,335,329
83.93,310,314
83.93,315,310
83.94,302,304
83.99,346,350
83.99,354,349
84.0,326,323
84.0,325,328
84.0,349,349
84.0,322,321
84.01,355,354
84.06,304,299
84.06,324,332
84.06,328,323
84.06,291,292
84.06,332,333
84.06,338,337
84.07,330,328
84.14,323,325
84.14,343,342
84.14,317,315
84.14,325,327
84.14,310,306
84.14,339,341
84.14,334,332
84.2,338,337
84.2,320,321
84.2,344,345
84.2,318,315
84.2,322,324
84.2,323,320
84.2,312,316
84.26,374,372
84.26,343,335
84.26,316,318
84.26,314,315
84.26,336,338
84.26,338,335
84.27,329,327
84.32,307,305
84.32,320,320
84.32,307,303
84.32,317,320
84.32,306,301
84.32,315,317
84.33,329,326
84.38,300,303
84.38,354,358
84.38,340,338
84.38,334,330
84.38,340,341
84.39,336,331
84.4,304,306
84.46,349,348
84.46,298,296
84.46,321,326
84.46,337,333
84.46,336,339
84.46,332,331
84.46,343,343
84.52,334,325
84.52,319,322
84.52,310,304
84.52,317,319
84.52,326,318
84.52,287,290
84.53,315,315
84.58,306,306
84.59,318,321
84.59,331,335
84.59,348,345
84.59,319,316
84.59,347,347
84.59,351,349
84.65,318,319
84.65,331,330
84.65,341,341
84.65,325,320
84.65,303,307
84.65,321,322
84.66,320,321
84.72,368,369
84.72,309,308
84.72,335,335
84.72,322,320
84.72,327,324
84.72,318,317
84.73,328,327
84.79,301,301
84.79,321,322
84.79,317,313
84.79,329,330
84.79,315,311
84.79,316,319
84.79,327,324
84.85,322,323
84.85,331,331
84.85,316,318
84.85,331,329
84.85,329,329
84.85,329,330
84.86,310,310
84.91,343,343
84.91,336,334
84.91,351,348
84.91,333,331
84.91,338,338
84.91,313,306
84.92,323,327
84.97,326,322
84.97,319,325
84.97,325,316
84.97,326,329
84.97,315,310
84.98,299,304
84.99,357,358
85.05,303,298
85.05,317,318
85.05,303,298
85.05,310,311
85.05,336,338
85.05,315,311
85.05,298,301
85.11,328,331
85.11,320,316
85.11,305,307
85.11,320,314
85.11,292,295
85.11,322,319
85.12,313,315
85.18,329,327
85.18,345,344
85.18,332,331
85.18,303,299
85.18,328,331
85.18,334,331
85.18,336,336
85.24,330,328
85.24,291,293
85.24,297,297
85.24,312,316
85.24,323,317
85.24,332,332
85.25,306,303
85.3,311,310
85.3,300,301
85.3,329,336
85.3,341,332
85.3,301,303
85.31,324,320
85.32,319,320
85.38,324,325
85.38,301,300
85.38,327,329
85.38,335,337
85.38,349,347
85.38,328,327
85.38,367,366
85.44,288,281
85.44,293,298
85.44,302,298
85.44,300,305
85.44,331,327
85.44,327,326
85.45,318,319
85.5,315,311
85.5,319,325
85.5,324,319
85.5,334,337
85.5,309,305
85.5,319,322
85.51,310,310
85.57,352,356
85.57,292,288
85.57,325,331
85.57,337,330
85.57,286,289
85.57,328,328
85.58,315,316
85.63,327,326
85.63,319,317
85.63,334,335
85.63,311,309
85.63,336,336
85.64,302,301
85.64,351,353
85.71,323,323
85.71,321,321
85.71,309,310
85.71,317,315
85.71,311,309
85.71,316,317
85.71,304,296
85.77,298,305
85.77,303,296
85.77,297,303
85.77,329,326
85.77,332,331
85.77,310,310
85.77,300,301
85.83,343,353
85.83,346,342
85.83,346,345
85.83,323,321
85.83,337,336
85.83,313,310
85.84,314,316
85.89,304,297
85.89,294,297
85.89,293,289
85.89,293,296
85.89,298,300
85.9,318,319
85.91,337,337
85.96,313,307
85.96,326,330
85.96,329,327
85.96,327,326
85.96,320,321
85.96,328,328
85.97,330,334
86.03,351,350
86.03,314,309
86.04,321,331
86.04,329,317
86.04,287,294
86.04,348,344
86.04,323,322
86.1,313,313
86.1,298,297
86.1,328,330
86.1,317,313
86.1,335,336
86.1,317,316
86.1,326,328
86.16,322,321
86.16,338,340
86.16,333,327
86.16,335,338
86.16,333,328
86.16,329,334
86.17,341,335
86.22,308,310
86.22,345,340
86.22,327,328
86.22,324,322
86.22,327,329
86.23,333,335
86.23,360,360
86.28,338,337
86.28,324,327
86.28,358,355
86.28,308,305
86.28,336,341
86.29,332,328
86.3,369,373
86.36,348,346
86.36,347,348
86.36,330,326
86.36,301,304
86.36,348,348
86.36,317,316
86.36,324,321
86.42,320,320
86.42,322,320
86.42,312,316
86.42,346,344
86.42,325,324
86.42,346,343
86.43,306,306
86.49,353,353
86.49,309,303
86.49,317,324
86.49,329,323
86.49,308,312
86.49,342,339
86.5,316,319
86.55,344,344
86.55,316,314
86.55,312,308
86.55,295,295
86.55,319,317
86.55,276,274
86.56,322,322
86.61,292,292
86.61,317,322
86.61,325,321
86.61,315,317
86.61,319,315
86.62,312,315
86.63,322,318
86.69,338,336
86.69,310,307
86.69,320,324
86.69,321,317
86.69,297,297
86.69,329,335
86.69,312,306
86.75,318,321
86.75,320,319
86.75,331,332
86.75,327,327
86.75,327,329
86.75,288,281
86.76,326,332
86.81,332,330
86.81,340,342
86.81,294,292
86.81,299,297
86.81,303,306
86.81,321,322
86.82,327,324
86.88,320,319
86.88,327,326
86.88,331,333
86.88,349,345
86.88,304,303
86.88,335,336
86.89,312,309
86.94,316,321
86.94,336,328
86.94,302,305
86.94,323,319
86.94,316,316
86.95,322,317
86.95,300,303
87.02,353,350
87.02,300,298
87.02,325,328
87.02,314,311
87.02,326,326
87.02,321,323
87.02,337,336
87.08,318,316
87.08,328,334
87.08,358,354
87.08,340,340
87.08,347,347
87.08,343,344
87.09,325,318
87.14,325,329
87.14,331,329
87.14,314,317
87.14,333,330
87.14,311,312
87.14,334,335
87.15,330,325
87.2,315,318
87.2,327,327
87.2,357,355
87.2,310,308
87.2,327,327
87.21,325,326
87.22,342,339
87.27,322,316
87.27,288,290
87.27,332,331
87.27,306,307
87.27,311,307
87.27,305,307
87.28,318,318
87.34,290,290
87.34,344,347
87.34,317,309
87.34,298,298
87.34,299,301
87.35,314,316
87.35,295,292
87.41,307,310
87.41,310,308
87.41,311,312
87.41,306,302
87.41,307,311
87.41,316,312
87.41,303,303
87.47,315,315
87.47,305,304
87.47,333,336
87.47,321,316
87.47,321,320
87.47,315,317
87.48,336,335
87.53,322,320
87.53,328,328
87.53,316,314
87.53,331,332
87.53,314,307
87.54,315,318
87.54,314,313
87.59,316,316
87.59,336,333
87.59,309,311
87.59,326,325
87.59,309,313
87.6,350,346
87.61,318,316
87.67,338,341
87.67,328,328
87.67,346,348
87.67,316,311
87.67,311,314
87.67,320,314
87.68,313,317
87.74,336,335
87.74,315,317
87.74,353,353
87.74,317,316
87.74,344,349
87.74,311,307
87.74,336,338
87.8,309,308
87.8,328,327
87.8,330,327
87.8,307,312
87.8,324,321
87.8,319,320
87.81,325,322
87.86,323,328
87.86,325,318
87.86,319,323
87.86,326,321
87.86,350,350
87.86,336,335
87.87,324,325
87.92,347,342
87.92,299,299
87.92,331,335
87.92,323,317
87.92,318,322
87.93,312,306
87.94,309,310
88.0,325,323
88.0,332,334
88.0,318,312
88.0,296,302
88.0,323,318
88.0,318,320
88.0,302,300
88.06,323,323
88.06,325,323
88.06,326,327
88.06,327,323
88.06,303,302
88.06,325,327
88.07,315,311
88.13,331,330
88.13,312,314
88.13,353,358
88.13,324,319
88.13,329,328
88.13,315,313
88.13,328,331
88.19,339,340
88.19,334,334
88.19,319,315
88.19,312,317
88.19,332,331
88.19,314,312
88.2,307,307
88.25,298,300
88.25,330,331
88.25,313,312
88.25,311,314
88.25,305,301
88.26,311,311
88.26,314,313
88.32,319,320
88.32,332,328
88.32,334,337
88.32,330,323
88.32,291,293
88.32,289,286
88.33,302,306
88.39,349,349
88.39,321,320
88.39,319,319
88.39,306,305
88.39,362,369
88.39,321,310
88.4,317,322
88.45,321,323
88.45,345,345
88.45,310,305
88.45,306,310
88.45,329,324
88.45,310,313
88.46,318,320
88.52,315,317
88.52,312,306
88.52,307,312
88.52,335,337
88.52,307,303
88.52,319,319
88.53,302,300
88.58,333,333
88.58,302,301
88.58,311,312
88.58,326,321
88.58,303,303
88.58,306,304
88.59,321,325
88.66,342,338
88.66,323,321
88.66,317,315
88.66,308,314
88.66,337,332
88.66,321,325
88.66,324,319
88.72,315,318
88.72,323,323
88.72,307,306
88.72,339,340
88.72,327,324
88.72,341,343
88.72,335,329
88.78,317,318
88.78,315,310
88.78,328,337
88.78,338,331
88.78,311,314
88.78,339,336
88.79,305,304
88.84,321,321
88.84,296,294
88.84,331,336
88.84,318,318
88.84,330,330
88.85,321,320
88.85,326,324
88.91,303,300
88.91,348,353
88.91,340,333
88.91,313,316
88.91,333,330
88.91,306,309
88.92,327,327
88.98,353,349
88.98,323,322
88.98,329,326
88.98,337,334
88.98,300,302
88.98,338,340
88.99,337,338
89.05,355,353
89.05,312,309
89.05,324,329
89.05,333,328
89.05,333,336
89.05,319,312
89.05,335,342
89.11,340,335
89.11,321,326
89.11,321,317
89.11,319,319
89.11,317,317
89.11,323,321
89.12,326,324
89.17,306,304
89.17,319,320
89.17,310,310
89.17,351,351
89.17,307,301
89.17,310,313
89.18,319,312
89.23,307,314
89.23,340,338
89.23,327,328
89.23,332,329
89.23,320,321
89.24,297,292
89.25,278,282
89.31,352,352
89.31,326,326
89.31,349,347
89.31,304,302
89.31,331,334
89.31,312,310
89.31,328,328
89.37,307,305
89.37,323,323
89.37,324,319
89.37,327,332
89.37,327,321
89.37,295,298
89.38,326,326
89.43,332,333
89.43,351,350
89.43,320,320
89.43,333,336
89.43,315,314
89.44,365,360
89.44,288,285
89.5,330,332
89.5,316,316
89.5,334,335
89.5,318,314
89.5,313,315
89.5,327,324
89.51,310,311
89.57,323,320
89.57,317,322
89.57,355,350
89.57,304,307
89.57,360,356
89.57,325,323
89.58,351,350
89.64,323,316
89.64,327,331
89.64,325,322
89.64,319,318
89.64,295,295
89.64,322,325
89.64,312,309
89.7,344,347
89.7,335,329
89.7,309,311
89.7,344,344
89.7,323,324
89.7,327,321
89.71,302,304
89.76,325,323
89.76,306,303
89.76,310,311
89.76,301,302
89.76,338,339
89.76,313,311
89.77,318,322
89.82,331,330
89.82,341,344
89.82,313,305
89.82,311,316
89.82,325,320
89.83,303,305
89.84,320,318
89.9,304,302
89.9,319,319
89.9,332,336
89.9,374,373
89.9,341,332
89.9,325,322
89.9,290,290
89.96,321,323
89.96,313,309
89.96,309,312
89.96,299,294
89.96,301,305
89.96,305,302
89.97,312,313
90.02,318,318
90.02,308,306
90.02,318,320
90.03,331,334
90.03,338,337
90.03,320,322
90.03,354,352
90.09,311,307
90.09,338,342
90.09,343,337
90.09,324,325
90.09,309,308
90.09,335,336
90.1,311,306
90.15,312,315
90.15,324,320
90.15,298,299
90.15,338,338
90.15,303,301
90.16,310,310
90.17,336,338
90.23,339,338
90.23,309,308
90.23,318,320
90.23,309,311
90.23,340,340
90.23,306,305
90.23,329,333
90.29,316,311
90.29,327,329
90.29,337,329
90.29,317,319
90.29,334,334
90.29,321,320
90.3,360,362
90.35,309,308
90.35,334,337
90.35,331,333
90.35,371,367
90.35,311,306
90.36,333,333
90.36,315,310
90.42,317,321
90.42,313,307
90.42,312,316
90.42,342,338
90.42,308,306
90.42,317,320
90.43,308,303
90.48,297,298
90.48,302,304
90.48,327,325
90.48,306,308
90.48,320,320
90.48,307,306
90.49,330,325
90.56,303,304
90.56,339,338
90.56,298,298
90.56,330,328
90.56,318,316
90.56,308,312
90.56,329,326
90.62,321,324
90.62,308,303
90.62,321,326
90.62,323,318
90.62,324,327
90.62,344,345
90.62,310,307
90.68,314,318
90.68,309,307
90.68,338,337
90.68,304,304
90.68,317,317
90.68,310,309
90.69,319,320
90.74,309,306
90.74,321,327
90.74,329,323
90.74,323,328
90.74,362,357
90.75,310,312
90.75,333,329
90.82,315,317
90.82,341,344
90.82,372,372
90.82,332,329
90.82,322,320
90.82,338,336
90.82,320,319
90.88,322,324
90.88,317,313
90.88,320,323
90.88,339,335
90.88,321,319
90.88,302,303
90.89,313,312
90.95,306,301
90.95,292,297
90.95,336,334
90.95,296,294
90.95,319,322
90.95,317,315
90.96,332,331
90.96,304,308
90.97,335,335
90.98,327,326
91.04,329,331
91.04,342,341
91.04,329,326
91.04,322,318
91.04,320,324
91.04,316,314
91.05,304,307
91.1,359,360
91.1,335,333
91.1,332,330
91.1,319,320
91.1,337,338
91.1,329,328
91.11,322,321
91.16,324,326
91.16,330,327
91.16,323,324
91.16,320,317
91.16,317,316
91.17,327,330
91.18,318,310
91.24,306,310
91.24,332,333
91.24,334,335
91.24,329,326
91.24,315,314
91.24,350,351
91.24,325,326
91.3,345,346
91.3,341,345
91.3,370,368
91.3,310,304
91.3,321,323
91.3,320,319
91.31,327,332
91.37,314,309
91.37,315,319
91.37,313,304
91.37,299,300
91.37,340,336
91.37,304,305
91.37,319,319
91.43,310,309
91.43,318,315
91.43,302,303
91.43,318,318
91.43,281,278
91.43,320,328
91.44,320,311
91.49,309,317
91.49,350,344
91.49,306,305
91.49,328,328
91.49,316,321
91.5,320,320
91.5,323,328
91.57,346,340
91.57,329,334
91.57,344,342
91.57,320,321
91.57,348,345
91.57,312,310
91.57,339,338
91.63,317,315
91.63,327,326
91.63,342,341
91.63,322,319
91.63,314,316
91.63,330,329
91.64,317,314
91.69,346,352
91.69,335,327
91.69,304,309
91.69,360,362
91.69,321,314
91.69,330,333
91.7,353,353
91.76,348,352
91.76,327,323
91.76,326,328
91.76,331,329
91.76,351,354
91.76,345,339
91.77,317,319
91.82,339,334
91.82,300,301
91.82,310,313
91.82,329,329
91.82,321,318
91.82,344,344
91.83,320,316
91.9,324,329
91.9,356,353
91.9,305,301
91.9,351,354
91.9,321,320
91.9,363,364
91.9,305,301
91.96,335,337
91.96,305,302
91.96,312,317
91.96,302,295
91.96,299,309
91.96,334,324
91.96,281,285
92.02,335,332
92.02,319,322
92.02,333,331
92.02,318,322
92.02,360,354
92.02,293,292
92.03,329,332
92.09,329,326
92.09,332,332
92.09,335,333
92.09,308,307
92.09,305,300
92.09,310,313
92.09,329,324
92.15,312,316
92.15,329,324
92.15,315,313
92.15,328,327
92.15,306,306
92.15,316,315
92.16,317,320
92.21,310,310
92.21,294,290
92.21,333,339
92.21,334,324
92.21,315,319
92.22,320,314
92.23,291,298
92.28,359,360
92.28,321,322
92.28,353,354
92.28,329,327
92.28,305,297
92.28,321,327
92.29,344,336
92.36,308,308
92.36,330,329
92.36,288,282
92.36,327,330
92.36,309,303
92.36,310,313
92.36,308,305
92.42,300,303
92.42,325,323
92.42,333,337
92.42,335,324
92.42,286,291
92.42,329,327
92.42,279,283
92.48,294,294
92.48,291,293
92.48,327,327
92.48,299,295
92.48,320,326
92.48,349,345
92.49,325,321
92.54,305,307
92.54,336,341
92.54,328,324
92.54,312,316
92.54,323,320
92.54,314,321
92.55,324,317
92.61,330,334
92.61,336,330
92.61,304,303
92.61,325,326
92.61,316,313
92.61,318,320
92.62,319,314
92.67,329,334
92.67,329,327
92.67,339,346
92.67,337,332
92.67,322,325
92.68,306,301
92.68,320,325
92.75,312,305
92.75,330,335
92.75,339,333
92.75,315,318
92.75,320,312
92.75,306,310
92.75,332,332
92.81,305,302
92.81,343,349
92.81,341,338
92.81,331,328
92.81,301,299
92.81,313,313
92.82,299,296
92.87,340,346
92.87,321,311
92.87,306,311
92.87,318,316
92.87,310,310
92.87,323,318
92.88,290,293
92.94,333,333
92.94,303,302
92.94,337,336
92.94,322,319
92.94,323,318
92.94,294,292
92.95,318,319
93.0,311,304
93.0,308,312
93.0,316,315
93.0,320,323
93.0,311,308
93.0,336,344
93.01,321,315
93.06,303,306
93.06,322,322
93.06,358,358
93.06,313,310
93.06,316,318
93.07,342,340
93.08,306,305
93.13,334,332
93.13,306,304
93.13,325,325
93.13,329,329
93.13,339,341
93.13,312,305
93.14,324,331
93.2,337,328
93.21,305,313
93.21,336,333
93.21,322,322
93.21,331,326
93.21,304,299
93.21,309,308
93.27,292,293
93.27,318,320
93.27,305,303
93.27,321,322
93.27,325,324
93.27,325,329
93.27,325,323
93.33,351,354
93.33,340,335
93.33,317,321
93.33,329,323
93.33,311,315
93.33,338,331
93.34,308,309
93.39,332,331
93.4,316,314
93.4,328,330
93.4,344,343
93.4,347,344
93.4,328,329
93.4,343,343
93.46,297,294
93.46,321,325
93.46,342,338
93.46,317,318
93.46,318,314
93.46,326,335
93.47,355,351
93.52,337,339
93.52,350,347
93.52,303,301
93.52,336,337
93.52,315,312
93.53,323,323
93.54,296,292
93.6,320,322
93.6,346,352
93.6,339,330
93.6,306,312
93.6,340,339
93.6,318,314
93.6,337,341
93.66,315,307
93.66,326,329
93.66,328,326
93.66,331,334
93.66,339,336
93.66,301,301
93.67,339,340
93.73,332,333
93.73,368,366
93.73,288,282
93.73,313,320
93.73,323,322
93.73,330,330
93.73,330,337
93.79,363,361
93.79,333,328
93.79,339,343
93.79,325,317
93.79,325,331
93.79,351,346
93.8,327,328
93.85,347,344
93.85,310,314
93.85,338,336
93.85,298,297
93.85,310,311
93.86,298,293
93.86,313,315
93.93,309,304
93.93,323,327
93.93,303,298
93.93,297,298
93.93,303,304
93.93,324,329
93.93,335,331
93.99,337,340
93.99,336,327
93.99,270,270
93.99,307,310
93.99,294,288
93.99,319,324
93.99,314,312
94.05,326,328
94.05,321,319
94.05,328,329
94.05,320,317
94.05,314,319
94.05,351,348
94.06,332,334
94.11,325,320
94.11,307,311
94.11,339,335
94.12,295,294
94.12,325,326
94.12,302,300
94.13,318,321
94.18,318,316
94.18,319,320
94.18,318,322
94.18,336,335
94.18,294,291
94.18,311,317
94.19,305,300
94.25,305,309
94.25,305,300
94.25,323,326
94.25,323,319
94.25,316,318
94.25,317,311
94.26,308,309
94.32,336,336
94.32,320,318
94.32,324,325
94.32,309,310
94.32,321,323
94.32,311,311
94.32,328,327
94.38,297,300
94.38,340,346
94.38,332,326
94.38,329,330
94.38,296,294
94.38,300,301
94.39,317,314
94.44,331,333
94.44,310,306
94.44,293,295
94.44,347,350
94.44,315,312
94.45,328,328
94.45,335,333
94.5,335,334
94.5,345,343
94.5,356,353
94.5,327,323
94.5,312,310
94.51,304,304
94.52,310,313
94.58,320,314
94.58,295,302
94.58,325,320
94.58,312,313
94.58,311,308
94.58,317,318
94.58,327,328
94.65,326,323
94.65,321,320
94.65,324,323
94.65,344,344
94.65,313,309
94.65,326,329
94.65,306,301
94.71,344,348
94.71,307,300
94.71,299,307
94.71,337,333
94.71,310,314
94.71,325,320
94.72,301,300
94.77,318,317
94.77,311,315
94.77,331,328
94.77,306,306
94.77,319,317
94.77,302,302
94.78,328,329
94.83,336,339
94.83,359,357
94.84,339,337
94.84,310,309
94.84,316,313
94.84,310,316
94.85,362,363
94.9,340,341
94.9,375,371
94.9,308,302
94.9,325,328
94.9,312,309
94.9,320,321
94.91,313,313
94.98,329,329
94.98,309,306
94.98,350,358
94.98,335,330
94.98,327,330
94.98,349,343
94.98,324,329
95.04,361,353
95.04,312,312
95.04,348,352
95.04,318,313
95.04,352,352
95.04,321,320
95.04,336,332
95.1,312,312
95.1,327,325
95.1,319,318
95.1,323,322
95.1,326,324
95.1,313,316
95.11,321,316
95.16,305,308
95.16,315,310
95.16,300,304
95.16,326,325
95.16,316,317
95.17,328,326
95.17,302,301
95.22,312,313
95.22,288,288
95.22,322,325
95.23,334,333
95.23,339,337
95.23,318,315
95.24,309,308
95.3,321,322
95.3,326,321
95.3,297,297
95.3,315,320
95.3,308,302
95.3,311,313
95.31,329,324
95.37,316,319
95.37,333,329
95.37,309,309
95.37,345,345
95.37,337,333
95.37,344,344
95.37,323,318
95.43,312,312
95.43,306,305
95.43,303,301
95.43,310,310
95.43,320,322
95.43,323,319
95.44,316,317
95.49,333,328
95.49,298,300
95.49,327,324
95.49,306,301
95.49,323,326
95.49,319,317
95.5,344,344
95.56,314,310
95.56,317,318
95.56,317,317
95.56,321,320
95.56,314,312
95.56,327,325
95.57,338,336
95.62,321,322
95.62,323,320
95.62,323,326
95.62,314,311
95.62,312,316
95.62,323,321
95.63,312,313
95.7,336,337
95.7,320,324
95.7,351,346
95.7,303,304
95.7,342,343
95.7,315,315
95.7,320,321
95.76,331,328
95.76,339,339
95.76,322,322
95.76,339,337
95.76,314,312
95.76,309,313
95.76,345,340
95.82,290,293
95.82,324,325
95.82,323,322
95.82,316,316
95.82,322,324
95.82,354,352
95.83,312,309
95.88,323,324
95.88,315,316
95.88,335,335
95.88,323,319
95.88,303,304
95.89,331,331
95.9,329,328
95.95,317,314
95.95,307,309
95.95,330,328
95.95,326,327
95.95,343,339
95.95,319,319
95.96,351,349
96.02,310,309
96.02,334,334
96.02,330,328
96.02,343,344
96.02,307,299
96.02,296,304
96.03,343,338
96.09,310,312
96.09,336,332
96.09,342,341
96.09,312,310
96.09,315,313
96.09,314,313
96.09,302,300
96.15,334,337
96.15,322,320
96.15,335,335
96.15,315,314
96.15,341,343
96.15,309,305
96.16,324,324
96.21,319,318
96.21,329,330
96.21,319,318
96.21,336,335
96.21,326,322
96.21,314,317
96.22,341,333
96.27,287,285
96.27,311,310
96.27,312,311
96.27,328,333
96.27,326,323
96.28,340,340
96.29,325,321
96.35,326,328
96.35,331,330
96.35,323,325
96.35,323,322
96.35,333,334
96.35,334,332
96.35,318,324
96.41,360,357
96.41,325,326
96.41,343,345
96.41,330,330
96.41,358,358
96.41,318,314
96.42,345,347
96.47,317,314
96.48,326,328
96.48,302,300
96.48,330,331
96.48,309,311
96.48,351,354
96.49,351,347
96.54,307,306
96.54,332,331
96.54,306,310
96.54,324,319
96.54,312,319
96.54,330,326
96.55,314,318
96.62,344,342
96.62,307,309
96.62,330,328
96.62,312,314
96.62,328,327
96.62,304,306
96.62,350,353
96.68,313,306
96.68,323,330
96.68,315,306
96.68,283,285
96.68,304,305
96.68,297,298
96.68,313,310
96.74,341,344
96.74,332,325
96.74,301,305
96.74,330,333
96.74,334,336
96.74,360,355
96.75,316,316
96.8,321,323
96.8,322,318
96.8,312,313
96.8,322,319
96.8,308,310
96.8,340,336
96.81,314,317
96.86,319,315
96.86,308,312
96.86,335,334
96.86,339,341
96.86,331,327
96.87,303,303
96.88,337,339
96.94,330,330
96.94,322,322
96.94,331,333
96.94,348,344
96.94,329,330
96.94,321,322
96.94,324,321
97.0,326,331
97.0,364,360
97.0,305,302
97.0,324,326
97.0,317,315
97.0,323,327
97.01,314,311
97.07,325,328
97.07,319,317
97.07,316,315
97.07,315,319
97.07,334,332
97.07,313,313
97.07,325,326
97.13,322,320
97.13,310,309
97.13,315,319
97.13,339,341
97.13,352,345
97.13,294,297
97.14,355,356
97.19,321,317
97.19,336,341
97.19,322,318
97.19,325,327
97.19,309,304
97.2,313,311
97.21,295,292
97.27,308,309
97.27,312,310
97.27,314,318
97.27,336,335
97.27,312,312
97.27,307,303
97.27,310,311
97.33,313,312
97.33,329,336
97.33,362,356
97.33,282,277
97.33,324,331
97.33,314,313
97.34,342,339
97.39,288,288
97.39,298,300
97.39,298,298
97.39,330,334
97.39,293,287
97.39,286,290
97.4,315,316
97.45,319,318
97.45,310,310
97.45,311,312
97.45,311,311
97.45,319,323
97.46,326,320
97.47,284,288
97.53,333,330
97.53,295,297
97.53,323,322
97.53,309,307
97.53,322,322
97.53,302,300
97.53,315,315
97.59,323,319
97.59,294,297
97.59,340,336
97.59,314,315
97.59,324,319
97.59,297,299
97.6,339,340
97.66,311,310
97.66,344,341
97.66,307,307
97.66,340,340
97.66,307,304
97.66,332,334
97.66,316,316
97.72,338,338
97.72,318,310
97.72,307,311
97.72,328,325
97.72,356,362
97.72,331,322
97.73,325,331
97.78,347,339
97.78,314,316
97.78,320,319
97.78,320,320
97.78,339,339
97.79,334,332
97.8,353,357
97.85,329,322
97.85,329,339
97.85,376,373
97.85,355,354
97.85,355,353
97.85,345,345
97.86,320,318
97.92,345,352
97.92,326,313
97.92,283,288
97.92,330,330
97.92,297,292
97.92,330,333
97.93,303,299
97.98,329,329
97.98,343,344
97.98,307,301
97.98,306,308
97.98,318,316
97.98,303,300
97.99,323,334
98.05,346,336
98.05,300,304
98.05,318,315
98.05,313,316
98.05,323,315
98.05,304,307
98.06,324,323
98.11,316,316
98.11,333,334
98.11,330,330
98.11,341,341
98.11,344,344
98.12,328,330
98.12,343,341
98.19,339,340
98.19,304,300
98.19,308,315
98.19,321,317
98.19,310,313
98.19,326,319
98.19,308,314
98.25,340,337
98.25,298,299
98.25,343,343
98.25,320,318
98.25,354,357
98.25,339,336
98.25,336,336
98.31,329,326
98.31,316,318
98.31,331,330
98.31,314,315
98.31,309,308
98.31,320,325
98.32,326,320
98.37,300,304
98.37,333,331
98.37,323,322
98.37,346,345
98.37,309,307
98.38,341,347
98.39,341,338
98.44,341,336
98.44,317,314
98.44,332,332
98.44,329,329
98.44,356,355
98.44,344,341
98.45,305,304
98.51,300,300
98.51,330,335
98.51,355,354
98.51,354,355
98.51,349,344
98.51,316,316
98.52,341,340
98.57,306,304
98.57,319,321
98.57,311,308
98.57,303,305
98.57,318,318
98.57,317,321
98.58,320,318
98.64,324,325
98.64,320,314
98.64,302,304
98.64,311,307
98.64,314,318
98.64,327,321
98.65,286,288
98.66,323,324
98.67,305,303
98.68,312,309
98.73,307,307
98.73,317,320
98.73,313,309
98.73,315,316
98.73,322,325
98.73,318,314
98.74,309,307
98.79,312,313
98.79,305,300
98.79,311,321
98.79,333,326
98.79,296,300
98.8,333,334
98.81,307,304
98.87,314,320
98.87,330,328
98.87,332,331
98.87,314,312
98.87,341,345
98.87,330,328
98.87,321,320
98.93,317,320
98.93,357,354
98.93,301,295
98.93,337,340
98.93,342,339
98.93,324,326
98.94,342,339
98.99,318,318
98.99,340,340
98.99,317,315
98.99,330,334
98.99,322,318
99.0,332,334
99.0,335,337
99.06,342,339
99.06,346,346
99.06,339,332
99.06,305,306
99.06,338,339
99.06,315,308
99.07,320,323
99.12,325,322
99.12,299,300
99.12,313,309
99.12,294,295
99.12,300,300
99.13,292,292
99.14,319,318
99.2,306,302
99.2,322,321
99.2,308,311
99.2,355,355
99.2,339,336
99.2,325,322
99.2,311,311
99.26,330,331
99.26,315,311
99.26,323,325
99.26,317,312
99.26,309,314
99.26,334,328
99.27,288,290
99.32,321,321
99.32,296,298
99.32,342,341
99.32,305,305
99.32,337,337
99.32,331,328
99.33,320,322
99.39,318,314
99.39,305,307
99.39,320,321
99.39,324,324
99.39,328,327
99.39,303,307
99.4,336,332
99.45,296,296
99.45,319,318
99.45,315,316
99.45,310,310
99.45,316,318
99.45,337,336
99.46,321,319
99.53,327,327
99.53,304,305
99.53,321,321
99.53,339,338
99.53,329,332
99.53,318,315
99.53,319,321
99.59,326,322
99.59,308,312
99.59,370,368
99.59,300,301
99.59,317,314
99.59,308,313
99.59,322,320
99.65,329,331
99.65,336,335
99.65,321,318
99.65,331,329
99.65,298,295
99.65,300,303
99.66,316,317
99.71,321,323
99.71,311,307
99.71,302,306
99.71,324,320
99.71,292,296
99.72,340,337
99.72,303,303
99.79,330,331
99.79,334,330
99.79,323,324
99.79,352,352
99.79,350,350
99.79,341,336
99.79,332,337
99.85,344,339
99.85,356,362
99.85,357,348
99.85,320,324
99.85,324,319
99.85,312,315
99.86,330,326
99.91,317,318
99.91,345,344
99.91,323,316
99.91,309,313
99.91,340,337
99.91,318,316
99.92,310,309
99.98,327,327
99.98,283,280
99.98,325,330
99.98,321,317
99.98,295,294
99.98,294,291
99.99,318,322
100.04,328,320
100.04,326,332
100.04,319,310
100.04,298,306
100.04,343,339
100.04,276,274
100.05,321,325
100.12,317,315
100.12,325,327
100.12,305,305
100.12,327,330
100.12,320,316
100.12,311,315
100.12,335,329
100.18,314,314
100.18,337,334
100.18,317,321
100.18,330,327
100.18,312,314
100.18,315,312
100.18,297,296
100.24,316,318
100.24,312,313
100.24,318,313
100.24,296,294
100.24,324,328
100.24,309,305
100.25,327,329
100.3,322,320
100.3,344,347
100.31,313,308
100.31,315,319
100.31,306,300
100.31,302,307
100.31,334,331
100.37,301,301
100.37,325,327
100.37,332,327
100.37,312,312
100.37,315,313
100.37,313,311
100.38,297,299
100.44,340,342
100.44,294,283
100.44,307,312
100.44,308,308
100.44,332,334
100.44,320,313
100.45,304,310
100.51,328,323
100.51,307,313
100.51,358,354
100.51,312,312
100.51,362,360
100.51,294,296
100.51,354,351
100.57,279,279
100.57,320,321
100.57,325,322
100.57,320,320
100.57,302,299
100.57,323,326
100.58,332,332
100.63,356,361
100.63,350,345
100.63,334,336
100.63,354,352
100.63,316,312
100.63,318,319
100.64,305,303
100.69,316,314
100.69,310,311
100.69,317,313
100.69,302,304
100.69,334,330
100.7,293,290
100.71,306,310
100.77,311,309
100.77,331,331
100.77,292,290
100.77,322,326
100.77,319,318
100.77,299,299
100.77,327,328
100.83,316,318
100.83,341,339
100.83,303,302
100.83,336,335
100.83,331,329
100.83,337,335
100.84,328,326
100.9,335,334
100.9,309,306
100.9,311,317
100.9,326,321
100.9,299,306
100.9,359,359
100.9,325,321
100.96,321,319
100.96,310,312
100.96,333,331
100.96,322,323
100.96,313,311
100.96,309,308
100.97,321,323
101.02,314,312
101.02,311,314
101.02,313,307
101.02,322,326
101.03,311,306
101.03,332,338
101.04,316,307
101.09,293,298
101.09,314,310
101.09,293,297
101.09,334,332
101.09,310,311
101.09,327,325
101.1,296,291
101.16,329,336
101.16,310,305
101.16,316,318
101.17,311,310
101.17,319,320
101.17,331,333
101.17,350,349
101.23,338,337
101.23,325,323
101.23,327,325
101.23,311,313
101.23,314,312
101.23,330,335
101.23,334,332
101.29,320,320
101.29,335,338
101.29,344,340
101.29,329,327
101.29,303,304
101.29,328,329
101.3,339,342
101.35,333,329
101.35,303,299
101.35,320,328
101.35,348,344
101.35,319,319
101.36,347,344
101.36,324,324
101.43,331,325
101.43,321,324
101.43,349,346
101.43,309,306
101.43,333,334
101.43,307,304
101.43,333,337
101.49,330,324
101.49,313,315
101.49,320,321
101.49,329,329
101.49,316,312
101.49,327,334
101.49,345,340
101.55,346,349
101.55,363,359
101.55,343,345
101.55,328,322
101.56,311,311
101.56,337,337
101.56,332,330
101.62,323,323
101.62,330,333
101.62,344,338
101.62,311,311
101.62,322,320
101.62,302,299
101.63,322,326
101.68,317,311
101.68,316,319
101.68,337,332
101.68,328,330
101.68,337,330
101.68,315,320
101.69,345,338
101.76,305,304
101.76,335,338
101.76,313,313
101.76,355,363
101.76,358,352
101.76,308,307
101.76,316,318
101.82,323,322
101.82,323,321
101.82,325,325
101.82,333,332
101.82,319,320
101.82,343,340
101.82,335,335
101.88,347,344
101.88,308,308
101.88,340,340
101.88,321,323
101.88,342,343
101.88,338,335
101.89,336,334
101.94,333,328
101.94,330,334
101.94,337,333
101.94,325,324
101.94,321,320
101.94,327,331
101.95,328,322
102.01,301,303
102.01,315,317
102.01,340,341
102.01,325,315
102.01,287,289
102.01,311,308
102.02,306,306
102.07,312,308
102.07,274,279
102.07,319,318
102.07,288,291
102.07,328,327
102.08,309,304
102.08,312,312
102.15,313,309
102.15,309,309
102.15,320,318
102.15,317,321
102.15,334,329
102.15,317,319
102.15,350,350
102.21,335,333
102.21,355,356
102.21,315,311
102.21,329,327
102.21,314,313
102.21,336,337
102.22,323,319
102.27,340,343
102.27,346,336
102.27,283,287
102.27,343,342
102.27,306,303
102.27,307,304
102.28,324,329
102.34,349,342
102.34,297,297
102.34,306,305
102.34,280,279
102.34,331,330
102.34,290,286
102.35,317,321
102.4,288,283
102.4,332,341
102.4,334,324
102.4,309,311
102.4,308,305
102.4,311,319
102.41,335,332
102.48,290,294
102.48,318,318
102.48,320,323
102.48,331,324
102.48,286,284
102.48,313,316
102.48,288,287
102.54,319,318
102.54,295,293
102.54,331,331
102.54,298,296
102.54,322,324
102.54,307,302
102.54,329,336
102.6,321,314
102.6,329,335
102.6,346,339
102.6,295,292
102.6,317,321
102.6,345,349
102.61,350,342
102.66,291,295
102.66,356,351
102.66,286,286
102.66,347,346
102.66,320,318
102.67,334,335
102.67,317,316
102.73,340,344
102.73,338,330
102.73,300,303
102.73,339,336
102.73,337,339
102.73,345,342
102.74,307,308
102.8,315,313
102.8,293,292
102.8,291,292
102.8,304,307
102.8,312,309
102.8,306,309
102.81,302,302
102.86,300,300
102.86,310,309
102.86,303,299
102.86,328,333
102.86,323,319
102.86,318,321
102.87,321,317
102.93,307,312
102.93,361,358
102.93,293,291
102.93,328,330
102.93,326,329
102.93,336,334
102.94,323,323
102.99,341,339
102.99,320,320
102.99,334,334
102.99,307,306
102.99,314,313
102.99,320,323
103.0,314,314
103.07,295,292
103.07,311,310
103.07,319,315
103.07,307,306
103.07,316,318
103.07,323,328
103.07,373,375
103.13,312,306
103.13,355,361
103.13,309,299
103.13,315,324
103.13,350,350
103.13,349,349
103.13,310,305
103.19,315,318
103.19,337,333
103.19,321,323
103.19,328,324
103.19,304,309
103.19,331,325
103.2,291,290
103.25,335,336
103.25,314,314
103.25,321,320
103.25,300,298
103.25,323,327
103.26,343,339
103.26,336,342
103.31,342,340
103.31,323,321
103.31,320,320
103.31,345,348
103.31,328,325
103.32,347,350
103.33,333,327
103.39,320,322
103.39,340,340
103.39,311,312
103.39,316,314
103.39,308,310
103.39,319,321
103.39,294,292
103.45,313,312
103.45,300,302
103.45,334,333
103.45,321,314
103.45,323,327
103.45,346,342
103.46,312,315
103.52,343,340
103.52,309,313
103.52,352,349
103.52,313,311
103.52,341,343
103.52,327,327
103.53,352,349
103.58,312,313
103.58,360,364
103.58,319,312
103.58,310,315
103.58,334,333
103.58,354,355
103.59,340,333
103.64,300,303
103.64,317,316
103.64,301,298
103.64,311,315
103.64,324,325
103.65,331,328
103.66,311,312
103.72,331,326
103.72,323,328
103.72,366,364
103.72,309,305
103.72,354,356
103.72,313,306
103.72,339,344
103.78,326,325
103.78,334,334
103.78,299,297
103.78,321,326
103.78,316,309
103.78,307,312
103.79,300,293
103.84,287,290
103.84,333,331
103.84,298,299
103.84,333,335
103.84,332,331
103.85,347,345
103.85,295,297
103.9,305,301
103.9,300,304
103.9,333,333
103.9,319,313
103.9,319,327
103.91,345,338
103.92,310,312
103.98,329,328
103.98,335,337
103.98,331,327
103.98,311,311
103.98,324,324
103.98,309,309
103.98,338,341
104.04,300,298
104.04,327,328
104.04,296,294
104.04,320,324
104.04,318,318
104.04,332,335
104.05,337,337
104.11,324,329
104.11,332,326
104.11,312,315
104.11,339,336
104.11,351,355
104.11,336,327
104.12,305,312
104.17,346,344
104.17,333,334
104.17,329,327
104.17,320,323
104.17,349,350
104.17,325,324
104.18,355,350
104.23,302,300
104.23,322,328
104.23,351,348
104.23,361,364
104.23,352,344
104.24,297,295
104.25,325,323
104.31,309,309
104.31,340,340
104.31,297,296
104.31,325,330
104.31,336,331
104.31,306,312
104.31,299,298
104.37,305,308
104.37,301,297
104.37,311,310
104.37,297,295
104.37,328,332
104.37,308,304
104.38,319,323
104.43,329,324
104.43,287,291
104.43,331,331
104.43,312,313
104.43,340,340
104.43,286,288
104.44,302,302
104.5,300,302
104.5,336,335
104.5,330,325
104.5,302,302
104.5,307,307
104.5,327,327
104.51,285,279
104.57,303,309
104.57,319,312
104.57,321,326
104.57,292,283
104.57,291,300
104.57,322,317
104.57,287,288
104.64,320,319
104.64,299,299
104.64,324,328
104.64,317,315
104.64,297,298
104.64,304,302
104.64,311,312
104.7,311,306
104.7,317,318
104.7,320,319
104.7,318,317
104.7,319,320
104.7,341,341
104.71,317,312
104.76,294,296
104.76,331,326
104.76,294,294
104.76,332,336
104.76,320,318
104.76,321,325
104.77,329,326
104.82,323,323
104.82,338,336
104.82,344,348
104.82,327,325
104.82,349,350
104.83,333,330
104.84,327,331
104.9,362,360
104.9,328,332
104.9,340,336
104.9,305,306
104.9,340,342
104.9,319,315
104.9,331,335
104.96,319,312
104.96,304,309
104.96,322,323
104.96,330,328
104.96,326,324
104.96,315,316
104.97,334,330
105.02,326,326
105.02,328,323
105.02,326,332
105.02,336,330
105.02,306,307
105.02,341,342
105.03,346,347
105.09,316,313
105.09,301,300
105.09,324,328
105.09,322,319
105.09,324,323
105.09,320,320
105.1,321,322
105.15,353,347
105.15,315,315
105.15,322,319
105.15,320,325
105.15,340,336
105.16,314,316
105.16,333,329
105.23,302,303
105.23,358,360
105.23,328,326
105.23,343,340
105.23,305,308
105.23,326,328
105.23,308,306
105.29,327,327
105.29,310,308
105.29,305,309
105.29,308,307
105.29,334,337
105.29,314,310
105.3,305,308
105.35,332,329
105.36,313,316
105.36,336,335
105.36,291,290
105.36,314,317
105.36,312,310
105.36,357,360
105.42,335,332
105.42,337,331
105.42,299,295
105.42,308,309
105.42,305,304
105.42,321,325
105.43,323,319
105.48,310,314
105.48,333,327
105.48,309,311
105.48,321,316
105.48,309,311
105.48,355,354
105.49,338,335
105.54,338,338
105.54,316,314
105.54,311,310
105.54,312,308
105.54,326,328
105.55,309,309
105.56,345,345
105.62,325,320
105.62,333,336
105.62,309,302
105.62,324,332
105.62,342,335
105.62,285,288
105.62,326,328
105.68,301,297
105.68,329,331
105.68,299,295
105.68,316,317
105.68,322,324
105.68,334,333
105.69,317,312
105.75,331,333
105.75,327,322
105.75,330,333
105.75,346,344
105.75,323,323
105.75,325,322
105.75,323,325
105.81,337,332
105.81,296,299
105.81,318,314
105.81,298,298
105.81,323,325
105.81,323,321
105.82,347,347
105.87,307,306
105.87,333,338
105.87,333,325
105.87,323,327
105.87,351,354
105.88,350,347
105.89,328,326
105.95,319,316
105.95,322,319
105.95,331,333
105.95,336,333
105.95,293,298
105.95,368,369
105.95,327,318
106.01,319,322
106.01,324,323
106.01,312,309
106.01,305,307
106.01,332,332
106.01,305,306
106.02,331,331
106.07,316,316
106.07,339,341
106.07,315,310
106.07,346,355
106.07,366,356
106.07,308,310
106.08,328,329
106.14,315,312
106.14,323,326
106.14,336,338
106.14,322,321
106.14,327,326
106.14,307,306
106.15,309,312
106.2,334,334
106.2,319,314
106.2,309,309
106.2,299,294
106.2,303,308
106.2,321,318
106.21,324,326
106.28,316,311
106.28,304,307
106.28,329,326
106.28,320,319
106.28,319,319
106.28,297,293
106.28,310,312
106.34,302,303
106.34,318,317
106.34,310,309
106.34,354,353
106.34,313,310
106.34,323,328
106.35,344,339
106.36,308,308
106.36,315,312
106.37,321,323
106.43,333,326
106.43,330,334
106.43,333,330
106.43,320,318
106.43,314,312
106.43,304,304
106.44,343,345
106.5,331,329
106.5,327,326
106.5,318,316
106.5,318,323
106.5,330,325
106.5,355,363
106.5,337,324
106.56,298,303
106.56,325,320
106.56,305,310
106.56,357,358
106.56,350,349
106.56,361,358
106.57,334,335
106.62,338,336
106.62,318,320
106.62,329,325
106.62,310,310
106.62,321,322
106.63,306,303
106.63,336,340
106.7,323,313
106.7,315,325
106.7,336,327
106.7,294,298
106.7,332,331
106.7,302,300
106.7,330,329
106.76,291,289
106.76,336,337
106.76,304,301
106.76,323,324
106.76,286,285
106.76,303,305
106.77,322,322
106.82,345,342
106.82,302,299
106.82,330,335
106.82,330,324
106.82,310,315
106.82,304,298
106.83,303,306
106.88,323,322
106.89,300,298
106.89,327,329
106.89,317,312
106.89,314,317
106.89,340,338
106.9,329,327
106.95,332,330
106.95,319,321
106.95,303,298
106.95,296,299
106.95,297,294
106.95,314,320
106.96,330,322
107.03,321,322
107.03,328,324
107.03,328,333
107.03,335,328
107.03,307,304
107.03,326,333
107.03,338,333
107.09,321,317
107.09,319,320
107.09,336,335
107.09,332,331
107.09,338,343
107.09,353,345
107.09,309,311
107.15,333,330
107.15,322,323
107.15,331,327
107.15,311,312
107.15,327,323
107.15,320,320
107.16,317,318
107.21,340,344
107.21,343,342
107.21,316,316
107.21,328,329
107.21,330,328
107.22,352,353
107.22,344,335
107.28,307,311
107.28,325,319
107.28,313,315
107.28,329,328
107.28,330,334
107.28,367,367
107.29,332,332
107.35,349,351
107.35,339,336
107.35,365,365
107.35,316,316
107.35,352,355
107.35,328,322
107.36,326,329
107.42,329,325
107.42,334,336
107.42,321,317
107.42,327,337
107.42,363,358
107.42,319,320
107.42,327,321
107.48,315,321
107.48,341,335
107.48,317,322
107.48,335,335
107.48,318,318
107.48,327,326
107.49,323,325
107.54,344,342
107.54,320,320
107.54,343,343
107.54,322,316
107.54,318,324
107.54,344,342
107.55,336,337
107.6,340,339
107.6,345,346
107.6,333,327
107.6,296,299
107.6,316,311
107.61,309,311
107.62,306,304
107.68,304,305
107.68,315,315
107.68,312,313
107.68,352,346
107.68,290,288
107.68,364,371
107.68,333,323
107.74,307,310
107.74,314,316
107.74,340,338
107.74,323,317
107.74,319,320
107.74,325,324
107.75,308,310
107.8,327,326
107.8,299,297
107.8,325,328
107.8,308,305
107.8,329,331
107.81,334,329
107.81,294,292
107.87,298,302
107.87,317,315
107.87,302,298
107.87,309,309
107.87,300,299
107.87,316,318
107.88,321,317
107.94,300,304
107.94,343,346
107.94,323,322
107.94,323,319
107.94,312,310
107.94,304,303
107.95,302,307
108.01,335,335
108.01,295,290
108.01,310,310
108.01,305,306
108.01,318,317
108.01,313,312
108.01,319,317
108.07,326,322
108.07,299,298
108.07,306,302
108.07,305,307
108.07,322,318
108.07,283,284
108.08,326,328
108.13,308,306
108.13,335,333
108.13,313,319
108.13,318,309
108.13,285,287
108.13,318,316
108.14,297,294
108.21,288,294
108.21,318,313
108.21,336,342
108.21,330,322
108.21,295,300
108.21,318,316
108.21,297,296
108.27,321,323
108.27,321,318
108.27,314,316
108.27,304,306
108.27,344,344
108.27,301,296
108.27,287,291
108.33,314,314
108.33,319,319
108.33,339,336
108.33,316,319
108.33,334,328
108.33,303,306
108.34,330,326
108.4,317,320
108.4,350,348
108.4,300,297
108.4,317,321
108.4,321,318
108.4,326,326
108.4,349,349
108.46,351,348
108.46,299,295
108.46,332,335
108.46,331,327
108.46,304,306
108.46,329,326
108.47,331,338
108.52,344,335
108.52,307,311
108.52,345,344
108.52,345,342
108.52,314,310
108.53,308,311
108.54,328,328
108.6,313,310
108.6,323,322
108.6,290,286
108.6,304,310
108.6,308,304
108.6,309,311
108.6,323,320
108.66,351,356
108.66,344,338
108.66,320,321
108.66,321,317
108.66,306,312
108.66,353,350
108.67,312,313
108.72,330,327
108.72,298,295
108.72,327,325
108.72,310,307
108.72,332,332
108.72,322,322
108.73,352,352
108.78,316,312
108.78,339,343
108.78,342,335
108.78,310,315
108.78,328,324
108.79,300,304
108.8,325,324
108.86,339,343
108.86,338,330
108.86,290,288
108.86,317,321
108.86,310,306
108.86,330,332
108.86,322,318
108.92,320,318
108.92,315,314
108.92,320,324
108.92,331,326
108.92,302,308
108.92,327,317
108.93,291,294
108.99,339,336
108.99,321,323
108.99,364,366
108.99,331,325
108.99,327,327
108.99,339,337
108.99,329,326
109.05,315,319
109.05,346,348
109.05,336,337
109.05,339,338
109.05,330,324
109.05,329,332
109.06,343,337
109.11,339,340
109.11,330,323
109.11,325,329
109.11,339,332
109.11,316,322
109.12,351,348
109.12,315,316
109.18,353,355
109.18,321,319
109.18,365,363
109.18,309,304
109.18,310,313
109.18,306,304
109.19,311,311
109.25,317,315
109.25,330,326
109.25,303,301
109.25,316,325
109.25,326,321
109.25,309,313
109.26,320,315
109.32,299,305
109.32,341,341
109.32,307,305
109.32,312,314
109.32,337,334
109.32,340,338
109.32,323,320
109.38,306,307
109.38,321,315
109.38,309,312
109.38,297,293
109.38,312,319
109.38,306,300
109.39,299,303
109.44,320,315
109.44,299,304
109.44,327,320
109.44,288,291
109.44,340,338
109.44,310,309
109.45,336,335
109.5,302,304
109.5,347,344
109.5,303,305
109.5,332,333
109.5,321,317
109.51,319,318
109.52,318,316
109.58,302,306
109.58,341,336
109.58,304,305
109.58,324,323
109.58,310,310
109.58,317,317
109.58,301,298
109.64,313,316
109.64,312,312
109.64,339,338
109.64,321,320
109.64,337,340
109.64,342,339
109.65,320,320
109.71,314,311
109.71,320,322
109.71,317,311
109.71,310,315
109.71,337,336
109.71,336,342
109.71,355,349
109.77,292,290
109.77,306,304
109.77,321,327
109.77,337,330
109.77,310,313
109.77,318,315
109.78,297,298
109.83,332,334
109.83,311,307
109.83,334,344
109.83,326,316
109.83,316,320
109.84,326,324
109.85,309,317
109.91,336,329
109.91,317,321
109.91,357,355
109.91,341,344
109.91,346,340
109.91,307,308
109.91,309,309
109.97,305,304
109.97,302,303
109.97,297,298
109.97,323,322
109.97,320,319
109.97,328,329
109.98,320,316
110.03,300,301
110.03,321,320
110.03,307,308
110.03,346,349
110.03,323,321
110.03,319,314
110.04,299,302
110.09,319,317
110.09,315,317
110.09,340,339
110.09,330,330
110.09,336,335
110.1,332,332
110.11,325,323
110.17,352,353
110.17,361,361
110.17,332,325
110.17,321,323
110.17,339,333
110.17,323,326
110.17,353,355
110.23,338,333
110.23,319,318
110.23,313,309
110.23,322,323
110.23,308,310
110.23,350,351
110.24,295,291
110.3,334,337
110.3,315,310
110.3,341,346
110.3,343,335
110.3,312,315
110.3,334,330
110.3,312,315
110.36,325,322
110.36,296,297
110.36,347,347
110.36,303,299
110.36,319,321
110.36,315,310
110.37,305,308
110.42,322,318
110.42,324,327
110.42,334,324
110.42,304,307
110.42,322,318
110.43,313,316
110.44,353,354
110.5,351,352
110.5,319,312
110.5,309,312
110.5,328,324
110.5,293,294
110.5,330,330
110.5,311,311
110.56,334,333
110.56,271,269
110.56,334,336
110.56,299,295
110.56,322,328
110.56,345,340
110.57,319,323
110.62,321,314
110.62,331,338
110.62,363,359
110.62,305,303
110.62,327,328
110.62,313,313
110.63,325,325
110.69,323,325
110.69,341,340
110.69,312,310
110.69,334,333
110.69,322,323
110.69,322,319
110.7,300,299
110.75,336,344
110.75,356,352
110.75,321,320
110.75,292,294
110.75,325,327
110.75,309,303
110.76,300,303
110.83,315,314
110.83,331,328
110.83,309,309
110.83,285,283
110.83,314,317
110.83,301,299
110.83,315,315
110.89,302,299
110.89,327,327
110.89,317,317
110.89,327,331
110.89,356,355
110.89,327,328
110.89,338,340
110.95,343,343
110.95,344,340
110.95,310,308
110.95,330,330
110.95,312,310
110.95,324,325
110.96,295,293
111.02,327,330
111.02,328,326
111.02,326,325
111.02,322,318
111.02,319,325
111.02,342,339
111.03,340,346
111.08,355,347
111.08,294,293
111.08,313,312
111.08,320,325
111.08,322,318
111.08,339,341
111.09,320,317
111.16,311,309
111.16,336,343
111.16,321,313
111.16,293,293
111.16,319,316
111.16,306,304
111.16,286,284
111.22,303,302
111.22,302,300
111.22,302,306
111.22,332,325
111.22,291,293
111.22,310,306
111.22,277,283
111.28,313,311
111.28,313,317
111.28,364,358
111.28,308,307
111.28,334,339
111.28,321,318
111.29,326,325
111.35,330,330
111.35,347,344
111.35,309,299
111.35,307,312
111.35,325,320
111.35,306,310
111.35,333,328
111.41,315,315
111.41,326,324
111.41,341,341
111.41,329,326
111.41,296,294
111.41,335,338
111.42,310,307
111.47,316,325
111.47,325,320
111.47,323,330
111.47,338,330
111.47,310,313
111.48,329,326
111.48,313,314
111.53,316,311
111.53,299,307
111.53,340,334
111.53,287,288
111.53,337,341
111.54,315,317
111.55,368,365
111.61,303,299
111.61,333,334
111.61,302,300
111.61,314,316
111.61,310,309
111.61,323,327
111.62,321,316
111.67,326,328
111.68,321,318
111.68,329,333
111.68,321,316
111.68,304,308
111.68,320,316
111.68,299,304
111.74,336,331
111.74,319,322
111.74,357,354
111.74,299,299
111.74,339,341
111.74,304,299
111.75,319,319
111.8,315,311
111.8,309,312
111.8,330,326
111.8,295,294
111.8,297,298
111.8,315,318
111.81,323,320
111.88,303,303
111.88,336,336
111.88,296,296
111.88,317,319
111.88,327,322
111.88,316,314
111.88,303,302
111.94,337,342
111.94,316,313
111.94,327,329
111.94,334,333
111.94,336,337
111.94,327,322
111.94,326,332
112.0,348,346
112.0,338,342
112.0,355,350
112.0,327,330
112.0,348,347
112.0,318,317
112.01,324,324
112.06,307,305
112.06,333,336
112.06,321,321
112.06,330,329
112.06,315,315
112.07,325,325
112.07,312,310
112.13,319,316
112.13,312,314
112.13,314,313
112.13,317,315
112.13,312,312
112.13,328,326
112.14,317,318
112.2,333,330
112.2,326,329
112.2,355,356
112.2,313,306
112.2,307,311
112.2,333,334
112.2,341,338
112.26,318,319
112.26,346,347
112.26,332,328
112.26,308,310
112.26,344,342
112.26,327,328
112.27,310,304
112.33,299,303
112.33,365,365
112.33,321,318
112.33,344,349
112.33,334,330
112.33,318,319
112.34,325,327
112.39,362,362
112.39,309,304
112.39,331,338
112.39,340,338
112.39,327,330
112.39,339,333
112.4,325,332
112.47,330,323
112.47,303,307
112.47,334,329
112.47,332,337
112.47,357,351
112.47,299,297
112.47,352,354
112.53,321,319
112.53,326,331
112.53,346,347
112.53,353,351
112.53,315,313
112.53,341,347
112.53,357,352
112.59,336,342
112.59,367,361
112.59,333,334
112.59,332,326
112.59,303,303
112.59,339,337
112.6,308,308
112.65,311,308
112.65,301,302
112.65,330,328
112.65,284,285
112.65,344,345
112.66,310,305
112.66,308,305
112.72,311,315
112.72,356,356
112.72,325,320
112.72,320,324
112.72,304,297
112.72,311,316
112.73,324,318
112.78,285,290
112.78,354,349
112.78,278,276
112.78,311,311
112.78,274,271
112.79,311,310
112.79,299,298
112.86,296,299
112.86,299,298
112.86,312,320
112.86,330,327
112.86,292,292
112.86,300,299
112.86,319,321
112.92,336,332
112.92,300,305
112.92,333,330
112.92,285,286
112.92,313,314
112.92,304,302
112.93,301,299
112.98,288,290
112.98,325,321
112.98,321,323
112.98,346,342
112.98,299,295
112.98,306,309
112.99,308,303
113.05,320,323
113.05,312,307
113.05,309,312
113.05,341,342
113.05,328,327
113.05,345,347
113.06,340,340
113.11,337,332
113.11,304,300
113.11,318,322
113.11,327,323
113.11,325,327
113.11,327,322
113.12,321,321
113.19,341,340
113.19,341,336
113.19,311,313
113.19,327,333
113.19,322,318
113.19,323,324
113.19,316,308
113.25,303,307
113.25,348,345
113.25,318,314
113.25,337,340
113.25,339,335
113.25,330,334
113.25,325,318
113.31,315,313
113.31,320,318
113.31,321,323
113.31,316,311
113.31,324,327
113.31,323,315
113.32,311,316
113.37,330,326
113.37,315,317
113.37,329,325
113.37,282,281
113.37,313,317
113.38,313,315
113.38,356,353
113.44,323,326
113.44,329,325
113.44,315,317
113.44,311,308
113.44,286,289
113.44,326,329
113.45,306,303
113.51,301,306
113.51,317,313
113.51,315,319
113.51,338,333
113.51,304,306
113.51,326,320
113.52,293,296
113.58,349,350
113.58,299,294
113.58,305,311
113.58,336,338
113.58,331,327
113.58,318,316
113.58,342,346
113.64,342,334
113.64,302,303
113.64,329,331
113.64,340,339
113.64,327,320
113.64,321,325
113.65,338,335
113.7,308,310
113.7,341,348
113.7,331,322
113.7,316,318
113.7,309,306
113.7,321,322
113.71,326,326
113.76,337,338
113.76,332,331
113.76,341,342
113.76,333,328
113.76,335,339
113.77,340,336
113.78,330,334
113.84,335,334
113.84,338,341
113.84,361,357
113.84,318,317
113.84,343,349
113.84,355,347
113.85,315,315
113.86,318,316
113.86,342,344
113.87,339,339
113.93,356,356
113.93,331,323
113.93,296,302
113.93,329,325
113.93,341,347
113.93,328,321
113.94,323,326
114.0,345,339
114.0,306,309
114.0,344,337
114.0,309,314
114.0,336,332
114.0,298,303
114.0,329,326
114.06,301,301
114.06,320,322
114.06,329,328
114.06,322,327
114.06,342,338
114.06,319,322
114.07,332,328
114.12,321,324
114.12,321,316
114.12,300,304
114.12,323,317
114.12,315,318
114.13,315,311
114.13,294,292
114.2,326,328
114.2,302,300
114.2,321,322
114.2,332,331
114.2,303,302
114.2,303,302
114.2,293,295
114.26,302,305
114.26,337,338
114.26,309,300
114.26,322,331
114.26,342,330
114.26,262,266
114.27,341,341
114.32,299,298
114.32,311,312
114.32,314,312
114.32,312,309
114.32,293,294
114.32,329,330
114.33,298,296
114.38,317,322
114.38,312,306
114.38,289,296
114.38,315,306
114.38,297,303
114.39,317,312
114.4,287,291
114.45,321,319
114.45,290,293
114.45,336,338
114.45,314,310
114.45,320,322
114.45,314,315
114.46,321,320
114.52,301,303
114.52,342,344
114.52,335,333
114.52,338,340
114.52,319,314
114.52,317,323
114.53,321,315
114.59,295,297
114.59,321,315
114.59,315,319
114.59,323,320
114.59,313,317
114.59,338,337
114.59,323,315
114.65,310,310
114.65,308,308
114.65,355,353
114.65,300,295
114.65,331,333
114.65,344,340
114.66,312,311
114.71,293,289
114.71,309,312
114.71,319,311
114.71,289,295
114.71,351,345
114.72,296,297
114.72,327,324
114.79,294,295
114.79,328,328
114.79,297,296
114.79,357,366
114.79,336,333
114.79,317,319
114.79,313,309
114.85,328,329
114.85,306,304
114.85,302,309
114.85,327,323
114.85,319,319
114.85,291,288
114.85,317,319
114.91,318,311
114.91,308,315
114.91,357,353
114.91,309,306
114.91,340,344
114.91,331,332
114.92,337,334
114.98,300,300
114.98,314,314
114.98,322,319
114.98,315,314
114.98,318,318
114.98,324,326
114.99,327,320
115.04,308,312
115.04,348,343
115.04,326,330
115.04,357,350
115.04,289,288
115.04,335,335
115.05,337,341
115.12,349,343
115.12,317,316
115.12,340,342
115.12,352,349
115.12,323,320
115.12,312,311
115.12,314,319
115.18,319,317
115.18,357,359
115.18,325,313
115.18,276,284
115.18,345,341
115.18,299,300
115.18,342,342
115.24,320,318
115.24,331,328
115.24,301,305
115.24,339,338
115.24,327,331
115.24,339,336
115.25,339,336
115.3,336,335
115.3,315,311
115.3,305,308
115.3,338,337
115.3,324,328
115.31,332,329
115.31,318,320
115.37,359,363
115.37,351,345
115.37,344,350
115.37,356,349
115.37,332,332
115.37,323,321
115.38,315,316
115.44,313,312
115.44,334,332
115.44,314,313
115.44,336,340
115.44,348,345
115.44,339,338
115.44,323,324
115.51,327,327
115.51,336,333
115.51,334,333
115.51,327,325
115.51,309,309
115.51,334,334
115.51,318,319
115.57,340,339
115.57,313,310
115.57,339,344
115.57,337,332
115.57,329,333
115.57,339,337
115.58,322,323
115.63,340,338
115.63,336,333
115.63,291,285
115.63,293,299
115.63,310,308
115.63,313,315
115.64,323,322
115.69,317,317
115.69,333,333
115.69,313,312
115.69,330,327
115.69,309,306
115.7,320,321
115.71,306,304
115.76,315,318
115.76,317,314
115.76,301,304
115.76,331,329
115.76,306,307
115.76,323,319
115.77,303,302
115.83,320,321
115.83,308,309
115.83,357,361
115.83,328,326
115.83,373,374
115.83,310,304
115.84,322,325
115.9,312,311
115.9,327,332
115.9,327,321
115.9,318,316
115.9,311,310
115.9,316,314
115.9,306,305
115.96,317,319
115.96,315,310
115.96,294,297
115.96,318,317
115.96,313,310
115.96,358,359
115.97,308,305
116.02,326,329
116.02,316,317
116.02,332,332
116.02,307,303
116.02,348,349
116.03,336,334
116.03,345,344
116.09,304,302
116.09,306,310
116.09,322,319
116.09,304,309
116.09,356,352
116.09,306,303
116.1,327,327
116.16,311,310
116.16,337,337
116.16,311,309
116.16,323,321
116.16,312,312
116.16,327,327
116.17,319,317
116.23,326,329
116.23,325,320
116.23,328,332
116.23,347,346
116.23,308,306
116.23,325,321
116.23,295,295
116.29,322,323
116.29,303,304
116.29,333,335
116.29,314,310
116.29,338,343
116.29,327,323
116.3,327,329
116.35,328,322
116.35,319,322
116.35,321,317
116.35,331,336
116.35,335,324
116.35,310,320
116.36,362,350
116.41,291,295
116.41,322,316
116.41,297,300
116.41,341,340
116.41,307,305
116.42,310,311
116.43,317,317
116.49,335,337
116.49,345,343
116.49,316,318
116.49,326,324
116.49,340,345
116.49,331,323
116.49,338,346
116.55,326,319
116.55,291,292
116.55,313,310
116.55,297,300
116.55,332,329
116.55,303,301
116.56,308,312
116.61,312,308
116.61,327,327
116.61,306,305
116.61,319,320
116.61,317,314
116.62,323,328
116.62,325,317
116.68,297,300
116.68,303,303
116.68,296,298
116.68,320,316
116.68,314,314
116.68,336,332
116.69,297,301
116.75,344,345
116.75,323,319
116.75,331,331
116.75,328,329
116.75,349,351
116.75,355,352
116.76,332,330
116.82,326,329
116.82,328,326
116.82,291,286
116.82,337,348
116.82,344,334
116.82,296,301
116.82,314,310
116.88,297,297
116.88,330,326
116.88,316,318
116.88,316,314
116.88,315,316
116.88,341,343
116.89,312,308
116.94,319,320
116.94,319,315
116.94,328,332
116.94,314,312
116.94,340,347
116.94,333,326
116.95,325,326
117.0,324,323
117.0,349,348
117.0,319,313
117.0,300,306
117.0,345,343
117.01,312,309
117.02,327,331
117.08,319,316
117.08,307,304
117.08,294,296
117.08,328,327
117.08,283,281
117.08,309,309
117.08,295,292
117.14,311,317
117.14,314,311
117.14,310,312
117.14,338,327
117.14,290,296
117.14,327,319
117.15,288,292
117.2,300,298
117.2,307,311
117.2,344,337
117.2,291,289
117.2,315,317
117.21,307,302
117.21,305,308
117.27,317,319
117.27,334,330
117.27,304,302
117.27,341,347
117.27,328,320
117.27,301,306
117.28,349,346
117.34,299,299
117.34,353,352
117.34,333,331
117.34,346,347
117.34,320,319
117.35,363,366
117.35,347,340
117.41,341,342
117.41,316,311
117.41,323,327
117.41,329,324
117.41,306,309
117.41,330,326
117.41,312,316
117.47,323,319
117.47,312,317
117.47,344,345
117.47,329,328
117.47,340,341
117.47,302,300
117.48,353,356
117.53,300,295
117.53,328,330
117.53,317,313
117.53,317,319
117.53,322,322
117.53,330,330
117.54,330,325
117.59,324,330
117.59,377,374
117.59,331,326
117.59,315,313
117.59,320,322
117.6,325,322
117.61,324,325
117.67,341,339
117.67,315,315
117.67,329,329
117.67,302,303
117.67,338,337
117.67,321,319
117.67,346,348
117.73,326,322
117.73,318,323
117.73,314,308
117.73,320,323
117.73,322,313
117.73,308,313
117.74,336,330
117.8,304,306
117.8,338,339
117.8,324,321
117.8,327,322
117.8,318,324
117.8,361,358
117.8,338,334
117.86,311,310
117.86,318,319
117.86,329,331
117.86,318,315
117.86,309,310
117.86,322,319
117.87,351,354
117.92,330,320
117.92,306,310
117.92,316,312
117.92,306,308
117.92,335,335
117.93,313,313
117.94,329,329
118.0,304,305
118.0,346,348
118.0,319,314
118.0,319,321
118.0,317,315
118.0,322,322
118.0,310,308
118.06,306,307
118.06,335,329
118.06,287,291
118.06,344,343
118.06,311,310
118.06,336,337
118.07,336,335
118.12,330,335
118.12,359,352
118.12,306,301
118.12,313,310
118.12,319,319
118.12,312,310
118.13,341,346
118.18,306,298
118.18,297,306
118.18,316,308
118.18,286,289
118.19,319,311
118.19,274,279
118.2,317,321
118.25,300,294
118.25,294,299
118.25,330,334
118.25,334,327
118.25,284,288
118.25,309,305
118.26,303,304
118.32,354,355
118.33,313,304
118.33,300,306
118.33,325,322
118.33,323,326
118.33,323,322
118.33,325,327
118.39,347,346
118.39,325,322
118.39,332,330
118.39,312,312
118.39,332,338
118.39,307,303
118.39,325,328
118.45,315,311
118.45,310,311
118.45,309,309
118.45,299,298
118.45,292,290
118.45,294,296
118.46,305,302
118.51,302,306
118.51,317,313
118.51,296,297
118.51,305,302
118.51,289,290
118.52,336,333
118.52,290,290
118.59,329,332
118.59,319,313
118.59,316,317
118.59,321,322
118.59,320,321
118.59,348,351
118.59,365,363
118.65,313,305
118.65,323,326
118.65,310,306
118.65,322,327
118.65,351,346
118.65,306,307
118.66,337,340
118.71,317,317
118.71,332,330
118.71,319,319
118.71,340,343
118.71,314,310
118.71,329,331
118.72,325,324
118.78,324,323
118.78,320,317
118.78,321,324
118.78,308,305
118.78,328,335
118.78,345,338
118.79,318,321
118.84,337,334
118.84,302,302
118.84,323,324
118.84,307,307
118.84,334,335
118.84,314,311
118.85,326,327
118.92,310,308
118.92,322,326
118.92,320,315
118.92,317,320
118.92,330,326
118.92,350,359
118.92,362,350
118.98,305,308
118.98,322,322
118.98,306,303
118.98,314,312
118.98,329,330
118.98,334,331
118.98,320,320
119.04,348,349
119.04,307,302
119.04,312,312
119.04,300,297
119.04,315,319
119.04,326,322
119.05,306,308
119.11,307,304
119.11,317,322
119.11,342,340
119.11,328,330
119.11,325,321
119.11,313,317
119.11,336,333
119.17,317,317
119.17,346,346
119.17,324,327
119.17,352,350
119.17,315,313
119.17,337,337
119.18,327,325
119.23,333,333
119.23,335,333
119.23,319,320
119.23,318,314
119.23,330,337
119.24,336,332
119.25,316,320
119.31,344,341
119.31,318,318
119.31,327,325
119.31,305,303
119.31,325,323
119.31,313,313
119.31,330,333
119.37,312,311
119.37,329,332
119.37,332,329
119.37,339,343
119.37,332,325
119.37,304,306
119.38,322,323
119.43,326,328
119.43,333,330
119.43,310,313
119.43,322,321
119.43,315,314
119.43,325,328
119.44,319,317
119.49,319,320
119.49,319,314
119.49,313,311
119.5,289,287
119.5,296,301
119.5,306,301
119.51,306,307
119.56,320,317
119.56,314,316
119.56,296,290
119.56,302,309
119.56,344,341
119.57,314,314
119.57,350,354
119.64,349,345
119.64,331,338
119.64,347,341
119.64,326,326
119.64,332,333
119.64,355,352
119.64,304,301
119.7,329,334
119.7,315,307
119.7,311,318
119.7,329,321
119.7,322,324
119.7,328,323
119.7,312,313
119.76,318,318
119.76,344,346
119.76,361,355
119.76,314,313
119.76,347,347
119.76,307,303
119.77,319,317
119.82,304,304
119.82,328,327
119.82,307,303
119.82,317,320
119.82,313,310
119.83,315,319
119.84,340,338
119.9,344,350
119.9,339,332
119.9,314,320
119.9,372,370
119.9,301,298
119.9,334,337
119.9,340,338
119.96,353,350
119.96,311,309
119.96,326,330
119.96,320,317
119.96,325,326
119.96,318,317
119.97,338,345
120.02,336,327
120.02,319,327
120.02,343,336
120.02,322,325
120.02,327,322
120.02,307,310
120.03,339,336
120.09,317,314
120.09,335,334
120.09,307,306
120.09,337,336
120.09,311,309
120.09,318,319
120.1,318,312
120.16,312,315
120.16,319,312
120.16,310,312
120.16,320,320
120.16,344,347
120.16,325,321
120.16,356,362
120.23,345,338
120.23,304,302
120.23,304,305
120.23,308,312
120.23,333,330
120.23,302,300
120.23,337,340
120.29,325,322
120.29,321,324
120.29,317,312
120.29,299,302
120.29,299,296
120.29,294,300
120.29,342,343
120.35,327,326
120.35,320,316
120.35,318,322
120.35,339,334
120.35,294,290
120.35,311,316
120.36,331,328
120.41,333,334
120.41,300,297
120.41,326,330
120.41,304,304
120.41,313,314
120.42,313,309
120.43,339,343
120.48,323,316
120.48,291,295
120.48,327,322
120.48,303,306
120.48,315,313
120.48,291,291
120.49,324,324
120.55,288,287
120.55,315,315
120.55,306,307
120.55,309,303
120.55,273,271
120.56,309,312
120.56,311,309
120.62,310,311
120.62,313,309
120.62,293,297
120.62,298,294
120.62,289,290
120.62,297,293
120.62,292,294
120.68,308,307
120.68,297,295
120.68,325,324
120.68,289,292
120.68,334,332
120.68,307,305
120.69,324,326
120.74,327,330
120.74,349,348
120.74,331,327
120.74,324,329
120.74,350,340
120.74,295,300
120.75,325,323
120.8,309,310
120.8,337,335
120.8,317,315
120.8,333,335
120.8,360,359
120.81,353,353
120.82,333,329
120.88,348,350
120.88,335,328
120.88,318,321
120.88,338,335
120.88,316,316
120.88,338,337
120.88,317,319
120.94,331,326
120.94,303,306
120.95,321,317
120.95,308,312
120.95,328,327
120.95,316,314
120.95,319,319
121.01,315,314
121.01,325,324
121.01,319,322
121.01,338,335
121.01,318,314
121.01,335,337
121.02,329,325
121.07,313,316
121.07,328,325
121.07,325,328
121.07,337,329
121.07,320,324
121.07,336,334
121.08,303,303
121.13,331,334
121.13,305,302
121.13,322,324
121.13,337,337
121.13,324,323
121.14,330,330
121.15,317,315
121.21,310,310
121.21,325,327
121.21,301,299
121.21,355,358
121.21,328,323
121.21,331,332
121.21,329,319
121.27,290,297
121.27,323,316
121.27,296,298
121.27,322,319
121.27,321,325
121.27,343,337
121.28,303,304
121.34,323,326
121.34,331,330
121.34,340,339
121.34,330,326
121.34,338,343
121.34,333,322
121.34,290,294
121.4,325,324
121.4,301,300
121.4,335,337
121.4,305,306
121.4,319,319
121.4,314,314
121.41,334,337
121.42,330,328
121.43,344,345
121.44,324,323
121.49,337,338
121.49,338,336
121.49,324,328
121.49,314,309
121.49,327,331
121.49,328,321
121.5,322,325
121.55,318,313
121.55,316,323
121.55,357,348
121.55,286,287
121.55,349,352
121.56,322,317
121.57,346,345
121.63,325,323
121.63,330,330
121.63,323,319
121.63,330,333
121.63,326,322
121.63,324,326
121.63,317,312
121.69,316,321
121.69,315,311
121.69,301,303
121.69,328,327
121.69,346,348
121.69,364,357
121.7,289,287
121.76,315,318
121.76,297,294
121.76,303,303
121.76,312,312
121.76,323,325
121.76,325,320
121.76,320,324
121.82,322,320
121.82,312,315
121.82,320,318
121.82,304,305
121.82,326,323
121.82,309,311
121.83,333,329
121.88,313,312
121.88,331,331
121.88,302,297
121.88,334,338
121.88,321,313
121.89,319,320
121.9,308,306
121.96,341,348
121.96,352,344
121.96,333,338
121.96,354,351
121.96,290,290
121.96,308,309
121.96,336,337
122.02,332,326
122.02,310,314
122.02,341,337
122.02,315,313
122.02,338,338
122.02,317,314
122.03,330,335
122.08,340,339
122.08,344,341
122.08,319,316
122.08,344,349
122.08,310,303
122.08,304,306
122.09,328,325
122.15,331,331
122.15,301,293
122.15,298,306
122.15,312,307
122.15,317,325
122.15,329,326
122.16,353,349
122.21,335,334
122.21,309,311
122.21,357,355
122.21,309,307
122.21,335,338
122.22,318,315
122.22,318,317
122.29,303,300
122.29,337,345
122.29,361,352
122.29,313,314
122.29,328,326
122.29,312,314
122.29,338,339
122.35,337,338
122.35,346,348
122.35,316,312
122.35,308,312
122.35,320,320
122.35,330,331
122.35,308,307
122.41,320,321
122.41,301,297
122.41,319,322
122.41,299,294
122.41,321,329
122.41,323,318
122.42,317,318
122.47,312,311
122.47,314,317
122.47,313,310
122.47,316,319
122.47,354,353
122.48,319,313
122.49,308,310
122.55,304,302
122.55,316,316
122.55,298,298
122.55,322,325
122.55,313,312
122.55,338,345
122.55,330,322
122.61,330,334
122.61,359,357
122.61,313,312
122.61,365,365
122.61,339,334
122.61,335,333
122.62,317,314
122.68,330,332
122.68,329,325
122.68,331,330
122.68,308,306
122.68,325,333
122.68,352,346
122.68,294,297
122.74,325,327
122.74,335,335
122.74,316,315
122.74,303,303
122.74,327,323
122.74,303,303
122.75,315,318
122.8,332,327
122.8,298,299
122.8,308,310
122.8,333,331
122.8,284,283
122.8,325,328
122.81,310,308
122.88,302,304
122.88,302,299
122.88,307,310
122.88,340,337
122.88,322,324
122.88,357,353
122.88,309,311
122.94,326,322
122.94,294,291
122.94,317,319
122.94,311,309
122.94,298,299
122.94,317,318
122.94,313,312
123.0,295,295
123.0,319,320
123.0,289,285
123.0,304,308
123.0,294,293
123.0,307,307
123.01,283,279
123.06,294,299
123.06,320,319
123.06,321,319
123.06,321,323
123.06,340,342
123.07,327,323
123.08,299,300
123.13,332,334
123.13,314,312
123.13,346,348
123.13,321,317
123.13,320,321
123.13,304,301
123.14,318,323
123.2,308,301
123.2,307,313
123.2,309,305
123.2,309,312
123.2,321,313
123.21,297,301
123.21,316,312
123.27,292,293
123.27,332,335
123.27,300,295
123.27,312,314
123.27,316,319
123.27,308,306
123.27,307,313
123.33,367,365
123.33,300,295
123.33,321,326
123.33,322,315
123.33,314,315
123.33,344,343
123.34,325,331
123.39,396,393
123.39,343,338
123.39,336,336
123.39,321,320
123.39,324,321
123.39,301,305
123.4,333,336
123.46,338,340
123.46,345,338
123.46,305,307
123.46,322,327
123.46,338,335
123.46,313,313
123.47,311,310
123.52,310,312
123.52,323,319
123.52,312,316
123.52,327,323
123.52,320,323
123.53,338,336
123.53,311,309
123.6,334,335
123.6,314,311
123.6,323,324
123.6,326,320
123.6,313,312
123.6,311,312
123.6,319,320
123.66,338,340
123.66,359,361
123.66,330,325
123.66,327,327
123.66,335,332
123.66,328,330
123.67,352,353
123.72,331,332
123.72,345,343
123.72,331,332
123.72,347,346
123.72,326,319
123.72,299,301
123.73,302,295
123.78,301,307
123.78,321,317
123.78,318,321
123.78,341,338
123.78,311,309
123.79,313,313
123.8,332,329
123.86,314,315
123.86,321,319
123.86,336,336
123.86,307,305
123.86,345,346
123.86,320,320
123.86,321,317
123.92,315,316
123.92,350,348
123.92,302,299
123.92,322,325
123.92,335,333
123.92,325,325
123.93,342,344
123.98,330,330
123.98,333,326
123.98,307,306
123.98,337,339
123.98,311,310
123.98,338,341
123.99,354,353
124.05,353,354
124.05,322,318
124.05,359,359
124.05,300,299
124.05,318,321
124.05,319,313
124.06,319,321
124.12,315,311
124.12,312,316
124.12,332,331
124.12,318,320
124.12,319,317
124.12,320,323
124.12,329,326
124.18,302,304
124.18,325,321
124.18,301,300
124.18,328,332
124.18,333,327
124.18,334,334
124.19,314,313
124.25,329,332
124.25,309,302
124.25,300,306
124.25,320,314
124.25,299,300
124.25,319,319
124.25,314,317
124.31,332,330
124.31,304,301
124.31,315,317
124.31,304,300
124.31,319,323
124.31,331,329
124.32,339,335
124.37,316,314
124.37,327,329
124.37,325,321
124.37,327,324
124.37,309,306
124.38,308,313
124.39,357,359
124.45,342,342
124.45,326,322
124.45,309,310
124.45,331,331
124.45,316,313
124.45,325,322
124.45,297,298
124.51,331,333
124.51,321,321
124.51,317,318
124.51,315,314
124.51,311,309
124.51,315,314
124.52,317,319
124.58,331,329
124.58,296,294
124.58,317,320
124.58,309,309
124.58,313,318
124.58,337,333
124.58,326,327
124.64,312,315
124.64,327,325
124.64,312,311
124.64,327,330
124.64,317,313
124.64,311,315
124.65,329,333
124.7,357,360
124.7,352,348
124.7,316,317
124.7,318,317
124.7,326,327
124.71,311,306
124.71,317,326
124.78,362,355
124.78,295,290
124.78,316,319
124.78,307,311
124.78,354,355
124.78,323,317
124.78,317,319
124.84,304,305
124.84,325,324
124.84,296,294
124.84,305,307
124.84,313,309
124.84,320,325
124.84,326,320
124.9,307,311
124.9,312,309
124.9,307,315
124.9,345,341
124.9,288,285
124.9,298,298
124.91,298,301
124.96,350,351
124.96,331,326
124.97,290,288
124.97,307,309
124.97,323,323
124.97,314,312
124.98,320,323
125.03,310,306
125.03,313,320
125.03,338,332
125.03,316,320
125.03,338,330
125.03,282,282
125.04,325,329
125.11,320,315
125.11,324,330
125.11,308,303
125.11,321,325
125.11,311,309
125.11,331,336
125.11,313,305
125.17,344,355
125.17,354,342
125.17,302,309
125.17,359,352
125.17,297,296
125.17,310,309
125.17,304,305
125.23,329,328
125.23,317,314
125.23,320,320
125.23,312,313
125.23,319,320
125.23,318,319
125.24,347,346
125.29,329,328
125.29,307,308
125.29,326,321
125.29,304,311
125.29,388,388
125.3,326,322
125.3,330,327
125.35,332,335
125.35,345,342
125.35,335,334
125.35,348,351
125.35,316,311
125.36,331,330
125.37,298,300
125.43,330,331
125.43,307,299
125.43,301,303
125.43,324,324
125.43,310,309
125.43,323,325
125.43,334,335
125.49,317,310
125.49,331,337
125.49,330,321
125.49,302,305
125.49,327,329
125.49,300,298
125.5,327,336
125.56,330,323
125.56,299,297
125.56,307,309
125.56,314,316
125.56,305,303
125.56,299,300
125.57,298,296
125.62,312,316
125.62,312,309
125.62,303,312
125.62,329,323
125.62,300,301
125.62,319,313
125.63,301,304
125.7,355,359
125.7,335,327
125.7,314,317
125.7,329,328
125.7,312,312
125.7,337,335
125.7,301,301
125.76,324,323
125.76,315,312
125.76,301,299
125.76,310,312
125.76,304,304
125.76,305,303
125.76,307,305
125.82,300,304
125.82,325,323
125.82,317,313
125.82,328,331
125.82,326,320
125.82,324,324
125.83,332,333
125.88,335,334
125.88,324,324
125.88,323,322
125.88,312,310
125.88,305,308
125.88,315,312
125.89,302,308
125.95,335,334
125.95,312,313
125.95,331,333
125.95,345,343
125.95,320,317
125.95,300,304
125.96,314,314
126.02,339,339
126.02,333,335
126.02,326,325
126.02,316,316
126.02,309,307
126.02,329,333
126.02,332,328
126.09,299,299
126.09,311,313
126.09,321,321
126.09,331,327
126.09,287,289
126.09,326,325
126.09,306,305
126.15,331,331
126.15,306,303
126.15,324,325
126.15,303,299
126.15,322,326
126.15,324,322
126.16,332,339
126.21,317,311
126.21,316,319
126.21,325,320
126.21,304,306
126.21,327,324
126.21,296,299
126.22,325,324
126.27,315,317
126.27,339,338
126.27,301,298
126.27,330,333
126.27,313,315
126.28,355,353
126.29,327,325
126.35,330,327
126.35,310,309
126.35,323,323
126.35,305,300
126.35,304,312
126.35,330,324
126.35,319,324
126.41,343,336
126.41,291,291
126.41,332,329
126.41,324,326
126.41,335,331
126.41,310,308
126.42,333,332
126.47,338,343
126.47,353,347
126.47,288,289
126.47,334,339
126.47,352,349
126.47,320,326
126.48,341,333
126.54,316,320
126.54,322,319
126.54,311,313
126.54,349,345
126.54,332,332
126.54,347,348
126.55,317,315
126.6,329,328
126.6,315,315
126.6,328,327
126.6,344,344
126.6,345,345
126.61,336,333
126.61,342,344
126.68,321,315
126.68,340,345
126.68,342,336
126.68,331,335
126.68,333,327
126.68,322,324
126.68,324,321
126.74,309,309
126.74,328,326
126.74,305,302
126.74,345,351
126.74,315,306
126.74,321,326
126.75,331,329
126.8,372,373
126.8,339,331
126.8,336,336
126.8,323,320
126.8,313,314
126.8,325,323
126.81,323,326
126.86,334,329
126.86,301,302
126.86,324,323
126.86,318,323
126.86,331,328
126.87,318,319
126.88,333,330
126.94,300,302
126.94,324,322
126.94,297,296
126.94,321,322
126.94,308,309
126.94,326,327
126.94,305,302
127.0,306,311
127.0,313,311
127.0,302,306
127.0,358,354
127.0,301,300
127.0,328,329
127.01,311,310
127.07,334,334
127.07,309,308
127.07,325,326
127.07,309,307
127.07,331,336
127.07,309,302
127.07,317,323
127.13,320,318
127.13,336,339
127.13,330,325
127.13,318,320
127.13,348,349
127.13,308,307
127.14,336,337
127.19,305,301
127.19,330,333
127.19,318,311
127.19,298,301
127.19,319,320
127.2,311,308
127.2,309,310
127.27,334,337
127.27,330,327
127.27,323,324
127.27,316,313
127.27,331,334
127.27,316,312
127.27,320,323
127.33,323,321
127.33,305,310
127.33,345,342
127.33,303,300
127.33,334,340
127.33,336,334
127.33,343,342
127.39,330,330
127.39,341,341
127.39,328,325
127.39,347,353
127.39,361,355
127.39,335,332
127.4,318,318
127.46,353,356
127.46,366,361
127.46,343,341
127.46,318,315
127.46,314,318
127.46,324,326
127.47,348,347
127.52,323,322
127.52,305,303
127.52,320,322
127.52,294,289
127.52,307,311
127.52,308,307
127.53,308,307
127.6,322,322
127.6,313,312
127.6,318,315
127.6,301,306
127.6,324,320
127.6,291,291
127.6,304,302
127.66,306,308
127.66,343,343
127.66,307,305
127.66,323,322
127.66,309,309
127.66,315,316
127.66,309,305
127.72,324,331
127.72,348,340
127.72,303,303
127.72,325,320
127.72,304,307
127.72,325,322
127.73,315,315
127.78,317,313
127.78,298,300
127.78,337,337
127.78,323,322
127.78,344,343
127.79,315,311
127.79,326,330
127.85,302,298
127.85,308,311
127.85,321,318
127.85,331,338
127.85,332,325
127.85,318,321
127.86,340,339
127.92,324,325
127.92,340,337
127.92,315,315
127.92,331,329
127.92,308,306
127.92,299,297
127.92,303,308
127.99,341,345
127.99,325,319
127.99,300,300
127.99,301,303
127.99,323,321
127.99,302,299
127.99,311,316
128.05,314,309
128.05,345,348
128.05,341,335
128.05,326,327
128.05,356,352
128.05,323,324
128.06,332,329
128.11,317,315
128.11,329,328
128.11,293,293
128.11,321,322
128.11,298,297
128.11,356,355
128.12,309,305
128.18,313,316
128.18,303,299
128.18,288,293
128.18,306,305
128.18,302,304
128.18,318,316
128.19,324,325
128.24,322,318
128.24,306,307
128.24,321,320
128.24,297,299
128.24,327,329
128.24,314,315
128.25,357,360
128.32,327,320
128.32,326,328
128.32,332,329
128.32,327,331
128.32,342,342
128.32,366,370
128.32,365,354
128.38,311,313
128.38,344,345
128.38,322,323
128.38,334,334
128.38,319,315
128.38,341,347
128.38,349,339
128.44,324,326
128.44,315,312
128.44,336,341
128.44,341,340
128.44,321,319
128.44,331,334
128.45,347,343
128.5,321,316
128.5,328,332
128.5,313,307
128.5,306,310
128.5,326,324
128.51,308,310
128.51,336,338
128.57,323,320
128.57,335,340
128.57,311,303
128.57,318,319
128.57,291,295
128.57,332,331
128.58,297,290
128.64,305,310
128.64,312,306
128.64,305,312
128.64,319,314
128.64,290,295
128.64,320,317
128.65,276,280
128.7,309,305
128.7,305,304
128.7,315,317
128.7,314,315
128.7,324,324
128.7,304,304
128.71,313,313
128.77,313,314
128.77,316,317
128.77,311,307
128.77,308,311
128.77,316,315
128.77,324,327
128.78,329,323
128.83,319,319
128.83,322,320
128.83,306,312
128.83,331,329
128.83,296,295
128.83,317,317
128.84,299,298
128.89,318,318
128.89,325,329
128.89,331,328
128.89,306,299
128.89,308,311
128.9,290,285
128.91,311,318
128.97,316,313
128.97,284,289
128.97,324,320
128.97,286,290
128.97,333,332
128.97,295,297
128.97,338,336
129.03,281,277
129.03,323,329
129.03,335,332
129.03,328,325
129.03,296,293
129.03,324,330
129.04,338,338
129.1,366,368
129.1,353,348
129.1,319,320
129.1,370,369
129.1,308,305
129.1,338,337
129.1,317,316
129.16,346,344
129.16,317,316
129.16,340,339
129.16,319,313
129.16,308,309
129.16,312,313
129.17,328,329
129.18,318,316
129.19,317,316
129.2,312,310
129.25,336,337
129.25,344,343
129.25,319,319
129.25,342,338
129.25,321,321
129.26,320,314
129.26,295,296
129.32,335,336
129.32,322,321
129.32,341,343
129.32,325,325
129.32,337,337
129.32,316,317
129.33,339,341
129.39,330,327
129.39,342,344
129.39,328,325
129.39,322,324
129.39,306,301
129.39,318,325
129.4,331,324
129.46,304,307
129.46,318,314
129.46,323,325
129.46,329,330
129.46,296,294
129.46,338,339
129.46,305,302
129.52,333,340
129.52,331,323
129.52,333,340
129.52,313,306
129.52,318,322
129.52,329,322
129.53,297,304
129.58,338,335
129.58,299,299
129.58,338,336
129.58,309,313
129.58,345,343
129.58,307,306
129.59,342,343
129.64,318,316
129.64,320,320
129.64,319,315
129.64,329,330
129.64,332,332
129.65,305,300
129.66,299,300
129.72,312,316
129.72,328,328
129.72,319,319
129.72,318,312
129.72,297,303
129.72,335,329
129.72,292,292
129.78,314,316
129.78,309,307
129.78,321,322
129.78,321,318
129.78,328,327
129.78,294,295
129.79,332,336
129.85,305,301
129.85,311,315
129.85,328,327
129.85,336,341
129.85,368,368
129.85,351,351
129.85,355,345
129.91,308,311
129.91,340,341
129.91,324,325
129.91,338,336
129.91,315,313
129.91,324,323
129.92,312,311
129.97,327,324
129.97,317,319
129.97,328,329
129.97,326,322
129.97,305,304
129.98,313,311
129.98,340,344
130.04,331,323
130.04,298,303
130.04,329,322
130.04,301,306
130.04,333,335
130.04,303,300
130.05,334,337
130.11,330,329
130.11,317,315
130.11,319,318
130.11,329,329
130.11,315,313
130.11,324,325
130.12,321,316
130.17,322,326
130.17,338,333
130.17,308,313
130.17,371,370
130.18,320,319
130.18,338,338
130.18,338,337
130.24,336,337
130.24,330,324
130.24,321,320
130.24,309,307
130.24,332,334
130.24,300,299
130.25,329,330
130.3,318,318
130.3,335,338
130.3,336,327
130.3,308,312
130.3,327,321
130.3,313,315
130.31,327,329
130.38,336,335
130.38,325,323
130.38,320,319
130.38,332,335
130.38,325,323
130.38,334,335
130.38,330,328
130.44,322,324
130.44,304,300
130.44,345,352
130.44,321,315
130.44,316,318
130.44,308,307
130.44,305,309
130.5,346,346
130.5,311,306
130.5,301,302
130.5,303,304
130.5,317,318
130.5,295,295
130.51,314,316
130.56,303,302
130.56,321,318
130.57,286,285
130.57,315,315
130.57,310,308
130.57,312,314
130.57,309,309
130.63,307,311
130.63,320,315
130.63,302,307
130.63,333,331
130.63,294,292
130.63,313,315
130.64,311,309
130.69,357,359
130.69,328,321
130.69,311,310
130.69,316,323
130.69,399,396
130.7,343,335
130.71,343,349
130.77,364,360
130.77,328,328
130.77,325,321
130.77,309,313
130.77,324,322
130.77,318,317
130.77,316,314
130.83,318,320
130.83,320,320
130.83,330,331
130.83,321,317
130.83,310,314
130.83,339,336
130.84,288,289
130.89,321,323
130.89,323,326
130.89,349,350
130.89,335,329
130.89,296,298
130.89,316,315
130.9,292,290
130.96,299,300
130.96,303,304
130.96,339,337
130.96,296,295
130.96,325,325
130.96,288,285
130.97,305,309
131.02,326,327
131.02,336,330
131.02,300,300
131.02,311,311
131.02,301,301
131.03,315,316
131.03,328,326
131.09,331,334
131.09,330,324
131.09,296,296
131.09,316,320
131.09,315,317
131.09,316,317
131.1,321,316
131.16,307,306
131.16,318,317
131.16,328,326
131.16,324,327
131.16,344,347
131.16,346,346
131.16,338,336
131.22,313,309
131.22,318,319
131.22,339,339
131.22,319,316
131.22,321,322
131.22,313,316
131.23,349,351
131.29,340,342
131.3,333,326
131.3,291,293
131.3,321,323
131.3,308,305
131.3,317,318
131.3,304,306
131.36,329,333
131.36,349,344
131.36,315,315
131.36,328,325
131.36,320,325
131.36,346,347
131.36,335,331
131.42,334,336
131.42,314,310
131.42,331,328
131.42,323,322
131.42,320,317
131.42,312,312
131.43,324,323
131.48,304,306
131.48,363,362
131.48,331,328
131.48,312,319
131.48,347,344
131.48,315,318
131.49,345,339
131.54,313,317
131.54,330,325
131.54,320,325
131.54,344,345
131.55,325,321
131.55,320,321
131.56,298,293
131.62,324,327
131.62,301,298
131.62,316,320
131.62,313,311
131.62,294,294
131.62,310,312
131.62,324,321
131.69,302,302
131.69,331,330
131.69,309,304
131.69,291,293
131.69,306,303
131.69,292,292
131.69,316,314
131.75,292,293
131.75,327,327
131.75,338,339
131.75,329,321
131.75,307,307
131.75,357,361
131.75,312,303
131.81,310,314
131.81,307,300
131.81,307,312
131.81,333,326
131.81,291,298
131.81,350,348
131.82,308,305
131.87,321,320
131.87,315,319
131.87,373,370
131.87,342,343
131.87,349,347
131.88,308,304
131.89,333,338
131.95,324,321
131.95,336,338
131.95,323,321
131.95,325,329
131.95,308,305
131.95,322,327
131.95,351,349
132.01,310,307
132.01,327,327
132.01,310,309
132.01,347,346
132.01,347,349
132.01,355,350
132.02,319,320
132.08,333,335
132.08,317,315
132.08,329,327
132.08,321,319
132.08,326,328
132.08,308,307
132.08,338,341
132.14,341,336
132.14,306,307
132.14,312,310
132.14,315,315
132.14,323,319
132.14,307,310
132.15,315,314
132.2,312,310
132.2,321,321
132.2,310,307
132.2,315,316
132.2,296,292
132.2,294,297
132.21,307,306
132.26,308,311
132.26,296,293
132.26,299,301
132.26,311,308
132.26,320,323
132.27,312,307
132.28,280,281
132.34,336,335
132.34,310,307
132.34,314,316
132.34,331,325
132.34,315,319
132.34,316,313
132.34,312,315
132.4,327,327
132.4,322,324
132.4,317,315
132.4,317,319
132.4,317,311
132.4,309,316
132.41,324,322
132.47,318,319
132.47,325,323
132.47,319,318
132.47,345,344
132.47,320,318
132.47,359,360
132.48,309,306
132.53,334,331
132.53,320,318
132.53,321,323
132.53,323,319
132.53,318,319
132.53,302,303
132.54,315,316
132.59,339,334
132.59,328,331
132.59,332,330
132.59,321,322
132.59,348,342
132.6,310,310
132.61,340,340
132.67,329,328
132.67,346,345
132.67,307,304
132.67,323,326
132.67,317,313
132.67,315,315
132.67,313,309
132.73,326,331
132.73,335,325
132.73,320,325
132.73,331,326
132.73,321,321
132.73,311,314
132.74,336,335
132.79,311,307
132.79,306,303
132.79,311,313
132.79,315,314
132.79,338,338
132.79,307,305
132.8,331,333
132.86,336,332
132.86,336,336
132.86,319,320
132.86,323,325
132.86,315,307
132.86,333,343
132.87,350,342
132.92,318,322
132.92,346,340
132.92,306,308
132.92,337,336
132.92,316,317
132.93,347,346
132.93,304,304
133.0,326,324
133.0,287,288
133.0,320,321
133.0,314,310
133.0,337,338
133.0,306,307
133.0,347,352
133.06,318,314
133.06,327,328
133.06,327,321
133.06,325,329
133.06,354,348
133.06,298,298
133.07,312,312
133.12,317,318
133.12,319,317
133.12,321,325
133.12,338,338
133.12,305,302
133.12,344,350
133.13,343,336
133.18,314,317
133.18,307,303
133.18,305,308
133.18,314,309
133.18,313,318
133.19,329,324
133.2,330,331
133.25,335,333
133.25,314,313
133.25,342,343
133.25,336,334
133.25,334,336
133.25,332,331
133.26,320,320
133.32,335,338
133.32,362,357
133.32,306,305
133.32,321,323
133.32,313,310
133.32,310,309
133.33,311,313
133.39,325,329
133.39,337,327
133.39,305,306
133.39,331,331
133.39,310,310
133.39,341,341
133.39,333,327
133.45,305,304
133.45,309,308
133.45,315,313
133.45,321,322
133.45,336,335
133.45,322,315
133.46,308,310
133.51,316,315
133.51,300,303
133.51,345,342
133.51,313,312
133.51,341,339
133.52,319,315
133.52,331,330
133.59,307,305
133.59,333,338
133.59,336,334
133.59,315,312
133.59,303,306
133.59,344,346
133.59,315,308
133.65,308,310
133.65,336,338
133.65,322,322
133.65,329,323
133.65,284,287
133.65,321,320
133.65,292,292
133.71,353,355
133.71,308,299
133.71,317,320
133.71,285,280
133.71,304,305
133.71,311,309
133.72,339,342
133.77,325,319
133.77,312,316
133.77,334,327
133.77,298,297
133.77,317,313
133.78,280,282
133.79,300,299
133.84,330,336
133.84,348,339
133.84,281,285
133.84,331,327
133.84,296,294
133.84,326,330
133.85,305,302
133.91,318,322
133.91,316,315
133.91,323,325
133.91,312,309
133.91,330,332
133.91,320,317
133.92,292,295
133.98,333,330
133.98,329,330
133.98,337,331
133.98,302,305
133.98,322,324
133.98,331,330
133.98,340,339
134.04,314,311
134.04,330,332
134.04,314,315
134.04,366,366
134.04,330,326
134.04,324,326
134.05,317,311
134.1,334,337
134.1,336,332
134.1,338,343
134.1,332,323
134.1,286,292
134.11,327,324
134.11,310,310
134.16,329,332
134.16,321,322
134.16,350,350
134.16,322,319
134.16,315,310
134.17,295,296
134.18,306,309
134.24,339,339
134.24,348,346
134.24,298,296
134.24,329,331
134.24,318,309
134.24,303,309
134.24,320,314
134.3,290,296
134.3,360,359
134.3,313,310
134.3,325,324
134.3,348,353
134.3,361,354
134.31,308,307
134.37,347,353
134.37,310,304
134.37,317,319
134.37,316,316
134.37,332,334
134.37,335,331
134.38,301,304
134.43,328,325
134.43,304,307
134.43,324,320
134.43,309,312
134.43,331,327
134.43,310,310
134.44,335,334
134.49,337,334
134.49,334,332
134.49,325,323
134.49,323,321
134.49,318,321
134.5,330,331
134.51,332,330
134.57,337,336
134.57,317,313
134.57,341,347
134.57,339,329
134.57,302,307
134.57,327,323
134.57,307,306
134.63,332,334
134.63,319,316
134.63,341,337
134.63,323,322
134.63,335,331
134.63,300,300
134.64,363,368
134.69,313,305
134.69,311,313
134.69,317,313
134.69,299,297
134.69,289,289
134.7,310,310
134.7,322,317
134.76,295,293
134.76,334,330
134.76,319,316
134.76,296,296
134.76,305,304
134.76,307,310
134.77,308,308
134.82,317,317
134.82,308,310
134.82,312,314
134.82,323,324
134.82,319,322
134.83,334,327
134.83,335,342
134.9,347,336
134.9,291,294
134.9,325,324
134.9,302,302
134.9,310,307
134.9,295,295
134.9,325,324
134.96,301,300
134.96,339,343
134.96,306,305
134.96,328,326
134.96,303,301
134.96,332,337
134.97,313,306
135.02,299,302
135.02,315,311
135.02,312,318
135.02,336,332
135.02,308,309
135.02,345,342
135.03,319,314
135.08,324,326
135.09,319,315
135.09,314,315
135.09,312,313
135.09,322,322
135.09,305,305
135.1,317,321
135.15,348,348
135.15,334,332
135.15,336,336
135.15,334,338
135.15,355,348
135.15,321,321
135.16,348,343
135.23,320,322
135.23,358,355
135.23,322,317
135.23,335,338
135.23,317,314
135.23,334,338
135.23,326,324
135.29,323,323
135.29,313,311
135.29,325,326
135.29,325,322
135.29,323,324
135.29,307,301
135.29,309,315
135.35,358,352
135.35,278,279
135.35,322,319
135.35,285,284
135.35,325,326
135.35,294,291
135.36,303,304
135.41,282,283
135.41,322,320
135.41,295,293
135.41,310,312
135.41,306,306
135.42,309,312
135.42,312,306
135.48,303,306
135.48,313,306
135.48,294,300
135.48,336,333
135.48,299,302
135.48,345,343
135.49,320,316
135.55,329,332
135.55,330,327
135.55,326,326
135.55,312,313
135.55,330,330
135.55,310,309
135.56,355,361
135.62,324,314
135.62,300,305
135.62,325,320
135.62,314,316
135.62,326,323
135.62,327,333
135.62,369,361
135.68,331,336
135.68,378,378
135.68,315,311
135.68,355,356
135.68,312,304
135.68,310,314
135.69,317,317
135.74,345,345
135.74,321,318
135.74,336,337
135.74,321,318
135.74,335,341
135.74,331,325
135.75,309,311
135.82,325,320
135.82,332,334
135.82,340,340
135.82,334,332
135.82,327,326
135.82,341,343
135.82,354,350
135.88,304,308
135.88,368,369
135.88,323,320
135.88,332,335
135.88,329,321
135.88,353,362
135.88,350,337
135.94,310,314
135.94,325,325
135.94,317,317
135.94,327,324
135.94,312,314
135.94,330,331
135.95,313,305
136.0,320,325
136.01,309,304
136.01,321,324
136.01,340,340
136.01,317,318
136.01,334,332
136.01,337,336
136.07,323,319
136.07,322,330
136.07,366,360
136.07,336,338
136.07,368,364
136.07,322,325
136.08,330,328
136.13,325,331
136.13,345,337
136.13,269,267
136.13,303,304
136.13,294,294
136.14,332,332
136.15,318,314
136.21,335,339
136.21,344,342
136.21,335,333
136.21,326,321
136.21,324,328
136.21,325,317
136.21,302,304
136.27,313,305
136.27,285,289
136.27,309,306
136.27,306,309
136.27,307,305
136.27,288,286
136.28,311,311
136.33,301,301
136.33,326,323
136.33,298,296
136.33,300,300
136.33,303,303
136.33,317,323
136.34,326,318
136.39,294,299
136.39,340,339
136.39,322,328
136.39,358,355
136.39,301,300
136.4,314,314
136.41,312,316
136.47,354,353
136.47,321,314
136.47,299,301
136.47,318,321
136.47,332,330
136.47,315,313
136.47,337,341
136.54,312,307
136.54,309,313
136.54,340,339
136.54,334,340
136.54,359,352
136.54,298,302
136.54,337,338
136.6,317,313
136.6,305,305
136.6,295,296
136.6,344,344
136.6,296,293
136.6,318,320
136.6,299,294
136.66,307,309
136.66,320,320
136.66,302,303
136.66,302,301
136.66,311,312
136.66,320,321
136.67,325,324
136.73,319,315
136.73,291,293
136.73,313,310
136.73,290,293
136.73,351,355
136.73,316,309
136.74,307,308
136.75,287,283
136.76,314,321
136.76,316,313
136.82,331,334
136.82,322,319
136.82,320,320
136.82,324,327
136.82,344,342
136.82,313,311
136.83,305,307
136.88,344,344
136.88,330,326
136.88,314,314
136.88,324,325
136.88,335,332
136.89,311,312
136.89,330,330
136.96,311,309
136.96,343,345
136.96,320,315
136.96,330,333
136.96,328,323
136.96,329,332
136.96,328,323
137.02,312,315
137.02,331,323
137.02,291,294
137.02,328,327
137.02,300,298
137.02,321,322
137.03,311,307
137.09,311,311
137.09,300,298
137.09,319,318
137.09,289,285
137.09,313,321
137.09,319,315
137.09,315,316
137.15,332,328
137.15,295,299
137.15,347,345
137.15,317,316
137.15,339,339
137.15,328,330
137.16,341,340
137.21,310,307
137.21,344,346
137.21,325,322
137.21,347,351
137.21,364,360
137.21,328,327
137.22,333,334
137.27,359,359
137.27,341,334
137.27,324,328
137.27,342,341
137.27,327,328
137.28,341,337
137.29,304,304
137.35,345,345
137.35,331,331
137.35,353,355
137.35,334,334
137.35,337,337
137.35,316,315
137.35,335,334
137.41,319,320
137.41,330,331
137.41,334,333
137.41,331,329
137.41,322,320
137.41,335,337
137.42,327,321
137.47,312,314
137.47,335,332
137.47,317,318
137.47,357,358
137.47,308,305
137.48,346,352
137.48,345,340
137.54,334,335
137.54,327,326
137.54,347,346
137.54,310,305
137.54,322,328
137.54,337,337
137.55,343,346
137.61,326,323
137.61,323,326
137.61,351,350
137.61,327,323
137.61,346,342
137.61,300,301
137.62,329,329
137.68,310,304
137.68,324,332
137.68,332,326
137.68,318,320
137.68,322,320
137.68,330,329
137.68,325,324
137.74,318,319
137.74,328,322
137.74,309,313
137.74,318,311
137.74,289,294
137.74,335,334
137.75,296,294
137.8,328,332
137.8,314,313
137.8,346,347
137.8,280,276
137.8,313,313
137.8,288,288
137.81,299,298
137.88,295,294
137.88,304,306
137.88,307,306
137.88,326,330
137.88,310,306
137.88,316,319
137.88,338,333
137.94,291,292
137.94,317,322
137.94,308,301
137.94,281,283
137.94,304,303
137.94,296,297
137.94,304,306
138.0,313,311
138.0,339,346
138.0,344,339
138.0,301,295
138.0,298,303
138.0,320,317
138.01,351,360
138.06,331,317
138.06,298,305
138.06,344,342
138.06,314,315
138.06,331,331
138.07,312,312
138.07,324,326
138.13,322,321
138.13,343,342
138.13,306,303
138.13,342,350
138.13,325,318
138.13,317,318
138.14,323,322
138.2,331,333
138.2,314,308
138.2,298,305
138.2,327,324
138.2,317,318
138.2,306,301
138.21,305,310
138.27,333,329
138.27,300,298
138.27,325,326
138.27,307,310
138.27,341,338
138.27,313,314
138.27,334,329
138.33,287,283
138.33,325,331
138.33,320,314
138.33,300,304
138.33,304,301
138.33,314,316
138.34,309,304
138.39,287,292
138.39,326,327
138.39,298,298
138.39,337,338
138.39,309,308
138.39,317,317
138.4,311,308
138.45,333,332
138.45,315,312
138.45,332,334
138.45,317,312
138.45,318,322
138.46,324,322
138.47,305,309
138.53,322,319
138.53,302,301
138.53,326,326
138.53,294,294
138.53,318,317
138.53,318,320
138.53,333,331
138.6,290,289
138.6,311,313
138.6,313,314
138.6,315,319
138.6,319,313
138.6,309,313
138.6,322,317
138.66,317,324
138.66,367,364
138.66,344,341
138.66,316,317
138.66,334,333
138.66,331,326
138.66,289,290
138.72,317,317
138.72,309,310
138.72,333,334
138.72,304,301
138.72,307,307
138.72,321,322
138.73,337,333
138.78,299,298
138.78,315,320
138.78,314,307
138.78,323,331
138.78,354,352
138.79,335,333
138.8,323,322
138.85,329,335
138.85,379,378
138.85,354,349
138.85,339,341
138.85,334,329
138.85,352,347
138.86,328,331
138.92,355,352
138.92,316,314
138.92,317,319
138.93,318,316
138.93,326,330
138.93,326,322
138.93,309,313
138.99,298,295
138.99,308,314
138.99,331,325
138.99,303,304
138.99,324,325
138.99,318,315
138.99,335,338
139.05,298,293
139.05,319,326
139.05,346,342
139.05,318,316
139.05,320,320
139.05,317,320
139.06,323,318
139.11,314,318
139.11,319,315
139.11,314,317
139.11,326,323
139.11,307,312
139.11,336,336
139.12,330,332
139.18,334,334
139.18,319,317
139.18,342,342
139.18,310,305
139.18,341,343
139.18,296,289
139.19,315,321
139.25,327,322
139.25,295,299
139.25,306,300
139.25,316,326
139.25,337,326
139.25,312,319
139.25,356,356
139.31,313,308
139.31,321,318
139.31,298,297
139.31,309,309
139.31,294,294
139.31,321,323
139.32,303,301
139.38,339,337
139.38,319,318
139.38,324,328
139.38,332,328
139.38,318,322
139.38,297,297
139.38,329,332
139.44,321,317
139.44,312,315
139.44,338,336
139.44,319,318
139.44,327,320
139.44,290,289
139.45,348,357
139.5,316,308
139.5,312,314
139.5,290,292
139.5,334,339
139.5,348,344
139.51,329,330
139.52,318,314
139.58,322,323
139.58,322,318
139.58,300,303
139.58,325,323
139.58,307,308
139.58,316,312
139.58,292,296
139.64,324,322
139.64,306,305
139.64,318,318
139.64,318,320
139.64,336,333
139.64,312,313
139.65,347,348
139.7,332,331
139.7,384,386
139.7,350,343
139.7,338,346
139.7,373,365
139.7,326,327
139.71,342,345
139.77,367,369
139.77,344,338
139.77,309,310
139.77,355,354
139.77,316,314
139.77,335,338
139.78,340,343
139.83,336,332
139.83,318,315
139.83,319,325
139.83,338,335
139.83,334,336
139.84,329,325
139.84,337,344
139.91,315,306
139.91,313,322
139.91,330,325
139.91,328,332
139.91,346,346
139.91,309,305
139.91,319,319
139.97,305,308
139.97,309,307
139.97,298,296
139.97,304,306
139.97,313,309
139.97,307,309
139.97,314,316
140.03,309,309
140.03,318,313
140.03,320,323
140.03,324,318
140.03,284,288
140.03,319,318
140.04,289,285
140.1,325,329
140.1,299,293
140.1,308,311
140.1,319,314
140.1,321,321
140.1,298,291
140.11,300,307
140.16,327,324
140.16,293,292
140.16,302,300
140.16,316,323
140.16,327,325
140.16,308,310
140.17,329,325
140.24,288,289
140.24,306,308
140.24,298,296
140.24,289,291
140.24,308,309
140.24,315,311
140.24,277,278
140.3,306,308
140.3,293,290
140.3,308,313
140.3,326,323
140.3,312,318
140.3,354,350
140.3,296,297
140.36,312,311
140.36,311,311
140.36,328,329
140.36,334,329
140.36,319,316
140.36,295,293
140.37,316,317
140.42,298,296
140.42,318,323
140.42,309,301
140.42,304,308
140.42,315,309
140.43,290,295
140.43,305,298
140.49,294,297
140.49,303,300
140.49,294,299
140.49,322,315
140.49,281,283
140.49,348,346
140.5,312,310
140.56,330,332
140.56,340,341
140.56,328,328
140.56,316,316
140.56,337,339
140.56,346,343
140.56,363,364
140.63,343,338
140.63,340,341
140.63,355,353
140.63,351,351
140.63,367,367
140.63,355,354
140.63,356,353
140.69,341,340
140.69,344,343
140.69,329,330
140.69,349,350
140.69,328,325
140.69,340,347
140.7,329,321
140.75,329,332
140.75,343,339
140.75,319,318
140.75,344,341
140.75,323,323
140.75,336,334
140.76,307,308
140.81,336,337
140.81,325,326
140.81,342,340
140.81,317,315
140.81,340,340
140.82,340,341
140.83,365,366
140.89,313,310
140.89,336,337
140.89,327,322
140.89,313,315
140.89,320,319
140.89,338,340
140.89,321,318
140.95,308,309
140.95,320,315
140.95,302,306
140.95,346,348
140.95,312,310
140.95,331,329
140.96,299,297
141.01,329,329
141.01,305,302
141.01,324,324
141.01,297,296
141.01,316,319
141.02,300,297
141.02,330,338
141.08,337,329
141.08,344,348
141.08,335,327
141.08,291,293
141.08,348,348
141.08,294,292
141.09,335,337
141.15,327,329
141.15,348,353
141.15,320,316
141.15,344,348
141.15,345,343
141.15,334,335
141.15,327,324
141.22,313,316
141.22,331,329
141.22,290,287
141.22,300,301
141.22,308,310
141.22,319,316
141.22,306,308
141.28,309,309
141.28,310,310
141.28,322,322
141.28,306,302
141.28,338,344
141.28,318,313
141.29,336,334
141.34,313,312
141.34,351,353
141.34,328,323
141.34,306,311
141.34,333,328
141.34,331,334
141.35,329,323
141.41,306,309
141.41,322,320
141.41,322,323
141.41,323,322
141.41,308,306
141.41,319,318
141.42,289,287
141.47,323,319
141.47,296,298
141.47,323,320
141.47,300,301
141.47,308,308
141.47,296,294
141.48,301,306
141.53,294,291
141.53,299,300
141.53,312,314
141.53,336,335
141.53,309,304
141.54,296,297
141.55,331,329
141.61,315,315
141.61,336,333
141.61,318,318
141.61,326,325
141.61,313,312
141.61,315,316
141.61,322,320
141.68,323,322
141.68,295,292
141.68,305,311
141.68,316,310
141.68,295,301
141.68,339,329
141.68,279,282
141.74,344,340
141.74,313,315
141.74,340,338
141.74,303,303
141.74,349,351
141.74,318,318
141.74,335,331
141.8,314,314
141.8,337,335
141.8,300,297
141.8,320,325
141.8,320,316
141.8,330,337
141.81,314,305
141.86,285,289
141.86,327,322
141.86,312,313
141.86,331,328
141.86,321,321
141.87,336,334
141.88,310,308
141.94,340,341
141.94,315,313
141.94,321,320
141.94,314,310
141.94,297,300
141.94,305,300
141.94,308,313
142.0,319,315
142.0,319,319
142.0,349,345
142.0,333,332
142.0,353,356
142.0,332,324
142.01,300,305
142.06,326,326
142.06,336,335
142.06,306,305
142.06,341,343
142.06,328,319
142.06,329,331
142.07,319,311
142.13,323,331
142.13,340,334
142.13,314,320
142.13,349,344
142.13,319,321
142.13,335,332
142.14,334,340
142.2,368,359
142.2,290,293
142.2,352,354
142.2,315,313
142.2,348,352
142.2,338,331
142.2,310,311
142.26,310,309
142.27,325,327
142.27,341,340
142.27,314,314
142.27,340,337
142.27,305,303
142.27,320,324
142.33,325,325
142.33,366,369
142.33,317,310
142.33,305,306
142.33,311,309
142.33,327,324
142.33,288,287
142.39,311,312
142.39,306,304
142.39,307,311
142.39,319,318
142.39,323,325
142.39,332,335
142.4,313,311
142.45,306,305
142.45,319,319
142.45,301,299
142.45,300,299
142.45,320,322
142.46,315,313
142.47,329,334
142.52,306,302
142.52,316,320
142.52,315,315
142.52,360,359
142.52,309,306
142.52,315,322
142.53,343,340
142.59,343,346
142.59,322,312
142.59,308,315
142.59,327,318
142.59,306,312
142.59,334,332
142.6,312,314
142.65,340,337
142.65,308,305
142.65,315,316
142.65,297,292
142.65,316,320
142.65,302,300
142.66,328,328
142.72,314,312
142.72,337,336
142.72,317,313
142.72,314,319
142.72,304,299
142.72,298,301
142.73,313,308
142.78,294,297
142.78,325,322
142.78,306,309
142.78,356,355
142.78,293,290
142.78,309,308
142.79,301,302
142.86,323,322
142.86,297,293
142.86,307,308
142.86,316,317
142.86,328,329
142.86,323,321
142.86,348,353
142.92,326,319
142.92,305,309
142.92,317,312
142.92,299,302
142.92,346,345
142.92,322,324
142.92,352,352
142.98,309,306
142.98,319,323
142.98,338,337
142.98,331,330
142.98,323,323
142.98,339,338
142.99,311,305
143.04,319,319
143.04,319,319
143.05,322,325
143.05,321,320
143.05,314,317
143.05,330,324
143.05,299,302
143.11,333,334
143.11,323,322
143.11,328,330
143.11,341,341
143.11,336,330
143.11,312,311
143.12,321,323
143.17,322,322
143.17,332,333
143.17,325,322
143.17,330,332
143.17,325,321
143.18,321,327
143.19,316,309
143.25,302,309
143.25,333,331
143.25,304,304
143.25,335,335
143.25,324,322
143.25,322,322
143.25,325,325
143.31,338,335
143.31,313,314
143.31,349,349
143.31,325,321
143.31,336,337
143.31,315,306
143.32,308,312
143.37,333,326
143.37,302,307
143.37,351,348
143.37,313,311
143.37,336,336
143.37,310,311
143.38,336,339
143.43,332,333
143.43,357,355
143.43,322,321
143.43,320,319
143.44,330,329
143.44,340,344
143.45,336,328
143.51,318,320
143.51,339,336
143.51,335,337
143.51,353,347
143.51,325,328
143.51,347,341
143.51,337,336
143.57,350,350
143.57,315,310
143.57,335,339
143.57,334,327
143.57,321,323
143.57,323,320
143.58,339,343
143.64,336,329
143.64,319,322
143.64,314,308
143.64,318,323
143.64,362,355
143.64,323,323
143.64,331,330
143.7,321,321
143.7,323,321
143.7,311,308
143.7,338,342
143.7,320,317
143.7,322,323
143.71,305,299
143.76,305,306
143.76,292,289
143.76,309,312
143.76,299,292
143.76,287,292
143.77,306,301
143.78,307,310
143.84,324,318
143.84,309,311
143.84,347,345
143.84,304,301
143.84,349,350
143.84,322,316
143.84,304,305
143.9,311,307
143.9,294,295
143.9,309,310
143.9,317,317
143.9,290,287
143.9,304,306
143.91,299,298
143.97,319,319
143.97,342,344
143.97,302,298
143.97,302,303
143.97,321,323
143.97,317,311
143.97,291,294
144.03,320,320
144.03,315,315
144.03,329,329
144.03,314,312
144.03,330,331
144.03,320,320
144.04,342,343
144.09,318,316
144.09,336,339
144.09,342,336
144.09,331,333
144.09,337,335
144.1,330,332
144.1,339,333
144.15,304,305
144.15,352,350
144.15,322,320
144.15,346,347
144.15,317,316
144.16,351,354
144.17,319,314
144.23,337,344
144.23,333,326
144.23,302,307
144.23,345,347
144.23,347,348
144.23,330,318
144.23,280,285
144.3,314,309
144.3,278,280
144.3,325,326
144.3,303,302
144.3,323,321
144.3,280,280
144.3,316,318
144.36,298,299
144.36,318,317
144.36,321,317
144.36,307,306
144.36,301,300
144.36,311,310
144.37,302,302
144.42,317,319
144.42,304,299
144.42,301,306
144.42,329,324
144.42,316,318
144.42,340,340
144.44,311,306
144.44,321,326
144.45,318,314
144.46,339,342
144.51,322,318
144.51,330,332
144.51,307,305
144.51,325,328
144.51,318,314
144.52,320,322
144.53,314,304
144.58,295,299
144.58,314,314
144.58,312,315
144.58,319,314
144.58,303,308
144.58,339,339
144.59,312,311
144.65,308,308
144.65,299,301
144.65,320,319
144.65,330,328
144.65,327,331
144.65,328,326
144.66,341,341
144.72,316,309
144.72,319,323
144.72,346,340
144.72,321,320
144.72,304,300
144.72,320,324
144.72,332,328
144.78,308,305
144.78,334,338
144.78,309,304
144.78,316,317
144.78,311,313
144.78,315,312
144.79,302,304
144.84,323,321
144.84,306,306
144.84,317,316
144.84,305,303
144.84,320,323
144.84,316,311
144.85,316,320
144.9,328,325
144.9,310,312
144.9,337,333
144.9,301,302
144.9,352,352
144.91,296,292
144.92,337,341
144.98,325,322
144.98,344,344
144.98,333,332
144.98,327,329
144.98,336,332
144.98,330,332
144.98,326,327
145.04,320,321
145.04,328,325
145.04,325,329
145.04,358,353
145.04,339,341
145.04,363,360
145.05,349,350
145.11,372,367
145.11,301,300
145.11,333,342
145.11,351,345
145.11,336,336
145.11,332,332
145.12,342,338
145.17,310,311
145.17,326,327
145.17,344,338
145.17,306,309
145.17,318,315
145.17,302,303
145.18,299,297
145.23,305,304
145.23,321,319
145.23,292,292
145.23,318,322
145.23,303,303
145.24,299,298
145.25,296,296
145.31,315,317
145.31,311,311
145.31,311,311
145.31,321,321
145.31,313,315
145.31,323,316
145.31,301,306
145.37,336,335
145.37,323,323
145.37,333,334
145.37,299,295
145.37,335,340
145.37,315,310
145.38,329,331
145.43,320,321
145.43,325,323
145.43,298,297
145.43,323,322
145.43,340,341
145.43,335,332
145.44,336,331
145.5,309,314
145.5,343,333
145.5,294,297
145.5,322,319
145.5,296,296
145.5,330,332
145.51,314,308
145.56,299,299
145.56,311,309
145.56,343,343
145.56,314,311
145.56,295,297
145.57,334,335
145.57,330,330
145.64,317,317
145.64,317,314
145.64,305,303
145.64,301,303
145.64,335,331
145.64,297,302
145.64,343,343
145.7,311,312
145.7,331,329
145.7,313,308
145.7,310,313
145.7,311,306
145.7,300,304
145.7,340,341
145.76,328,330
145.76,327,324
145.76,320,325
145.76,335,334
145.76,313,313
145.76,314,315
145.77,327,327
145.82,316,315
145.82,324,325
145.82,323,320
145.83,297,295
145.83,321,324
145.83,320,318
145.84,307,305
145.89,305,304
145.89,330,335
145.89,345,338
145.89,307,307
145.89,309,305
145.89,319,325
145.9,343,337
145.96,291,291
145.96,319,318
145.96,299,299
145.96,325,323
145.96,339,337
145.96,348,348
145.97,318,318
146.03,342,337
146.03,333,336
146.03,352,352
146.03,347,344
146.03,356,358
146.03,351,347
146.03,332,333
146.09,329,326
146.09,332,336
146.09,335,331
146.09,310,317
146.09,344,341
146.09,302,304
146.1,333,332
146.15,319,314
146.15,325,325
146.15,314,313
146.15,327,326
146.15,332,334
146.16,327,328
146.16,331,326
146.21,310,314
146.21,333,327
146.21,304,306
146.21,330,327
146.21,327,326
146.22,337,335
146.23,331,328
146.29,313,313
146.29,320,320
146.29,332,332
146.29,305,306
146.29,331,329
146.29,302,303
146.29,339,343
146.35,336,329
146.35,333,338
146.35,336,333
146.35,354,354
146.35,333,330
146.35,316,323
146.36,345,342
146.42,304,304
146.42,329,328
146.42,317,317
146.42,340,342
146.42,329,327
146.42,330,326
146.43,294,296
146.48,331,331
146.48,316,319
146.48,366,367
146.48,322,312
146.48,306,315
146.48,329,329
146.49,324,325
146.56,323,319
146.56,304,307
146.56,328,325
146.56,312,312
146.56,338,332
146.56,303,303
146.56,340,341
146.62,300,295
146.62,337,341
146.62,318,318
146.62,335,332
146.62,297,295
146.62,305,308
146.62,315,316
146.68,325,328
146.68,327,324
146.68,338,346
146.68,366,359
146.68,304,306
146.68,333,330
146.69,303,305
146.74,331,328
146.74,331,337
146.74,355,349
146.74,306,303
146.74,358,359
146.75,318,314
146.75,342,346
146.81,335,327
146.81,319,323
146.81,334,332
146.81,305,307
146.81,331,327
146.81,314,319
146.82,368,368
146.87,342,340
146.87,303,299
146.87,277,279
146.87,321,324
146.87,299,298
146.88,319,318
146.88,308,309
146.95,328,330
146.95,313,309
146.95,327,329
146.95,318,313
146.95,328,333
146.95,311,306
146.95,310,313
147.01,320,317
147.01,318,318
147.01,338,333
147.01,295,293
147.01,328,330
147.01,305,305
147.02,322,320
147.07,317,316
147.07,329,328
147.07,294,294
147.07,325,330
147.07,316,308
147.07,282,287
147.08,320,320
147.13,321,323
147.14,317,309
147.14,287,293
147.14,320,316
147.14,298,304
147.14,318,315
147.15,297,298
147.2,317,317
147.2,317,315
147.2,299,296
147.2,285,288
147.2,323,320
147.2,298,298
147.21,315,316
147.28,336,336
147.28,338,333
147.28,296,291
147.28,299,302
147.28,320,317
147.28,296,298
147.28,311,306
147.34,282,288
147.34,321,320
147.34,306,309
147.34,346,347
147.34,306,302
147.34,336,338
147.34,319,316
147.4,313,312
147.4,334,332
147.4,334,338
147.4,304,297
147.4,309,312
147.4,319,314
147.41,326,326
147.46,310,304
147.46,311,315
147.46,339,335
147.46,322,326
147.46,344,342
147.47,329,327
147.47,340,339
147.52,294,291
147.52,338,338
147.52,312,312
147.52,352,355
147.52,326,323
147.53,325,328
147.54,309,304
147.6,315,318
147.6,330,329
147.6,314,316
147.6,328,322
147.6,285,288
147.6,316,317
147.61,317,320
147.67,345,346
147.67,318,314
147.67,319,322
147.67,314,311
147.67,314,317
147.67,323,317
147.67,310,311
147.73,312,310
147.73,324,325
147.73,304,302
147.73,322,327
147.73,330,324
147.73,297,298
147.74,339,338
147.79,306,306
147.79,340,340
147.79,309,305
147.79,320,321
147.79,300,299
147.79,329,332
147.8,328,325
147.85,319,317
147.85,324,328
147.85,334,331
147.85,320,320
147.85,341,341
147.86,313,309
147.87,349,352
147.93,320,313
147.93,313,314
147.93,317,315
147.93,321,323
147.93,339,337
147.93,323,325
147.93,362,365
147.99,331,325
147.99,330,332
147.99,302,295
147.99,288,294
147.99,328,324
147.99,335,331
148.0,306,302
148.06,314,319
148.06,332,328
148.06,319,321
148.06,345,343
148.06,304,305
148.06,347,347
148.06,323,322
148.12,318,318
148.12,317,317
148.12,344,344
148.12,330,325
148.12,326,325
148.12,322,320
148.13,328,330
148.18,323,318
148.18,289,295
148.18,317,313
148.18,294,299
148.18,343,334
148.19,296,299
148.2,342,341
148.26,310,306
148.26,325,329
148.26,318,316
148.26,344,347
148.26,323,317
148.26,308,308
148.26,312,310
148.32,315,317
148.32,320,320
148.32,338,337
148.32,314,313
148.32,317,321
148.32,303,299
148.33,290,296
148.38,324,321
148.38,296,300
148.38,322,321
148.38,313,316
148.38,341,341
148.38,305,302
148.39,335,343
148.45,346,345
148.45,333,331
148.45,318,316
148.45,322,326
148.45,326,323
148.45,329,333
148.46,344,340
148.51,334,339
148.51,366,364
148.51,336,334
148.51,325,326
148.51,328,327
148.51,332,331
148.52,322,321
148.58,343,346
148.58,352,348
148.58,321,320
148.59,303,305
148.59,352,353
148.59,329,325
148.59,323,323
148.65,303,302
148.65,318,325
148.65,346,345
148.65,293,292
148.65,323,323
148.65,312,311
148.65,305,307
148.71,308,306
148.71,301,298
148.71,300,298
148.71,312,315
148.71,307,303
148.71,307,308
148.72,309,306
148.77,309,310
148.77,305,301
148.77,330,341
148.77,357,348
148.77,307,309
148.78,323,319
148.78,310,311
148.85,314,317
148.85,341,343
148.85,315,308
148.85,280,282
148.85,333,335
148.85,322,320
148.85,321,320
148.91,287,285
148.91,307,307
148.91,300,301
148.91,302,303
148.91,303,301
148.91,314,314
148.92,311,308
148.98,304,305
148.98,320,320
148.98,313,315
148.98,324,321
148.98,323,327
148.98,322,318
148.98,320,320
149.04,332,335
149.04,325,321
149.04,321,319
149.04,312,314
149.04,331,329
149.04,307,306
149.05,319,321
149.1,332,329
149.1,333,339
149.1,337,332
149.1,339,341
149.1,344,339
149.1,336,347
149.11,373,362
149.16,319,318
149.16,335,338
149.16,339,333
149.16,333,333
149.16,323,320
149.17,339,338
149.18,304,301
149.24,321,323
149.24,305,303
149.24,312,318
149.24,335,329
149.24,322,325
149.24,335,331
149.24,308,309
149.3,337,331
149.3,306,309
149.3,330,328
149.3,299,297
149.3,309,312
149.3,314,315
149.31,345,341
149.36,302,300
149.36,341,346
149.36,320,314
149.36,314,318
149.36,311,308
149.37,328,329
149.37,315,309
149.43,316,319
149.43,335,335
149.43,318,313
149.43,338,340
149.43,330,323
149.43,314,314
149.44,295,295
149.5,332,332
149.5,322,318
149.5,309,311
149.5,309,308
149.5,324,324
149.5,310,304
149.51,323,328
149.57,325,320
149.57,330,334
149.57,325,322
149.57,319,320
149.57,336,335
149.57,299,299
149.57,332,334
149.63,300,301
149.63,337,333
149.63,325,325
149.63,333,329
149.63,313,314
149.63,330,326
149.64,323,324
149.69,332,331
149.69,318,316
149.69,332,338
149.69,330,324
149.69,312,317
149.69,332,328
149.7,316,316
149.75,337,334
149.75,314,311
149.75,318,319
149.75,314,310
149.75,344,347
149.76,317,313
149.77,317,316
149.83,303,301
149.83,326,329
149.83,311,306
149.83,317,326
149.83,331,325
149.83,307,310
149.83,335,335
149.89,316,316
149.89,325,324
149.89,317,319
149.89,352,348
149.89,306,304
149.89,316,320
149.9,326,323
149.96,339,339
149.96,318,312
149.96,305,308
149.96,303,302
149.96,327,328
149.96,303,299
149.96,302,304
150.02,300,299
150.02,342,348
150.02,341,332
150.02,338,347
150.02,361,351
150.02,285,284
150.03,332,336
150.08,322,318
150.08,336,337
150.08,295,289
150.08,318,321
150.08,309,304
150.09,305,305
150.1,315,314
150.16,311,311
150.16,312,308
150.16,307,307
150.16,321,316
150.16,292,297
150.16,334,333
150.16,314,320
150.22,342,338
150.22,317,318
150.22,332,333
150.22,297,293
150.22,309,306
150.22,298,296
150.23,321,321
150.28,315,314
150.28,331,331
150.28,299,294
150.28,326,330
150.28,321,317
150.28,326,326
150.29,308,307
150.34,305,307
150.34,312,310
150.34,316,317
150.34,305,300
150.34,318,321
150.35,322,320
150.36,318,319
150.41,335,334
150.41,295,292
150.41,340,345
150.41,324,320
150.41,300,299
150.42,328,329
150.42,315,317
150.49,339,339
150.49,314,315
150.49,324,322
150.49,308,308
150.49,317,315
150.49,324,328
150.49,344,339
150.55,312,313
150.55,334,333
150.55,304,303
150.55,329,330
150.55,305,301
150.55,334,337
150.55,310,308
150.61,322,323
150.61,334,334
150.61,348,348
150.61,326,315
150.61,287,296
150.61,330,325
150.62,296,297
150.67,353,354
150.67,327,322
150.67,333,334
150.67,320,320
150.67,345,348
150.68,330,329
150.69,319,317
150.74,300,297
150.74,324,329
150.74,327,326
150.74,319,319
150.74,316,314
150.74,301,305
150.75,325,322
150.82,308,311
150.82,329,327
150.82,315,316
150.82,330,331
150.82,312,312
150.82,327,329
150.82,310,310
150.88,346,347
150.88,329,328
150.88,336,341
150.88,333,329
150.88,330,331
150.88,319,314
150.88,313,316
150.94,337,334
150.94,316,314
150.94,324,325
150.94,322,327
150.94,312,307
150.94,291,293
150.95,301,300
151.0,301,300
151.0,317,316
151.0,294,296
151.0,312,316
151.0,313,311
151.0,314,314
151.01,310,308
151.06,318,324
151.06,342,337
151.06,320,323
151.06,318,313
151.06,322,328
151.07,332,328
151.08,313,315
151.14,319,316
151.14,305,308
151.14,329,331
151.14,302,302
151.14,324,324
151.14,301,296
151.14,319,326
151.2,316,309
151.2,303,309
151.2,322,318
151.2,312,315
151.2,314,310
151.2,322,321
151.21,334,331
151.27,332,333
151.27,326,323
151.27,302,303
151.27,332,335
151.27,320,319
151.27,335,339
151.28,345,340
151.33,326,326
151.33,332,332
151.33,337,341
151.33,359,355
151.33,337,335
151.33,316,312
151.34,318,322
151.39,324,324
151.39,332,332
151.39,316,312
151.39,323,326
151.39,321,317
151.4,310,313
151.41,388,390
151.47,344,343
151.47,366,370
151.47,347,340
151.47,322,323
151.47,321,321
151.47,340,340
151.47,311,309
151.53,317,320
151.53,333,336
151.53,342,339
151.53,301,299
151.53,321,326
151.53,334,332
151.54,313,312
151.59,329,330
151.59,310,304
151.59,322,323
151.59,295,294
151.59,346,343
151.59,317,315
151.6,328,328
151.66,308,307
151.66,323,321
151.66,292,292
151.66,333,341
151.66,358,347
151.66,289,293
151.67,332,331
151.72,313,315
151.72,323,318
151.72,305,306
151.72,329,329
151.72,307,306
151.73,328,327
151.73,308,308
151.8,323,326
151.8,332,327
151.8,312,312
151.8,313,312
151.8,321,320
151.8,310,308
151.8,320,324
151.86,322,317
151.86,312,314
151.86,313,312
151.86,325,327
151.86,323,318
151.86,286,286
151.86,314,317
151.92,312,315
151.92,341,335
151.92,297,296
151.92,314,316
151.92,323,322
151.92,317,318
151.93,323,318
151.98,313,315
151.98,315,310
151.98,295,302
151.98,336,331
151.98,297,299
151.99,343,344
152.0,320,317
152.05,328,324
152.05,310,311
152.05,324,324
152.05,314,316
152.05,340,342
152.05,316,315
152.07,320,324
152.07,304,300
152.08,323,326
152.09,325,322
152.15,322,326
152.16,360,357
152.16,314,313
152.16,325,324
152.16,329,333
152.16,339,336
152.16,304,303
152.22,343,343
152.22,309,307
152.22,348,349
152.22,314,310
152.22,345,346
152.22,351,348
152.22,349,347
152.28,330,327
152.28,320,321
152.28,335,333
152.28,321,323
152.28,333,331
152.28,320,321
152.29,333,331
152.34,323,325
152.34,342,341
152.34,290,289
152.34,311,313
152.34,305,301
152.34,296,300
152.35,324,321
152.41,299,299
152.41,330,327
152.41,313,313
152.41,301,296
152.41,311,318
152.41,328,321
152.42,308,313
152.47,320,317
152.47,308,310
152.47,331,332
152.47,311,310
152.47,337,339
152.48,331,326
152.48,306,307
152.55,336,336
152.55,345,344
152.55,315,317
152.55,330,329
152.55,327,328
152.55,341,342
152.55,325,319
152.61,301,305
152.61,329,324
152.61,307,311
152.61,327,322
152.61,295,295
152.61,328,337
152.61,322,320
152.67,348,349
152.67,299,296
152.67,315,317
152.67,322,323
152.67,324,325
152.67,309,307
152.68,323,328
152.73,317,313
152.73,291,294
152.73,323,316
152.73,268,269
152.73,299,298
152.74,297,302
152.75,330,325
152.8,292,294
152.8,327,325
152.8,290,291
152.8,353,354
152.8,294,292
152.8,319,323
152.81,320,317
152.87,305,309
152.87,307,304
152.87,302,304
152.87,308,304
152.87,304,309
152.87,317,310
152.88,298,303
152.94,346,343
152.94,312,315
152.94,329,329
152.94,313,312
152.94,334,336
152.94,327,330
152.94,353,354
153.0,342,343
153.0,339,333
153.0,310,310
153.0,352,356
153.0,320,314
153.0,312,314
153.01,307,303
153.06,341,350
153.06,330,324
153.06,300,305
153.06,374,372
153.06,338,335
153.06,314,310
153.07,293,293
153.13,314,314
153.13,287,284
153.13,309,313
153.13,314,310
153.13,343,344
153.13,345,346
153.14,342,338
153.19,303,300
153.19,337,342
153.19,324,321
153.19,354,359
153.19,366,359
153.2,309,310
153.2,334,332
153.27,306,306
153.27,315,315
153.27,314,312
153.27,325,326
153.27,322,320
153.27,325,324
153.27,311,307
153.33,307,311
153.33,331,327
153.33,319,322
153.33,349,348
153.33,345,347
153.33,348,342
153.34,305,304
153.39,314,311
153.39,302,305
153.39,327,326
153.39,299,297
153.39,328,328
153.39,300,300
153.4,330,332
153.45,334,335
153.45,352,348
153.45,310,305
153.45,324,328
153.45,318,312
153.46,311,318
153.47,349,346
153.53,320,321
153.53,334,332
153.53,323,326
153.53,362,364
153.53,354,354
153.53,353,352
153.53,341,337
153.59,331,333
153.59,322,321
153.59,324,326
153.59,308,309
153.59,349,348
153.59,320,315
153.6,306,308
153.66,309,308
153.66,314,321
153.66,319,312
153.66,278,284
153.66,315,310
153.66,300,305
153.66,335,334
153.72,323,322
153.72,328,333
153.72,316,307
153.72,294,298
153.72,307,304
153.72,322,326
153.73,319,311
153.78,302,303
153.78,299,297
153.78,294,298
153.78,296,294
153.78,311,316
153.79,328,320
153.79,283,288
153.86,313,310
153.86,294,295
153.86,309,309
153.86,317,317
153.86,302,300
153.86,296,297
153.86,316,316
153.92,316,315
153.92,336,336
153.92,328,324
153.92,306,310
153.92,308,301
153.92,301,305
153.93,326,323
153.98,317,319
153.98,327,323
153.98,311,313
153.98,327,324
153.98,297,298
153.98,358,366
153.99,323,316
154.05,326,326
154.05,329,328
154.05,340,340
154.05,312,313
154.05,328,326
154.05,337,339
154.06,337,335
154.11,324,323
154.11,336,340
154.11,322,318
154.11,328,330
154.11,329,326
154.11,303,303
154.12,324,325
154.19,311,306
154.19,333,333
154.19,298,295
154.19,322,326
154.19,318,317
154.19,332,332
154.19,315,312
154.25,321,325
154.25,329,322
154.25,304,307
154.25,350,350
154.25,328,324
154.25,315,312
154.25,321,325
154.31,349,346
154.31,308,307
154.31,332,333
154.31,311,309
154.31,359,361
154.31,344,340
154.32,304,304
154.37,300,299
154.37,314,314
154.37,308,304
154.37,321,324
154.37,326,325
154.38,337,337
154.38,338,332
154.44,286,288
154.44,326,322
154.44,305,308
154.44,316,312
154.44,291,293
154.44,327,327
154.45,310,309
154.51,322,324
154.51,318,313
154.51,332,335
154.51,322,318
154.51,339,340
154.51,320,316
154.51,301,305
154.58,338,334
154.58,305,308
154.58,329,329
154.58,320,322
154.58,345,342
154.58,308,304
154.58,334,340
154.64,356,354
154.64,354,353
154.64,339,341
154.64,365,361
154.64,316,313
154.64,323,325
154.65,336,337
154.7,346,345
154.7,333,331
154.7,340,343
154.7,325,318
154.7,333,337
154.7,351,343
154.71,325,327
154.78,339,338
154.78,335,337
154.78,342,342
154.78,355,352
154.78,342,336
154.78,308,310
154.78,328,330
154.84,315,312
154.84,317,321
154.84,310,303
154.84,304,314
154.84,339,335
154.84,326,326
154.84,337,336
154.9,345,348
154.9,349,344
154.9,296,294
154.9,329,329
154.9,304,302
154.9,313,314
154.91,305,303
154.96,281,282
154.96,300,301
154.96,344,348
154.96,334,330
154.96,311,312
154.97,313,308
154.97,311,316
155.03,330,327
155.03,325,325
155.03,306,303
155.03,281,284
155.03,307,306
155.03,293,293
155.04,316,319
155.09,341,339
155.09,320,318
155.09,297,295
155.09,314,315
155.09,306,303
155.1,325,328
155.1,300,297
155.17,327,331
155.17,338,334
155.17,282,280
155.17,310,311
155.17,300,301
155.17,323,323
155.17,305,302
155.23,313,313
155.23,293,295
155.23,341,339
155.23,290,284
155.23,306,313
155.23,301,299
155.24,315,318
155.29,307,302
155.29,300,304
155.29,331,326
155.29,326,332
155.29,316,311
155.29,298,302
155.3,329,324
155.35,301,302
155.35,329,328
155.35,306,303
155.35,310,313
155.35,306,309
155.36,347,350
155.37,323,321
155.43,304,304
155.43,303,303
155.43,321,321
155.43,324,323
155.43,316,318
155.43,308,308
155.43,347,354
155.5,348,343
155.5,296,300
155.5,346,345
155.5,323,326
155.5,332,334
155.5,324,322
155.5,328,326
155.56,324,324
155.56,328,329
155.56,327,325
155.56,336,335
155.56,305,300
155.56,302,302
155.56,290,291
155.62,302,305
155.62,290,286
155.62,310,319
155.62,324,318
155.62,306,312
155.62,346,339
155.63,284,287
155.68,328,335
155.68,342,341
155.68,328,328
155.68,313,312
155.68,343,342
155.69,313,307
155.69,337,343
155.75,325,322
155.75,325,330
155.75,340,338
155.75,325,327
155.75,339,335
155.75,341,341
155.76,320,317
155.82,322,325
155.82,331,326
155.82,323,325
155.82,342,342
155.82,309,310
155.82,327,329
155.83,312,309
155.89,312,312
155.89,321,324
155.89,349,351
155.89,309,307
155.89,340,344
155.89,327,321
155.89,312,318
155.95,324,316
155.95,292,294
155.95,330,330
155.95,311,311
155.95,338,347
155.95,361,357
155.96,343,338
156.01,288,287
156.01,321,323
156.01,311,308
156.01,311,312
156.01,308,307
156.01,330,328
156.02,299,296
156.07,333,335
156.07,316,313
156.07,304,307
156.07,343,340
156.07,320,318
156.08,334,329
156.09,300,298
156.15,331,333
156.15,301,300
156.15,324,331
156.15,326,324
156.15,338,340
156.15,343,344
156.15,369,366
156.22,309,302
156.22,313,315
156.22,321,316
156.22,321,326
156.22,348,340
156.22,291,299
156.22,357,353
156.28,291,292
156.28,343,345
156.28,336,332
156.28,345,339
156.28,294,295
156.28,322,319
156.28,304,302
156.34,317,315
156.34,307,307
156.34,310,314
156.34,350,351
156.34,313,313
156.34,330,328
156.35,339,343
156.4,364,360
156.4,326,327
156.4,341,340
156.4,299,296
156.4,324,326
156.41,325,325
156.42,339,342
156.47,338,334
156.47,325,325
156.47,312,309
156.47,306,309
156.47,317,315
156.47,314,317
156.48,317,313
156.54,321,325
156.54,328,320
156.54,301,304
156.55,308,308
156.55,291,290
156.55,313,308
156.55,287,287
156.61,308,316
156.61,292,286
156.61,301,306
156.61,318,315
156.61,301,302
156.61,314,312
156.61,320,319
156.67,308,309
156.67,322,321
156.67,297,292
156.67,306,307
156.67,325,322
156.67,290,292
156.68,305,303
156.73,320,324
156.73,340,337
156.73,304,302
156.73,358,360
156.73,314,306
156.73,327,332
156.74,334,331
156.79,336,332
156.79,288,288
156.79,352,357
156.79,342,335
156.79,325,327
156.8,312,305
156.81,308,316
156.87,337,330
156.87,309,309
156.87,321,319
156.87,292,292
156.87,322,318
156.87,280,274
156.87,313,315
156.93,318,319
156.93,341,340
156.93,294,292
156.93,316,318
156.93,326,326
156.93,316,316
156.94,317,317
157.0,322,324
157.0,341,338
157.0,304,301
157.0,322,322
157.0,320,320
157.0,326,326
157.01,315,315
157.06,353,357
157.06,302,294
157.06,328,334
157.06,341,339
157.06,323,322
157.06,322,323
157.07,321,319
157.14,312,310
157.14,322,326
157.14,350,347
157.14,331,334
157.14,346,341
157.14,314,317
157.14,327,325
157.2,327,326
157.2,342,343
157.2,333,331
157.2,365,369
157.2,370,366
157.2,335,333
157.2,305,301
157.26,318,323
157.26,315,313
157.26,329,332
157.26,331,329
157.26,321,321
157.26,343,348
157.27,325,322
157.32,308,305
157.32,288,290
157.32,312,312
157.32,311,311
157.32,316,312
157.32,296,296
157.33,328,327
157.38,292,291
157.38,301,304
157.38,308,306
157.38,309,311
157.38,332,332
157.39,303,303
157.4,310,305
157.46,303,304
157.46,310,313
157.46,336,339
157.46,327,325
157.46,326,328
157.46,333,327
157.46,303,306
157.52,357,355
157.52,312,309
157.52,325,330
157.53,340,335
157.53,338,339
157.53,324,325
157.53,347,347
157.59,345,341
157.59,331,329
157.59,324,320
157.59,315,314
157.59,332,330
157.59,335,333
157.6,346,344
157.65,318,315
157.65,339,341
157.65,337,335
157.65,344,344
157.65,314,314
157.65,343,345
157.66,327,328
157.71,345,347
157.71,332,327
157.71,334,336
157.71,344,343
157.71,350,355
157.72,339,326
157.73,279,288
157.79,344,338
157.79,295,296
157.79,340,345
157.79,334,332
157.79,335,335
157.79,315,311
157.79,332,332
157.85,312,314
157.85,332,333
157.85,334,332
157.85,338,340
157.85,323,317
157.85,327,334
157.86,338,329
157.91,294,300
157.91,351,347
157.91,321,324
157.91,332,329
157.91,315,319
157.91,356,356
157.92,310,308
157.98,357,361
157.98,317,311
157.98,339,338
157.98,319,314
157.98,315,316
157.98,308,304
157.99,309,311
158.04,315,311
158.04,300,305
158.04,340,339
158.04,340,344
158.04,325,320
158.05,307,309
158.05,326,324
158.12,325,328
158.12,356,352
158.12,298,296
158.12,326,329
158.12,316,316
158.12,309,308
158.12,309,309
158.18,328,328
158.18,331,330
158.18,310,312
158.18,309,307
158.18,308,309
158.18,297,294
158.18,288,293
158.24,303,298
158.24,288,290
158.24,317,318
158.24,283,281
158.24,299,303
158.24,301,300
158.25,313,313
158.31,305,301
158.31,298,301
158.31,311,308
158.31,301,304
158.31,320,318
158.31,278,278
158.32,300,299
158.37,286,287
158.37,307,305
158.37,326,331
158.37,339,334
158.37,285,284
158.37,299,300
158.38,293,292
158.45,306,309
158.45,283,279
158.45,299,302
158.45,296,297
158.45,301,302
158.45,297,294
158.45,293,298
158.51,328,326
158.51,317,323
158.51,338,331
158.51,265,270
158.51,332,331
158.51,283,277
158.51,318,324
158.57,323,319
158.57,322,325
158.57,322,322
158.57,332,327
158.57,320,320
158.57,339,338
158.58,304,301
158.63,344,351
158.63,366,364
158.63,341,339
158.63,328,329
158.63,324,322
158.64,323,321
158.64,321,322
158.7,333,329
158.7,313,315
158.7,320,319
158.7,308,308
158.7,326,326
158.7,308,307
158.71,335,338
158.77,324,319
158.77,339,342
158.77,326,325
158.77,331,332
158.77,319,312
158.77,312,322
158.77,374,366
158.83,315,315
158.83,338,339
158.83,334,329
158.83,325,328
158.83,340,342
158.83,318,315
158.84,308,306
158.9,313,316
158.9,325,317
158.9,306,310
158.9,321,318
158.9,320,323
158.9,335,334
158.91,332,332
158.96,325,320
158.96,316,321
158.96,346,342
158.96,311,310
158.96,347,346
158.96,322,323
158.97,330,327
159.02,312,318
159.02,371,372
159.02,354,351
159.02,358,363
159.02,332,323
159.03,307,306
159.04,310,309
159.1,312,315
159.1,325,325
159.1,317,316
159.1,309,307
159.1,310,314
159.1,322,320
159.1,313,315
159.16,330,330
159.16,311,312
159.16,332,336
159.16,311,307
159.16,338,341
159.16,307,303
159.17,319,320
159.22,333,331
159.22,322,322
159.22,315,310
159.22,307,310
159.22,315,311
159.23,311,318
159.23,325,321
159.29,307,310
159.29,360,357
159.29,298,301
159.29,355,353
159.29,316,314
159.29,345,344
159.3,294,292
159.35,325,326
159.35,304,304
159.35,325,327
159.35,331,328
159.35,312,315
159.36,313,308
159.36,322,325
159.43,346,344
159.43,324,328
159.43,354,348
159.43,305,307
159.43,329,326
159.43,341,343
159.43,352,346
159.49,299,301
159.49,355,356
159.49,300,297
159.49,309,312
159.49,310,308
159.49,301,303
159.5,310,306
159.55,310,311
159.55,303,300
159.55,286,287
159.55,312,312
159.55,309,308
159.55,325,321
159.56,297,298
159.61,325,326
159.61,289,282
159.61,287,290
159.61,302,305
159.61,327,324
159.62,306,305
159.63,318,319
159.64,321,319
159.65,325,330
159.66,304,299
159.71,345,353
159.71,363,355
159.71,333,334
159.71,330,325
159.71,321,324
159.71,325,322
159.72,295,296
159.78,353,354
159.78,315,310
159.78,356,359
159.78,344,338
159.78,346,346
159.78,335,329
159.79,337,336
159.85,316,316
159.85,331,333
159.85,318,310
159.85,298,304
159.85,329,325
159.85,297,297
159.85,315,310
159.91,299,300
159.91,342,342
159.91,305,301
159.91,325,324
159.91,327,330
159.91,363,362
159.92,338,336
159.97,323,320
159.97,295,296
159.97,320,319
159.97,336,337
159.97,344,344
159.97,320,316
159.98,333,337
160.03,346,345
160.04,323,320
160.04,337,334
160.04,307,307
160.04,340,341
160.04,328,325
160.05,321,323
160.11,316,316
160.11,311,311
160.11,334,334
160.11,338,336
160.11,310,308
160.11,323,326
160.11,327,322
160.18,327,328
160.18,324,320
160.18,305,310
160.18,352,349
160.18,309,309
160.18,330,330
160.18,304,301
160.24,332,336
160.24,304,300
160.24,302,301
160.24,318,318
160.24,319,318
160.24,306,303
160.25,318,319
160.3,321,314
160.3,308,311
160.3,318,314
160.3,306,307
160.3,347,350
160.3,309,304
160.31,319,318
160.36,313,314
160.36,332,331
160.36,297,294
160.36,323,325
160.36,316,313
160.37,313,314
160.38,312,309
160.43,322,323
160.43,320,320
160.43,335,336
160.43,322,320
160.43,323,329
160.43,328,320
160.44,298,300
160.5,327,325
160.5,306,307
160.5,335,335
160.5,306,307
160.5,339,339
160.5,311,308
160.51,310,315
160.57,327,327
160.57,335,333
160.57,303,300
160.57,335,338
160.57,318,314
160.57,336,340
160.57,324,321
160.63,315,314
160.63,314,316
160.63,349,349
160.63,331,323
160.63,298,302
160.63,350,351
160.64,312,305
160.69,290,294
160.69,323,324
160.69,327,325
160.69,309,309
160.69,305,305
160.7,300,298
160.7,310,308
160.77,311,313
160.77,311,310
160.77,322,321
160.77,310,311
160.77,312,312
160.77,323,327
160.77,313,308
160.83,296,294
160.83,310,312
160.83,304,303
160.83,328,329
160.83,300,298
160.83,315,316
160.83,316,314
160.89,320,324
160.89,335,334
160.89,341,340
160.89,313,307
160.89,316,321
160.89,334,329
160.9,320,323
160.96,353,353
160.96,323,322
160.96,335,339
160.96,330,328
160.96,350,349
160.96,306,302
160.97,345,346
161.02,309,305
161.02,318,320
161.02,304,301
161.02,318,322
161.02,324,321
161.02,339,342
161.03,340,334
161.1,313,315
161.1,329,328
161.1,333,333
161.1,328,323
161.1,322,325
161.1,338,339
161.1,314,310
161.16,338,339
161.16,313,312
161.16,348,349
161.16,331,328
161.16,372,375
161.16,353,351
161.16,362,362
161.22,328,323
161.22,323,329
161.22,332,329
161.22,343,348
161.22,344,337
161.22,324,327
161.23,379,382
161.28,322,316
161.28,339,343
161.28,328,321
161.28,325,327
161.28,329,327
161.29,337,339
161.29,315,310
161.35,310,315
161.35,335,332
161.35,324,327
161.35,345,340
161.35,313,316
161.35,338,336
161.36,337,334
161.42,305,302
161.42,311,313
161.42,310,310
161.42,286,282
161.42,308,310
161.42,296,294
161.42,318,324
161.49,289,284
161.49,306,311
161.49,318,317
161.49,350,355
161.49,353,346
161.49,313,312
161.49,307,304
161.55,310,310
161.55,324,325
161.55,317,317
161.55,334,333
161.55,321,320
161.55,322,317
161.56,301,303
161.61,334,333
161.61,301,302
161.61,341,339
161.61,300,300
161.61,326,326
161.61,303,295
161.62,286,288
161.67,314,313
161.67,303,305
161.67,327,322
161.67,304,306
161.67,333,329
161.68,309,307
161.69,341,340
161.75,303,300
161.75,325,328
161.75,319,310
161.75,305,310
161.75,316,317
161.75,344,347
161.75,325,320
161.81,319,324
161.81,319,313
161.81,292,295
161.81,317,314
161.81,305,304
161.81,323,320
161.82,302,306
161.87,329,323
161.87,288,292
161.87,338,336
161.88,296,292
161.88,331,331
161.88,299,297
161.88,316,317
161.94,289,281
161.94,310,322
161.94,342,337
161.94,323,321
161.94,321,320
161.94,322,322
161.95,317,314
162.0,314,319
162.0,361,362
162.0,345,343
162.0,331,331
162.0,330,330
162.01,325,325
162.01,299,296
162.08,326,329
162.08,323,319
162.08,328,330
162.08,318,316
162.08,305,307
162.08,331,327
162.08,307,309
162.14,305,303
162.14,327,328
162.14,326,328
162.14,340,338
162.14,286,283
162.14,295,296
162.15,323,323
162.2,314,311
162.2,321,319
162.2,298,297
162.2,311,310
162.2,288,288
162.2,301,305
162.21,312,310
162.27,320,326
162.27,347,345
162.27,332,331
162.27,358,356
162.27,320,324
162.27,351,346
162.28,305,301
162.33,321,323
162.33,305,305
162.33,312,312
162.33,291,292
162.33,333,335
162.33,295,292
162.34,316,319
162.41,306,306
162.41,319,326
162.41,337,328
162.41,298,303
162.41,334,333
162.41,321,320
162.41,321,317
162.47,304,303
162.47,345,343
162.47,313,310
162.47,326,328
162.47,323,320
162.47,343,345
162.47,326,323
162.53,336,336
162.53,309,307
162.53,316,318
162.53,312,305
162.53,300,304
162.53,307,302
162.54,294,297
162.59,311,310
162.59,306,307
162.59,309,305
162.59,292,298
162.59,333,333
162.6,320,324
162.6,383,383
162.66,320,315
162.66,331,335
162.66,320,318
162.66,328,328
162.66,327,325
162.66,337,338
162.67,347,349
162.73,336,333
162.73,336,334
162.73,312,313
162.73,342,339
162.73,319,321
162.73,328,321
162.74,321,321
162.8,335,337
162.8,324,325
162.8,330,329
162.8,312,314
162.8,344,343
162.8,330,326
162.8,328,329
162.86,312,308
162.86,333,340
162.86,315,307
162.86,344,351
162.86,327,318
162.86,295,301
162.87,339,335
162.92,302,300
162.92,307,311
162.92,304,303
162.92,329,333
162.92,320,319
162.92,333,335
162.93,326,322
162.98,324,327
162.98,329,326
162.98,290,287
162.98,304,306
162.98,318,318
162.99,296,293
163.0,313,316
163.06,311,308
163.06,312,313
163.06,327,325
163.06,307,309
163.06,328,327
163.06,310,311
163.06,345,348
163.12,295,291
163.12,322,324
163.12,304,301
163.12,332,335
163.12,322,317
163.12,323,328
163.13,334,327
163.19,311,315
163.19,314,309
163.19,314,321
163.19,340,337
163.19,327,334
163.19,369,366
163.19,314,312
163.25,341,341
163.25,340,339
163.25,344,349
163.25,329,323
163.25,311,311
163.25,319,317
163.26,298,299
163.31,305,304
163.31,329,332
163.31,330,323
163.31,317,322
163.31,343,339
163.32,316,317
163.33,319,316
163.39,315,318
163.39,330,326
163.39,299,299
163.39,321,320
163.39,307,310
163.39,334,330
163.39,291,288
163.45,313,317
163.45,315,311
163.45,322,325
163.45,312,304
163.45,294,301
163.45,336,331
163.46,307,311
163.51,344,338
163.51,306,307
163.51,318,315
163.51,291,292
163.51,340,344
163.51,316,312
163.52,318,319
163.58,287,285
163.58,323,325
163.58,309,305
163.58,323,326
163.58,327,320
163.58,314,316
163.59,308,306
163.64,317,322
163.64,323,315
163.64,321,331
163.64,337,331
163.64,319,317
163.64,314,312
163.65,302,303
163.71,338,341
163.71,327,323
163.71,313,312
163.71,312,314
163.71,335,339
163.71,330,326
163.72,322,323
163.78,323,321
163.78,323,324
163.78,338,341
163.78,323,321
163.78,320,319
163.78,337,346
163.78,345,336
163.84,284,284
163.84,329,330
163.84,314,309
163.84,317,319
163.84,309,307
163.84,336,335
163.85,309,307
163.9,329,329
163.9,302,301
163.9,309,313
163.9,317,314
163.9,305,308
163.91,339,337
163.91,303,304
163.98,325,324
163.98,315,313
163.98,329,327
163.98,312,312
163.98,320,319
163.98,304,304
163.98,352,351
164.04,323,317
164.04,323,323
164.04,300,299
164.04,332,336
164.04,326,321
164.04,334,335
164.05,333,328
164.1,333,337
164.1,334,331
164.1,339,340
164.1,367,362
164.1,334,339
164.1,359,355
164.11,320,323
164.17,364,363
164.17,331,329
164.17,333,334
164.17,327,328
164.17,363,369
164.17,327,317
164.18,309,313
164.23,316,317
164.23,324,324
164.23,325,324
164.23,333,333
164.23,343,341
164.23,324,324
164.24,339,338
164.31,313,314
164.31,335,335
164.31,306,308
164.31,342,342
164.31,311,311
164.31,336,336
164.31,313,309
164.37,328,329
164.37,327,327
164.37,311,311
164.37,329,326
164.37,319,318
164.37,309,307
164.37,314,314
164.43,314,315
164.43,317,316
164.43,323,324
164.43,314,316
164.43,337,335
164.43,307,301
164.44,321,326
164.49,318,319
164.49,332,329
164.49,303,304
164.49,320,320
164.49,310,310
164.5,341,343
164.5,305,296
164.56,302,308
164.56,328,320
164.56,289,289
164.56,310,311
164.56,301,304
164.56,322,319
164.57,299,301
164.64,336,332
164.64,292,290
164.64,313,316
164.64,301,302
164.64,342,341
164.64,315,311
164.64,336,339
164.7,338,334
164.7,314,312
164.7,311,309
164.7,302,307
164.7,342,342
164.7,315,314
164.7,351,353
164.76,354,351
164.76,315,310
164.76,298,301
164.76,329,330
164.76,293,290
164.76,301,305
164.77,301,302
164.82,314,312
164.82,297,296
164.82,334,335
164.82,294,289
164.82,289,295
164.82,329,326
164.83,338,340
164.89,317,312
164.89,316,318
164.89,313,310
164.89,310,309
164.89,318,316
164.89,293,290
164.9,317,319
164.96,312,311
164.96,338,340
164.96,312,308
164.96,315,318
164.96,328,324
164.96,336,340
164.96,328,321
165.03,308,311
165.03,332,331
165.03,323,323
165.03,328,327
165.03,312,306
165.03,329,332
165.03,312,311
165.09,331,334
165.09,319,316
165.09,325,322
165.09,323,323
165.09,347,346
165.09,314,310
165.09,332,336
165.15,343,342
165.15,359,362
165.15,334,329
165.15,320,321
165.15,305,302
165.15,302,301
165.16,317,317
165.21,323,320
165.21,331,330
165.21,305,304
165.21,327,324
165.21,299,300
165.22,328,329
165.23,306,304
165.28,303,304
165.28,309,304
165.28,337,340
165.28,347,342
165.28,295,292
165.28,314,313
165.29,309,312
165.35,355,354
165.35,315,310
165.35,323,322
165.35,304,303
165.35,318,318
165.35,324,330
165.36,340,332
165.42,317,316
165.42,345,347
165.42,313,311
165.42,306,305
165.42,292,291
165.42,322,327
165.42,351,349
165.48,309,310
165.48,353,353
165.48,314,312
165.48,344,344
165.48,314,314
165.48,338,338
165.49,313,314
165.54,350,353
165.54,332,333
165.54,331,332
165.54,335,333
165.54,334,335
165.55,316,313
165.55,340,344
165.6,355,353
165.6,335,332
165.6,344,345
165.6,328,325
165.6,335,331
165.61,329,332
165.62,333,331
165.68,293,293
165.68,319,322
165.68,323,319
165.68,306,307
165.68,297,297
165.68,304,308
165.68,310,307
165.75,333,335
165.75,314,309
165.75,311,315
165.75,316,315
165.75,315,321
165.75,338,334
165.75,312,313
165.81,334,331
165.81,312,312
165.81,336,337
165.81,313,311
165.81,355,361
165.81,334,330
165.82,332,331
165.87,266,266
165.87,332,336
165.87,311,305
165.87,298,302
165.87,323,319
165.87,296,295
165.88,313,310
165.93,286,286
165.93,306,302
165.93,294,296
165.93,348,350
165.93,333,331
165.94,353,353
165.95,316,308
166.01,318,321
166.01,313,310
166.01,313,314
166.01,341,335
166.01,310,315
166.01,314,309
166.01,313,317
166.07,328,324
166.07,325,330
166.07,362,358
166.07,314,312
166.07,310,308
166.07,306,307
166.08,339,338
166.13,344,342
166.13,314,313
166.13,298,301
166.13,324,320
166.13,284,286
166.13,314,315
166.14,339,337
166.19,322,320
166.19,311,311
166.19,324,326
166.19,301,299
166.19,330,338
166.2,361,356
166.21,312,313
166.27,345,343
166.27,338,335
166.27,324,321
166.27,313,310
166.27,319,318
166.27,304,303
166.27,309,306
166.33,284,281
166.33,300,308
166.33,337,330
166.34,307,308
166.34,311,309
166.34,288,288
166.34,330,327
166.4,305,305
166.4,309,307
166.4,308,308
166.4,323,322
166.4,317,313
166.4,334,337
166.41,316,312
166.46,302,305
166.46,307,306
166.46,321,323
166.46,328,327
166.46,322,322
166.46,303,302
166.47,323,327
166.52,342,339
166.52,317,314
166.52,312,311
166.52,310,314
166.52,305,302
166.53,290,287
166.54,298,301
166.6,298,298
166.6,315,313
166.6,310,317
166.6,362,357
166.6,307,303
166.6,312,314
166.6,287,281
166.66,312,319
166.66,328,321
166.66,310,312
166.66,339,335
166.66,307,309
166.66,343,343
166.67,302,297
166.72,304,308
166.72,324,325
166.72,337,335
166.72,300,300
166.72,310,309
166.72,314,318
166.73,333,333
166.79,313,313
166.79,337,341
166.79,341,333
166.79,311,318
166.79,361,358
166.79,348,349
166.8,322,316
166.85,309,315
166.85,340,335
166.85,302,302
166.85,356,358
166.85,324,322
166.86,348,346
166.86,307,307
166.93,364,369
166.93,340,335
166.93,330,330
166.93,322,319
166.93,342,343
166.93,327,324
166.93,328,331
166.99,329,323
166.99,304,306
166.99,329,324
166.99,300,301
166.99,321,324
166.99,317,317
166.99,299,300
167.05,312,315
167.05,352,353
167.05,312,310
167.05,335,335
167.05,305,300
167.05,305,306
167.06,329,328
167.11,328,330
167.11,336,333
167.11,333,338
167.11,335,333
167.11,313,313
167.12,324,319
167.13,323,324
167.19,343,341
167.19,329,330
167.19,375,373
167.19,321,317
167.19,361,366
167.19,330,327
167.19,337,338
167.25,332,329
167.25,323,326
167.25,332,329
167.25,328,333
167.25,327,321
167.25,314,317
167.26,335,330
167.31,315,318
167.31,349,345
167.31,324,324
167.31,330,331
167.31,323,323
167.31,329,328
167.32,317,317
167.38,350,352
167.38,305,299
167.38,327,333
167.38,356,352
167.38,329,328
167.38,324,319
167.39,302,301
167.4,306,306
167.41,309,314
167.42,315,310
167.47,297,296
167.47,317,318
167.47,330,333
167.47,340,340
167.47,302,296
167.47,313,312
167.48,289,285
167.53,312,318
167.53,299,292
167.53,313,316
167.53,320,314
167.53,300,304
167.54,317,319
167.55,320,324
167.61,344,338
167.61,309,311
167.61,310,307
167.61,290,294
167.61,336,335
167.61,302,299
167.61,337,341
167.67,332,325
167.67,306,309
167.67,314,313
167.67,306,311
167.67,316,310
167.67,305,309
167.68,333,330
167.74,300,301
167.74,322,320
167.74,307,312
167.74,340,335
167.74,297,300
167.74,335,334
167.74,302,299
167.8,315,320
167.8,322,319
167.8,309,309
167.8,309,309
167.8,325,326
167.8,307,301
167.81,309,313
167.86,323,316
167.86,311,319
167.86,342,337
167.86,323,323
167.86,315,311
167.87,285,290
167.88,347,350
167.94,342,341
167.94,348,349
167.94,331,327
167.94,319,317
167.94,315,316
167.94,340,341
167.94,311,308
168.0,337,340
168.0,319,317
168.0,333,334
168.0,333,332
168.0,325,327
168.0,342,339
168.01,321,321
168.06,322,316
168.06,283,286
168.06,336,337
168.06,334,334
168.06,329,328
168.06,303,301
168.07,327,331
168.12,313,309
168.12,330,331
168.12,315,312
168.12,333,333
168.12,322,321
168.13,328,332
168.14,330,327
168.19,342,343
168.19,339,332
168.19,313,314
168.19,342,340
168.19,333,334
168.2,348,341
168.2,294,293
168.27,317,317
168.27,297,298
168.27,325,326
168.27,311,307
168.27,312,315
168.27,297,298
168.27,313,315
168.33,331,329
168.33,301,300
168.33,300,297
168.33,304,307
168.33,329,322
168.33,297,301
168.33,337,333
168.39,302,305
168.39,335,331
168.39,286,285
168.39,315,317
168.39,297,296
168.39,334,334
168.4,310,310
168.46,337,340
168.46,315,311
168.46,348,349
168.46,329,325
168.46,329,333
168.46,335,327
168.47,319,325
168.52,344,340
168.52,341,347
168.52,364,358
168.52,303,301
168.52,350,353
168.52,325,322
168.53,323,326
168.6,318,318
168.6,341,340
168.6,323,321
168.6,327,332
168.6,333,325
168.6,300,308
168.6,355,350
168.66,316,318
168.66,342,341
168.66,329,324
168.66,323,321
168.66,309,310
168.66,343,344
168.66,319,315
168.72,328,329
168.72,295,296
168.72,302,299
168.72,290,291
168.72,314,315
168.72,290,292
168.73,306,308
168.78,324,323
168.78,322,320
168.78,327,330
168.78,337,333
168.78,303,300
168.78,303,304
168.79,308,307
168.84,325,329
168.84,328,328
168.84,321,318
168.84,320,325
168.84,328,324
168.85,324,328
168.86,331,333
168.92,336,334
168.92,325,323
168.92,314,319
168.92,352,346
168.92,337,339
168.92,309,302
168.92,285,290
168.98,325,322
168.98,301,302
168.98,323,322
168.98,296,295
168.98,332,333
168.98,301,296
168.99,323,324
169.05,310,309
169.05,316,318
169.05,294,292
169.05,313,315
169.05,319,313
169.05,298,301
169.06,317,310
169.11,284,287
169.11,330,330
169.11,321,322
169.11,330,328
169.11,322,323
169.11,327,329
169.12,315,310
169.19,350,353
169.19,303,296
169.19,308,314
169.19,301,302
169.19,331,334
169.19,297,288
169.19,306,312
169.25,318,311
169.25,314,323
169.25,359,355
169.25,310,305
169.25,306,305
169.25,299,302
169.25,360,361
169.31,325,319
169.31,317,317
169.31,306,305
169.31,341,340
169.31,297,294
169.31,304,311
169.32,314,311
169.37,321,324
169.37,327,325
169.37,351,358
169.37,345,341
169.37,315,314
169.37,329,328
169.38,314,314
169.44,349,351
169.44,319,312
169.44,318,319
169.44,327,326
169.44,329,327
169.44,296,298
169.45,332,333
169.51,310,305
169.51,325,326
169.51,321,319
169.51,336,340
169.51,325,318
169.51,337,346
169.51,349,346
169.58,336,335
169.58,348,344
169.58,306,311
169.58,362,359
169.58,328,329
169.58,346,344
169.58,302,302
169.64,334,334
169.64,316,313
169.64,323,327
169.64,326,319
169.64,327,328
169.64,305,299
169.64,305,305
169.7,318,317
169.7,308,313
169.7,328,325
169.7,291,291
169.7,315,314
169.7,312,313
169.71,338,336
169.76,321,323
169.76,355,351
169.76,337,339
169.76,354,351
169.76,306,303
169.77,315,317
169.78,317,313
169.83,314,318
169.83,341,338
169.83,310,313
169.83,325,325
169.83,308,307
169.83,307,300
169.84,275,280
169.91,335,334
169.91,306,304
169.91,334,335
169.91,306,303
169.91,329,330
169.91,316,314
169.91,313,309
169.97,306,308
169.97,333,335
169.97,314,310
169.97,354,354
169.97,310,309
169.97,351,354
169.97,360,356
170.03,310,311
170.03,334,330
170.03,301,303
170.03,346,348
170.03,347,343
170.03,338,337
170.04,340,342
170.09,333,329
170.09,320,321
170.09,333,334
170.09,302,297
170.09,313,317
170.1,317,315
170.1,311,313
170.15,319,314
170.15,300,307
170.15,322,316
170.15,286,292
170.15,339,336
170.16,310,309
170.17,354,354
170.23,318,319
170.23,345,341
170.23,304,307
170.23,333,334
170.23,339,336
170.23,329,329
170.23,322,319
170.3,320,323
170.3,314,310
170.3,320,322
170.3,308,306
170.3,307,312
170.3,335,335
170.3,318,320
170.36,321,315
170.36,299,300
170.36,348,348
170.36,309,304
170.36,334,338
170.36,309,302
170.37,302,307
170.42,305,300
170.42,303,309
170.42,310,307
170.42,299,299
170.42,299,298
170.42,315,317
170.43,319,315
170.48,290,293
170.48,312,316
170.48,316,312
170.48,323,323
170.48,301,299
170.49,312,312
170.5,283,282
170.56,310,311
170.56,307,305
170.56,311,312
170.56,319,315
170.56,312,315
170.56,321,316
170.56,318,322
170.62,338,331
170.62,299,303
170.62,339,339
170.62,314,307
170.62,331,336
170.62,315,307
170.63,299,302
170.68,330,333
170.68,340,336
170.68,299,302
170.68,347,350
170.68,319,312
170.69,306,309
170.69,317,314
170.75,313,315
170.75,314,309
170.75,312,312
170.75,327,325
170.75,322,328
170.75,356,354
170.76,305,304
170.82,337,337
170.82,302,294
170.82,322,327
170.82,329,329
170.82,335,334
170.82,331,332
170.82,337,336
170.89,309,304
170.89,304,309
170.89,315,310
170.89,284,287
170.89,304,300
170.89,304,309
170.89,331,323
170.95,285,287
170.95,323,322
170.95,295,296
170.95,325,325
170.95,320,322
170.95,341,338
170.96,292,294
171.02,332,333
171.02,317,312
171.02,318,320
171.02,323,322
171.02,313,315
171.02,320,315
171.02,314,316
171.08,330,321
171.08,309,315
171.08,327,322
171.08,277,280
171.08,357,361
171.08,296,290
171.09,320,324
171.14,350,348
171.14,337,335
171.14,326,328
171.14,326,326
171.14,354,356
171.14,346,341
171.15,316,313
171.22,303,306
171.22,322,319
171.22,335,337
171.22,337,333
171.22,309,310
171.22,329,330
171.22,307,303
171.28,324,329
171.28,322,319
171.28,310,311
171.28,309,309
171.28,329,330
171.28,326,325
171.28,337,341
171.34,335,329
171.34,299,300
171.34,325,325
171.34,347,349
171.34,337,332
171.34,325,330
171.35,351,350
171.41,338,337
171.41,337,337
171.41,340,340
171.41,358,357
171.41,336,334
171.41,338,335
171.41,300,299
171.47,342,346
171.47,318,313
171.47,320,322
171.47,317,315
171.47,332,337
171.47,329,319
171.48,297,299
171.53,343,344
171.53,320,320
171.53,334,336
171.53,325,322
171.53,323,327
171.54,318,318
171.55,349,349
171.61,334,337
171.61,352,347
171.61,300,296
171.61,336,339
171.61,312,304
171.61,295,300
171.61,316,310
171.67,284,293
171.67,322,318
171.67,293,295
171.67,324,319
171.67,295,297
171.67,346,348
171.68,312,310
171.74,327,321
171.74,294,295
171.74,319,319
171.74,306,301
171.74,309,316
171.74,328,329
171.74,348,346
171.8,316,311
171.8,312,317
171.8,317,313
171.8,313,319
171.8,354,351
171.8,337,335
171.81,319,317
171.86,317,316
171.86,310,308
171.86,290,289
171.86,350,349
171.86,304,301
171.86,312,311
171.87,305,303
171.94,339,339
171.94,304,296
171.94,296,303
171.94,325,321
171.94,313,318
171.94,330,324
171.94,317,323
172.0,328,323
172.0,319,318
172.0,323,322
172.0,297,299
172.0,351,352
172.0,338,334
172.0,332,332
172.06,319,319
172.06,340,338
172.06,315,311
172.06,308,310
172.06,309,307
172.06,322,321
172.07,320,319
172.12,320,324
172.12,328,324
172.12,324,327
172.12,335,333
172.12,329,330
172.13,332,332
172.14,326,324
172.19,344,346
172.19,285,279
172.19,336,339
172.19,313,309
172.19,317,314
172.19,305,305
172.2,309,311
172.26,338,336
172.26,293,295
172.26,326,326
172.26,322,323
172.26,315,313
172.26,304,303
172.27,317,316
172.33,293,293
172.33,318,320
172.33,299,302
172.33,337,337
172.33,300,299
172.33,325,325
172.33,311,308
172.39,315,318
172.39,303,300
172.39,319,321
172.39,303,298
172.39,325,336
172.39,341,333
172.4,326,331
172.45,356,352
172.45,330,333
172.45,347,346
172.45,303,302
172.45,339,340
172.45,309,305
172.46,320,323
172.51,356,360
172.51,363,356
172.51,321,320
172.51,370,370
172.51,325,318
172.52,317,319
172.53,355,354
172.59,308,306
172.59,307,305
172.59,342,343
172.59,324,321
172.59,311,309
172.59,328,330
172.59,331,327
172.65,329,328
172.65,298,298
172.65,329,332
172.65,322,318
172.65,305,303
172.65,299,296
172.66,302,309
172.72,324,319
172.72,313,314
172.72,307,303
172.72,305,306
172.72,334,335
172.72,300,299
172.73,314,314
172.78,292,289
172.78,295,299
172.78,292,290
172.78,303,306
172.78,331,330
172.78,317,314
172.79,310,312
172.84,334,337
172.84,333,328
172.84,338,345
172.84,340,330
172.84,301,310
172.85,342,337
172.86,300,304
172.92,320,315
172.92,291,295
172.92,330,332
172.92,310,306
172.92,322,324
172.92,301,297
172.92,326,329
172.98,315,313
172.98,348,353
172.98,333,328
172.98,318,323
172.98,343,342
172.98,332,332
172.99,332,330
173.04,327,327
173.04,347,345
173.04,307,306
173.04,346,349
173.04,327,325
173.04,342,339
173.05,299,299
173.11,333,335
173.11,352,348
173.11,330,330
173.11,323,322
173.11,321,319
173.11,327,329
173.12,353,354
173.17,303,300
173.17,311,315
173.17,318,315
173.17,313,314
173.17,307,302
173.18,300,302
173.18,330,330
173.25,304,300
173.25,326,329
173.25,305,304
173.25,340,342
173.25,323,319
173.25,318,321
173.25,322,319
173.31,330,332
173.31,321,317
173.31,316,323
173.31,337,337
173.31,308,306
173.31,297,294
173.31,300,302
173.37,314,312
173.37,295,292
173.37,322,323
173.37,330,332
173.37,354,349
173.37,305,306
173.38,327,330
173.43,309,301
173.43,303,308
173.43,313,310
173.43,311,319
173.43,321,315
173.44,310,315
173.45,308,301
173.51,290,297
173.51,341,335
173.51,298,303
173.51,346,345
173.51,305,303
173.51,337,340
173.51,315,313
173.57,346,343
173.57,325,322
173.57,329,329
173.57,308,309
173.57,340,341
173.57,335,328
173.58,314,318
173.64,323,317
173.64,332,342
173.64,379,374
173.64,340,346
173.64,363,362
173.64,326,322
173.64,338,336
173.7,319,319
173.7,342,341
173.7,321,325
173.7,348,345
173.7,318,320
173.7,333,333
173.71,304,301
173.76,330,332
173.76,320,318
173.76,332,337
173.76,344,337
173.76,301,304
173.77,339,338
173.77,314,315
173.84,335,332
173.84,321,318
173.84,334,334
173.84,318,314
173.84,303,305
173.84,302,302
173.84,323,322
173.9,289,288
173.9,327,329
173.9,335,329
173.9,316,317
173.9,328,324
173.9,309,318
173.9,331,323
173.96,305,307
173.96,334,330
173.96,297,301
173.96,338,335
173.96,291,289
173.96,341,347
173.97,314,311
174.02,312,311
174.02,305,305
174.02,318,320
174.03,287,282
174.03,310,314
174.03,323,322
174.04,322,320
174.09,303,301
174.09,287,288
174.09,321,322
174.09,327,324
174.09,309,305
174.09,294,293
174.1,331,332
174.17,290,286
174.17,311,313
174.17,305,305
174.17,320,322
174.17,324,325
174.17,356,354
174.17,304,300
174.23,317,324
174.23,333,330
174.23,336,332
174.23,308,305
174.23,326,327
174.23,330,327
174.23,316,321
174.29,342,341
174.29,322,324
174.29,351,348
174.29,320,318
174.29,348,352
174.29,331,324
174.3,338,340
174.35,357,353
174.35,324,326
174.35,328,324
174.35,321,323
174.35,329,324
174.35,323,325
174.36,338,334
174.42,313,317
174.42,332,330
174.42,310,310
174.42,321,322
174.42,312,311
174.42,322,324
174.43,315,314
174.48,329,330
174.48,326,326
174.48,313,311
174.48,314,313
174.48,318,315
174.49,318,317
174.49,309,312
174.56,326,324
174.56,301,303
174.56,338,337
174.56,311,308
174.56,320,320
174.56,313,314
174.56,326,329
174.62,330,323
174.62,308,309
174.62,297,299
174.62,337,337
174.62,306,304
174.62,335,338
174.63,301,296
174.68,314,320
174.68,343,338
174.68,333,336
174.68,339,331
174.68,290,292
174.68,321,316
174.69,291,295
174.74,334,333
174.74,302,300
174.74,331,337
174.74,330,326
174.74,323,320
174.75,312,313
174.76,320,320
174.81,314,310
174.81,318,321
174.81,326,325
174.81,347,350
174.81,341,334
174.81,311,315
174.82,329,323
174.89,299,303
174.89,336,335
174.89,319,322
174.89,365,364
174.89,298,295
174.89,309,310
174.89,297,300
174.95,340,342
174.95,331,333
174.95,355,360
174.95,345,335
174.95,329,335
174.95,328,321
174.96,305,308
174.97,330,326
174.97,325,326
174.98,340,339
175.04,325,325
175.04,338,337
175.04,335,336
175.04,340,336
175.04,312,312
175.04,330,333
175.05,321,317
175.1,311,314
175.1,319,317
175.1,329,330
175.1,322,318
175.1,305,308
175.1,335,329
175.11,299,298
175.16,303,298
175.16,290,297
175.16,320,317
175.16,305,303
175.16,334,337
175.17,306,303
175.18,303,303
175.24,299,300
175.24,330,328
175.24,291,290
175.24,320,320
175.24,315,311
175.24,310,317
175.24,340,330
175.3,285,289
175.3,316,311
175.3,318,323
175.3,348,345
175.3,297,295
175.3,306,306
175.31,301,299
175.37,311,312
175.37,307,306
175.37,304,300
175.37,290,291
175.37,312,308
175.37,298,299
175.38,309,311
175.43,304,301
175.43,315,320
175.43,324,319
175.43,321,323
175.43,313,312
175.43,304,308
175.44,351,347
175.49,298,295
175.49,329,330
175.49,309,305
175.49,317,318
175.49,301,304
175.5,333,332
175.51,319,312
175.57,320,326
175.57,347,341
175.57,322,326
175.57,340,339
175.57,323,324
175.57,315,309
175.57,307,313
175.63,356,352
175.63,304,302
175.63,314,315
175.63,317,315
175.63,335,336
175.63,310,309
175.64,322,325
175.69,322,317
175.69,321,324
175.69,316,311
175.69,298,300
175.69,296,293
175.69,294,301
175.7,322,315
175.76,289,292
175.76,318,319
175.76,311,314
175.76,322,319
175.76,296,299
175.76,324,324
175.77,291,288
175.82,325,330
175.82,301,299
175.82,296,300
175.82,301,298
175.82,330,332
175.83,315,312
175.83,353,358
175.9,323,314
175.9,327,331
175.9,318,309
175.9,300,307
175.9,326,322
175.9,300,301
175.9,327,328
175.96,330,331
175.96,331,331
175.96,331,333
175.96,350,350
175.96,327,323
175.96,335,335
175.96,312,312
176.02,338,337
176.02,338,332
176.02,321,323
176.02,335,335
176.02,316,316
176.02,331,333
176.03,345,346
176.08,331,322
176.08,306,313
176.08,334,336
176.08,333,328
176.08,322,327
176.09,328,327
176.1,341,340
176.16,315,313
176.16,328,332
176.16,340,336
176.16,314,315
176.16,345,342
176.16,331,329
176.16,320,320
176.22,314,320
176.22,340,335
176.22,297,304
176.22,352,355
176.22,325,319
176.22,313,316
176.23,312,310
176.28,309,310
176.28,322,321
176.28,316,317
176.28,317,319
176.28,342,345
176.28,332,324
176.29,309,319
176.34,344,336
176.34,314,317
176.34,324,317
176.34,295,297
176.34,329,326
176.35,279,282
176.36,331,330
176.41,308,308
176.41,324,323
176.41,319,320
176.41,349,345
176.41,327,330
176.42,345,344
176.42,325,324
176.49,337,337
176.49,340,339
176.49,330,335
176.49,333,332
176.49,323,322
176.49,334,332
176.49,311,312
176.55,321,317
176.55,303,301
176.55,313,315
176.55,315,317
176.55,342,338
176.55,318,320
176.55,343,342
176.61,320,319
176.61,334,334
176.61,337,334
176.61,314,316
176.61,335,332
176.61,333,336
176.62,333,330
176.68,336,341
176.68,350,342
176.68,315,315
176.68,354,351
176.68,325,326
176.68,366,370
176.69,332,327
176.74,328,328
176.74,319,316
176.74,331,331
176.74,308,309
176.74,342,343
176.74,319,318
176.75,323,326
176.8,336,331
176.8,327,334
176.8,358,351
176.8,326,325
176.8,338,338
176.81,327,327
176.82,329,327
176.88,322,323
176.88,337,336
176.88,311,311
176.88,328,328
176.88,323,319
176.88,329,335
176.88,346,340
176.94,323,324
176.94,332,331
176.94,339,342
176.94,326,318
176.94,296,298
176.94,320,318
176.95,297,299
177.0,340,339
177.0,318,319
177.0,336,338
177.0,305,300
177.0,311,313
177.01,307,301
177.01,309,313
177.06,317,311
177.06,314,323
177.06,306,300
177.06,318,324
177.06,324,319
177.07,312,320
177.08,323,314
177.14,292,295
177.14,320,322
177.14,306,304
177.14,313,310
177.14,300,301
177.14,321,323
177.14,299,300
177.21,333,339
177.21,332,333
177.21,328,326
177.21,310,307
177.21,306,308
177.21,309,307
177.21,290,291
177.27,327,328
177.27,334,337
177.27,329,325
177.27,300,302
177.27,317,313
177.27,307,307
177.28,306,303
177.33,288,288
177.33,329,327
177.33,289,285
177.33,327,329
177.33,314,310
177.33,314,312
177.34,304,303
177.39,296,301
177.39,341,335
177.39,297,296
177.39,314,313
177.39,321,322
177.4,303,299
177.41,290,291
177.46,343,342
177.46,294,290
177.46,319,324
177.46,344,346
177.46,343,335
177.46,288,289
177.47,347,344
177.54,296,296
177.54,314,315
177.54,316,314
177.54,330,331
177.54,314,312
177.54,317,320
177.54,332,325
177.6,304,305
177.6,315,312
177.6,296,299
177.6,330,333
177.6,307,304
177.6,324,326
177.6,309,307
177.66,344,344
177.66,302,296
177.66,298,303
177.66,317,318
177.66,320,317
177.66,315,315
177.67,316,318
177.72,326,324
177.72,302,304
177.72,323,323
177.72,315,314
177.72,321,323
177.73,313,310
177.73,320,321
177.78,313,318
177.78,343,337
177.79,305,303
177.79,363,369
177.79,335,326
177.79,316,317
177.8,308,307
177.86,304,304
177.86,304,305
177.86,311,320
177.86,334,326
177.86,311,311
177.86,348,351
177.87,324,322
177.92,315,312
177.92,297,298
177.92,318,319
177.93,302,302
177.93,313,312
177.93,297,296
177.93,326,329
177.99,330,329
177.99,333,333
177.99,328,327
177.99,335,337
177.99,345,343
177.99,332,334
178.0,331,324
178.05,307,313
178.05,329,324
178.05,311,314
178.05,343,344
178.05,324,326
178.05,339,338
178.06,344,349
178.11,355,349
178.11,317,316
178.11,337,338
178.11,329,325
178.11,313,317
178.12,339,336
178.13,321,323
178.19,331,329
178.19,324,328
178.19,335,331
178.19,320,322
178.19,342,341
178.19,305,303
178.19,333,335
178.25,299,297
178.25,325,325
178.25,301,299
178.25,345,349
178.25,329,324
178.25,308,312
178.26,340,337
178.31,300,304
178.31,301,297
178.31,313,314
178.31,319,316
178.31,305,307
178.32,348,348
178.32,306,303
178.38,318,318
178.38,340,346
178.38,349,343
178.38,309,311
178.38,342,342
178.38,320,318
178.39,317,318
178.45,316,311
178.45,304,307
178.45,319,315
178.45,303,303
178.45,303,300
178.45,302,307
178.45,316,313
178.52,292,294
178.52,316,315
178.52,296,293
178.52,305,309
178.52,320,319
178.52,304,302
178.52,296,295
178.58,307,303
178.58,275,276
178.58,314,315
178.58,296,295
178.58,317,321
178.58,317,314
178.59,311,312
178.64,289,283
178.64,302,308
178.64,343,337
178.64,301,303
178.64,341,339
178.64,295,291
178.65,326,325
178.7,304,302
178.7,308,309
178.7,314,315
178.7,347,344
178.7,318,314
178.71,312,316
178.72,345,345
178.78,328,324
178.78,331,331
178.78,338,345
178.78,363,357
178.78,331,333
178.78,317,313
178.78,343,348
178.84,340,336
178.84,309,309
178.84,334,332
178.84,325,329
178.84,339,337
178.84,329,329
178.85,332,337
178.9,322,316
178.9,318,320
178.9,313,309
178.9,328,331
178.9,355,353
178.91,350,350
178.91,343,337
178.97,320,325
178.97,335,334
178.97,327,326
178.97,346,345
178.97,308,302
178.97,323,327
178.98,309,306
179.03,337,341
179.03,293,286
179.03,314,321
179.03,338,336
179.03,340,339
179.04,338,335
179.04,327,328
179.11,333,330
179.11,314,315
179.11,335,334
179.11,302,301
179.11,323,324
179.11,309,307
179.11,334,338
179.17,317,312
179.17,343,343
179.17,338,339
179.17,361,360
179.17,320,317
179.17,343,351
179.18,320,314
179.23,312,320
179.23,340,338
179.23,320,321
179.23,329,323
179.23,301,303
179.23,341,339
179.24,311,309
179.29,330,332
179.29,317,317
179.29,351,352
179.29,322,324
179.29,325,325
179.3,305,304
179.31,319,318
179.37,329,327
179.37,340,344
179.37,338,330
179.37,314,317
179.37,338,337
179.37,325,324
179.37,297,296
179.43,297,296
179.44,310,305
179.44,282,285
179.44,329,333
179.44,335,331
179.44,304,304
179.44,322,320
179.5,314,315
179.5,330,326
179.5,306,308
179.5,314,316
179.5,314,317
179.5,311,307
179.5,323,326
179.56,337,335
179.56,309,307
179.56,323,319
179.56,292,296
179.56,334,336
179.56,285,282
179.57,293,294
179.62,282,283
179.62,322,324
179.62,289,290
179.62,322,322
179.62,295,289
179.63,305,310
179.63,328,321
179.7,298,301
179.7,334,331
179.7,321,322
179.7,313,310
179.7,306,308
179.7,335,337
179.7,319,314
179.76,321,325
179.76,307,303
179.76,328,329
179.76,304,303
179.76,330,333
179.76,316,312
179.77,319,319
179.82,287,285
179.82,302,307
179.82,348,347
179.82,311,310
179.82,329,327
179.82,302,301
179.83,320,319
179.89,296,297
179.89,344,345
179.89,317,313
179.89,316,314
179.89,297,297
179.89,333,334
179.9,307,302
179.95,310,312
179.95,327,323
179.95,322,323
179.95,306,304
179.95,317,325
179.95,352,348
179.96,326,323
180.03,319,316
180.03,306,305
180.03,337,339
180.03,308,307
180.03,330,332
180.03,333,333
180.03,356,354
180.09,325,319
180.09,313,313
180.09,319,321
180.09,358,360
180.09,337,329
180.09,321,324
180.09,333,331
180.15,321,322
180.15,339,338
180.15,323,321
180.15,328,328
180.15,307,308
180.15,339,342
180.16,332,330
180.21,354,351
180.21,315,314
180.21,354,354
180.21,319,315
180.21,326,325
180.22,319,317
180.22,319,321
180.28,327,321
180.28,308,311
180.28,346,342
180.28,319,317
180.28,330,328
180.28,339,340
180.29,336,332
180.35,311,308
180.35,335,332
180.35,308,313
180.35,329,329
180.35,311,308
180.35,319,322
180.36,320,315
180.42,302,306
180.42,306,300
180.42,311,316
180.42,312,303
180.42,290,297
180.42,338,337
180.42,302,301
180.48,350,348
180.48,309,311
180.48,320,318
180.48,285,283
180.48,321,322
180.48,312,311
180.49,338,339
180.54,314,311
180.54,329,330
180.54,338,333
180.54,314,319
180.54,334,328
180.54,318,322
180.55,341,338
180.6,328,327
180.6,318,316
180.6,306,308
180.6,348,348
180.6,311,306
180.61,324,328
180.62,311,309
180.68,330,331
180.68,310,312
180.68,341,339
180.68,309,306
180.68,297,298
180.68,343,344
180.68,310,308
180.74,322,319
180.74,315,318
180.74,331,325
180.74,297,302
180.74,341,342
180.74,341,343
180.75,341,335
180.8,301,302
180.8,321,327
180.8,337,333
180.8,317,317
180.8,307,306
180.81,327,334
180.81,332,328
180.87,345,347
180.87,339,334
180.87,314,318
180.87,323,319
180.87,301,304
180.87,312,308
180.88,300,302
180.93,310,311
180.93,307,305
180.93,321,320
180.93,309,308
180.93,323,322
180.94,310,312
180.95,361,364
181.01,321,312
181.01,299,302
181.01,332,332
181.01,335,341
181.01,331,325
181.01,292,295
181.01,348,345
181.07,299,295
181.07,310,313
181.07,302,299
181.07,315,316
181.07,323,324
181.07,329,330
181.08,313,307
181.13,317,319
181.13,303,303
181.13,324,330
181.13,325,320
181.13,334,341
181.13,334,323
181.14,312,317
181.19,345,345
181.19,342,342
181.19,353,350
181.19,325,324
181.19,323,318
181.2,298,296
181.21,324,322
181.27,310,310
181.27,344,348
181.27,331,324
181.27,322,323
181.27,318,318
181.27,336,337
181.27,321,317
181.34,333,336
181.34,328,324
181.34,315,319
181.34,327,321
181.34,302,304
181.34,351,352
181.34,302,300
181.4,304,303
181.4,286,286
181.4,315,317
181.4,310,309
181.4,326,323
181.4,294,293
181.4,342,344
181.46,322,317
181.46,310,315
181.46,310,302
181.46,323,330
181.46,342,337
181.46,314,315
181.47,326,322
181.52,306,310
181.52,327,325
181.52,309,311
181.52,335,336
181.52,312,313
181.53,335,336
181.54,316,314
181.59,337,334
181.59,290,288
181.59,323,324
181.59,325,325
181.59,326,325
181.59,315,313
181.6,344,349
181.67,325,317
181.67,284,290
181.67,340,336
181.67,308,311
181.67,328,329
181.67,316,316
181.67,333,331
181.73,315,312
181.73,303,301
181.73,298,300
181.73,319,322
181.73,309,304
181.73,311,318
181.73,322,317
181.79,313,316
181.79,333,328
181.79,312,313
181.79,327,327
181.79,315,316
181.79,328,326
181.8,347,346
181.85,352,350
181.85,313,311
181.85,313,317
181.85,327,325
181.85,327,323
181.85,314,315
181.86,354,355
181.91,320,314
181.91,301,301
181.91,303,302
181.91,329,330
181.91,323,318
181.92,313,316
181.93,329,331
181.99,308,306
181.99,314,311
181.99,317,317
181.99,340,341
181.99,315,312
181.99,335,339
181.99,323,321
182.05,349,350
182.05,338,335
182.05,364,366
182.05,345,342
182.05,317,316
182.06,311,306
182.06,294,297
182.12,330,326
182.12,325,330
182.12,331,327
182.12,299,302
182.12,333,336
182.12,323,322
182.12,320,323
182.18,316,315
182.18,317,316
182.18,299,296
182.18,335,341
182.18,324,318
182.18,332,337
182.19,362,357
182.24,312,308
182.24,326,328
182.24,351,347
182.24,323,319
182.24,305,309
182.25,343,340
182.26,307,306
182.32,317,318
182.32,311,308
182.32,307,307
182.32,294,292
182.32,296,298
182.32,298,295
182.32,291,293
182.38,321,320
182.38,298,300
182.38,312,308
182.38,307,309
182.38,346,347
182.38,338,337
182.39,313,305
182.44,288,296
182.44,338,337
182.44,317,314
182.44,324,323
182.44,304,304
182.44,324,322
182.45,319,318
182.5,319,317
182.5,301,294
182.5,315,320
182.5,315,311
182.5,316,318
182.51,318,315
182.52,326,331
182.58,342,338
182.58,317,318
182.58,331,332
182.58,319,315
182.58,331,330
182.58,304,305
182.58,328,332
182.64,324,319
182.64,325,326
182.64,299,296
182.64,345,347
182.64,326,318
182.64,342,346
182.65,331,323
182.71,311,314
182.71,308,303
182.71,312,317
182.71,318,312
182.71,295,297
182.71,326,324
182.72,288,289
182.73,339,343
182.74,313,309
182.74,302,304
182.8,306,305
182.8,304,307
182.8,324,322
182.8,313,316
182.8,317,315
182.8,359,365
182.81,345,332
182.86,307,315
182.86,363,359
182.86,310,307
182.86,321,321
182.86,302,299
182.87,317,317
182.87,314,319
182.93,314,311
182.93,302,301
182.93,327,329
182.93,335,334
182.93,331,332
182.93,305,299
182.94,325,334
183.0,317,311
183.0,319,324
183.0,329,324
183.0,333,339
183.0,336,325
183.0,289,291
183.01,331,331
183.07,308,303
183.07,305,306
183.07,319,318
183.07,307,309
183.07,295,292
183.07,315,318
183.07,330,328
183.13,339,337
183.13,320,317
183.13,314,317
183.13,328,328
183.13,332,331
183.13,318,316
183.14,333,334
183.19,329,328
183.19,320,321
183.19,323,321
183.19,307,307
183.19,329,328
183.19,313,314
183.2,325,323
183.25,291,293
183.25,321,318
183.25,299,298
183.25,320,323
183.26,316,311
183.26,311,314
183.27,327,324
183.33,302,307
183.33,341,338
183.33,329,331
183.33,346,344
183.33,285,282
183.33,320,322
183.33,300,300
183.39,311,314
183.39,321,321
183.39,323,325
183.39,318,311
183.39,313,316
183.39,316,314
183.4,309,311
183.46,327,322
183.46,288,293
183.46,321,316
183.46,308,314
183.46,370,366
183.46,321,314
183.46,310,310
183.52,321,319
183.52,338,340
183.52,319,317
183.52,336,338
183.52,335,332
183.52,333,331
183.53,337,333
183.58,318,319
183.58,318,315
183.58,316,321
183.58,329,325
183.58,289,294
183.59,331,326
183.6,280,283
183.66,324,324
183.66,295,294
183.66,333,332
183.66,302,302
183.66,336,336
183.66,333,336
183.66,348,344
183.72,311,309
183.72,321,324
183.72,336,337
183.72,340,342
183.72,342,334
183.72,317,320
183.73,340,337
183.78,315,313
183.78,332,334
183.78,329,329
183.78,349,351
183.78,325,324
183.78,332,334
183.79,322,318
183.85,341,340
183.85,321,319
183.85,327,329
183.85,327,326
183.85,332,335
183.85,339,335
183.86,320,323
183.91,336,333
183.91,334,339
183.91,369,367
183.91,359,355
183.91,348,346
183.91,313,314
183.92,343,343
183.99,322,319
183.99,349,352
183.99,327,322
183.99,350,351
183.99,329,325
183.99,312,313
183.99,325,326
184.05,335,340
184.05,328,319
184.05,299,306
184.05,341,335
184.05,275,274
184.05,319,320
184.05,296,290
184.11,300,302
184.11,312,313
184.11,320,319
184.11,286,288
184.11,333,336
184.11,313,310
184.12,335,339
184.17,319,308
184.17,277,282
184.17,322,319
184.17,309,311
184.17,317,311
184.18,285,285
184.19,322,322
184.24,295,296
184.24,325,329
184.24,334,336
184.24,315,313
184.24,319,319
184.24,329,328
184.25,314,312
184.31,333,334
184.31,311,306
184.31,324,325
184.31,311,305
184.31,305,310
184.31,303,299
184.32,315,322
184.38,332,327
184.38,315,316
184.38,336,334
184.38,319,321
184.38,338,336
184.38,294,292
184.38,347,350
184.44,301,300
184.44,328,329
184.44,300,302
184.44,337,336
184.44,303,301
184.44,333,335
184.45,329,324
184.5,329,334
184.5,327,322
184.5,316,320
184.5,321,320
184.5,321,326
184.5,334,329
184.51,305,306
184.56,344,347
184.56,313,310
184.56,311,310
184.56,302,302
184.56,324,324
184.57,305,305
184.58,322,325
184.64,320,320
184.64,334,336
184.64,345,338
184.64,318,324
184.64,336,329
184.64,337,346
184.64,364,357
184.7,322,320
184.7,327,325
184.7,309,316
184.7,367,362
184.7,309,305
184.71,320,321
184.71,309,307
184.77,328,332
184.77,314,311
184.77,324,326
184.77,322,319
184.77,309,313
184.77,315,311
184.77,316,319
184.83,330,325
184.83,299,300
184.83,322,321
184.83,300,299
184.83,328,328
184.83,303,299
184.84,331,331
184.91,313,307
184.91,327,330
184.91,295,292
184.91,327,326
184.91,313,311
184.91,304,306
184.91,321,317
184.97,299,299
184.97,313,313
184.97,308,309
184.97,325,324
184.97,289,288
184.97,312,314
184.97,313,313
185.03,330,331
185.03,319,316
185.03,320,321
185.03,304,303
185.03,337,340
185.03,311,303
185.04,328,329
185.09,316,312
185.09,303,305
185.09,312,311
185.09,308,309
185.09,308,308
185.09,310,310
185.1,318,314
185.15,298,298
185.15,333,333
185.15,296,294
185.15,322,324
185.15,322,322
185.16,323,321
185.17,338,339
185.23,324,325
185.23,310,307
185.23,309,314
185.23,305,301
185.23,321,329
185.23,342,336
185.23,286,289
185.3,333,331
185.3,341,343
185.3,342,337
185.3,307,308
185.3,326,324
185.3,301,296
185.3,333,335
185.36,307,299
185.36,305,309
185.36,336,332
185.36,311,315
185.36,318,313
185.36,301,304
185.36,315,313
185.42,301,300
185.42,300,300
185.42,299,300
185.42,314,316
185.42,321,323
185.42,326,325
185.43,307,302
185.48,317,319
185.48,301,298
185.48,326,330
185.48,331,328
185.48,309,311
185.49,320,317
185.5,325,327
185.56,314,307
185.56,320,322
185.56,322,319
185.56,312,314
185.56,316,318
185.56,313,314
185.56,325,322
185.62,309,313
185.62,329,329
185.62,319,318
185.62,322,325
185.62,314,314
185.62,328,328
185.63,303,301
185.69,319,323
185.69,337,333
185.69,326,328
185.69,329,326
185.69,331,330
185.69,321,318
185.69,305,310
185.75,347,344
185.75,323,328
185.75,367,360
185.75,308,308
185.75,351,352
185.75,320,320
185.76,329,329
185.81,327,325
185.81,320,324
185.81,324,324
185.81,335,335
185.81,333,332
185.82,350,348
185.82,317,313
185.89,342,347
185.89,323,315
185.89,289,294
185.89,321,320
185.89,327,334
185.89,355,350
185.89,308,306
185.95,331,330
185.95,326,325
185.95,327,328
185.95,321,320
185.95,352,356
185.95,346,339
185.95,324,326
186.01,342,335
186.01,308,311
186.01,334,332
186.01,317,319
186.01,344,344
186.01,315,312
186.02,319,316
186.08,299,297
186.08,322,320
186.08,299,298
186.08,332,332
186.08,335,332
186.08,308,306
186.09,304,305
186.14,323,325
186.14,311,305
186.14,300,306
186.14,326,320
186.14,301,308
186.14,336,329
186.15,294,295
186.22,323,323
186.22,311,310
186.22,327,325
186.22,300,298
186.22,319,318
186.22,313,313
186.22,318,318
186.28,297,296
186.28,330,331
186.28,304,300
186.28,298,304
186.28,291,290
186.28,336,344
186.28,333,325
186.34,319,324
186.34,328,319
186.34,309,314
186.34,343,341
186.34,280,276
186.34,304,309
186.35,319,316
186.4,315,316
186.4,315,314
186.4,334,340
186.4,342,338
186.4,309,309
186.41,334,335
186.41,319,320
186.47,315,308
186.47,327,333
186.47,314,305
186.47,293,297
186.47,322,319
186.47,287,286
186.48,308,311
186.53,306,307
186.53,328,328
186.53,316,319
186.53,356,354
186.53,307,303
186.54,339,342
186.54,321,314
186.61,316,320
186.61,336,333
186.61,330,331
186.61,325,324
186.61,321,321
186.61,329,323
186.61,297,301
186.67,334,333
186.67,307,306
186.67,319,317
186.67,319,319
186.67,325,323
186.67,289,288
186.68,326,329
186.74,316,313
186.74,314,315
186.74,302,298
186.74,326,333
186.74,346,335
186.74,284,289
186.74,308,306
186.8,308,313
186.8,328,322
186.8,313,320
186.8,365,361
186.8,321,317
186.8,365,368
186.81,349,342
186.86,329,327
186.86,322,321
186.86,333,334
186.86,321,318
186.86,336,343
186.86,338,331
186.87,319,321
186.92,344,342
186.92,327,330
186.92,330,326
186.92,317,320
186.92,345,340
186.93,306,312
186.94,350,348
187.0,318,315
187.0,330,334
187.0,345,343
187.0,322,325
187.0,339,334
187.0,303,308
187.0,318,316
187.07,299,301
187.07,309,307
187.07,307,312
187.07,335,330
187.07,310,310
187.07,337,335
187.07,317,315
187.13,328,328
187.13,319,318
187.13,332,333
187.13,315,312
187.13,335,341
187.13,329,321
187.13,311,313
187.19,332,335
187.19,322,318
187.19,312,311
187.19,329,333
187.19,328,322
187.19,318,322
187.2,334,324
187.26,295,297
187.26,338,336
187.26,298,298
187.26,320,318
187.26,308,306
187.26,331,333
187.27,330,328
187.32,321,323
187.32,330,327
187.32,335,339
187.32,327,319
187.32,297,300
187.32,316,315
187.33,327,330
187.38,347,338
187.38,302,306
187.38,335,332
187.38,306,307
187.38,333,332
187.39,309,308
187.4,327,329
187.46,319,319
187.46,336,337
187.46,326,323
187.46,334,336
187.46,332,327
187.46,346,350
187.46,324,322
187.52,349,350
187.52,365,364
187.52,339,340
187.52,304,297
187.52,292,296
187.52,327,327
187.53,290,288
187.58,328,329
187.58,294,293
187.58,328,329
187.58,316,316
187.58,322,324
187.58,314,313
187.59,329,328
187.65,327,325
187.65,323,326
187.65,314,309
187.65,332,334
187.65,324,322
187.65,314,314
187.66,334,331
187.71,325,324
187.71,335,334
187.71,342,348
187.71,328,325
187.71,311,310
187.72,318,319
187.72,322,324
187.79,345,343
187.79,316,313
187.79,319,321
187.79,332,326
187.79,299,300
187.79,313,311
187.79,317,321
187.85,346,342
187.85,325,322
187.85,317,315
187.85,328,326
187.85,339,337
187.85,329,324
187.86,325,326
187.91,330,327
187.91,338,342
187.91,333,328
187.91,323,324
187.91,323,318
187.91,323,323
187.92,320,315
187.98,303,307
187.98,341,340
187.98,301,303
187.98,335,335
187.98,330,329
187.98,334,336
187.99,345,343
188.04,319,319
188.04,304,301
188.04,318,318
188.04,288,290
188.04,327,326
188.04,310,308
188.05,298,301
188.1,309,310
188.1,327,329
188.1,301,296
188.1,317,321
188.1,332,328
188.11,315,319
188.12,333,330
188.18,314,317
188.18,318,318
188.18,297,295
188.18,328,330
188.18,289,286
188.18,334,340
188.18,314,308
188.24,327,328
188.24,320,315
188.24,330,337
188.24,342,339
188.24,329,326
188.24,344,342
188.25,347,346
188.31,320,311
188.31,298,300
188.31,327,326
188.31,294,295
188.31,323,324
188.31,315,313
188.31,327,324
188.37,301,299
188.37,329,327
188.37,302,301
188.37,329,333
188.37,329,325
188.37,350,348
188.38,334,329
188.43,328,332
188.43,324,316
188.43,292,299
188.43,333,330
188.43,305,306
188.44,338,339
188.44,320,318
188.51,328,330
188.51,335,330
188.51,320,321
188.51,333,333
188.51,333,331
188.51,326,326
188.51,340,341
188.57,336,333
188.57,322,330
188.57,353,346
188.57,306,310
188.57,318,316
188.57,318,323
188.58,360,362
188.63,328,324
188.63,320,322
188.63,316,314
188.63,327,327
188.63,309,307
188.63,316,320
188.64,307,302
188.7,297,299
188.7,285,283
188.7,298,298
188.7,296,294
188.7,306,307
188.7,315,310
188.71,295,299
188.76,323,320
188.76,299,300
188.76,300,304
188.76,291,292
188.76,314,316
188.76,311,309
188.77,345,341
188.84,298,291
188.84,301,304
188.84,302,300
188.84,314,315
188.84,322,323
188.84,331,330
188.84,319,315
188.9,312,312
188.9,322,323
188.9,301,300
188.9,308,314
188.9,341,341
188.9,355,355
188.9,323,316
188.96,341,344
188.96,314,312
188.96,312,314
188.96,306,304
188.96,299,304
188.96,341,337
188.97,319,317
189.03,318,316
189.03,312,312
189.03,336,333
189.03,322,322
189.03,342,340
189.03,318,317
189.03,335,333
189.09,314,310
189.09,329,335
189.09,320,314
189.09,343,344
189.09,314,313
189.09,333,339
189.1,348,344
189.15,343,346
189.15,351,346
189.15,282,281
189.15,315,315
189.15,301,300
189.16,308,311
189.17,315,316
189.23,317,316
189.23,290,286
189.23,287,286
189.23,296,297
189.23,316,317
189.23,305,307
189.23,318,317
189.29,303,304
189.29,316,316
189.29,309,310
189.29,337,339
189.29,322,315
189.29,340,347
189.3,349,342
189.35,299,300
189.35,332,334
189.35,321,319
189.35,319,317
189.35,313,311
189.35,323,324
189.36,321,321
189.41,316,315
189.41,314,315
189.42,329,332
189.42,321,319
189.42,312,311
189.42,302,301
189.43,325,326
189.49,317,313
189.49,308,313
189.49,320,314
189.49,299,303
189.49,322,320
189.49,313,313
189.49,338,340
189.55,310,307
189.56,329,328
189.56,327,328
189.56,337,337
189.56,306,305
189.56,330,334
189.56,332,330
189.62,322,323
189.62,346,342
189.62,321,324
189.62,368,365
189.62,333,328
189.62,321,322
189.62,325,326
189.68,350,347
189.68,297,298
189.68,355,353
189.68,310,310
189.68,336,334
189.68,311,309
189.69,333,337
189.74,333,328
189.74,310,311
189.74,315,317
189.74,333,333
189.74,342,337
189.75,326,331
189.76,357,347
189.81,301,304
189.81,338,335
189.81,312,311
189.81,335,337
189.81,327,324
189.81,327,332
189.82,313,306
189.88,328,329
189.88,329,324
189.88,313,313
189.88,313,314
189.88,311,313
189.88,312,309
189.89,294,301
189.95,330,325
189.95,300,305
189.95,335,333
189.95,306,304
189.95,319,322
189.95,328,329
189.95,356,359
190.01,328,320
190.01,324,324
190.01,315,314
190.01,317,315
190.01,306,307
190.01,344,348
190.02,330,322
190.07,330,334
190.07,337,330
190.07,313,317
190.07,332,330
190.07,335,339
190.07,337,330
190.08,313,315
190.13,335,337
190.13,325,323
190.13,358,358
190.13,323,316
190.13,323,326
190.14,309,307
190.15,317,317
190.21,325,325
190.21,322,324
190.21,356,354
190.21,365,367
190.21,321,314
190.21,311,317
190.21,340,343
190.27,321,315
190.27,316,319
190.27,331,331
190.27,333,333
190.27,307,304
190.28,316,318
190.28,313,313
190.29,321,323
190.3,314,311
190.31,315,316
190.37,305,302
190.37,345,349
190.37,315,306
190.37,305,311
190.37,326,319
190.37,297,300
190.37,319,315
190.43,294,296
190.43,318,320
190.43,309,307
190.43,362,363
190.43,324,321
190.43,301,297
190.44,296,300
190.49,330,331
190.49,297,293
190.49,323,324
190.49,315,310
190.49,311,313
190.5,320,318
190.51,302,306
190.56,330,331
190.56,316,317
190.56,353,357
190.56,333,328
190.56,338,340
190.56,310,306
190.57,340,341
190.63,318,315
190.63,336,341
190.63,333,329
190.63,334,337
190.63,342,337
190.63,324,328
190.64,353,347
190.69,315,316
190.69,319,312
190.69,289,296
190.69,334,327
190.69,292,295
190.69,333,335
190.7,324,320
190.76,330,328
190.76,292,289
190.76,314,317
190.76,288,285
190.76,303,303
190.76,301,298
190.77,291,290
190.82,312,314
190.82,306,303
190.82,334,337
190.82,331,331
190.82,340,333
190.82,295,294
190.83,304,302
190.88,316,318
190.88,317,311
190.88,287,293
190.88,361,363
190.88,310,300
190.89,305,311
190.9,318,318
190.96,313,312
190.96,298,296
190.96,301,304
190.96,306,305
190.96,316,319
190.96,338,337
190.96,306,307
191.02,365,362
191.02,295,293
191.02,319,325
191.02,333,327
191.02,331,329
191.02,310,310
191.03,323,322
191.08,297,294
191.08,313,313
191.09,310,310
191.09,345,345
191.09,310,308
191.09,329,331
191.09,329,324
191.15,320,324
191.15,330,328
191.15,343,347
191.15,333,334
191.15,354,357
191.15,334,327
191.16,274,278
191.22,321,327
191.22,336,331
191.22,337,339
191.22,302,297
191.22,309,312
191.22,300,297
191.23,304,310
191.29,318,311
191.29,317,324
191.29,315,310
191.29,301,304
191.29,323,320
191.29,301,301
191.29,320,321
191.35,304,302
191.35,347,352
191.35,312,310
191.35,360,364
191.35,347,341
191.35,332,335
191.36,346,345
191.41,323,319
191.41,308,307
191.41,323,325
191.41,329,325
191.41,300,304
191.41,326,323
191.42,319,323
191.47,348,345
191.47,307,304
191.47,318,320
191.47,311,311
191.47,354,356
191.48,322,315
191.49,311,314
191.55,317,315
191.55,325,327
191.55,332,328
191.55,323,324
191.55,300,299
191.55,332,337
191.55,329,320
191.61,292,300
191.61,376,376
191.61,337,331
191.61,350,350
191.61,305,302
191.61,330,333
191.62,327,322
191.68,331,333
191.68,326,325
191.68,348,354
191.68,337,332
191.68,316,319
191.68,322,325
191.68,342,342
191.74,312,306
191.74,315,324
191.74,333,327
191.74,309,313
191.74,328,322
191.74,290,291
191.75,300,298
191.82,289,290
191.82,303,302
191.82,282,280
191.82,296,299
191.82,300,298
191.82,300,305
191.82,294,290
191.88,295,304
191.88,308,298
191.88,287,292
191.88,309,307
191.88,295,298
191.88,336,334
191.88,311,313
191.94,332,331
191.94,292,292
191.94,332,335
191.94,318,314
191.94,340,343
191.94,317,310
191.95,305,306
192.0,323,331
192.0,358,356
192.0,321,314
192.0,309,314
192.0,309,305
192.0,328,331
192.01,325,316
192.06,288,292
192.06,316,309
192.06,291,297
192.06,322,319
192.06,304,306
192.07,321,317
192.08,297,298
192.14,324,324
192.14,317,317
192.14,303,304
192.14,297,300
192.14,310,312
192.14,309,305
192.14,310,313
192.2,308,304
192.2,310,312
192.2,318,312
192.2,309,312
192.2,344,345
192.2,308,304
192.21,323,327
192.27,328,328
192.27,347,346
192.27,302,299
192.27,344,345
192.27,337,337
192.27,368,368
192.27,319,315
192.33,312,316
192.33,325,322
192.33,303,303
192.33,323,319
192.33,313,319
192.33,327,322
192.34,303,305
192.39,331,332
192.39,316,312
192.39,350,355
192.39,352,349
192.39,350,350
192.4,326,325
192.41,346,347
192.47,321,319
192.47,338,337
192.47,331,328
192.47,355,357
192.47,327,320
192.47,331,334
192.47,337,330
192.53,324,325
192.53,337,336
192.53,313,314
192.53,341,344
192.53,308,304
192.53,335,334
192.54,299,298
192.59,337,343
192.59,325,322
192.59,322,321
192.59,307,304
192.59,321,321
192.59,339,344
192.6,332,325
192.66,304,301
192.66,336,339
192.66,346,343
192.66,320,320
192.66,324,323
192.66,336,337
192.67,341,335
192.72,318,319
192.72,318,316
192.72,303,302
192.72,330,329
192.72,298,293
192.73,309,312
192.73,298,295
192.8,315,320
192.8,325,322
192.8,289,288
192.8,331,330
192.8,307,306
192.8,319,316
192.8,307,306
192.86,348,349
192.86,319,315
192.86,325,325
192.86,296,294
192.86,315,318
192.86,305,300
192.86,308,310
192.92,323,319
192.92,331,332
192.92,349,346
192.92,332,335
192.92,327,322
192.92,315,319
192.93,339,336
192.98,309,311
192.98,328,328
192.98,312,310
192.98,344,347
192.98,323,317
192.99,338,338
193.0,330,334
193.05,363,363
193.05,332,330
193.05,316,319
193.05,338,331
193.05,317,323
193.05,340,339
193.06,324,326
193.12,345,342
193.12,322,326
193.12,350,344
193.12,303,302
193.12,326,326
193.12,326,325
193.13,319,318
193.19,304,302
193.19,322,320
193.19,291,290
193.19,326,328
193.19,300,295
193.19,328,331
193.19,315,311
193.25,312,317
193.25,332,326
193.25,306,310
193.25,338,336
193.25,331,325
193.25,329,332
193.26,321,321
193.31,333,332
193.31,312,313
193.31,333,337
193.31,342,334
193.31,306,304
193.31,300,304
193.32,327,327
193.37,312,308
193.37,335,337
193.37,311,307
193.37,330,334
193.37,339,331
193.38,323,326
193.39,333,331
193.45,321,318
193.45,322,322
193.45,318,318
193.45,324,323
193.45,287,281
193.45,306,307
193.45,319,318
193.51,317,316
193.51,308,306
193.51,302,307
193.51,322,315
193.51,303,304
193.51,310,307
193.52,307,310
193.58,347,342
193.58,314,320
193.58,376,372
193.58,321,315
193.58,325,330
193.58,308,306
193.59,320,322
193.64,300,299
193.64,302,302
193.64,312,311
193.64,303,305
193.64,319,314
193.64,307,315
193.65,325,320
193.7,321,325
193.7,329,326
193.7,316,316
193.7,324,324
193.7,302,303
193.71,321,320
193.72,307,306
193.78,331,333
193.78,318,316
193.78,343,340
193.78,296,291
193.78,304,309
193.78,319,315
193.78,299,300
193.84,306,303
193.84,321,324
193.84,335,332
193.84,331,334
193.84,355,351
193.84,332,330
193.85,317,313
193.9,308,312
193.9,333,329
193.9,306,308
193.9,324,320
193.91,310,316
193.91,330,328
193.91,332,331
193.97,319,320
193.97,288,283
193.97,291,299
193.97,318,313
193.97,305,307
193.97,304,300
193.98,304,308
194.03,334,326
194.03,303,304
194.03,335,336
194.03,314,311
194.03,315,316
194.04,337,339
194.04,331,330
194.11,322,319
194.11,330,329
194.11,300,295
194.11,302,307
194.11,331,324
194.11,320,323
194.11,332,328
194.17,324,324
194.17,344,346
194.17,347,348
194.17,359,358
194.17,340,333
194.17,333,337
194.17,311,304
194.23,327,330
194.23,308,307
194.23,313,315
194.23,308,308
194.23,331,333
194.23,315,312
194.24,342,340
194.3,318,317
194.3,340,343
194.3,338,331
194.3,327,334
194.3,351,343
194.3,285,287
194.31,332,333
194.36,291,284
194.36,307,315
194.36,328,320
194.36,296,298
194.36,311,310
194.36,300,302
194.37,296,295
194.44,327,328
194.44,323,317
194.44,306,311
194.44,334,331
194.44,322,326
194.44,325,324
194.44,321,320
194.5,323,321
194.5,302,304
194.5,347,350
194.5,294,292
194.5,331,331
194.5,332,333
194.5,322,323
194.56,320,318
194.56,323,324
194.56,323,320
194.56,356,360
194.56,332,328
194.56,302,299
194.57,307,310
194.63,297,297
194.63,309,305
194.63,306,313
194.63,350,345
194.63,322,323
194.63,341,343
194.63,339,335
194.69,313,311
194.69,308,310
194.69,317,317
194.69,297,295
194.69,302,308
194.69,325,323
194.7,326,328
194.75,321,317
194.75,330,335
194.75,358,353
194.75,300,298
194.75,299,299
194.76,313,312
194.76,322,324
194.83,321,318
194.83,337,340
194.83,302,298
194.83,334,332
194.83,303,298
194.83,305,312
194.83,326,321
194.89,305,309
194.89,312,310
194.89,320,325
194.89,332,326
194.89,307,307
194.89,304,303
194.9,317,318
194.95,328,325
194.95,295,294
194.95,330,336
194.95,320,312
194.95,315,318
194.95,326,324
194.96,325,328
195.01,319,315
195.01,327,330
195.01,335,333
195.01,313,312
195.01,335,334
195.02,329,330
195.03,324,319
195.09,301,299
195.09,317,315
195.09,302,300
195.09,315,318
195.09,329,324
195.09,314,316
195.09,301,301
195.15,307,305
195.15,319,321
195.15,336,336
195.15,309,304
195.15,305,308
195.15,320,317
195.16,320,326
195.22,328,320
195.22,299,306
195.22,329,323
195.22,301,305
195.22,335,331
195.22,291,287
195.22,328,330
195.28,304,298
195.28,300,301
195.28,302,302
195.28,303,303
195.28,315,316
195.28,312,310
195.29,286,284
195.35,304,307
195.35,316,316
195.35,313,315
195.35,327,321
195.35,313,317
195.35,342,338
195.35,309,307
195.41,358,363
195.41,348,343
195.41,320,321
195.41,319,315
195.41,338,343
195.41,326,321
195.42,327,330
195.47,322,320
195.47,347,349
195.47,324,318
195.47,304,305
195.47,308,306
195.48,288,292
195.49,339,340
195.55,307,303
195.55,311,315
195.55,312,309
195.55,313,313
195.55,311,314
195.55,327,326
195.55,307,305
195.61,321,320
195.61,327,325
195.61,338,338
195.61,331,327
195.61,334,335
195.61,340,337
195.62,342,343
195.67,333,333
195.67,376,380
195.67,328,320
195.67,313,324
195.67,361,358
195.67,345,342
195.68,337,334
195.73,309,309
195.73,362,366
195.73,338,335
195.73,334,336
195.73,340,341
195.74,322,320
195.75,324,324
195.81,328,330
195.81,325,319
195.81,321,325
195.81,340,336
195.81,305,305
195.81,340,339
195.81,309,305
195.87,320,322
195.87,301,303
195.87,337,335
195.87,318,319
195.87,339,334
195.87,291,289
195.88,339,347
195.93,326,314
195.93,301,306
195.93,335,335
195.93,341,341
195.93,312,308
195.94,300,302
195.94,323,319
196.0,309,313
196.0,348,344
196.0,311,309
196.0,315,315
196.0,301,301
196.0,338,340
196.01,309,300
196.07,307,310
196.07,318,317
196.07,308,309
196.07,307,306
196.07,335,341
196.07,338,331
196.08,317,321
196.14,336,333
196.14,312,316
196.14,344,344
196.14,328,323
196.14,347,352
196.14,338,329
196.14,324,327
196.2,329,327
196.2,342,341
196.2,308,309
196.2,334,334
196.2,320,319
196.2,329,328
196.21,317,311
196.26,324,328
196.26,328,324
196.26,327,332
196.26,334,331
196.26,301,305
196.26,338,337
196.27,300,297
196.32,310,312
196.32,298,300
196.32,314,314
196.32,309,311
196.32,327,324
196.33,324,324
196.34,336,336
196.4,324,315
196.4,298,301
196.4,304,301
196.4,317,323
196.4,327,319
196.4,302,306
196.4,360,360
196.46,350,344
196.46,317,314
196.46,298,296
196.46,304,307
196.46,311,309
196.46,311,315
196.47,338,337
196.53,315,314
196.53,310,306
196.53,330,334
196.53,335,328
196.53,300,306
196.53,329,323
196.53,308,310
196.59,344,344
196.59,325,324
196.59,338,335
196.59,298,297
196.59,311,309
196.59,319,314
196.6,305,307
196.65,312,309
196.65,301,303
196.65,330,332
196.65,320,317
196.65,298,302
196.66,309,306
196.67,293,292
196.73,332,337
196.73,324,324
196.73,312,312
196.73,341,336
196.73,290,289
196.73,312,317
196.73,320,320
196.79,335,333
196.79,301,299
196.79,338,342
196.79,339,337
196.79,368,372
196.79,335,330
196.8,325,325
196.85,319,317
196.85,318,317
196.85,302,299
196.85,312,318
196.85,324,320
196.85,289,288
196.86,323,324
196.91,302,301
196.91,308,309
196.91,304,304
196.91,323,325
196.91,302,300
196.92,312,313
196.93,294,294
196.99,314,311
196.99,288,285
196.99,314,317
196.99,307,305
196.99,343,345
196.99,311,308
196.99,337,340
197.05,328,327
197.05,331,331
197.05,312,312
197.05,300,298
197.05,330,334
197.05,356,355
197.06,331,333
197.11,336,331
197.12,316,316
197.12,299,295
197.12,305,311
197.12,299,296
197.12,306,310
197.12,339,336
197.18,312,314
197.18,316,313
197.18,327,331
197.18,341,337
197.18,322,326
197.18,354,353
197.19,310,304
197.25,353,357
197.25,323,318
197.25,322,325
197.25,330,325
197.25,310,311
197.25,324,326
197.25,335,337
197.32,306,302
197.32,317,321
197.32,330,325
197.32,303,305
197.32,323,319
197.32,349,351
197.32,335,329
197.38,307,310
197.38,362,363
197.38,318,311
197.38,313,314
197.38,320,319
197.38,330,336
197.39,350,349
197.44,326,322
197.44,323,320
197.44,322,322
197.44,313,312
197.44,297,299
197.44,316,310
197.45,301,305
197.5,344,343
197.5,309,309
197.5,343,342
197.5,313,312
197.5,329,325
197.51,295,296
197.52,325,327
197.58,308,306
197.58,332,338
197.58,320,315
197.58,318,320
197.58,322,322
197.58,357,360
197.58,323,312
197.64,311,312
197.64,304,299
197.64,278,284
197.64,325,323
197.64,307,306
197.64,325,325
197.65,340,339
197.71,316,315
197.71,326,327
197.71,330,330
197.71,332,333
197.71,337,335
197.71,331,333
197.71,339,339
197.77,327,324
197.77,333,337
197.77,351,344
197.77,309,313
197.77,341,339
197.77,322,328
197.78,361,362
197.83,342,340
197.83,317,314
197.83,329,334
197.83,363,357
197.83,296,297
197.84,349,357
197.84,343,331
197.91,301,306
197.91,326,316
197.91,312,323
197.91,344,338
197.91,324,324
197.91,321,320
197.91,317,315
197.97,337,335
197.97,306,304
197.97,321,324
197.97,323,322
197.97,334,334
197.97,328,327
197.98,335,340
198.03,334,327
198.03,302,307
198.03,325,322
198.03,325,331
198.03,348,345
198.03,318,316
198.05,333,330
198.05,323,322
198.06,322,317
198.07,322,326
198.13,351,348
198.13,306,304
198.13,328,330
198.13,306,303
198.13,311,314
198.13,321,324
198.14,351,349
198.19,304,298
198.19,306,306
198.19,291,291
198.19,307,309
198.19,310,307
198.19,303,304
198.2,302,300
198.25,283,287
198.25,304,302
198.25,286,285
198.25,326,326
198.25,289,285
198.26,316,319
198.27,299,293
198.33,314,321
198.33,338,336
198.33,346,350
198.33,302,298
198.33,280,285
198.33,309,303
198.33,291,296
198.39,324,324
198.39,310,308
198.39,318,315
198.39,297,299
198.39,334,336
198.39,315,313
198.4,318,318
198.45,293,295
198.45,335,337
198.45,312,306
198.45,308,309
198.45,294,289
198.45,302,308
198.46,328,322
198.52,301,301
198.52,324,320
198.52,328,330
198.52,339,332
198.52,304,308
198.52,335,332
198.53,295,296
198.59,337,339
198.59,312,312
198.59,337,335
198.59,313,312
198.59,322,322
198.59,316,313
198.59,316,319
198.66,318,319
198.66,348,350
198.66,320,309
198.66,300,305
198.66,330,327
198.66,299,303
198.66,335,331
198.72,305,302
198.72,318,320
198.72,333,332
198.72,315,314
198.72,300,303
198.72,340,343
198.73,323,321
198.78,343,342
198.78,322,321
198.78,278,278
198.78,310,309
198.78,292,295
198.78,318,318
198.79,307,305
198.84,311,313
198.84,304,305
198.84,311,313
198.84,305,306
198.84,324,324
198.85,293,288
198.86,309,312
198.92,300,298
198.92,323,324
198.92,307,305
198.92,331,331
198.92,314,311
198.92,327,329
198.92,334,327
198.98,321,326
198.98,339,338
198.98,304,308
198.98,318,317
198.98,294,296
198.98,350,348
198.99,297,295
199.04,313,317
199.04,305,303
199.04,311,311
199.04,311,309
199.04,318,320
199.04,324,321
199.05,323,324
199.11,340,341
199.11,330,331
199.11,339,336
199.11,311,312
199.11,335,337
199.11,320,324
199.12,350,349
199.18,335,333
199.18,338,335
199.18,342,343
199.18,346,342
199.18,312,309
199.18,354,360
199.18,341,340
199.24,349,349
199.24,319,312
199.24,334,338
199.25,329,326
199.25,314,312
199.25,320,319
199.25,308,311
199.31,331,328
199.31,302,305
199.31,351,352
199.31,342,340
199.31,362,357
199.31,296,299
199.32,367,368
199.37,331,326
199.37,316,316
199.37,339,335
199.37,317,317
199.37,335,335
199.37,318,316
199.38,297,298
199.43,319,322
199.43,328,324
199.43,306,310
199.43,340,338
199.43,313,315
199.44,322,322
199.45,336,334
199.51,339,340
199.51,338,333
199.51,336,342
199.51,331,327
199.51,337,342
199.51,347,343
199.51,333,336
199.57,332,327
199.57,334,341
199.57,334,326
199.57,323,329
199.57,341,334
199.57,304,312
199.58,342,340
199.63,325,324
199.63,345,342
199.63,314,313
199.63,334,330
199.63,295,298
199.63,353,355
199.64,344,343
199.69,346,347
199.69,325,320
199.69,310,313
199.69,317,315
199.69,307,303
199.7,305,306
199.71,321,324
199.77,339,335
199.77,329,333
199.77,330,326
199.77,292,289
199.77,342,345
199.77,312,309
199.77,317,318
199.83,309,304
199.83,304,304
199.83,287,286
199.83,320,325
199.83,318,315
199.83,314,320
199.84,353,350
199.9,332,330
199.9,332,332
199.9,323,323
199.9,331,332
199.9,296,291
199.9,313,319
199.91,305,300
199.96,330,336
199.96,342,343
199.96,333,334
199.96,331,326
199.96,355,355
199.96,316,311
199.97,321,326
200.02,325,316
200.02,290,296
200.02,316,314
200.02,287,292
200.02,333,329
200.03,302,304
200.04,337,342
200.1,334,330
200.1,313,312
200.1,301,301
200.1,318,321
200.1,317,314
200.1,305,307
200.1,307,306
200.16,307,309
200.16,316,312
200.16,302,306
200.16,313,305
200.16,295,299
200.16,325,321
200.17,308,312
200.23,333,334
200.23,312,312
200.23,302,303
200.23,293,292
200.23,313,310
200.23,310,313
200.23,326,327
200.29,328,330
200.29,311,311
200.29,298,295
200.29,324,326
200.29,305,302
200.29,335,336
200.3,321,321
200.35,347,350
200.35,327,320
200.35,290,296
200.35,349,343
200.35,311,311
200.36,360,357
200.36,297,298
200.42,324,320
200.42,302,302
200.42,316,316
200.42,321,321
200.42,326,328
200.42,322,319
200.43,308,309
200.49,321,319
200.49,333,332
200.49,321,318
200.49,313,314
200.49,332,336
200.49,323,319
200.49,317,322
200.56,320,319
200.56,331,328
200.56,311,312
200.56,320,323
200.56,312,308
200.56,305,311
200.56,326,324
200.62,311,311
200.62,336,336
200.62,316,313
200.62,304,302
200.62,304,309
200.62,317,313
200.63,315,317
200.68,325,320
200.68,310,312
200.68,317,316
200.68,328,330
200.68,324,325
200.68,326,327
200.69,347,345
200.74,331,325
200.74,324,326
200.74,341,335
200.74,318,322
200.74,331,328
200.75,328,330
200.76,337,336
200.82,336,335
200.82,335,331
200.82,321,320
200.82,331,332
200.82,302,300
200.82,325,331
200.82,314,311
200.88,310,313
200.88,342,343
200.88,356,354
200.88,301,297
200.88,321,326
200.88,320,314
200.89,293,297
200.94,324,324
200.94,312,314
200.94,320,317
200.94,307,308
200.94,332,335
200.95,311,308
200.95,332,334
201.01,307,306
201.01,325,323
201.01,302,300
201.01,306,304
201.01,284,284
201.01,319,322
201.02,315,312
201.08,304,309
201.08,307,305
201.08,308,307
201.08,305,301
201.08,292,295
201.08,324,322
201.08,311,312
201.14,347,345
201.14,302,304
201.14,341,339
201.14,305,303
201.14,299,296
201.14,303,304
201.15,328,330
201.21,311,306
201.21,323,325
201.21,311,305
201.21,322,325
201.21,320,315
201.21,304,306
201.22,309,304
201.27,289,292
201.27,333,334
201.27,315,312
201.27,330,336
201.27,345,343
201.27,346,346
201.28,317,311
201.35,299,304
201.35,323,325
201.35,326,323
201.35,313,310
201.35,307,308
201.35,300,295
201.35,283,286
201.41,294,290
201.41,296,294
201.41,318,322
201.41,332,330
201.41,311,306
201.41,288,291
201.41,311,308
201.47,295,295
201.47,314,315
201.47,298,298
201.47,309,308
201.47,312,311
201.47,318,321
201.48,316,313
201.53,334,339
201.53,323,314
201.53,310,312
201.53,340,339
201.53,311,307
201.54,344,351
201.54,334,330
201.6,328,325
201.6,319,320
201.6,344,344
201.6,316,313
201.6,325,326
201.6,322,321
201.61,336,340
201.66,348,345
201.66,339,344
201.66,349,344
201.66,334,334
201.66,339,340
201.67,351,351
201.67,333,329
201.74,321,324
201.74,366,366
201.74,311,310
201.74,341,343
201.74,320,316
201.74,329,330
201.74,320,319
201.8,339,340
201.8,336,331
201.8,331,334
201.8,335,331
201.8,335,342
201.8,349,343
201.81,329,328
201.86,359,352
201.86,309,310
201.86,349,346
201.86,316,314
201.86,339,338
201.86,331,330
201.87,327,326
201.92,303,307
201.92,335,333
201.92,320,317
201.92,332,336
201.92,333,333
201.93,350,350
201.94,323,321
202.0,333,333
202.0,313,308
202.0,291,294
202.0,310,307
202.0,285,288
202.0,323,328
202.0,330,328
202.06,335,333
202.06,307,308
202.06,333,333
202.06,319,320
202.06,344,342
202.06,323,321
202.07,325,330
202.13,321,314
202.13,307,309
202.13,316,309
202.13,296,301
202.13,331,327
202.13,302,302
202.13,318,315
202.19,300,302
202.19,358,359
202.19,328,327
202.19,338,337
202.19,314,308
202.19,297,300
202.2,309,307
202.25,315,314
202.25,298,297
202.25,300,302
202.25,318,319
202.25,323,324
202.26,325,320
202.26,317,319
202.32,318,315
202.32,304,301
202.32,309,309
202.32,294,294
202.32,337,338
202.32,293,291
202.33,316,320
202.39,304,301
202.39,314,318
202.39,324,320
202.39,310,312
202.39,319,317
202.39,322,322
202.4,308,308
202.46,311,313
202.46,313,312
202.46,305,306
202.46,330,333
202.46,314,315
202.46,329,328
202.46,299,299
202.52,313,313
202.52,313,313
202.52,320,320
202.52,305,303
202.52,312,315
202.52,301,299
202.53,313,316
202.58,328,325
202.58,316,321
202.58,328,323
202.58,297,299
202.58,355,356
202.58,315,315
202.59,349,347
202.64,301,302
202.64,325,325
202.64,320,316
202.64,332,339
202.64,338,333
202.65,346,350
202.66,330,326
202.72,324,326
202.72,318,314
202.72,307,311
202.72,335,332
202.72,339,338
202.72,326,323
202.72,319,319
202.78,345,343
202.78,311,312
202.78,349,349
202.78,321,317
202.78,335,336
202.78,348,354
202.79,339,338
202.85,323,320
202.85,336,338
202.85,331,327
202.85,325,327
202.85,332,327
202.85,324,334
202.85,354,344
202.91,307,310
202.91,331,330
202.91,317,315
202.91,335,336
202.91,310,308
202.91,326,324
202.92,310,311
202.98,312,312
202.98,307,305
202.98,325,324
202.98,303,302
202.98,323,326
202.98,322,318
202.98,314,319
203.05,335,328
203.05,301,302
203.05,340,340
203.05,331,332
203.05,339,340
203.05,319,315
203.05,339,340
203.11,304,304
203.11,348,348
203.11,291,288
203.11,322,324
203.11,311,307
203.11,307,309
203.12,341,337
203.17,315,316
203.17,337,334
203.17,304,306
203.17,335,333
203.17,326,328
203.17,336,331
203.18,306,305
203.25,334,330
203.25,298,299
203.25,330,332
203.25,306,309
203.25,316,315
203.25,321,321
203.25,322,320
203.31,326,326
203.31,330,330
203.31,309,307
203.31,299,298
203.31,318,317
203.31,291,292
203.31,318,317
203.37,310,311
203.37,326,328
203.37,337,337
203.37,329,330
203.37,327,325
203.37,341,342
203.38,314,313
203.43,326,324
203.43,304,304
203.43,325,326
203.43,313,310
203.43,308,309
203.44,300,298
203.44,305,308
203.5,296,297
203.5,305,306
203.5,329,326
203.5,299,300
203.5,334,333
203.5,312,311
203.51,320,324
203.57,324,323
203.57,329,328
203.57,317,314
203.57,328,331
203.57,345,344
203.57,334,333
203.57,339,335
203.63,308,311
203.63,315,311
203.63,299,303
203.63,330,324
203.63,303,304
203.64,335,335
203.64,312,313
203.7,317,319
203.7,303,301
203.7,317,318
203.7,323,324
203.7,309,307
203.7,310,314
203.71,350,352
203.76,332,328
203.76,338,340
203.76,336,329
203.76,318,324
203.76,350,351
203.76,326,322
203.77,335,331
203.82,286,284
203.82,316,322
203.82,318,315
203.82,311,308
203.82,282,282
203.83,318,319
203.84,294,295
203.9,329,331
203.9,314,312
203.9,313,314
203.9,313,310
203.9,318,319
203.9,316,315
203.9,337,338
203.96,324,320
203.96,305,309
203.96,327,324
203.96,298,296
203.96,342,344
203.96,327,324
203.97,336,338
204.03,334,330
204.03,325,323
204.03,316,316
204.03,305,308
204.03,313,313
204.03,306,310
204.03,325,322
204.09,323,322
204.09,328,328
204.09,304,309
204.09,350,348
204.09,314,313
204.09,317,315
204.1,302,302
204.15,310,310
204.15,291,290
204.15,312,314
204.15,332,330
204.15,303,304
204.16,331,331
204.16,313,310
204.22,309,312
204.22,338,340
204.22,340,335
204.22,295,296
204.22,302,297
204.22,291,291
204.23,325,327
204.29,327,328
204.29,347,342
204.29,297,295
204.29,325,329
204.29,320,319
204.29,354,357
204.3,340,335
204.35,322,321
204.35,295,293
204.35,329,335
204.35,322,317
204.35,337,345
204.35,359,351
204.36,308,313
204.42,345,338
204.42,300,301
204.42,326,325
204.42,311,307
204.42,331,334
204.42,327,326
204.43,335,335
204.48,329,326
204.48,336,340
204.48,342,337
204.48,331,333
204.48,336,328
204.48,320,325
204.49,349,346
204.54,334,335
204.54,337,331
204.54,294,297
204.54,354,352
204.54,313,313
204.55,337,337
204.56,338,336
204.62,326,327
204.62,333,329
204.62,334,332
204.62,298,300
204.62,328,331
204.62,333,330
204.62,322,323
204.68,337,335
204.68,301,303
204.68,332,330
204.68,317,321
204.68,357,350
204.68,311,311
204.69,337,335
204.75,306,302
204.75,328,330
204.75,289,287
204.75,310,312
204.75,323,322
204.75,329,326
204.75,303,305
204.81,312,311
204.81,305,306
204.81,324,327
204.81,327,323
204.81,328,331
204.81,339,334
204.82,301,305
204.87,336,337
204.87,349,352
204.87,349,340
204.87,305,305
204.87,339,338
204.88,305,305
204.89,323,323
204.95,320,319
204.95,345,344
204.95,308,304
204.95,323,329
204.95,335,330
204.95,328,334
204.95,372,367
205.01,320,320
205.01,321,318
205.01,315,318
205.01,331,330
205.01,321,320
205.01,321,322
205.02,328,329
205.08,339,338
205.08,325,325
205.08,344,346
205.08,319,312
205.08,307,313
205.08,314,309
205.08,307,313
205.14,351,347
205.14,305,304
205.14,317,316
205.14,286,282
205.14,313,317
205.14,327,327
205.15,309,305
205.2,288,287
205.2,314,313
205.2,290,290
205.2,304,303
205.2,297,299
205.21,317,314
205.21,292,292
205.27,342,350
205.27,331,317
205.27,287,293
205.27,320,313
205.27,267,271
205.27,325,321
205.28,297,298
205.34,318,323
205.34,322,317
205.34,331,327
205.34,304,303
205.34,318,316
205.34,301,302
205.34,313,311
205.41,319,322
205.41,295,290
205.41,297,298
205.41,322,323
205.41,315,312
205.41,302,302
205.41,301,300
205.47,287,285
205.47,306,304
205.47,301,299
205.47,315,312
205.47,288,287
205.47,324,325
205.48,303,302
205.53,332,334
205.53,325,321
205.53,314,316
205.53,329,332
205.53,322,319
205.53,335,333
205.54,335,339
205.59,349,348
205.59,357,359
205.59,356,355
205.59,346,344
205.59,330,331
205.6,334,332
205.61,336,330
205.62,300,301
205.63,338,340
205.64,310,314
205.7,349,348
205.7,339,336
205.7,354,356
205.7,332,323
205.7,301,305
205.7,340,338
205.7,315,317
205.76,333,331
205.76,317,318
205.76,323,324
205.76,322,321
205.76,332,333
205.76,309,306
205.77,328,331
205.82,340,338
205.82,342,343
205.82,310,308
205.82,325,331
205.82,337,329
205.82,300,301
205.83,291,291
205.89,311,316
205.89,328,324
205.89,302,306
205.89,320,313
205.89,290,294
205.89,324,326
205.9,312,305
205.95,333,341
205.95,346,334
205.95,310,314
205.95,308,305
205.95,294,294
205.95,294,293
205.96,283,284
206.01,321,321
206.01,321,319
206.01,305,303
206.01,309,311
206.01,336,336
206.02,312,309
206.03,326,321
206.09,330,337
206.09,355,352
206.09,292,289
206.09,314,316
206.09,298,301
206.09,339,343
206.09,313,305
206.15,321,321
206.15,309,307
206.15,326,328
206.15,336,334
206.15,307,309
206.15,335,337
206.16,340,338
206.22,313,309
206.22,321,323
206.22,324,323
206.22,340,341
206.22,323,321
206.22,316,316
206.22,334,334
206.28,338,335
206.28,304,307
206.28,323,321
206.28,310,315
206.28,334,331
206.28,301,300
206.29,320,319
206.34,321,321
206.34,323,317
206.34,296,296
206.34,314,313
206.34,305,304
206.35,320,322
206.36,313,310
206.41,313,311
206.41,293,294
206.41,328,331
206.41,328,326
206.41,344,340
206.41,309,310
206.42,337,338
206.48,330,327
206.48,334,336
206.48,336,329
206.48,305,306
206.48,329,326
206.48,321,322
206.49,333,330
206.55,312,311
206.55,340,344
206.55,312,309
206.55,338,343
206.55,324,319
206.55,337,339
206.55,336,336
206.61,336,337
206.61,345,342
206.61,332,333
206.61,354,349
206.61,342,346
206.61,341,335
206.62,325,329
206.67,337,332
206.67,318,323
206.67,355,353
206.67,293,291
206.67,335,339
206.68,339,340
206.68,336,329
206.75,303,305
206.75,344,345
206.75,341,335
206.75,321,325
206.75,344,341
206.75,314,317
206.75,334,333
206.81,330,330
206.81,351,348
206.81,321,321
206.81,345,340
206.81,285,286
206.81,335,337
206.81,317,315
206.87,323,326
206.87,324,322
206.87,339,342
206.87,328,323
206.87,329,333
206.87,340,336
206.88,323,325
206.94,339,339
206.94,320,321
206.94,319,312
206.94,294,300
206.94,336,336
206.94,327,320
206.95,321,324
207.0,322,319
207.0,303,303
207.0,305,305
207.0,320,318
207.0,307,305
207.0,323,326
207.01,314,311
207.06,301,303
207.06,320,317
207.06,340,345
207.06,357,349
207.06,325,326
207.07,317,312
207.08,305,309
207.14,347,343
207.14,309,307
207.14,321,324
207.14,320,318
207.14,319,316
207.14,292,294
207.14,323,320
207.2,292,291
207.2,310,311
207.2,314,314
207.2,328,331
207.2,320,319
207.2,312,310
207.21,323,318
207.26,293,295
207.26,310,308
207.26,284,285
207.26,313,316
207.26,316,316
207.27,342,343
207.27,306,300
207.33,309,308
207.33,308,308
207.33,310,310
207.33,308,308
207.33,307,308
207.33,314,313
207.34,322,327
207.4,338,334
207.4,305,309
207.4,305,300
207.4,300,304
207.4,313,310
207.4,300,297
207.4,305,308
207.47,303,304
207.47,313,310
207.47,308,307
207.47,327,329
207.47,297,294
207.47,317,325
207.47,326,322
207.53,310,309
207.53,311,310
207.53,331,336
207.53,343,334
207.53,286,289
207.53,317,317
207.54,309,309
207.59,319,320
207.59,306,303
207.59,325,326
207.59,344,341
207.59,325,323
207.59,306,306
207.6,321,323
207.65,322,321
207.65,347,347
207.65,331,326
207.65,319,321
207.65,317,314
207.66,319,321
207.67,330,326
207.72,330,330
207.72,318,315
207.72,309,309
207.72,330,332
207.72,323,320
207.72,323,325
207.73,310,309
207.79,331,335
207.79,346,343
207.79,332,333
207.79,335,331
207.79,335,341
207.79,333,329
207.8,301,302
207.86,330,327
207.86,304,308
207.86,352,350
207.86,318,315
207.86,317,317
207.86,304,304
207.86,328,329
207.92,319,323
207.92,355,352
207.92,351,349
207.92,320,322
207.92,335,329
207.92,309,311
207.93,309,304
207.98,299,304
207.98,350,347
207.98,314,313
207.98,321,319
207.98,311,317
207.99,343,341
207.99,303,308
208.04,357,353
208.04,319,320
208.04,347,346
208.04,329,329
208.04,348,348
208.05,316,317
208.06,373,374
208.12,325,318
208.12,319,322
208.12,298,293
208.12,300,306
208.12,331,328
208.12,295,296
208.13,337,337
208.18,318,317
208.18,287,286
208.19,310,314
208.19,325,322
208.19,296,296
208.19,308,307
208.19,296,298
208.25,312,313
208.25,310,308
208.25,327,327
208.25,299,293
208.25,305,312
208.25,341,337
208.26,329,331
208.31,318,313
208.31,308,315
208.31,349,343
208.31,286,286
208.31,328,333
208.31,312,308
208.32,315,315
208.37,319,317
208.37,329,328
208.37,301,300
208.37,332,334
208.37,321,320
208.38,316,319
208.39,344,340
208.45,311,317
208.45,346,340
208.45,295,301
208.45,337,332
208.45,312,315
208.45,347,344
208.45,312,312
208.51,341,341
208.51,330,326
208.51,317,316
208.51,313,312
208.51,325,325
208.51,318,314
208.52,330,330
208.57,344,343
208.58,316,320
208.58,325,321
208.58,315,316
208.58,357,360
208.58,347,345
208.58,331,326
208.64,300,298
208.64,324,327
208.64,309,305
208.64,323,325
208.64,314,307
208.64,319,321
208.65,314,309
208.71,316,323
208.71,322,319
208.71,329,332
208.71,332,331
208.71,320,322
208.71,335,332
208.72,323,323
208.78,338,339
208.78,337,333
208.78,348,351
208.78,306,300
208.78,315,316
208.78,314,313
208.78,323,323
208.84,303,302
208.84,326,332
208.84,331,326
208.84,301,305
208.84,307,303
208.84,331,333
208.85,330,323
208.9,286,291
208.9,343,343
208.9,292,291
208.9,331,328
208.9,306,306
208.9,346,352
208.91,311,303
208.97,287,289
208.97,305,306
208.97,314,313
208.97,312,312
208.97,343,342
208.97,303,299
208.98,325,333
209.03,329,323
209.03,319,325
209.03,335,329
209.03,298,298
209.03,311,310
209.03,303,302
209.04,319,321
209.11,321,320
209.11,329,329
209.11,329,331
209.11,307,303
209.11,296,298
209.11,319,318
209.11,300,298
209.17,311,312
209.17,309,305
209.17,319,320
209.17,329,324
209.17,313,315
209.17,335,333
209.17,317,313
209.23,315,314
209.23,296,294
209.23,312,313
209.23,319,318
209.23,370,372
209.23,330,327
209.24,327,333
209.29,340,334
209.3,335,340
209.3,314,303
209.3,316,321
209.3,317,312
209.3,319,327
209.3,329,320
209.36,290,294
209.36,338,338
209.36,315,313
209.36,350,353
209.36,306,304
209.36,368,375
209.37,347,337
209.43,326,330
209.43,329,330
209.43,346,345
209.43,328,326
209.43,322,319
209.43,307,307
209.44,351,354
209.5,348,345
209.5,335,335
209.5,330,329
209.5,319,316
209.5,329,330
209.5,296,291
209.5,313,315
209.56,306,306
209.56,331,333
209.56,301,299
209.56,339,341
209.56,316,312
209.56,320,324
209.57,326,323
209.62,310,314
209.62,315,311
209.62,311,314
209.62,343,346
209.62,316,316
209.62,337,331
209.63,291,292
209.69,356,356
209.69,318,315
209.69,344,346
209.69,323,321
209.69,344,344
209.69,302,298
209.7,311,314
209.76,297,295
209.76,308,310
209.76,302,300
209.76,292,295
209.76,303,301
209.76,288,295
209.76,320,312
209.82,291,292
209.82,303,303
209.82,300,301
209.82,325,326
209.82,303,300
209.82,305,305
209.83,300,301
209.89,322,325
209.89,297,294
209.89,302,303
209.89,327,326
209.89,316,318
209.89,313,306
209.89,297,298
209.95,328,325
209.95,307,311
209.95,336,335
209.95,326,327
209.95,337,337
209.95,320,320
209.96,331,332
210.03,317,313
210.03,327,329
210.03,331,328
210.03,331,333
210.03,334,334
210.03,347,347
210.03,313,311
210.09,349,355
210.09,337,330
210.09,303,307
210.09,335,329
210.09,338,343
210.09,344,340
210.09,291,290
210.15,316,316
210.15,306,307
210.15,335,335
210.15,310,306
210.15,334,338
210.15,318,311
210.16,311,314
210.21,318,316
210.21,332,335
210.21,333,329
210.21,302,303
210.21,313,310
210.21,305,307
210.22,330,331
210.28,311,309
210.28,325,330
210.28,315,314
210.28,335,337
210.28,334,329
210.28,309,311
210.29,325,323
210.34,313,312
210.34,311,309
210.34,325,326
210.34,317,315
210.34,323,327
210.35,340,340
210.35,311,315
210.42,321,319
210.42,323,321
210.42,328,328
210.42,305,302
210.42,333,333
210.42,304,301
210.42,332,337
210.48,349,349
210.48,361,354
210.48,297,293
210.48,330,337
210.48,351,349
210.48,345,342
210.48,315,312
210.54,325,329
210.54,333,328
210.54,322,325
210.54,334,332
210.54,328,327
210.54,345,346
210.55,333,330
210.6,351,354
210.6,320,318
210.6,331,332
210.6,326,323
210.6,321,323
210.61,310,306
210.62,337,340
210.67,317,312
210.67,318,323
210.67,326,321
210.67,310,313
210.67,328,323
210.67,298,298
210.68,327,327
210.74,311,310
210.74,335,337
210.74,309,304
210.74,324,329
210.75,302,300
210.75,330,337
210.75,310,307
210.81,314,318
210.81,316,312
210.81,352,355
210.81,319,310
210.81,284,288
210.81,322,321
210.81,288,289
210.87,307,303
210.87,290,293
210.87,329,329
210.87,307,307
210.87,346,344
210.87,319,320
210.88,343,337
210.93,270,265
210.93,319,323
210.93,315,309
210.93,323,327
210.93,319,317
210.94,303,302
210.94,307,304
211.0,312,317
211.0,318,316
211.0,291,292
211.0,323,321
211.0,287,284
211.0,313,316
211.01,326,323
211.07,323,325
211.07,309,308
211.07,339,340
211.07,319,314
211.07,324,325
211.07,324,318
211.07,306,309
211.14,319,316
211.14,307,309
211.14,327,327
211.14,325,327
211.14,321,317
211.14,318,322
211.14,320,319
211.2,322,320
211.2,326,326
211.2,309,307
211.2,338,339
211.2,298,297
211.2,335,338
211.21,336,336
211.26,327,326
211.26,310,309
211.26,324,323
211.26,318,317
211.26,332,339
211.26,344,334
211.27,299,304
211.32,335,333
211.32,293,291
211.32,326,328
211.32,312,309
211.32,326,327
211.33,316,312
211.34,318,320
211.4,307,303
211.4,328,333
211.4,329,324
211.4,326,331
211.4,342,335
211.4,308,312
211.4,353,349
211.46,319,319
211.46,336,337
211.46,326,325
211.46,347,347
211.46,314,313
211.46,340,340
211.47,324,321
211.53,318,322
211.53,322,322
211.53,335,338
211.53,331,325
211.53,345,351
211.53,338,332
211.53,313,318
211.59,333,332
211.59,310,309
211.59,332,331
211.59,330,331
211.59,329,324
211.59,321,325
211.6,313,313
211.65,315,313
211.65,337,340
211.65,321,319
211.65,338,335
211.65,317,315
211.66,319,318
211.66,315,311
211.71,310,311
211.71,333,329
211.71,318,322
211.71,310,306
211.71,329,335
211.72,347,340
211.73,325,327
211.79,338,336
211.79,317,315
211.79,327,325
211.79,289,292
211.79,320,319
211.79,287,286
211.8,324,327
211.86,298,295
211.86,322,327
211.86,306,304
211.86,310,314
211.86,343,341
211.86,312,313
211.86,331,322
211.92,299,300
211.92,350,351
211.92,312,309
211.92,334,333
211.92,322,320
211.92,325,326
211.93,328,328
211.98,322,318
211.98,311,311
211.98,336,337
211.98,312,305
211.98,309,314
211.98,358,357
211.99,332,333
212.04,345,343
212.04,318,319
212.04,316,311
212.04,308,310
212.04,316,315
212.05,288,287
212.06,318,321
212.12,300,297
212.12,312,310
212.12,294,294
212.12,318,320
212.12,315,310
212.12,307,308
212.12,305,300
212.18,311,313
212.18,303,302
212.18,314,316
212.18,317,313
212.18,308,307
212.18,331,332
212.19,311,310
212.24,327,328
212.24,354,353
212.24,346,349
212.24,344,341
212.24,335,332
212.25,318,317
212.25,315,314
212.31,313,310
212.31,310,314
212.31,343,338
212.31,312,314
212.31,343,337
212.31,306,310
212.32,333,329
212.38,323,320
212.38,333,332
212.38,292,290
212.38,307,309
212.38,308,308
212.38,325,328
212.39,312,311
212.45,331,330
212.45,329,332
212.45,334,332
212.45,314,309
212.45,334,339
212.45,338,330
212.45,316,319
212.51,322,320
212.51,321,323
212.51,325,323
212.51,299,303
212.51,339,339
212.51,305,302
212.52,307,307
212.57,320,323
212.57,323,319
212.57,296,297
212.57,318,322
212.57,332,325
212.57,324,328
212.58,316,310
212.65,317,323
212.65,324,322
212.65,294,297
212.65,334,331
212.65,303,304
212.65,314,316
212.65,309,312
212.71,339,341
212.71,311,308
212.71,321,326
212.71,315,309
212.71,332,339
212.71,322,315
212.71,332,334
212.77,324,319
212.77,307,310
212.77,315,311
212.77,294,296
212.77,317,310
212.77,292,297
212.78,333,329
212.83,295,295
212.83,315,316
212.83,294,291
212.83,320,324
212.83,314,311
212.84,354,357
212.84,351,345
212.9,301,301
212.9,315,312
212.9,342,348
212.9,325,320
212.9,309,308
212.9,313,313
212.91,323,324
212.97,324,326
212.97,308,309
212.97,339,340
212.97,314,311
212.97,318,320
212.97,312,313
212.97,328,328
213.04,309,308
213.04,323,324
213.04,324,321
213.04,332,336
213.04,326,319
213.04,297,301
213.04,307,305
213.1,313,312
213.1,318,315
213.1,307,309
213.1,343,344
213.1,328,328
213.1,332,329
213.11,291,287
213.16,326,332
213.16,335,331
213.16,312,307
213.16,321,321
213.16,329,330
213.16,315,309
213.17,310,315
213.22,329,325
213.22,325,328
213.22,320,313
213.22,311,314
213.22,340,340
213.23,330,332
213.24,352,352
213.25,309,308
213.26,341,337
213.27,298,299
213.32,334,333
213.32,311,308
213.32,336,338
213.32,328,324
213.32,320,323
213.32,331,325
213.33,327,329
213.4,326,321
213.4,321,327
213.4,329,322
213.4,307,310
213.4,313,312
213.4,316,315
213.4,318,317
213.46,314,313
213.46,348,351
213.46,292,285
213.46,321,321
213.46,295,296
213.46,335,335
213.46,304,301
213.52,327,331
213.52,329,323
213.52,316,321
213.52,347,343
213.52,330,334
213.52,369,366
213.53,336,336
213.59,368,372
213.59,307,303
213.59,349,355
213.59,316,313
213.59,324,322
213.59,306,307
213.59,333,331
213.65,333,330
213.65,333,331
213.65,323,321
213.65,320,322
213.65,328,326
213.65,320,321
213.66,333,330
213.71,315,318
213.71,321,317
213.71,320,323
213.71,343,342
213.71,317,315
213.72,333,335
213.72,320,319
213.79,327,328
213.79,304,299
213.79,316,320
213.79,333,330
213.79,301,298
213.79,291,286
213.79,297,303
213.85,333,330
213.85,296,296
213.85,345,343
213.85,300,304
213.85,344,341
213.85,291,289
213.86,334,336
213.91,294,292
213.91,355,353
213.91,288,286
213.91,341,344
213.91,314,304
213.91,315,321
213.92,341,334
213.97,318,317
213.97,318,317
213.97,314,317
213.97,322,316
213.97,297,296
213.98,299,302
213.99,318,317
214.05,330,330
214.05,316,316
214.05,320,320
214.05,314,312
214.05,332,332
214.05,313,313
214.05,308,308
214.11,312,314
214.11,347,345
214.11,340,340
214.11,322,320
214.11,309,305
214.11,299,301
214.12,326,322
214.18,306,304
214.18,342,344
214.18,303,302
214.18,319,321
214.18,320,320
214.18,330,328
214.18,312,313
214.24,333,333
214.24,324,321
214.24,332,336
214.24,323,316
214.24,324,329
214.24,364,365
214.25,351,346
214.3,322,319
214.3,318,325
214.3,365,360
214.3,311,311
214.3,328,329
214.31,313,310
214.31,310,313
214.38,322,319
214.38,305,312
214.38,344,339
214.38,330,329
214.38,296,295
214.38,322,327
214.38,335,328
214.44,318,321
214.44,325,318
214.44,287,287
214.44,331,332
214.44,299,297
214.44,319,320
214.45,315,317
214.5,325,324
214.5,318,316
214.5,315,316
214.5,313,314
214.5,327,325
214.5,323,324
214.51,332,334
214.56,344,337
214.56,304,307
214.56,331,328
214.56,320,321
214.56,312,308
214.57,299,301
214.58,340,341
214.63,323,320
214.63,325,322
214.63,331,332
214.63,318,314
214.63,314,315
214.63,320,320
214.64,336,331
214.71,331,334
214.71,333,335
214.71,365,361
214.71,336,332
214.71,320,319
214.71,308,306
214.71,300,304
214.77,326,324
214.77,328,328
214.77,314,310
214.77,307,308
214.77,329,331
214.77,326,323
214.77,323,320
214.83,312,312
214.83,341,340
214.83,320,318
214.83,342,348
214.83,324,316
214.83,315,318
214.84,326,324
214.89,321,319
214.89,353,351
214.89,315,315
214.89,367,368
214.89,353,350
214.9,330,329
214.9,325,324
214.97,331,329
214.97,325,327
214.97,328,332
214.97,362,359
214.97,312,308
214.97,293,292
214.97,302,307
215.03,311,310
215.03,319,322
215.03,322,316
215.03,307,312
215.03,320,315
215.03,288,291
215.04,325,322
215.09,304,301
215.09,310,311
215.09,316,316
215.09,314,314
215.09,301,297
215.09,300,303
215.1,294,288
215.15,307,310
215.16,331,329
215.16,304,307
215.16,335,333
215.16,330,328
215.16,302,297
215.17,300,302
215.22,335,336
215.22,292,292
215.22,344,348
215.22,336,332
215.22,332,333
215.22,314,310
215.23,315,316
215.3,310,305
215.3,301,307
215.3,331,328
215.3,322,325
215.3,314,306
215.3,288,295
215.3,334,328
215.36,279,278
215.36,320,321
215.36,287,282
215.36,303,309
215.36,308,306
215.36,310,311
215.36,337,340
215.42,353,352
215.42,302,297
215.42,319,327
215.42,364,356
215.42,291,288
215.42,294,296
215.43,327,331
215.48,332,324
215.48,293,292
215.48,316,315
215.48,320,324
215.48,339,335
215.49,350,351
215.49,329,324
215.55,319,321
215.55,347,342
215.55,324,327
215.55,342,343
215.55,339,335
215.55,346,345
215.56,331,325
215.62,311,310
215.62,312,308
215.62,303,309
215.62,336,331
215.62,299,300
215.62,325,327
215.62,313,312
215.69,319,318
215.69,321,320
215.69,320,319
215.69,311,310
215.69,336,336
215.69,326,328
215.69,332,332
215.75,320,317
215.75,325,326
215.75,317,313
215.75,315,318
215.75,327,323
215.75,305,304
215.76,330,329
215.81,294,293
215.81,321,321
215.81,335,336
215.81,330,324
215.81,285,287
215.81,329,330
215.82,291,289
215.87,319,324
215.87,336,337
215.87,319,317
215.87,312,309
215.87,316,322
215.88,335,334
215.89,323,327
215.94,354,352
215.94,333,333
215.94,337,328
215.94,306,311
215.94,341,340
215.94,309,309
215.95,334,336
216.02,310,303
216.02,323,329
216.02,318,313
216.02,320,325
216.02,339,336
216.02,328,330
216.02,335,335
216.08,329,331
216.08,319,315
216.08,287,288
216.08,307,307
216.08,298,297
216.08,321,320
216.08,315,317
216.14,351,347
216.14,322,321
216.14,347,349
216.14,304,299
216.14,313,315
216.14,312,309
216.15,319,319
216.2,307,308
216.2,314,315
216.2,314,314
216.2,298,299
216.2,307,304
216.21,295,294
216.21,310,315
216.28,315,313
216.28,336,336
216.28,318,320
216.28,329,335
216.28,367,365
216.28,329,326
216.28,321,321
216.34,356,356
216.34,344,340
216.34,354,362
216.34,355,347
216.34,298,301
216.34,324,321
216.35,311,315
216.4,311,305
216.4,326,329
216.4,321,317
216.4,303,304
216.4,368,372
216.4,332,325
216.41,316,316
216.47,302,303
216.47,317,317
216.47,319,317
216.47,309,312
216.47,330,328
216.47,327,326
216.48,336,333
216.53,310,311
216.53,317,313
216.53,292,297
216.53,325,325
216.53,310,305
216.53,320,321
216.54,312,313
216.61,336,332
216.61,317,324
216.61,380,377
216.61,317,313
216.61,329,331
216.61,305,300
216.61,315,317
216.67,307,301
216.67,308,312
216.67,298,294
216.67,297,300
216.67,320,316
216.67,293,299
216.67,308,304
216.73,312,320
216.73,346,342
216.73,289,290
216.73,328,330
216.73,311,309
216.73,319,320
216.74,313,313
216.79,322,324
216.79,316,313
216.79,307,308
216.79,320,318
216.79,299,300
216.8,312,311
216.8,316,320
216.86,332,327
216.86,301,303
216.86,339,340
216.86,329,326
216.86,330,330
216.86,310,307
216.87,345,348
216.93,310,307
216.93,332,336
216.93,302,295
216.93,305,310
216.93,310,306
216.93,324,325
216.94,330,332
217.0,354,356
217.0,340,333
217.0,309,312
217.0,362,362
217.0,336,335
217.0,330,330
217.0,327,321
217.06,357,359
217.06,329,326
217.06,331,331
217.06,325,324
217.06,326,325
217.06,316,313
217.07,314,317
217.12,321,316
217.12,314,321
217.12,334,331
217.12,344,343
217.12,327,330
217.12,339,335
217.13,306,310
217.18,323,322
217.18,325,325
217.18,308,310
217.18,354,355
217.18,314,308
217.19,320,319
217.2,313,310
217.26,334,337
217.26,299,293
217.26,300,304
217.26,302,297
217.26,301,302
217.26,327,328
217.26,312,312
217.32,337,338
217.32,299,297
217.32,325,323
217.32,309,308
217.32,324,326
217.32,317,312
217.33,326,331
217.39,318,318
217.39,341,345
217.39,327,322
217.39,299,302
217.39,324,324
217.39,337,341
217.39,363,355
217.45,311,311
217.45,321,318
217.45,307,304
217.45,305,307
217.45,320,317
217.45,326,327
217.46,305,301
217.51,316,320
217.51,326,321
217.51,306,307
217.51,309,305
217.51,311,314
217.52,310,306
217.53,292,295
217.59,306,302
217.59,311,314
217.59,335,331
217.59,281,279
217.59,320,322
217.59,304,302
217.59,308,310
217.65,293,294
217.65,330,328
217.65,315,315
217.65,330,330
217.65,324,322
217.65,343,344
217.66,341,336
217.71,325,327
217.71,335,332
217.71,343,348
217.71,357,353
217.71,325,324
217.72,335,337
217.72,345,345
217.78,366,363
217.78,299,297
217.78,365,369
217.78,319,313
217.78,339,341
217.78,325,320
217.79,322,323
217.84,310,305
217.84,323,325
217.84,321,317
217.84,321,325
217.84,338,335
217.84,301,305
217.85,334,329
217.92,329,335
217.92,345,343
217.92,305,303
217.92,324,326
217.92,345,344
217.92,320,316
217.92,308,309
217.98,328,331
217.98,331,325
217.98,326,331
217.98,351,348
217.98,324,327
217.98,329,326
217.98,312,316
218.04,326,318
218.04,312,317
218.04,327,323
218.04,308,310
218.04,317,315
218.04,309,310
218.05,321,318
218.1,302,305
218.1,334,335
218.1,306,300
218.1,315,320
218.1,319,316
218.11,314,316
218.12,314,308
218.18,314,319
218.18,317,314
218.18,296,299
218.18,358,359
218.18,305,299
218.18,328,333
218.18,308,303
218.24,320,322
218.24,309,308
218.24,338,342
218.24,319,316
218.24,324,328
218.24,306,299
218.25,289,293
218.3,311,308
218.3,313,317
218.3,319,312
218.3,291,293
218.3,311,310
218.3,314,319
218.31,354,352
218.37,310,308
218.37,302,298
218.37,287,287
218.37,312,311
218.37,319,319
218.37,312,311
218.38,291,289
218.43,317,319
218.43,310,306
218.43,295,296
218.43,313,313
218.43,294,298
218.43,300,296
218.44,273,273
218.51,310,308
218.51,271,274
218.51,317,317
218.51,286,284
218.51,303,302
218.51,307,309
218.51,343,339
218.57,296,292
218.57,323,323
218.57,321,322
218.57,323,319
218.57,290,286
218.57,302,306
218.57,316,312
218.63,303,307
218.63,324,320
218.63,294,296
218.63,320,324
218.63,327,324
218.63,332,330
218.64,289,285
218.7,316,319
218.7,299,297
218.7,309,311
218.7,317,315
218.7,327,324
218.7,325,323
218.7,319,321
218.76,330,324
218.76,308,314
218.76,340,334
218.76,303,303
218.76,338,340
218.76,324,322
218.77,317,320
218.82,298,294
218.82,319,321
218.82,331,330
218.82,328,328
218.82,325,325
218.83,327,330
218.84,330,327
218.9,328,331
218.9,354,349
218.9,335,331
218.9,319,320
218.9,322,325
218.9,356,354
218.9,324,323
218.96,334,334
218.96,311,313
218.96,339,341
218.96,328,325
218.96,333,336
218.96,330,324
218.97,326,335
219.03,349,342
219.03,337,341
219.03,325,321
219.03,337,341
219.03,333,328
219.03,307,316
219.03,376,373
219.09,319,316
219.09,331,332
219.09,331,330
219.09,340,343
219.09,333,325
219.09,328,329
219.1,331,331
219.15,348,344
219.15,300,300
219.15,332,332
219.15,323,319
219.15,336,340
219.16,331,324
219.16,318,323
219.23,323,318
219.23,316,320
219.23,348,345
219.23,319,321
219.23,352,350
219.23,324,320
219.23,320,320
219.29,333,333
219.29,313,310
219.29,313,315
219.29,351,353
219.29,336,332
219.29,347,344
219.29,325,328
219.35,336,337
219.35,358,356
219.35,319,322
219.35,344,339
219.35,328,329
219.35,345,344
219.36,333,332
219.41,354,355
219.41,348,347
219.41,337,332
219.41,287,285
219.41,326,327
219.42,321,317
219.43,342,351
219.48,347,340
219.48,332,334
219.48,317,313
219.48,319,322
219.48,318,314
219.48,321,324
219.49,340,338
219.56,326,329
219.56,330,323
219.56,289,292
219.56,321,321
219.56,305,308
219.56,329,324
219.56,268,267
219.62,306,309
219.62,306,302
219.62,314,318
219.62,305,300
219.62,314,319
219.62,314,307
219.62,302,305
219.68,300,297
219.68,311,314
219.68,338,333
219.68,289,289
219.68,323,324
219.68,289,286
219.69,323,326
219.74,306,304
219.74,322,320
219.74,295,293
219.74,324,329
219.74,311,307
219.75,300,305
219.75,341,343
219.81,321,318
219.81,323,322
219.81,299,297
219.81,312,313
219.81,315,314
219.81,331,333
219.82,318,318
219.88,316,314
219.88,304,305
219.88,342,343
219.88,318,314
219.88,315,317
219.88,330,330
219.88,335,336
219.95,329,327
219.95,328,330
219.95,319,315
219.95,323,322
219.95,328,323
219.95,324,328
219.95,356,349
220.01,288,284
220.01,317,320
220.01,298,294
220.01,319,321
220.01,311,309
220.01,317,317
220.02,300,299
220.07,342,347
220.07,319,312
220.07,312,316
220.07,332,328
220.07,313,312
220.07,344,347
220.08,312,306
220.13,295,295
220.13,331,338
220.13,339,330
220.13,293,291
220.13,317,321
220.14,339,338
220.15,321,318
220.2,298,296
220.2,302,303
220.2,324,326
220.2,336,335
220.2,282,277
220.2,308,318
220.21,324,317
220.27,309,313
220.27,307,302
220.27,306,311
220.27,340,335
220.28,294,290
220.28,311,311
220.28,296,298
220.34,315,315
220.34,304,303
220.34,305,303
220.34,278,274
220.34,295,301
220.34,301,296
220.34,320,327
220.4,324,314
220.4,301,305
220.4,344,341
220.4,318,321
220.4,315,307
220.4,282,287
220.41,348,343
220.46,306,308
220.46,321,320
220.46,318,313
220.46,284,285
220.46,288,285
220.47,291,295
220.47,316,314
220.52,305,305
220.52,303,300
220.52,304,308
220.52,329,327
220.52,304,303
220.53,314,312
220.54,297,300
220.6,336,334
220.6,315,316
220.6,359,363
220.6,335,329
220.6,336,337
220.6,322,320
220.61,334,337
220.67,335,332
220.67,326,331
220.67,326,321
220.67,317,322
220.67,322,315
220.67,327,334
220.67,331,322
220.73,313,317
220.73,338,334
220.73,311,311
220.73,348,349
220.73,320,316
220.73,336,338
220.74,314,310
220.79,323,325
220.79,335,336
220.79,323,321
220.79,306,303
220.79,325,330
220.79,316,308
220.8,311,319
220.85,325,316
220.85,313,322
220.85,328,319
220.85,300,306
220.85,340,336
220.86,309,308
220.87,337,336
220.88,305,303
220.89,339,341
220.9,326,328
220.95,339,338
220.95,316,315
220.95,331,332
220.95,311,309
220.95,367,370
220.95,368,366
220.96,336,339
221.02,365,364
221.02,347,352
221.02,364,357
221.02,321,321
221.02,337,337
221.02,326,323
221.03,322,323
221.09,315,313
221.09,321,320
221.09,312,309
221.09,313,314
221.09,293,292
221.09,324,326
221.09,327,325
221.15,312,317
221.15,334,331
221.15,343,345
221.15,350,341
221.15,332,335
221.15,327,324
221.16,300,301
221.21,332,333
221.21,294,290
221.21,329,336
221.21,318,313
221.21,337,338
221.22,301,301
221.22,325,328
221.27,323,318
221.27,313,318
221.27,320,316
221.27,312,317
221.27,326,323
221.28,313,317
221.29,336,331
221.35,320,322
221.35,328,326
221.35,315,313
221.35,347,347
221.35,301,297
221.35,331,334
221.35,319,318
221.42,344,350
221.42,346,338
221.42,314,314
221.42,327,325
221.42,329,331
221.42,344,342
221.42,331,328
221.48,323,317
221.48,312,312
221.48,319,319
221.48,323,319
221.48,317,319
221.48,319,318
221.49,340,339
221.54,310,312
221.54,330,329
221.54,312,312
221.54,339,340
221.54,312,304
221.54,312,318
221.55,342,338
221.6,319,319
221.6,339,337
221.6,323,320
221.6,333,329
221.6,305,303
221.61,306,309
221.62,305,301
221.68,309,318
221.68,321,313
221.68,306,309
221.68,298,296
221.68,313,316
221.68,330,328
221.68,310,310
221.74,303,304
221.74,339,342
221.74,339,336
221.74,303,304
221.74,338,336
221.74,305,301
221.75,330,333
221.8,312,309
221.8,318,322
221.8,303,299
221.8,314,314
221.8,297,295
221.81,297,297
221.81,289,289
221.87,326,330
221.87,314,311
221.87,312,314
221.87,325,321
221.87,310,313
221.87,325,321
221.88,315,316
221.93,319,314
221.93,308,313
221.93,341,337
221.93,304,307
221.93,346,349
221.94,319,319
221.94,365,364
222.01,298,290
222.01,305,306
222.01,327,325
222.01,320,322
222.01,321,317
222.01,318,327
222.01,330,323
222.07,320,324
222.07,308,301
222.07,290,295
222.07,337,335
222.07,295,293
222.07,323,323
222.08,303,301
222.13,311,312
222.13,297,294
222.13,308,312
222.13,318,317
222.13,328,330
222.13,334,334
222.14,346,347
222.2,332,325
222.2,308,311
222.2,317,311
222.2,304,307
222.2,342,342
222.2,307,309
222.21,337,337
222.26,313,313
222.26,342,344
222.26,331,330
222.26,339,337
222.26,324,323
222.26,320,319
222.27,330,330
222.34,336,335
222.34,299,295
222.34,309,316
222.34,312,304
222.34,280,282
222.34,307,305
222.34,308,312
222.4,332,331
222.4,305,303
222.4,330,332
222.4,328,326
222.4,327,322
222.4,308,308
222.4,329,330
222.46,334,333
222.46,332,333
222.46,328,326
222.46,339,342
222.46,345,338
222.46,313,313
222.47,319,315
222.52,300,304
222.52,326,321
222.52,309,312
222.52,335,334
222.52,320,321
222.53,336,335
222.53,319,317
222.59,336,340
222.59,330,326
222.59,325,328
222.59,326,321
222.59,330,332
222.59,320,317
222.6,322,324
222.66,338,333
222.66,323,326
222.66,340,337
222.66,302,301
222.66,347,343
222.67,319,319
222.67,341,342
222.73,295,293
222.73,337,340
222.73,304,294
222.73,303,308
222.73,316,316
222.73,314,313
222.73,292,293
222.79,330,334
222.79,330,326
222.79,312,313
222.79,332,330
222.79,311,313
222.79,316,309
222.8,298,302
222.85,346,346
222.85,316,316
222.85,342,345
222.85,337,333
222.85,319,317
222.85,320,324
222.86,329,329
222.91,308,304
222.91,304,303
222.91,322,322
222.91,323,322
222.91,348,349
222.92,339,335
222.93,297,293
222.99,294,296
222.99,318,317
222.99,303,301
222.99,325,328
222.99,300,296
222.99,315,317
222.99,308,313
223.05,354,351
223.05,334,332
223.05,345,348
223.06,318,309
223.06,311,321
223.06,322,315
223.06,310,312
223.12,331,328
223.12,304,304
223.12,329,331
223.12,305,302
223.12,333,339
223.12,321,314
223.12,323,326
223.18,320,318
223.18,318,317
223.18,293,292
223.18,298,300
223.18,280,279
223.18,292,297
223.19,301,301
223.24,322,321
223.24,322,322
223.24,311,312
223.24,327,324
223.24,323,323
223.25,331,331
223.26,312,309
223.32,327,325
223.32,288,285
223.32,317,317
223.32,298,296
223.32,326,330
223.32,316,311
223.32,321,325
223.38,310,306
223.38,322,322
223.38,332,335
223.38,350,350
223.38,346,340
223.38,326,328
223.39,338,337
223.45,328,329
223.45,336,337
223.45,321,317
223.45,349,352
223.45,314,309
223.45,313,314
223.45,315,315
223.51,317,317
223.51,306,307
223.51,340,342
223.51,309,305
223.51,328,331
223.51,319,316
223.52,329,331
223.57,336,331
223.57,320,323
223.57,348,344
223.57,305,300
223.57,319,322
223.57,304,302
223.58,312,313
223.63,321,321
223.63,324,324
223.63,327,324
223.63,324,327
223.63,332,329
223.64,325,326
223.65,325,322
223.71,322,326
223.71,353,352
223.71,315,314
223.71,332,333
223.71,304,302
223.71,337,339
223.71,302,296
223.77,323,330
223.77,331,327
223.77,330,329
223.78,317,312
223.78,316,321
223.78,346,343
223.78,321,323
223.84,342,339
223.84,348,353
223.84,358,353
223.84,306,304
223.84,328,326
223.84,315,313
223.85,310,310
223.9,319,319
223.9,315,314
223.9,306,307
223.9,314,315
223.9,282,279
223.9,309,314
223.91,306,302
223.96,310,316
223.96,342,340
223.96,328,328
223.96,329,324
223.96,313,317
223.97,340,334
223.98,314,317
224.04,340,339
224.04,316,314
224.04,346,349
224.04,321,315
224.04,318,321
224.04,316,315
224.04,302,298
224.1,292,296
224.1,335,335
224.1,326,326
224.1,318,320
224.1,316,311
224.1,283,287
224.11,341,337
224.16,288,287
224.16,322,323
224.16,317,316
224.16,312,309
224.16,304,304
224.16,316,316
224.17,296,302
224.23,341,339
224.23,325,323
224.23,317,315
224.23,325,329
224.23,340,334
224.23,296,298
224.24,314,312
224.29,333,336
224.29,322,318
224.29,310,307
224.29,290,290
224.29,323,322
224.3,281,282
224.3,310,311
224.37,299,298
224.37,336,342
224.37,327,320
224.37,318,318
224.37,304,301
224.37,319,325
224.37,329,327
224.43,320,322
224.43,326,325
224.43,341,346
224.43,339,333
224.43,320,321
224.43,346,344
224.43,324,327
224.49,377,377
224.49,329,320
224.49,322,324
224.49,330,329
224.49,326,327
224.49,326,322
224.5,315,318
224.55,329,328
224.55,325,327
224.56,334,329
224.56,320,323
224.56,342,341
224.56,319,321
224.57,342,340
224.62,319,322
224.62,352,352
224.62,331,328
224.62,317,318
224.62,336,336
224.62,333,334
224.63,330,330
224.7,332,330
224.7,322,321
224.7,326,326
224.7,315,312
224.7,319,321
224.7,313,308
224.7,310,314
224.76,325,321
224.76,317,317
224.76,333,330
224.76,311,308
224.76,322,323
224.76,302,299
224.76,324,324
224.82,307,307
224.82,343,341
224.82,317,315
224.82,320,322
224.82,309,307
224.82,290,296
224.83,319,316
224.88,311,314
224.88,318,317
224.88,303,306
224.88,329,331
224.88,320,319
224.89,319,319
224.89,311,308
224.95,323,322
224.95,304,302
224.95,321,321
224.95,333,334
224.95,346,341
224.95,318,318
224.96,338,335
225.02,306,300
225.02,307,311
225.02,311,308
225.02,295,297
225.02,310,305
225.02,281,286
225.02,329,328
225.08,304,301
225.08,337,337
225.08,312,310
225.08,330,329
225.08,304,303
225.08,315,315
225.09,317,319
225.15,354,354
225.15,328,325
225.15,348,353
225.15,321,312
225.15,299,305
225.15,315,310
225.16,299,302
225.21,332,329
225.21,300,300
225.21,313,313
225.21,307,305
225.21,329,333
225.21,306,302
225.22,314,316
225.27,309,309
225.27,326,329
225.27,308,304
225.27,322,328
225.27,315,309
225.28,315,321
225.29,329,326
225.35,340,343
225.35,341,340
225.35,318,317
225.35,324,325
225.35,299,299
225.35,336,338
225.35,300,295
225.41,315,315
225.41,315,315
225.41,325,325
225.41,309,308
225.41,326,328
225.41,309,305
225.42,329,335
225.47,331,327
225.47,307,308
225.48,338,337
225.48,315,315
225.48,327,321
225.48,320,322
225.48,358,358
225.54,299,294
225.54,332,337
225.54,337,332
225.54,339,338
225.54,310,305
225.54,334,336
225.55,304,300
225.6,342,343
225.6,317,312
225.6,318,323
225.6,342,334
225.6,305,304
225.61,313,309
225.61,295,296
225.68,324,320
225.68,303,305
225.68,319,317
225.68,320,325
225.68,343,341
225.68,300,298
225.68,343,348
225.74,324,315
225.74,288,291
225.74,314,313
225.74,301,304
225.74,320,318
225.74,304,308
225.75,345,344
225.8,334,335
225.8,334,328
225.8,327,330
225.8,339,336
225.8,297,296
225.8,345,345
225.81,320,316
225.87,313,314
225.87,318,321
225.87,330,331
225.87,310,307
225.87,325,325
225.87,325,326
225.88,357,356
225.93,335,329
225.93,318,321
225.93,326,323
225.93,314,318
225.93,348,347
225.93,328,324
225.94,333,332
226.01,322,320
226.01,333,335
226.01,318,315
226.01,314,316
226.01,325,325
226.01,322,329
226.01,341,337
226.07,310,313
226.07,326,324
226.07,324,330
226.07,346,342
226.07,324,329
226.07,356,353
226.07,330,331
226.13,331,329
226.13,313,314
226.13,323,322
226.13,318,316
226.13,328,331
226.13,318,315
226.14,313,314
226.19,317,314
226.19,326,329
226.19,348,345
226.19,313,314
226.19,332,331
226.2,323,327
226.2,332,328
226.25,315,322
226.25,370,363
226.25,312,311
226.25,332,332
226.26,312,309
226.26,327,324
226.27,307,305
226.33,316,316
226.33,308,307
226.33,357,358
226.33,313,312
226.33,344,347
226.33,327,322
226.34,292,292
226.4,307,306
226.4,309,309
226.4,331,330
226.4,317,318
226.4,319,319
226.4,313,311
226.4,319,321
226.46,316,316
226.46,342,340
226.46,317,316
226.46,324,326
226.46,310,306
226.46,320,324
226.47,318,311
226.52,312,313
226.52,311,312
226.52,316,318
226.52,314,309
226.52,305,306
226.52,314,314
226.53,309,306
226.58,323,325
226.58,312,313
226.58,343,345
226.58,323,322
226.58,334,331
226.59,285,282
226.6,326,334
226.66,326,319
226.66,304,312
226.66,322,318
226.66,323,324
226.66,336,328
226.66,289,289
226.66,305,303
226.73,335,340
226.73,326,322
226.73,290,289
226.73,302,305
226.73,290,289
226.73,309,309
226.73,294,295
226.79,307,307
226.79,312,310
226.79,302,305
226.79,310,305
226.79,305,307
226.79,314,311
226.79,301,303
226.85,323,319
226.85,309,314
226.85,329,325
226.85,305,304
226.85,329,327
226.85,293,291
226.86,337,340
226.91,322,321
226.91,324,325
226.91,320,318
226.91,328,328
226.91,312,312
226.92,331,333
226.93,321,323
226.98,351,348
226.98,309,307
226.98,317,320
226.98,328,323
226.98,298,302
226.98,313,313
226.99,306,308
227.05,345,343
227.05,313,311
227.05,330,327
227.05,308,307
227.05,338,337
227.05,297,295
227.06,307,314
227.12,355,349
227.12,315,317
227.12,332,329
227.12,304,305
227.12,329,329
227.12,320,320
227.12,319,319
227.18,315,315
227.18,334,337
227.18,322,319
227.18,338,339
227.18,348,348
227.18,344,340
227.19,311,311
227.24,328,334
227.24,325,321
227.24,350,357
227.24,358,352
227.24,337,339
227.24,340,335
227.25,316,320
227.3,331,327
227.3,310,314
227.3,333,329
227.3,307,309
227.31,326,323
227.31,316,321
227.32,356,351
227.38,312,315
227.38,335,332
227.38,320,319
227.38,324,324
227.38,306,304
227.38,321,324
227.38,338,338
227.44,339,334
227.44,320,318
227.44,311,312
227.44,313,310
227.44,313,315
227.44,337,336
227.45,353,353
227.51,309,305
227.51,314,321
227.51,351,350
227.51,311,308
227.51,327,325
227.51,307,301
227.52,322,327
227.57,303,294
227.57,285,295
227.57,337,336
227.57,306,305
227.57,339,342
227.57,332,329
227.58,322,320
227.65,304,303
227.65,343,346
227.65,318,315
227.65,333,334
227.65,320,316
227.65,314,317
227.65,324,319
227.71,309,311
227.71,309,305
227.71,307,312
227.71,312,309
227.71,307,308
227.71,325,326
227.71,313,315
227.77,353,348
227.77,295,290
227.77,314,317
227.77,290,285
227.77,309,312
227.77,322,323
227.78,340,341
227.83,329,329
227.83,338,333
227.83,305,302
227.83,330,332
227.83,320,317
227.83,307,304
227.84,305,298
227.9,286,293
227.9,319,315
227.9,292,300
227.9,350,348
227.9,301,298
227.9,318,320
227.91,296,296
227.96,310,311
227.96,308,308
227.96,321,322
227.96,315,314
227.96,352,353
227.97,307,298
227.97,326,334
228.04,343,336
228.04,339,343
228.04,372,366
228.04,292,292
228.04,325,323
228.04,315,317
228.04,337,336
228.1,299,296
228.1,329,330
228.1,299,298
228.1,345,347
228.1,306,302
228.1,304,310
228.1,320,316
228.16,309,311
228.16,317,317
228.16,320,322
228.16,321,316
228.16,310,315
228.16,342,337
228.17,284,283
228.22,315,316
228.22,306,302
228.22,312,316
228.22,321,318
228.22,315,314
228.23,310,312
228.24,335,335
228.3,322,320
228.3,351,360
228.3,334,324
228.3,305,311
228.3,332,331
228.3,341,341
228.3,321,318
228.36,320,325
228.36,330,325
228.36,305,309
228.36,340,337
228.36,304,301
228.36,329,332
228.37,312,307
228.43,319,323
228.43,315,313
228.43,314,316
228.43,319,318
228.43,337,338
228.43,309,306
228.43,303,307
228.49,340,336
228.49,305,305
228.49,342,343
228.49,344,347
228.49,344,340
228.49,327,325
228.5,324,323
228.55,315,317
228.55,334,335
228.55,315,311
228.55,322,322
228.55,332,328
228.56,330,331
228.57,315,308
228.58,296,296
228.58,316,316
228.59,312,311
228.65,323,324
228.65,316,315
228.65,316,313
228.65,304,304
228.65,330,331
228.65,307,306
228.66,324,326
228.71,340,342
228.71,320,316
228.71,301,299
228.71,312,312
228.71,313,311
228.72,329,330
228.72,337,335
228.79,318,315
228.79,326,329
228.79,341,342
228.79,354,348
228.79,340,342
228.79,333,329
228.79,305,306
228.85,313,313
228.85,318,316
228.85,325,325
228.85,317,316
228.85,320,318
228.85,298,297
228.85,311,317
228.91,333,332
228.91,324,325
228.91,297,295
228.91,301,303
228.91,309,303
228.91,294,299
228.92,326,323
228.97,298,296
228.97,299,301
228.97,316,312
228.97,327,331
228.97,315,309
228.98,333,331
228.99,314,316
229.05,336,336
229.05,317,316
229.05,314,318
229.05,344,341
229.05,300,300
229.05,339,336
229.05,305,308
229.11,343,338
229.11,304,306
229.11,353,349
229.11,309,306
229.11,357,361
229.11,332,328
229.12,366,368
229.18,325,321
229.18,320,324
229.18,323,318
229.18,316,323
229.18,344,344
229.18,329,330
229.18,330,329
229.24,354,355
229.24,327,318
229.24,318,327
229.24,354,345
229.24,309,309
229.24,315,311
229.25,302,306
229.3,355,352
229.3,298,301
229.3,326,322
229.3,289,286
229.3,313,321
229.3,311,306
229.31,291,297
229.38,328,326
229.38,305,307
229.38,315,311
229.38,334,337
229.38,325,317
229.38,313,316
229.38,348,346
229.44,302,299
229.44,341,346
229.44,342,339
229.44,354,350
229.44,305,304
229.44,335,334
229.44,309,309
229.5,359,361
229.5,324,316
229.5,307,311
229.5,322,317
229.5,310,312
229.5,318,313
229.51,295,300
229.57,328,322
229.57,293,295
229.57,325,327
229.57,307,305
229.57,325,329
229.57,323,321
229.58,342,345
229.63,331,325
229.63,313,311
229.63,316,318
229.63,331,335
229.63,303,294
229.63,293,296
229.64,302,301
229.71,340,338
229.71,315,305
229.71,302,305
229.71,328,329
229.71,307,306
229.71,346,348
229.71,314,311
229.77,311,313
229.77,309,309
229.77,335,339
229.77,320,316
229.77,305,308
229.77,304,301
229.77,308,310
229.83,328,324
229.83,307,309
229.83,322,319
229.83,309,312
229.83,325,322
229.83,306,305
229.84,315,317
229.89,309,302
229.89,300,304
229.89,313,314
229.89,331,329
229.89,287,288
229.89,332,337
229.9,311,306
229.95,322,326
229.95,324,323
229.95,339,342
229.95,331,328
229.95,306,309
229.96,325,321
229.97,305,304
230.03,329,330
230.03,320,317
230.03,352,354
230.03,331,327
230.03,340,343
230.03,321,318
230.03,325,326
230.09,322,322
230.09,316,316
230.09,309,308
230.09,318,317
230.1,320,320
230.1,334,335
230.1,336,333
230.16,324,326
230.16,332,330
230.16,307,303
230.16,338,338
230.16,316,313
230.16,310,310
230.17,298,296
230.22,335,334
230.22,296,292
230.22,328,329
230.22,298,297
230.22,316,319
230.22,323,319
230.23,328,330
230.28,354,349
230.28,301,302
230.28,363,367
230.28,352,351
230.28,361,358
230.29,338,334
230.3,338,338
230.36,303,300
230.36,342,347
230.36,335,330
230.36,317,318
230.36,309,313
230.36,326,322
230.36,289,289
230.42,308,316
230.42,331,323
230.42,329,339
230.42,374,370
230.42,318,316
230.42,311,309
230.43,310,315
230.49,362,365
230.49,315,307
230.49,306,309
230.49,319,318
230.49,332,330
230.49,316,317
230.49,339,340
230.55,330,325
230.55,313,321
230.55,335,331
230.55,317,321
230.55,340,340
230.55,324,323
230.56,319,314
230.61,339,342
230.61,340,338
230.61,304,302
230.61,328,332
230.61,340,337
230.62,307,307
230.62,317,317
230.67,324,324
230.67,312,311
230.67,330,332
230.67,324,324
230.67,316,315
230.68,310,306
230.69,323,328
230.75,330,326
230.75,299,302
230.75,358,356
230.75,320,318
230.75,324,323
230.75,290,289
230.75,315,316
230.81,303,300
230.81,320,320
230.81,315,316
230.81,324,323
230.81,309,306
230.81,318,322
230.82,308,304
230.88,320,324
230.88,337,335
230.88,311,313
230.88,303,299
230.88,297,302
230.88,335,338
230.89,331,327
230.94,302,302
230.94,295,294
230.94,322,321
230.94,287,284
230.94,287,289
230.94,309,310
230.95,334,333
231.0,304,298
231.0,307,310
231.0,299,293
231.0,290,292
231.0,303,301
231.01,298,302
231.02,334,331
231.08,294,295
231.08,331,330
231.08,282,282
231.08,313,313
231.08,293,292
231.08,320,325
231.08,310,306
231.14,325,328
231.14,305,303
231.14,320,321
231.14,310,307
231.14,318,292
231.14,356,384
231.15,271,238
231.2,370,411
231.2,294,261
231.2,274,311
231.2,351,320
231.2,297,325
231.21,428,389
231.21,238,263
231.27,469,451
231.27,242,257
231.27,434,416
231.27,203,213
231.27,438,437
231.27,216,213
231.28,399,404
231.34,323,322
231.34,352,350
231.34,338,336
231.34,337,335
231.34,313,313
231.34,356,355
231.34,336,333
231.41,327,331
231.41,301,296
231.41,330,333
231.41,334,329
231.41,324,327
231.41,309,303
231.41,312,317
231.47,337,334
231.47,326,329
231.47,342,339
231.47,311,319
231.47,329,326
231.47,314,314
231.48,320,320
231.53,319,318
231.53,317,319
231.53,316,323
231.53,325,323
231.53,311,312
231.53,323,322
231.54,317,316
231.59,321,320
231.59,320,317
231.59,334,339
231.59,637,635
231.59,634,634
231.6,633,635
231.61,386,335
231.67,249,264
231.67,355,351
231.67,310,309
231.67,317,317
231.67,341,431
231.67,421,374
231.67,233,287
231.73,409,386
231.73,204,254
231.73,422,400
231.73,0,0
231.73,634,635
231.73,432,171
231.73,294,513
231.79,576,505
231.79,257,273
231.79,351,347
231.79,374,399
231.79,638,635
231.79,609,567
231.8,204,204
231.86,341,350
231.86,325,319
231.86,313,314
231.86,322,322
231.86,319,318
231.86,638,635
231.86,635,633
231.92,221,271
231.92,333,217
231.92,315,447
231.92,472,395
231.92,222,296
231.92,457,420
231.93,148,202
231.98,578,531
231.98,0,27
231.98,605,627
231.98,92,8
231.98,117,236
231.98,605,562
231.99,22,78
232.04,629,629
232.04,0,0
232.04,0,8
232.04,206,234
232.04,46,52
232.04,480,554
232.05,398,276
232.05,183,354
232.06,631,617
232.12,129,156
232.12,524,485
232.12,37,81
232.12,617,625
232.12,13,0
232.12,280,417
232.12,637,636
232.13,0,0
232.18,74,431
232.18,636,585
232.18,0,0
232.18,638,636
232.18,0,0
232.18,0,0
232.18,637,637
232.18,0,0
232.24,0,6
232.25,636,635
232.25,0,0
232.25,0,329
232.25,636,378
232.25,0,0
232.25,613,636
232.25,97,2
232.31,0,0
232.31,637,637
232.31,0,0
232.31,0,0
232.31,636,636
232.31,0,0
232.31,0,55
232.31,635,622
232.31,0,0
232.31,151,497
232.37,564,207
232.37,0,0
232.37,638,636
232.37,0,0
232.37,0,0
232.37,636,637
232.37,0,0
232.37,2,0
232.38,637,636
232.38,0,0
232.39,0,151
232.4,637,530
232.4,0,0
232.47,359,601
232.47,341,56
232.47,0,0
232.47,638,636
232.47,0,0
232.47,0,0
232.47,0,0
232.47,0,0
232.47,312,355
232.47,97,13
232.53,109,212
232.53,635,630
232.53,0,0
232.53,277,474
232.53,609,552
232.53,0,0
232.53,610,633
232.59,499,354
232.59,0,13
232.59,635,634
232.59,196,41
232.59,73,199
232.59,630,595
232.59,87,239
232.6,637,635
232.61,277,34
232.61,0,0
232.62,636,636
232.63,0,0
232.63,0,7
232.68,636,627
232.68,0,0
232.68,0,318
232.68,630,298
232.68,0,0
232.68,611,635
232.68,0,0
232.69,0,0
232.7,635,636
232.76,0,0
232.76,0,0
232.76,635,635
232.76,0,0
232.76,0,50
232.76,636,607
232.76,0,0
232.76,137,487
232.76,515,162
232.77,0,0
232.82,636,636
232.82,0,0
232.82,0,0
232.82,637,636
232.82,0,0
232.82,0,0
232.82,636,635
232.82,0,0
232.83,0,161
232.89,636,499
232.89,0,0
232.89,368,603
232.89,285,36
232.89,0,0
232.89,637,636
232.89,0,0
232.89,0,0
232.95,636,636
232.95,0,0
232.95,0,11
232.95,636,631
232.95,0,0
232.95,10,359
232.95,623,281
232.95,0,0
232.95,635,636
232.96,0,0
232.96,0,0
233.03,635,636
233.03,0,0
233.03,0,0
233.03,637,637
233.03,0,0
233.03,0,60
233.03,637,596
233.03,0,0
233.03,165,508
233.04,491,142
233.09,0,0
233.09,637,636
233.09,0,0
233.09,0,0
233.09,636,636
233.09,0,0
233.09,0,0
233.09,637,636
233.1,0,0
233.11,0,171
233.11,636,484
233.12,0,0
233.13,387,608
233.18,250,27
233.18,0,49
233.18,37,44
233.18,147,216
233.18,636,631
233.18,272,146
233.19,83,146
233.2,629,615
233.2,57,11
233.21,229,355
233.22,439,341
233.28,143,221
233.28,523,459
233.28,86,139
233.28,601,572
233.28,32,47
233.28,523,568
233.34,184,111
233.34,391,481
233.34,321,224
233.34,255,354
233.34,175,27
233.34,0,0
233.34,437,470
233.34,243,192
233.4,426,489
233.4,272,192
233.4,334,423
233.4,390,307
233.4,245,308
233.4,429,377
233.41,164,210
233.46,494,454
233.46,122,156
233.46,526,500
233.46,114,129
233.46,526,519
233.47,140,138
233.47,494,503
233.53,196,175
233.53,483,605
233.53,0,0
233.53,23,80
233.53,499,509
233.53,278,255
233.54,368,381
233.54,280,263
233.55,356,378
233.6,300,274
233.6,319,347
233.6,345,317
233.6,303,327
233.6,362,346
233.61,281,293
233.62,368,358
233.68,277,285
233.68,367,361
233.68,279,281
233.68,364,361
233.68,281,280
233.68,336,261
233.68,0,0
233.74,0,0
233.74,169,227
233.74,407,404
233.74,337,331
233.74,290,283
233.74,334,345
233.74,320,306
233.81,308,321
233.81,338,328
233.81,300,307
233.81,349,341
233.81,297,302
233.81,353,346
233.81,293,297
233.87,359,359
233.87,306,309
233.87,389,382
233.87,297,295
233.87,355,362
233.87,632,626
233.87,635,635
233.93,637,637
233.93,637,636
233.93,637,636
233.93,638,637
233.93,635,636
233.93,636,636
233.94,638,636
233.99,637,636
233.99,637,636
233.99,635,636
233.99,638,636
233.99,638,636
233.99,638,636
234.0,636,637
234.05,637,636
234.05,635,636
234.05,636,635
234.05,636,636
234.05,638,636
234.06,637,637
234.07,638,636
234.13,637,636
234.13,637,636
234.13,637,636
234.13,635,635
234.13,637,636
234.13,637,636
234.13,637,636
234.19,637,636
234.19,637,636
234.19,638,636
234.19,637,636
234.19,636,636
234.19,636,636
234.2,636,636
234.26,634,636
234.26,636,636
234.26,636,636
234.26,637,636
234.26,636,636
234.26,633,617
234.26,89,29
234.27,0,0
234.27,0,0
234.33,0,14
234.33,347,385
234.33,415,393
234.33,286,280
234.34,320,324
234.34,327,325
234.34,314,315
234.35,323,322
234.36,317,317
234.36,321,320
234.43,319,318
234.43,321,320
234.43,320,318
234.43,321,320
234.43,318,319
234.43,321,320
234.43,321,320
234.49,321,319
234.49,309,304
234.49,279,281
234.49,342,347
234.49,312,307
234.49,352,365
234.49,375,365
234.55,385,398
234.55,414,409
234.55,413,419
234.55,458,452
234.55,429,433
234.55,476,471
234.56,418,419
234.61,474,474
234.61,430,431
234.61,480,478
234.61,433,429
234.61,467,467
234.62,439,436
234.63,449,451
234.68,447,446
234.68,488,494
234.68,18,0
234.68,0,0
234.68,0,0
234.68,0,0
234.68,0,0
234.68,0,0
234.68,0,0
234.69,0,0
234.74,0,0
234.74,0,0
234.74,0,0
234.74,85,111
234.74,264,277
234.74,376,385
234.74,372,361
234.75,355,373
234.8,496,504
234.8,466,453
234.8,464,483
234.8,580,582
234.8,520,511
234.81,538,554
234.81,565,554
234.88,526,535
234.88,582,574
234.88,546,551
234.88,590,588
234.88,545,548
234.88,608,608
234.88,544,545
234.94,591,592
234.94,562,558
234.94,572,572
234.94,533,531
234.94,599,604
234.94,551,541
234.94,534,538
235.0,508,498
235.0,496,501
235.0,500,492
235.0,485,490
235.0,519,513
235.01,488,494
235.01,540,535
235.07,467,466
235.07,510,513
235.07,471,466
235.07,515,520
235.07,521,515
235.07,433,422
235.08,271,266
235.13,362,378
235.13,384,376
235.13,411,422
235.13,402,395
235.13,414,422
235.13,425,417
235.14,379,383
235.19,430,426
235.19,393,397
235.19,424,419
235.19,387,388
235.19,417,417
235.2,398,398
235.21,448,444
235.27,386,385
235.27,441,449
235.27,424,413
235.27,396,402
235.27,418,419
235.27,421,421
235.27,395,387
235.33,370,378
235.33,393,386
235.33,386,392
235.33,404,399
235.33,371,370
235.33,389,387
235.34,365,365
235.39,385,382
235.39,335,332
235.39,350,355
235.39,357,356
235.39,362,366
235.4,348,341
235.4,345,349
235.46,356,349
235.46,329,334
235.46,346,341
235.46,316,320
235.46,354,353
235.46,343,337
235.47,315,318
235.52,318,317
235.52,318,322
235.52,323,317
235.52,322,323
235.52,330,330
235.53,314,311
235.53,303,302
235.6,326,330
235.6,335,331
235.6,317,318
235.6,306,303
235.6,311,310
235.6,306,302
235.6,295,296
235.66,313,309
235.66,289,287
235.66,312,311
235.66,292,289
235.66,300,302
235.66,297,298
235.67,309,307
235.72,282,282
235.72,309,313
235.72,294,287
235.72,293,299
235.72,299,292
235.72,312,320
235.73,332,325
235.78,288,291
235.78,299,295
235.78,283,283
235.78,285,280
235.78,273,274
235.79,282,281
235.8,265,267
235.85,287,285
235.85,285,286
235.85,288,291
235.85,262,261
235.85,290,291
235.85,283,278
235.86,265,269
235.92,273,270
235.92,276,281
235.93,283,276
235.93,256,262
235.93,304,303
235.93,306,308
235.93,308,309
235.99,290,288
235.99,312,310
235.99,267,268
235.99,337,337
235.99,289,284
235.99,293,293
235.99,289,287
236.05,309,312
236.05,318,313
236.05,296,295
236.05,275,274
236.05,298,303
236.05,339,333
236.06,275,278
236.11,305,307
236.11,321,322
236.11,297,297
236.11,306,307
236.11,318,317
236.12,302,299
236.12,298,297
236.17,288,289
236.17,306,302
236.18,290,287
236.18,288,291
236.18,297,294
236.18,285,288
236.19,300,297
236.25,290,293
236.25,279,272
236.25,270,271
236.25,311,315
236.25,292,288
236.25,295,294
236.26,317,315
236.31,302,303
236.32,302,300
236.32,312,313
236.32,304,302
236.32,300,301
236.32,299,297
236.32,318,322
236.38,297,292
236.38,286,289
236.38,305,300
236.38,275,277
236.38,314,312
236.38,280,279
236.39,304,304
236.44,289,284
236.44,307,312
236.44,324,320
236.44,315,313
236.44,304,303
236.44,309,311
236.45,320,317
236.52,323,326
236.52,320,316
236.52,296,298
236.52,315,314
236.52,307,306
236.52,297,292
236.52,283,287
236.58,320,319
236.58,289,290
236.58,315,315
236.58,296,295
236.58,302,302
236.58,308,310
236.58,319,317
236.64,309,309
236.64,338,347
236.64,348,341
236.64,325,325
236.64,306,304
236.64,327,330
236.65,316,314
236.7,313,316
236.7,337,335
236.7,309,310
236.7,329,328
236.7,297,296
236.71,317,322
236.71,324,323
236.77,324,322
236.77,335,333
236.77,320,320
236.77,313,310
236.77,323,328
236.77,335,333
236.78,323,321
236.84,314,312
236.84,303,302
236.84,315,313
236.84,298,302
236.84,329,327
236.84,320,319
236.85,341,340
236.91,338,337
236.91,343,343
236.91,332,327
236.91,334,334
236.91,319,313
236.91,314,321
236.91,345,344
236.92,348,352
236.93,362,354
236.94,323,329
237.0,361,355
237.0,315,313
237.0,322,322
237.0,329,333
237.0,344,344
237.0,325,325
237.01,334,332
237.06,316,317
237.06,342,342
237.06,340,336
237.06,332,331
237.06,337,333
237.06,320,322
237.07,316,315
237.13,313,315
237.13,317,314
237.13,296,300
237.13,351,348
237.13,296,297
237.13,336,338
237.14,327,327
237.19,318,316
237.19,303,303
237.19,320,321
237.19,309,308
237.19,337,335
237.19,302,298
237.2,307,312
237.25,300,293
237.25,309,316
237.25,320,311
237.25,289,293
237.25,315,311
237.26,290,293
237.27,337,334
237.33,305,303
237.33,306,305
237.33,290,287
237.33,332,336
237.33,282,280
237.33,312,314
237.33,317,316
237.39,349,349
237.39,315,307
237.39,305,311
237.39,317,312
237.39,316,321
237.39,328,323
237.4,305,310
237.45,310,306
237.45,305,311
237.46,331,325
237.46,299,301
237.46,327,326
237.46,300,298
237.46,329,329
237.52,297,296
237.52,313,320
237.52,327,324
237.52,317,319
237.52,325,320
237.52,325,327
237.53,325,319
237.58,317,319
237.58,333,330
237.58,318,324
237.58,352,346
237.58,300,304
237.59,353,350
237.59,314,316
237.66,347,346
237.66,318,316
237.66,341,341
237.66,311,307
237.66,338,338
237.66,323,320
237.66,322,323
237.72,346,346
237.72,324,325
237.72,325,320
237.72,303,305
237.72,319,317
237.72,293,295
237.73,323,320
237.78,304,306
237.78,326,327
237.78,310,311
237.78,334,338
237.78,345,341
237.78,332,333
237.79,292,288
237.85,313,319
237.85,314,309
237.85,310,315
237.85,338,334
237.85,324,327
237.85,340,338
237.86,314,314
237.91,351,349
237.91,328,323
237.91,310,307
237.91,306,313
237.91,346,341
237.91,277,276
237.92,329,331
237.99,324,319
237.99,320,325
237.99,310,307
237.99,317,324
237.99,339,335
237.99,352,359
237.99,338,328
238.05,317,321
238.05,346,343
238.05,317,318
238.05,340,340
238.05,309,306
238.05,336,337
238.05,304,300
238.11,344,352
238.11,357,349
238.11,323,323
238.11,321,319
238.11,327,325
238.11,298,297
238.12,318,318
238.17,310,304
238.17,313,313
238.17,334,334
238.17,319,320
238.17,339,336
238.18,324,326
238.18,343,339
238.24,312,314
238.24,337,338
238.24,317,317
238.24,326,326
238.24,314,313
238.24,357,359
238.25,340,338
238.31,366,365
238.31,333,326
238.32,330,334
238.32,331,332
238.32,334,335
238.32,314,307
238.32,319,323
238.38,345,344
238.38,335,337
238.38,347,348
238.38,320,315
238.38,328,332
238.38,350,345
238.38,296,292
238.44,310,315
238.44,329,328
238.44,300,299
238.44,306,306
238.44,305,303
238.44,300,306
238.45,336,332
238.5,322,326
238.5,345,341
238.5,308,307
238.5,347,343
238.5,303,300
238.5,320,322
238.51,301,304
238.57,331,335
238.57,295,287
238.57,332,340
238.57,316,314
238.57,355,357
238.57,326,320
238.58,305,313
238.63,334,333
238.63,343,345
238.63,338,337
238.63,310,307
238.63,300,299
238.64,296,296
238.64,333,336
238.7,328,325
238.7,315,315
238.7,316,319
238.7,326,326
238.7,301,302
238.7,301,299
238.71,295,293
238.77,315,316
238.77,289,285
238.77,300,306
238.77,324,319
238.77,301,308
238.77,340,335
238.77,301,300
238.83,318,318
238.83,303,303
238.83,304,304
238.83,292,291
238.83,312,312
238.83,325,325
238.84,301,300
238.89,303,303
238.89,298,299
238.89,315,318
238.89,339,342
238.89,330,328
238.9,336,340
238.91,351,349
238.97,321,324
238.97,350,349
238.97,310,311
238.97,347,347
238.97,293,290
238.97,344,350
238.97,330,326
239.03,317,317
239.03,315,318
239.03,332,331
239.03,300,295
239.03,297,298
239.03,323,322
239.04,312,315
239.09,314,309
239.09,296,299
239.09,324,321
239.09,287,288
239.09,322,322
239.09,309,311
239.1,347,347
239.16,328,325
239.16,340,343
239.16,328,324
239.16,303,305
239.16,330,331
239.16,345,342
239.17,315,310
239.22,330,336
239.22,329,324
239.22,320,326
239.22,326,321
239.22,308,312
239.23,332,328
239.23,283,280
239.3,308,312
239.3,317,312
239.3,309,310
239.3,305,304
239.3,322,322
239.3,282,280
239.3,318,330
239.36,325,319
239.36,320,322
239.36,329,327
239.36,323,324
239.36,325,323
239.36,321,319
239.36,321,316
239.42,303,305
239.42,334,334
239.42,298,297
239.42,329,331
239.42,319,317
239.42,313,313
239.43,302,304
239.48,327,332
239.48,330,328
239.48,326,328
239.48,328,326
239.48,333,336
239.49,329,323
239.5,327,331
239.55,322,318
239.55,326,323
239.55,318,318
239.55,320,321
239.55,317,314
239.55,312,318
239.56,361,357
239.62,305,303
239.62,342,341
239.62,339,339
239.62,316,316
239.62,313,311
239.62,340,341
239.63,333,333
239.69,317,317
239.69,325,323
239.69,318,319
239.69,339,337
239.69,323,321
239.69,342,340
239.69,313,308
239.75,319,322
239.75,322,321
239.75,316,314
239.75,306,308
239.75,329,327
239.75,308,305
239.76,336,340
239.81,370,368
239.81,361,361
239.81,336,332
239.81,329,329
239.81,334,332
239.81,322,323
239.82,354,355
239.89,320,319
239.89,324,322
239.89,307,306
239.89,335,341
239.89,332,327
239.89,347,353
239.89,328,319
239.95,313,319
239.95,338,339
239.95,335,333
239.95,306,304
239.95,303,307
239.95,310,305
239.95,302,309
240.01,351,344
240.01,318,321
240.01,323,316
240.01,338,342
240.01,355,353
240.01,320,314
240.02,315,315
240.08,293,294
240.08,319,320
240.08,315,315
240.08,341,339
240.08,312,309
240.08,336,337
240.09,317,314
240.14,335,337
240.14,316,316
240.14,307,310
240.14,330,330
240.14,311,312
240.14,324,324
240.15,315,312
240.22,316,319
240.22,335,334
240.22,361,358
240.22,314,310
240.22,321,321
240.22,297,293
240.22,309,314
240.28,315,314
240.28,315,315
240.28,313,312
240.28,321,318
240.28,300,301
240.28,306,305
240.28,314,310
240.34,291,290
240.34,313,313
240.34,314,311
240.34,309,310
240.34,326,329
240.34,346,346
240.35,323,315
240.4,319,322
240.4,328,327
240.4,363,362
240.4,317,312
240.4,311,312
240.4,320,319
240.41,333,335
240.46,328,323
240.46,317,323
240.46,360,355
240.46,274,272
240.46,332,333
240.47,286,287
240.48,332,335
240.54,325,323
240.54,315,313
240.54,311,306
240.54,322,329
240.54,320,316
240.54,326,328
240.54,314,311
240.6,318,321
240.6,321,318
240.6,322,323
240.6,355,350
240.6,290,291
240.61,346,351
240.61,309,304
240.67,338,342
240.67,318,314
240.67,330,332
240.67,318,312
240.67,300,302
240.67,293,289
240.67,306,311
240.73,323,321
240.73,326,331
240.73,358,362
240.73,347,340
240.73,315,314
240.73,344,345
240.74,331,327
240.79,354,357
240.79,362,360
240.79,301,297
240.79,324,328
240.79,314,313
240.8,332,331
240.81,319,317
240.87,325,323
240.87,316,314
240.87,327,330
240.87,326,323
240.87,303,304
240.87,333,329
240.87,307,310
240.93,325,323
240.93,290,287
240.93,315,316
240.93,299,299
240.93,352,352
240.93,316,314
240.94,344,350
241.0,369,365
241.0,346,348
241.0,344,344
241.0,358,359
241.0,317,311
241.0,320,324
241.0,309,307
241.06,310,311
241.06,326,328
241.06,339,336
241.06,345,346
241.06,320,318
241.06,330,332
241.07,313,311
241.12,340,342
241.12,316,317
241.12,348,348
241.12,318,314
241.12,326,327
241.13,310,307
241.13,329,332
241.18,324,320
241.18,312,315
241.18,350,347
241.18,310,312
241.18,321,319
241.19,296,299
241.2,329,328
241.26,308,306
241.26,342,339
241.26,301,300
241.26,334,339
241.26,305,298
241.26,315,319
241.26,320,319
241.33,328,333
241.33,352,342
241.33,279,281
241.33,292,291
241.33,299,302
241.33,329,325
241.33,313,315
241.39,306,304
241.39,299,298
241.39,318,317
241.39,292,296
241.39,325,324
241.39,290,289
241.4,321,324
241.45,316,312
241.45,296,300
241.45,314,311
241.45,316,318
241.45,330,327
241.45,334,338
241.46,325,317
241.51,337,343
241.51,343,334
241.51,294,295
241.51,337,338
241.51,306,305
241.52,328,331
241.53,317,313
241.59,340,346
241.59,333,327
241.59,333,335
241.59,309,305
241.59,339,349
241.59,324,316
241.59,313,319
241.65,351,343
241.65,313,315
241.65,318,308
241.65,285,290
241.65,329,325
241.65,288,291
241.66,365,366
241.71,301,297
241.71,335,337
241.71,329,328
241.71,341,341
241.71,306,302
241.72,333,337
241.72,301,297
241.78,305,310
241.78,320,318
241.78,305,309
241.78,311,309
241.78,312,314
241.78,331,326
241.79,296,300
241.84,342,341
241.84,309,311
241.84,333,333
241.84,308,309
241.84,331,328
241.85,302,301
241.85,310,313
241.92,296,297
241.92,321,323
241.92,317,314
241.92,319,321
241.92,328,326
241.92,307,310
241.92,350,350
241.98,338,338
241.98,330,328
241.98,329,327
241.98,333,335
241.98,323,319
241.98,338,341
241.99,328,327
242.04,322,322
242.04,327,330
242.04,337,332
242.04,320,319
242.04,336,333
242.04,301,304
242.05,324,325
242.1,318,316
242.1,289,291
242.1,322,321
242.1,313,314
242.1,315,313
242.11,297,296
242.12,322,322
242.18,300,296
242.18,309,313
242.18,304,302
242.18,320,318
242.18,300,299
242.18,346,351
242.18,306,295
242.24,303,314
242.24,338,334
242.24,330,330
242.24,338,337
242.24,326,329
242.24,331,324
242.25,331,340
242.3,374,366
242.3,291,290
242.3,348,351
242.3,322,318
242.3,309,307
242.31,312,315
242.31,327,329
242.37,305,303
242.37,345,351
242.37,338,331
242.37,297,296
242.37,312,313
242.37,310,311
242.38,316,312
242.44,286,290
242.44,327,327
242.44,314,312
242.44,327,328
242.44,330,331
242.44,320,315
242.44,326,327
242.51,346,344
242.51,303,299
242.51,317,320
242.51,342,342
242.51,336,337
242.51,337,331
242.51,296,298
242.57,318,316
242.57,318,321
242.57,322,315
242.57,298,300
242.57,320,321
242.57,320,321
242.58,336,333
242.63,287,287
242.63,309,311
242.63,295,295
242.63,324,326
242.63,310,309
242.63,318,320
242.64,337,334
242.7,335,335
242.7,335,331
242.7,308,310
242.7,310,305
242.7,313,318
242.7,329,325
242.71,292,293
242.76,326,323
242.76,293,291
242.76,339,343
242.76,345,344
242.76,349,345
242.77,318,318
242.77,346,350
242.83,336,330
242.83,321,328
242.83,342,340
242.83,338,339
242.83,348,348
242.83,343,342
242.84,345,345
242.9,326,325
242.9,335,335
242.9,318,321
242.9,342,342
242.9,313,310
242.9,332,334
242.9,316,313
242.96,328,335
242.96,331,324
242.96,309,313
242.96,353,351
242.97,316,324
242.97,331,323
242.97,296,301
243.03,344,345
243.03,302,300
243.03,345,345
243.03,325,324
243.03,330,323
243.03,300,299
243.03,326,326
243.09,288,290
243.09,331,332
243.09,329,325
243.09,323,321
243.09,325,323
243.09,322,323
243.1,328,328
243.16,333,332
243.16,306,303
243.16,311,315
243.16,323,317
243.16,293,296
243.16,328,328
243.17,330,331
243.23,311,305
243.23,287,288
243.23,339,339
243.23,328,325
243.23,312,312
243.23,300,300
243.23,329,329
243.29,313,308
243.29,298,301
243.29,306,304
243.29,307,312
243.29,331,326
243.29,304,306
243.3,338,337
243.36,308,303
243.36,326,330
243.36,315,313
243.36,324,326
243.36,305,302
243.36,334,339
243.36,312,310
243.42,329,328
243.42,308,305
243.42,311,314
243.42,322,318
243.42,320,319
243.42,316,318
243.43,316,319
243.48,329,325
243.48,307,309
243.48,336,332
243.48,307,308
243.48,335,333
243.48,313,313
243.49,330,331
243.55,316,319
243.55,334,331
243.55,310,309
243.55,318,320
243.55,319,314
243.55,291,298
243.56,366,359
243.62,287,289
243.62,385,384
243.62,318,318
243.62,361,356
243.62,288,281
243.62,333,340
243.62,300,292
243.69,330,338
243.69,316,310
243.69,313,320
243.69,325,320
243.69,320,327
243.69,348,339
243.69,311,314
243.75,322,319
243.75,317,321
243.75,324,325
243.75,332,336
243.75,352,348
243.75,290,285
243.76,332,339
243.81,303,297
243.81,340,350
243.81,311,301
243.81,340,349
243.81,329,317
243.81,408,417
243.82,250,270
243.88,569,518
243.88,638,635
243.88,636,636
243.88,636,635
243.88,636,635
243.88,579,623
243.89,615,578
243.94,0,0
243.94,388,544
243.94,619,582
243.94,0,12
243.94,636,634
243.94,0,0
243.94,137,314
243.95,632,625
243.96,0,0
244.02,636,636
244.02,635,635
244.02,635,636
244.02,635,636
244.02,277,272
244.02,637,636
244.02,592,344
244.08,636,635
244.08,637,621
244.08,637,636
244.08,636,636
244.08,637,636
244.08,638,636
244.09,635,635
244.14,636,636
244.14,637,636
244.14,637,636
244.14,612,635
244.14,637,635
244.14,369,532
244.15,636,636
244.2,489,390
244.2,637,636
244.21,635,543
244.21,636,636
244.21,637,635
244.21,636,635
244.22,638,636
244.28,637,636
244.28,635,636
244.28,638,636
244.28,636,636
244.28,637,636
244.28,637,636
244.28,473,614
244.34,637,636
244.34,362,437
244.34,634,635
244.34,626,418
244.34,637,636
244.34,636,603
244.35,636,636
244.41,635,636
244.41,636,636
244.41,636,636
244.41,638,636
244.41,638,636
244.41,635,636
244.41,637,636
244.47,557,633
244.47,637,637
244.47,309,495
244.47,635,635
244.47,434,354
244.47,635,636
244.48,637,511
244.53,637,636
244.53,638,635
244.53,636,636
244.53,637,636
244.53,638,635
244.54,637,636
244.55,634,636
244.61,637,636
244.61,634,636
244.61,636,636
244.61,462,613
244.61,636,637
244.61,352,465
244.61,636,636
244.67,594,415
244.67,639,637
244.67,638,590
244.67,638,636
244.67,638,636
244.67,637,636
244.68,637,636
244.73,636,636
244.73,635,637
244.73,636,636
244.73,636,636
244.73,637,637
244.73,638,636
244.74,381,562
244.79,638,636
244.79,404,365
244.79,638,637
244.79,635,471
244.79,636,637
244.8,637,629
244.81,635,636
244.86,638,636
244.86,637,636
244.86,638,636
244.86,637,637
244.86,637,636
244.86,636,636
244.87,638,637
244.93,454,613
244.93,637,636
244.93,298,432
244.94,637,637
244.94,542,372
244.94,637,636
244.94,638,567
245.0,635,636
245.0,637,636
245.0,638,637
245.0,637,637
245.0,636,636
245.0,637,637
245.0,637,636
245.06,639,636
245.06,636,636
245.06,637,637
245.06,315,527
245.06,637,637
245.06,335,309
245.07,636,637
245.12,633,437
245.12,638,637
245.12,638,622
245.12,637,637
245.12,637,636
245.13,638,637
245.14,638,636
245.19,637,636
245.19,637,636
245.19,637,636
245.19,636,636
245.19,533,631
245.19,637,637
245.2,307,467
245.26,636,636
245.26,485,346
245.26,638,637
245.26,636,538
245.26,637,636
245.26,637,636
245.27,637,637
245.33,637,637
245.33,638,636
245.33,637,636
245.33,637,636
245.33,635,636
245.33,635,636
245.33,636,636
245.39,265,504
245.39,638,636
245.39,259,246
245.39,637,636
245.39,618,359
245.39,636,637
245.4,637,600
245.45,636,636
245.45,638,636
245.45,638,636
245.45,638,636
245.45,636,636
245.45,635,636
245.46,637,637
245.53,637,637
245.53,433,612
245.53,638,637
245.53,195,360
245.53,637,636
245.53,412,255
245.53,636,636
245.59,636,493
245.59,637,636
245.59,637,635
245.59,635,635
245.59,636,636
245.59,637,635
245.59,636,636
245.65,637,635
245.65,635,635
245.65,636,636
245.65,637,636
245.65,319,549
245.65,636,635
245.66,262,311
245.72,635,635
245.72,579,338
245.72,636,636
245.72,635,583
245.72,636,636
245.72,638,636
245.73,637,637
245.78,637,636
245.78,637,636
245.78,637,636
245.78,637,636
245.78,636,635
245.78,567,634
245.79,635,636
245.84,281,483
245.84,635,636
245.84,383,299
245.84,636,635
245.84,634,462
245.85,636,635
245.86,637,630
245.92,636,636
245.92,637,636
245.92,637,636
245.92,637,635
245.92,637,636
245.92,636,636
245.92,635,635
245.98,636,636
245.98,378,584
245.98,638,636
245.98,238,332
245.98,637,636
245.98,529,315
245.99,636,635
246.04,635,558
246.04,636,636
246.04,637,636
246.04,637,636
246.04,636,635
246.04,637,636
246.05,636,636
246.1,635,636
246.1,636,635
246.1,633,635
246.1,637,636
246.1,290,507
246.11,636,635
246.12,332,290
246.17,636,636
246.17,634,411
246.17,636,635
246.17,636,618
246.17,638,636
246.18,638,637
246.18,637,637
246.25,636,636
246.25,636,636
246.25,635,636
246.25,636,636
246.25,635,636
246.25,317,563
246.25,635,636
246.31,195,317
246.31,638,636
246.31,476,295
246.31,638,636
246.31,634,533
246.31,637,636
246.31,637,636
246.37,637,636
246.37,635,636
246.37,637,636
246.37,635,635
246.37,634,635
246.37,637,635
246.38,633,636
246.43,638,636
246.43,316,538
246.43,638,636
246.44,312,329
246.44,636,636
246.44,628,396
246.45,637,636
246.5,637,608
246.5,636,636
246.5,637,635
246.5,636,635
246.5,635,636
246.5,634,635
246.51,636,636
246.58,637,636
246.58,636,636
246.58,485,622
246.58,636,636
246.58,246,418
246.58,636,636
246.58,428,271
246.64,638,636
246.64,636,493
246.64,635,635
246.64,637,634
246.64,634,635
246.64,638,636
246.64,637,636
246.7,638,636
246.7,636,636
246.7,637,636
246.7,636,636
246.7,638,636
246.7,271,514
246.71,637,636
246.76,219,221
246.76,637,636
246.76,578,305
246.76,638,636
246.76,636,577
246.77,637,636
246.77,636,635
246.83,636,636
246.83,637,636
246.83,637,636
246.83,635,636
246.83,638,636
246.83,637,636
246.84,443,615
246.89,638,636
246.89,228,426
246.89,637,636
246.89,373,258
246.89,636,636
246.9,636,460
246.9,635,636
246.97,636,631
246.97,638,636
246.97,637,636
246.97,638,637
246.97,637,636
246.97,637,636
246.97,635,636
247.03,635,636
247.03,637,636
247.03,296,542
247.03,637,636
247.03,221,282
247.03,637,637
247.04,547,302
247.09,638,636
247.09,636,564
247.09,638,636
247.09,638,636
247.09,636,636
247.09,637,637
247.1,635,636
247.15,637,636
247.16,635,636
247.16,635,636
247.16,516,629
247.16,637,637
247.16,239,453
247.17,635,636
247.22,340,276
247.22,638,636
247.22,636,436
247.22,637,636
247.22,638,624
247.22,636,636
247.23,635,636
247.29,637,636
247.29,638,636
247.29,636,636
247.29,637,636
247.29,637,637
247.29,635,636
247.3,327,564
247.36,637,636
247.36,208,304
247.36,637,636
247.36,498,278
247.36,636,636
247.36,636,541
247.36,638,636
247.42,637,636
247.42,637,636
247.42,635,637
247.42,636,636
247.42,637,637
247.42,636,637
247.43,638,636
247.48,527,631
247.48,636,636
247.48,206,437
247.48,636,636
247.48,278,219
247.49,637,636
247.49,632,380
247.56,637,636
247.56,635,613
247.56,638,636
247.56,636,636
247.56,636,636
247.56,636,636
247.56,637,637
247.62,637,636
247.62,636,636
247.62,635,637
247.62,361,583
247.62,635,635
247.62,187,309
247.63,637,636
247.69,472,373
247.69,637,635
247.69,637,637
247.69,637,637
247.69,555,613
247.69,635,635
247.69,0,0
247.75,636,635
247.75,573,444
247.75,70,175
247.75,633,618
247.75,0,7
247.75,637,634
247.75,242,47
247.76,141,272
247.76,565,475
247.83,46,121
247.83,634,618
247.83,0,2
247.83,636,635
247.83,366,150
247.83,263,432
247.83,523,419
247.83,105,191
247.89,590,524
247.89,21,85
247.89,633,633
247.89,0,0
247.89,435,584
247.89,549,471
247.9,56,134
247.9,633,616
247.91,0,5
247.92,636,635
247.97,395,204
247.97,207,348
247.97,526,430
247.97,82,172
247.97,634,614
247.97,0,6
247.98,637,635
247.99,342,94
247.99,82,183
248.01,631,585
248.01,0,30
248.02,635,634
248.08,0,0
248.08,170,314
248.08,632,614
248.08,0,5
248.08,637,636
248.08,637,500
248.08,635,636
248.14,636,636
248.14,637,636
248.14,637,636
248.14,637,636
248.14,635,636
248.14,636,636
248.14,635,637
248.2,635,636
248.2,638,637
248.2,637,636
248.2,636,636
248.2,638,636
248.2,636,637
248.21,636,636
248.26,638,636
248.26,636,636
248.26,638,636
248.26,637,636
248.26,638,636
248.26,636,636
248.27,481,604
248.32,636,636
248.32,36,125
248.32,637,636
248.32,0,0
248.32,637,636
248.33,634,626
248.33,5,138
248.34,636,634
248.35,0,0
248.35,632,635
248.42,637,634
248.42,195,377
248.42,638,636
248.42,65,219
248.42,637,636
248.42,0,11
248.42,636,636
248.48,636,482
248.48,513,618
248.48,589,518
248.48,130,292
248.48,609,572
248.48,0,102
248.48,635,633
248.49,0,0
248.49,572,628
248.54,570,517
248.54,49,176
248.54,632,624
248.54,0,0
248.54,635,634
248.55,458,187
248.56,199,395
248.56,540,413
248.62,48,137
248.62,629,574
248.62,0,0
248.62,631,633
248.62,167,33
248.62,159,255
248.62,455,368
248.63,105,181
248.64,563,499
248.7,40,94
248.7,631,629
248.7,47,20
248.7,313,423
248.7,395,294
248.7,205,282
248.7,480,414
248.76,134,190
248.76,533,484
248.76,96,132
248.76,565,555
248.76,86,88
248.76,411,480
248.76,17,0
248.77,0,21
248.82,490,509
248.82,220,180
248.82,422,471
248.82,243,181
248.82,351,421
248.83,342,265
248.83,258,326
248.89,417,362
248.89,200,245
248.89,468,428
248.89,156,191
248.89,502,473
248.89,135,153
248.9,508,497
248.96,137,139
248.96,492,495
248.96,156,142
248.96,473,439
248.96,0,0
248.96,263,336
248.96,537,494
249.03,120,143
249.03,509,497
249.03,142,148
249.03,493,496
249.03,158,150
249.03,466,487
249.03,205,170
249.09,401,447
249.09,283,222
249.09,314,377
249.09,367,299
249.09,247,302
249.09,427,377
249.09,186,230
249.15,492,450
249.15,129,238
249.15,634,634
249.15,174,154
249.15,484,488
249.15,132,131
249.16,526,536
249.21,128,101
249.21,488,534
249.21,201,134
249.21,386,466
249.21,319,230
249.21,263,354
249.22,422,343
249.28,185,246
249.28,482,422
249.28,87,148
249.28,621,579
249.28,0,22
249.28,636,635
249.28,180,31
249.29,120,241
249.35,496,402
249.35,112,197
249.35,585,515
249.35,26,91
249.35,635,633
249.35,0,0
249.35,398,554
249.36,533,455
249.37,69,144
249.43,630,603
249.43,0,12
249.43,634,634
249.43,212,66
249.43,210,322
249.43,492,404
249.43,113,191
249.44,580,511
249.45,32,91
249.51,635,610
249.51,0,0
249.51,389,540
249.51,534,458
249.51,69,141
249.51,630,607
249.51,0,10
249.52,632,634
249.53,244,89
249.53,198,300
249.54,491,408
249.55,101,178
249.6,582,516
249.6,24,80
249.6,634,630
249.6,0,0
249.6,342,494
249.6,530,456
249.61,65,133
249.62,630,602
249.62,0,15
249.68,636,635
249.68,345,199
249.68,278,415
249.68,416,309
249.68,185,271
249.68,508,434
249.69,92,166
249.7,623,586
249.71,0,27
249.71,614,632
249.77,235,101
249.77,320,460
249.77,390,273
249.77,208,299
249.77,487,412
249.77,113,187
249.78,570,506
249.84,40,94
249.84,633,630
249.84,0,0
249.84,191,335
249.84,546,479
249.84,70,140
249.84,628,597
249.85,0,17
249.85,572,625
249.91,281,142
249.91,285,412
249.91,408,303
249.91,161,242
249.91,511,433
249.91,49,142
249.92,635,634
249.92,0,0
249.97,636,636
249.97,636,636
249.97,0,0
249.98,635,635
249.98,635,635
249.98,636,637
249.98,638,636
250.04,637,637
250.04,636,636
250.04,492,621
250.04,635,635
250.04,236,297
250.04,636,636
250.05,525,273
250.11,637,637
250.11,635,551
250.11,637,636
250.11,636,636
250.11,637,637
250.11,636,636
250.12,637,636
250.18,638,636
250.18,636,637
250.18,637,637
250.18,637,636
250.18,636,636
250.18,636,636
250.18,638,637
250.24,638,636
250.24,635,636
250.24,635,636
250.24,638,636
250.24,636,637
250.24,639,636
250.25,637,636
250.3,637,636
250.3,636,636
250.3,637,636
250.3,635,636
250.3,637,636
250.3,635,636
250.31,341,570
250.36,637,637
250.36,167,247
250.36,638,636
250.36,469,221
250.36,637,636
250.37,637,517
250.38,634,637
250.44,637,636
250.44,638,636
250.44,636,636
250.44,636,636
250.44,637,636
250.44,637,635
250.44,637,636
250.5,535,632
250.5,637,637
250.5,172,412
250.5,638,637
250.5,248,190
250.5,638,636
250.51,631,368
250.57,636,636
250.57,637,608
250.57,636,636
250.57,636,636
250.57,636,636
250.57,636,636
250.57,637,636
250.63,637,635
250.63,636,636
250.63,637,636
250.63,304,559
250.63,637,636
250.63,132,246
250.64,637,636
250.69,416,208
250.69,635,636
250.69,637,494
250.69,637,637
250.69,637,635
250.7,637,636
250.71,636,636
250.76,638,637
250.76,635,636
250.76,637,637
250.76,635,636
250.76,618,636
250.76,636,636
250.77,246,495
250.84,635,636
250.84,263,273
250.84,637,636
250.84,610,356
250.84,638,636
250.84,636,595
250.84,638,636
250.9,635,637
250.9,636,636
250.9,637,636
250.9,635,636
250.9,637,637
250.9,635,635
250.9,638,636
250.96,467,618
250.96,637,636
250.96,222,402
250.96,637,636
250.96,398,255
250.96,636,636
250.97,636,468
251.02,638,636
251.02,638,633
251.02,636,636
251.02,637,636
251.02,636,636
251.03,637,636
251.03,636,636
251.09,638,636
251.09,636,636
251.09,636,636
251.09,294,536
251.09,637,636
251.09,216,242
251.1,637,636
251.15,562,295
251.15,636,636
251.15,636,569
251.15,637,635
251.15,636,635
251.16,637,636
251.16,638,635
251.23,636,635
251.23,635,635
251.23,635,635
251.23,635,635
251.23,513,628
251.23,637,635
251.23,209,410
251.29,634,635
251.29,342,223
251.29,637,635
251.29,635,422
251.29,637,636
251.29,637,624
251.3,637,636
251.35,636,635
251.35,636,635
251.35,637,636
251.35,637,635
251.35,636,635
251.35,589,635
251.36,635,635
251.42,183,471
251.42,636,635
251.42,140,193
251.42,637,635
251.42,496,234
251.42,637,636
251.43,635,530
251.48,635,635
251.48,636,635
251.48,636,635
251.48,636,635
251.48,634,635
251.48,637,635
251.49,635,635
251.56,635,635
251.56,617,636
251.56,637,635
251.56,272,499
251.56,638,636
251.56,311,278
251.56,636,635
251.62,632,396
251.62,635,636
251.62,636,615
251.62,635,636
251.62,637,636
251.62,638,637
251.62,636,636
251.68,638,636
251.68,637,636
251.68,637,636
251.68,637,636
251.68,392,595
251.68,635,636
251.69,217,360
251.74,635,636
251.74,458,292
251.74,637,636
251.74,636,523
251.74,637,636
251.75,637,636
251.75,635,636
251.81,636,636
251.81,638,636
251.81,636,636
251.81,636,637
251.81,637,636
251.81,527,631
251.82,635,635
251.87,88,337
251.87,635,636
251.87,528,204
251.87,637,636
251.87,635,541
251.88,637,636
251.89,636,636
251.89,639,636
251.95,636,636
251.95,637,636
251.95,636,636
251.95,637,636
251.95,637,636
251.95,394,603
251.96,635,636
252.02,239,459
252.02,636,635
252.02,382,371
252.02,636,636
252.02,636,503
252.02,634,635
252.02,636,630
252.09,637,636
252.09,635,635
252.09,638,636
252.09,635,636
252.09,637,637
252.09,635,636
252.09,638,636
252.15,637,636
252.15,284,545
252.15,636,636
252.15,119,209
252.15,638,636
252.15,445,233
252.16,637,637
252.21,636,535
252.21,637,636
252.21,638,636
252.21,637,635
252.21,636,636
252.21,638,636
252.22,636,637
252.28,637,636
252.28,635,636
252.28,635,636
252.28,636,636
252.28,636,635
252.28,637,636
252.29,519,592
252.34,637,637
252.34,637,558
252.34,638,636
252.34,638,631
252.34,635,636
252.34,637,636
252.35,637,637
252.42,637,636
252.42,635,636
252.42,635,635
252.42,636,636
252.42,636,636
252.42,635,636
252.42,638,636
252.48,634,635
252.48,637,636
252.48,602,577
252.48,636,636
252.48,634,589
252.48,636,636
252.48,637,636
252.54,637,636
252.54,636,636
252.54,635,636
252.54,638,637
252.54,636,636
252.54,637,636
252.55,636,636
252.6,637,636
252.6,413,589
252.6,636,636
252.6,356,386
252.6,638,636
252.61,631,414
252.61,635,636
252.67,638,611
252.67,637,636
252.67,637,636
252.67,636,636
252.67,637,636
252.67,637,637
252.68,637,636
252.74,637,636
252.74,638,636
252.74,541,631
252.74,638,636
252.74,295,468
252.74,636,637
252.75,464,330
252.81,635,635
252.81,636,517
252.81,638,636
252.81,635,635
252.81,636,636
252.81,635,636
252.81,637,636
252.87,638,636
252.87,635,636
252.87,637,635
252.87,636,635
252.87,636,637
252.87,400,588
252.88,636,635
252.93,322,383
252.93,638,636
252.93,616,398
252.93,637,635
252.93,637,600
252.93,639,637
252.94,635,636
252.99,637,636
252.99,635,636
252.99,636,636
252.99,635,636
252.99,637,636
253.0,636,635
253.01,627,635
253.07,637,636
253.07,334,521
253.07,635,636
253.07,430,357
253.07,636,635
253.07,636,498
253.07,637,637
253.13,638,634
253.13,637,637
253.13,636,636
253.13,637,636
253.13,637,636
253.13,636,636
253.14,637,636
253.19,637,636
253.2,637,637
253.2,504,623
253.2,637,636
253.2,358,481
253.2,637,636
253.2,585,415
253.26,636,637
253.26,636,590
253.26,637,636
253.26,637,636
253.26,637,637
253.26,637,637
253.27,638,636
253.32,635,636
253.32,637,636
253.32,636,636
253.32,636,636
253.32,638,636
253.33,357,549
253.34,635,637
253.4,391,368
253.4,636,636
253.4,636,471
253.4,635,636
253.4,636,629
253.4,636,637
253.4,635,636
253.46,637,636
253.46,635,637
253.46,635,637
253.46,637,636
253.46,637,636
253.46,634,636
253.47,611,636
253.52,636,636
253.52,345,489
253.52,638,636
253.53,522,353
253.53,637,637
253.53,637,550
253.53,638,636
253.59,637,636
253.59,638,636
253.59,635,636
253.59,635,636
253.59,636,636
253.59,637,636
253.6,636,636
253.65,633,636
253.65,637,636
253.65,315,533
253.65,635,636
253.65,336,351
253.65,636,636
253.66,633,436
253.71,637,636
253.71,637,615
253.71,636,636
253.71,637,636
253.71,636,636
253.72,636,636
253.73,636,635
253.79,636,636
253.79,637,636
253.79,636,636
253.79,499,624
253.79,635,636
253.79,301,475
253.79,637,636
253.85,472,363
253.85,636,636
253.85,635,535
253.85,636,636
253.86,636,636
253.86,636,636
253.86,635,636
253.92,637,636
253.92,637,636
253.92,637,636
253.92,637,635
253.92,635,636
253.92,636,636
253.93,399,587
253.98,637,636
253.98,331,399
253.98,635,636
253.98,619,408
253.98,636,635
253.98,636,598
253.99,637,636
254.04,634,635
254.04,637,636
254.04,637,635
254.04,637,635
254.04,638,635
254.05,635,636
254.06,637,635
254.12,615,636
254.12,637,636
254.12,322,514
254.12,637,636
254.12,423,358
254.12,636,636
254.12,636,501
254.18,638,636
254.18,636,633
254.18,637,637
254.18,636,635
254.18,637,637
254.18,637,635
254.19,636,635
254.25,636,636
254.25,636,635
254.25,636,636
254.25,446,609
254.25,636,636
254.25,301,401
254.25,636,636
254.31,559,354
254.31,635,636
254.31,637,573
254.31,638,636
254.31,636,636
254.31,636,635
254.32,635,636
254.37,635,636
254.37,635,635
254.37,636,636
254.37,638,637
254.37,634,635
254.38,636,635
254.38,331,533
254.43,634,636
254.43,373,348
254.43,637,636
254.43,635,457
254.43,634,635
254.44,636,626
254.45,637,636
254.51,635,636
254.51,636,636
254.51,635,636
254.51,637,636
254.51,638,637
254.51,637,636
254.51,637,637
254.57,631,636
254.57,637,637
254.57,406,551
254.57,637,636
254.57,539,433
254.57,638,636
254.58,636,568
254.63,636,636
254.63,636,636
254.64,637,636
254.64,636,636
254.64,636,636
254.64,635,635
254.65,637,636
254.7,636,636
254.7,636,636
254.7,637,636
254.7,481,613
254.7,637,635
254.7,388,433
254.71,637,636
254.76,633,457
254.76,635,635
254.76,636,617
254.76,634,635
254.76,635,635
254.77,634,635
254.78,636,635
254.84,638,635
254.84,637,636
254.84,636,636
254.84,636,635
254.84,627,635
254.84,635,635
254.84,352,519
254.9,636,635
254.9,484,389
254.9,636,635
254.9,634,538
254.9,636,636
254.9,637,635
254.91,635,635
254.96,635,635
254.96,636,635
254.96,635,636
254.96,635,635
254.96,636,636
254.97,634,635
254.97,635,635
255.03,277,519
255.03,637,636
255.03,227,237
255.03,635,635
255.03,584,331
255.03,636,635
255.04,636,586
255.1,634,635
255.1,636,635
255.1,636,635
255.1,638,636
255.1,636,635
255.1,636,636
255.1,636,636
255.17,635,636
255.17,458,617
255.17,636,636
255.17,203,398
255.17,637,636
255.17,356,230
255.17,636,636
255.23,636,443
255.23,637,636
255.23,637,628
255.23,638,635
255.23,637,636
255.23,634,635
255.24,636,636
255.29,636,635
255.29,638,637
255.29,635,636
255.29,635,636
255.29,258,519
255.29,637,636
255.3,183,233
255.35,635,636
255.35,519,256
255.35,635,636
255.35,636,544
255.35,636,636
255.36,637,635
255.37,637,636
255.43,637,636
255.43,636,636
255.43,635,636
255.43,637,636
255.43,636,636
255.43,360,592
255.43,636,635
255.49,114,319
255.49,636,636
255.49,271,155
255.49,636,635
255.49,634,382
255.49,636,637
255.5,636,616
255.56,637,636
255.56,638,636
255.56,637,636
255.56,637,636
255.56,636,636
255.56,634,635
255.56,635,636
255.62,637,636
255.62,262,530
255.62,636,636
255.62,145,227
255.62,637,635
255.62,469,231
255.63,637,636
255.68,635,523
255.68,636,635
255.68,635,636
255.68,636,636
255.68,636,635
255.69,636,636
255.7,635,636
255.71,637,635
255.71,637,635
255.72,482,624
255.77,638,635
255.77,138,375
255.77,636,635
255.77,231,148
255.77,636,636
255.78,624,328
255.79,636,636
255.85,638,601
255.85,636,635
255.85,635,635
255.85,636,635
255.85,636,635
255.85,636,635
255.85,637,636
255.91,636,636
255.91,638,635
255.91,200,497
255.91,637,635
255.91,64,148
255.91,636,636
255.92,633,411
255.93,637,636
255.99,636,628
255.99,637,636
255.99,636,636
255.99,636,636
255.99,635,636
255.99,637,637
255.99,636,636
256.05,576,635
256.05,636,636
256.05,177,456
256.05,636,636
256.05,167,188
256.05,637,636
256.06,542,275
256.12,638,636
256.12,636,562
256.12,635,636
256.12,637,636
256.12,637,636
256.12,636,635
256.12,635,635
256.18,637,636
256.18,636,636
256.18,637,635
256.18,369,594
256.18,636,635
256.18,134,333
256.19,635,637
256.25,312,198
256.25,637,636
256.25,636,418
256.26,636,636
256.26,636,625
256.26,638,636
256.26,635,635
256.32,637,636
256.32,637,635
256.32,635,636
256.32,637,636
256.32,635,635
256.32,636,636
256.32,270,531
256.38,638,636
256.38,178,256
256.38,637,636
256.38,502,273
256.38,638,635
256.38,637,544
256.39,636,636
256.44,637,636
256.44,637,636
256.44,637,636
256.44,638,636
256.44,636,636
256.44,637,636
256.45,636,636
256.5,638,636
256.5,637,636
256.5,636,636
256.5,636,636
256.51,637,636
256.51,635,635
256.52,637,636
256.58,636,636
256.58,636,635
256.58,637,636
256.58,636,635
256.58,636,636
256.58,635,636
256.58,635,635
256.64,638,636
256.65,636,637
256.65,637,636
256.65,636,637
256.65,635,634
256.65,636,636
256.65,635,593
256.71,61,177
256.71,633,630
256.71,0,1
256.71,634,635
256.71,286,63
256.71,120,236
256.71,572,486
256.72,33,110
256.73,634,628
256.73,0,0
256.78,636,635
256.78,417,198
256.78,182,328
256.78,527,426
256.78,73,159
256.79,632,607
256.79,0,0
256.8,636,634
256.86,305,91
256.86,132,238
256.86,568,487
256.86,37,112
256.86,634,625
256.86,0,0
256.86,634,634
256.87,408,218
256.92,168,291
256.92,494,394
256.92,68,148
256.92,629,588
256.92,0,12
256.92,636,635
256.93,95,9
256.99,134,221
256.99,608,541
256.99,5,50
256.99,635,634
256.99,0,0
256.99,93,184
256.99,612,561
257.05,0,11
257.05,590,631
257.05,254,110
257.05,294,423
257.05,395,291
257.05,194,273
257.05,477,400
257.06,109,180
257.07,560,498
257.13,45,100
257.13,630,615
257.13,0,7
257.13,442,553
257.13,455,381
257.13,148,220
257.13,540,472
257.14,62,124
257.14,636,635
257.21,226,200
257.21,528,526
257.21,37,34
257.21,378,483
257.21,327,223
257.21,257,340
257.21,429,357
257.22,167,231
257.23,494,433
257.29,107,158
257.29,536,493
257.29,83,115
257.29,569,559
257.29,79,75
257.29,358,442
257.29,329,250
257.3,275,335
257.31,400,345
257.32,172,405
257.38,634,625
257.38,166,175
257.38,447,429
257.38,173,192
257.38,498,477
257.38,128,143
257.38,518,512
257.44,132,126
257.44,480,506
257.44,195,149
257.44,398,456
257.44,280,214
257.44,311,373
257.45,344,293
257.5,256,297
257.5,378,343
257.5,224,258
257.5,416,389
257.5,393,602
257.5,636,636
257.51,484,433
257.57,296,298
257.57,251,259
257.57,415,415
257.57,228,218
257.57,384,408
257.57,274,243
257.58,336,367
257.63,321,286
257.63,298,324
257.63,345,324
257.63,274,293
257.63,370,353
257.64,257,273
257.64,386,373
257.71,249,257
257.71,389,380
257.71,128,135
257.71,415,422
257.71,258,249
257.71,367,376
257.71,276,262
257.77,344,364
257.77,299,278
257.77,317,337
257.77,326,311
257.77,309,319
257.77,341,330
257.78,293,302
257.83,352,343
257.83,285,292
257.83,352,348
257.83,285,289
257.83,361,356
257.83,284,284
257.84,351,299
257.9,0,0
257.9,0,0
257.9,120,178
257.9,410,414
257.9,352,343
257.9,286,280
257.9,335,348
257.96,322,307
257.96,311,321
257.96,337,327
257.96,300,307
257.96,345,338
257.96,305,306
257.96,326,326
258.02,318,318
258.02,321,320
258.02,319,319
258.02,321,320
258.02,319,319
258.02,320,321
258.03,420,437
258.08,632,632
258.08,635,635
258.08,636,636
258.08,637,636
258.08,636,636
258.09,636,635
258.09,635,636
258.15,637,636
258.15,637,636
258.15,636,636
258.15,636,636
258.15,637,636
258.15,637,637
258.16,635,637
258.21,637,636
258.21,636,636
258.21,635,636
258.21,636,636
258.21,636,635
258.22,635,635
258.23,637,635
258.29,637,635
258.29,637,636
258.29,635,635
258.29,637,636
258.29,634,636
258.29,637,636
258.29,636,636
258.35,636,636
258.35,636,636
258.35,637,636
258.35,637,636
258.35,636,636
258.35,638,636
258.36,638,636
258.41,636,636
258.41,637,636
258.41,637,636
258.41,636,636
258.41,638,636
258.41,635,636
258.42,636,636
258.47,636,636
258.47,638,636
258.47,636,636
258.47,636,636
258.47,637,637
258.48,636,637
258.49,637,636
258.55,638,636
258.55,635,636
258.55,637,636
258.55,637,636
258.55,637,636
258.55,638,636
258.55,637,636
258.61,637,636
258.61,635,636
258.61,636,636
258.61,637,636
258.61,636,636
258.61,637,636
258.62,637,637
258.67,637,636
258.67,636,636
258.67,637,636
258.67,636,636
258.67,636,637
258.68,636,636
258.68,634,636
258.74,636,636
258.74,636,636
258.74,637,636
258.74,637,636
258.74,637,636
258.74,637,637
258.75,636,636
258.81,635,636
258.81,637,636
258.81,639,636
258.81,638,636
258.81,638,636
258.82,635,636
258.82,636,635
258.88,636,636
258.88,637,636
258.88,637,636
258.88,636,636
258.88,637,636
258.88,636,636
258.88,634,635
258.94,636,636
258.94,635,636
258.94,637,635
258.94,636,636
258.94,637,636
258.94,637,636
258.95,635,636
259.0,637,635
259.0,636,636
259.0,636,635
259.0,637,634
259.0,636,634
259.0,637,634
259.01,631,633
259.06,630,628
259.06,568,558
259.06,555,561
259.06,548,537
259.06,507,511
259.07,518,510
259.08,465,467
259.14,490,483
259.14,428,429
259.14,462,458
259.14,395,392
259.14,429,428
259.14,370,366
259.14,394,397
259.2,350,343
259.2,365,366
259.2,332,324
259.2,331,336
259.2,316,309
259.2,300,304
259.21,306,296
259.27,270,273
259.27,291,284
259.27,245,247
259.27,275,272
259.27,223,223
259.27,261,260
259.27,208,204
259.33,244,246
259.33,197,192
259.33,225,227
259.33,190,185
259.33,203,209
259.33,186,179
259.34,183,188
259.41,187,177
259.41,163,169
259.41,187,177
259.41,146,150
259.42,185,180
259.42,131,135
259.42,180,177
259.42,125,123
259.43,171,172
259.43,122,119
259.5,161,163
259.5,121,116
259.5,147,153
259.5,128,121
259.5,134,141
259.5,134,124
259.5,121,127
259.51,139,131
259.52,108,115
259.53,146,138
259.54,101,105
259.6,148,144
259.6,94,97
259.6,139,143
259.6,102,98
259.6,123,128
259.6,120,112
259.6,112,117
259.61,131,122
259.62,103,109
259.68,138,132
259.68,95,100
259.68,145,145
259.68,94,94
259.68,135,139
259.68,116,108
259.68,127,132
259.69,127,118
259.7,121,127
259.71,136,131
259.77,113,121
259.77,154,145
259.77,112,116
259.77,162,154
259.77,112,113
259.77,162,163
259.77,116,113
259.84,164,169
259.84,126,120
259.84,161,165
259.84,136,130
259.84,158,164
259.84,146,141
259.84,153,160
259.91,163,154
259.91,150,155
259.91,177,168
259.91,144,149
259.91,186,182
259.91,141,145
259.91,195,193
259.92,146,147
259.93,200,200
259.93,155,151
259.95,199,202
259.95,162,159
259.96,197,202
259.97,176,168
260.03,191,197
260.03,191,182
260.03,185,192
260.03,204,196
260.03,181,187
260.03,215,207
260.04,177,182
260.09,224,219
260.09,176,178
260.09,229,226
260.09,181,180
260.09,230,232
260.09,186,184
260.1,227,231
260.15,198,193
260.15,222,228
260.15,209,203
260.15,215,222
260.15,221,215
260.16,211,217
260.17,235,227
260.22,204,211
260.23,244,240
260.23,203,206
260.23,250,248
260.23,202,205
260.23,254,253
260.23,212,209
260.29,253,254
260.29,218,214
260.29,249,253
260.29,230,223
260.29,243,249
260.29,240,234
260.3,237,243
260.35,249,243
260.35,231,235
260.35,257,251
260.35,224,229
260.35,267,261
260.36,222,226
260.36,270,267
260.41,225,225
260.41,267,269
260.41,234,229
260.41,263,268
260.41,243,237
260.42,259,263
260.43,248,243
260.49,252,257
260.49,258,251
260.49,245,252
260.49,266,262
260.49,242,247
260.49,275,270
260.49,238,242
260.54,278,276
260.55,239,241
260.55,280,280
260.55,244,243
260.55,276,279
260.55,251,247
260.56,275,279
260.62,258,255
260.62,270,275
260.62,268,262
260.62,264,269
260.62,278,271
260.62,256,263
260.63,286,278
260.68,252,257
260.68,288,285
260.68,250,252
260.68,290,290
260.68,249,249
260.68,289,289
260.69,251,248
260.74,284,288
260.74,257,251
260.74,277,282
260.74,265,259
260.74,269,276
260.75,273,266
260.76,264,269
260.81,283,276
260.81,257,261
260.81,289,283
260.81,250,255
260.81,292,289
260.81,249,249
260.82,289,291
260.89,249,246
260.89,288,289
260.89,253,249
260.89,280,285
260.89,257,253
260.89,274,278
260.89,265,260
260.95,266,270
260.95,272,267
260.95,257,261
260.95,281,274
260.95,251,255
260.95,289,283
260.95,245,248
261.01,289,289
261.01,247,245
261.01,286,289
261.01,251,247
261.01,284,287
261.01,252,250
261.02,278,281
261.07,259,252
261.07,266,273
261.07,267,259
261.07,256,263
261.07,274,266
261.08,246,254
261.08,281,274
261.13,243,246
261.13,288,282
261.13,239,242
261.14,287,286
261.14,242,241
261.14,285,287
261.15,248,244
261.21,279,283
261.21,253,246
261.21,274,279
261.21,263,255
261.21,264,270
261.21,270,264
261.22,256,261
261.27,279,271
261.27,245,251
261.27,286,279
261.27,241,245
261.27,289,287
261.27,239,240
261.28,288,290
261.34,244,243
261.34,287,291
261.34,255,250
261.34,284,288
261.34,264,258
261.34,276,283
261.35,274,268
261.4,269,276
261.4,285,276
261.4,261,268
261.4,294,285
261.4,256,259
261.4,300,294
261.41,251,252
261.48,300,298
261.48,252,249
261.48,297,300
261.48,255,252
261.48,293,298
261.48,266,260
261.48,290,294
261.54,276,270
261.54,283,288
261.54,286,278
261.54,273,280
261.54,295,289
261.54,267,273
261.54,306,300
261.6,258,263
261.6,308,304
261.6,259,258
261.6,309,308
261.6,259,257
261.6,302,306
261.61,265,262
261.66,295,301
261.66,275,269
261.66,288,294
261.66,283,275
261.66,281,287
261.67,292,286
261.67,273,279
261.74,301,295
261.74,262,269
261.74,309,305
261.74,264,265
261.74,313,311
261.74,265,262
261.74,309,311
261.8,266,264
261.8,304,307
261.8,272,268
261.8,298,301
261.8,280,275
261.8,286,294
261.81,291,283
261.86,278,286
261.86,300,293
261.86,274,280
261.86,311,306
261.86,268,273
261.86,318,314
261.87,271,271
261.92,318,317
261.92,272,271
261.92,316,319
261.92,280,276
261.93,310,315
261.93,287,282
261.94,306,310
261.99,297,288
261.99,292,301
261.99,303,297
261.99,284,291
261.99,313,306
261.99,276,282
262.0,320,316
262.06,275,277
262.06,322,322
262.06,276,274
262.06,323,323
262.06,280,276
262.06,318,321
262.07,287,282
262.12,312,316
262.13,296,289
262.13,304,309
262.13,306,297
262.13,295,300
262.13,313,305
262.13,285,291
262.19,322,314
262.19,277,280
262.19,321,319
262.19,275,275
262.19,323,322
262.19,277,275
262.2,319,321
262.25,280,278
262.25,315,318
262.25,287,282
262.25,305,312
262.25,297,291
262.26,297,304
262.26,306,298
262.33,288,294
262.33,315,307
262.33,280,284
262.33,321,315
262.33,275,277
262.33,325,323
262.33,275,275
262.39,322,322
262.39,276,273
262.39,314,318
262.39,283,278
262.39,307,313
262.39,291,285
262.39,301,306
262.45,298,292
262.45,293,299
262.45,308,302
262.45,283,289
262.45,318,311
262.45,276,280
262.46,323,319
262.51,274,276
262.51,323,322
262.51,274,274
262.51,317,321
262.51,280,277
262.52,315,318
262.53,288,282
262.59,308,312
262.59,293,287
262.59,297,302
262.59,302,297
262.59,290,295
262.59,314,305
262.59,276,285
262.65,321,314
262.65,274,277
262.65,323,321
262.65,275,275
262.65,323,322
262.65,278,274
262.66,318,319
262.71,284,279
262.71,311,315
262.71,288,284
262.71,301,306
262.71,299,292
262.71,292,298
262.72,310,301
262.78,282,288
262.78,315,308
262.78,276,279
262.78,319,315
262.78,272,273
262.78,321,319
262.79,274,271
262.85,318,319
262.85,277,273
262.85,311,315
262.85,284,277
262.85,302,309
262.85,293,286
262.85,292,301
262.91,301,293
262.91,282,291
262.91,311,303
262.91,277,283
262.91,314,310
262.91,270,274
262.92,318,317
262.98,273,271
262.98,320,320
262.98,277,274
262.98,318,319
262.98,283,279
262.98,309,314
262.99,293,288
263.04,302,307
263.04,301,294
263.04,296,301
263.04,311,303
263.04,285,292
263.04,316,310
263.05,281,285
263.1,320,316
263.1,277,279
263.1,322,319
263.1,280,277
263.1,319,320
263.11,283,278
263.12,313,316
263.18,286,284
263.18,306,309
263.18,296,289
263.18,296,301
263.18,301,297
263.18,288,293
263.18,310,302
263.24,280,284
263.24,313,309
263.24,274,277
263.24,314,313
263.24,272,272
263.24,313,313
263.25,276,273
263.31,308,311
263.31,278,274
263.31,303,306
263.31,283,279
263.31,294,299
263.31,292,286
263.31,286,291
263.37,299,292
263.37,276,282
263.37,302,297
263.37,270,272
263.37,307,303
263.37,267,267
263.38,306,304
263.43,265,264
263.43,302,304
263.43,268,264
263.43,293,299
263.43,274,268
263.44,291,295
263.44,278,274
263.5,283,287
263.5,287,281
263.5,275,279
263.5,292,288
263.5,268,271
263.5,300,295
263.51,266,268
263.57,302,301
263.57,264,262
263.57,300,301
263.57,266,262
263.57,293,297
263.57,269,265
263.57,291,294
263.64,274,269
263.64,285,289
263.64,281,276
263.64,277,282
263.64,287,281
263.64,267,273
263.64,295,291
263.7,264,267
263.7,300,295
263.7,260,262
263.7,302,298
263.7,264,261
263.7,297,299
263.71,265,263
263.76,293,296
263.76,272,266
263.76,285,290
263.76,276,271
263.76,280,283
263.76,282,276
263.77,272,275
263.82,288,282
263.82,265,270
263.82,297,291
263.82,259,261
263.82,296,294
263.83,257,257
263.84,293,295
263.9,259,258
263.9,291,293
263.9,265,261
263.9,284,289
263.9,270,264
263.9,276,282
263.9,272,268
263.96,270,272
263.96,281,274
263.96,259,264
263.96,283,277
263.96,254,258
263.96,286,283
263.97,250,252
264.02,287,286
264.02,249,248
264.02,285,287
264.02,252,250
264.02,280,285
264.03,255,253
264.03,276,279
264.09,262,259
264.09,269,274
264.09,274,265
264.09,258,265
264.09,279,272
264.09,252,257
264.1,283,277
264.16,247,250
264.16,287,283
264.16,247,246
264.16,283,282
264.16,245,244
264.16,281,281
264.16,252,246
264.22,273,278
264.22,257,252
264.22,265,272
264.22,264,258
264.22,261,264
264.22,268,264
264.23,254,256
264.28,275,269
264.28,244,250
264.28,279,274
264.28,238,242
264.28,274,273
264.29,238,237
264.3,270,273
264.35,238,235
264.35,265,268
264.35,242,236
264.35,253,258
264.35,244,238
264.35,246,250
264.36,247,241
264.41,236,241
264.41,251,246
264.41,228,231
264.41,257,250
264.41,219,223
264.42,258,254
264.43,213,215
264.49,251,251
264.49,208,208
264.49,245,246
264.49,208,206
264.49,234,236
264.49,210,206
264.49,222,226
264.55,213,208
264.55,212,216
264.55,217,214
264.55,201,207
264.55,228,220
264.55,195,200
264.56,232,227
264.61,196,198
264.61,235,233
264.61,197,197
264.61,234,234
264.61,202,198
264.61,231,234
264.62,209,205
264.68,227,232
264.68,219,213
264.68,224,227
264.68,226,222
264.68,219,223
264.68,234,230
264.69,215,220
264.74,244,238
264.74,215,218
264.74,248,248
264.74,218,217
264.74,253,254
264.75,223,221
264.75,258,260
264.81,231,227
264.81,258,260
264.81,240,236
264.81,253,258
264.81,249,245
264.81,251,256
264.82,259,254
264.87,245,250
264.87,264,262
264.87,242,247
264.87,277,271
264.87,242,244
264.88,280,277
264.89,246,245
264.94,282,283
264.94,252,249
264.94,280,282
264.94,259,255
264.94,280,283
264.94,268,263
264.95,275,279
265.01,278,271
265.01,271,275
265.01,285,280
265.01,264,271
265.01,289,286
265.01,263,266
265.02,295,293
265.07,263,264
265.07,300,299
265.07,265,263
265.07,301,302
265.07,272,268
265.07,297,299
265.08,280,274
265.14,291,294
265.14,287,282
265.14,287,292
265.14,293,289
265.14,284,288
265.14,302,296
265.15,276,282
265.21,306,302
265.21,275,277
265.21,308,307
265.21,274,275
265.21,310,309
265.21,278,276
265.21,307,310
265.27,282,278
265.27,302,305
265.27,288,282
265.27,294,298
265.27,295,290
265.27,290,293
265.28,300,295
265.33,284,287
265.33,307,302
265.33,280,282
265.33,314,310
265.33,277,279
265.34,313,312
265.34,276,278
265.4,311,312
265.4,284,280
265.4,307,309
265.4,287,283
265.4,300,304
265.4,289,287
265.41,296,299
265.47,299,294
265.47,287,292
265.47,303,300
265.47,282,287
265.47,314,309
265.47,279,283
265.48,315,312
265.53,278,279
265.53,311,314
265.53,278,278
265.53,310,314
265.53,286,281
265.53,306,308
265.54,291,285
265.6,299,302
265.6,296,290
265.6,292,296
265.6,303,297
265.6,287,292
265.6,309,303
265.61,282,287
265.66,316,311
265.66,280,283
265.66,319,317
265.66,280,282
265.66,319,319
265.66,288,285
265.67,313,316
265.74,294,289
265.74,309,312
265.74,298,295
265.74,302,308
265.74,308,302
265.74,297,302
265.74,315,311
265.8,295,298
265.8,320,315
265.8,289,293
265.8,326,322
265.8,290,292
265.8,324,325
265.8,288,285
265.86,321,322
265.86,294,289
265.86,316,319
265.86,297,293
265.86,310,315
265.86,303,299
265.87,303,309
266.14,311,305
266.14,298,302
266.14,316,313
266.14,291,295
266.14,321,318
266.14,289,291
266.14,324,323
266.14,289,288
266.14,322,324
266.14,294,290
266.14,320,322
266.14,297,292
266.14,318,320
266.14,302,298
266.14,310,315
266.14,309,304
266.14,301,307
266.14,316,311
266.14,293,300
266.14,321,316
266.14,290,292
266.14,325,322
266.15,288,288
266.15,324,325
266.15,287,285
266.15,322,324
266.15,292,287
266.15,315,319
266.15,296,291
266.15,309,314
266.16,303,298
