time_s,raw,averaged
0.16,335,335
0.17,337,338
0.22,318,317
0.22,317,316
0.22,323,322
0.22,317,320
0.22,326,327
0.22,325,324
0.22,331,329
0.22,327,328
0.22,334,332
0.22,334,333
0.22,336,335
0.22,335,335
0.22,337,338
0.28,311,310
0.28,315,314
0.28,311,311
0.28,314,313
0.28,316,315
0.28,311,311
0.28,315,316
0.28,315,314
0.28,312,313
0.28,317,317
0.28,317,315
0.28,313,314
0.28,318,317
0.28,316,314
0.28,316,316
0.28,317,316
0.28,315,315
0.28,316,318
0.28,317,317
0.28,315,315
0.28,321,319
0.28,319,318
0.28,319,318
0.28,320,321
0.29,319,318
0.29,322,321
0.29,319,318
0.29,324,322
0.29,320,318
0.29,322,321
0.29,321,320
0.29,320,320
0.29,321,320
0.29,321,320
0.29,323,322
0.29,318,319
0.29,322,320
0.29,319,318
0.29,322,321
0.29,319,317
0.29,320,321
0.29,317,316
0.29,322,320
0.29,317,317
0.29,319,320
0.29,319,318
0.29,318,319
0.29,316,316
0.29,317,317
0.29,318,317
0.29,318,317
0.29,318,318
0.29,314,316
0.29,321,320
0.29,315,316
0.29,318,319
0.29,317,316
0.29,320,320
0.29,317,315
0.29,320,319
0.29,318,317
0.29,317,319
0.29,316,315
0.29,317,316
0.29,318,316
0.29,318,317
0.29,320,318
0.29,314,316
0.29,318,319
0.29,316,315
0.35,320,319
0.35,318,317
0.35,320,320
0.35,318,317
0.35,321,319
0.35,315,315
0.35,319,318
0.4,314,314
0.4,316,317
0.4,316,316
0.4,317,316
0.4,318,316
0.41,315,316
0.42,319,317
0.47,318,317
0.47,319,319
0.47,314,316
0.47,322,321
0.47,319,318
0.47,323,322
0.48,321,319
0.53,323,322
0.53,321,320
0.53,326,325
0.53,324,322
0.53,323,323
0.54,323,323
0.55,322,324
0.61,326,324
0.61,324,323
0.61,325,325
0.61,321,321
0.61,327,326
0.61,323,323
0.61,327,327
0.67,324,324
0.67,329,328
0.67,322,324
0.67,330,328
0.67,326,325
0.67,326,326
0.68,325,323
0.74,325,324
0.74,325,325
0.74,325,325
0.74,325,324
0.74,321,322
0.74,328,326
0.74,324,323
0.8,328,327
0.8,323,323
0.8,327,326
0.8,321,321
0.8,325,325
0.8,321,322
0.81,327,325
0.86,324,322
0.86,321,322
0.86,324,322
0.86,321,322
0.86,323,322
0.87,322,321
0.87,326,323
0.93,319,320
0.93,322,322
0.93,319,319
0.93,323,321
0.93,317,318
0.93,320,320
0.94,319,317
1.0,320,319
1.0,318,316
1.0,317,317
1.0,317,315
1.0,316,317
1.0,316,316
1.01,315,314
1.07,314,314
1.07,310,312
1.07,315,315
1.07,312,311
1.07,315,314
1.07,310,310
1.07,313,314
1.13,312,310
1.13,313,313
1.13,312,310
1.13,313,312
1.13,311,309
1.13,311,312
1.14,312,312
1.19,313,312
1.19,314,313
1.19,311,312
1.19,315,314
1.19,313,312
1.19,318,316
1.2,311,312
1.25,316,317
1.25,313,312
1.25,316,319
1.25,315,314
1.25,318,320
1.26,317,316
1.27,318,320
1.33,321,320
1.33,320,321
1.33,324,322
1.33,324,324
1.33,324,325
1.33,325,324
1.33,329,326
1.39,326,326
1.39,329,329
1.39,326,326
1.39,330,331
1.39,329,328
1.39,333,331
1.4,329,328
1.46,332,332
1.46,328,328
1.46,333,332
1.46,331,330
1.46,328,330
1.46,329,329
1.46,329,328
1.52,330,330
1.52,325,326
1.52,331,329
1.52,326,325
1.52,328,327
1.52,325,323
1.53,330,328
1.58,322,321
1.58,325,324
1.58,322,322
1.58,324,325
1.58,322,321
1.59,322,321
1.6,321,321
1.66,322,320
1.66,323,321
1.66,320,319
1.66,324,322
1.66,321,319
1.66,323,322
1.66,320,318
1.72,321,321
1.72,316,317
1.72,320,321
1.72,319,317
1.72,321,319
1.72,319,317
1.73,319,317
1.78,314,316
1.78,314,314
1.78,315,314
1.78,311,314
1.78,315,314
1.78,312,312
1.79,315,315
1.84,312,311
1.84,316,314
1.84,313,312
1.84,316,314
1.84,310,311
1.85,313,313
1.86,312,312
1.91,312,313
1.91,310,311
1.91,312,310
1.91,311,310
1.91,311,310
1.92,312,311
1.92,310,311
1.99,313,313
1.99,311,310
1.99,313,312
1.99,308,309
1.99,316,314
1.99,311,310
1.99,315,314
2.05,313,312
2.05,315,316
2.05,314,313
2.05,315,315
2.05,315,314
2.05,315,315
2.05,314,315
2.11,315,316
2.11,319,317
2.11,316,315
2.11,320,319
2.11,317,316
2.11,319,318
2.12,315,315
2.17,319,320
2.17,318,317
2.17,322,322
2.17,319,318
2.17,320,320
2.18,322,319
2.19,321,320
2.25,322,320
2.25,319,320
2.25,321,320
2.25,317,317
2.25,320,320
2.25,317,317
2.25,322,322
2.31,319,318
2.31,325,323
2.31,319,318
2.31,321,320
2.31,318,316
2.31,318,320
2.32,318,317
2.37,317,317
2.37,318,317
2.37,318,316
2.37,318,316
2.37,318,316
2.37,319,317
2.38,315,315
2.43,319,319
2.43,316,314
2.43,319,318
2.43,314,314
2.43,319,318
2.44,315,314
2.45,318,317
2.51,314,314
2.51,317,317
2.51,317,315
2.51,316,316
2.51,317,316
2.51,318,317
2.51,318,317
2.57,315,314
2.57,318,317
2.58,313,313
2.58,319,318
2.58,314,314
2.58,319,318
2.58,316,314
2.64,318,318
2.64,316,315
2.64,317,318
2.64,316,315
2.64,318,318
2.64,318,316
2.64,316,315
2.7,316,317
2.7,315,315
2.7,318,316
2.7,316,315
2.7,319,318
2.7,313,315
2.71,318,316
2.76,315,314
2.76,320,318
2.76,315,314
2.76,319,318
2.76,316,317
2.77,320,320
2.78,319,318
2.84,320,319
2.84,318,320
2.84,320,321
2.84,323,322
2.84,320,321
2.84,324,324
2.84,321,321
2.9,325,325
2.9,321,322
2.9,323,325
2.9,323,322
2.9,328,327
2.9,324,323
2.91,326,328
2.97,325,326
2.97,326,327
2.97,327,325
2.97,327,328
2.97,330,328
2.97,325,327
2.97,331,329
3.03,327,327
3.03,330,331
3.03,324,325
3.03,331,329
3.03,326,325
3.03,331,330
3.04,324,326
3.09,330,329
3.09,324,324
3.09,327,327
3.09,326,323
3.09,322,325
3.09,326,325
3.1,326,324
3.15,324,324
3.15,324,324
3.15,325,324
3.15,321,320
3.15,322,323
3.16,320,320
3.17,324,324
3.23,320,320
3.23,322,321
3.23,318,318
3.23,321,320
3.23,320,318
3.23,321,320
3.23,319,317
3.29,318,319
3.29,319,318
3.29,315,316
3.3,320,317
3.3,314,315
3.3,319,317
3.3,312,314
3.36,319,316
3.36,311,312
3.36,318,316
3.36,314,312
3.36,315,315
3.36,310,310
3.37,314,313
3.42,314,310
3.42,311,311
3.42,311,309
3.42,308,309
3.42,311,309
3.42,306,308
3.43,312,308
3.48,306,305
3.48,310,307
3.48,303,303
3.48,306,306
3.48,303,302
3.49,307,306
3.5,305,303
3.56,308,307
3.56,304,304
3.56,307,306
3.56,304,305
3.56,307,307
3.56,308,306
3.56,308,307
3.62,308,306
3.62,307,306
3.62,311,310
3.62,308,307
3.62,311,310
3.62,308,308
3.63,312,312
3.68,309,309
3.68,311,313
3.68,309,310
3.68,312,313
3.68,310,310
3.68,311,312
3.69,312,313
3.74,310,311
3.74,313,312
3.74,310,311
3.74,314,313
3.74,312,311
3.75,314,315
3.76,310,311
3.82,317,315
3.82,312,311
3.82,315,315
3.82,312,311
3.82,317,315
3.82,314,312
3.82,316,316
3.88,315,314
3.88,317,316
3.88,319,317
3.88,317,317
3.88,319,317
3.88,314,316
3.89,316,318
3.95,315,314
3.95,319,317
3.95,312,313
3.95,320,318
3.95,314,314
3.95,319,319
3.95,318,316
4.01,318,317
4.01,318,316
4.01,317,319
4.01,319,318
4.01,318,319
4.01,319,319
4.02,318,317
4.07,319,320
4.07,316,317
4.07,320,319
4.07,317,317
4.07,323,322
4.08,319,317
4.09,322,320
4.15,316,317
4.15,319,320
4.15,319,317
4.15,317,319
4.15,317,318
4.15,317,320
4.15,322,320
4.21,321,320
4.21,324,321
4.21,319,318
4.21,323,322
4.21,316,317
4.21,320,321
4.22,318,319
4.28,322,321
4.28,314,315
4.28,322,320
4.28,317,316
4.28,319,318
4.28,317,316
4.28,315,317
4.34,317,316
4.34,315,316
4.34,319,316
4.34,313,314
4.34,318,315
4.34,313,315
4.35,317,316
4.4,313,313
4.4,316,317
4.4,312,312
4.4,318,318
4.4,315,313
4.41,316,317
4.41,313,314
4.46,316,318
4.46,318,317
4.46,319,318
4.46,321,319
4.46,317,317
4.47,317,318
4.48,318,318
4.54,313,312
4.54,290,289
4.54,282,280
4.54,270,267
4.54,262,261
4.54,251,250
4.54,248,246
4.6,239,237
4.6,237,238
4.6,238,237
4.6,243,242
4.6,244,243
4.61,246,247
4.61,251,249
4.67,248,251
4.67,258,255
4.67,255,255
4.67,263,262
4.67,263,263
4.67,270,269
4.68,268,269
4.73,279,278
4.73,278,277
4.73,283,284
4.73,284,286
4.73,289,290
4.73,289,289
4.74,295,295
4.79,296,297
4.79,300,299
4.79,306,304
4.79,305,306
4.79,311,310
4.8,312,312
4.81,319,318
4.87,318,317
4.87,326,324
4.87,320,322
4.87,326,328
4.87,328,327
4.87,332,333
4.87,332,330
4.93,332,333
4.93,337,337
4.93,339,338
4.93,340,339
4.93,338,341
4.93,345,342
4.94,342,342
5.0,349,348
5.0,345,345
5.0,348,349
5.0,348,346
5.0,354,352
5.0,349,348
5.0,354,353
5.06,351,350
5.06,353,353
5.06,353,351
5.06,350,351
5.06,351,350
5.06,352,352
5.07,351,352
5.12,352,351
5.12,354,353
5.12,353,352
5.12,357,358
5.12,350,351
5.13,358,357
5.13,354,351
5.2,359,357
5.2,353,352
5.2,357,356
5.2,353,354
5.2,357,355
5.2,354,354
5.2,356,355
5.26,352,353
5.26,355,353
5.26,355,356
5.26,353,353
5.26,358,357
5.26,355,354
5.27,357,356
5.32,352,351
5.32,357,355
5.32,351,351
5.32,353,355
5.32,352,350
5.32,356,354
5.33,352,350
5.38,352,353
5.38,353,352
5.38,351,350
5.38,354,352
5.38,352,350
5.39,351,349
5.4,345,346
5.45,352,350
5.45,346,344
5.45,350,347
5.45,343,342
5.45,345,346
5.45,344,342
5.46,344,343
5.52,341,340
5.52,342,342
5.52,342,339
5.52,342,341
5.52,341,338
5.53,338,337
5.53,337,338
5.59,336,335
5.59,341,339
5.59,333,334
5.59,338,337
5.59,332,334
5.59,336,336
5.59,332,332
5.65,335,336
5.65,333,331
5.65,334,333
5.65,331,330
5.65,329,332
5.65,331,330
5.66,330,330
5.71,331,329
5.71,328,327
5.71,328,328
5.71,326,325
5.71,327,326
5.72,322,322
5.72,326,325
5.77,322,321
5.77,323,324
5.77,321,319
5.78,321,321
5.78,319,318
5.78,321,320
5.79,317,317
5.85,319,319
5.85,318,316
5.85,316,316
5.85,317,316
5.85,313,313
5.85,318,315
5.86,314,313
5.92,315,314
5.92,312,311
5.92,314,314
5.92,312,310
5.92,313,313
5.92,312,310
5.92,309,312
5.98,311,310
5.98,313,313
5.98,314,312
5.98,315,313
5.98,316,315
5.98,315,315
5.99,318,316
6.04,316,315
6.04,320,318
6.04,317,315
6.04,320,319
6.04,317,317
6.04,320,319
6.05,318,317
6.1,321,320
6.1,320,317
6.1,323,321
6.1,322,320
6.1,320,321
6.11,319,320
6.12,320,320
6.18,324,321
6.18,319,319
6.18,322,321
6.18,319,318
6.18,320,321
6.18,319,318
6.18,321,321
6.24,319,318
6.24,320,320
6.24,320,317
6.24,318,320
6.24,319,317
6.24,319,319
6.25,317,317
6.3,317,316
6.3,319,317
6.3,316,315
6.3,315,316
6.3,313,313
6.31,316,316
6.31,312,312
6.37,316,315
6.37,310,310
6.37,317,315
6.37,312,310
6.37,312,314
6.37,311,310
6.38,314,313
6.44,312,310
6.44,309,310
6.44,311,311
6.44,311,310
6.44,313,311
6.44,310,310
6.45,313,313
6.5,309,309
6.51,316,314
6.51,311,312
6.51,315,315
6.51,313,311
6.51,314,314
6.51,312,312
6.57,316,315
6.57,315,313
6.57,316,314
6.57,312,314
6.57,312,313
6.57,315,314
6.58,314,314
6.63,317,315
6.63,313,313
6.63,317,317
6.63,312,313
6.63,316,317
6.63,315,314
6.64,318,318
6.69,316,314
6.69,318,318
6.69,316,315
6.69,317,318
6.69,318,317
6.7,317,317
6.71,319,318
6.77,318,317
6.77,322,319
6.77,315,316
6.77,322,321
6.77,317,318
6.77,323,323
6.77,321,320
6.83,326,325
6.83,322,321
6.83,325,325
6.83,324,322
6.83,327,326
6.83,325,323
6.84,326,325
6.9,327,325
6.9,325,327
6.9,327,327
6.9,327,328
6.9,329,329
6.9,328,327
6.9,331,329
6.96,326,325
6.96,331,329
6.96,328,328
6.96,332,331
6.96,330,327
6.96,331,331
6.97,329,328
7.02,330,329
7.02,326,327
7.02,329,330
7.02,328,328
7.02,327,327
7.03,327,326
7.03,325,325
7.1,327,325
7.1,323,323
7.1,328,328
7.1,324,322
7.1,328,325
7.1,323,321
7.1,324,325
7.16,321,319
7.16,322,322
7.16,320,318
7.16,319,320
7.16,317,317
7.16,316,319
7.17,316,318
7.23,316,316
7.23,319,318
7.23,315,314
7.23,318,317
7.23,315,313
7.23,319,317
7.23,315,314
7.29,317,318
7.29,313,313
7.29,317,317
7.29,313,314
7.29,316,316
7.29,316,315
7.3,317,315
7.35,314,314
7.35,315,315
7.35,319,316
7.35,312,314
7.35,317,316
7.35,313,312
7.36,315,315
7.41,314,312
7.41,315,315
7.41,312,310
7.41,314,314
7.41,314,311
7.42,312,313
7.43,312,311
7.49,312,312
7.49,311,310
7.49,311,312
7.49,311,309
7.49,309,309
7.49,313,311
7.49,309,309
7.55,310,312
7.55,309,308
7.55,313,312
7.55,309,308
7.55,313,312
7.55,309,309
7.56,314,313
7.61,308,309
7.61,311,312
7.61,310,311
7.61,313,313
7.61,314,312
7.62,313,313
7.62,315,314
7.68,312,313
7.68,318,316
7.68,314,314
7.68,316,317
7.68,315,314
7.68,319,318
7.69,317,317
7.75,319,320
7.75,318,317
7.75,320,319
7.75,317,315
7.75,319,319
7.75,320,319
7.76,318,319
7.82,320,317
7.82,315,316
7.82,319,318
7.82,317,317
7.82,322,320
7.82,317,318
7.82,321,321
7.88,319,318
7.88,321,320
7.88,317,317
7.88,320,320
7.88,317,316
7.88,320,320
7.89,319,317
7.94,319,318
7.94,319,318
7.94,316,316
7.94,319,318
7.94,318,317
7.94,318,318
7.95,318,317
8.0,322,320
8.0,314,316
8.0,321,321
8.0,318,316
8.0,322,320
8.01,316,315
8.02,320,319
8.08,315,315
8.08,316,317
8.08,318,317
8.08,317,318
8.08,319,318
8.08,320,318
8.08,320,319
8.14,317,318
8.14,322,321
8.14,318,318
8.14,321,320
8.14,315,316
8.14,321,320
8.15,316,314
8.2,317,318
8.2,316,316
8.2,319,318
8.21,317,315
8.21,317,318
8.21,316,317
8.21,314,317
8.27,319,318
8.27,318,317
8.27,320,320
8.27,318,316
8.27,319,319
8.27,318,317
8.28,317,319
8.33,317,316
8.33,319,319
8.33,316,316
8.33,319,318
8.33,319,316
8.34,321,320
8.35,319,318
8.41,320,319
8.41,318,319
8.41,318,320
8.41,322,321
8.41,319,320
8.41,326,324
8.41,320,320
8.47,324,324
8.47,321,321
8.47,324,326
8.47,324,323
8.47,325,326
8.47,325,326
8.48,325,327
8.53,325,325
8.53,328,327
8.53,327,325
8.53,327,326
8.53,328,327
8.53,325,325
8.54,329,329
8.59,327,326
8.59,330,329
8.59,325,324
8.59,325,328
8.59,325,324
8.6,329,328
8.61,324,323
8.67,328,328
8.67,326,325
8.67,325,326
8.67,325,325
8.67,324,325
8.67,325,324
8.67,320,322
8.73,326,323
8.73,322,322
8.73,324,322
8.73,322,321
8.73,323,322
8.73,320,319
8.74,323,322
8.8,319,319
8.8,323,322
8.8,319,317
8.8,321,320
8.8,319,317
8.8,319,318
8.8,319,318
8.86,318,318
8.86,320,317
8.86,315,315
8.86,319,317
8.86,315,313
8.86,319,318
8.87,314,314
8.92,317,317
8.92,315,313
8.92,317,317
8.92,316,313
8.92,318,317
8.93,317,314
8.94,313,315
8.99,315,315
8.99,314,316
8.99,315,314
8.99,315,315
8.99,317,314
8.99,310,311
9.0,312,314
9.06,314,313
9.06,317,316
9.06,310,312
9.06,316,314
9.06,311,310
9.06,313,314
9.07,309,309
9.13,312,313
9.13,309,309
9.13,310,310
9.13,309,308
9.13,308,308
9.13,310,309
9.13,307,308
9.19,308,309
9.19,307,308
9.19,311,311
9.19,309,309
9.19,313,313
9.19,309,309
9.2,312,313
9.25,309,309
9.25,312,313
9.25,313,313
9.25,313,313
9.25,314,313
9.25,314,314
9.26,315,315
9.31,315,314
9.31,317,317
9.31,315,315
9.31,316,315
9.31,313,313
9.32,319,318
9.33,315,313
9.39,318,318
9.39,315,314
9.39,317,318
9.39,317,316
9.39,317,319
9.39,317,316
9.39,320,319
9.46,318,317
9.46,316,318
9.46,319,318
9.46,315,317
9.46,319,318
9.46,317,316
9.46,320,318
9.52,316,316
9.52,320,319
9.52,314,315
9.52,320,319
9.52,315,316
9.52,319,319
9.53,317,316
9.58,320,319
9.58,320,317
9.58,319,317
9.58,316,318
9.58,318,318
9.58,320,318
9.59,318,317
9.64,320,319
9.65,316,316
9.65,319,318
9.65,314,315
9.65,316,319
9.65,315,315
9.66,320,319
9.71,318,316
9.71,319,319
9.71,318,315
9.71,318,317
9.71,318,316
9.71,318,317
9.72,316,317
9.78,313,314
9.78,317,317
9.78,315,313
9.78,316,318
9.78,316,314
9.78,317,316
9.79,314,313
9.85,316,316
9.85,313,312
9.85,317,315
9.85,313,312
9.85,316,314
9.85,312,312
9.85,313,312
9.91,315,313
9.91,311,311
9.91,312,314
9.91,313,312
9.91,314,313
9.91,311,311
9.92,317,316
9.97,312,311
9.97,320,318
9.97,313,313
9.97,319,317
9.97,317,315
9.98,319,318
9.98,317,317
10.03,318,320
10.03,318,318
10.03,318,320
10.03,320,321
10.03,319,319
10.04,322,323
10.05,318,320
10.11,322,322
10.11,320,320
10.11,325,325
10.11,321,320
10.11,326,326
10.11,322,321
10.12,327,326
10.17,323,321
10.17,323,324
10.17,325,323
10.17,324,324
10.17,324,324
10.17,324,324
10.18,325,324
10.24,322,321
10.24,325,324
10.24,322,321
10.24,326,323
10.24,322,321
10.24,325,324
10.25,317,318
10.3,323,323
10.3,321,318
10.3,322,322
10.3,318,318
10.3,321,320
10.3,319,317
10.31,317,318
10.38,318,317
10.38,315,315
10.38,314,315
10.38,312,311
10.38,311,313
10.38,310,310
10.38,315,313
10.44,309,309
10.44,313,312
10.44,308,308
10.44,313,312
10.44,310,308
10.44,309,310
10.44,308,307
10.5,307,308
10.5,309,307
10.5,306,309
10.5,311,309
10.5,307,307
10.5,311,310
10.51,305,306
10.56,311,310
10.56,307,306
10.56,309,309
10.56,307,305
10.56,310,310
10.57,308,307
10.57,311,310
10.63,309,307
10.63,311,311
10.63,309,309
10.63,308,309
10.63,312,310
10.63,311,309
10.64,312,312
10.69,307,307
10.69,310,310
10.69,309,307
10.69,309,310
10.69,304,305
10.7,308,310
10.7,307,306
10.77,311,310
10.77,306,306
10.77,308,309
10.77,309,307
10.77,306,309
10.77,310,309
10.77,310,309
10.83,310,310
10.83,308,310
10.83,313,312
10.83,309,310
10.83,313,314
10.83,313,312
10.84,316,315
10.89,312,312
10.89,316,316
10.89,313,313
10.89,318,318
10.89,316,314
10.89,315,317
10.9,319,316
10.96,319,318
10.96,318,318
10.96,316,318
10.96,320,320
10.96,317,318
10.96,321,321
10.97,318,317
11.02,323,322
11.02,319,317
11.02,323,321
11.02,320,318
11.02,321,321
11.02,320,319
11.03,321,322
11.09,321,319
11.09,322,322
11.1,321,322
11.1,322,322
11.1,322,323
11.1,323,322
11.1,324,325
11.16,321,323
11.16,328,327
11.16,322,322
11.16,327,327
11.16,324,321
11.16,326,325
11.16,322,320
11.22,322,324
11.22,320,321
11.22,323,323
11.22,322,321
11.22,322,321
11.22,323,322
11.23,320,321
11.28,323,322
11.28,317,317
11.28,323,321
11.28,317,318
11.28,323,322
11.29,319,318
11.29,322,321
11.36,320,319
11.36,322,321
11.36,317,318
11.36,320,320
11.36,319,318
11.36,319,320
11.36,319,319
11.42,319,319
11.42,319,319
11.42,316,316
11.42,319,317
11.42,314,315
11.42,319,318
11.43,315,314
11.48,319,318
11.48,315,314
11.48,319,318
11.48,312,309
11.48,297,295
11.48,277,276
11.49,270,269
11.55,260,258
11.55,252,251
11.55,245,243
11.55,240,239
11.55,239,237
11.55,240,239
11.56,244,244
11.61,242,243
11.61,249,250
11.61,249,249
11.61,256,256
11.61,258,255
11.61,262,263
11.62,263,263
11.69,271,271
11.69,273,272
11.69,277,277
11.69,281,280
11.69,281,283
11.69,290,289
11.69,291,290
11.75,298,296
11.75,296,296
11.75,303,302
11.75,303,303
11.75,311,310
11.75,309,309
11.75,315,316
11.81,314,314
11.81,320,320
11.81,322,321
11.81,325,326
11.81,329,328
11.81,328,330
11.82,332,331
11.87,332,333
11.87,336,336
11.87,336,336
11.87,341,341
11.87,338,338
11.88,344,343
11.88,343,342
11.94,347,346
11.94,344,344
11.94,350,349
11.94,347,346
11.94,352,351
11.94,347,347
11.95,351,351
12.0,352,350
12.0,351,350
12.0,352,351
12.0,349,351
12.0,353,352
12.01,350,350
12.02,355,354
12.08,351,351
12.08,354,355
12.08,351,352
12.08,354,354
12.08,353,352
12.08,355,353
12.08,350,351
12.14,355,354
12.14,353,350
12.14,353,352
12.14,355,353
12.14,350,351
12.14,353,353
12.15,352,351
12.2,352,353
12.2,348,350
12.2,352,351
12.2,348,346
12.2,350,350
12.2,346,346
12.21,349,349
12.27,346,344
12.27,344,347
12.27,344,344
12.27,346,348
12.27,348,346
12.27,346,345
12.28,348,346
12.33,345,345
12.33,350,348
12.33,346,346
12.33,350,348
12.33,347,347
12.33,350,351
12.34,348,347
12.4,351,350
12.4,346,346
12.4,350,349
12.4,348,346
12.4,348,348
12.4,346,346
12.41,348,346
12.47,345,345
12.47,346,347
12.47,347,346
12.47,344,345
12.47,349,348
12.47,345,345
12.47,347,346
12.53,344,344
12.53,344,346
12.53,341,341
12.53,345,344
12.53,341,341
12.53,342,342
12.54,340,340
12.59,342,341
12.59,341,339
12.59,337,339
12.59,340,338
12.59,338,337
12.6,340,338
12.61,337,336
12.66,334,335
12.66,333,333
12.66,336,334
12.66,330,330
12.66,333,333
12.66,328,327
12.67,331,330
12.73,327,325
12.73,329,328
12.73,326,324
12.73,323,325
12.73,324,323
12.73,322,321
12.74,322,322
12.8,321,320
12.8,321,321
12.8,316,317
12.8,318,319
12.8,317,316
12.8,322,320
12.8,315,314
12.86,318,319
12.86,315,313
12.86,319,317
12.86,313,313
12.86,317,316
12.86,317,314
12.87,311,314
12.92,314,314
12.92,312,312
12.92,316,313
12.92,312,312
12.92,318,315
12.92,311,309
12.93,314,315
12.98,312,310
12.98,313,313
12.98,311,309
12.98,312,312
12.98,308,308
12.99,311,310
13.0,310,308
13.06,310,309
13.06,312,308
13.06,307,308
13.06,311,309
13.06,309,308
13.06,311,309
13.07,306,306
13.08,311,309
13.08,307,307
13.09,312,311
13.16,307,308
13.16,310,311
13.16,310,306
13.16,311,311
13.16,312,309
13.16,313,311
13.16,312,312
13.22,314,315
13.22,313,312
13.22,313,314
13.22,316,314
13.22,313,314
13.22,319,317
13.22,315,315
13.28,317,318
13.28,314,315
13.28,321,320
13.28,316,317
13.28,322,321
13.28,316,317
13.29,321,321
13.34,321,320
13.34,323,322
13.34,326,323
13.34,324,324
13.34,325,324
13.35,322,323
13.35,328,326
13.42,321,322
13.42,325,325
13.42,325,323
13.42,327,325
13.42,322,322
13.42,326,325
13.42,324,322
13.48,326,324
13.48,321,321
13.48,321,324
13.48,324,322
13.48,322,322
13.48,324,323
13.49,322,322
13.54,326,325
13.54,320,322
13.54,326,326
13.54,321,322
13.54,327,325
13.54,321,321
13.55,325,326
13.61,321,321
13.61,325,324
13.61,322,322
13.61,324,324
13.61,321,321
13.61,322,322
13.62,321,320
13.67,322,320
13.67,321,320
13.67,319,319
13.67,323,320
13.67,319,318
13.67,322,321
13.68,318,317
13.75,321,320
13.75,316,316
13.75,319,320
13.75,317,315
13.75,316,317
13.75,315,314
13.75,315,316
13.81,315,313
13.81,312,313
13.81,314,312
13.81,311,312
13.81,315,313
13.81,309,310
13.81,313,312
13.87,310,310
13.87,314,312
13.87,309,308
13.87,312,312
13.87,308,306
13.87,310,311
13.88,308,306
13.93,309,310
13.93,309,306
13.93,306,308
13.93,308,308
13.93,307,307
13.94,310,308
13.94,307,308
14.0,311,310
14.0,308,309
14.0,312,311
14.0,309,309
14.0,313,313
14.0,308,311
14.01,316,315
14.07,311,311
14.07,315,316
14.07,314,313
14.07,316,316
14.07,315,315
14.07,319,318
14.08,321,319
14.14,318,318
14.14,319,319
14.14,318,318
14.14,321,321
14.14,319,320
14.14,323,322
14.14,320,319
14.2,323,324
14.2,319,317
14.2,322,322
14.2,324,321
14.2,325,325
14.2,322,322
14.21,321,323
14.26,323,323
14.26,322,324
14.26,324,324
14.26,322,323
14.26,324,324
14.26,324,322
14.27,327,325
14.32,322,322
14.32,327,325
14.32,322,321
14.32,325,326
14.32,322,321
14.33,323,322
14.34,318,320
14.4,320,321
14.4,321,319
14.4,321,320
14.4,320,321
14.4,318,319
14.4,321,320
14.4,319,318
14.46,321,319
14.46,316,318
14.46,322,321
14.47,317,318
14.47,319,320
14.47,318,316
14.47,319,321
14.53,317,315
14.53,319,319
14.53,319,317
14.53,318,318
14.53,318,317
14.53,318,317
14.53,318,318
14.59,318,317
14.59,320,318
14.59,318,315
14.59,320,319
14.59,312,314
14.59,317,318
14.6,312,313
14.65,319,317
14.65,315,314
14.65,318,317
14.65,314,312
14.65,316,316
14.66,314,313
14.67,312,313
14.73,314,313
14.73,314,313
14.73,317,315
14.73,313,313
14.73,317,316
14.73,312,313
14.73,318,317
14.79,314,313
14.79,318,316
14.79,316,314
14.79,317,318
14.79,315,312
14.79,314,316
14.8,313,314
14.85,316,316
14.85,316,316
14.85,316,316
14.86,319,318
14.86,319,318
14.86,320,320
14.86,319,318
14.92,324,322
14.92,322,320
14.92,324,323
14.92,322,321
14.92,324,324
14.92,322,323
14.93,324,326
14.98,324,324
14.98,326,325
14.98,324,322
14.98,326,325
14.98,324,322
14.99,323,323
14.99,325,324
15.06,322,321
15.06,325,325
15.06,323,322
15.06,327,325
15.06,322,321
15.06,324,325
15.06,318,319
15.12,323,323
15.12,320,318
15.12,322,322
15.12,321,318
15.12,318,320
15.12,322,320
15.12,319,319
15.18,320,320
15.18,319,319
15.18,323,321
15.18,320,320
15.18,323,322
15.18,318,318
15.19,325,324
15.24,320,318
15.24,323,323
15.24,320,319
15.24,323,322
15.24,320,318
15.25,321,321
15.26,319,318
15.31,318,318
15.31,319,318
15.31,316,317
15.31,321,319
15.31,317,316
15.31,322,319
15.32,317,316
15.38,319,319
15.38,316,315
15.38,319,318
15.38,315,315
15.38,317,316
15.38,313,313
15.39,318,316
15.45,315,313
15.45,316,316
15.45,316,314
15.45,313,314
15.45,314,314
15.45,312,313
15.45,315,315
15.51,313,312
15.51,315,313
15.51,310,311
15.51,313,313
15.51,310,310
15.51,315,314
15.52,312,310
15.57,314,315
15.57,313,311
15.57,315,314
15.57,314,313
15.57,314,314
15.57,314,312
15.58,315,314
15.63,318,315
15.63,316,316
15.63,317,317
15.63,316,316
15.63,319,318
15.64,314,315
15.65,318,318
15.71,317,315
15.71,318,319
15.71,317,316
15.71,316,319
15.71,319,317
15.71,319,318
15.71,320,318
15.77,319,317
15.77,319,318
15.77,317,316
15.77,318,318
15.77,318,317
15.77,323,321
15.78,319,318
15.84,320,322
15.84,318,319
15.84,323,322
15.84,320,320
15.84,321,322
15.84,321,318
15.85,321,322
15.9,320,319
15.9,322,322
15.9,321,321
15.9,318,319
15.9,321,321
15.9,319,318
15.91,322,320
15.96,316,317
15.96,320,321
15.96,317,316
15.96,320,320
15.96,314,315
15.97,316,318
15.98,312,314
16.04,319,317
16.04,317,315
16.04,317,317
16.04,315,315
16.04,315,316
16.04,316,316
16.04,314,316
16.1,317,316
16.1,315,314
16.1,319,317
16.1,316,315
16.1,318,318
16.1,315,314
16.11,317,318
16.16,311,313
16.17,316,316
16.17,311,312
16.17,315,314
16.17,312,313
16.17,314,316
16.17,317,315
16.23,316,314
16.23,315,315
16.23,313,314
16.23,316,316
16.23,310,311
16.23,315,314
16.24,312,312
16.29,312,315
16.29,314,312
16.29,316,316
16.29,312,313
16.29,319,317
16.3,316,314
16.3,316,317
16.37,317,316
16.37,317,318
16.37,319,317
16.37,316,315
16.37,317,318
16.37,317,317
16.37,318,320
16.43,317,317
16.43,320,321
16.43,317,316
16.43,321,321
16.43,317,317
16.43,322,321
16.43,317,318
16.49,322,321
16.49,321,320
16.49,322,321
16.49,324,321
16.49,321,321
16.49,324,324
16.5,322,322
16.55,325,323
16.55,319,320
16.55,325,324
16.55,323,323
16.55,325,326
16.56,322,323
16.57,326,326
16.63,323,321
16.63,324,326
16.63,320,321
16.63,325,324
16.63,324,323
16.63,324,323
16.63,324,323
16.69,323,322
16.69,324,325
16.69,320,322
16.69,324,325
16.69,322,321
16.69,325,325
16.7,321,322
16.75,325,325
16.75,322,320
16.75,324,323
16.75,322,321
16.75,321,323
16.75,321,321
16.76,322,322
16.82,321,320
16.82,319,320
16.82,322,320
16.82,319,319
16.82,321,321
16.82,317,318
16.83,322,321
16.88,318,316
16.88,320,318
16.88,318,316
16.88,321,320
16.88,317,316
16.89,318,318
16.89,315,315
16.96,320,318
16.96,315,314
16.96,315,315
16.96,314,315
16.96,315,314
16.96,316,316
16.96,313,313
17.02,314,315
17.02,314,313
17.02,318,316
17.02,311,312
17.02,317,316
17.02,314,313
17.02,319,318
17.08,318,315
17.08,317,318
17.08,318,317
17.08,318,318
17.08,317,317
17.08,317,317
17.09,316,317
17.14,314,315
17.14,317,318
17.14,317,317
17.14,321,318
17.14,316,317
17.15,321,321
17.16,317,316
17.21,321,321
17.21,319,318
17.21,317,320
17.21,317,317
17.21,319,319
17.21,320,318
17.22,319,319
17.29,318,319
17.29,316,317
17.29,318,317
17.29,317,316
17.29,322,320
17.29,318,318
17.29,322,322
17.35,317,318
17.35,322,321
17.35,318,319
17.35,323,323
17.35,321,319
17.35,323,322
17.35,321,320
17.41,320,321
17.41,325,323
17.41,324,323
17.41,325,324
17.41,321,322
17.41,322,324
17.42,321,321
17.47,325,325
17.47,323,322
17.47,327,327
17.47,323,322
17.47,325,326
17.48,323,322
17.48,325,326
17.55,321,323
17.55,326,326
17.55,326,323
17.55,321,322
17.55,323,322
17.55,321,322
17.55,321,321
17.61,321,321
17.61,321,322
17.61,319,318
17.61,322,324
17.61,318,319
17.61,323,322
17.61,319,318
17.67,322,321
17.67,320,318
17.67,319,318
17.67,319,318
17.67,319,319
17.67,319,317
17.68,318,316
17.73,314,315
17.73,314,315
17.73,317,317
17.73,313,314
17.74,317,318
17.74,313,314
17.75,315,317
17.8,314,313
17.8,316,317
17.8,315,314
17.8,316,318
17.8,318,315
17.8,318,317
17.81,320,317
17.87,316,317
17.87,319,318
17.87,319,318
17.87,321,319
17.87,319,318
17.87,322,321
17.88,317,317
17.94,322,321
17.94,315,316
17.94,321,321
17.94,318,317
17.94,321,320
17.94,318,317
17.94,320,319
18.0,317,317
18.0,320,318
18.0,317,317
18.0,317,318
18.0,321,318
18.0,316,316
18.01,317,317
18.06,317,316
18.06,319,318
18.06,315,314
18.06,318,317
18.06,308,309
18.07,301,297
18.07,277,276
18.12,268,266
18.12,254,254
18.12,250,249
18.12,238,238
18.12,235,234
18.13,230,232
18.14,232,233
18.2,237,237
18.2,238,238
18.2,243,243
18.2,242,243
18.2,250,249
18.2,250,250
18.2,257,258
18.27,257,256
18.27,264,264
18.27,265,266
18.27,272,271
18.27,273,273
18.27,280,279
18.27,283,282
18.33,287,287
18.33,292,290
18.33,293,292
18.33,298,298
18.33,297,299
18.33,307,306
18.34,305,307
18.39,315,313
18.39,314,314
18.39,321,321
18.39,322,321
18.39,326,326
18.39,328,327
18.4,331,330
18.49,331,330
18.49,332,334
18.49,336,336
18.49,336,337
18.49,342,340
18.49,343,342
18.49,346,345
18.49,344,343
18.49,350,350
18.5,347,346
18.56,353,352
18.56,352,350
18.56,355,354
18.56,352,353
18.56,356,356
18.56,356,357
18.56,356,356
18.62,355,356
18.62,358,356
18.62,356,356
18.62,355,356
18.62,359,358
18.62,357,356
18.63,363,362
18.68,357,357
18.68,362,361
18.68,356,354
18.69,360,359
18.69,355,354
18.69,359,358
18.69,353,355
18.75,358,357
18.75,356,355
18.75,354,356
18.75,356,354
18.75,353,353
18.75,356,353
18.76,352,351
18.81,355,354
18.81,349,348
18.81,350,351
18.81,346,347
18.81,351,349
18.81,344,346
18.82,349,350
18.88,344,344
18.88,344,345
18.88,344,342
18.88,343,342
18.88,341,341
18.88,342,342
18.89,343,341
18.95,340,342
18.95,344,341
18.95,336,336
18.95,340,339
18.95,333,334
18.95,338,338
18.95,336,335
19.01,339,338
19.01,332,332
19.01,334,335
19.01,332,331
19.01,331,332
19.01,328,329
19.02,330,330
19.07,329,329
19.07,329,328
19.07,330,329
19.07,327,326
19.07,328,328
19.08,324,325
19.08,329,329
19.15,325,323
19.15,328,326
19.15,323,323
19.15,325,326
19.15,323,323
19.15,326,326
19.15,324,323
19.21,325,323
19.21,325,323
19.21,325,323
19.21,322,322
19.21,320,321
19.21,323,324
19.22,320,320
19.27,321,322
19.27,321,320
19.27,325,324
19.27,319,319
19.27,323,324
19.27,320,319
19.28,321,322
19.34,322,319
19.34,322,321
19.34,320,320
19.34,323,321
19.34,323,321
19.34,318,319
19.35,322,321
19.4,318,317
19.4,322,320
19.4,314,315
19.4,320,320
19.4,314,316
19.4,319,319
19.41,316,315
19.48,319,318
19.48,316,315
19.48,317,317
19.48,314,315
19.48,318,316
19.48,317,315
19.48,314,316
19.54,316,316
19.54,316,316
19.54,319,319
19.54,316,316
19.54,318,318
19.54,317,316
19.54,319,318
19.6,315,315
19.6,316,316
19.6,315,314
19.6,316,317
19.6,313,314
19.6,315,316
19.61,315,313
19.66,310,312
19.66,312,312
19.66,314,312
19.66,314,313
19.66,311,310
19.67,314,313
19.67,308,310
19.74,314,312
19.74,309,310
19.74,314,312
19.74,308,309
19.74,311,312
19.74,308,310
19.74,310,312
19.8,312,310
19.8,309,311
19.8,311,309
19.8,309,309
19.8,311,309
19.8,307,307
19.81,309,310
19.87,306,307
19.87,312,311
19.87,308,307
19.87,314,311
19.87,306,307
19.87,311,311
19.87,309,308
19.93,310,311
19.93,309,309
19.93,311,312
19.93,312,311
19.93,312,312
19.93,313,312
19.94,311,312
19.99,315,313
19.99,312,311
19.99,316,315
19.99,313,312
19.99,317,316
19.99,314,312
20.0,314,316
20.05,315,313
20.05,317,316
20.05,317,315
20.05,317,316
20.05,316,315
20.06,319,318
20.07,317,318
20.13,317,317
20.13,319,318
20.13,317,317
20.13,321,318
20.13,316,317
20.13,320,319
20.13,317,317
20.2,320,320
20.2,317,317
20.2,321,319
20.2,316,318
20.2,321,320
20.2,321,318
20.2,318,319
20.26,320,320
20.26,319,319
20.26,322,321
20.26,319,318
20.26,321,320
20.26,320,318
20.26,321,321
20.32,320,319
20.32,320,321
20.32,319,316
20.32,320,320
20.32,317,316
20.32,319,318
20.33,317,316
20.38,320,318
20.38,317,317
20.38,317,318
20.38,316,318
20.38,317,316
20.39,316,318
20.4,315,315
20.45,316,316
20.45,314,314
20.45,318,317
20.45,313,314
20.45,316,317
20.45,312,313
20.46,314,315
20.53,314,313
20.53,313,313
20.53,312,312
20.53,313,312
20.53,313,313
20.53,312,313
20.53,316,314
20.59,312,312
20.59,316,314
20.59,311,312
20.59,315,314
20.59,313,310
20.59,313,313
20.59,313,311
20.65,313,312
20.65,310,310
20.65,312,314
20.65,312,312
20.65,312,313
20.65,313,312
20.66,311,310
20.71,313,312
20.71,310,310
20.71,309,308
20.71,285,281
20.71,274,272
20.71,263,261
20.72,258,257
20.77,248,246
20.77,246,245
20.77,237,238
20.77,235,235
20.77,231,230
20.78,226,228
20.79,226,226
20.85,226,225
20.85,225,222
20.85,222,222
20.85,228,226
20.85,222,223
20.85,229,229
20.85,229,229
20.91,237,237
20.91,236,237
20.91,248,247
20.91,251,249
20.91,256,257
20.91,261,261
20.92,269,271
20.98,278,277
20.98,287,288
20.98,293,295
20.98,304,305
20.98,314,315
20.98,322,323
20.99,338,337
21.04,343,342
21.04,358,356
21.04,362,363
21.04,375,375
21.04,376,378
21.04,390,390
21.05,393,393
21.1,401,402
21.1,408,406
21.1,412,411
21.1,416,416
21.1,422,421
21.11,427,425
21.12,426,426
21.18,433,431
21.18,432,433
21.18,440,438
21.18,435,435
21.18,441,440
21.18,436,436
21.18,443,442
21.24,442,440
21.24,444,444
21.24,442,442
21.24,445,445
21.24,443,443
21.24,442,443
21.25,445,442
21.3,439,442
21.3,442,442
21.3,439,438
21.3,442,441
21.3,437,437
21.3,443,440
21.31,434,433
21.36,439,438
21.36,429,430
21.36,434,433
21.36,429,428
21.37,427,429
21.37,426,424
21.38,425,424
21.44,421,421
21.44,420,419
21.44,419,419
21.44,415,416
21.44,415,415
21.44,412,410
21.44,414,411
21.51,404,405
21.51,408,407
21.51,400,400
21.51,403,401
21.51,396,396
21.51,396,397
21.51,392,392
21.57,393,392
21.57,387,387
21.57,387,386
21.57,385,384
21.57,382,381
21.57,381,379
21.58,377,375
21.63,378,375
21.63,369,369
21.63,370,370
21.63,363,364
21.63,366,366
21.63,357,359
21.64,362,360
21.69,356,355
21.69,357,358
21.69,353,351
21.69,353,351
21.69,348,346
21.7,347,346
21.71,346,345
21.77,343,342
21.77,343,341
21.77,337,337
21.77,341,339
21.77,335,333
21.77,334,334
21.77,329,329
21.83,334,332
21.83,328,326
21.83,329,329
21.83,325,323
21.83,325,326
21.83,321,321
21.84,324,322
21.9,321,321
21.9,318,320
21.9,320,320
21.9,318,318
21.9,320,318
21.9,315,313
21.9,317,316
21.96,313,312
21.96,317,316
21.96,312,311
21.96,314,315
21.96,311,311
21.96,313,312
21.97,308,308
22.02,309,312
22.02,312,309
22.02,310,310
22.02,312,310
22.02,322,323
22.03,288,284
22.03,320,326
22.1,293,284
22.1,304,312
22.1,295,288
22.1,284,292
22.1,300,290
22.1,268,277
22.1,308,301
22.16,262,267
22.16,312,311
22.16,261,262
22.16,314,314
22.16,261,260
22.16,311,313
22.16,264,259
22.22,307,310
22.22,270,264
22.22,297,303
22.22,282,274
22.22,288,294
22.22,294,284
22.23,278,286
22.28,308,300
22.28,276,283
22.28,328,322
22.28,281,283
22.29,333,330
22.29,275,277
22.3,330,329
22.35,277,272
22.35,320,325
22.35,280,274
22.35,316,321
22.35,296,289
22.35,316,322
22.36,315,308
22.41,318,326
22.41,341,331
22.41,316,322
22.41,355,347
22.41,308,313
22.42,359,355
22.43,305,308
22.49,361,359
22.49,310,308
22.49,365,366
22.49,325,322
22.49,378,383
22.49,349,344
22.49,381,387
22.55,369,362
22.55,378,385
22.55,382,375
22.55,367,377
22.55,401,396
22.55,364,375
22.56,424,420
22.61,381,385
22.61,445,444
22.61,389,389
22.61,446,445
22.61,390,386
22.62,435,439
22.62,391,385
22.68,423,429
22.68,397,389
22.68,411,418
22.68,405,397
22.68,396,405
22.68,414,403
22.69,375,381
22.74,402,391
22.74,332,335
22.74,364,355
22.74,290,291
22.74,335,333
22.75,276,273
22.75,323,323
22.82,272,267
22.82,311,314
22.82,272,267
22.82,300,307
22.82,280,274
22.82,283,289
22.82,283,271
22.88,258,267
22.88,290,279
22.88,251,257
22.88,301,294
22.88,252,257
22.88,304,299
22.89,246,247
22.94,303,303
22.94,250,248
22.94,296,297
22.94,255,252
22.94,311,317
22.94,301,297
22.95,337,345
23.0,350,343
23.01,363,371
23.01,389,380
23.01,369,380
23.01,418,411
23.01,379,384
23.02,436,431
23.07,380,381
23.07,438,437
23.07,385,383
23.07,439,441
23.07,393,391
23.07,441,445
23.08,411,405
23.15,444,452
23.15,433,423
23.15,435,445
23.15,451,443
23.15,440,449
23.15,476,468
23.15,440,446
23.21,490,484
23.21,437,443
23.21,503,502
23.21,445,444
23.21,505,506
23.21,456,451
23.21,503,506
23.27,457,450
23.27,486,492
23.27,458,450
23.27,464,470
23.27,457,449
23.27,452,460
23.28,470,460
23.33,434,441
23.33,471,462
23.33,417,420
23.33,463,459
23.33,404,406
23.34,462,461
23.34,402,400
23.4,453,452
23.4,384,378
23.4,408,412
23.4,360,352
23.4,374,381
23.4,347,336
23.41,341,347
23.47,337,326
23.47,314,323
23.47,338,327
23.47,304,310
23.47,340,331
23.47,288,292
23.48,351,350
23.54,304,305
23.54,360,358
23.54,305,303
23.54,351,354
23.54,302,298
23.54,334,339
23.54,305,297
23.6,320,326
23.6,312,304
23.6,319,327
23.6,337,328
23.6,313,321
23.6,346,339
23.61,299,304
23.66,342,335
23.66,280,281
23.66,330,329
23.66,273,272
23.66,324,324
23.66,272,267
23.67,308,312
23.72,267,261
23.72,289,294
23.72,262,256
23.72,267,273
23.72,265,255
23.73,248,255
23.74,272,265
23.8,238,246
23.8,290,283
23.8,243,246
23.8,299,295
23.8,243,244
23.8,296,296
23.8,223,216
23.86,241,241
23.86,187,177
23.86,187,190
23.86,158,154
23.86,181,186
23.86,171,162
23.87,164,174
23.93,184,174
23.93,152,163
23.93,198,190
23.93,152,160
23.93,218,213
23.93,170,176
23.93,257,258
23.99,229,229
23.99,287,290
23.99,246,242
23.99,296,300
23.99,256,252
23.99,286,290
24.0,254,246
24.07,253,261
24.07,243,232
24.07,219,227
24.07,245,234
24.07,205,211
24.07,249,242
24.07,198,203
24.13,252,251
24.13,192,191
24.13,233,233
24.13,164,159
24.13,199,201
24.13,147,141
24.13,180,182
24.19,144,138
24.19,166,174
24.19,164,156
24.19,168,176
24.19,193,183
24.19,171,178
24.2,208,200
24.25,155,159
24.25,202,195
24.25,139,142
24.25,197,197
24.25,140,141
24.25,205,206
24.26,156,151
24.32,204,210
24.32,173,165
24.32,205,210
24.32,182,173
24.32,186,196
24.32,191,182
24.33,177,186
24.38,208,200
24.38,175,181
24.38,222,217
24.38,173,176
24.38,228,226
24.38,171,171
24.39,223,223
24.45,168,165
24.45,220,222
24.46,178,170
24.46,217,223
24.46,193,185
24.46,212,220
24.46,204,197
24.52,200,208
24.52,215,204
24.52,183,192
24.52,221,212
24.52,174,182
24.52,231,225
24.52,178,180
24.58,239,237
24.58,187,186
24.58,241,242
24.58,179,175
24.58,216,221
24.58,191,186
24.59,234,240
24.64,220,213
24.64,237,247
24.64,253,244
24.64,250,259
24.64,284,275
24.65,258,268
24.66,310,304
24.72,266,269
24.72,319,317
24.72,287,292
24.72,384,389
24.72,367,368
24.72,446,453
24.72,429,425
24.78,491,499
24.78,487,482
24.78,523,532
24.78,528,521
24.78,529,538
24.78,544,533
24.79,509,518
24.84,556,548
24.84,520,528
24.84,599,596
24.84,562,566
24.84,629,629
24.84,608,609
24.85,632,631
24.91,630,631
24.91,634,633
24.91,634,633
24.91,634,634
24.91,635,634
24.91,634,634
24.92,633,634
24.97,636,634
24.97,635,634
24.97,635,635
24.97,636,635
24.97,633,635
24.97,635,635
24.98,635,634
25.05,636,635
25.05,635,634
25.05,635,634
25.05,635,634
25.05,634,633
25.05,632,632
25.05,632,632
25.11,627,628
25.11,612,613
25.11,597,587
25.11,585,593
25.11,618,609
25.11,569,577
25.11,622,619
25.17,569,568
25.17,613,610
25.17,528,523
25.17,517,511
25.17,427,420
25.17,446,445
25.18,387,381
25.23,355,354
25.23,347,342
25.23,318,318
25.23,314,314
25.23,302,303
25.24,296,294
25.25,279,277
25.31,271,269
25.31,253,250
25.31,241,239
25.31,225,223
25.31,218,216
25.31,206,203
25.31,195,195
25.37,190,191
25.37,184,183
25.37,181,179
25.37,169,169
25.37,167,164
25.37,154,154
25.38,150,151
25.43,140,141
25.43,137,136
25.43,128,130
25.43,132,131
25.43,128,125
25.43,121,122
25.44,120,118
25.5,116,115
25.5,114,112
25.5,112,110
25.5,111,112
25.5,109,109
25.5,113,113
25.51,114,112
25.56,115,115
25.56,110,112
25.56,117,115
25.56,112,112
25.56,115,117
25.56,115,115
25.57,122,120
25.64,122,120
25.64,123,123
25.64,106,102
25.64,97,99
25.64,101,100
25.64,94,96
25.64,101,99
25.64,95,95
25.65,94,95
25.66,102,100
25.67,98,98
25.68,101,102
25.68,105,104
25.75,108,109
25.75,113,111
25.75,115,116
25.75,119,118
25.75,119,120
25.75,125,125
25.75,126,126
25.81,133,132
25.81,134,134
25.81,144,142
25.81,144,143
25.81,152,151
25.81,153,152
25.81,161,161
25.87,163,163
25.87,171,172
25.87,174,175
25.87,184,183
25.87,186,187
25.87,195,194
25.88,200,199
25.93,203,205
25.93,211,213
25.93,218,217
25.93,223,223
25.93,225,226
25.94,235,234
25.95,239,238
26.0,244,246
26.0,249,248
26.0,258,257
26.0,259,258
26.0,265,266
26.0,270,269
26.01,275,276
26.08,277,278
26.08,282,285
26.08,289,290
26.08,292,293
26.08,299,299
26.08,301,301
26.08,306,306
26.14,306,308
26.14,313,313
26.14,313,312
26.14,322,322
26.14,321,319
26.14,326,326
26.14,326,325
26.2,331,332
26.2,333,332
26.2,337,337
26.2,337,336
26.2,338,338
26.2,343,341
26.21,339,341
26.26,346,345
26.26,343,344
26.26,348,349
26.26,346,346
26.26,353,353
26.26,350,349
26.27,353,354
26.32,352,351
26.32,355,355
26.32,354,354
26.32,357,356
26.32,354,354
26.33,357,357
26.34,357,355
26.4,355,356
26.4,358,357
26.4,357,355
26.4,357,355
26.4,354,353
26.4,358,357
26.4,353,355
26.46,359,357
26.46,353,354
26.46,359,357
26.46,355,353
26.46,355,356
26.46,354,354
26.47,354,355
26.53,354,352
26.53,352,353
26.53,352,353
26.53,351,352
26.53,356,354
26.53,350,350
26.54,355,353
26.59,348,351
26.59,355,354
26.59,351,349
26.59,351,351
26.59,349,348
26.59,349,351
26.6,347,347
26.67,348,350
26.67,345,345
26.67,348,347
26.67,347,346
26.67,345,345
26.67,345,344
26.67,341,341
26.73,344,343
26.73,341,340
26.73,344,343
26.73,340,338
26.73,340,341
26.73,340,338
26.73,341,341
26.79,338,336
26.79,340,340
26.79,336,335
26.79,336,338
26.79,336,333
26.79,333,333
26.8,333,330
26.85,325,323
26.85,313,311
26.85,306,305
26.85,306,306
26.85,302,300
26.85,305,303
26.86,297,298
26.92,302,301
26.92,299,298
26.92,299,300
26.92,298,297
26.92,299,299
26.92,298,297
26.93,298,298
26.99,299,298
26.99,299,297
26.99,298,299
26.99,297,298
26.99,301,301
26.99,298,298
26.99,304,303
27.06,302,301
27.06,307,307
27.06,304,304
27.06,309,310
27.06,307,306
27.06,313,313
27.06,315,312
27.12,317,316
27.12,317,317
27.12,319,318
27.12,323,322
27.12,322,323
27.12,325,326
27.12,329,327
27.18,333,332
27.18,330,329
27.18,335,335
27.18,330,333
27.18,340,339
27.18,336,336
27.19,341,341
27.24,340,338
27.24,342,342
27.24,340,340
27.24,340,341
27.24,342,342
27.25,343,342
27.26,344,343
27.31,344,344
27.31,346,346
27.31,343,344
27.31,348,347
27.31,345,344
27.31,349,348
27.32,343,343
27.38,349,347
27.38,343,343
27.38,345,346
27.38,343,342
27.38,343,344
27.38,340,343
27.39,343,343
27.45,345,343
27.45,340,342
27.45,346,346
27.45,341,341
27.45,345,344
27.45,342,340
27.45,344,343
27.51,338,339
27.51,341,342
27.51,339,338
27.51,342,341
27.51,339,338
27.51,339,339
27.52,337,336
27.57,337,337
27.57,335,335
27.57,335,335
27.57,335,335
27.57,332,334
27.58,334,335
27.58,331,332
27.65,333,334
27.65,330,330
27.65,336,334
27.65,328,329
27.65,335,335
27.65,330,328
27.65,330,331
27.71,326,328
27.71,329,330
27.71,329,328
27.71,330,328
27.71,330,330
27.71,328,328
27.71,330,329
27.77,326,328
27.77,329,329
27.77,324,325
27.77,329,328
27.77,325,324
27.77,329,328
27.78,324,324
27.84,327,328
27.84,325,324
27.84,327,327
27.84,324,324
27.84,326,324
27.84,324,322
27.85,322,323
27.9,325,322
27.9,321,321
27.9,322,321
27.9,321,320
27.9,324,322
27.9,317,318
27.91,321,322
27.96,319,318
27.96,321,320
27.96,314,315
27.96,318,320
27.96,319,318
27.97,318,318
27.98,316,316
28.04,320,318
28.04,317,316
28.04,313,310
28.04,297,296
28.04,294,293
28.04,295,293
28.04,289,287
28.1,290,290
28.1,287,285
28.1,289,288
28.1,284,284
28.1,289,288
28.1,286,284
28.11,285,286
28.16,282,283
28.16,287,286
28.16,286,285
28.16,284,284
28.16,287,286
28.17,286,285
28.17,288,287
28.23,285,286
28.23,292,290
28.23,290,290
28.23,296,294
28.23,292,290
28.23,299,297
28.24,298,297
28.29,301,302
28.29,303,301
28.29,305,305
28.29,306,307
28.29,308,309
28.3,314,312
28.3,315,313
28.37,318,317
28.37,316,318
28.37,324,322
28.37,320,321
28.37,327,326
28.37,325,326
28.37,330,329
28.43,329,328
28.43,334,333
28.43,334,333
28.43,337,335
28.43,334,335
28.43,336,337
28.44,337,336
28.5,338,336
28.5,341,339
28.5,337,337
28.5,340,339
28.5,336,338
28.5,340,340
28.5,339,338
28.56,341,342
28.56,339,340
28.56,343,342
28.56,338,339
28.56,343,343
28.56,330,329
28.57,315,312
28.62,298,294
28.62,283,282
28.62,274,273
28.62,265,265
28.62,266,265
28.62,265,265
28.63,268,268
28.68,267,266
28.68,273,272
28.68,271,272
28.68,277,276
28.68,274,274
28.69,280,281
28.7,284,281
28.76,285,284
28.76,285,284
28.76,288,288
28.76,290,290
28.76,294,294
28.76,296,296
28.76,299,298
28.83,304,303
28.83,302,302
28.83,308,308
28.83,308,308
28.83,311,311
28.83,311,311
28.83,316,317
28.89,315,316
28.89,321,321
28.89,322,321
28.89,324,325
28.89,325,325
28.89,327,327
28.89,329,327
28.95,329,328
28.95,331,330
28.95,331,331
28.95,335,334
28.95,331,332
28.95,334,335
28.96,331,332
29.01,336,336
29.01,336,335
29.01,339,338
29.01,337,337
29.01,338,338
29.02,338,337
29.03,338,339
29.08,338,337
29.08,339,338
29.08,338,338
29.08,336,336
29.08,341,339
29.08,336,336
29.09,341,340
29.15,333,332
29.15,325,322
29.15,314,315
29.15,317,316
29.15,312,312
29.15,313,313
29.16,311,310
29.22,312,312
29.22,311,309
29.22,308,309
29.22,310,309
29.22,307,308
29.22,311,309
29.22,306,307
29.28,310,310
29.28,306,308
29.28,313,311
29.28,309,309
29.28,315,313
29.28,311,310
29.29,315,314
29.34,314,312
29.34,314,315
29.34,316,314
29.34,318,318
29.34,320,318
29.35,319,320
29.35,323,322
29.4,322,323
29.4,327,327
29.4,326,324
29.4,329,330
29.4,329,327
29.41,332,332
29.42,329,329
29.48,336,335
29.48,335,333
29.48,336,337
29.48,337,336
29.48,339,339
29.48,340,339
29.48,340,341
29.54,345,343
29.54,343,342
29.54,346,345
29.54,345,343
29.54,346,346
29.54,343,343
29.55,349,348
29.61,344,344
29.61,349,348
29.61,343,343
29.61,347,347
29.61,345,344
29.61,346,346
29.62,345,344
29.67,346,346
29.67,346,344
29.67,345,344
29.67,345,344
29.67,341,342
29.67,346,344
29.68,343,343
29.73,346,344
29.73,341,342
29.73,345,344
29.73,340,340
29.73,344,344
29.74,339,337
29.75,341,340
29.81,339,339
29.81,339,338
29.81,339,338
29.81,337,337
29.81,337,335
29.81,335,335
29.81,335,335
29.87,332,332
29.87,334,334
29.87,331,330
29.87,333,332
29.87,328,328
29.87,333,332
29.88,329,327
29.93,331,331
29.93,326,327
29.94,329,329
29.94,330,328
29.94,327,328
29.94,327,326
29.94,327,326
30.0,327,327
30.0,324,323
30.0,327,325
30.0,324,322
30.0,326,325
30.0,321,320
30.01,326,324
30.06,321,319
30.06,322,323
30.06,318,319
30.06,320,321
30.06,317,317
30.07,318,319
30.07,317,315
30.14,316,315
30.14,316,316
30.14,314,314
30.14,315,314
30.14,307,306
30.14,296,295
30.14,290,292
30.2,295,292
30.2,287,286
30.2,290,290
30.2,287,285
30.2,288,287
30.2,286,284
30.21,285,284
30.26,285,283
30.26,285,286
30.26,284,284
30.26,284,285
30.26,287,285
30.26,286,286
30.27,288,288
30.32,288,288
30.32,291,291
30.32,291,289
30.32,295,294
30.32,292,292
30.33,297,298
30.34,296,296
30.39,303,302
30.39,302,302
30.39,305,305
30.39,308,307
30.39,307,308
30.39,314,312
30.4,312,312
30.46,316,314
30.46,314,314
30.46,323,321
30.46,319,317
30.46,321,322
30.46,321,322
30.47,327,326
30.53,325,325
30.53,329,330
30.53,326,326
30.53,329,330
30.53,330,329
30.53,331,332
30.53,332,332
30.59,333,331
30.59,334,333
30.59,333,333
30.59,337,336
30.59,334,335
30.59,340,338
30.6,335,335
30.65,338,338
30.65,336,336
30.65,339,339
30.65,335,335
30.65,338,339
30.66,338,336
30.66,336,337
30.73,339,337
30.73,337,337
30.73,339,338
30.73,337,336
30.73,337,337
30.73,334,335
30.73,338,337
30.79,335,334
30.79,338,339
30.79,335,333
30.79,338,338
30.79,334,334
30.79,336,335
30.79,332,332
30.85,335,334
30.85,332,331
30.85,333,332
30.85,331,330
30.85,329,330
30.85,333,330
30.86,328,327
30.92,330,329
30.92,326,325
30.92,331,330
30.92,322,323
30.92,327,327
30.92,324,322
30.93,325,326
30.98,324,322
30.98,324,324
30.98,322,322
30.98,323,322
30.98,320,320
30.98,319,320
30.99,318,320
31.04,318,317
31.04,318,318
31.04,314,315
31.04,317,316
31.04,315,313
31.05,318,317
31.06,314,312
31.12,314,316
31.12,311,310
31.12,309,307
31.12,291,291
31.12,294,292
31.12,290,288
31.12,288,288
31.18,287,287
31.18,288,285
31.18,287,286
31.18,285,284
31.18,286,286
31.18,281,283
31.19,287,285
31.24,283,282
31.24,287,288
31.24,284,284
31.24,289,288
31.24,286,286
31.25,290,290
31.25,292,290
31.31,292,293
31.31,292,292
31.31,294,294
31.31,297,296
31.31,297,297
31.31,299,299
31.32,298,299
31.37,304,303
31.37,301,302
31.37,309,307
31.37,304,305
31.37,311,312
31.38,311,309
31.38,315,314
31.45,314,313
31.45,318,317
31.45,316,316
31.45,319,319
31.45,321,320
31.45,322,321
31.45,322,322
31.51,321,322
31.51,325,325
31.51,321,322
31.51,328,327
31.51,325,325
31.51,331,330
31.52,326,325
31.57,328,329
31.57,327,325
31.57,328,329
31.57,327,326
31.57,326,328
31.57,329,328
31.58,330,329
31.64,328,328
31.64,329,327
31.64,331,328
31.64,328,327
31.64,331,330
31.64,327,326
31.65,331,329
31.7,326,326
31.7,329,329
31.7,326,326
31.7,331,330
31.7,329,326
31.7,328,328
31.71,326,326
31.76,325,326
31.76,329,328
31.76,327,327
31.76,329,327
31.76,328,327
31.77,329,328
31.78,327,327
31.84,329,329
31.84,327,325
31.84,329,329
31.84,324,324
31.84,326,327
31.84,325,323
31.84,324,324
31.9,322,323
31.9,323,322
31.9,322,322
31.9,321,321
31.9,323,322
31.9,320,321
31.91,322,322
31.96,319,318
31.96,322,322
31.96,321,319
31.96,322,322
31.96,318,317
31.97,320,320
31.97,319,318
32.03,320,319
32.03,316,315
32.03,317,317
32.03,317,317
32.03,316,316
32.03,316,315
32.04,314,313
32.1,303,300
32.1,294,294
32.1,298,295
32.1,290,291
32.1,294,293
32.1,288,288
32.11,292,292
32.17,289,286
32.17,291,290
32.17,290,288
32.17,291,290
32.17,290,289
32.17,290,291
32.17,290,290
32.23,290,290
32.23,293,293
32.23,293,293
32.23,296,296
32.23,295,294
32.23,300,299
32.24,298,298
32.29,303,303
32.29,303,303
32.29,307,308
32.29,305,304
32.29,311,311
32.29,310,310
32.31,313,313
32.31,313,313
32.32,315,316
32.33,319,317
32.39,318,319
32.39,323,322
32.39,321,321
32.39,325,325
32.39,322,323
32.39,328,327
32.4,325,323
32.45,329,329
32.45,327,326
32.45,333,331
32.45,330,328
32.45,333,331
32.45,331,330
32.46,335,334
32.51,332,332
32.51,333,333
32.51,336,334
32.51,332,333
32.51,335,336
32.52,333,332
32.53,336,336
32.58,331,331
32.58,334,335
32.58,333,332
32.58,335,334
32.58,330,330
32.58,332,332
32.59,331,329
32.66,332,333
32.66,330,330
32.66,331,330
32.66,330,330
32.66,328,328
32.66,333,330
32.66,328,327
32.72,332,330
32.72,326,326
32.72,330,330
32.72,325,325
32.72,330,329
32.72,327,326
32.72,328,328
32.78,328,325
32.78,327,328
32.78,326,326
32.78,327,325
32.78,326,325
32.78,324,325
32.79,326,323
32.84,323,323
32.84,324,323
32.84,321,321
32.84,325,324
32.84,321,320
32.85,322,324
32.86,320,320
32.91,324,323
32.91,321,321
32.91,325,325
32.91,321,321
32.91,324,323
32.91,324,322
32.92,322,322
32.98,322,321
32.98,319,320
32.98,320,319
32.98,311,309
32.98,303,303
32.98,298,298
32.99,300,300
33.05,295,294
33.05,298,298
33.05,290,292
33.05,297,295
33.05,292,292
33.05,295,295
33.05,293,293
33.11,295,294
33.11,295,293
33.11,292,293
33.11,295,294
33.11,293,292
33.11,294,294
33.12,292,293
33.17,298,297
33.17,296,294
33.17,298,299
33.17,297,296
33.17,301,300
33.17,299,297
33.18,303,304
33.25,302,301
33.25,305,305
33.25,305,305
33.25,309,309
33.25,309,309
33.25,310,310
33.25,314,314
33.31,311,313
33.31,318,317
33.31,314,314
33.31,321,320
33.31,319,318
33.31,322,322
33.31,320,320
33.37,324,322
33.37,322,320
33.37,324,324
33.37,322,321
33.37,321,322
33.37,324,324
33.38,323,324
33.43,327,327
33.44,323,325
33.44,328,326
33.44,325,323
33.44,330,329
33.44,327,325
33.44,331,330
33.5,328,328
33.5,332,332
33.5,330,330
33.5,332,332
33.5,329,327
33.5,332,331
33.51,330,328
33.57,328,329
33.57,328,329
33.57,328,329
33.57,333,331
33.57,328,328
33.57,331,330
33.58,326,327
33.64,329,329
33.64,327,326
33.64,330,328
33.64,324,324
33.64,327,328
33.64,325,322
33.64,327,325
33.7,325,323
33.7,322,323
33.7,326,324
33.7,322,322
33.7,322,322
33.7,320,321
33.71,322,322
33.76,317,317
33.76,319,318
33.76,314,313
33.76,308,305
33.76,285,281
33.76,272,269
33.77,254,253
33.82,249,248
33.82,240,237
33.82,233,233
33.82,237,236
33.82,236,236
33.83,238,239
33.84,237,239
33.9,243,242
33.9,242,243
33.9,247,248
33.9,248,248
33.9,248,247
33.9,236,236
33.9,243,243
33.96,239,240
33.96,246,245
33.96,245,244
33.96,247,248
33.96,250,250
33.96,253,252
33.97,255,254
34.03,259,258
34.03,260,260
34.03,263,263
34.03,269,269
34.03,268,268
34.03,274,274
34.03,275,275
34.09,282,282
34.09,283,283
34.09,291,290
34.09,290,290
34.09,296,297
34.09,300,298
34.1,304,304
34.15,307,307
34.15,311,311
34.15,317,316
34.15,317,317
34.15,323,323
34.16,322,322
34.17,329,328
34.23,326,327
34.23,331,330
34.23,327,328
34.23,334,333
34.23,333,332
34.23,337,337
34.23,337,336
34.29,338,338
34.29,340,339
34.29,339,340
34.29,341,341
34.29,342,341
34.29,345,343
34.3,340,341
34.35,343,344
34.35,340,340
34.35,344,344
34.35,340,340
34.35,343,343
34.35,341,339
34.36,344,344
34.42,340,338
34.42,339,339
34.42,337,335
34.42,337,335
34.42,335,335
34.42,331,331
34.43,330,330
34.49,328,326
34.49,326,325
34.49,320,320
34.49,323,323
34.49,317,317
34.49,318,318
34.49,312,312
34.56,315,314
34.56,312,310
34.56,312,311
34.56,306,306
34.56,308,308
34.56,306,303
34.56,302,303
34.62,303,302
34.62,298,298
34.62,301,298
34.62,295,294
34.62,294,294
34.62,290,290
34.62,293,291
34.68,287,286
34.68,289,288
34.68,285,283
34.68,286,286
34.68,284,283
34.68,286,284
34.69,282,280
34.74,283,282
34.74,284,282
34.74,281,281
34.74,283,283
34.74,279,277
34.75,270,269
34.76,263,265
34.82,269,267
34.82,262,263
34.82,270,268
34.82,266,264
34.82,270,270
34.82,269,268
34.82,272,273
34.88,271,271
34.88,277,276
34.88,277,277
34.88,277,279
34.88,280,280
34.88,281,282
34.89,286,285
34.94,284,285
34.94,288,289
34.94,289,290
34.94,296,296
34.94,294,295
34.94,304,303
34.95,303,302
35.01,307,307
35.01,309,307
35.01,312,312
35.01,315,314
35.01,318,319
35.01,320,320
35.02,323,324
35.07,329,328
35.07,329,330
35.07,336,335
35.07,335,335
35.07,341,341
35.08,342,341
35.08,348,347
35.15,345,345
35.15,351,351
35.15,350,350
35.15,355,355
35.15,353,354
35.15,360,360
35.15,361,359
35.21,362,362
35.21,365,364
35.21,365,365
35.21,369,368
35.21,368,368
35.21,370,370
35.21,368,368
35.27,373,373
35.27,373,372
35.27,375,374
35.27,373,371
35.27,376,375
35.27,376,374
35.28,376,375
35.33,375,373
35.33,374,374
35.33,377,375
35.33,374,374
35.33,378,376
35.34,374,373
35.35,379,376
35.41,374,375
35.41,378,377
35.41,373,373
35.41,376,375
35.41,372,370
35.41,374,375
35.41,372,370
35.47,374,374
35.47,370,370
35.47,372,371
35.47,371,368
35.47,369,368
35.47,368,368
35.48,369,369
35.54,368,368
35.54,367,366
35.54,371,369
35.54,365,365
35.54,367,368
35.54,364,364
35.54,368,367
35.6,363,362
35.6,366,365
35.6,362,360
35.6,353,350
35.6,346,345
35.6,346,345
35.61,342,342
35.66,340,341
35.66,342,340
35.66,337,337
35.66,341,340
35.66,336,336
35.66,342,340
35.67,335,335
35.72,341,339
35.72,337,336
35.72,341,340
35.72,339,338
35.72,342,340
35.73,341,339
35.74,342,343
35.8,342,342
35.8,342,342
35.8,345,344
35.8,344,343
35.8,348,346
35.8,346,346
35.8,351,351
35.86,348,350
35.86,355,354
35.86,355,352
35.86,357,356
35.86,352,352
35.86,359,358
35.87,357,355
35.92,357,358
35.92,359,359
35.92,359,360
35.92,361,359
35.92,360,360
35.93,362,362
35.94,357,358
35.99,360,360
35.99,356,357
35.99,361,360
35.99,355,355
35.99,360,358
35.99,354,353
36.0,358,357
36.07,354,353
36.07,355,354
36.07,352,352
36.07,354,353
36.07,353,350
36.07,352,351
36.07,351,348
36.13,348,348
36.13,350,348
36.13,345,344
36.13,347,346
36.13,342,341
36.13,345,344
36.13,340,340
36.19,344,342
36.19,338,337
36.19,340,340
36.19,337,336
36.19,338,337
36.19,336,335
36.2,335,335
36.25,336,334
36.26,333,333
36.26,332,332
36.26,328,329
36.26,329,330
36.26,327,326
36.26,327,327
36.32,323,322
36.32,328,326
36.32,321,321
36.32,324,323
36.32,320,319
36.32,322,321
36.33,317,317
36.38,318,319
36.38,316,317
36.38,316,315
36.38,317,314
36.38,312,312
36.39,313,312
36.39,306,304
36.46,299,299
36.46,293,293
36.46,294,295
36.46,291,290
36.46,293,292
36.46,291,290
36.46,291,291
36.52,291,289
36.52,291,291
36.52,290,290
36.52,289,289
36.52,290,290
36.52,290,289
36.53,293,291
36.58,291,290
36.58,295,293
36.58,291,291
36.58,296,296
36.58,293,292
36.58,296,297
36.59,297,296
36.64,301,300
36.64,298,299
36.64,306,304
36.64,304,303
36.64,306,307
36.65,309,308
36.66,309,310
36.71,312,311
36.71,312,312
36.71,316,315
36.71,313,313
36.71,317,318
36.71,318,316
36.72,323,321
36.78,320,319
36.78,322,322
36.78,318,320
36.78,324,324
36.78,322,322
36.78,326,326
36.79,327,324
36.85,325,325
36.85,328,326
36.85,326,327
36.85,331,330
36.85,327,326
36.85,329,329
36.85,326,326
36.91,330,328
36.91,327,326
36.91,330,330
36.91,326,326
36.91,331,330
36.91,325,324
36.92,330,329
36.97,327,326
36.97,325,326
36.97,326,325
36.97,325,325
36.97,324,324
36.98,322,322
36.98,322,323
37.03,320,319
37.03,324,323
37.03,319,319
37.03,322,320
37.03,319,318
37.04,321,320
37.05,318,316
37.11,318,318
37.11,314,314
37.11,316,316
37.11,316,314
37.11,315,314
37.11,315,314
37.11,311,311
37.17,313,312
37.17,309,310
37.17,310,310
37.17,309,308
37.17,313,312
37.17,307,305
37.18,310,308
37.24,305,304
37.24,307,307
37.24,305,304
37.24,305,305
37.24,300,298
37.24,292,292
37.25,291,291
37.3,290,289
37.3,290,290
37.3,286,288
37.3,291,290
37.3,286,288
37.3,294,292
37.31,287,285
37.36,293,291
37.36,289,289
37.36,294,293
37.36,290,289
37.36,294,293
37.37,293,293
37.38,293,294
37.44,295,294
37.44,297,296
37.44,299,298
37.44,299,298
37.44,302,302
37.44,302,302
37.44,306,304
37.5,303,303
37.5,310,309
37.5,307,306
37.5,313,313
37.5,310,311
37.5,317,317
37.51,317,316
37.56,320,320
37.56,321,320
37.56,323,322
37.57,324,322
37.57,324,324
37.57,326,326
37.57,327,325
37.63,329,330
37.63,328,327
37.63,332,331
37.63,328,329
37.63,334,335
37.63,333,331
37.64,333,334
37.69,330,330
37.69,333,334
37.69,334,333
37.69,332,332
37.69,332,332
37.7,330,332
37.7,333,332
37.75,332,332
37.76,333,333
37.76,333,331
37.76,333,333
37.76,330,330
37.76,332,332
37.77,328,329
37.83,333,333
37.83,330,330
37.83,335,334
37.83,329,328
37.83,332,331
37.83,330,328
37.84,329,329
37.89,331,330
37.89,327,327
37.89,328,326
37.89,325,325
37.89,324,324
37.89,323,322
37.9,324,324
37.96,320,320
37.96,322,322
37.96,316,317
37.96,321,319
37.96,319,317
37.96,316,317
37.97,316,315
38.02,315,315
38.02,313,312
38.02,312,313
38.02,313,312
38.02,309,309
38.02,310,309
38.03,306,306
38.08,303,301
38.08,294,293
38.08,295,295
38.08,293,291
38.08,292,293
38.09,291,290
38.1,292,292
38.16,291,290
38.16,292,291
38.16,291,290
38.16,291,291
38.16,292,292
38.16,290,292
38.16,294,293
38.22,292,293
38.22,297,296
38.22,294,294
38.22,296,298
38.22,296,296
38.22,302,300
38.23,298,297
38.28,303,302
38.28,299,299
38.28,306,305
38.28,305,304
38.28,310,309
38.29,309,307
38.29,312,311
38.35,315,312
38.35,316,314
38.35,319,317
38.35,317,318
38.35,321,320
38.35,317,318
38.36,326,324
38.42,321,321
38.42,328,327
38.42,324,322
38.43,326,328
38.43,326,325
38.43,329,330
38.43,330,327
38.49,327,329
38.49,330,328
38.49,329,330
38.49,330,330
38.49,331,330
38.49,332,331
38.49,330,330
38.55,333,332
38.55,330,329
38.55,335,334
38.55,332,330
38.55,333,333
38.55,331,329
38.56,330,331
38.61,328,328
38.61,329,329
38.61,331,328
38.61,328,327
38.61,329,327
38.61,326,326
38.62,328,326
38.67,325,324
38.67,327,326
38.67,322,322
38.67,327,326
38.67,321,320
38.68,322,323
38.69,321,320
38.75,321,321
38.75,318,318
38.75,319,319
38.75,319,316
38.75,316,317
38.75,316,315
38.75,315,314
38.81,318,316
38.81,313,313
38.81,316,315
38.81,311,310
38.81,312,311
38.81,300,300
38.82,301,300
38.88,297,297
38.88,298,298
38.88,297,296
38.88,300,299
38.88,296,295
38.88,295,297
38.88,297,296
38.94,297,298
38.94,299,298
38.94,296,297
38.94,302,301
38.94,299,298
38.94,302,301
38.95,300,300
39.0,306,304
39.0,300,301
39.0,308,307
39.0,304,302
39.0,308,309
39.01,308,307
39.02,308,309
39.08,311,310
39.08,313,312
39.08,315,313
39.08,316,315
39.08,318,318
39.08,316,317
39.08,320,320
39.14,323,322
39.14,326,325
39.14,325,324
39.14,328,328
39.14,326,326
39.14,330,331
39.15,330,328
39.2,333,333
39.2,333,332
39.2,334,333
39.2,333,333
39.2,332,332
39.2,333,332
39.21,331,332
39.27,334,333
39.27,332,332
39.27,332,333
39.27,330,330
39.27,332,333
39.27,328,329
39.28,332,332
39.33,331,329
39.33,331,331
39.33,329,329
39.33,330,331
39.33,330,328
39.33,329,330
39.34,327,327
39.4,325,323
39.4,309,305
39.4,287,284
39.4,274,272
39.4,262,260
39.4,253,252
39.41,243,242
39.47,244,244
39.47,242,241
39.47,248,246
39.47,244,244
39.47,249,248
39.47,248,247
39.47,250,251
39.53,254,254
39.53,254,254
39.53,259,258
39.53,258,260
39.53,265,263
39.53,261,260
39.54,263,264
39.59,262,262
39.59,263,263
39.59,256,256
39.59,261,261
39.59,262,262
39.6,266,264
39.61,264,264
39.67,272,271
39.67,274,271
39.67,277,276
39.67,278,278
39.67,281,282
39.67,285,285
39.67,286,287
39.73,292,291
39.73,290,291
39.73,299,298
39.73,298,298
39.73,305,303
39.73,305,305
39.74,312,312
39.79,311,311
39.79,315,317
39.79,319,317
39.8,322,322
39.8,326,325
39.8,329,328
39.8,333,333
39.86,333,333
39.86,338,337
39.86,337,338
39.86,345,344
39.86,343,344
39.86,348,348
39.87,345,345
39.92,352,351
39.92,352,351
39.92,354,354
39.92,355,353
39.92,357,358
39.92,357,356
39.93,357,358
39.98,361,359
39.98,362,361
39.98,362,362
39.98,359,360
39.98,364,362
39.99,361,361
40.0,365,364
40.01,359,360
40.02,366,364
40.03,361,361
40.09,364,364
40.09,359,361
40.09,361,361
40.09,362,359
40.09,360,360
40.09,356,356
40.09,357,357
40.15,358,357
40.15,352,354
40.15,357,355
40.15,352,352
40.15,354,354
40.15,350,351
40.16,353,353
40.22,347,346
40.22,353,352
40.22,347,347
40.22,349,350
40.22,347,346
40.22,344,346
40.22,346,343
40.28,345,345
40.28,343,341
40.28,341,340
40.28,341,340
40.28,337,338
40.28,341,339
40.29,336,336
40.34,339,337
40.34,333,331
40.34,332,331
40.34,321,320
40.34,322,320
40.35,318,316
40.35,316,317
40.4,317,315
40.4,318,316
40.4,316,315
40.41,314,314
40.41,317,314
40.41,314,314
40.42,315,313
40.48,313,313
40.48,318,316
40.48,314,313
40.48,316,317
40.48,312,312
40.48,316,316
40.49,313,314
40.55,318,318
40.55,316,316
40.55,318,318
40.55,319,318
40.55,320,319
40.55,322,322
40.55,321,323
40.61,327,325
40.61,326,325
40.61,331,330
40.61,328,327
40.61,334,334
40.61,331,331
40.62,333,334
40.67,332,331
40.67,336,336
40.67,333,334
40.67,337,338
40.67,337,337
40.67,338,339
40.68,339,338
40.73,337,338
40.73,338,339
40.73,339,339
40.73,341,340
40.73,339,339
40.74,341,340
40.75,338,337
40.81,340,340
40.81,336,336
40.81,339,338
40.81,337,336
40.81,338,338
40.81,336,334
40.81,335,336
40.88,335,334
40.88,336,336
40.88,335,334
40.88,333,332
40.88,334,332
40.88,330,330
40.88,331,330
40.94,327,326
40.94,329,328
40.94,325,324
40.94,328,326
40.94,323,321
40.94,324,325
40.94,321,320
41.0,324,322
41.0,319,318
41.0,319,319
41.0,320,318
41.0,318,318
41.0,318,316
41.01,316,315
41.06,316,316
41.06,312,312
41.06,314,315
41.06,312,311
41.06,313,312
41.07,309,308
41.08,308,307
41.13,296,295
41.13,299,298
41.13,294,294
41.13,292,294
41.13,294,292
41.13,293,294
41.14,292,291
41.19,290,292
41.19,296,294
41.19,293,292
41.19,297,294
41.19,293,292
41.2,296,296
41.21,293,292
41.27,298,298
41.27,296,296
41.27,300,300
41.27,300,299
41.27,302,303
41.27,300,300
41.27,304,303
41.33,305,304
41.33,307,307
41.33,310,308
41.33,308,308
41.33,313,312
41.33,311,310
41.34,317,315
41.4,313,314
41.4,319,318
41.4,316,317
41.4,321,321
41.4,320,319
41.4,325,324
41.4,322,322
41.46,326,327
41.46,327,326
41.46,326,328
41.46,328,328
41.46,329,329
41.46,330,329
41.47,329,329
41.52,330,330
41.52,329,329
41.52,334,332
41.52,330,329
41.52,334,333
41.53,331,330
41.53,334,333
41.59,328,329
41.59,330,331
41.59,328,328
41.59,333,332
41.59,331,329
41.59,331,330
41.6,330,330
41.66,329,329
41.66,330,330
41.66,327,326
41.66,330,329
41.66,324,325
41.66,327,328
41.67,327,324
41.73,327,328
41.73,323,323
41.73,324,326
41.73,322,322
41.73,323,324
41.73,321,320
41.73,322,321
41.79,320,319
41.79,317,318
41.79,319,318
41.79,318,316
41.79,319,318
41.79,312,312
41.8,312,313
41.85,303,303
41.85,301,302
41.85,299,298
41.85,302,300
41.85,296,297
41.85,300,300
41.86,296,297
41.91,302,299
41.92,297,297
41.92,297,298
41.92,300,298
41.92,298,299
41.92,301,300
41.93,298,298
41.98,303,302
41.98,298,300
41.98,304,304
41.98,304,302
41.98,305,306
41.98,303,304
41.99,308,309
42.06,310,308
42.06,312,313
42.06,311,312
42.06,316,317
42.06,319,318
42.06,320,321
42.06,321,321
42.12,321,323
42.12,329,327
42.12,328,327
42.12,332,331
42.12,330,330
42.12,336,334
42.12,332,332
42.18,336,335
42.18,333,333
42.18,339,338
42.18,335,334
42.18,334,335
42.18,335,336
42.19,337,338
42.25,339,339
42.25,341,340
42.25,340,341
42.25,339,339
42.25,341,342
42.25,338,338
42.26,344,342
42.31,336,338
42.31,340,340
42.31,336,337
42.31,339,339
42.31,337,335
42.31,337,337
42.32,336,335
42.39,336,335
42.39,335,335
42.39,334,334
42.39,333,333
42.39,330,331
42.39,333,332
42.39,330,330
42.45,332,332
42.45,326,326
42.45,329,328
42.45,326,325
42.45,329,328
42.45,325,324
42.45,326,326
42.51,325,324
42.51,324,325
42.51,324,323
42.51,325,324
42.51,324,324
42.51,321,320
42.52,321,320
42.57,316,316
42.57,318,317
42.57,307,306
42.57,306,305
42.57,306,304
42.58,306,306
42.58,301,300
42.64,305,303
42.64,303,300
42.64,302,302
42.64,303,302
42.64,305,304
42.64,303,303
42.65,304,304
42.7,303,304
42.7,305,303
42.7,308,306
42.7,303,304
42.7,307,307
42.71,304,306
42.71,311,311
42.78,309,307
42.78,312,311
42.78,310,309
42.78,312,314
42.78,310,312
42.78,317,315
42.78,317,315
42.84,315,316
42.84,319,318
42.84,317,318
42.84,320,320
42.84,318,319
42.84,322,322
42.84,320,321
42.9,327,325
42.9,323,324
42.9,326,327
42.9,324,325
42.9,330,328
42.9,327,325
42.91,327,326
42.96,328,326
42.97,326,326
42.97,328,326
42.97,327,326
42.97,327,325
42.97,325,325
42.98,326,326
43.03,325,325
43.03,328,326
43.03,324,323
43.03,326,327
43.03,324,323
43.03,325,325
43.04,321,321
43.11,326,324
43.11,322,321
43.11,323,323
43.11,322,322
43.11,320,321
43.11,320,320
43.11,319,319
43.17,320,319
43.17,317,317
43.17,321,321
43.17,314,316
43.17,321,319
43.17,315,316
43.17,322,319
43.23,315,313
43.23,316,317
43.23,315,313
43.23,314,314
43.23,312,312
43.23,313,313
43.24,311,311
43.29,311,310
43.29,308,308
43.29,300,300
43.29,300,299
43.29,296,295
43.3,298,298
43.3,293,294
43.35,297,296
43.35,294,294
43.35,296,297
43.35,294,294
43.35,297,298
43.36,300,297
43.37,299,300
43.43,298,297
43.43,298,299
43.43,299,299
43.43,297,299
43.43,303,301
43.43,301,302
43.43,304,304
43.49,303,302
43.49,308,306
43.49,305,304
43.49,310,310
43.49,307,307
43.49,312,313
43.5,311,312
43.56,314,314
43.56,317,315
43.56,316,317
43.56,319,317
43.56,321,320
43.56,322,321
43.57,322,321
43.62,325,324
43.62,322,321
43.62,325,325
43.62,322,324
43.62,329,326
43.62,324,323
43.63,327,328
43.68,327,325
43.68,329,328
43.68,327,325
43.68,326,327
43.68,326,325
43.69,327,327
43.7,330,327
43.76,328,327
43.76,329,328
43.76,326,326
43.76,327,327
43.76,322,322
43.76,326,326
43.76,322,322
43.82,325,325
43.82,322,321
43.82,325,324
43.82,321,320
43.82,324,324
43.82,320,321
43.83,322,323
43.88,320,320
43.88,322,321
43.88,323,321
43.89,319,319
43.89,323,321
43.89,319,319
43.89,321,320
43.95,317,315
43.95,317,317
43.95,316,314
43.95,317,316
43.95,314,312
43.95,315,315
43.96,309,309
44.01,312,312
44.01,309,309
44.01,304,302
44.01,298,298
44.01,298,298
44.02,298,297
44.02,298,296
44.07,299,297
44.07,295,295
44.08,299,298
44.08,297,296
44.08,300,300
44.08,296,297
44.09,298,300
44.15,299,297
44.15,300,302
44.15,302,301
44.15,303,304
44.15,305,304
44.15,308,307
44.16,309,308
44.21,308,306
44.21,310,309
44.21,309,309
44.21,315,314
44.21,311,312
44.21,318,317
44.22,316,314
44.28,322,320
44.28,319,318
44.28,321,322
44.28,323,321
44.28,324,326
44.28,325,325
44.29,328,328
44.34,329,328
44.34,329,328
44.34,330,329
44.34,330,329
44.34,332,331
44.34,329,329
44.35,333,333
44.42,331,329
44.42,331,332
44.42,329,330
44.42,333,333
44.42,331,330
44.42,335,334
44.42,333,331
44.48,334,334
44.48,331,331
44.48,332,332
44.48,335,332
44.48,330,331
44.48,331,331
44.48,331,330
44.54,330,330
44.54,328,327
44.54,331,328
44.54,324,325
44.54,329,328
44.54,323,323
44.55,325,326
44.6,322,322
44.6,322,323
44.6,320,321
44.6,320,320
44.6,320,318
44.61,318,318
44.61,320,317
44.66,314,316
44.66,314,316
44.67,313,314
44.67,314,313
44.67,311,309
44.67,310,308
44.68,300,300
44.74,301,302
44.74,296,297
44.74,299,300
44.74,300,297
44.74,297,299
44.74,300,299
44.75,299,299
44.8,300,299
44.8,300,300
44.81,303,302
44.81,300,301
44.81,303,304
44.81,300,301
44.81,304,305
44.87,303,302
44.87,305,306
44.87,304,304
44.87,302,301
44.87,282,278
44.87,266,265
44.88,257,254
44.93,246,246
44.93,243,241
44.93,238,237
44.93,240,240
44.93,240,242
44.93,249,247
44.94,245,248
44.99,252,254
44.99,256,255
44.99,261,261
44.99,263,262
44.99,268,270
45.0,269,270
45.01,276,277
45.07,279,277
45.07,283,282
45.07,282,284
45.07,286,288
45.07,295,294
45.07,297,296
45.07,300,300
45.13,301,301
45.13,308,307
45.13,307,308
45.13,313,314
45.13,313,312
45.13,318,320
45.14,320,320
45.19,325,324
45.19,324,324
45.19,330,329
45.19,331,328
45.19,334,333
45.2,333,333
45.2,334,334
45.26,337,335
45.26,336,336
45.26,340,338
45.26,339,338
45.26,343,342
45.26,338,339
45.27,343,344
45.33,342,340
45.33,347,345
45.33,344,342
45.33,343,344
45.33,342,341
45.33,342,342
45.33,340,342
45.4,343,342
45.4,341,341
45.4,340,341
45.4,335,335
45.4,332,330
45.4,332,332
45.4,327,330
45.46,333,332
45.46,329,328
45.46,334,333
45.46,330,330
45.46,336,334
45.46,331,331
45.47,334,335
45.52,334,331
45.52,335,334
45.52,334,334
45.52,334,335
45.52,338,335
45.52,334,335
45.53,336,336
45.58,337,336
45.58,338,339
45.58,339,338
45.58,343,342
45.58,340,337
45.59,343,342
45.6,340,340
45.66,342,343
45.66,342,343
45.66,345,345
45.66,342,345
45.66,349,348
45.66,350,348
45.66,348,348
45.72,352,350
45.72,350,350
45.72,351,351
45.72,349,350
45.72,353,352
45.72,349,349
45.73,354,352
45.78,347,347
45.78,350,351
45.78,348,346
45.78,351,350
45.78,349,347
45.79,349,350
45.79,351,348
45.85,347,348
45.85,350,348
45.85,347,346
45.85,349,347
45.85,345,344
45.85,347,346
45.86,344,342
45.91,346,346
45.91,338,340
45.91,344,342
45.91,338,338
45.91,340,341
45.92,338,336
45.92,337,337
45.99,336,334
45.99,336,335
45.99,334,333
45.99,334,333
45.99,333,331
45.99,331,329
45.99,333,330
46.05,325,326
46.05,328,328
46.05,324,324
46.05,327,325
46.05,320,320
46.05,324,321
46.06,313,311
46.11,311,310
46.11,308,306
46.11,308,307
46.11,306,305
46.11,304,304
46.11,306,304
46.12,301,303
46.18,305,305
46.18,301,303
46.18,307,305
46.18,301,302
46.18,305,305
46.18,304,302
46.19,307,305
46.24,306,304
46.24,307,307
46.24,303,304
46.24,310,309
46.24,308,307
46.24,311,310
46.25,310,310
46.32,310,312
46.32,315,314
46.32,314,313
46.32,316,316
46.32,315,314
46.32,319,319
46.32,318,317
46.38,323,322
46.38,321,319
46.38,325,323
46.38,319,320
46.38,326,325
46.38,325,323
46.38,326,327
46.44,324,325
46.44,326,327
46.44,330,328
46.44,328,328
46.44,331,330
46.44,331,330
46.45,331,331
46.5,328,328
46.5,334,332
46.5,329,328
46.5,335,333
46.5,326,328
46.51,333,333
46.51,329,328
46.57,332,332
46.57,330,328
46.57,328,330
46.57,330,327
46.57,325,326
46.57,329,327
46.58,327,325
46.64,327,325
46.64,320,323
46.64,324,324
46.64,322,321
46.64,327,325
46.64,322,320
46.65,326,324
46.71,321,319
46.71,322,322
46.71,320,320
46.71,321,321
46.71,320,319
46.71,319,318
46.71,318,316
46.77,316,315
46.77,311,311
46.77,303,302
46.77,304,304
46.77,299,300
46.77,304,301
46.78,297,298
46.83,302,302
46.83,298,298
46.83,301,300
46.83,298,298
46.83,300,301
46.83,300,300
46.84,302,301
46.89,301,300
46.89,303,302
46.89,305,303
46.89,302,303
46.89,307,307
46.9,303,304
46.91,308,308
46.97,305,306
46.97,313,311
46.97,311,310
46.97,314,314
46.97,313,312
46.97,316,316
46.97,316,314
47.03,318,318
47.03,320,317
47.03,322,320
47.03,319,319
47.03,318,320
47.03,320,321
47.04,321,321
47.09,326,324
47.09,321,321
47.09,327,326
47.09,324,324
47.09,330,328
47.1,325,324
47.1,328,329
47.16,326,326
47.16,329,329
47.16,330,328
47.16,330,328
47.16,330,327
47.16,331,330
47.17,331,329
47.23,328,328
47.23,330,330
47.23,325,326
47.23,330,329
47.23,327,325
47.23,328,328
47.24,326,324
47.3,328,326
47.3,321,321
47.3,326,324
47.3,321,321
47.3,323,322
47.3,320,321
47.3,321,321
47.36,321,320
47.36,319,320
47.36,318,320
47.36,317,317
47.36,319,318
47.36,315,315
47.37,318,317
47.42,313,313
47.42,315,314
47.42,303,305
47.42,304,303
47.42,300,299
47.42,302,302
47.43,298,298
47.48,301,301
47.48,301,298
47.48,298,300
47.48,303,300
47.48,297,299
47.49,301,300
47.5,299,298
47.56,301,303
47.56,296,298
47.56,305,303
47.56,302,300
47.56,305,304
47.56,304,303
47.57,307,306
47.58,307,304
47.58,308,308
47.59,309,308
47.65,311,311
47.65,310,311
47.65,312,312
47.65,311,313
47.65,313,314
47.65,316,316
47.66,314,315
47.72,321,320
47.72,318,316
47.72,322,321
47.72,321,320
47.72,325,325
47.72,322,321
47.72,323,323
47.78,322,321
47.78,325,325
47.78,324,324
47.78,325,325
47.78,325,325
47.78,324,325
47.79,327,328
47.84,324,326
47.84,328,327
47.84,323,323
47.84,328,328
47.84,325,324
47.85,329,328
47.85,324,324
47.91,328,328
47.91,323,322
47.91,326,324
47.91,324,323
47.91,324,324
47.91,323,322
47.92,323,322
47.98,322,322
47.98,318,319
47.98,323,321
47.98,316,318
47.98,320,320
47.98,316,316
47.99,322,321
48.05,317,315
48.05,321,319
48.05,317,315
48.05,316,317
48.05,313,314
48.05,315,315
48.05,313,311
48.11,312,311
48.11,305,303
48.11,301,302
48.11,302,302
48.11,301,300
48.11,305,303
48.12,300,299
48.17,302,303
48.17,298,299
48.17,304,303
48.17,299,298
48.17,304,303
48.17,301,300
48.18,302,303
48.24,302,301
48.24,302,303
48.24,304,303
48.24,307,305
48.24,308,308
48.24,309,308
48.25,311,309
48.3,309,310
48.3,315,313
48.3,312,312
48.3,318,317
48.3,314,314
48.3,321,321
48.31,321,318
48.38,321,321
48.38,323,322
48.38,324,325
48.38,326,326
48.38,328,327
48.38,327,327
48.38,328,329
48.44,329,329
48.44,328,328
48.44,331,330
48.44,328,329
48.44,333,332
48.44,329,328
48.44,335,333
48.5,328,328
48.5,332,333
48.5,330,329
48.5,333,332
48.5,329,329
48.5,331,330
48.51,331,330
48.56,330,330
48.56,332,331
48.56,327,329
48.56,331,330
48.56,328,328
48.57,329,330
48.57,324,326
48.63,330,329
48.63,324,324
48.63,328,328
48.63,323,323
48.63,325,326
48.63,324,322
48.64,325,326
48.7,322,321
48.7,323,324
48.7,320,320
48.7,320,320
48.7,323,321
48.7,319,319
48.71,321,319
48.76,313,314
48.76,315,315
48.76,305,305
48.77,307,307
48.77,302,300
48.77,304,303
48.77,301,300
48.83,302,303
48.83,301,300
48.83,304,304
48.83,302,302
48.83,301,301
48.83,301,301
48.84,302,301
48.89,305,304
48.89,303,302
48.89,305,304
48.89,303,302
48.89,307,306
48.89,305,304
48.9,308,309
48.95,307,306
48.95,311,310
48.95,308,308
48.95,314,313
48.95,313,311
48.96,315,314
48.97,315,314
49.03,315,315
49.03,318,318
49.03,318,317
49.03,321,321
49.03,318,319
49.03,324,325
49.03,323,322
49.09,324,325
49.09,322,322
49.09,326,325
49.09,323,322
49.09,326,326
49.09,327,325
49.1,327,327
49.15,327,326
49.15,328,328
49.15,330,328
49.16,326,326
49.16,329,327
49.16,327,326
49.16,329,329
49.22,325,325
49.22,330,328
49.22,325,323
49.22,326,326
49.22,324,322
49.22,326,325
49.23,322,321
49.29,323,324
49.29,320,320
49.29,321,320
49.29,319,318
49.29,319,318
49.29,318,319
49.3,315,315
49.36,318,317
49.36,314,314
49.36,319,317
49.36,313,312
49.36,316,315
49.36,311,310
49.36,313,314
49.42,310,309
49.42,308,306
49.42,298,298
49.42,299,301
49.42,299,298
49.42,299,299
49.43,299,298
49.48,299,298
49.48,298,299
49.48,297,297
49.48,301,300
49.48,296,296
49.48,299,299
49.49,297,296
49.54,299,299
49.55,296,294
49.55,299,300
49.55,297,296
49.55,298,299
49.55,299,297
49.56,299,300
49.62,299,298
49.62,300,301
49.62,300,301
49.62,301,302
49.62,305,304
49.62,300,301
49.62,308,306
49.68,304,304
49.68,310,309
49.68,307,306
49.68,312,312
49.68,309,308
49.69,314,313
49.69,311,311
49.75,315,313
49.75,314,312
49.75,314,313
49.75,315,313
49.75,314,312
49.75,313,314
49.75,313,312
49.81,318,316
49.81,313,312
49.81,316,315
49.81,311,312
49.81,316,315
49.81,312,311
49.82,313,314
49.87,311,310
49.87,314,312
49.87,310,309
49.87,308,309
49.87,308,307
49.88,308,307
49.89,307,306
49.95,305,304
49.95,304,304
49.95,302,303
49.95,305,304
49.95,298,298
49.95,304,302
49.95,298,296
50.01,299,298
50.01,295,293
50.01,293,295
50.01,294,291
50.01,293,291
50.01,286,287
50.02,289,288
50.07,286,284
50.07,275,274
50.07,274,271
50.07,268,269
50.07,273,270
50.07,263,264
50.08,269,267
50.14,263,264
50.14,268,266
50.14,263,263
50.14,269,268
50.14,264,264
50.14,266,266
50.15,267,264
50.2,268,268
50.2,269,268
50.2,269,268
50.2,268,270
50.2,270,269
50.21,273,273
50.21,270,270
50.28,275,274
50.28,271,272
50.28,277,276
50.28,273,274
50.28,279,280
50.28,277,278
50.28,282,283
50.34,281,282
50.34,288,288
50.34,288,287
50.34,290,291
50.34,294,292
50.34,293,294
50.34,299,298
50.4,296,297
50.4,302,301
50.4,301,301
50.4,306,306
50.4,303,303
50.4,308,309
50.41,308,308
50.46,311,312
50.46,311,309
50.46,316,317
50.46,316,315
50.46,317,317
50.47,322,320
50.48,321,321
50.53,323,322
50.53,322,322
50.53,326,325
50.53,323,322
50.53,311,308
50.53,289,287
50.54,279,277
50.6,266,264
50.6,260,260
50.61,253,253
50.61,254,253
50.61,254,253
50.61,259,259
50.61,260,260
50.67,265,264
50.67,268,268
50.67,270,271
50.67,275,274
50.67,277,276
50.67,280,281
50.67,276,276
50.73,279,277
50.73,275,276
50.73,282,282
50.73,284,283
50.73,290,290
50.73,292,291
50.74,297,298
50.79,303,301
50.79,307,307
50.79,310,309
50.79,313,314
50.79,321,320
50.79,323,323
50.8,329,328
50.86,331,332
50.86,338,338
50.86,339,339
50.86,347,346
50.86,347,348
50.86,356,356
50.87,355,354
50.92,361,363
50.92,365,364
50.92,366,367
50.92,371,370
50.92,370,372
50.93,375,374
50.93,375,376
51.0,382,381
51.0,381,381
51.0,387,386
51.0,385,385
51.0,390,391
51.0,390,389
51.0,394,393
51.06,391,391
51.06,398,397
51.06,396,394
51.06,398,398
51.06,396,395
51.06,398,398
51.07,401,399
51.12,401,400
51.12,401,400
51.12,400,400
51.12,402,401
51.12,399,400
51.12,403,402
51.13,397,398
51.18,401,400
51.18,396,395
51.18,398,398
51.18,394,393
51.18,396,396
51.19,390,391
51.2,392,392
51.26,391,390
51.26,389,390
51.26,390,388
51.26,387,387
51.26,386,387
51.26,386,385
51.26,384,385
51.32,381,381
51.32,382,382
51.32,374,372
51.32,370,370
51.32,364,365
51.32,365,366
51.33,362,361
51.39,363,363
51.39,362,360
51.39,361,362
51.39,360,359
51.39,361,359
51.39,361,359
51.39,357,356
51.45,358,358
51.45,355,354
51.45,358,357
51.45,354,354
51.45,358,357
51.45,354,354
51.46,356,356
51.51,352,352
51.51,356,356
51.51,355,353
51.51,354,356
51.51,356,356
51.52,355,354
51.52,355,356
51.59,355,355
51.59,358,358
51.59,357,356
51.59,360,358
51.59,355,356
51.59,361,360
51.59,356,354
51.65,358,359
51.65,355,354
51.65,357,358
51.65,355,354
51.65,357,356
51.65,355,353
51.65,355,355
51.71,353,353
51.71,351,352
51.71,355,353
51.71,351,350
51.71,354,351
51.71,349,348
51.72,350,351
51.77,348,347
51.77,350,349
51.77,343,342
51.77,344,344
51.77,341,339
51.78,342,343
51.79,339,336
51.84,341,339
51.84,337,336
51.84,332,334
51.84,334,332
51.84,332,332
51.84,332,331
51.85,328,328
51.92,329,328
51.92,325,324
51.92,327,326
51.92,317,315
51.92,314,314
51.92,310,308
51.92,307,308
51.98,305,304
51.98,307,306
51.98,306,304
51.98,306,304
51.98,303,302
51.98,305,304
51.98,305,303
52.04,303,304
52.04,305,304
52.04,303,303
52.04,307,306
52.04,304,305
52.04,308,308
52.05,304,303
52.1,311,310
52.1,308,308
52.1,311,311
52.1,309,308
52.1,312,312
52.11,311,312
52.11,315,315
52.17,316,314
52.17,317,316
52.17,317,317
52.17,319,318
52.17,320,320
52.17,319,320
52.18,324,324
52.23,320,320
52.23,325,324
52.23,323,322
52.23,326,326
52.23,326,324
52.24,326,326
52.24,326,324
52.31,327,326
52.31,326,326
52.31,325,325
52.31,327,327
52.31,326,326
52.31,329,327
52.31,324,325
52.37,327,327
52.37,326,326
52.37,328,328
52.37,323,323
52.37,330,328
52.37,325,324
52.38,327,325
52.43,324,323
52.43,325,324
52.43,322,321
52.43,322,321
52.43,321,319
52.43,320,320
52.44,320,319
52.49,316,316
52.49,320,318
52.49,314,314
52.49,316,316
52.49,307,306
52.5,309,308
52.51,303,301
52.57,305,304
52.57,299,299
52.57,301,303
52.57,301,300
52.57,301,300
52.57,299,298
52.57,300,300
52.63,301,300
52.63,300,300
52.63,302,302
52.63,302,301
52.63,306,304
52.63,301,302
52.64,307,305
52.69,302,304
52.69,308,307
52.69,305,305
52.69,311,310
52.69,308,308
52.7,314,312
52.7,312,312
52.76,316,316
52.76,316,316
52.76,317,317
52.76,318,319
52.76,319,318
52.76,320,321
52.77,319,319
52.82,323,323
52.82,320,320
52.82,324,324
52.82,321,321
52.82,324,325
52.83,324,322
52.83,328,326
52.9,326,325
52.9,328,329
52.9,329,328
52.9,328,329
52.9,327,328
52.9,330,329
52.9,333,331
52.96,328,327
52.96,332,331
52.96,327,328
52.96,334,331
52.96,329,327
52.96,330,330
52.97,329,327
53.02,330,330
53.02,328,326
53.02,327,328
53.02,325,325
53.02,325,327
53.02,325,324
53.03,325,324
53.08,324,323
53.08,322,322
53.08,323,321
53.08,319,317
53.08,319,317
53.09,310,309
53.1,309,310
53.16,303,303
53.16,305,305
53.16,302,301
53.16,302,303
53.16,301,301
53.16,304,303
53.16,303,301
53.22,301,302
53.22,302,303
53.22,304,303
53.22,307,305
53.22,305,304
53.22,309,306
53.23,303,304
53.28,310,308
53.28,304,305
53.28,312,311
53.28,309,307
53.28,312,314
53.29,314,312
53.29,315,316
53.35,315,314
53.35,317,319
53.35,322,320
53.35,322,322
53.35,322,323
53.35,324,323
53.36,327,326
53.41,325,324
53.41,327,327
53.41,322,325
53.41,330,329
53.41,328,326
53.42,333,330
53.42,330,329
53.49,332,331
53.49,331,329
53.49,330,331
53.49,331,330
53.49,331,332
53.49,331,330
53.49,330,331
53.55,332,332
53.55,330,330
53.55,333,332
53.55,327,329
53.55,332,331
53.55,329,328
53.56,330,330
53.62,326,325
53.62,330,330
53.62,326,325
53.62,326,326
53.62,323,322
53.62,324,324
53.62,326,324
53.68,325,323
53.68,322,322
53.68,321,320
53.68,321,319
53.68,313,312
53.68,313,311
53.69,307,307
53.74,310,308
53.74,304,304
53.74,306,308
53.74,303,303
53.74,306,307
53.74,303,303
53.75,304,306
53.8,304,303
53.8,304,304
53.8,303,304
53.8,303,304
53.8,307,307
53.81,303,304
53.82,308,308
53.88,307,306
53.88,312,310
53.88,308,309
53.88,312,312
53.88,308,308
53.88,315,314
53.88,312,311
53.95,315,315
53.95,312,312
53.95,315,315
53.95,317,316
53.95,316,316
53.95,317,317
53.95,317,317
54.01,321,320
54.01,319,319
54.01,322,323
54.01,320,320
54.01,324,324
54.01,322,321
54.01,327,325
54.07,323,320
54.07,325,324
54.07,322,322
54.07,323,322
54.07,321,321
54.07,321,322
54.08,323,321
54.13,322,320
54.13,320,320
54.13,316,317
54.13,316,314
54.13,308,308
54.14,310,309
54.15,307,306
54.21,308,308
54.21,304,304
54.21,307,306
54.21,304,304
54.21,307,305
54.21,306,305
54.21,307,305
54.27,304,304
54.27,305,305
54.27,307,305
54.27,303,304
54.27,309,307
54.27,305,307
54.28,312,311
54.34,311,309
54.34,313,312
54.34,311,309
54.34,315,314
54.34,311,310
54.34,315,314
54.34,313,313
54.4,317,316
54.4,315,315
54.4,317,317
54.4,317,318
54.4,319,319
54.4,319,320
54.41,318,317
54.46,322,321
54.46,319,320
54.46,324,323
54.46,318,319
54.46,323,322
54.46,319,319
54.47,320,321
54.54,318,319
54.54,322,323
54.54,321,320
54.54,320,320
54.54,321,320
54.54,320,321
54.54,320,318
54.6,319,319
54.6,322,319
54.6,316,314
54.6,317,315
54.6,310,310
54.6,313,312
54.6,307,307
54.66,313,312
54.66,308,306
54.66,311,310
54.66,308,308
54.66,311,309
54.66,310,308
54.67,312,310
54.72,313,311
54.72,311,310
54.72,310,310
54.72,311,310
54.72,313,312
54.73,312,310
54.73,314,314
54.79,310,311
54.79,314,315
54.79,313,311
54.79,316,317
54.79,314,314
54.79,319,318
54.8,317,317
54.86,316,317
54.86,317,317
54.86,318,318
54.86,321,320
54.86,319,318
54.86,322,320
54.87,320,320
54.92,323,322
54.92,320,321
54.92,323,323
54.93,322,321
54.93,325,324
54.93,322,320
54.93,323,323
54.99,323,321
54.99,320,322
54.99,322,320
54.99,323,322
54.99,322,321
54.99,320,321
55.0,323,321
55.05,322,320
55.05,320,320
55.05,318,317
55.05,318,318
55.05,309,310
55.05,312,312
55.06,307,307
55.11,311,310
55.11,308,308
55.11,310,310
55.11,310,307
55.11,309,308
55.12,309,307
55.13,310,309
55.14,310,309
55.15,309,309
55.16,312,312
55.21,309,310
55.21,313,312
55.21,312,313
55.21,315,314
55.21,314,312
55.21,318,316
55.22,315,314
55.29,319,319
55.29,316,317
55.29,319,319
55.29,322,320
55.29,321,320
55.29,325,323
55.29,324,323
55.35,327,326
55.35,324,323
55.35,325,326
55.35,326,327
55.35,327,328
55.35,326,327
55.35,329,329
55.41,327,327
55.41,330,331
55.41,330,328
55.41,330,331
55.41,327,329
55.41,329,330
55.42,328,328
55.47,327,329
55.47,330,330
55.47,326,328
55.47,331,330
55.47,329,327
55.48,330,330
55.48,327,326
55.54,328,329
55.54,326,325
55.54,327,326
55.54,320,321
55.54,321,322
55.54,320,318
55.55,318,318
55.61,317,315
55.61,315,316
55.61,314,313
55.61,312,312
55.61,316,315
55.61,315,314
55.62,315,314
55.68,312,313
55.68,316,316
55.68,314,315
55.68,319,317
55.68,315,314
55.68,321,319
55.68,319,317
55.74,320,320
55.74,318,319
55.74,320,320
55.74,321,321
55.74,320,321
55.74,324,322
55.75,320,321
55.8,324,324
55.8,323,323
55.8,326,326
55.8,323,322
55.8,327,326
55.8,325,324
55.81,329,328
55.86,326,325
55.86,326,328
55.87,327,326
55.87,327,328
55.87,327,326
55.87,325,327
55.88,327,326
55.94,328,327
55.94,329,326
55.94,325,326
55.94,328,329
55.94,327,325
55.94,329,327
55.94,325,324
56.01,328,327
56.01,324,324
56.01,325,326
56.01,322,322
56.01,325,324
56.01,321,321
56.01,318,320
56.07,316,314
56.07,312,312
56.07,311,310
56.07,309,308
56.07,309,307
56.07,305,305
56.07,306,306
56.13,304,303
56.13,307,305
56.13,305,303
56.13,305,304
56.13,304,303
56.13,305,304
56.14,296,293
56.19,276,274
56.19,263,260
56.19,249,248
56.19,241,240
56.19,234,232
56.2,232,231
56.21,230,231
56.26,236,236
56.26,237,236
56.26,242,242
56.26,242,242
56.26,247,247
56.26,250,250
56.27,258,256
56.33,258,257
56.34,262,262
56.34,265,264
56.34,267,268
56.34,270,271
56.34,275,276
56.34,280,279
56.4,283,282
56.4,286,288
56.4,290,290
56.4,294,295
56.4,294,295
56.4,303,301
56.4,301,302
56.46,307,308
56.46,307,308
56.46,314,314
56.46,315,313
56.46,316,318
56.46,320,318
56.47,322,322
56.52,324,323
56.52,324,324
56.52,329,327
56.52,323,322
56.52,324,326
56.52,325,324
56.53,328,328
56.58,327,326
56.58,331,330
56.58,329,328
56.58,331,333
56.58,335,332
56.59,336,335
56.6,336,335
56.66,335,336
56.66,337,336
56.66,339,338
56.66,341,339
56.66,339,340
56.66,345,343
56.66,339,340
56.72,346,344
56.72,343,343
56.72,349,349
56.72,343,344
56.72,350,351
56.72,349,348
56.73,350,350
56.79,349,349
56.79,351,352
56.79,352,351
56.79,353,352
56.79,353,353
56.79,351,352
56.8,353,353
56.85,350,351
56.85,355,353
56.85,352,351
56.85,353,352
56.85,350,351
56.85,352,352
56.86,348,348
56.93,354,353
56.93,349,347
56.93,350,349
56.93,347,346
56.93,347,348
56.93,347,345
56.93,346,345
56.99,346,344
56.99,340,341
56.99,344,343
56.99,338,337
56.99,339,337
56.99,330,330
56.99,335,335
57.05,329,328
57.05,332,331
57.05,327,328
57.05,330,332
57.05,328,327
57.05,327,328
57.06,326,326
57.11,328,328
57.11,326,327
57.11,326,325
57.11,328,326
57.11,326,325
57.11,329,327
57.12,324,324
57.18,331,329
57.18,326,324
57.18,329,329
57.18,327,326
57.18,328,328
57.18,328,326
57.19,330,329
57.25,328,327
57.25,329,328
57.25,330,328
57.25,330,330
57.25,330,329
57.25,329,329
57.25,333,331
57.31,327,329
57.31,334,332
57.31,331,329
57.31,335,333
57.31,329,329
57.31,334,332
57.32,329,327
57.38,331,332
57.38,328,328
57.38,330,331
57.38,330,328
57.38,328,328
57.38,329,328
57.39,327,327
57.44,330,328
57.44,325,325
57.44,326,326
57.44,321,321
57.44,326,323
57.44,319,318
57.45,318,319
57.5,315,314
57.5,318,318
57.5,312,311
57.5,313,314
57.5,314,313
57.51,313,312
57.52,314,311
57.58,312,312
57.58,312,311
57.58,312,312
57.58,315,314
57.58,313,311
57.58,315,314
57.58,313,311
57.64,314,314
57.64,313,312
57.64,316,317
57.64,315,312
57.64,315,316
57.64,314,312
57.65,317,316
57.7,316,317
57.7,319,319
57.7,319,318
57.7,317,318
57.7,323,321
57.7,321,320
57.71,323,323
57.76,321,321
57.76,325,324
57.76,321,321
57.76,327,326
57.76,322,322
57.77,324,325
57.78,324,324
57.84,326,327
57.84,327,325
57.84,328,327
57.84,326,325
57.84,326,326
57.84,327,327
57.84,324,325
57.9,327,325
57.9,325,324
57.9,327,324
57.9,322,320
57.9,322,322
57.9,318,318
57.91,322,320
57.97,315,315
57.97,317,316
57.97,313,312
57.97,313,314
57.97,312,312
57.97,312,312
57.97,312,311
58.03,312,311
58.03,312,311
58.03,308,310
58.03,313,312
58.03,311,310
58.03,313,312
58.04,309,310
58.11,314,314
58.11,312,311
58.11,316,314
58.11,312,310
58.11,315,316
58.11,314,314
58.11,315,316
58.17,319,317
58.17,318,318
58.17,321,318
58.17,317,319
58.17,321,321
58.17,318,319
58.17,323,322
58.23,322,321
58.23,327,324
58.23,322,322
58.23,326,326
58.23,320,322
58.23,326,326
58.24,323,322
58.29,328,328
58.29,326,326
58.29,328,328
58.29,328,327
58.29,328,326
58.29,328,326
58.3,324,324
58.35,329,329
58.35,325,324
58.35,326,326
58.35,324,323
58.35,325,325
58.36,321,321
58.37,325,324
58.43,320,320
58.43,321,320
58.43,317,316
58.43,315,316
58.43,313,313
58.43,314,314
58.43,316,313
58.5,311,313
58.5,314,314
58.5,312,312
58.5,316,314
58.5,310,311
58.5,317,316
58.5,311,313
58.56,316,317
58.56,314,314
58.56,319,318
58.56,315,314
58.56,319,318
58.56,317,316
58.56,317,318
58.62,319,319
58.62,319,320
58.62,322,322
58.62,320,320
58.62,325,324
58.62,321,321
58.63,325,325
58.69,323,324
58.69,330,327
58.69,323,322
58.69,329,328
58.69,325,325
58.69,329,328
58.7,327,327
58.75,330,330
58.75,328,329
58.75,329,330
58.75,330,329
58.75,330,330
58.75,332,330
58.76,328,327
58.81,329,329
58.81,327,326
58.81,330,329
58.81,325,325
58.81,329,328
58.82,324,324
58.83,328,327
58.89,324,322
58.89,325,325
58.89,322,321
58.89,319,318
58.89,317,315
58.89,316,316
58.89,317,315
58.95,313,314
58.95,317,315
58.95,311,312
58.95,316,316
58.95,314,312
58.95,317,316
58.96,310,310
59.01,317,316
59.01,311,312
59.01,318,317
59.01,312,313
59.01,316,315
59.02,316,316
59.02,316,317
59.07,317,316
59.07,316,316
59.07,319,317
59.07,316,316
59.07,321,321
59.08,317,317
59.09,323,321
59.15,318,318
59.15,320,320
59.15,319,317
59.15,322,321
59.15,322,319
59.15,322,322
59.15,320,320
59.21,325,324
59.21,324,321
59.21,320,321
59.21,326,324
59.21,322,321
59.21,324,323
59.22,320,321
59.27,324,324
59.27,323,321
59.27,324,324
59.27,320,320
59.27,323,324
59.28,320,320
59.29,323,323
59.34,320,320
59.34,322,321
59.34,320,319
59.34,322,319
59.34,318,318
59.34,316,314
59.35,313,312
59.41,310,308
59.41,308,309
59.41,306,306
59.41,309,308
59.42,305,305
59.42,309,308
59.42,303,304
59.48,306,307
59.48,306,303
59.48,306,306
59.48,303,303
59.48,304,305
59.48,304,304
59.48,306,306
59.54,307,305
59.54,306,308
59.54,309,309
59.54,308,308
59.54,312,312
59.54,308,309
59.55,314,314
59.6,311,311
59.6,315,314
59.6,312,313
59.6,319,318
59.6,316,316
59.6,318,318
59.61,317,316
59.67,316,317
59.67,319,318
59.67,318,318
59.67,321,319
59.67,319,320
59.67,322,322
59.68,319,318
59.74,324,323
59.74,320,320
59.74,322,323
59.74,320,320
59.74,323,323
59.74,320,319
59.74,323,324
59.81,322,320
59.81,322,324
59.81,324,322
59.81,322,321
59.81,323,320
59.81,319,319
59.81,321,320
59.87,319,318
59.87,322,321
59.87,319,318
59.87,321,320
59.87,312,312
59.87,315,314
59.88,309,307
59.93,308,309
59.93,308,307
59.93,308,308
59.93,309,306
59.93,309,309
59.93,309,308
59.94,307,308
60.0,311,309
60.0,306,308
60.0,313,312
60.0,308,309
60.0,315,314
60.0,311,310
60.01,315,313
60.06,310,310
60.06,315,316
60.06,312,312
60.06,316,316
60.06,315,315
60.06,317,316
60.07,317,317
60.14,317,317
60.14,319,318
60.14,317,317
60.14,323,321
60.14,321,320
60.14,322,323
60.14,323,322
60.2,326,325
60.2,323,322
60.2,328,328
60.2,325,325
60.2,329,328
60.2,326,326
60.2,330,329
60.26,326,327
60.26,330,330
60.26,330,329
60.26,330,328
60.26,331,329
60.26,329,329
60.27,330,329
60.32,327,327
60.32,330,330
60.32,327,326
60.32,330,329
60.32,326,326
60.33,329,329
60.33,324,324
60.39,327,327
60.39,326,326
60.39,328,327
60.39,326,325
60.39,326,325
60.39,325,326
60.4,324,324
60.46,325,325
60.46,322,321
60.46,323,322
60.46,319,318
60.46,318,316
60.46,311,310
60.47,312,311
60.53,308,307
60.53,309,309
60.53,309,307
60.53,308,308
60.53,309,307
60.53,308,308
60.53,308,308
60.59,307,309
60.59,310,310
60.59,308,309
60.59,311,311
60.59,306,307
60.59,312,312
60.6,310,310
60.65,313,314
60.65,313,312
60.65,316,317
60.65,315,313
60.65,317,317
60.65,316,316
60.66,319,318
60.71,321,320
60.71,321,320
60.71,321,321
60.71,320,320
60.71,325,324
60.72,322,322
60.73,326,328
60.79,325,324
60.79,328,329
60.79,324,324
60.79,330,330
60.79,326,326
60.79,331,331
60.79,329,327
60.85,331,330
60.85,328,329
60.85,331,330
60.85,330,329
60.85,328,328
60.85,331,330
60.86,328,327
60.92,330,329
60.92,326,326
60.92,328,328
60.92,325,325
60.92,330,330
60.92,327,326
60.92,330,329
60.98,327,325
60.98,328,328
60.98,327,325
60.98,327,327
60.98,326,324
60.98,324,324
60.99,324,323
61.04,321,321
61.04,323,323
61.04,321,321
61.04,323,322
61.04,319,318
61.05,321,320
61.05,314,314
61.11,313,312
61.11,308,308
61.11,309,309
61.11,307,305
61.11,308,308
61.11,306,305
61.12,308,307
61.18,307,306
61.18,305,306
61.18,308,307
61.18,306,305
61.18,308,308
61.18,307,306
61.19,308,309
61.24,307,307
61.24,312,311
61.24,307,308
61.24,311,312
61.24,309,310
61.24,313,312
61.25,312,311
61.31,313,314
61.31,315,314
61.31,315,316
61.31,318,317
61.31,318,317
61.31,322,320
61.32,319,318
61.37,324,323
61.37,320,320
61.37,325,324
61.37,323,322
61.37,328,327
61.37,324,324
61.38,329,329
61.43,327,326
61.43,330,329
61.43,328,327
61.43,330,328
61.43,330,329
61.44,329,328
61.45,329,327
61.51,326,326
61.51,327,328
61.51,326,325
61.51,329,329
61.51,325,324
61.51,329,329
61.51,325,324
61.57,329,327
61.57,326,324
61.57,327,327
61.57,324,323
61.57,324,324
61.57,325,324
61.58,324,323
61.63,324,323
61.63,320,321
61.63,323,323
61.64,319,319
61.64,322,322
61.64,317,317
61.64,318,317
61.7,310,310
61.7,311,311
61.7,305,303
61.7,305,306
61.7,303,302
61.7,304,303
61.71,303,302
61.78,300,302
61.78,305,303
61.78,301,302
61.78,305,304
61.78,302,302
61.78,306,304
61.78,302,301
61.84,308,307
61.84,303,303
61.84,308,307
61.84,304,304
61.84,309,308
61.84,308,308
61.84,309,310
61.9,311,309
61.9,312,311
61.9,312,312
61.9,312,314
61.9,317,314
61.9,313,314
61.91,316,316
61.96,313,315
61.96,320,320
61.96,316,317
61.96,322,321
61.96,318,318
61.96,322,323
61.97,321,320
62.02,325,323
62.02,323,322
62.02,325,325
62.02,323,323
62.02,323,324
62.03,325,324
62.04,324,325
62.1,329,326
62.1,325,324
62.1,328,328
62.1,326,324
62.1,329,327
62.1,325,323
62.1,327,327
62.16,325,323
62.16,324,326
62.16,323,322
62.16,327,325
62.16,322,321
62.16,322,323
62.17,322,322
62.23,321,322
62.23,321,321
62.23,320,319
62.23,323,321
62.23,317,318
62.23,321,320
62.23,318,318
62.29,321,319
62.29,312,310
62.29,310,312
62.29,308,308
62.29,309,308
62.29,305,305
62.3,295,293
62.36,275,271
62.36,260,260
62.36,247,248
62.36,239,237
62.36,235,232
62.36,226,225
62.37,227,228
62.43,229,230
62.43,237,235
62.43,234,234
62.43,243,242
62.43,242,241
62.43,249,249
62.43,251,250
62.49,258,257
62.49,259,258
62.49,262,262
62.49,266,266
62.49,270,271
62.49,274,274
62.5,277,277
62.55,283,282
62.55,282,283
62.55,293,291
62.55,292,292
62.55,297,299
62.55,300,300
62.56,305,306
62.61,307,306
62.61,312,312
62.61,315,314
62.61,318,318
62.61,320,319
62.62,324,323
62.63,327,325
62.69,327,327
62.69,332,332
62.69,331,331
62.69,335,336
62.69,334,334
62.69,341,339
62.7,337,337
62.71,343,344
62.71,340,340
62.72,343,344
62.78,342,342
62.78,348,347
62.78,346,344
62.78,346,346
62.79,345,345
62.79,345,346
62.79,347,346
62.85,346,345
62.85,346,346
62.85,345,344
62.85,348,347
62.85,344,343
62.85,345,345
62.85,341,340
62.91,341,340
62.91,336,334
62.91,336,337
62.91,335,332
62.91,335,336
62.91,335,333
62.92,333,334
62.97,336,333
62.97,333,333
62.97,335,335
62.97,336,335
62.97,339,337
62.98,335,334
62.98,339,339
63.04,337,336
63.04,338,338
63.04,338,336
63.04,339,339
63.04,338,338
63.04,341,342
63.05,340,338
63.11,341,340
63.11,340,340
63.11,340,342
63.11,341,342
63.11,343,344
63.11,344,343
63.12,342,342
63.18,346,346
63.18,343,342
63.18,348,347
63.18,344,345
63.18,349,349
63.18,346,343
63.18,348,348
63.24,345,345
63.24,349,349
63.24,348,346
63.24,347,346
63.24,350,348
63.24,346,346
63.25,348,347
63.3,346,345
63.3,345,345
63.3,343,342
63.3,347,345
63.3,341,341
63.3,344,344
63.31,341,341
63.36,344,344
63.36,339,339
63.36,342,342
63.36,340,339
63.36,340,340
63.37,337,338
63.38,338,338
63.44,339,336
63.44,334,334
63.44,336,335
63.44,333,333
63.44,334,333
63.44,327,328
63.44,331,331
63.5,325,325
63.5,328,327
63.5,320,319
63.5,318,318
63.5,316,315
63.5,315,314
63.51,310,310
63.56,312,312
63.56,312,311
63.56,308,309
63.56,308,309
63.56,309,308
63.57,310,310
63.57,309,308
63.63,312,312
63.63,309,308
63.63,310,311
63.63,309,308
63.63,314,314
63.63,312,311
63.64,314,315
63.69,315,312
63.69,314,316
63.69,316,316
63.69,316,316
63.69,316,316
63.7,317,318
63.71,320,318
63.77,319,318
63.77,323,321
63.77,319,318
63.77,323,322
63.77,319,319
63.77,324,324
63.77,321,320
63.83,326,325
63.83,325,323
63.83,326,326
63.83,323,324
63.83,326,326
63.83,326,326
63.84,325,326
63.89,328,326
63.89,325,324
63.89,327,327
63.89,324,324
63.89,326,326
63.89,323,322
63.9,326,326
63.95,324,323
63.95,325,326
63.95,321,321
63.95,324,324
63.95,323,321
63.96,320,321
63.97,319,318
64.03,319,319
64.03,320,320
64.03,316,318
64.03,317,317
64.03,312,314
64.03,319,316
64.03,314,313
64.09,315,314
64.09,310,310
64.09,315,313
64.09,308,308
64.09,309,309
64.09,305,304
64.1,304,303
64.16,300,298
64.16,299,298
64.16,297,296
64.16,296,296
64.16,298,296
64.16,295,294
64.16,299,296
64.22,294,292
64.22,297,295
64.22,294,294
64.22,298,298
64.22,297,295
64.22,298,298
64.23,297,296
64.28,299,299
64.28,298,297
64.28,301,300
64.28,300,299
64.28,300,300
64.29,306,304
64.29,300,301
64.36,304,303
64.36,300,302
64.36,307,306
64.36,306,304
64.36,310,308
64.36,308,306
64.36,309,310
64.42,309,309
64.42,314,314
64.42,312,312
64.42,315,314
64.42,314,314
64.42,317,316
64.43,317,314
64.48,316,316
64.48,316,316
64.48,317,317
64.48,319,318
64.48,315,317
64.48,320,319
64.49,316,317
64.55,321,320
64.55,318,318
64.55,321,321
64.55,321,318
64.55,320,319
64.55,318,316
64.56,318,318
64.61,318,317
64.61,316,317
64.61,318,318
64.61,316,317
64.61,317,316
64.61,314,315
64.62,317,316
64.69,313,313
64.69,316,315
64.69,310,311
64.69,314,314
64.69,311,309
64.69,312,311
64.69,308,308
64.75,311,310
64.75,309,308
64.75,306,306
64.75,305,304
64.75,299,299
64.75,299,298
64.75,294,294
64.81,294,295
64.81,295,293
64.81,296,297
64.81,293,293
64.81,298,298
64.81,294,294
64.82,299,298
64.87,297,297
64.87,302,300
64.87,298,298
64.87,301,301
64.87,300,300
64.88,302,302
64.88,304,304
64.94,303,303
64.94,305,305
64.94,303,303
64.94,306,307
64.94,305,306
64.94,310,308
64.95,306,306
65.0,310,310
65.0,307,307
65.0,314,313
65.0,311,309
65.0,314,315
65.01,313,313
65.02,314,315
65.08,317,315
65.08,317,317
65.08,319,318
65.08,317,316
65.08,321,319
65.08,318,317
65.08,322,320
65.14,319,318
65.14,322,322
65.14,320,318
65.14,321,321
65.14,320,319
65.14,322,324
65.15,321,321
65.2,323,323
65.2,323,322
65.2,321,322
65.2,325,323
65.2,320,321
65.2,322,321
65.21,318,319
65.26,323,322
65.26,318,319
65.26,320,321
65.26,316,317
65.26,322,322
65.27,319,317
65.28,318,319
65.34,319,317
65.34,321,320
65.34,319,317
65.34,318,318
65.34,317,317
65.34,315,315
65.34,315,315
65.4,312,311
65.4,309,308
65.4,303,304
65.4,307,306
65.4,301,300
65.4,303,303
65.41,299,300
65.47,304,304
65.47,301,301
65.47,304,305
65.47,304,303
65.47,307,306
65.47,308,306
65.47,306,308
65.53,309,308
65.53,309,308
65.53,310,311
65.53,311,310
65.53,312,312
65.53,308,310
65.54,316,315
65.59,313,313
65.59,318,317
65.59,315,314
65.59,319,320
65.6,318,317
65.6,320,321
65.61,322,322
65.66,321,322
65.66,325,325
65.66,324,324
65.66,327,326
65.66,327,326
65.66,327,328
65.67,328,326
65.73,330,328
65.73,326,326
65.73,329,329
65.74,327,327
65.74,330,331
65.74,328,327
65.74,329,329
65.8,329,326
65.8,330,329
65.8,331,328
65.8,331,330
65.8,330,330
65.8,326,326
65.8,329,328
65.86,327,326
65.86,328,326
65.86,325,324
65.86,329,327
65.86,323,322
65.86,324,325
65.87,323,322
65.92,325,323
65.92,323,321
65.92,323,322
65.92,322,321
65.92,321,321
65.92,322,319
65.93,319,320
65.99,320,320
65.99,318,317
65.99,320,319
65.99,316,315
65.99,317,315
65.99,311,309
66.0,310,308
66.06,305,303
66.06,305,305
66.06,300,300
66.06,305,304
66.06,302,301
66.06,301,302
66.06,304,303
66.13,304,303
66.13,306,304
66.13,305,304
66.13,308,307
66.13,306,305
66.13,311,309
66.13,308,308
66.19,310,311
66.19,309,308
66.19,310,312
66.19,310,310
66.19,311,314
66.19,313,313
66.2,318,317
66.25,317,317
66.25,317,318
66.25,323,321
66.25,319,321
66.25,322,323
66.25,323,323
66.26,325,325
66.31,325,324
66.31,329,328
66.31,327,325
66.31,328,328
66.31,327,327
66.32,328,329
66.33,329,327
66.39,329,329
66.39,330,329
66.39,331,330
66.39,331,330
66.39,330,329
66.39,331,330
66.39,330,330
66.45,332,331
66.45,327,329
66.45,330,329
66.45,328,328
66.45,329,329
66.45,327,326
66.46,330,330
66.51,324,325
66.51,329,328
66.51,325,324
66.51,327,326
66.51,324,323
66.51,325,324
66.52,324,324
66.58,323,323
66.58,326,324
66.58,321,322
66.58,326,323
66.58,322,320
66.58,323,322
66.59,318,318
66.64,323,321
66.64,317,317
66.64,319,319
66.64,316,314
66.64,318,316
66.65,309,308
66.65,306,306
66.72,306,305
66.72,306,305
66.72,305,304
66.72,304,304
66.72,306,305
66.72,305,304
66.72,309,307
66.78,305,304
66.78,309,308
66.78,302,303
66.78,309,309
66.78,306,305
66.78,306,308
66.79,307,306
66.84,309,310
66.84,310,309
66.84,309,311
66.84,313,311
66.84,312,312
66.84,314,314
66.85,315,314
66.9,318,317
66.9,316,316
66.9,319,319
66.9,317,317
66.9,321,320
66.91,317,316
66.92,321,321
66.98,319,318
66.98,323,321
66.98,318,319
66.98,320,322
66.98,322,321
66.98,321,321
66.98,323,323
67.04,322,323
67.04,326,323
67.04,322,322
67.04,327,327
67.04,322,322
67.04,326,326
67.05,321,322
67.11,327,326
67.11,324,324
67.11,326,326
67.11,323,321
67.11,324,325
67.11,324,323
67.11,325,324
67.17,324,323
67.17,322,321
67.17,323,322
67.17,320,321
67.17,322,321
67.17,320,321
67.18,323,322
67.23,320,319
67.23,323,321
67.23,316,315
67.23,319,320
67.23,317,317
67.24,318,318
67.24,318,315
67.31,317,316
67.31,316,315
67.31,315,314
67.31,312,312
67.31,308,308
67.31,307,306
67.31,304,303
67.37,304,303
67.37,301,301
67.37,305,304
67.37,300,301
67.37,307,306
67.37,305,303
67.37,307,307
67.43,305,305
67.43,309,309
67.43,307,306
67.43,309,308
67.43,310,308
67.43,310,310
67.44,312,311
67.49,309,311
67.49,315,314
67.49,311,312
67.49,318,317
67.49,316,314
67.5,320,320
67.51,317,317
67.56,320,321
67.56,318,319
67.56,323,323
67.56,322,321
67.56,324,324
67.56,324,323
67.57,327,326
67.63,326,325
67.63,325,325
67.63,327,327
67.63,326,327
67.63,331,329
67.63,325,326
67.64,331,329
67.7,326,326
67.7,329,330
67.7,326,326
67.7,327,329
67.7,329,327
67.7,328,329
67.7,329,328
67.76,328,329
67.76,328,328
67.76,326,327
67.76,329,328
67.76,325,326
67.76,326,327
67.77,323,324
67.82,327,326
67.82,323,321
67.82,325,326
67.82,322,322
67.82,325,325
67.83,321,319
67.83,324,323
67.9,321,320
67.9,320,322
67.9,320,318
67.9,319,318
67.9,318,318
67.9,315,316
67.9,318,318
67.96,314,314
67.96,314,316
67.96,310,312
67.96,311,312
67.96,302,303
67.96,304,305
67.96,302,301
68.02,305,304
68.02,300,299
68.02,301,303
68.02,300,300
68.02,304,303
68.02,302,302
68.03,300,300
68.08,283,280
68.08,266,262
68.08,255,252
68.08,238,239
68.08,234,233
68.09,225,224
68.1,226,227
68.15,227,226
68.15,233,234
68.15,234,233
68.15,239,240
68.15,242,242
68.15,247,246
68.16,251,249
68.23,254,254
68.23,259,257
68.23,260,260
68.23,267,267
68.23,267,269
68.23,276,275
68.23,277,275
68.29,283,284
68.29,282,284
68.29,291,291
68.29,292,291
68.29,298,299
68.29,298,298
68.29,305,305
68.35,307,306
68.35,310,311
68.35,315,313
68.35,317,316
68.35,320,319
68.35,318,319
68.36,324,324
68.41,325,325
68.41,329,328
68.41,329,328
68.41,333,333
68.41,328,329
68.42,336,335
68.42,334,334
68.47,338,338
68.47,338,337
68.47,338,338
68.47,338,338
68.47,340,340
68.48,341,341
68.49,340,341
68.55,342,343
68.55,341,340
68.55,346,344
68.55,341,341
68.55,343,344
68.55,341,342
68.55,344,344
68.61,340,341
68.61,344,343
68.61,338,338
68.61,337,338
68.61,335,333
68.61,334,333
68.62,332,331
68.67,330,330
68.67,334,333
68.67,331,331
68.67,334,334
68.67,333,333
68.68,339,337
68.69,334,334
68.74,337,336
68.74,332,333
68.74,340,340
68.74,337,335
68.74,339,339
68.74,339,338
68.75,340,340
68.8,340,340
68.8,340,341
68.8,342,340
68.8,341,341
68.8,345,344
68.81,341,341
68.82,347,346
68.88,343,342
68.88,346,346
68.88,342,344
68.88,348,346
68.88,346,345
68.88,348,348
68.88,347,347
68.95,351,350
68.95,349,349
68.95,348,350
68.95,350,348
68.95,350,350
68.95,348,348
68.95,350,348
69.01,353,352
69.01,348,348
69.01,351,350
69.01,346,346
69.01,351,350
69.01,346,345
69.01,351,349
69.07,347,344
69.07,347,347
69.07,345,343
69.07,345,344
69.07,344,343
69.07,343,343
69.08,343,342
69.13,340,340
69.13,340,340
69.13,337,336
69.13,340,339
69.13,332,332
69.14,337,335
69.14,331,328
69.2,332,332
69.2,330,328
69.2,329,330
69.2,327,327
69.2,328,328
69.2,324,324
69.21,325,324
69.27,320,320
69.27,314,315
69.27,317,316
69.27,311,312
69.27,313,313
69.27,312,311
69.28,314,312
69.34,308,308
69.34,315,312
69.34,309,307
69.34,313,312
69.34,309,309
69.34,310,311
69.34,310,309
69.4,312,312
69.4,312,309
69.4,310,311
69.4,312,311
69.4,312,311
69.4,315,313
69.41,313,312
69.46,315,315
69.46,311,313
69.46,316,317
69.46,314,313
69.46,317,316
69.46,315,315
69.47,319,320
69.52,317,316
69.52,319,320
69.52,318,317
69.52,322,321
69.52,320,320
69.53,322,321
69.54,322,321
69.6,319,320
69.6,324,324
69.6,320,322
69.6,323,322
69.6,321,321
69.6,324,324
69.6,321,319
69.67,325,324
69.67,321,320
69.67,324,325
69.67,321,320
69.67,324,324
69.67,322,323
69.67,322,322
69.73,323,323
69.73,321,322
69.73,323,322
69.73,320,320
69.73,322,321
69.73,319,316
69.73,318,318
69.79,312,311
69.79,313,314
69.79,310,310
69.79,313,312
69.79,308,306
69.79,309,308
69.8,306,305
69.85,308,308
69.85,308,306
69.85,307,306
69.85,306,306
69.85,305,305
69.86,309,306
69.87,305,305
69.92,308,308
69.92,303,304
69.92,310,309
69.92,307,307
69.92,312,310
69.92,311,309
69.93,314,313
69.99,311,310
69.99,315,314
69.99,314,312
69.99,313,314
69.99,314,314
69.99,315,314
70.0,317,317
70.05,316,316
70.05,319,319
70.05,316,316
70.05,321,320
70.05,317,316
70.05,322,320
70.06,319,318
70.12,323,322
70.12,318,318
70.12,321,321
70.12,321,319
70.12,322,322
70.12,322,320
70.13,321,322
70.18,323,322
70.18,321,322
70.18,325,324
70.18,323,322
70.18,325,324
70.18,321,321
70.19,327,326
70.26,322,321
70.26,324,326
70.26,321,321
70.26,325,325
70.26,322,320
70.26,321,322
70.26,320,318
70.27,316,316
70.28,316,316
70.29,314,314
70.35,315,314
70.35,310,312
70.35,315,314
70.35,310,311
70.35,315,313
70.35,311,311
70.35,316,316
70.41,311,311
70.41,315,316
70.41,314,312
70.41,316,317
70.41,315,315
70.41,316,317
70.42,318,318
70.48,319,320
70.48,322,322
70.48,321,321
70.48,325,325
70.48,321,322
70.48,329,327
70.48,325,324
70.54,329,328
70.54,329,327
70.54,330,330
70.54,328,328
70.54,333,332
70.54,329,328
70.55,332,332
70.6,332,330
70.6,333,332
70.6,334,333
70.6,330,332
70.6,334,335
70.61,332,333
70.61,335,335
70.67,333,332
70.67,336,336
70.67,332,332
70.67,335,335
70.67,332,332
70.67,334,335
70.68,336,334
70.74,336,335
70.74,335,333
70.74,336,336
70.74,334,334
70.74,334,334
70.74,335,333
70.75,333,332
70.8,333,333
70.8,329,329
70.8,334,333
70.8,328,327
70.8,330,329
70.8,323,322
70.81,324,324
70.87,320,319
70.87,321,321
70.87,317,317
70.87,318,319
70.87,319,318
70.87,321,320
70.88,321,318
70.93,319,318
70.93,320,318
70.93,317,318
70.93,322,321
70.93,319,318
70.93,323,322
70.94,318,318
70.99,323,323
70.99,319,318
70.99,322,323
70.99,322,322
70.99,322,324
71.0,321,321
71.01,324,325
71.07,324,323
71.07,325,324
71.07,326,325
71.07,325,324
71.07,328,327
71.07,324,324
71.07,327,327
71.13,326,325
71.13,327,329
71.13,327,325
71.13,330,330
71.13,328,327
71.13,330,329
71.14,330,329
71.19,331,330
71.19,328,327
71.19,329,327
71.19,330,329
71.19,329,330
71.2,331,329
71.2,329,330
71.25,331,331
71.25,328,328
71.25,333,330
71.25,326,326
71.25,332,330
71.26,327,327
71.27,329,329
71.33,326,325
71.33,329,328
71.33,326,324
71.33,325,325
71.33,321,320
71.33,320,320
71.34,320,319
71.39,316,316
71.39,318,317
71.39,314,314
71.39,317,316
71.39,313,313
71.39,316,316
71.4,313,314
71.46,316,317
71.46,314,313
71.46,316,318
71.46,315,314
71.46,316,316
71.46,318,317
71.47,319,318
71.52,320,318
71.52,318,319
71.52,321,319
71.52,321,320
71.52,323,322
71.52,319,319
71.53,325,324
71.6,321,320
71.6,327,326
71.6,321,321
71.6,327,326
71.6,323,322
71.6,325,325
71.6,326,325
71.66,326,326
71.66,327,325
71.66,327,326
71.66,328,327
71.66,326,327
71.66,328,327
71.66,325,326
71.72,331,328
71.72,326,325
71.72,329,329
71.72,324,324
71.72,327,328
71.72,326,325
71.73,326,328
71.78,328,326
71.78,328,327
71.78,326,325
71.78,328,328
71.78,328,326
71.79,326,326
71.79,326,326
71.85,323,323
71.85,324,324
71.85,322,321
71.85,323,322
71.85,319,317
71.85,321,319
71.86,315,313
71.92,316,316
71.92,311,312
71.92,315,314
71.92,310,310
71.92,314,313
71.92,314,312
71.93,313,313
71.99,315,312
71.99,312,312
71.99,312,313
71.99,312,311
71.99,315,315
71.99,312,312
71.99,317,315
72.05,314,313
72.05,317,318
72.05,318,316
72.05,319,318
72.05,317,316
72.05,319,319
72.06,319,318
72.11,319,319
72.11,320,320
72.11,320,320
72.11,325,324
72.11,322,322
72.11,325,324
72.12,323,323
72.17,329,327
72.17,323,323
72.17,329,330
72.17,324,324
72.17,326,327
72.18,325,325
72.19,328,328
72.25,327,326
72.25,328,329
72.25,328,327
72.25,328,327
72.25,328,328
72.25,329,328
72.25,329,328
72.31,326,326
72.31,328,328
72.31,325,326
72.31,328,328
72.31,322,323
72.31,328,328
72.32,324,324
72.37,322,324
72.37,322,321
72.37,323,324
72.37,323,321
72.37,320,322
72.38,318,318
72.38,316,316
72.44,316,314
72.44,312,312
72.44,315,314
72.44,311,311
72.44,315,313
72.44,310,310
72.45,314,314
72.51,309,308
72.51,313,312
72.51,312,311
72.51,314,313
72.51,311,310
72.51,313,312
72.51,313,312
72.58,314,314
72.58,314,315
72.58,315,313
72.58,315,314
72.58,313,313
72.58,318,317
72.58,315,314
72.64,319,319
72.64,317,315
72.64,320,320
72.64,316,316
72.64,320,322
72.64,321,318
72.65,320,320
72.7,320,319
72.7,321,320
72.7,321,320
72.7,320,320
72.7,322,322
72.7,318,320
72.71,325,323
72.76,321,320
72.76,322,322
72.76,321,320
72.76,324,323
72.76,320,320
72.77,324,323
72.78,320,320
72.84,323,323
72.84,320,319
72.84,320,321
72.84,323,321
72.84,320,321
72.84,321,320
72.84,318,319
72.9,322,319
72.9,318,317
72.9,319,318
72.91,316,315
72.91,317,317
72.91,313,313
72.91,315,314
72.97,310,309
72.97,310,310
72.97,305,306
72.97,306,307
72.97,306,305
72.97,307,306
72.97,305,304
73.03,307,306
73.03,309,306
73.03,305,305
73.03,309,308
73.03,306,306
73.03,309,309
73.04,306,306
73.09,308,309
73.09,308,306
73.09,311,311
73.09,308,308
73.09,312,312
73.1,311,310
73.1,314,314
73.17,315,313
73.17,315,314
73.17,316,316
73.17,315,315
73.17,317,316
73.17,315,314
73.17,318,318
73.23,315,315
73.23,321,319
73.23,318,317
73.23,322,321
73.23,318,318
73.23,321,321
73.24,318,318
73.29,322,323
73.29,320,319
73.29,321,321
73.29,322,322
73.29,322,322
73.29,324,322
73.3,323,322
73.36,324,323
73.36,321,320
73.36,324,324
73.36,321,320
73.36,322,323
73.36,322,319
73.37,320,321
73.42,318,318
73.42,322,322
73.42,317,317
73.42,319,320
73.42,316,315
73.42,315,315
73.43,315,314
73.5,312,312
73.5,312,312
73.5,307,308
73.5,311,309
73.5,306,305
73.5,310,308
73.5,305,303
73.56,308,307
73.56,303,304
73.56,307,306
73.56,305,304
73.56,309,308
73.56,307,305
73.56,305,308
73.62,308,307
73.62,306,307
73.62,311,310
73.62,307,308
73.62,311,312
73.62,309,309
73.63,313,313
73.68,310,310
73.68,314,315
73.68,313,311
73.68,317,316
73.68,315,314
73.69,316,316
73.69,316,316
73.75,319,318
73.75,316,317
73.75,318,319
73.75,320,319
73.75,318,319
73.75,320,320
73.76,319,319
73.82,322,322
73.82,320,320
73.82,325,324
73.82,322,320
73.82,325,324
73.82,320,320
73.83,324,324
73.89,320,320
73.89,323,323
73.89,323,322
73.89,323,322
73.89,322,322
73.89,321,321
73.89,320,320
73.95,304,302
73.95,289,285
73.95,269,269
73.95,262,260
73.95,248,248
73.95,245,244
73.96,238,236
74.01,240,240
74.01,238,237
74.01,241,242
74.01,241,240
74.01,243,242
74.01,242,242
74.02,246,247
74.07,249,248
74.07,252,252
74.07,255,255
74.07,255,256
74.07,261,260
74.08,261,262
74.09,268,266
74.15,268,267
74.15,272,273
74.15,274,274
74.15,282,282
74.15,283,282
74.15,290,289
74.15,294,292
74.21,296,296
74.21,299,298
74.21,302,302
74.21,306,306
74.21,308,308
74.21,315,315
74.22,314,316
74.27,321,322
74.27,323,323
74.27,329,329
74.27,330,331
74.27,337,337
74.28,335,334
74.28,340,341
74.34,341,340
74.34,345,345
74.34,345,345
74.34,347,348
74.34,348,349
74.34,349,349
74.35,351,350
74.41,351,351
74.41,356,354
74.41,353,353
74.41,359,357
74.41,352,352
74.41,358,359
74.42,356,356
74.48,361,360
74.48,356,355
74.48,359,359
74.48,356,356
74.48,359,358
74.48,356,356
74.48,356,356
74.54,356,355
74.54,352,353
74.54,355,353
74.54,348,349
74.54,352,350
74.54,345,345
74.55,348,348
74.6,343,342
74.6,347,346
74.6,341,342
74.6,345,345
74.6,342,340
74.6,342,341
74.61,340,341
74.66,341,341
74.66,343,341
74.66,338,340
74.66,341,340
74.66,336,337
74.67,343,341
74.68,338,338
74.74,341,341
74.74,336,337
74.74,341,341
74.74,338,338
74.74,341,341
74.74,339,337
74.74,341,341
74.8,338,339
74.8,342,341
74.8,341,339
74.8,340,340
74.8,342,340
74.8,340,339
74.81,340,341
74.87,340,339
74.87,341,341
74.87,339,339
74.87,342,340
74.87,340,338
74.87,341,341
74.87,337,336
74.93,339,339
74.93,339,336
74.93,337,338
74.93,337,337
74.93,337,336
74.93,336,335
74.94,335,334
75.0,335,335
75.0,330,332
75.0,335,333
75.0,329,328
75.0,333,331
75.0,328,328
75.01,333,330
75.07,328,326
75.07,330,330
75.07,328,326
75.07,326,326
75.07,324,322
75.07,323,322
75.07,321,320
75.13,317,316
75.13,318,319
75.13,314,316
75.13,318,317
75.13,314,314
75.13,315,315
75.14,313,313
75.19,315,314
75.19,313,311
75.19,314,313
75.19,311,310
75.19,313,313
75.19,309,309
75.2,314,313
75.25,312,312
75.25,313,312
75.25,313,312
75.25,310,311
75.25,315,314
75.26,311,311
75.27,315,315
75.33,314,312
75.33,316,316
75.33,313,312
75.33,316,317
75.33,315,313
75.33,319,318
75.33,316,314
75.39,316,316
75.39,319,316
75.39,319,318
75.39,318,318
75.39,320,320
75.39,321,320
75.4,320,320
75.46,323,322
75.46,320,320
75.46,323,322
75.46,319,318
75.46,323,324
75.46,318,319
75.46,323,323
75.52,318,319
75.52,321,321
75.52,320,320
75.52,321,323
75.52,322,320
75.52,323,322
75.53,321,320
75.58,320,320
75.58,322,321
75.58,319,319
75.58,320,320
75.58,315,316
75.59,317,317
75.6,312,313
75.66,315,316
75.66,309,309
75.66,310,311
75.66,308,308
75.66,310,310
75.66,309,308
75.66,310,309
75.72,309,308
75.72,311,310
75.72,313,311
75.72,308,309
75.72,313,312
75.72,308,310
75.73,316,315
75.78,311,312
75.78,316,315
75.78,311,312
75.78,317,317
75.78,315,314
75.78,319,318
75.79,317,317
75.84,322,321
75.84,321,319
75.84,321,320
75.84,323,322
75.84,321,322
75.85,326,324
75.86,320,322
75.92,327,326
75.92,322,322
75.92,328,327
75.92,323,323
75.92,327,328
75.92,326,325
75.92,330,328
75.99,324,325
75.99,330,328
75.99,325,324
75.99,326,327
75.99,329,327
75.99,327,327
75.99,329,327
76.05,326,326
76.05,330,327
76.05,325,325
76.05,328,327
76.05,322,322
76.05,325,326
76.05,323,322
76.11,326,326
76.11,322,322
76.11,324,324
76.11,322,321
76.11,324,324
76.11,323,320
76.12,321,320
76.17,321,319
76.17,317,316
76.17,317,315
76.17,312,313
76.17,313,312
76.18,309,308
76.19,314,312
76.25,307,306
76.25,312,311
76.25,308,307
76.25,312,311
76.25,308,307
76.25,311,310
76.25,311,309
76.31,311,310
76.31,310,310
76.31,311,310
76.31,313,312
76.31,311,311
76.31,313,314
76.32,312,312
76.37,316,315
76.37,312,312
76.37,316,316
76.37,314,312
76.37,318,318
76.37,316,316
76.38,321,321
76.44,319,318
76.44,322,321
76.44,321,319
76.44,323,322
76.44,324,322
76.44,322,321
76.45,327,325
76.5,320,321
76.5,327,326
76.5,322,322
76.5,327,325
76.5,324,322
76.5,328,326
76.51,324,324
76.58,328,328
76.58,325,323
76.58,328,327
76.58,327,325
76.58,325,325
76.58,327,325
76.58,324,326
76.64,326,326
76.64,324,324
76.64,326,326
76.64,323,323
76.64,327,326
76.64,321,322
76.64,325,325
76.7,321,319
76.7,323,322
76.7,317,314
76.7,318,318
76.7,315,312
76.7,312,313
76.71,314,312
76.76,312,312
76.76,310,311
76.76,311,311
76.76,313,312
76.76,311,311
76.77,314,314
76.77,311,310
76.83,315,314
76.83,310,310
76.83,315,314
76.83,310,311
76.83,314,315
76.83,313,311
76.84,314,315
76.9,314,313
76.9,316,315
76.9,315,314
76.9,314,315
76.9,317,316
76.9,316,315
76.91,317,317
76.97,314,316
76.97,319,320
76.97,315,316
76.97,321,321
76.97,317,317
76.97,321,320
76.97,319,318
77.03,323,322
77.03,320,318
77.03,321,321
77.03,322,320
77.03,321,322
77.03,323,321
77.04,320,321
77.09,322,321
77.09,322,321
77.09,326,324
77.09,320,320
77.09,323,324
77.09,323,321
77.1,326,325
77.17,321,322
77.17,327,325
77.17,322,322
77.17,326,325
77.17,322,321
77.17,324,324
77.17,323,323
77.23,320,322
77.23,323,322
77.23,321,320
77.23,321,320
77.23,317,316
77.23,316,317
77.23,310,311
77.29,316,314
77.29,308,307
77.29,313,311
77.29,310,308
77.29,308,310
77.29,308,308
77.3,312,311
77.35,309,308
77.35,308,308
77.35,309,307
77.35,308,308
77.35,309,309
77.36,308,308
77.36,310,311
77.42,308,308
77.42,313,314
77.42,309,309
77.42,313,313
77.42,310,311
77.42,316,315
77.43,314,314
77.49,317,318
77.49,319,316
77.49,318,319
77.49,321,319
77.49,320,319
77.49,323,321
77.5,321,320
77.56,325,324
77.56,321,321
77.56,325,325
77.56,320,320
77.56,326,326
77.56,321,320
77.56,327,327
77.62,324,322
77.62,325,326
77.62,322,322
77.62,324,325
77.62,328,325
77.62,324,325
77.63,326,325
77.68,324,326
77.68,328,326
77.68,323,324
77.68,325,326
77.68,323,323
77.68,325,325
77.69,321,320
77.75,323,323
77.75,318,319
77.75,322,322
77.75,320,319
77.75,321,321
77.75,318,318
77.76,317,317
77.81,315,314
77.81,311,313
77.81,312,311
77.81,310,308
77.81,308,308
77.82,305,305
77.82,309,307
77.89,303,302
77.89,308,307
77.89,302,303
77.89,308,307
77.89,303,304
77.89,309,308
77.89,305,304
77.95,308,308
77.95,310,307
77.95,310,309
77.95,310,309
77.95,309,309
77.95,311,310
77.96,310,309
77.97,313,312
77.97,310,311
77.98,314,314
78.04,312,311
78.04,316,317
78.04,314,314
78.04,318,318
78.04,315,314
78.04,319,319
78.05,317,316
78.1,319,319
78.1,320,319
78.1,320,319
78.1,320,319
78.1,319,320
78.11,322,321
78.11,320,320
78.17,324,323
78.17,319,318
78.17,322,322
78.17,320,318
78.17,322,322
78.17,319,318
78.18,322,320
78.24,318,318
78.24,320,321
78.24,323,321
78.24,320,321
78.24,322,320
78.24,318,320
78.25,321,320
78.31,318,319
78.31,324,321
78.31,317,318
78.31,320,320
78.31,316,315
78.31,319,318
78.31,311,312
78.37,315,315
78.37,311,309
78.37,312,311
78.37,308,306
78.37,307,308
78.37,306,306
78.38,306,306
78.43,305,305
78.43,305,305
78.43,308,308
78.43,304,304
78.43,305,306
78.43,306,304
78.44,309,308
78.49,307,305
78.49,311,309
78.49,306,306
78.49,309,310
78.49,309,308
78.5,309,309
78.51,311,309
78.57,312,312
78.57,311,311
78.57,314,313
78.57,315,312
78.57,311,312
78.57,315,315
78.57,314,313
78.63,316,316
78.63,312,313
78.63,319,318
78.63,316,315
78.63,316,317
78.63,315,314
78.64,320,320
78.69,317,315
78.69,319,318
78.69,319,318
78.69,319,318
78.69,319,318
78.7,319,318
78.7,320,320
78.76,319,319
78.76,323,323
78.76,318,318
78.76,324,323
78.76,318,318
78.76,323,322
78.77,319,318
78.83,320,320
78.83,320,319
78.83,320,320
78.83,319,318
78.83,318,318
78.83,317,317
78.84,318,317
78.9,316,316
78.9,314,313
78.9,314,314
78.9,310,310
78.9,315,313
78.9,309,310
78.9,313,314
78.96,309,310
78.96,315,314
78.96,311,311
78.96,312,313
78.96,312,309
78.96,313,314
78.97,314,313
79.02,314,314
79.02,317,316
79.02,315,315
79.02,319,317
79.02,313,313
79.02,319,317
79.03,316,316
79.08,321,320
79.08,316,317
79.08,323,322
79.08,320,317
79.08,323,321
79.09,320,321
79.1,324,323
79.16,323,321
79.16,322,322
79.16,324,323
79.16,325,325
79.16,327,325
79.16,325,325
79.16,327,327
79.22,326,324
79.22,330,329
79.22,327,326
79.23,330,329
79.23,328,327
79.23,331,332
79.23,328,327
79.29,332,332
79.29,330,328
79.29,330,330
79.29,328,328
79.29,328,329
79.29,330,329
79.29,326,327
79.35,331,330
79.35,328,327
79.35,329,329
79.35,327,326
79.35,329,329
79.35,325,324
79.36,330,328
79.41,324,322
79.41,324,324
79.41,322,320
79.41,323,322
79.41,319,316
79.42,318,318
79.42,316,315
79.49,315,314
79.49,314,312
79.49,311,310
79.49,313,312
79.49,308,309
79.49,314,314
79.49,311,309
79.55,314,313
79.55,310,309
79.55,315,314
79.55,311,310
79.55,312,313
79.55,311,310
79.56,313,314
79.61,313,312
79.61,315,313
79.61,315,314
79.61,312,314
79.61,316,315
79.61,313,313
79.62,316,316
79.68,312,313
79.68,321,320
79.68,317,316
79.68,320,320
79.68,319,318
79.68,321,320
79.69,318,318
79.74,322,321
79.74,321,319
79.74,321,322
79.74,324,321
79.74,320,320
79.74,323,322
79.75,319,320
79.81,321,322
79.81,322,321
79.81,324,322
79.81,321,320
79.81,327,324
79.81,317,315
79.82,299,297
79.88,279,278
79.88,272,270
79.88,257,255
79.88,252,252
79.88,244,243
79.88,240,240
79.88,242,242
79.94,244,245
79.94,250,248
79.94,248,249
79.94,254,252
79.94,254,252
79.94,256,256
79.95,255,256
80.0,261,262
80.0,258,259
80.0,265,264
80.0,263,262
80.0,265,266
80.01,267,267
80.01,273,272
80.07,276,275
80.07,276,277
80.07,280,281
80.07,284,284
80.07,289,288
80.07,288,289
80.08,297,296
80.14,295,294
80.14,302,302
80.14,303,302
80.14,310,309
80.14,309,309
80.14,316,316
80.15,317,316
80.21,320,323
80.21,323,324
80.21,328,328
80.21,332,331
80.21,332,333
80.21,337,337
80.21,338,337
80.27,343,342
80.27,343,342
80.27,346,347
80.27,347,346
80.27,351,351
80.27,349,349
80.28,354,354
80.33,353,352
80.33,355,356
80.33,357,355
80.33,359,359
80.33,359,358
80.33,359,358
80.34,359,360
80.41,360,360
80.41,363,363
80.41,361,361
80.41,363,362
80.41,360,359
80.41,364,362
80.41,361,359
80.47,364,363
80.47,360,358
80.47,363,362
80.47,359,359
80.47,362,362
80.47,361,359
80.47,358,359
80.53,360,357
80.53,358,357
80.53,360,357
80.53,355,354
80.53,355,354
80.53,348,347
80.54,350,349
80.6,344,344
80.6,346,346
80.6,341,340
80.6,346,345
80.6,339,336
80.6,341,341
80.6,339,337
80.66,337,338
80.66,339,337
80.66,338,338
80.66,337,336
80.66,337,336
80.66,338,337
80.67,334,335
80.72,339,338
80.72,335,334
80.72,338,338
80.72,335,334
80.72,338,337
80.73,334,333
80.74,337,335
80.8,335,334
80.8,336,336
80.8,334,334
80.8,335,336
80.8,336,334
80.8,333,334
80.8,336,336
80.86,335,335
80.86,338,337
80.86,334,334
80.86,338,338
80.86,335,335
80.86,338,338
80.87,334,334
80.92,338,338
80.92,333,334
80.92,337,337
80.92,335,333
80.92,335,336
80.92,335,335
80.93,334,335
80.99,336,335
80.99,332,333
80.99,337,336
80.99,334,333
80.99,336,335
80.99,331,331
81.0,334,335
81.05,332,331
81.05,333,334
81.05,332,330
81.05,334,332
81.05,329,328
81.05,329,328
81.06,327,325
81.13,326,327
81.13,323,323
81.13,322,321
81.13,321,320
81.13,318,317
81.13,317,317
81.13,312,313
81.19,315,314
81.19,311,310
81.19,315,313
81.19,309,308
81.19,313,313
81.19,309,309
81.19,310,311
81.25,310,308
81.25,308,309
81.25,309,309
81.25,310,310
81.25,312,310
81.25,312,313
81.26,314,314
81.31,312,312
81.31,316,316
81.31,313,313
81.31,319,318
81.31,313,314
81.32,319,319
81.33,315,314
81.38,319,319
81.38,317,317
81.38,319,319
81.38,319,318
81.38,317,318
81.38,318,320
81.39,320,320
81.45,321,320
81.45,321,320
81.45,322,322
81.46,321,320
81.46,325,324
81.46,323,321
81.46,324,324
81.52,322,320
81.52,323,324
81.52,323,321
81.52,325,325
81.52,322,322
81.52,323,323
81.52,323,321
81.58,322,323
81.58,327,324
81.58,323,322
81.58,324,323
81.58,320,320
81.58,324,324
81.59,318,318
81.64,322,322
81.64,319,317
81.64,322,321
81.64,316,316
81.64,318,318
81.64,315,314
81.65,314,315
81.7,312,312
81.7,311,312
81.7,311,309
81.7,307,307
81.7,309,307
81.71,306,306
81.72,309,307
81.78,305,304
81.78,308,308
81.78,304,304
81.78,308,308
81.78,306,306
81.78,309,310
81.78,305,306
81.84,308,309
81.84,305,305
81.84,311,310
81.84,308,308
81.84,309,309
81.84,312,311
81.85,310,310
81.91,313,312
81.91,310,311
81.91,317,316
81.91,314,313
81.91,317,318
81.91,317,315
81.92,321,320
81.97,316,316
81.97,322,322
81.97,318,318
81.97,320,322
81.97,321,319
81.97,321,322
81.98,322,320
82.03,320,321
82.03,325,324
82.03,323,323
82.03,324,323
82.03,320,322
82.04,327,325
82.05,323,322
82.11,326,326
82.11,322,322
82.11,326,324
82.11,323,322
82.11,324,325
82.11,323,322
82.11,324,325
82.17,324,325
82.17,325,325
82.17,324,324
82.17,324,325
82.17,326,326
82.17,322,322
82.18,325,325
82.24,322,322
82.24,326,325
82.24,322,320
82.24,324,324
82.24,318,318
82.24,322,322
82.24,319,317
82.3,319,319
82.3,317,315
82.3,313,315
82.3,315,314
82.3,314,313
82.3,315,313
82.31,308,310
82.36,312,312
82.36,310,310
82.36,313,312
82.36,309,308
82.36,311,312
82.37,306,307
82.37,312,312
82.42,311,309
82.42,313,313
82.42,310,310
82.42,314,314
82.42,314,314
82.43,314,315
82.44,314,316
82.5,315,317
82.5,319,318
82.5,316,316
82.5,320,320
82.5,317,317
82.5,322,322
82.5,317,317
82.56,322,322
82.56,319,319
82.56,324,323
82.56,322,320
82.56,323,324
82.56,323,321
82.57,321,321
82.63,323,321
82.63,322,322
82.63,323,322
82.63,320,321
82.63,320,321
82.63,320,321
82.64,326,323
82.69,320,320
82.69,324,324
82.69,320,319
82.69,323,322
82.69,320,320
82.69,321,322
82.7,321,320
82.77,323,322
82.77,320,319
82.77,322,321
82.77,322,319
82.77,321,319
82.77,321,320
82.77,319,319
82.83,321,320
82.83,317,316
82.83,318,318
82.83,314,314
82.83,314,315
82.83,310,309
82.83,313,312
82.89,307,307
82.89,310,310
82.89,308,307
82.89,307,307
82.89,309,307
82.89,306,306
82.9,307,306
82.95,306,307
82.95,310,309
82.95,306,305
82.95,311,308
82.95,305,305
82.96,308,309
82.96,308,307
83.02,312,311
83.02,308,308
83.02,315,313
83.02,313,310
83.02,315,314
83.02,314,313
83.03,314,313
83.09,315,314
83.09,316,317
83.09,320,318
83.09,317,316
83.09,323,321
83.09,318,318
83.09,325,323
83.16,320,320
83.16,324,325
83.16,323,321
83.16,325,324
83.16,325,323
83.16,326,326
83.16,325,325
83.22,327,327
83.22,324,324
83.22,327,326
83.22,329,328
83.22,326,326
83.22,330,328
83.23,327,326
83.28,330,328
83.28,326,324
83.28,328,328
83.28,325,325
83.28,330,329
83.28,326,324
83.29,330,329
83.34,325,325
83.34,328,327
83.34,324,325
83.34,324,324
83.34,324,324
83.35,321,321
83.36,322,322
83.42,318,319
83.42,320,320
83.42,317,316
83.42,318,318
83.42,313,312
83.42,319,318
83.42,311,312
83.48,314,314
83.48,312,312
83.48,313,313
83.48,310,312
83.48,313,314
83.48,315,314
83.49,313,313
83.55,316,313
83.55,313,312
83.55,317,316
83.55,313,313
83.55,316,317
83.55,314,314
83.55,317,316
83.61,316,316
83.61,319,319
83.61,316,317
83.61,319,320
83.61,319,318
83.61,320,321
83.62,321,319
83.67,318,319
83.67,320,320
83.67,321,321
83.67,320,320
83.67,321,321
83.68,324,324
83.68,321,322
83.75,327,324
83.75,320,321
83.75,325,325
83.75,322,320
83.75,326,325
83.75,323,322
83.75,323,324
83.81,322,321
83.81,324,323
83.81,323,323
83.81,324,324
83.81,327,325
83.81,324,323
83.82,324,324
83.87,321,321
83.87,325,324
83.87,320,320
83.87,324,324
83.87,320,321
83.87,325,323
83.88,320,319
83.94,322,322
83.94,320,319
83.94,324,322
83.94,320,319
83.94,320,320
83.94,318,318
83.95,316,316
84.0,316,314
84.0,311,312
84.0,314,315
84.0,312,311
84.0,312,314
84.0,309,310
84.01,316,314
84.08,311,309
84.08,315,313
84.08,311,309
84.08,311,313
84.08,313,311
84.08,313,314
84.08,315,313
84.14,312,312
84.14,314,314
84.14,315,313
84.14,316,316
84.14,315,315
84.14,319,317
84.14,315,315
84.2,321,319
84.2,318,318
84.2,322,321
84.2,319,319
84.2,323,322
84.2,321,320
84.21,321,322
84.26,322,321
84.26,321,322
84.26,324,322
84.26,321,323
84.26,325,324
84.27,322,323
84.27,325,326
84.33,322,322
84.33,324,324
84.33,321,322
84.33,324,326
84.33,323,322
84.33,328,327
84.34,322,322
84.4,325,325
84.4,323,323
84.4,324,324
84.4,323,323
84.4,323,322
84.4,321,321
84.41,319,320
84.47,322,322
84.47,317,318
84.47,320,321
84.47,319,318
84.47,321,320
84.47,316,316
84.47,321,320
84.53,316,314
84.53,318,318
84.53,316,315
84.53,316,316
84.53,315,313
84.53,313,312
84.54,311,310
84.59,311,310
84.59,310,309
84.59,308,307
84.59,309,309
84.59,308,307
84.59,311,309
84.6,306,306
84.65,314,312
84.65,306,306
84.65,311,309
84.65,308,307
84.65,311,310
84.66,310,309
84.67,309,310
84.73,310,309
84.73,311,311
84.73,313,312
84.73,312,312
84.73,313,313
84.73,314,312
84.73,317,317
84.8,314,314
84.8,316,316
84.8,316,314
84.8,316,316
84.8,314,314
84.8,319,319
84.8,317,316
84.86,320,320
84.86,320,319
84.86,320,319
84.86,320,320
84.86,322,320
84.86,323,321
84.86,321,321
84.92,322,323
84.92,323,322
84.92,324,325
84.92,322,320
84.92,326,324
84.92,321,320
84.93,325,324
84.98,320,320
84.98,322,323
84.98,321,320
84.98,323,322
84.98,320,320
84.99,321,321
85.0,321,320
85.05,320,320
85.05,320,320
85.05,317,319
85.05,320,319
85.05,317,316
85.05,318,319
85.06,316,315
85.12,319,318
85.12,312,313
85.12,317,316
85.12,312,312
85.12,313,314
85.12,310,311
85.13,311,310
85.19,311,309
85.19,307,309
85.19,311,310
85.19,308,309
85.19,310,311
85.19,307,307
85.19,312,310
85.25,309,307
85.25,312,310
85.25,306,306
85.25,310,311
85.25,310,309
85.25,312,310
85.26,310,310
85.31,314,312
85.31,314,311
85.31,312,313
85.31,315,314
85.31,311,312
85.31,316,315
85.32,313,313
85.37,316,316
85.37,315,314
85.37,319,318
85.37,315,315
85.37,317,318
85.38,316,316
85.39,319,319
85.45,318,317
85.45,322,321
85.45,320,319
85.45,321,321
85.45,321,321
85.45,321,320
85.45,323,322
85.51,320,320
85.51,322,321
85.51,321,320
85.51,323,322
85.51,319,317
85.51,320,321
85.52,319,318
85.53,322,322
85.54,316,316
85.55,319,319
85.61,318,317
85.61,318,319
85.61,318,316
85.61,316,316
85.61,317,317
85.61,317,316
85.61,317,315
85.67,314,313
85.67,316,314
85.67,311,310
85.67,313,313
85.67,309,308
85.67,311,312
85.68,308,306
85.73,310,309
85.73,307,305
85.73,306,306
85.73,305,303
85.73,304,305
85.74,305,304
85.74,305,304
85.8,305,304
85.8,303,302
85.8,306,306
85.8,304,302
85.8,307,305
85.8,305,304
85.81,310,308
85.87,305,304
85.87,308,308
85.87,306,306
85.87,310,309
85.87,309,308
85.88,311,310
85.88,311,309
85.94,310,310
85.94,309,310
85.94,309,310
85.94,314,312
85.94,311,311
85.94,317,315
85.94,312,312
86.0,319,317
86.0,314,314
86.0,308,307
86.0,285,283
86.0,275,273
86.0,263,260
86.01,255,255
86.06,246,246
86.06,242,241
86.06,239,240
86.06,243,243
86.06,248,248
86.06,248,249
86.07,254,254
86.12,253,255
86.12,260,260
86.12,258,258
86.12,268,268
86.12,268,267
86.13,273,272
86.14,274,273
86.2,280,279
86.2,278,278
86.2,283,283
86.2,287,285
86.2,287,289
86.2,294,294
86.2,294,294
86.26,300,300
86.26,298,299
86.26,307,305
86.26,303,304
86.26,310,310
86.26,308,308
86.27,313,314
86.33,313,313
86.33,316,317
86.33,316,316
86.33,318,318
86.33,320,317
86.33,319,320
86.33,323,322
86.39,324,325
86.39,328,326
86.39,327,328
86.39,331,331
86.39,331,330
86.39,336,335
86.4,335,334
86.45,339,338
86.45,337,337
86.45,342,341
86.45,339,337
86.45,343,343
86.46,343,342
86.47,345,346
86.53,346,346
86.53,347,348
86.53,351,349
86.53,348,348
86.53,350,351
86.53,350,350
86.53,354,352
86.59,349,348
86.59,355,354
86.59,352,351
86.59,357,355
86.59,350,351
86.59,356,357
86.6,354,354
86.65,355,356
86.65,355,353
86.65,352,353
86.65,355,354
86.65,354,354
86.65,356,355
86.66,352,353
86.72,357,355
86.72,353,353
86.72,356,356
86.72,353,351
86.72,354,354
86.72,350,350
86.73,353,353
86.79,352,350
86.79,353,352
86.79,349,349
86.79,349,350
86.79,352,348
86.79,349,348
86.79,348,347
86.85,347,346
86.85,348,347
86.85,344,344
86.85,346,345
86.85,340,341
86.85,344,344
86.86,338,338
86.92,341,341
86.92,337,336
86.92,338,338
86.92,335,335
86.92,333,335
86.92,333,331
86.92,330,329
86.98,328,328
86.98,326,327
86.98,328,326
86.98,324,325
86.98,326,325
86.98,322,323
86.99,327,325
87.04,324,322
87.04,326,326
87.04,322,322
87.04,326,326
87.04,324,324
87.05,325,325
87.06,323,324
87.12,326,327
87.12,326,325
87.12,326,327
87.12,330,328
87.12,329,328
87.12,331,329
87.12,328,328
87.18,332,330
87.18,327,328
87.18,333,332
87.18,327,327
87.18,333,331
87.18,331,329
87.19,334,332
87.24,332,330
87.24,333,332
87.24,332,332
87.24,335,334
87.24,334,333
87.24,334,334
87.25,334,334
87.3,332,332
87.3,332,333
87.3,334,332
87.3,335,333
87.3,331,330
87.31,333,333
87.32,328,329
87.37,335,334
87.37,331,329
87.37,331,331
87.37,330,329
87.37,331,331
87.37,329,328
87.38,328,329
87.44,331,329
87.44,328,329
87.44,329,329
87.44,327,326
87.44,327,326
87.44,324,323
87.45,327,325
87.51,321,321
87.51,324,324
87.51,320,319
87.51,321,321
87.51,318,317
87.51,318,318
87.51,315,313
87.57,313,313
87.57,313,310
87.57,309,309
87.57,309,309
87.57,305,306
87.57,307,307
87.58,303,304
87.63,308,307
87.63,306,304
87.63,307,307
87.63,306,305
87.63,309,308
87.64,304,304
87.65,307,307
87.71,306,305
87.71,307,307
87.71,306,305
87.71,306,307
87.71,307,306
87.71,307,307
87.71,309,309
87.77,308,308
87.77,312,311
87.77,308,309
87.77,314,313
87.77,309,308
87.77,312,313
87.78,311,311
87.83,315,314
87.83,313,312
87.83,315,315
87.83,314,314
87.83,315,316
87.83,316,315
87.84,316,316
87.89,317,316
87.89,317,316
87.89,318,319
87.89,316,316
87.89,320,319
87.9,316,316
87.91,320,320
87.96,317,316
87.96,321,321
87.96,316,317
87.96,318,319
87.96,317,317
87.96,319,319
87.97,319,318
88.03,318,318
88.03,319,318
88.03,319,318
88.03,319,317
88.03,315,316
88.03,319,317
88.04,314,315
88.1,317,317
88.1,314,313
88.1,317,317
88.1,313,313
88.1,317,316
88.1,315,314
88.1,315,315
88.16,313,312
88.16,312,314
88.16,312,310
88.16,311,311
88.16,310,309
88.16,304,305
88.17,306,304
88.22,302,302
88.22,305,304
88.22,301,300
88.22,303,303
88.22,301,300
88.23,304,303
88.23,302,301
88.29,304,304
88.29,304,301
88.29,305,303
88.29,305,303
88.29,304,305
88.29,306,304
88.3,303,304
88.36,310,307
88.36,304,305
88.36,310,309
88.36,305,305
88.36,312,312
88.36,309,308
88.37,314,314
88.43,312,312
88.43,316,316
88.43,315,313
88.43,317,316
88.43,318,316
88.43,319,318
88.43,319,318
88.49,321,321
88.49,321,320
88.49,321,322
88.49,324,323
88.49,320,321
88.49,325,324
88.5,320,321
88.55,326,327
88.55,322,320
88.55,326,327
88.55,324,324
88.55,329,328
88.55,327,325
88.56,328,327
88.61,328,326
88.61,327,326
88.61,326,326
88.61,326,327
88.61,329,326
88.62,325,324
88.63,327,327
88.69,324,324
88.69,329,327
88.69,325,324
88.69,327,326
88.69,321,321
88.69,324,324
88.69,320,321
88.75,324,324
88.75,322,321
88.75,323,322
88.75,323,322
88.75,321,320
88.75,322,321
88.76,319,319
88.82,320,320
88.82,317,317
88.82,321,319
88.82,316,314
88.82,317,315
88.82,311,310
88.82,312,311
88.88,309,308
88.88,311,311
88.88,308,308
88.88,311,312
88.88,308,309
88.88,309,311
88.89,312,311
88.94,310,311
88.94,314,313
88.94,312,311
88.94,314,315
88.94,312,311
88.95,315,314
88.96,311,311
89.01,318,317
89.01,315,313
89.01,318,318
89.01,315,314
89.01,317,316
89.01,315,314
89.02,316,317
89.08,319,317
89.08,317,318
89.08,320,320
89.08,318,319
89.08,321,321
89.08,320,320
89.09,324,322
89.15,321,320
89.15,322,323
89.15,322,322
89.15,325,326
89.15,323,322
89.15,327,326
89.15,323,322
89.21,325,325
89.21,324,323
89.21,324,325
89.21,325,324
89.21,325,324
89.21,325,325
89.22,323,323
89.27,328,327
89.27,322,323
89.27,325,326
89.27,323,322
89.27,324,326
89.28,324,322
89.28,327,325
89.33,326,323
89.33,325,324
89.33,323,322
89.33,324,324
89.33,321,321
89.34,321,321
89.35,323,321
89.41,319,319
89.41,321,321
89.41,318,319
89.41,322,320
89.41,317,316
89.41,319,318
89.41,315,315
89.48,317,318
89.48,314,312
89.48,314,314
89.48,311,311
89.48,311,313
89.48,314,311
89.48,311,310
89.54,311,310
89.54,308,310
89.54,311,310
89.54,308,309
89.54,313,311
89.54,311,309
89.55,310,312
89.6,310,310
89.6,314,314
89.6,309,310
89.6,315,315
89.6,312,312
89.6,315,315
89.61,315,314
89.67,314,316
89.67,316,315
89.67,317,317
89.67,318,318
89.67,318,318
89.67,320,320
89.68,320,321
89.73,323,324
89.73,320,321
89.73,325,324
89.73,323,322
89.73,327,327
89.73,325,323
89.74,328,327
89.81,325,325
89.81,326,327
89.81,325,326
89.81,327,327
89.81,327,326
89.81,328,327
89.81,327,327
89.87,328,327
89.87,328,328
89.87,326,325
89.87,331,329
89.87,325,326
89.87,329,328
89.87,325,324
89.93,329,328
89.93,326,326
89.93,327,328
89.93,324,324
89.93,324,325
89.93,324,324
89.94,323,324
89.99,322,322
89.99,322,322
89.99,323,322
89.99,319,319
89.99,323,321
90.0,317,317
90.0,321,319
90.06,317,316
90.06,319,319
90.06,314,315
90.06,316,316
90.06,312,312
90.06,315,314
90.07,313,311
90.13,311,311
90.13,311,309
90.13,310,309
90.13,310,309
90.13,308,309
90.13,310,310
90.14,308,309
90.2,312,311
90.2,307,306
90.2,313,312
90.2,308,308
90.2,310,311
90.2,310,309
90.2,312,312
90.26,310,308
90.26,312,312
90.26,312,311
90.26,314,314
90.26,316,315
90.26,314,314
90.27,318,316
90.32,315,316
90.32,319,318
90.32,314,316
90.32,321,320
90.32,317,317
90.32,320,321
90.33,318,318
90.38,320,322
90.38,322,320
90.38,325,324
90.38,324,323
90.38,325,324
90.39,324,323
90.4,323,323
90.46,325,326
90.46,323,323
90.46,327,325
90.46,325,324
90.46,327,325
90.46,323,321
90.46,326,325
90.52,321,320
90.52,325,324
90.52,322,320
90.52,325,324
90.52,320,320
90.52,322,322
90.53,322,320
90.58,321,322
90.58,323,320
90.58,320,319
90.58,322,322
90.58,320,320
90.59,323,321
90.59,319,319
90.65,323,321
90.65,317,317
90.65,323,321
90.65,318,316
90.65,319,320
90.65,317,316
90.66,319,319
90.72,317,315
90.72,315,315
90.72,314,314
90.72,311,313
90.72,313,313
90.72,312,311
90.73,311,312
90.79,311,310
90.79,313,312
90.79,308,308
90.79,311,312
90.79,310,307
90.79,314,312
90.79,311,309
90.85,312,312
90.85,310,309
90.85,312,311
90.85,311,310
90.85,312,313
90.85,311,311
90.86,312,312
90.91,313,313
90.91,315,313
90.91,316,315
90.91,313,312
90.91,318,317
90.91,315,315
90.92,320,319
90.97,315,314
90.97,317,318
90.97,316,315
90.97,318,318
90.97,316,316
90.98,319,319
90.99,318,318
91.05,319,320
91.05,318,318
91.05,319,318
91.05,321,320
91.05,319,317
91.05,322,322
91.05,319,318
91.11,323,322
91.11,319,318
91.11,324,323
91.11,318,318
91.11,321,322
91.11,320,320
91.12,323,322
91.17,320,320
91.17,321,322
91.17,322,321
91.17,321,320
91.17,323,321
91.18,318,320
91.18,322,321
91.24,318,318
91.24,323,322
91.24,319,318
91.24,325,324
91.24,319,318
91.24,321,322
91.25,318,318
91.31,319,320
91.31,319,317
91.31,316,317
91.31,317,316
91.31,316,316
91.31,315,314
91.32,312,313
91.38,312,312
91.38,311,311
91.38,313,312
91.38,309,308
91.38,311,311
91.38,305,305
91.38,308,308
91.44,306,304
91.44,309,309
91.44,306,305
91.44,308,308
91.44,309,308
91.44,308,309
91.45,309,308
91.5,308,309
91.5,310,310
91.5,310,310
91.5,313,311
91.5,307,308
91.5,313,313
91.51,310,309
91.56,315,315
91.56,313,312
91.56,316,314
91.56,313,312
91.56,316,316
91.57,313,312
91.58,318,317
91.64,315,316
91.64,316,316
91.64,317,316
91.64,316,317
91.64,323,321
91.64,319,318
91.64,322,323
91.7,321,320
91.7,325,325
91.7,322,321
91.71,328,327
91.71,324,322
91.71,326,326
91.71,322,322
91.77,327,326
91.77,324,323
91.77,323,323
91.77,324,324
91.77,321,322
91.77,322,322
91.77,322,322
91.83,324,323
91.83,321,320
91.83,323,322
91.83,320,319
91.83,323,321
91.83,318,316
91.84,322,321
91.89,316,317
91.89,318,320
91.89,316,317
91.89,319,319
91.89,317,318
91.9,319,319
91.9,318,318
91.96,317,318
91.96,318,317
91.96,314,315
91.96,317,316
91.96,313,313
91.96,316,315
91.97,311,310
92.03,314,313
92.03,311,308
92.03,312,312
92.03,310,308
92.03,313,312
92.03,310,309
92.04,311,311
92.1,311,310
92.1,306,304
92.1,289,285
92.1,270,269
92.1,260,260
92.1,249,247
92.1,243,240
92.16,233,231
92.16,231,231
92.16,228,228
92.16,236,236
92.16,236,237
92.16,245,244
92.17,245,246
92.22,254,253
92.22,256,254
92.22,258,260
92.22,265,264
92.22,266,266
92.22,272,271
92.23,273,273
92.28,281,279
92.28,280,281
92.28,289,288
92.28,289,288
92.28,294,296
92.29,296,295
92.3,302,302
92.35,300,301
92.35,308,307
92.35,309,308
92.35,311,313
92.35,314,314
92.36,318,319
92.36,322,322
92.42,325,324
92.42,328,328
92.42,329,329
92.42,332,335
92.42,333,332
92.42,340,339
92.43,337,336
92.49,342,342
92.49,340,340
92.49,346,345
92.49,342,341
92.49,345,344
92.49,345,344
92.49,345,345
92.55,346,346
92.55,344,345
92.55,348,348
92.55,345,346
92.55,350,349
92.55,347,346
92.56,351,350
92.61,345,345
92.61,350,350
92.61,347,345
92.61,349,349
92.61,346,344
92.62,344,345
92.63,342,342
92.69,343,343
92.69,341,341
92.69,340,340
92.69,341,341
92.69,339,339
92.69,343,341
92.69,338,338
92.75,342,342
92.75,337,338
92.75,342,342
92.75,342,340
92.75,343,343
92.75,340,340
92.76,344,343
92.81,341,340
92.81,343,344
92.81,343,341
92.81,342,343
92.81,344,342
92.81,343,341
92.82,345,344
92.88,342,341
92.88,344,344
92.88,342,341
92.88,346,345
92.88,340,341
92.88,346,346
92.89,342,342
92.94,347,347
92.94,346,343
92.94,347,348
92.94,345,344
92.94,347,347
92.95,347,346
92.95,347,346
93.02,346,346
93.02,345,344
93.02,348,346
93.02,343,342
93.02,346,345
93.02,340,341
93.02,346,345
93.08,341,340
93.08,342,343
93.08,341,340
93.08,344,344
93.08,339,338
93.08,341,340
93.09,338,337
93.1,339,339
93.1,338,337
93.11,339,338
93.17,336,336
93.17,335,334
93.17,336,334
93.17,330,331
93.17,334,333
93.17,329,328
93.18,333,332
93.23,328,327
93.23,330,330
93.23,326,325
93.23,329,327
93.23,327,324
93.24,323,324
93.24,324,322
93.3,321,319
93.3,318,317
93.3,315,316
93.3,318,316
93.3,315,315
93.3,315,316
93.31,313,312
93.36,316,316
93.36,314,312
93.36,318,316
93.36,312,312
93.36,318,317
93.37,313,313
93.38,314,316
93.44,314,313
93.44,315,315
93.44,314,314
93.44,316,315
93.44,316,316
93.44,315,315
93.44,318,317
93.5,315,315
93.5,320,319
93.5,317,315
93.5,321,320
93.5,316,317
93.5,322,322
93.51,318,317
93.56,322,322
93.56,320,320
93.56,323,322
93.56,320,321
93.56,323,323
93.56,324,324
93.57,325,325
93.63,327,325
93.63,324,325
93.63,327,327
93.63,323,324
93.63,328,328
93.63,324,324
93.64,328,328
93.69,325,325
93.69,329,329
93.69,324,324
93.69,328,327
93.69,325,325
93.69,325,325
93.7,326,327
93.75,326,326
93.75,328,326
93.75,324,323
93.75,327,326
93.75,325,325
93.76,326,325
93.77,322,322
93.83,325,324
93.83,320,321
93.83,324,324
93.83,320,320
93.83,324,324
93.83,321,320
93.83,323,321
93.89,322,319
93.89,318,318
93.89,318,317
93.89,315,316
93.89,316,316
93.89,314,312
93.9,315,313
93.96,312,310
93.96,312,312
93.96,309,308
93.96,311,312
93.96,309,308
93.96,312,311
93.97,306,306
94.02,310,311
94.02,312,309
94.02,309,310
94.02,310,308
94.02,308,310
94.02,312,310
94.03,308,308
94.09,310,310
94.09,309,308
94.09,313,312
94.09,310,308
94.09,311,313
94.09,311,310
94.1,317,316
94.16,313,313
94.16,319,318
94.16,316,315
94.16,318,318
94.16,317,316
94.16,317,317
94.16,319,319
94.22,319,319
94.22,322,320
94.22,321,319
94.22,322,320
94.22,318,319
94.22,322,323
94.23,321,321
94.28,327,325
94.28,323,322
94.28,325,325
94.28,324,323
94.28,326,325
94.28,322,323
94.29,324,324
94.34,322,322
94.34,323,324
94.34,324,323
94.34,323,321
94.34,325,323
94.35,321,320
94.36,325,322
94.42,319,318
94.42,322,322
94.42,321,319
94.42,322,322
94.42,317,316
94.42,319,320
94.42,319,317
94.48,320,320
94.48,317,317
94.48,316,317
94.48,318,316
94.48,317,316
94.48,316,316
94.49,311,313
94.55,315,314
94.55,311,309
94.55,314,311
94.55,307,306
94.55,309,309
94.55,305,305
94.55,306,307
94.61,303,303
94.61,306,307
94.61,307,304
94.61,306,306
94.61,304,304
94.61,307,306
94.62,307,306
94.67,305,306
94.67,308,308
94.67,303,304
94.67,308,308
94.67,306,306
94.68,311,309
94.69,306,306
94.75,312,312
94.75,306,307
94.75,312,311
94.75,309,308
94.75,312,312
94.75,311,310
94.75,310,311
94.81,314,312
94.81,312,313
94.81,317,315
94.81,311,314
94.81,318,317
94.81,318,318
94.82,321,320
94.87,316,317
94.87,323,321
94.87,319,319
94.87,324,324
94.87,322,321
94.87,322,323
94.88,322,322
94.93,323,324
94.94,323,323
94.94,325,325
94.94,326,324
94.94,323,322
94.94,325,323
94.95,324,323
95.01,326,324
95.01,320,320
95.01,325,325
95.01,321,320
95.01,324,323
95.01,322,321
95.01,324,324
95.07,320,320
95.07,322,322
95.07,322,320
95.07,321,321
95.07,320,321
95.07,320,320
95.08,322,321
95.14,319,318
95.14,320,320
95.14,316,317
95.14,319,318
95.14,316,315
95.14,319,319
95.14,315,314
95.2,316,317
95.2,314,313
95.2,315,315
95.2,311,311
95.2,313,312
95.2,311,311
95.21,310,309
95.26,308,308
95.26,309,308
95.26,310,311
95.26,309,310
95.26,310,311
95.27,308,308
95.28,313,312
95.34,312,311
95.34,314,312
95.34,310,309
95.34,312,312
95.34,311,311
95.34,313,314
95.34,314,313
95.4,316,316
95.4,318,317
95.4,316,318
95.4,317,317
95.4,316,317
95.4,320,319
95.41,317,318
95.46,321,321
95.46,321,320
95.46,323,324
95.46,321,321
95.46,327,326
95.46,324,323
95.47,328,328
95.52,326,324
95.52,326,327
95.53,328,327
95.53,328,327
95.53,326,328
95.53,326,326
95.54,329,329
95.6,328,327
95.6,328,328
95.6,325,325
95.6,328,328
95.6,327,326
95.6,331,329
95.6,325,324
95.67,327,327
95.67,323,323
95.67,325,327
95.67,325,323
95.67,324,325
95.67,325,323
95.67,322,323
95.73,323,322
95.73,322,320
95.73,324,322
95.73,318,318
95.73,321,321
95.73,318,318
95.73,320,319
95.79,318,317
95.79,320,320
95.79,316,315
95.79,319,318
95.79,314,312
95.79,316,315
95.8,313,312
95.85,314,314
95.85,312,311
95.85,313,312
95.85,313,311
95.85,308,308
95.86,309,309
95.87,307,307
95.92,310,310
95.92,306,306
95.92,310,310
95.92,308,307
95.92,310,310
95.92,308,308
95.93,311,312
95.99,310,309
95.99,310,312
95.99,310,311
95.99,310,312
95.99,315,313
95.99,313,315
96.0,317,317
96.06,315,314
96.06,319,317
96.06,318,317
96.06,321,321
96.06,316,316
96.06,323,322
96.06,321,320
96.12,325,325
96.12,323,322
96.12,324,325
96.12,324,322
96.12,324,325
96.12,326,325
96.13,325,326
96.18,326,327
96.18,326,326
96.18,331,330
96.18,327,326
96.18,332,332
96.18,327,327
96.19,333,331
96.24,330,328
96.24,330,329
96.24,327,328
96.24,329,330
96.24,329,328
96.25,327,329
96.26,328,326
96.32,328,327
96.32,327,328
96.32,326,325
96.32,327,325
96.32,323,324
96.32,326,326
96.32,322,322
96.38,325,324
96.38,323,322
96.38,325,325
96.38,321,321
96.38,324,324
96.38,318,319
96.39,322,322
96.45,319,317
96.45,318,318
96.45,318,317
96.45,317,316
96.45,318,318
96.45,314,316
96.46,318,316
96.51,314,314
96.51,315,314
96.51,312,311
96.51,314,314
96.51,309,309
96.51,314,313
96.52,310,309
96.57,311,312
96.57,310,310
96.57,312,312
96.57,312,310
96.57,310,311
96.58,312,311
96.59,312,311
96.65,312,313
96.65,311,310
96.65,314,314
96.65,313,312
96.65,317,315
96.65,312,312
96.65,316,316
96.71,312,312
96.71,316,315
96.71,315,315
96.71,319,317
96.71,316,316
96.71,317,318
96.72,319,317
96.77,319,320
96.77,319,318
96.77,319,319
96.77,322,321
96.77,320,320
96.77,320,321
96.78,319,318
96.84,324,323
96.84,320,320
96.84,325,324
96.84,321,320
96.84,324,322
96.84,322,320
96.85,323,323
96.91,323,322
96.91,323,324
96.91,323,322
96.91,321,322
96.91,324,323
96.91,320,321
96.91,325,323
96.98,319,320
96.98,326,324
96.98,324,322
96.98,326,325
96.98,321,321
96.98,327,325
96.98,323,322
97.04,326,325
97.04,324,324
97.04,327,325
97.04,325,324
97.04,325,324
97.04,324,324
97.05,324,325
97.1,324,322
97.1,320,321
97.1,324,323
97.1,322,320
97.1,323,323
97.1,317,317
97.11,320,320
97.16,319,316
97.16,318,320
97.16,316,317
97.16,322,320
97.16,315,316
97.17,317,318
97.18,319,318
97.24,317,318
97.24,318,318
97.24,316,316
97.24,320,318
97.24,316,316
97.24,321,319
97.24,315,314
97.3,318,318
97.3,317,316
97.3,320,320
97.3,319,317
97.3,319,320
97.3,319,317
97.31,318,319
97.37,316,318
97.37,320,318
97.37,321,318
97.37,318,319
97.37,322,320
97.37,319,317
97.37,321,319
97.43,317,317
97.43,320,320
97.43,317,316
97.43,321,320
97.43,317,317
97.43,319,320
97.44,316,316
97.49,316,317
97.49,316,316
97.49,316,316
97.49,316,315
97.49,315,314
97.5,316,315
97.5,314,313
97.56,317,315
97.56,312,312
97.56,317,316
97.56,313,314
97.56,316,315
97.56,313,312
97.57,317,317
97.63,315,312
97.63,315,315
97.63,314,313
97.63,315,315
97.63,314,314
97.63,313,313
97.63,315,314
97.7,313,312
97.7,316,314
97.7,312,312
97.7,318,316
97.7,310,310
97.7,315,314
97.7,311,311
97.76,314,312
97.76,308,308
97.76,310,310
97.76,307,306
97.76,311,311
97.76,310,308
97.77,309,309
97.82,310,308
97.82,307,307
97.82,309,308
97.82,306,307
97.82,310,310
97.82,309,308
97.83,312,312
97.88,308,309
97.88,312,312
97.88,310,309
97.88,312,313
97.88,310,310
97.89,315,314
97.9,314,313
97.96,316,316
97.96,317,316
97.96,316,318
97.96,320,318
97.96,318,318
97.96,321,319
97.96,316,319
98.02,322,322
98.02,320,320
98.02,325,323
98.02,321,320
98.02,326,324
98.02,322,320
98.03,325,325
98.09,321,321
98.09,323,324
98.09,323,323
98.09,324,325
98.09,328,326
98.09,326,325
98.09,329,327
98.15,326,326
98.15,331,328
98.15,325,327
98.15,329,329
98.15,325,325
98.15,328,329
98.16,327,326
98.21,332,329
98.21,327,325
98.21,330,329
98.21,328,327
98.21,330,328
98.22,327,327
98.22,329,329
98.27,329,328
98.28,328,327
98.28,328,327
98.28,325,325
98.28,327,328
98.28,324,324
98.29,329,327
98.35,323,323
98.35,324,325
98.35,322,321
98.35,325,325
98.35,319,319
98.35,321,320
98.36,321,319
98.41,318,319
98.41,319,317
98.41,316,316
98.41,318,316
98.41,315,315
98.41,317,314
98.42,312,312
98.47,316,316
98.47,310,311
98.47,315,315
98.47,311,310
98.47,314,315
98.48,313,311
98.49,306,304
98.55,287,282
98.55,271,267
98.55,259,257
98.55,247,247
98.55,240,239
98.55,233,232
98.55,233,231
98.61,231,232
98.61,238,238
98.61,240,238
98.61,247,244
98.61,245,246
98.61,256,255
98.62,253,253
98.68,261,261
98.68,260,260
98.68,267,267
98.68,268,268
98.68,273,273
98.68,277,276
98.68,278,280
98.74,284,284
98.74,286,286
98.74,291,291
98.74,292,292
98.74,300,298
98.74,300,300
98.75,306,306
98.8,306,305
98.8,312,313
98.8,313,311
98.8,319,318
98.8,316,315
98.81,321,321
98.81,323,322
98.87,325,326
98.87,328,327
98.87,329,328
98.87,332,332
98.87,332,332
98.87,337,336
98.88,335,335
98.94,341,340
98.94,336,336
98.94,343,342
98.94,339,339
98.94,345,344
98.94,342,341
98.95,345,344
99.01,345,343
99.01,347,346
99.01,345,345
99.01,344,345
99.01,347,344
99.01,344,345
99.01,345,345
99.07,343,341
99.07,345,344
99.07,342,340
99.07,345,344
99.07,340,340
99.07,345,343
99.08,342,340
99.13,341,341
99.13,340,338
99.13,341,342
99.13,340,339
99.13,342,341
99.13,342,341
99.14,340,340
99.19,342,342
99.19,342,341
99.19,344,343
99.19,340,342
99.19,345,345
99.2,341,342
99.21,345,346
99.27,344,344
99.27,346,346
99.27,345,343
99.27,348,348
99.27,344,344
99.27,346,347
99.27,344,344
99.33,345,345
99.33,347,344
99.33,345,345
99.33,347,346
99.33,346,345
99.33,348,348
99.34,346,345
99.39,349,347
99.39,346,345
99.39,349,349
99.39,347,344
99.39,347,346
99.4,344,344
99.4,347,346
99.46,347,345
99.46,345,344
99.46,346,345
99.46,343,344
99.46,345,344
99.46,341,342
99.47,342,342
99.53,341,340
99.53,345,343
99.53,337,337
99.53,343,342
99.53,336,336
99.53,338,339
99.54,337,335
99.6,338,337
99.6,335,334
99.6,334,335
99.6,333,333
99.6,332,333
99.6,332,332
99.6,332,331
99.66,333,330
99.66,329,329
99.66,330,330
99.66,327,327
99.66,327,328
99.66,324,323
99.67,326,325
99.72,321,321
99.72,322,322
99.72,319,319
99.72,320,320
99.72,318,316
99.72,317,316
99.73,315,314
99.78,315,313
99.78,314,312
99.78,312,312
99.78,312,312
99.78,311,311
99.79,312,313
99.8,312,311
99.86,315,314
99.86,312,311
99.86,315,314
99.86,313,311
99.86,316,315
99.86,313,312
99.86,315,314
99.92,315,313
99.92,312,313
99.92,316,316
99.92,318,316
99.92,319,317
99.92,316,316
99.93,316,317
99.99,316,317
99.99,320,320
99.99,319,318
99.99,323,322
99.99,319,318
99.99,322,322
99.99,320,318
100.05,320,321
100.05,318,319
100.05,322,322
100.05,323,321
100.05,318,320
100.05,323,322
100.06,322,323
100.11,325,325
100.11,321,322
100.11,326,324
100.11,321,321
100.11,325,326
100.12,323,322
100.13,325,325
100.19,323,322
100.19,323,324
100.19,323,322
100.19,326,324
100.19,321,320
100.19,323,322
100.19,322,321
100.25,320,320
100.25,322,322
100.25,320,320
100.25,324,322
100.25,317,318
100.25,323,322
100.26,318,318
100.32,322,323
100.32,318,318
100.32,322,322
100.32,317,317
100.32,319,320
100.32,319,317
100.32,317,318
100.38,317,315
100.38,315,314
100.38,314,314
100.38,313,312
100.38,316,314
100.38,311,310
100.39,314,313
100.44,307,308
100.44,311,310
100.44,306,306
100.44,310,311
100.44,307,306
100.44,311,311
100.45,308,307
100.52,312,310
100.52,311,309
100.52,311,311
100.52,312,310
100.52,310,310
100.52,313,312
100.52,310,311
100.58,312,313
100.58,313,311
100.58,315,314
100.58,312,312
100.58,316,316
100.58,314,313
100.58,317,317
100.64,315,315
100.64,317,318
100.64,319,316
100.64,320,319
100.64,319,318
100.64,319,319
100.65,322,320
100.71,320,319
100.71,321,320
100.71,319,318
100.71,325,322
100.71,320,318
100.71,324,323
100.71,318,319
100.77,323,323
100.77,321,320
100.77,324,324
100.77,320,320
100.77,325,324
100.77,321,320
100.78,319,319
100.79,321,320
100.8,319,318
100.81,318,319
100.86,318,317
100.86,320,319
100.86,315,315
100.86,320,319
100.86,316,315
100.87,317,317
100.87,313,313
100.94,315,315
100.94,312,311
100.94,312,314
100.94,312,310
100.94,314,314
100.94,310,309
100.94,309,308
101.0,308,308
101.0,307,306
101.0,308,307
101.0,306,304
101.0,308,308
101.0,304,305
101.01,308,307
101.06,301,303
101.06,306,305
101.06,301,300
101.06,303,302
101.06,299,300
101.06,302,303
101.07,302,301
101.12,301,301
101.12,300,300
101.12,300,301
101.12,303,301
101.12,300,300
101.13,302,301
101.14,300,300
101.19,305,303
101.19,301,300
101.19,307,306
101.19,302,302
101.19,309,308
101.19,303,303
101.2,309,307
101.26,307,306
101.26,310,310
101.26,312,310
101.26,311,311
101.26,311,311
101.26,310,311
101.27,315,313
101.33,310,312
101.33,317,316
101.33,314,312
101.33,318,317
101.33,314,315
101.33,317,318
101.33,318,316
101.39,320,320
101.39,319,318
101.39,320,320
101.39,320,318
101.39,321,320
101.39,319,318
101.4,321,320
101.45,322,320
101.45,317,319
101.45,323,321
101.45,319,318
101.45,324,321
101.46,319,318
101.46,323,322
101.52,317,317
101.52,322,320
101.52,319,317
101.52,321,320
101.52,318,317
101.52,322,320
101.53,318,318
101.59,319,318
101.59,319,317
101.59,314,316
101.59,318,318
101.59,318,317
101.59,319,317
101.6,314,314
101.66,319,317
101.66,313,312
101.66,317,317
101.66,313,312
101.66,315,314
101.66,312,311
101.66,312,313
101.72,310,309
101.72,310,310
101.72,308,309
101.72,307,305
101.72,308,306
101.72,305,305
101.73,307,306
101.78,302,304
101.78,307,306
101.78,302,302
101.78,306,306
101.78,301,301
101.78,308,307
101.79,305,304
101.84,307,308
101.84,306,306
101.84,309,309
101.84,308,309
101.84,312,312
101.85,310,310
101.86,311,311
101.92,314,314
101.92,315,314
101.92,316,315
101.92,314,314
101.92,319,317
101.92,315,315
101.92,320,319
101.98,317,316
101.98,319,320
101.98,318,317
101.98,323,323
101.98,321,319
101.98,322,322
101.99,324,323
102.05,322,323
102.05,325,323
102.05,322,323
102.05,324,324
102.05,323,322
102.05,327,326
102.05,322,322
102.11,326,326
102.11,322,322
102.11,326,327
102.11,324,322
102.11,324,324
102.11,325,322
102.12,324,324
102.17,325,322
102.17,325,324
102.17,325,323
102.17,323,322
102.17,324,322
102.18,323,322
102.19,324,322
102.25,320,320
102.25,324,322
102.25,317,318
102.25,322,321
102.25,317,315
102.25,318,318
102.25,315,314
102.31,317,316
102.31,315,313
102.31,316,316
102.31,314,313
102.31,313,312
102.31,314,313
102.32,311,311
102.37,313,311
102.37,311,309
102.37,311,310
102.37,306,308
102.37,310,309
102.37,305,305
102.38,308,308
102.44,304,304
102.44,309,308
102.44,307,306
102.44,309,308
102.44,308,307
102.44,306,307
102.45,308,307
102.5,308,308
102.5,311,308
102.5,308,308
102.5,314,312
102.5,310,309
102.5,311,312
102.51,313,311
102.58,314,314
102.58,313,311
102.58,316,316
102.58,296,291
102.58,283,282
102.58,281,279
102.58,279,278
102.64,277,276
102.64,276,276
102.64,276,276
102.64,276,277
102.64,288,286
102.64,287,288
102.64,297,296
102.7,294,296
102.7,300,301
102.7,301,300
102.7,306,306
102.7,304,304
102.7,307,308
102.71,309,307
102.76,310,312
102.76,313,313
102.76,315,316
102.76,316,316
102.76,320,319
102.77,321,320
102.78,321,321
102.83,323,322
102.83,323,321
102.83,326,326
102.83,323,322
102.83,330,327
102.83,325,324
102.84,327,328
102.9,325,325
102.9,326,328
102.9,329,327
102.9,330,329
102.9,328,326
102.9,327,328
102.91,329,326
102.97,325,326
102.97,329,327
102.97,326,326
102.97,327,327
102.97,323,324
102.97,328,327
102.97,322,322
103.03,324,324
103.03,322,322
103.03,324,322
103.03,319,317
103.03,322,320
103.03,319,317
103.04,318,318
103.09,320,319
103.09,319,319
103.09,319,318
103.09,317,318
103.09,321,320
103.09,317,316
103.1,321,320
103.15,318,317
103.15,320,320
103.15,317,317
103.15,321,321
103.15,318,318
103.16,322,322
103.17,322,320
103.23,323,321
103.23,320,320
103.23,324,323
103.23,324,324
103.23,323,323
103.23,325,324
103.23,323,323
103.3,326,325
103.3,325,324
103.3,326,326
103.3,321,323
103.3,327,327
103.3,325,323
103.3,329,326
103.36,324,323
103.36,326,326
103.36,322,323
103.36,324,324
103.36,325,323
103.36,322,323
103.36,323,322
103.42,323,322
103.42,324,323
103.42,322,321
103.42,327,324
103.42,321,321
103.42,326,324
103.43,320,320
103.48,322,322
103.48,319,319
103.48,323,321
103.48,316,317
103.48,320,320
103.49,318,317
103.5,319,319
103.56,319,318
103.56,317,318
103.56,318,317
103.56,316,316
103.56,316,316
103.56,315,313
103.56,317,316
103.62,312,312
103.62,317,316
103.62,313,312
103.62,315,315
103.62,310,309
103.62,311,311
103.63,309,309
103.68,312,312
103.68,308,309
103.68,308,309
103.68,311,310
103.68,309,308
103.68,311,310
103.69,309,310
103.74,311,312
103.74,306,308
103.74,311,311
103.74,308,308
103.74,315,314
103.75,312,310
103.76,315,314
103.82,312,312
103.82,315,316
103.82,315,313
103.82,316,314
103.82,315,314
103.82,314,316
103.82,317,316
103.88,315,315
103.88,319,318
103.88,317,316
103.88,321,320
103.88,317,318
103.88,323,321
103.89,321,319
103.95,323,322
103.95,322,321
103.95,325,324
103.95,321,320
103.95,324,324
103.95,326,323
103.95,325,324
104.01,326,325
104.01,324,324
104.01,327,326
104.01,325,324
104.01,328,326
104.01,323,324
104.02,326,326
104.07,322,322
104.07,326,327
104.07,324,323
104.07,327,325
104.07,324,322
104.08,326,326
104.09,326,323
104.15,326,326
104.15,327,325
104.15,325,324
104.15,324,324
104.15,324,323
104.15,325,324
104.15,320,322
104.21,324,324
104.21,321,321
104.21,322,322
104.21,319,318
104.21,322,321
104.21,318,316
104.22,319,320
104.27,319,317
104.27,316,317
104.27,317,315
104.27,317,316
104.27,316,314
104.27,313,314
104.28,315,315
104.33,313,313
104.33,318,316
104.33,312,312
104.33,317,315
104.33,310,310
104.34,314,315
104.35,310,310
104.41,314,314
104.41,310,310
104.41,316,315
104.41,313,313
104.41,315,314
104.41,316,315
104.41,316,316
104.47,318,316
104.47,316,317
104.47,319,318
104.47,315,315
104.47,318,318
104.47,316,317
104.48,323,321
104.54,319,318
104.54,321,322
104.54,321,321
104.54,325,324
104.54,320,320
104.54,323,322
104.54,321,321
104.6,323,323
104.6,323,323
104.6,323,322
104.6,323,320
104.6,321,320
104.6,323,321
104.61,321,320
104.66,323,322
104.66,319,319
104.66,322,322
104.66,320,318
104.66,321,322
104.67,318,318
104.68,322,320
104.73,318,317
104.73,317,318
104.73,317,317
104.73,317,316
104.73,317,316
104.73,315,315
104.74,319,317
104.8,315,314
104.8,317,316
104.8,311,312
104.8,315,314
104.8,310,311
104.8,316,315
104.81,312,312
104.87,315,314
104.87,308,307
104.87,295,291
104.87,273,270
104.87,260,259
104.87,248,247
104.87,237,238
104.93,233,230
104.93,223,224
104.93,226,226
104.93,228,227
104.93,231,232
104.93,231,231
104.94,236,237
104.99,237,237
104.99,244,244
104.99,243,242
104.99,249,248
104.99,249,248
105.0,256,255
105.0,256,256
105.05,259,260
105.05,263,264
105.05,266,267
105.05,274,272
105.05,273,274
105.06,280,281
105.07,281,282
105.13,288,289
105.13,287,289
105.13,299,298
105.13,295,297
105.13,304,303
105.13,304,304
105.13,308,310
105.2,313,312
105.2,316,316
105.2,319,318
105.2,320,320
105.2,325,325
105.2,326,325
105.2,329,330
105.26,330,332
105.26,336,334
105.26,334,334
105.26,338,339
105.26,339,337
105.26,342,341
105.27,340,339
105.32,344,344
105.32,343,342
105.32,344,345
105.32,346,344
105.32,347,347
105.32,350,348
105.33,349,348
105.38,351,351
105.38,350,349
105.38,351,350
105.38,347,347
105.38,354,353
105.39,349,349
105.4,353,353
105.46,348,349
105.46,352,353
105.46,350,348
105.46,349,351
105.46,348,347
105.46,348,348
105.46,352,348
105.52,348,347
105.52,349,348
105.52,348,347
105.52,347,346
105.52,345,344
105.52,349,346
105.53,341,341
105.58,347,345
105.58,340,340
105.58,341,342
105.58,337,338
105.58,342,341
105.58,340,337
105.59,341,341
105.65,339,337
105.65,336,337
105.65,337,337
105.65,336,335
105.65,337,336
105.65,335,335
105.66,337,338
105.72,336,335
105.72,338,338
105.72,334,335
105.72,338,339
105.72,336,336
105.72,340,339
105.72,335,335
105.79,338,339
105.79,339,336
105.79,337,338
105.79,339,336
105.79,337,338
105.79,341,339
105.79,338,339
105.85,340,340
105.85,338,337
105.85,340,340
105.85,340,338
105.85,344,342
105.85,339,337
105.86,338,338
105.91,338,337
105.91,339,339
105.91,336,336
105.91,335,336
105.91,336,336
105.91,336,336
105.92,335,335
105.97,333,334
105.97,336,335
105.97,333,333
105.97,336,335
105.97,331,330
105.98,334,334
105.99,329,329
106.05,332,332
106.05,329,328
106.05,332,332
106.05,328,327
106.05,331,330
106.05,328,326
106.05,328,328
106.11,327,325
106.11,325,325
106.11,326,326
106.11,325,324
106.11,325,323
106.11,321,321
106.12,325,324
106.17,320,319
106.18,322,321
106.18,319,317
106.18,320,319
106.18,316,314
106.18,319,318
106.18,314,313
106.24,315,315
106.24,313,312
106.24,310,312
106.24,310,308
106.24,308,309
106.24,309,309
106.25,307,308
106.3,310,309
106.3,304,305
106.3,311,310
106.3,307,306
106.3,312,310
106.31,308,307
106.31,310,311
106.38,307,308
106.38,311,312
106.38,309,309
106.38,310,312
106.38,312,311
106.38,313,313
106.38,314,313
106.44,310,312
106.44,314,314
106.44,314,312
106.44,317,316
106.44,312,313
106.44,318,317
106.45,315,313
106.5,321,319
106.5,316,315
106.5,320,320
106.5,317,318
106.5,320,321
106.5,319,318
106.51,319,320
106.56,321,319
106.56,320,320
106.56,321,320
106.56,318,318
106.56,322,320
106.57,320,320
106.58,322,321
106.63,319,318
106.63,321,320
106.63,317,318
106.63,322,322
106.63,319,318
106.63,322,320
106.64,319,319
106.71,322,320
106.71,319,317
106.71,320,320
106.71,320,320
106.71,319,318
106.71,318,318
106.71,317,318
106.77,320,318
106.77,317,316
106.77,320,319
106.77,314,316
106.77,318,319
106.77,315,314
106.77,318,318
106.83,314,314
106.83,317,317
106.83,315,313
106.83,314,314
106.83,316,314
106.83,314,314
106.84,315,313
106.89,313,314
106.89,312,312
106.89,311,310
106.89,313,312
106.89,308,308
106.9,312,312
106.9,310,308
106.95,308,309
106.95,309,308
106.95,309,309
106.95,308,308
106.95,310,310
106.96,309,308
106.97,308,309
107.03,310,308
107.03,310,309
107.03,314,312
107.03,310,310
107.03,314,314
107.03,312,311
107.03,316,314
107.1,310,310
107.1,317,316
107.1,312,312
107.1,317,318
107.1,315,315
107.1,316,316
107.1,318,316
107.16,316,317
107.16,319,318
107.16,318,318
107.16,319,318
107.16,320,320
107.16,325,323
107.17,320,320
107.22,324,323
107.22,322,322
107.22,327,326
107.22,321,321
107.22,325,325
107.22,325,323
107.23,328,326
107.28,324,323
107.28,325,326
107.28,324,324
107.28,324,326
107.28,325,324
107.29,325,325
107.3,328,326
107.35,325,324
107.35,325,325
107.35,325,323
107.35,329,327
107.35,324,324
107.35,327,327
107.36,324,323
107.42,326,326
107.42,326,323
107.42,327,326
107.42,326,324
107.42,325,325
107.42,324,324
107.43,322,323
107.49,324,322
107.49,321,321
107.49,325,324
107.49,320,321
107.49,324,323
107.49,320,321
107.49,322,322
107.55,319,318
107.55,321,321
107.55,317,316
107.55,320,320
107.55,319,316
107.55,319,318
107.56,317,316
107.61,314,314
107.61,316,314
107.61,314,314
107.61,314,312
107.61,311,312
107.62,313,313
107.62,310,311
107.69,314,313
107.69,311,310
107.69,313,314
107.69,310,310
107.69,312,312
107.69,313,312
107.69,312,313
107.75,313,312
107.75,313,314
107.75,313,312
107.75,314,314
107.75,315,313
107.75,313,313
107.76,315,315
107.81,314,314
107.81,319,317
107.81,317,315
107.81,320,319
107.81,314,316
107.81,322,322
107.82,318,319
107.87,321,321
107.87,321,319
107.87,322,322
107.87,324,322
107.87,321,322
107.88,324,322
107.89,321,321
107.94,325,323
107.94,323,322
107.94,326,326
107.94,323,322
107.94,327,326
107.94,325,323
107.95,328,327
108.02,324,324
108.02,326,328
108.02,324,324
108.02,328,328
108.02,325,323
108.02,326,327
108.02,326,325
108.08,324,325
108.08,327,324
108.08,325,325
108.08,328,325
108.08,323,323
108.08,326,324
108.08,322,322
108.14,325,325
108.14,321,321
108.14,326,325
108.14,320,320
108.14,324,325
108.14,321,320
108.15,323,323
108.2,322,320
108.2,322,320
108.2,320,320
108.2,318,318
108.2,321,319
108.21,317,318
108.21,320,318
108.28,315,313
108.28,319,318
108.28,313,312
108.28,318,316
108.28,313,312
108.28,317,317
108.28,313,312
108.34,316,315
108.34,316,313
108.34,315,315
108.34,316,314
108.34,314,315
108.34,315,315
108.35,314,315
108.4,319,318
108.4,317,316
108.4,318,318
108.4,317,316
108.4,320,320
108.4,318,316
108.42,321,320
108.42,318,318
108.43,320,320
108.44,317,318
108.5,322,322
108.5,321,320
108.5,320,321
108.5,322,322
108.5,323,322
108.5,324,323
108.51,320,321
108.56,323,323
108.56,321,322
108.56,325,325
108.56,320,321
108.56,327,325
108.56,322,322
108.57,324,326
108.62,323,323
108.62,326,326
108.62,323,323
108.62,327,326
108.62,324,323
108.63,324,324
108.64,326,324
108.7,321,322
108.7,323,323
108.7,321,322
108.7,326,325
108.7,319,320
108.7,327,326
108.7,322,322
108.76,324,325
108.76,320,320
108.76,323,323
108.76,323,320
108.76,323,323
108.76,322,321
108.77,321,321
108.82,319,318
108.82,320,319
108.82,321,319
108.82,318,318
108.82,320,319
108.82,316,315
108.83,320,318
108.89,314,314
108.89,319,318
108.89,314,313
108.89,315,315
108.89,311,311
108.89,314,314
108.9,312,311
108.95,311,312
108.95,312,310
108.95,314,312
108.95,315,312
108.95,311,310
108.96,313,312
108.96,310,309
109.03,312,312
109.03,308,309
109.03,315,313
109.03,310,310
109.03,314,314
109.03,310,312
109.03,318,318
109.09,316,314
109.09,317,316
109.09,316,316
109.09,316,316
109.09,317,317
109.09,318,318
109.1,318,317
109.15,317,318
109.15,323,320
109.15,317,318
109.15,323,321
109.15,319,318
109.15,324,323
109.16,319,319
109.22,322,322
109.22,321,320
109.22,326,324
109.22,323,320
109.22,323,323
109.22,324,322
109.23,322,323
109.28,325,322
109.28,322,323
109.28,325,325
109.28,323,322
109.28,325,324
109.28,320,320
109.29,325,324
109.34,320,320
109.34,324,324
109.34,319,319
109.34,323,322
109.34,320,320
109.35,324,323
109.36,322,320
109.42,323,322
109.42,322,321
109.42,322,322
109.42,323,321
109.42,318,318
109.42,323,321
109.42,319,318
109.48,320,321
109.48,318,317
109.48,321,320
109.48,317,316
109.48,318,318
109.48,316,315
109.49,317,317
109.54,316,315
109.54,316,316
109.54,315,315
109.54,314,315
109.54,314,313
109.55,314,314
109.55,314,314
109.61,313,313
109.61,315,315
109.61,314,312
109.61,317,316
109.61,314,314
109.61,317,318
109.62,316,314
109.68,318,318
109.68,316,316
109.68,318,320
109.68,316,316
109.68,319,318
109.68,319,318
109.68,319,319
109.75,322,321
109.75,321,319
109.75,321,320
109.75,321,320
109.75,322,323
109.75,320,321
109.75,325,324
109.81,320,321
109.81,325,326
109.81,320,322
109.81,326,325
109.81,322,322
109.81,327,327
109.82,327,325
109.87,326,327
109.87,328,326
109.87,324,325
109.87,328,326
109.87,325,324
109.87,326,324
109.88,324,324
109.93,329,327
109.93,323,323
109.93,328,327
109.93,323,322
109.93,326,326
109.94,322,322
109.95,324,324
110.01,321,320
110.01,320,321
110.01,320,320
110.01,323,322
110.01,321,321
110.01,321,320
110.01,323,322
110.07,318,319
110.07,323,322
110.07,319,317
110.07,320,321
110.07,316,315
110.07,320,320
110.08,314,314
110.14,318,318
110.14,315,313
110.14,314,316
110.14,315,313
110.14,315,314
110.14,312,312
110.14,312,312
110.2,314,312
110.2,309,309
110.2,313,312
110.2,310,308
110.2,312,310
110.2,308,308
110.21,311,312
110.26,307,306
110.26,312,311
110.26,305,305
110.26,309,309
110.26,307,307
110.27,309,309
110.27,309,307
110.33,307,308
110.33,309,308
110.33,309,308
110.33,310,310
110.33,308,309
110.33,314,312
110.34,308,309
110.4,313,313
110.4,309,309
110.4,314,314
110.4,310,310
110.4,317,316
110.4,314,312
110.41,316,316
110.47,315,314
110.47,316,317
110.47,317,316
110.47,318,318
110.47,318,318
110.47,315,316
110.47,320,320
110.53,315,316
110.53,320,320
110.53,319,318
110.53,324,322
110.53,319,319
110.53,325,324
110.54,320,321
110.59,325,324
110.59,322,322
110.59,323,324
110.59,321,321
110.59,323,323
110.59,323,322
110.6,321,322
110.66,324,322
110.66,320,322
110.66,326,324
110.66,320,320
110.66,324,324
110.66,321,319
110.67,324,324
110.72,321,320
110.72,323,323
110.72,320,320
110.72,323,322
110.72,320,318
110.73,321,320
110.73,321,318
110.8,318,318
110.8,319,318
110.8,318,317
110.8,317,318
110.8,315,316
110.8,319,317
110.8,315,314
110.86,318,317
110.86,311,312
110.86,317,317
110.86,310,310
110.86,315,315
110.86,312,312
110.86,315,315
110.92,312,312
110.92,314,314
110.92,315,312
110.92,312,314
110.92,318,316
110.92,314,313
110.93,317,316
110.98,314,314
110.98,317,317
110.98,315,314
110.98,319,319
110.98,318,317
110.99,321,320
111.0,319,318
111.05,323,322
111.05,320,320
111.05,322,324
111.05,323,321
111.05,325,324
111.05,323,322
111.06,323,323
111.11,325,324
111.11,323,322
111.11,328,327
111.11,321,323
111.11,329,328
111.12,320,320
111.13,327,328
111.19,322,321
111.19,329,327
111.19,318,319
111.19,328,328
111.19,321,320
111.19,327,327
111.19,324,322
111.25,327,327
111.25,326,322
111.25,322,323
111.25,325,323
111.25,323,322
111.25,326,326
111.26,321,321
111.31,326,326
111.31,319,318
111.31,328,326
111.31,317,316
111.31,326,325
111.31,319,317
111.32,322,324
111.37,318,317
111.37,323,322
111.37,317,316
111.37,321,321
111.37,320,317
111.38,317,318
111.39,319,317
111.44,314,313
111.44,320,318
111.44,312,312
111.44,321,320
111.44,309,310
111.45,319,319
111.45,310,310
111.51,316,316
111.51,309,309
111.51,316,316
111.51,309,308
111.51,316,315
111.51,310,309
111.52,312,312
111.57,315,312
111.57,311,311
111.57,315,314
111.57,310,311
111.57,317,316
111.58,308,309
111.59,317,318
111.64,308,308
111.64,318,317
111.64,310,309
111.64,319,317
111.64,313,310
111.64,317,317
111.65,314,313
111.7,317,318
111.7,318,316
111.7,316,317
111.7,320,319
111.7,318,316
111.71,323,321
111.72,308,306
111.77,295,294
111.77,275,274
111.77,270,271
111.77,255,253
111.77,257,255
111.77,243,239
111.78,244,245
111.84,239,239
111.84,247,248
111.84,249,247
111.84,250,253
111.84,258,256
111.84,257,257
111.85,264,263
111.9,261,262
111.9,274,272
111.9,268,268
111.9,280,279
111.9,273,274
111.9,286,286
111.91,280,281
111.97,290,290
111.97,289,287
111.97,295,296
111.97,294,294
111.97,298,302
111.97,305,303
111.98,305,304
112.03,311,309
112.03,308,310
112.03,318,316
112.03,314,314
112.03,323,324
112.04,319,318
112.04,330,329
112.11,322,322
112.11,333,332
112.11,326,327
112.11,336,335
112.11,331,329
112.11,334,336
112.11,332,330
112.17,335,334
112.17,335,333
112.17,331,333
112.17,339,336
112.17,333,333
112.17,339,338
112.18,333,334
112.23,343,341
112.23,334,334
112.23,344,343
112.23,336,335
112.23,346,344
112.23,336,336
112.24,343,344
112.29,338,338
112.29,342,342
112.29,344,342
112.29,340,343
112.29,346,345
112.3,341,342
112.31,346,345
112.37,341,341
112.37,349,348
112.37,340,340
112.37,350,350
112.37,343,342
112.37,349,348
112.37,342,341
112.43,348,349
112.43,343,341
112.43,347,348
112.43,347,344
112.43,347,347
112.43,347,346
112.44,344,345
112.49,349,347
112.49,341,342
112.49,350,347
112.49,341,341
112.49,351,350
112.49,342,341
112.5,348,349
112.56,341,341
112.56,349,349
112.56,341,340
112.56,345,346
112.56,340,340
112.56,343,344
112.57,343,342
112.62,341,342
112.62,345,343
112.62,338,340
112.62,343,343
112.62,335,336
112.63,343,343
112.63,334,335
112.7,343,342
112.7,332,334
112.7,340,340
112.7,334,332
112.7,339,338
112.7,332,331
112.7,338,337
112.76,332,330
112.76,332,333
112.76,333,332
112.76,330,330
112.76,332,332
112.76,325,326
112.76,334,333
112.82,326,324
112.82,329,330
112.82,325,324
112.82,325,325
112.82,324,322
112.82,325,323
112.83,323,321
112.89,321,320
112.89,320,319
112.89,318,317
112.89,320,319
112.89,317,317
112.89,320,319
112.9,315,315
112.95,321,320
112.95,316,316
112.95,318,319
112.95,316,316
112.95,318,319
112.95,319,317
112.96,319,319
113.03,318,316
113.03,317,318
113.03,318,318
113.03,318,317
113.03,320,320
113.03,317,318
113.03,322,320
113.09,317,318
113.09,320,320
113.09,319,318
113.09,322,322
113.09,318,318
113.09,324,322
113.09,320,319
113.15,322,322
113.15,323,321
113.15,323,322
113.15,324,323
113.15,323,322
113.15,322,323
113.16,323,323
113.21,324,324
113.21,321,322
113.21,326,325
113.21,324,324
113.21,327,327
113.22,321,321
113.22,324,324
113.27,322,321
113.27,326,324
113.27,323,321
113.27,325,324
113.27,323,322
113.28,322,323
113.29,326,323
113.46,320,321
113.46,323,322
113.46,318,320
113.46,322,323
113.46,317,317
113.46,320,320
113.46,318,316
113.46,323,321
113.46,317,314
113.46,319,319
113.46,315,313
113.46,315,315
113.46,314,313
113.46,315,315
113.46,313,312
113.46,313,311
113.46,313,311
113.46,311,310
113.47,313,312
113.48,308,309
113.49,314,312
113.54,307,306
113.54,309,310
113.54,304,304
113.54,310,310
113.54,304,304
113.54,309,308
113.55,306,304
113.61,307,308
113.61,306,305
113.61,307,307
113.61,307,307
113.61,307,307
113.61,311,310
113.62,308,308
113.68,310,310
113.68,309,307
113.68,313,311
113.68,308,308
113.68,312,312
113.68,310,309
113.68,315,314
113.74,310,311
113.74,313,313
113.74,311,311
113.74,314,314
113.74,313,312
113.74,313,314
113.75,316,315
113.8,314,314
113.8,316,315
113.8,312,314
113.8,319,317
113.8,315,315
113.81,321,320
113.81,315,314
113.87,318,319
113.87,317,316
113.87,318,320
113.87,321,319
113.87,322,321
113.87,319,319
113.88,321,320
113.94,320,320
113.94,319,320
113.94,323,321
113.94,317,318
113.94,322,321
113.94,319,318
113.94,321,321
114.0,319,317
114.01,320,320
114.01,316,316
114.01,319,319
114.01,318,315
114.01,320,320
114.01,319,317
114.07,319,318
114.07,316,317
114.07,319,317
114.07,319,318
114.07,318,316
114.07,317,316
114.08,314,314
114.13,319,317
114.13,315,313
114.13,318,316
114.13,310,312
114.13,317,316
114.13,312,311
114.14,315,315
114.19,311,311
114.19,312,312
114.19,310,309
114.19,311,310
114.19,310,308
114.2,309,308
114.21,309,309
114.26,306,305
114.26,309,308
114.26,304,305
114.26,310,310
114.26,305,305
114.26,308,309
114.27,306,306
114.33,310,311
114.33,308,307
114.33,311,310
114.33,311,309
114.33,313,312
114.33,313,311
114.34,313,311
114.4,314,314
114.4,310,312
114.4,316,315
114.4,311,313
114.4,319,317
114.4,313,313
114.4,318,318
114.46,316,314
114.46,319,319
114.46,317,316
114.46,321,320
114.46,316,315
114.46,319,320
114.47,319,318
114.52,318,320
114.52,321,320
114.52,317,319
114.52,322,322
114.52,319,320
114.53,324,322
114.53,320,320
114.6,325,324
114.6,319,319
114.6,325,324
114.6,322,321
114.6,325,324
114.6,321,321
114.6,324,324
114.66,322,322
114.66,326,325
114.66,325,323
114.66,323,324
114.66,327,325
114.66,324,324
114.67,325,325
114.72,323,322
114.72,326,325
114.72,320,320
114.72,327,326
114.72,321,321
114.72,326,324
114.73,321,321
114.78,323,323
114.78,320,320
114.78,323,322
114.78,322,320
114.78,322,322
114.79,322,321
114.8,319,320
114.86,321,320
114.86,317,318
114.86,322,320
114.86,317,316
114.86,321,321
114.86,316,316
114.86,322,320
114.92,317,315
114.92,320,320
114.92,317,316
114.92,318,318
114.92,316,315
114.92,316,316
114.93,317,317
114.99,316,316
114.99,316,316
114.99,316,316
114.99,317,317
114.99,315,316
114.99,320,319
114.99,317,315
115.05,322,320
115.05,315,316
115.05,320,320
115.05,316,316
115.05,318,319
115.05,317,316
115.06,320,320
115.11,320,319
115.11,318,320
115.11,322,320
115.11,321,320
115.11,323,321
115.12,319,319
115.12,323,321
115.18,320,319
115.18,322,323
115.18,318,318
115.18,325,323
115.18,321,320
115.18,326,324
115.19,322,320
115.25,326,324
115.25,321,321
115.25,326,325
115.25,324,322
115.25,323,324
115.25,324,324
115.26,323,323
115.32,325,324
115.32,323,322
115.32,327,325
115.32,321,321
115.32,326,324
115.32,318,320
115.32,324,324
115.38,320,320
115.38,324,324
115.38,320,319
115.38,326,324
115.38,320,320
115.38,320,320
115.39,321,320
115.44,320,319
115.44,321,321
115.44,319,317
115.44,321,321
115.44,317,317
115.44,321,321
115.45,315,316
115.5,321,320
115.5,314,315
115.5,319,318
115.5,317,315
115.5,318,318
115.51,316,315
115.52,317,317
115.58,316,315
115.58,317,315
115.58,317,315
115.58,311,313
115.58,315,314
115.58,312,312
115.58,316,314
115.64,310,311
115.64,314,315
115.64,312,311
115.64,318,316
115.64,313,312
115.64,317,318
115.65,313,312
115.7,316,316
115.7,313,313
115.7,316,316
115.7,317,315
115.71,315,315
115.71,317,316
115.71,314,315
115.77,321,318
115.77,315,316
115.77,321,320
115.77,318,316
115.77,321,320
115.77,317,317
115.78,321,321
115.83,319,317
115.83,323,321
115.83,320,319
115.83,323,323
115.83,324,321
115.84,322,322
115.84,325,324
115.91,320,320
115.91,324,324
115.91,322,322
115.91,325,324
115.91,321,320
115.91,324,326
115.91,320,321
115.97,324,325
115.97,321,320
115.97,325,325
115.97,320,320
115.97,322,323
115.97,321,320
115.98,322,322
115.99,322,321
116.0,323,323
116.0,322,322
116.06,320,321
116.06,323,322
116.06,320,320
116.06,323,324
116.06,320,319
116.06,323,323
116.07,318,318
116.13,322,322
116.13,319,317
116.13,323,322
116.13,322,319
116.13,321,320
116.13,318,318
116.14,319,319
116.19,319,317
116.19,317,316
116.19,319,317
116.19,314,315
116.19,318,318
116.19,315,313
116.2,319,317
116.27,313,312
116.27,314,316
116.27,312,311
116.27,313,313
116.27,310,309
116.27,312,311
116.27,310,308
116.33,310,310
116.33,309,308
116.33,310,309
116.33,310,308
116.33,304,305
116.33,311,310
116.33,305,306
116.39,313,311
116.39,306,307
116.39,313,312
116.39,309,309
116.39,312,312
116.39,311,309
116.4,311,313
116.45,312,311
116.45,313,314
116.45,315,314
116.45,315,314
116.45,317,315
116.46,313,312
116.46,316,316
116.51,313,312
116.51,316,317
116.51,315,314
116.52,319,319
116.52,314,314
116.52,321,320
116.53,316,315
116.59,320,321
116.59,318,317
116.59,321,320
116.59,320,320
116.59,320,320
116.59,319,319
116.59,321,320
116.66,320,320
116.66,320,321
116.66,322,323
116.66,320,320
116.66,325,324
116.66,321,321
116.66,324,325
116.72,320,320
116.72,324,323
116.72,318,318
116.72,320,322
116.72,320,320
116.72,318,320
116.73,319,317
116.78,318,319
116.78,320,318
116.78,317,317
116.78,318,319
116.78,317,316
116.78,320,318
116.79,317,314
116.84,319,318
116.84,315,314
116.84,318,317
116.84,313,311
116.84,313,314
116.85,312,311
116.86,312,312
116.92,309,308
116.92,310,307
116.92,305,304
116.92,300,300
116.92,300,299
116.92,297,296
116.92,297,297
116.98,293,292
116.98,294,294
116.98,288,288
116.98,293,292
116.98,286,285
116.98,289,290
116.99,285,285
117.04,288,288
117.04,286,284
117.04,288,288
117.04,286,285
117.04,288,288
117.04,289,287
117.05,288,288
117.11,292,290
117.11,288,288
117.11,293,291
117.11,290,289
117.11,294,292
117.11,289,289
117.12,294,294
117.18,294,291
117.18,297,296
117.18,294,293
117.18,296,298
117.18,297,297
117.18,299,300
117.18,298,298
117.24,302,301
117.24,304,304
117.24,303,303
117.24,306,305
117.24,305,304
117.24,308,308
117.25,305,304
117.31,310,310
117.31,309,309
117.31,312,312
117.31,309,308
117.31,315,315
117.31,313,313
117.32,316,315
117.37,318,315
117.37,316,317
117.37,318,317
117.37,317,318
117.37,321,319
117.37,317,317
117.38,321,320
117.43,319,318
117.43,321,322
117.43,318,318
117.43,322,323
117.43,318,318
117.44,323,322
117.45,322,320
117.51,323,322
117.51,322,319
117.51,320,321
117.51,322,320
117.51,321,320
117.51,321,319
117.51,317,318
117.57,323,320
117.57,315,316
117.57,321,320
117.57,314,315
117.57,320,319
117.57,313,314
117.58,318,317
117.63,313,312
117.63,316,316
117.63,312,310
117.63,314,313
117.63,310,308
117.63,310,308
117.64,308,308
117.7,307,308
117.7,308,308
117.7,305,306
117.7,307,308
117.7,307,305
117.7,310,309
117.71,307,305
117.76,310,310
117.76,308,306
117.76,312,311
117.76,308,308
117.76,311,312
117.77,310,310
117.77,314,314
117.84,313,312
117.84,313,314
117.84,313,314
117.84,314,314
117.84,319,317
117.84,316,314
117.84,320,320
117.9,317,317
117.9,322,322
117.9,318,318
117.9,324,324
117.9,321,319
117.9,323,323
117.91,321,320
117.96,322,324
117.96,323,322
117.96,325,325
117.96,325,324
117.96,324,325
117.96,325,325
117.97,322,323
118.03,328,327
118.03,325,324
118.03,329,328
118.03,325,324
118.03,330,328
118.03,326,324
118.04,329,328
118.09,328,326
118.09,330,329
118.09,326,326
118.09,329,328
118.09,325,325
118.09,329,328
118.1,328,328
118.17,327,327
118.17,328,328
118.17,326,326
118.17,328,328
118.17,326,325
118.17,330,328
118.17,326,324
118.23,330,328
118.23,325,324
118.23,328,327
118.23,324,323
118.23,326,326
118.23,324,322
118.23,324,324
118.29,324,324
118.29,323,323
118.29,325,324
118.29,320,322
118.29,324,323
118.29,323,320
118.3,323,322
118.35,318,319
118.35,322,322
118.35,319,318
118.35,321,321
118.35,319,317
118.36,322,321
118.36,317,316
118.41,316,316
118.41,317,316
118.41,319,318
118.41,318,318
118.41,316,317
118.42,317,318
118.43,317,317
118.49,319,318
118.49,315,315
118.49,319,318
118.49,313,314
118.49,319,319
118.49,315,314
118.5,317,318
118.55,316,315
118.55,321,321
118.55,320,318
118.55,320,320
118.55,321,319
118.55,320,321
118.56,323,322
118.62,319,321
118.62,326,324
118.62,322,321
118.62,326,326
118.62,323,322
118.62,329,327
118.63,324,324
118.68,328,328
118.68,325,324
118.68,326,326
118.68,323,323
118.68,326,328
118.68,326,324
118.69,326,326
118.74,330,327
118.74,325,326
118.74,327,327
118.74,325,326
118.74,328,329
118.75,326,324
118.76,329,329
118.82,324,324
118.82,327,327
118.82,324,324
118.82,326,326
118.82,322,321
118.82,324,325
118.82,323,323
118.88,323,323
118.88,322,321
118.88,324,323
118.88,325,323
118.88,320,320
118.88,324,323
118.89,319,319
118.95,320,320
118.95,317,316
118.95,321,320
118.95,315,315
118.95,309,307
118.95,284,282
118.95,273,272
119.01,258,254
119.01,249,247
119.01,241,237
119.01,233,232
119.01,229,227
119.01,226,227
119.02,233,232
119.07,232,232
119.07,238,238
119.07,238,236
119.07,244,244
119.07,240,240
119.08,250,250
119.08,248,249
119.15,257,256
119.15,255,255
119.15,260,261
119.15,263,262
119.15,267,268
119.15,269,269
119.15,272,273
119.21,278,278
119.21,281,281
119.21,287,288
119.21,287,286
119.21,295,295
119.21,294,294
119.22,302,303
119.27,301,301
119.27,310,309
119.27,311,309
119.27,315,314
119.27,313,313
119.27,318,319
119.28,322,321
119.34,321,322
119.34,327,326
119.34,326,328
119.34,331,331
119.34,328,330
119.34,336,336
119.35,333,333
119.4,339,339
119.4,335,336
119.4,342,341
119.4,340,339
119.4,346,344
119.4,344,343
119.41,349,349
119.48,347,345
119.48,349,348
119.48,350,350
119.48,351,349
119.48,352,352
119.48,350,349
119.48,354,351
119.54,351,350
119.54,353,352
119.54,351,350
119.54,354,354
119.54,349,349
119.54,354,354
119.54,351,350
119.6,354,353
119.6,352,351
119.6,350,352
119.6,351,351
119.6,353,352
119.6,351,351
119.61,351,351
119.66,353,352
119.66,346,348
119.66,351,350
119.66,347,346
119.66,351,350
119.67,345,345
119.67,349,348
119.72,342,344
119.72,345,345
119.73,342,341
119.73,344,343
119.73,340,340
119.73,341,342
119.74,340,338
119.8,339,340
119.8,339,337
119.8,334,334
119.8,337,336
119.8,333,333
119.8,336,336
119.81,332,331
119.87,336,335
119.87,330,330
119.87,335,334
119.87,331,331
119.87,334,334
119.87,333,331
119.87,336,335
119.93,334,332
119.93,336,335
119.93,336,333
119.93,332,332
119.93,334,335
119.93,333,332
119.94,336,335
119.99,329,331
119.99,336,335
119.99,332,332
119.99,337,336
119.99,332,330
119.99,335,335
120.0,331,332
120.05,334,336
120.05,334,331
120.05,332,333
120.05,332,331
120.05,332,332
120.06,333,333
120.07,331,330
120.13,333,332
120.13,328,329
120.13,331,330
120.13,328,329
120.13,333,331
120.13,325,326
120.13,332,331
120.19,327,326
120.19,330,330
120.19,326,326
120.19,330,329
120.19,327,326
120.19,327,326
120.2,327,325
120.26,325,325
120.26,326,325
120.26,323,323
120.26,327,326
120.26,322,322
120.26,325,324
120.26,320,320
120.32,324,324
120.32,318,318
120.32,322,322
120.32,321,319
120.32,321,322
120.32,316,316
120.33,318,318
120.38,316,316
120.38,316,316
120.38,316,316
120.38,312,314
120.38,318,316
120.39,312,311
120.4,315,313
120.46,311,310
120.46,314,313
120.46,308,308
120.46,312,312
120.46,309,308
120.46,309,310
120.46,306,306
120.52,307,307
120.52,307,306
120.52,307,307
120.52,307,306
120.52,307,308
120.52,308,308
120.53,305,306
120.58,309,308
120.58,306,306
120.58,312,310
120.58,307,307
120.58,311,311
120.58,308,309
120.59,312,313
120.64,308,308
120.64,314,314
120.64,315,312
120.64,315,316
120.64,315,314
120.65,316,316
120.66,316,316
120.72,317,317
120.72,319,318
120.72,319,318
120.72,322,321
120.72,317,316
120.72,322,322
120.72,317,317
120.79,325,324
120.79,320,319
120.79,323,323
120.79,321,320
120.79,323,323
120.79,321,320
120.79,320,321
120.85,324,321
120.85,320,321
120.85,322,322
120.85,321,321
120.85,324,324
120.85,322,321
120.85,325,324
120.91,320,319
120.91,324,324
120.91,322,320
120.91,324,324
120.91,321,321
120.91,323,322
120.92,320,320
120.97,320,321
120.97,321,320
120.97,323,322
120.97,321,321
120.97,321,320
120.98,321,320
120.99,319,319
121.05,321,321
121.05,320,319
121.05,325,323
121.05,318,317
121.05,321,322
121.05,318,318
121.05,322,322
121.11,321,319
121.11,321,321
121.11,318,318
121.11,320,319
121.11,319,318
121.11,318,317
121.12,317,317
121.17,316,316
121.17,317,317
121.17,314,315
121.17,317,317
121.17,314,314
121.17,316,316
121.18,314,312
121.24,315,315
121.24,314,313
121.24,313,315
121.24,313,312
121.24,314,314
121.24,314,312
121.25,315,314
121.3,315,314
121.3,313,314
121.3,315,314
121.3,314,314
121.3,316,316
121.3,314,313
121.31,318,318
121.36,314,314
121.36,320,318
121.36,315,316
121.36,320,320
121.36,319,318
121.37,320,321
121.38,321,319
121.44,321,322
121.44,323,322
121.44,325,324
121.44,326,324
121.44,324,325
121.44,325,325
121.44,323,325
121.5,330,328
121.5,326,325
121.5,329,329
121.5,327,326
121.5,331,330
121.5,329,328
121.51,334,333
121.57,331,329
121.57,332,332
121.57,333,331
121.57,333,333
121.57,333,330
121.57,331,332
121.58,332,331
121.63,328,329
121.63,334,332
121.63,329,328
121.63,333,330
121.63,327,327
121.63,329,330
121.64,325,325
121.71,329,328
121.71,324,324
121.71,328,327
121.71,325,325
121.71,328,328
121.71,327,325
121.71,325,324
121.77,325,323
121.77,323,323
121.77,326,325
121.77,321,321
121.77,322,323
121.77,322,320
121.77,324,322
121.83,320,319
121.83,320,319
121.83,319,317
121.83,319,319
121.83,316,315
121.83,319,319
121.84,316,314
121.89,315,314
121.89,316,315
121.89,311,312
121.89,314,314
121.89,311,311
121.89,315,313
121.9,311,310
121.95,314,313
121.95,309,309
121.95,312,312
121.95,311,308
121.95,310,310
121.96,305,306
121.97,311,310
122.03,308,307
122.03,308,310
122.03,309,308
122.03,308,307
122.03,308,309
122.03,307,308
122.03,310,309
122.1,306,306
122.1,311,311
122.1,309,307
122.1,312,312
122.1,311,310
122.1,313,314
122.1,313,311
122.16,316,314
122.16,313,312
122.16,316,315
122.16,316,314
122.16,315,316
122.16,317,316
122.16,315,317
122.22,318,318
122.22,315,317
122.22,319,319
122.22,316,317
122.22,320,320
122.22,317,317
122.23,324,322
122.28,319,319
122.28,323,322
122.28,320,319
122.28,323,322
122.28,321,320
122.29,323,324
122.3,321,320
122.36,322,322
122.36,324,323
122.36,324,323
122.36,327,326
122.36,324,323
122.36,328,327
122.36,323,322
122.42,328,327
122.42,324,324
122.42,327,326
122.42,322,322
122.42,327,326
122.42,323,322
122.43,325,323
122.48,322,322
122.48,322,323
122.48,322,323
122.48,321,322
122.48,324,322
122.48,320,320
122.49,323,322
122.55,322,321
122.55,324,322
122.55,317,317
122.55,323,320
122.55,316,315
122.55,319,320
122.56,316,315
122.61,320,319
122.61,317,316
122.61,317,318
122.61,316,314
122.61,315,314
122.62,316,315
122.62,314,314
122.69,316,315
122.69,312,313
122.69,316,315
122.69,312,311
122.69,315,316
122.69,313,312
122.69,316,315
122.75,315,313
122.75,316,317
122.75,314,313
122.75,315,316
122.75,315,314
122.75,316,316
122.75,314,314
122.81,314,314
122.81,319,317
122.81,315,316
122.81,317,317
122.81,316,316
122.81,320,319
122.82,318,317
122.88,323,320
122.88,316,317
122.88,320,320
122.88,317,317
122.88,320,322
122.88,319,318
122.89,320,321
122.94,322,320
122.94,321,320
122.94,322,321
122.94,321,320
122.94,323,323
122.94,321,322
122.95,325,324
123.0,321,322
123.0,324,325
123.0,321,321
123.0,326,326
123.0,323,323
123.01,328,327
123.02,322,322
123.08,329,328
123.08,326,324
123.08,327,326
123.08,324,324
123.08,326,325
123.08,325,325
123.08,324,324
123.14,327,326
123.14,324,322
123.14,325,326
123.14,323,324
123.14,326,326
123.14,324,323
123.15,328,326
123.2,325,324
123.2,327,326
123.2,327,325
123.2,325,326
123.2,327,325
123.21,324,325
123.21,325,324
123.27,324,323
123.27,322,323
123.27,322,322
123.27,323,322
123.27,320,319
123.27,322,322
123.28,319,318
123.33,323,321
123.33,316,316
123.33,320,320
123.33,316,316
123.33,318,317
123.34,316,315
123.34,316,316
123.41,317,316
123.41,314,316
123.41,318,316
123.41,315,314
123.41,317,316
123.41,313,315
123.41,318,317
123.47,315,315
123.47,321,319
123.47,317,315
123.47,320,319
123.47,316,316
123.47,318,319
123.48,317,317
123.53,319,320
123.53,319,317
123.53,317,318
123.53,319,319
123.53,319,319
123.53,320,320
123.55,320,320
123.55,320,320
123.56,319,318
123.57,321,321
123.63,318,317
123.63,321,321
123.63,319,319
123.63,325,324
123.63,321,320
123.63,322,323
123.64,324,322
123.69,325,325
123.69,322,322
123.69,322,323
123.69,324,323
123.69,322,323
123.69,324,323
123.7,321,322
123.76,324,325
123.76,321,321
123.76,325,324
123.76,320,320
123.76,326,326
123.77,322,320
123.77,322,322
123.83,321,319
123.83,321,322
123.83,320,319
123.83,321,320
123.83,322,319
123.83,317,319
123.83,321,319
123.89,319,320
123.89,321,320
123.89,317,316
123.89,321,320
123.89,316,317
123.89,321,320
123.9,316,317
123.95,322,321
123.95,319,318
123.95,320,321
123.95,319,317
123.95,320,320
123.95,320,319
123.96,320,320
124.01,322,320
124.01,318,319
124.01,321,320
124.01,317,317
124.01,323,320
124.02,316,316
124.03,320,320
124.09,318,317
124.09,321,320
124.09,318,317
124.09,321,321
124.09,320,318
124.09,322,320
124.09,320,318
124.16,321,321
124.16,323,321
124.16,320,321
124.16,324,322
124.16,322,322
124.16,324,323
124.16,321,322
124.22,326,326
124.22,324,323
124.22,328,328
124.22,324,324
124.22,330,329
124.22,327,325
124.22,329,329
124.28,328,327
124.28,330,330
124.28,328,328
124.28,329,330
124.28,329,330
124.28,330,331
124.29,332,333
124.34,331,331
124.34,334,334
124.34,329,330
124.34,334,334
124.34,331,329
124.35,333,332
124.36,329,329
124.42,333,333
124.42,331,330
124.42,335,334
124.42,332,330
124.42,332,331
124.42,333,331
124.42,330,331
124.48,330,330
124.48,327,328
124.48,331,330
124.48,328,326
124.48,329,328
124.48,326,325
124.49,327,328
124.55,324,325
124.55,330,330
124.55,325,324
124.55,325,326
124.55,324,324
124.55,325,326
124.55,322,323
124.61,325,324
124.61,324,324
124.61,323,323
124.61,322,323
124.61,322,321
124.61,322,322
124.62,319,320
124.67,324,323
124.67,318,320
124.67,323,322
124.67,319,318
124.67,323,322
124.68,318,318
124.68,320,320
124.75,317,316
124.75,319,318
124.75,317,317
124.75,316,315
124.75,316,314
124.75,313,312
124.75,314,314
124.81,312,313
124.81,314,313
124.81,309,310
124.81,316,314
124.81,312,310
124.81,314,314
124.81,312,312
124.87,316,317
124.87,312,312
124.87,315,316
124.87,314,313
124.87,314,315
124.87,317,314
124.88,314,314
124.94,317,315
124.94,314,314
124.94,319,317
124.94,312,314
124.94,321,320
124.94,315,314
124.95,320,320
125.0,317,316
125.0,322,321
125.0,319,316
125.0,320,321
125.0,321,318
125.0,320,321
125.01,321,319
125.06,321,321
125.06,319,319
125.06,320,321
125.06,320,320
125.06,319,319
125.07,322,322
125.08,320,320
125.14,322,324
125.14,320,319
125.14,323,322
125.14,320,320
125.14,323,322
125.14,320,318
125.14,322,323
125.2,320,319
125.2,320,320
125.2,320,319
125.2,320,320
125.2,323,322
125.2,321,320
125.21,320,321
125.27,319,319
125.27,321,321
125.27,316,316
125.27,320,321
125.27,317,317
125.27,321,319
125.27,317,316
125.33,320,320
125.33,316,316
125.33,319,318
125.33,317,318
125.33,317,317
125.33,320,318
125.34,319,317
125.39,321,319
125.39,317,316
125.39,319,319
125.39,313,314
125.39,317,316
125.4,313,313
125.4,316,316
125.47,311,311
125.47,315,313
125.47,312,312
125.47,312,313
125.47,313,310
125.47,311,310
125.47,311,310
125.53,308,309
125.53,308,308
125.53,307,306
125.53,310,309
125.53,307,306
125.53,310,308
125.54,306,306
125.59,308,308
125.59,306,306
125.59,309,309
125.59,305,306
125.59,311,310
125.59,310,309
125.6,312,311
125.66,308,308
125.66,311,312
125.66,312,311
125.66,311,311
125.66,314,312
125.66,311,312
125.67,314,314
125.72,313,312
125.72,314,316
125.72,313,313
125.72,317,317
125.72,314,315
125.72,319,318
125.73,318,316
125.8,320,319
125.8,318,317
125.8,321,320
125.8,321,320
125.8,320,320
125.8,322,321
125.8,320,321
125.86,322,320
125.86,319,320
125.86,324,324
125.86,322,320
125.86,326,324
125.86,321,320
125.86,324,324
125.92,321,321
125.92,326,324
125.92,323,322
125.92,324,324
125.92,322,322
125.92,323,324
125.93,324,324
125.98,323,322
125.98,325,324
125.98,320,320
125.98,323,322
125.98,320,320
125.99,324,322
125.99,319,318
126.05,324,324
126.05,319,318
126.05,324,324
126.05,321,320
126.05,326,325
126.05,325,322
126.06,324,323
126.12,322,321
126.12,323,322
126.12,322,322
126.12,319,320
126.12,321,321
126.12,319,319
126.13,323,322
126.19,317,318
126.19,323,321
126.19,319,317
126.19,321,321
126.19,317,315
126.19,318,319
126.19,316,314
126.25,317,316
126.25,315,314
126.25,311,314
126.25,315,313
126.25,311,313
126.25,315,314
126.26,314,312
126.31,313,313
126.31,312,312
126.31,315,314
126.31,311,310
126.31,315,314
126.31,312,310
126.32,314,314
126.37,312,311
126.37,315,314
126.37,313,311
126.37,314,314
126.37,313,313
126.38,314,314
126.39,315,314
126.45,314,314
126.45,316,316
126.45,315,315
126.45,319,318
126.45,314,315
126.45,319,318
126.45,316,316
126.51,323,321
126.51,317,317
126.51,321,320
126.51,317,318
126.51,321,321
126.51,319,318
126.52,322,322
126.58,322,321
126.58,322,322
126.58,325,323
126.58,321,322
126.58,325,324
126.58,320,322
126.58,327,326
126.64,323,322
126.64,325,325
126.64,321,320
126.64,323,323
126.64,321,318
126.64,309,305
126.65,286,284
126.7,275,274
126.7,261,260
126.7,253,252
126.7,247,243
126.7,238,236
126.71,236,235
126.72,235,234
126.78,242,241
126.78,240,241
126.78,246,247
126.78,247,248
126.78,256,254
126.78,254,252
126.78,261,259
126.84,259,258
126.84,262,264
126.84,265,263
126.84,267,267
126.84,270,270
126.84,272,273
126.85,277,276
126.9,279,279
126.9,283,282
126.9,283,283
126.9,288,288
126.9,286,286
126.9,292,292
126.91,292,292
126.96,298,298
126.96,297,296
126.96,302,302
126.96,303,303
126.96,306,307
126.97,306,307
126.98,309,310
127.04,312,310
127.04,314,314
127.04,314,315
127.04,314,316
127.04,321,321
127.04,318,320
127.04,325,325
127.1,323,323
127.1,329,330
127.1,328,326
127.1,332,333
127.1,334,331
127.1,337,336
127.11,336,334
127.17,339,339
127.17,341,339
127.17,341,342
127.17,347,345
127.17,346,345
127.17,353,351
127.17,350,351
127.23,358,355
127.23,353,353
127.23,358,358
127.23,353,355
127.23,360,361
127.23,359,358
127.24,364,363
127.29,361,359
127.29,361,363
127.29,365,362
127.29,365,364
127.29,367,364
127.3,364,365
127.31,368,366
127.37,363,365
127.37,365,365
127.37,361,363
127.37,366,367
127.37,363,361
127.37,364,364
127.37,361,361
127.43,366,364
127.43,360,359
127.43,362,360
127.43,359,358
127.43,359,358
127.43,358,356
127.44,354,356
127.49,358,354
127.49,352,352
127.49,352,352
127.49,348,348
127.49,351,350
127.49,347,345
127.5,348,349
127.56,344,344
127.56,346,346
127.56,341,340
127.56,345,342
127.56,342,340
127.56,339,339
127.57,337,337
127.62,337,337
127.62,335,335
127.62,337,336
127.62,334,334
127.62,333,332
127.62,333,333
127.63,329,330
127.7,332,332
127.7,329,328
127.7,330,330
127.7,327,327
127.7,330,330
127.7,327,325
127.7,326,328
127.76,324,322
127.76,311,305
127.76,256,251
127.76,246,247
127.76,242,240
127.76,235,236
127.76,236,234
127.82,230,228
127.82,230,226
127.82,224,222
127.82,225,225
127.82,222,220
127.82,223,224
127.83,222,220
127.88,222,222
127.89,223,221
127.89,223,223
127.89,223,220
127.89,227,226
127.89,229,228
127.89,227,229
127.95,233,231
127.95,231,233
127.95,239,239
127.95,237,238
127.95,243,243
127.95,243,241
127.96,248,249
128.01,247,248
128.01,252,254
128.01,253,253
128.01,260,260
128.01,259,259
128.02,263,264
128.03,266,266
128.09,270,269
128.09,274,274
128.09,274,275
128.09,281,280
128.09,281,282
128.09,287,286
128.09,287,287
128.15,293,293
128.15,291,292
128.15,297,297
128.15,299,296
128.15,301,302
128.15,303,301
128.16,304,306
128.21,305,306
128.21,310,311
128.21,315,313
128.21,314,315
128.21,319,317
128.21,316,317
128.22,321,321
128.27,322,322
128.27,327,327
128.27,324,325
128.27,330,329
128.27,325,327
128.28,332,332
128.29,333,331
128.35,334,335
128.35,335,333
128.35,337,336
128.35,336,336
128.35,339,339
128.35,341,340
128.35,341,340
128.42,343,342
128.42,340,341
128.42,347,344
128.42,342,343
128.42,347,347
128.42,344,344
128.42,347,346
128.48,344,345
128.48,348,349
128.48,348,347
128.48,348,349
128.48,351,349
128.48,351,351
128.48,352,351
128.54,351,350
128.54,351,350
128.54,350,349
128.54,350,349
128.54,348,348
128.54,352,352
128.55,350,348
128.6,353,352
128.6,349,348
128.61,354,353
128.61,349,350
128.61,354,354
128.61,355,353
128.62,356,356
128.67,355,354
128.67,356,356
128.67,359,357
128.67,357,357
128.67,358,357
128.67,357,357
128.68,361,359
128.75,357,358
128.75,363,362
128.75,358,358
128.75,363,363
128.75,361,360
128.75,366,364
128.75,360,360
128.81,364,365
128.81,360,361
128.81,366,365
128.81,363,362
128.81,364,364
128.81,367,365
128.81,365,363
128.87,366,364
128.87,364,364
128.87,368,367
128.87,363,362
128.87,366,366
128.87,362,361
128.88,366,365
128.93,360,360
128.93,363,365
128.93,361,360
128.93,362,362
128.93,362,359
128.94,359,360
128.94,360,359
129.0,360,360
129.0,360,358
129.0,356,356
129.0,357,357
129.0,354,354
129.0,357,356
129.01,351,351
129.06,357,354
129.06,350,349
129.06,353,352
129.06,346,346
129.06,351,351
129.07,346,344
129.07,345,346
129.14,345,343
129.14,343,343
129.14,343,343
129.14,341,340
129.14,341,341
129.14,339,338
129.14,339,338
129.2,336,337
129.2,340,340
129.2,334,334
129.2,338,336
129.2,333,332
129.2,335,335
129.21,332,331
129.26,334,332
129.26,332,330
129.26,331,332
129.26,329,329
129.26,331,329
129.26,329,327
129.27,326,326
129.32,326,327
129.32,324,325
129.32,327,325
129.32,320,321
129.32,325,325
129.33,321,321
129.34,326,325
129.4,322,322
129.4,324,325
129.4,322,322
129.4,326,325
129.4,325,324
129.4,324,325
129.4,325,324
129.46,325,325
129.46,326,325
129.46,326,325
129.46,326,327
129.46,327,326
129.46,329,329
129.47,325,326
129.52,331,330
129.52,329,328
129.52,331,332
129.52,329,328
129.52,329,330
129.52,329,329
129.53,330,332
129.59,333,330
129.59,335,334
129.59,335,335
129.59,334,334
129.59,335,335
129.59,331,331
129.6,338,337
129.65,332,332
129.65,336,337
129.65,335,333
129.65,337,337
129.65,335,333
129.66,336,337
129.66,336,335
129.73,337,337
129.73,337,335
129.73,338,338
129.73,337,336
129.73,336,335
129.73,337,336
129.73,333,335
129.79,336,336
129.79,334,334
129.79,337,335
129.79,332,333
129.79,336,335
129.79,331,330
129.8,334,334
129.85,332,330
129.85,332,333
129.85,333,330
129.85,332,331
129.85,330,330
129.85,331,330
129.86,331,330
129.92,328,329
129.92,331,329
129.92,326,326
129.92,331,328
129.92,327,325
129.92,328,326
129.93,323,322
129.98,326,326
129.98,322,321
129.98,324,324
129.98,320,320
129.98,323,322
129.98,322,321
129.99,320,321
130.04,320,319
130.04,320,318
130.04,319,318
130.04,316,316
130.04,322,319
130.05,315,314
130.06,316,316
130.12,314,313
130.12,319,317
130.12,315,312
130.12,318,318
130.12,315,315
130.12,316,317
130.12,314,314
130.18,316,316
130.18,314,314
130.18,316,317
130.18,317,316
130.18,316,314
130.18,316,315
130.19,316,315
130.24,321,319
130.24,314,315
130.24,319,319
130.24,317,316
130.24,320,321
130.25,317,317
130.25,321,321
130.32,316,317
130.32,321,321
130.32,322,321
130.32,323,322
130.32,322,322
130.32,322,323
130.32,325,324
130.38,321,322
130.38,325,324
130.38,321,322
130.38,326,325
130.38,322,322
130.38,326,326
130.39,323,322
130.44,325,325
130.44,323,322
130.44,327,327
130.44,322,322
130.44,326,325
130.44,323,323
130.45,324,324
130.51,326,325
130.51,324,324
130.51,323,323
130.51,321,321
130.51,322,322
130.51,319,320
130.52,322,322
130.57,318,318
130.57,323,321
130.57,316,317
130.57,321,321
130.57,317,316
130.57,318,319
130.58,317,316
130.65,316,316
130.65,316,315
130.65,315,314
130.65,315,314
130.65,312,313
130.65,314,314
130.65,313,311
130.71,314,314
130.71,312,310
130.71,313,313
130.71,310,309
130.71,313,312
130.71,309,308
130.71,310,311
130.77,308,307
130.77,308,309
130.77,306,306
130.77,306,307
130.77,307,306
130.77,305,305
130.78,306,306
130.83,303,304
130.83,305,305
130.83,302,301
130.83,305,306
130.83,300,301
130.84,303,304
130.84,300,299
130.9,303,303
130.9,300,299
130.9,303,303
130.9,300,300
130.9,303,303
130.9,300,300
130.91,301,302
130.97,302,302
130.97,300,300
130.97,303,304
130.97,303,302
130.97,305,306
130.97,303,304
130.97,308,307
131.04,306,305
131.04,311,311
131.04,309,306
131.04,313,313
131.04,311,309
131.04,313,313
131.04,313,312
131.1,314,314
131.1,315,314
131.1,314,315
131.1,316,315
131.1,314,315
131.1,319,316
131.11,316,316
131.16,318,318
131.16,317,316
131.16,320,321
131.16,316,317
131.16,321,321
131.16,317,317
131.17,320,320
131.22,319,317
131.22,321,322
131.22,319,319
131.22,318,319
131.22,321,321
131.23,318,319
131.24,320,320
131.25,316,317
131.26,321,320
131.27,315,315
131.32,321,320
131.32,316,316
131.32,318,319
131.32,315,314
131.32,319,318
131.32,315,315
131.33,316,317
131.39,315,314
131.39,315,316
131.39,315,315
131.39,315,315
131.39,317,315
131.39,315,314
131.4,316,315
131.45,311,312
131.45,318,316
131.45,312,312
131.46,317,316
131.46,313,311
131.46,316,316
131.46,313,312
131.52,315,315
131.52,314,312
131.52,316,315
131.52,314,313
131.52,314,313
131.52,312,313
131.53,311,313
131.58,313,313
131.58,311,311
131.58,315,313
131.58,310,310
131.58,314,312
131.59,307,306
131.59,312,311
131.64,310,308
131.64,310,310
131.64,308,307
131.64,308,309
131.64,308,307
131.65,309,309
131.66,309,308
131.72,308,310
131.72,310,311
131.72,310,310
131.72,313,311
131.72,310,310
131.72,313,314
131.72,311,309
131.78,314,315
131.78,311,312
131.78,317,316
131.78,312,311
131.78,315,316
131.78,313,312
131.79,318,317
131.84,317,315
131.84,316,317
131.84,319,317
131.84,317,318
131.84,319,319
131.85,318,319
131.86,322,322
131.91,319,320
131.91,323,323
131.91,321,320
131.91,325,324
131.91,323,323
131.91,325,325
131.92,324,323
131.98,327,326
131.98,322,322
131.98,327,326
131.98,326,324
131.98,324,324
131.98,326,326
131.99,325,324
132.05,324,325
132.05,324,325
132.05,329,328
132.05,323,324
132.05,327,328
132.05,325,324
132.05,328,328
132.11,324,324
132.11,329,328
132.11,326,325
132.11,328,329
132.11,327,325
132.11,326,325
132.12,327,325
132.17,324,324
132.17,324,323
132.17,322,323
132.17,326,324
132.17,321,321
132.17,323,324
132.18,321,320
132.23,324,325
132.23,321,320
132.24,323,322
132.24,317,318
132.24,322,321
132.24,319,318
132.25,320,318
132.31,318,317
132.31,317,317
132.31,319,316
132.31,315,315
132.31,319,317
132.31,315,314
132.31,316,316
132.37,312,312
132.38,316,314
132.38,311,310
132.38,312,312
132.38,308,308
132.38,311,310
132.38,309,307
132.44,309,309
132.44,307,306
132.44,308,308
132.44,308,307
132.44,307,306
132.44,307,306
132.45,305,303
132.5,307,306
132.5,304,303
132.5,307,306
132.5,304,303
132.5,307,307
132.5,306,304
132.51,308,308
132.56,306,304
132.56,309,309
132.56,306,306
132.56,309,308
132.56,310,309
132.57,313,312
132.58,313,312
132.64,314,312
132.64,315,313
132.64,314,314
132.64,318,318
132.64,318,316
132.64,321,319
132.64,317,315
132.7,320,319
132.7,317,315
132.7,321,321
132.7,316,316
132.7,323,322
132.7,321,319
132.71,321,321
132.77,320,320
132.77,320,321
132.77,322,322
132.77,320,320
132.77,323,322
132.77,321,320
132.77,322,322
132.83,319,319
132.83,324,322
132.83,320,318
132.83,326,324
132.83,320,319
132.83,323,323
132.84,321,320
132.89,323,323
132.89,320,320
132.89,320,321
132.89,321,319
132.89,320,320
132.9,323,322
132.9,318,320
132.97,323,321
132.97,317,318
132.97,322,321
132.97,318,318
132.97,323,323
132.97,318,316
132.97,322,321
133.03,318,316
133.03,320,320
133.03,318,318
133.03,319,319
133.03,319,317
133.03,317,318
133.04,318,316
133.09,314,314
133.09,316,316
133.09,314,314
133.09,316,315
133.09,312,312
133.09,316,315
133.1,312,312
133.15,314,313
133.15,311,311
133.15,311,312
133.15,309,309
133.15,313,312
133.16,308,308
133.17,308,309
133.23,312,309
133.23,311,310
133.23,313,311
133.23,309,309
133.23,312,311
133.23,309,310
133.23,311,312
133.29,311,310
133.29,316,314
133.29,311,310
133.29,314,314
133.29,313,311
133.29,314,315
133.3,314,313
133.36,314,315
133.36,316,316
133.36,317,317
133.36,317,318
133.36,318,319
133.36,323,321
133.36,320,321
133.42,323,323
133.42,321,321
133.42,326,326
133.42,323,323
133.42,327,326
133.42,324,324
133.43,328,328
133.48,328,327
133.48,330,329
133.48,329,327
133.48,331,330
133.48,330,328
133.49,329,328
133.49,329,329
133.56,329,327
133.56,329,328
133.56,328,327
133.56,328,328
133.56,323,323
133.56,328,327
133.56,324,324
133.62,329,328
133.62,323,322
133.62,326,326
133.62,325,323
133.62,324,325
133.62,324,322
133.63,322,322
133.68,323,322
133.68,321,322
133.68,323,322
133.68,320,321
133.68,322,322
133.68,321,320
133.69,325,322
133.74,318,318
133.74,321,320
133.74,316,316
133.74,321,320
133.74,316,316
133.75,316,316
133.76,314,314
133.81,316,315
133.81,314,313
133.81,312,312
133.81,315,313
133.81,311,311
133.81,314,312
133.82,309,308
133.89,311,311
133.89,308,307
133.89,311,310
133.89,305,305
133.89,308,308
133.89,305,303
133.89,308,308
133.95,304,303
133.95,306,306
133.95,305,304
133.95,305,304
133.95,303,303
133.95,303,302
133.95,304,304
134.01,302,302
134.01,302,303
134.01,303,302
134.01,305,304
134.01,301,302
134.01,305,305
134.02,302,302
134.07,304,304
134.07,303,303
134.07,308,307
134.07,305,305
134.07,307,307
134.08,306,306
134.08,308,308
134.14,310,310
134.14,309,308
134.14,312,310
134.14,309,309
134.14,313,312
134.14,310,310
134.15,314,314
134.21,313,311
134.21,316,315
134.21,314,312
134.21,315,316
134.21,312,313
134.21,317,316
134.21,316,316
134.27,318,318
134.27,314,311
134.27,294,292
134.27,280,278
134.27,267,264
134.27,259,257
134.28,248,246
134.34,244,243
134.34,234,234
134.34,237,237
134.34,237,236
134.34,243,244
134.34,243,243
134.35,248,250
134.4,252,252
134.4,258,258
134.4,259,259
134.4,263,264
134.4,266,268
134.4,268,269
134.41,272,272
134.46,274,275
134.46,282,281
134.46,283,282
134.46,289,288
134.46,288,289
134.47,297,297
134.48,296,295
134.53,303,304
134.53,304,303
134.53,309,309
134.53,309,309
134.53,314,314
134.53,317,315
134.54,319,319
134.6,321,320
134.6,322,323
134.61,328,327
134.61,324,325
134.61,330,331
134.61,329,329
134.61,334,335
134.67,332,332
134.67,339,338
134.67,335,335
134.67,338,338
134.67,337,336
134.67,339,339
134.67,340,339
134.73,342,341
134.73,340,340
134.73,341,340
134.73,340,340
134.73,342,341
134.73,343,341
134.74,339,340
134.79,347,346
134.79,341,341
134.79,345,344
134.79,342,342
134.79,345,344
134.8,343,342
134.8,346,346
134.85,346,344
134.86,346,347
134.86,346,346
134.86,347,347
134.86,351,350
134.86,346,346
134.87,350,349
134.93,349,349
134.93,351,350
134.93,347,348
134.93,353,353
134.93,349,348
134.93,353,353
134.94,349,349
135.0,353,353
135.0,351,350
135.0,353,353
135.0,351,350
135.0,353,353
135.0,354,352
135.0,353,353
135.06,355,353
135.06,352,351
135.06,353,353
135.06,349,349
135.06,353,353
135.06,351,349
135.07,352,351
135.12,349,348
135.12,352,350
135.12,346,346
135.12,348,350
135.12,346,346
135.12,348,348
135.13,346,345
135.19,345,345
135.19,346,344
135.19,342,343
135.19,345,343
135.19,341,341
135.19,345,343
135.2,341,340
135.25,342,342
135.25,338,338
135.25,342,342
135.25,336,337
135.25,339,339
135.25,336,335
135.26,337,337
135.32,336,334
135.32,332,333
135.32,334,332
135.32,331,332
135.33,333,330
135.33,328,328
135.33,328,329
135.39,326,326
135.39,329,328
135.39,327,325
135.39,327,326
135.39,321,321
135.39,324,324
135.39,320,319
135.45,320,321
135.45,319,318
135.45,321,320
135.45,319,318
135.45,317,316
135.45,316,316
135.46,314,315
135.51,315,315
135.51,311,312
135.51,316,314
135.51,313,312
135.51,316,314
135.52,312,311
135.53,314,314
135.59,311,311
135.59,314,314
135.59,312,312
135.59,315,314
135.59,314,313
135.59,314,314
135.59,311,312
135.65,314,313
135.65,315,314
135.65,314,313
135.65,318,316
135.65,313,313
135.65,318,316
135.66,315,315
135.71,319,317
135.71,315,314
135.71,319,318
135.71,317,316
135.71,319,319
135.71,319,316
135.72,319,319
135.78,318,318
135.78,322,319
135.78,320,319
135.78,320,320
135.78,321,320
135.78,320,320
135.79,323,322
135.84,319,318
135.84,324,322
135.84,319,318
135.84,322,323
135.84,320,320
135.84,325,324
135.85,321,318
135.92,321,322
135.92,322,321
135.92,320,321
135.92,322,320
135.92,320,321
135.92,322,322
135.92,321,320
135.98,322,321
135.98,318,318
135.98,323,322
135.98,321,319
135.98,323,322
135.98,320,318
135.98,323,322
136.04,319,318
136.04,323,321
136.04,318,318
136.04,320,320
136.04,318,319
136.04,318,320
136.05,320,318
136.11,319,318
136.11,319,319
136.11,316,318
136.11,319,319
136.11,316,317
136.11,321,319
136.12,315,316
136.17,319,319
136.17,317,315
136.17,318,318
136.17,316,314
136.17,318,317
136.17,315,315
136.18,319,318
136.25,317,314
136.25,315,316
136.25,315,315
136.25,313,313
136.25,318,315
136.25,310,311
136.25,317,316
136.31,310,311
136.31,316,316
136.31,312,312
136.31,315,314
136.31,311,311
136.31,315,314
136.31,313,311
136.37,314,315
136.37,314,312
136.37,313,314
136.37,317,314
136.37,313,314
136.37,317,315
136.38,314,316
136.43,319,318
136.43,315,316
136.43,320,318
136.43,319,317
136.43,323,321
136.43,319,317
136.44,321,322
136.49,318,319
136.49,323,322
136.49,321,319
136.49,320,321
136.49,321,319
136.5,321,321
136.51,322,321
136.57,323,322
136.57,325,325
136.57,323,323
136.57,325,325
136.57,321,323
136.57,328,326
136.57,322,324
136.63,326,327
136.63,322,322
136.63,327,327
136.63,325,324
136.63,325,326
136.63,324,324
136.64,325,325
136.7,326,325
136.7,324,324
136.7,324,325
136.7,324,324
136.7,325,325
136.7,321,323
136.71,325,325
136.76,321,322
136.76,325,325
136.76,321,321
136.76,325,325
136.76,323,322
136.76,325,324
136.77,321,320
136.84,321,322
136.84,322,321
136.84,321,322
136.84,323,321
136.84,323,322
136.84,322,323
136.84,322,322
136.9,323,323
136.9,321,319
136.9,322,321
136.9,318,318
136.9,320,320
136.9,319,318
136.9,321,320
136.96,320,318
136.96,320,320
136.96,319,318
136.96,318,317
136.96,318,315
136.96,314,315
136.97,316,316
137.02,312,314
137.02,318,316
137.02,313,312
137.02,316,315
137.02,312,311
137.02,313,312
137.03,309,309
137.08,312,312
137.08,310,308
137.09,312,311
137.09,308,307
137.09,310,309
137.09,309,308
137.1,308,309
137.15,310,309
137.15,310,309
137.15,311,310
137.15,311,310
137.15,315,313
137.16,310,311
137.16,315,314
137.23,312,312
137.23,316,315
137.23,311,312
137.23,317,316
137.23,313,313
137.23,314,315
137.23,312,313
137.29,316,317
137.29,316,315
137.29,317,317
137.29,316,314
137.29,317,316
137.29,318,317
137.29,318,317
137.35,320,319
137.35,318,318
137.35,320,320
137.35,318,318
137.35,323,321
137.35,322,320
137.36,323,323
137.41,319,319
137.41,324,324
137.41,320,320
137.41,320,321
137.41,321,321
137.42,320,319
137.43,322,321
137.48,319,320
137.48,320,321
137.48,318,319
137.48,323,322
137.48,317,318
137.48,324,323
137.49,320,319
137.56,322,322
137.56,320,319
137.56,323,324
137.56,319,318
137.56,320,321
137.56,320,321
137.56,321,320
137.62,321,320
137.62,320,321
137.62,322,321
137.62,317,319
137.62,322,321
137.62,318,317
137.62,322,321
137.68,318,318
137.68,321,321
137.68,317,315
137.68,320,320
137.68,317,316
137.68,319,318
137.69,316,315
137.74,317,318
137.74,316,316
137.74,317,317
137.74,317,316
137.74,314,317
137.75,318,318
137.75,315,315
137.81,318,317
137.81,313,313
137.81,317,316
137.81,311,311
137.81,315,313
137.81,308,309
137.82,312,313
137.88,309,308
137.88,309,310
137.88,309,310
137.88,310,310
137.88,310,310
137.88,310,311
137.88,313,311
137.95,312,312
137.95,313,313
137.95,311,310
137.95,315,314
137.95,309,310
137.95,315,314
137.95,312,311
138.01,317,316
138.01,314,312
138.01,316,317
138.01,316,316
138.01,318,318
138.01,317,317
138.02,321,321
138.07,322,321
138.07,321,321
138.07,325,325
138.07,323,323
138.07,325,324
138.07,323,324
138.08,329,328
138.13,327,325
138.13,331,330
138.13,326,325
138.13,329,329
138.13,329,328
138.14,330,330
138.15,329,327
138.21,329,330
138.21,330,329
138.21,328,327
138.21,327,327
138.21,324,326
138.21,328,328
138.21,325,326
138.27,331,328
138.27,326,325
138.27,329,328
138.27,324,323
138.27,327,328
138.27,326,325
138.28,329,328
138.34,327,325
138.34,326,326
138.34,325,326
138.34,325,325
138.34,327,325
138.34,322,323
138.34,327,325
138.4,323,322
138.4,326,325
138.4,323,322
138.4,325,324
138.4,321,320
138.4,325,324
138.41,321,320
138.46,324,324
138.46,322,320
138.46,323,323
138.46,321,322
138.46,321,321
138.47,320,320
138.47,320,320
138.54,322,319
138.54,319,318
138.54,322,319
138.54,316,316
138.54,318,317
138.54,313,314
138.54,316,317
138.6,312,312
138.6,317,315
138.6,311,309
138.6,314,312
138.6,312,309
138.6,309,309
138.61,311,310
138.66,310,308
138.66,309,308
138.66,308,309
138.66,310,308
138.66,308,308
138.66,309,309
138.67,307,306
138.73,311,310
138.73,308,308
138.73,311,312
138.73,309,308
138.73,311,311
138.73,309,309
138.74,312,313
138.79,312,311
138.79,313,314
138.79,312,312
138.79,315,315
138.79,316,315
138.79,315,315
138.8,317,318
138.87,315,316
138.87,321,320
138.87,317,317
138.87,321,321
138.87,320,318
138.87,324,322
138.87,321,319
138.88,323,323
138.89,321,320
138.9,325,324
138.96,326,323
138.96,324,324
138.96,326,325
138.96,324,324
138.96,326,326
138.96,326,325
138.96,327,326
139.02,323,323
139.02,326,326
139.02,324,324
139.02,327,327
139.02,322,323
139.02,328,328
139.03,322,322
139.09,324,326
139.09,325,323
139.09,323,324
139.09,323,323
139.09,322,322
139.09,321,321
139.09,321,321
139.15,324,322
139.15,322,320
139.15,321,322
139.15,318,318
139.15,320,320
139.15,317,316
139.16,320,320
139.21,319,316
139.21,320,319
139.21,315,314
139.21,318,318
139.21,318,316
139.22,316,316
139.22,316,316
139.28,316,316
139.28,316,315
139.28,313,313
139.28,317,315
139.28,311,311
139.28,313,314
139.29,312,311
139.35,314,314
139.35,308,309
139.35,314,312
139.35,311,309
139.35,312,312
139.35,310,308
139.35,311,310
139.42,308,307
139.42,307,306
139.42,306,305
139.42,304,305
139.42,307,305
139.42,303,302
139.42,305,305
139.48,302,302
139.48,309,306
139.48,302,303
139.48,307,306
139.48,303,302
139.48,306,306
139.49,303,303
139.54,308,307
139.54,306,305
139.54,308,309
139.54,308,308
139.54,307,308
139.54,310,310
139.55,309,309
139.6,314,312
139.6,309,310
139.6,313,313
139.6,312,312
139.6,317,317
139.61,316,315
139.62,317,318
139.68,316,316
139.68,319,320
139.68,318,318
139.68,319,319
139.68,320,319
139.68,321,320
139.68,322,320
139.74,323,322
139.74,323,322
139.74,321,322
139.74,325,324
139.74,322,321
139.74,324,325
139.75,323,322
139.8,325,324
139.8,323,321
139.8,325,325
139.8,321,320
139.8,325,324
139.81,323,322
139.81,324,324
139.87,323,322
139.87,323,323
139.87,324,324
139.87,321,322
139.87,325,325
139.87,324,324
139.88,326,326
139.93,321,322
139.93,326,324
139.93,322,321
139.93,325,324
139.93,322,320
139.94,322,322
139.94,321,319
140.01,322,321
140.01,320,319
140.01,319,320
140.01,320,320
140.01,321,319
140.01,321,319
140.01,318,318
140.07,320,319
140.07,315,315
140.07,318,318
140.07,314,315
140.07,317,316
140.07,312,313
140.08,317,316
140.13,311,312
140.13,316,315
140.13,312,312
140.13,315,314
140.13,312,312
140.13,312,312
140.14,315,313
140.2,310,310
140.2,312,310
140.2,309,309
140.2,315,313
140.2,308,306
140.2,313,312
140.21,308,307
140.26,310,310
140.26,309,308
140.26,311,311
140.26,309,309
140.26,312,311
140.26,310,309
140.27,310,310
140.34,314,313
140.34,312,313
140.34,313,312
140.34,314,313
140.34,316,314
140.34,314,313
140.34,316,315
140.4,313,313
140.4,318,318
140.4,314,314
140.4,320,320
140.4,319,317
140.4,318,320
140.4,318,318
140.46,321,320
140.46,321,320
140.46,323,324
140.46,326,325
140.46,323,323
140.46,326,325
140.47,325,326
140.52,329,327
140.52,324,324
140.52,329,327
140.52,325,325
140.52,327,328
140.53,327,325
140.53,327,327
140.59,326,324
140.59,328,328
140.59,326,326
140.59,328,328
140.59,329,326
140.59,326,326
140.6,328,326
140.66,326,325
140.66,328,327
140.66,323,323
140.66,327,326
140.66,322,320
140.66,324,324
140.67,321,320
140.73,325,323
140.73,320,319
140.73,323,324
140.73,318,318
140.73,321,321
140.73,321,319
140.73,319,319
140.79,320,319
140.79,319,317
140.79,319,319
140.79,316,317
140.79,320,318
140.79,316,317
140.8,321,319
140.85,315,314
140.85,318,318
140.85,315,313
140.85,317,318
140.85,311,312
140.85,316,315
140.86,313,313
140.91,313,313
140.91,311,310
140.91,314,312
140.91,312,310
140.91,308,308
140.92,311,309
140.93,307,305
140.99,310,309
140.99,304,303
140.99,306,306
140.99,302,303
140.99,306,307
140.99,304,303
140.99,307,308
141.06,304,303
141.06,307,306
141.06,305,304
141.06,304,305
141.06,306,305
141.06,304,304
141.06,307,306
141.12,304,306
141.12,309,308
141.12,306,306
141.12,311,311
141.12,308,308
141.12,312,313
141.12,311,310
141.18,313,314
141.18,312,312
141.18,316,316
141.18,314,315
141.18,315,317
141.18,317,316
141.19,318,318
141.24,320,318
141.24,318,320
141.24,322,321
141.24,320,321
141.24,325,323
141.25,321,320
141.26,324,324
141.31,321,320
141.31,324,325
141.31,323,323
141.31,326,326
141.31,322,321
141.31,326,324
141.32,323,322
141.38,324,325
141.38,323,322
141.38,322,324
141.38,322,323
141.38,323,322
141.38,324,324
141.39,322,323
141.45,327,326
141.45,321,322
141.45,326,326
141.45,322,322
141.45,325,325
141.45,323,321
141.45,324,324
141.51,323,322
141.51,323,323
141.51,323,322
141.51,321,322
141.51,322,322
141.51,322,322
141.52,323,322
141.57,320,321
141.57,326,324
141.57,320,319
141.57,325,324
141.57,321,319
141.57,323,322
141.58,316,317
141.63,321,322
141.63,319,318
141.63,321,320
141.63,318,318
141.64,318,318
141.64,318,317
141.65,316,318
141.71,319,317
141.71,317,315
141.71,316,315
141.71,303,302
141.71,287,285
141.71,267,267
141.71,259,258
141.77,247,243
141.77,239,240
141.77,233,230
141.77,232,230
141.77,227,226
141.77,232,233
141.78,236,235
141.84,240,239
141.84,244,244
141.84,248,247
141.84,252,252
141.84,253,254
141.84,259,259
141.85,262,262
141.9,269,267
141.9,267,268
141.9,275,275
141.9,275,274
141.9,283,284
141.9,284,284
141.91,293,291
141.96,296,294
141.96,301,300
141.96,302,302
141.96,309,308
141.96,311,310
141.97,313,314
141.98,319,319
142.04,319,320
142.04,324,325
142.04,325,324
142.04,331,330
142.04,328,328
142.04,337,335
142.04,333,334
142.1,339,340
142.1,339,338
142.1,342,343
142.1,343,341
142.1,346,345
142.1,347,345
142.11,347,347
142.16,349,349
142.16,349,349
142.16,352,351
142.16,349,350
142.16,355,353
142.16,350,350
142.17,353,354
142.23,351,350
142.23,352,354
142.23,352,351
142.23,355,353
142.23,352,351
142.23,353,354
142.24,354,352
142.3,354,354
142.3,352,352
142.3,352,353
142.3,355,353
142.3,352,352
142.3,355,353
142.3,348,349
142.36,352,352
142.36,348,348
142.36,353,351
142.36,347,346
142.36,349,350
142.36,346,346
142.37,348,350
142.43,344,344
142.43,346,346
142.43,342,342
142.43,342,342
142.43,343,340
142.43,341,341
142.44,343,341
142.49,338,339
142.49,340,340
142.49,334,335
142.49,338,338
142.49,334,333
142.49,337,337
142.5,332,332
142.55,336,335
142.55,334,332
142.55,334,334
142.55,335,334
142.55,334,334
142.56,335,333
142.57,333,334
142.63,335,335
142.63,334,333
142.63,337,334
142.63,332,330
142.63,333,333
142.63,331,330
142.63,334,334
142.69,331,331
142.69,336,334
142.69,332,332
142.69,335,335
142.69,332,332
142.69,333,334
142.7,333,332
142.76,334,333
142.76,333,333
142.76,333,332
142.76,336,334
142.76,333,333
142.76,337,336
142.76,335,334
142.82,335,335
142.82,335,333
142.82,337,336
142.82,335,334
142.82,336,336
142.82,333,332
142.83,336,336
142.88,334,333
142.88,334,334
142.88,334,333
142.88,333,332
142.88,333,333
142.89,332,330
142.89,334,334
142.96,330,330
142.96,334,333
142.96,330,330
142.96,332,332
142.96,328,329
142.96,332,331
142.96,328,327
143.02,329,331
143.02,329,328
143.02,330,330
143.02,330,329
143.02,327,328
143.02,329,328
143.02,325,327
143.08,329,328
143.08,326,325
143.08,327,327
143.08,322,323
143.08,326,325
143.08,325,323
143.09,327,326
143.14,321,321
143.14,324,325
143.14,320,320
143.14,321,321
143.14,320,319
143.15,321,321
143.16,320,319
143.21,318,319
143.21,319,318
143.21,316,317
143.21,319,318
143.21,314,315
143.21,317,316
143.22,311,312
143.29,313,314
143.29,310,310
143.29,314,313
143.29,310,309
143.29,312,312
143.29,308,308
143.29,311,310
143.35,309,308
143.35,308,310
143.35,311,310
143.35,309,309
143.35,312,310
143.35,308,308
143.35,311,310
143.41,308,308
143.41,312,312
143.41,308,308
143.41,311,312
143.41,310,309
143.41,311,312
143.42,308,309
143.47,313,314
143.47,315,312
143.47,315,315
143.47,317,316
143.47,315,314
143.48,316,315
143.48,316,315
143.54,317,317
143.54,317,317
143.54,321,320
143.54,318,318
143.54,323,322
143.54,319,318
143.55,322,322
143.61,319,318
143.61,324,322
143.61,322,320
143.61,324,323
143.61,322,322
143.61,324,324
143.61,323,322
143.68,320,321
143.68,323,322
143.68,322,322
143.68,323,323
143.68,321,320
143.68,322,321
143.68,320,318
143.74,323,322
143.74,319,317
143.74,322,322
143.74,318,319
143.74,322,320
143.74,319,318
143.75,320,321
143.8,320,319
143.8,320,319
143.8,320,320
143.8,318,318
143.8,321,319
143.8,317,317
143.81,320,319
143.86,316,316
143.86,319,319
143.86,316,316
143.86,318,319
143.86,315,314
143.87,319,318
143.88,314,312
143.94,318,317
143.94,314,314
143.94,316,317
143.94,314,314
143.94,317,316
143.94,317,315
143.94,315,314
144.0,318,316
144.0,312,312
144.0,316,315
144.0,311,311
144.0,315,315
144.0,311,310
144.01,311,312
144.07,308,308
144.07,309,310
144.07,308,308
144.07,310,310
144.07,308,308
144.07,308,308
144.07,308,308
144.13,307,308
144.13,308,307
144.13,305,305
144.13,310,309
144.13,304,306
144.13,311,310
144.14,307,307
144.19,313,311
144.19,309,308
144.19,314,314
144.19,312,312
144.19,316,316
144.2,315,315
144.2,317,318
144.25,319,318
144.25,318,319
144.26,321,320
144.26,319,319
144.26,324,322
144.26,321,321
144.27,324,324
144.33,322,322
144.33,328,327
144.33,323,322
144.33,328,326
144.33,323,322
144.33,326,326
144.34,323,323
144.4,326,327
144.4,327,324
144.4,328,327
144.4,326,325
144.4,325,326
144.4,328,327
144.4,324,325
144.46,329,328
144.46,327,326
144.46,330,328
144.46,326,326
144.46,329,329
144.46,324,325
144.47,328,329
144.52,326,326
144.52,330,330
144.52,329,327
144.52,327,329
144.52,329,328
144.52,330,328
144.53,325,325
144.58,327,326
144.58,328,326
144.58,324,325
144.58,328,326
144.59,325,323
144.59,328,325
144.6,321,321
144.66,326,326
144.66,321,321
144.66,323,323
144.66,321,319
144.66,321,322
144.66,319,319
144.66,321,319
144.72,317,319
144.72,319,318
144.72,318,316
144.72,315,314
144.72,317,317
144.72,310,311
144.73,314,314
144.79,309,311
144.79,315,313
144.79,310,309
144.79,313,311
144.79,307,307
144.79,310,310
144.79,307,306
144.85,308,308
144.85,306,306
144.85,308,308
144.85,308,307
144.85,309,309
144.85,309,308
144.86,306,305
144.91,310,309
144.91,305,306
144.91,312,311
144.91,310,308
144.91,312,312
144.92,309,310
144.93,314,314
144.99,312,312
144.99,315,314
144.99,312,311
144.99,315,315
144.99,314,311
144.99,315,315
144.99,315,314
145.05,311,312
145.05,316,316
145.05,314,313
145.05,317,318
145.05,315,314
145.05,321,319
145.06,314,316
145.11,318,320
145.11,318,318
145.11,323,322
145.11,320,318
145.11,322,322
145.11,320,321
145.12,322,322
145.17,322,321
145.17,323,324
145.17,324,323
145.17,322,323
145.18,326,325
145.18,323,323
145.19,328,327
145.24,322,323
145.24,328,326
145.24,322,322
145.24,328,327
145.24,324,322
145.24,326,327
145.25,324,324
145.32,325,325
145.32,325,324
145.32,324,325
145.32,324,324
145.32,323,323
145.32,326,324
145.32,322,323
145.38,326,323
145.38,322,321
145.38,325,324
145.38,320,319
145.38,322,323
145.38,320,320
145.38,325,323
145.44,317,316
145.44,322,321
145.44,318,317
145.44,318,318
145.44,319,318
145.44,318,319
145.45,318,317
145.5,317,316
145.5,317,316
145.5,314,314
145.5,317,315
145.5,312,311
145.51,315,314
145.52,314,312
145.58,315,314
145.58,308,308
145.58,310,310
145.58,307,306
145.58,308,309
145.58,306,306
145.58,307,306
145.64,307,305
145.64,305,305
145.64,309,307
145.64,305,304
145.64,308,306
145.64,304,305
145.65,310,309
145.7,306,306
145.7,311,310
145.7,308,307
145.7,309,310
145.7,308,309
145.7,311,310
145.71,310,310
145.77,311,311
145.77,314,311
145.77,314,313
145.77,315,315
145.77,314,315
145.77,319,317
145.78,317,315
145.83,321,318
145.83,316,317
145.83,323,322
145.83,318,319
145.83,325,324
145.83,321,320
145.84,325,325
145.91,322,322
145.91,324,325
145.91,326,325
145.91,326,327
145.91,326,326
145.91,325,326
145.91,328,328
145.97,325,325
145.97,327,328
145.97,327,328
145.97,330,329
145.97,328,327
145.97,330,330
145.97,327,326
146.03,331,331
146.03,327,327
146.03,329,330
146.03,328,327
146.03,328,329
146.03,326,326
146.04,329,328
146.09,329,327
146.09,327,327
146.09,330,329
146.09,326,325
146.09,329,329
146.1,327,326
146.11,328,329
146.17,324,325
146.17,326,327
146.17,324,322
146.17,325,326
146.17,323,322
146.17,327,326
146.17,323,322
146.23,323,322
146.23,323,322
146.23,323,322
146.23,321,320
146.23,320,320
146.23,322,321
146.24,317,318
146.29,322,320
146.29,316,316
146.29,319,318
146.29,315,314
146.29,319,317
146.29,313,312
146.3,315,315
146.36,314,312
146.36,314,314
146.36,312,311
146.36,310,311
146.36,311,309
146.36,310,310
146.37,312,310
146.44,308,307
146.44,312,309
146.44,308,308
146.44,311,310
146.44,307,308
146.44,311,311
146.44,305,306
146.44,313,313
146.45,308,307
146.46,313,312
