time_s,raw,averaged
0.22,410,409
0.22,413,413
0.22,405,40410
0.22,404,403
0.22,408,409
0.22,404,404
0.22,406,406
0.22,408,406
0.22,405,406
0.22,412,410
0.22,407,406
0.22,414,414
0.22,409,409
0.22,419,417
0.22,410,409
0.23,413,413
0.29,398,399
0.29,397,395
0.29,391,391
0.29,401,401
0.29,397,394
0.29,392,393
0.29,399,398
0.29,393,392
0.29,396,395
0.29,398,396
0.29,389,388
0.29,396,397
0.29,397,394
0.29,391,390
0.29,396,396
0.29,391,391
0.29,391,393
0.29,398,397
0.29,390,388
0.29,392,393
0.29,394,392
0.29,387,385
0.29,391,392
0.29,390,389
0.29,387,387
0.29,390,388
0.29,384,384
0.29,391,389
0.29,381,381
0.29,392,392
0.29,383,382
0.29,390,390
0.29,383,381
0.29,387,389
0.29,381,380
0.29,387,388
0.29,382,382
0.29,385,385
0.29,384,382
0.29,384,383
0.29,384,384
0.29,382,381
0.29,389,387
0.29,379,380
0.29,390,389
0.29,380,381
0.29,388,390
0.29,382,382
0.29,393,394
0.29,388,386
0.29,393,394
0.29,391,389
0.29,394,395
0.29,394,393
0.29,395,396
0.29,396,397
0.29,395,396
0.29,400,397
0.29,395,396
0.29,401,401
0.29,396,394
0.29,403,403
0.29,396,394
0.29,404,404
0.29,395,394
0.29,403,404
0.29,398,397
0.29,402,403
0.29,400,398
0.29,400,401
0.3,399,395
0.31,395,396
0.31,398,396
0.32,389,392
0.38,396,397
0.38,393,392
0.38,398,397
0.38,389,391
0.38,402,402
0.38,394,392
0.39,401,401
0.44,393,393
0.44,398,399
0.44,397,394
0.44,399,399
0.44,397,395
0.44,394,396
0.45,396,394
0.5,393,392
0.5,396,394
0.5,386,389
0.5,396,393
0.5,385,386
0.51,393,393
0.52,386,384
0.58,393,392
0.58,384,384
0.58,388,388
0.58,385,383
0.58,390,389
0.58,385,383
0.58,386,388
0.64,390,386
0.64,387,386
0.64,391,389
0.64,387,387
0.64,394,392
0.64,384,387
0.65,396,395
0.71,387,387
0.71,399,399
0.71,389,389
0.71,395,396
0.71,390,389
0.71,397,396
0.71,393,391
0.77,397,397
0.77,396,394
0.77,396,398
0.77,398,394
0.77,393,394
0.77,397,397
0.78,395,394
0.83,398,398
0.83,392,391
0.83,400,399
0.83,394,392
0.83,402,401
0.84,393,392
0.85,401,401
0.91,395,393
0.91,399,398
0.91,396,394
0.91,399,399
0.91,397,396
0.91,399,398
0.91,401,399
0.97,395,398
0.97,402,402
0.97,396,398
0.97,405,404
0.97,393,395
0.97,408,406
0.98,398,396
1.03,406,405
1.03,396,396
1.03,402,402
1.03,398,397
1.03,400,401
1.03,399,397
1.04,399,401
1.1,401,400
1.1,393,396
1.1,401,400
1.1,393,395
1.1,401,400
1.1,394,395
1.11,406,405
1.17,396,396
1.17,404,404
1.17,399,397
1.17,405,406
1.17,401,398
1.17,401,404
1.17,402,399
1.24,403,405
1.24,402,403
1.24,401,404
1.24,408,406
1.24,402,404
1.24,410,410
1.24,401,403
1.32,414,411
1.32,401,403
1.32,412,411
1.32,403,404
1.32,413,413
1.32,405,405
1.32,412,412
1.32,405,404
1.33,408,411
1.33,406,405
1.39,406,407
1.39,407,405
1.39,405,406
1.39,407,406
1.39,400,401
1.39,406,407
1.4,398,400
1.45,409,407
1.45,401,401
1.45,409,407
1.46,400,400
1.46,410,410
1.46,402,401
1.46,406,407
1.52,405,402
1.52,405,404
1.52,405,403
1.52,404,406
1.52,406,404
1.52,400,401
1.53,407,405
1.59,399,400
1.59,406,405
1.59,398,398
1.6,406,405
1.6,397,397
1.6,405,405
1.6,397,397
1.66,406,405
1.66,400,396
1.66,401,400
1.66,400,399
1.66,397,399
1.66,401,399
1.66,394,397
1.72,401,400
1.72,396,397
1.72,401,402
1.72,395,394
1.72,404,403
1.72,394,392
1.73,399,400
1.78,392,390
1.78,399,397
1.78,390,388
1.78,393,392
1.78,389,388
1.78,389,390
1.79,385,385
1.84,385,386
1.84,387,385
1.84,384,384
1.84,391,390
1.84,385,383
1.85,392,390
1.86,381,383
1.92,396,394
1.92,385,383
1.92,391,391
1.92,385,383
1.92,390,389
1.92,383,382
1.92,387,387
1.98,382,382
1.98,385,384
1.98,386,384
1.98,379,382
1.98,389,386
1.98,379,380
1.99,387,387
2.05,383,382
2.05,390,389
2.05,380,381
2.05,388,390
2.05,382,380
2.05,390,388
2.05,377,377
2.11,379,382
2.11,376,374
2.11,372,375
2.11,374,371
2.11,367,368
2.11,371,370
2.12,367,368
2.17,375,372
2.17,367,366
2.17,372,373
2.17,366,366
2.17,376,374
2.18,366,366
2.19,376,376
2.24,369,368
2.24,377,377
2.24,371,369
2.24,375,377
2.24,374,371
2.24,371,373
2.25,377,374
2.31,371,372
2.31,378,377
2.31,372,372
2.31,378,378
2.31,374,372
2.31,381,381
2.32,374,372
2.38,381,381
2.38,374,373
2.38,381,382
2.38,379,376
2.38,381,380
2.38,381,379
2.38,379,381
2.44,382,381
2.44,378,379
2.44,387,384
2.44,381,382
2.44,388,387
2.44,382,381
2.45,391,390
2.5,381,382
2.5,389,390
2.5,383,383
2.5,392,391
2.5,386,384
2.5,387,387
2.51,380,380
2.56,386,385
2.56,382,382
2.56,383,383
2.56,386,383
2.56,379,380
2.57,385,384
2.58,380,381
2.64,387,386
2.64,381,380
2.64,388,386
2.64,380,381
2.64,386,387
2.64,380,380
2.64,383,385
2.7,382,379
2.71,383,385
2.71,385,382
2.71,385,385
2.71,388,386
2.71,383,387
2.71,389,390
2.77,389,390
2.77,398,396
2.77,386,388
2.77,397,396
2.77,389,389
2.77,395,394
2.78,390,388
2.83,392,395
2.83,390,388
2.83,395,394
2.83,392,390
2.83,394,395
2.83,392,391
2.84,392,393
2.89,397,393
2.89,387,390
2.89,396,396
2.89,390,389
2.89,397,396
2.9,385,387
2.91,397,397
2.97,390,388
2.97,396,395
2.97,391,389
2.97,392,393
2.97,392,390
2.97,394,394
2.97,391,389
3.02,392,392
3.02,394,391
3.02,388,390
3.02,394,392
3.02,391,392
3.03,395,394
3.04,386,386
3.09,393,394
3.09,387,386
3.09,395,396
3.09,385,385
3.09,393,394
3.09,387,387
3.1,394,394
3.16,392,389
3.16,394,394
3.16,393,392
3.16,391,394
3.16,395,394
3.16,394,394
3.17,398,399
3.22,390,392
3.22,401,399
3.22,391,390
3.22,402,401
3.22,391,389
3.23,398,399
3.23,391,391
3.28,397,397
3.28,391,390
3.28,391,392
3.28,393,389
3.28,389,390
3.29,392,390
3.3,389,389
3.36,393,390
3.36,383,384
3.36,392,390
3.36,385,384
3.36,393,392
3.36,381,382
3.37,393,391
3.43,384,382
3.43,391,391
3.43,383,382
3.43,386,387
3.43,386,384
3.43,381,383
3.43,385,383
3.49,381,382
3.49,385,382
3.49,379,380
3.49,382,382
3.49,376,377
3.49,384,383
3.5,375,375
3.55,384,383
3.55,377,375
3.55,384,386
3.55,378,376
3.55,382,384
3.55,379,376
3.56,381,382
3.61,381,379
3.61,379,381
3.61,379,377
3.61,376,376
3.61,382,381
3.62,374,375
3.63,379,380
3.68,374,376
3.68,383,382
3.68,375,372
3.68,383,382
3.68,372,371
3.68,377,379
3.69,374,371
3.75,376,378
3.75,374,372
3.75,374,375
3.75,376,373
3.75,372,372
3.75,375,374
3.76,371,371
3.82,378,375
3.82,366,368
3.82,380,378
3.82,366,368
3.82,379,379
3.82,371,369
3.82,379,380
3.88,374,370
3.88,379,378
3.88,378,374
3.88,380,381
3.88,379,376
3.88,378,379
3.89,382,379
3.94,379,380
3.94,384,382
3.94,379,380
3.94,385,384
3.94,377,376
3.95,386,385
3.95,380,378
4.02,388,386
4.02,380,378
4.02,386,385
4.02,381,378
4.02,385,386
4.02,383,381
4.02,385,385
4.08,382,383
4.08,385,384
4.08,386,386
4.08,383,386
4.08,391,389
4.08,385,384
4.09,393,392
4.14,384,384
4.14,391,393
4.14,385,384
4.14,393,394
4.14,387,386
4.14,393,392
4.15,387,387
4.2,390,392
4.2,392,389
4.2,392,391
4.2,393,392
4.2,391,391
4.21,396,394
4.22,388,388
4.28,396,394
4.28,387,388
4.28,397,396
4.28,386,386
4.28,396,396
4.28,388,386
4.28,395,395
4.34,389,388
4.34,394,395
4.34,391,388
4.34,391,391
4.34,391,387
4.34,388,387
4.35,391,388
4.4,385,386
4.4,389,388
4.4,384,383
4.4,390,389
4.4,379,380
4.41,391,390
4.41,380,379
4.47,387,387
4.47,379,377
4.47,382,385
4.47,380,378
4.47,382,382
4.47,382,379
4.48,380,381
4.54,381,378
4.54,377,378
4.54,382,381
4.54,376,375
4.54,383,381
4.54,374,374
4.54,381,381
4.6,371,373
4.6,380,381
4.6,373,371
4.6,379,378
4.6,374,373
4.6,377,378
4.61,375,372
4.67,373,375
4.67,376,372
4.67,370,372
4.67,375,375
4.67,372,371
4.67,378,375
4.68,369,370
4.73,376,377
4.73,366,366
4.73,376,378
4.73,370,368
4.73,378,377
4.73,370,368
4.74,376,376
4.79,371,370
4.79,373,374
4.79,375,373
4.79,373,374
4.79,376,374
4.8,372,374
4.81,378,377
4.87,372,372
4.87,383,381
4.87,372,372
4.87,381,381
4.87,373,370
4.87,379,381
4.87,374,372
4.93,379,379
4.93,377,374
4.93,381,380
4.93,377,374
4.93,378,379
4.93,381,378
4.94,378,377
4.99,381,378
4.99,374,374
4.99,382,379
4.99,371,372
4.99,380,380
5.0,369,371
5.0,381,380
5.06,371,368
5.06,378,377
5.06,369,369
5.06,374,376
5.06,371,369
5.06,375,374
5.07,373,371
5.13,373,373
5.13,375,375
5.13,370,371
5.13,377,375
5.13,368,370
5.13,376,377
5.13,367,367
5.2,377,376
5.2,367,368
5.2,374,374
5.2,366,365
5.2,374,374
5.2,369,368
5.2,373,373
5.26,372,371
5.26,369,372
5.26,373,371
5.26,370,371
5.26,374,372
5.26,369,368
5.27,376,374
5.32,365,366
5.32,375,375
5.32,367,367
5.32,376,377
5.32,365,365
5.32,374,373
5.33,365,364
5.38,371,370
5.38,367,365
5.38,371,371
5.38,370,367
5.38,369,370
5.39,371,370
5.4,368,370
5.45,375,374
5.45,367,367
5.45,377,376
5.45,364,366
5.45,376,374
5.45,366,364
5.46,372,372
5.52,366,364
5.52,372,372
5.52,366,364
5.52,372,372
5.52,370,366
5.52,368,369
5.53,371,368
5.59,369,370
5.59,373,370
5.59,368,369
5.59,373,372
5.59,366,366
5.59,374,373
5.59,364,365
5.65,372,373
5.65,365,364
5.65,371,371
5.65,364,364
5.65,370,370
5.65,363,363
5.66,367,369
5.71,367,365
5.71,366,366
5.71,367,365
5.71,361,363
5.71,367,365
5.72,360,361
5.72,369,370
5.79,359,361
5.79,369,369
5.79,361,359
5.79,368,367
5.79,362,360
5.79,367,367
5.79,358,359
5.85,369,368
5.85,363,360
5.85,362,365
5.85,363,363
5.85,361,362
5.85,369,366
5.86,362,362
5.91,368,368
5.91,362,361
5.91,368,369
5.91,360,361
5.91,374,372
5.91,363,364
5.92,369,371
5.97,369,367
5.97,372,373
5.97,367,368
5.97,374,373
5.97,368,365
5.98,365,368
5.99,372,371
6.05,366,368
6.05,373,372
6.05,367,368
6.05,374,373
6.05,368,369
6.05,378,376
6.05,368,367
6.11,376,376
6.11,366,368
6.11,373,375
6.11,370,368
6.11,369,371
6.12,370,368
6.12,368,370
6.18,371,369
6.18,368,369
6.18,374,372
6.18,367,367
6.18,375,373
6.18,364,364
6.18,375,373
6.24,366,363
6.24,375,374
6.24,363,363
6.24,370,372
6.24,365,365
6.24,372,372
6.25,368,367
6.3,374,372
6.3,372,370
6.3,372,372
6.3,377,375
6.3,371,371
6.31,375,374
6.31,370,371
6.38,379,378
6.38,369,369
6.38,380,379
6.38,371,370
6.38,379,381
6.38,373,373
6.38,380,380
6.44,375,373
6.44,378,377
6.44,376,373
6.44,374,376
6.44,374,374
6.44,375,374
6.45,378,376
6.51,374,373
6.51,377,376
6.51,368,369
6.51,378,377
6.51,370,370
6.51,375,377
6.51,369,369
6.57,378,378
6.57,372,371
6.57,373,376
6.57,371,371
6.57,372,373
6.57,374,372
6.58,371,372
6.63,375,374
6.63,370,372
6.63,376,375
6.63,369,368
6.63,375,374
6.63,365,367
6.64,374,375
6.69,367,366
6.69,378,377
6.69,368,367
6.69,374,375
6.69,371,367
6.7,369,373
6.71,371,370
6.77,371,371
6.77,374,372
6.77,371,371
6.77,374,373
6.77,368,367
6.77,375,374
6.77,366,365
6.83,372,373
6.83,364,366
6.83,376,374
6.83,370,369
6.83,375,378
6.83,367,367
6.84,377,377
6.89,372,370
6.89,373,373
6.89,375,372
6.89,371,374
6.89,376,377
6.9,370,371
6.9,379,377
6.96,370,370
6.96,380,379
6.96,370,369
6.96,379,378
6.96,369,367
6.96,376,376
6.97,368,368
7.03,374,374
7.03,369,367
7.03,373,373
7.03,371,369
7.03,372,372
7.03,372,371
7.03,370,370
7.1,375,374
7.1,368,369
7.1,377,375
7.1,367,367
7.1,376,374
7.1,367,365
7.1,373,374
7.16,365,365
7.16,372,372
7.16,367,365
7.16,373,374
7.16,368,367
7.16,369,371
7.17,370,368
7.22,369,370
7.22,375,372
7.22,369,370
7.22,377,375
7.22,372,372
7.22,375,375
7.23,365,367
7.28,375,376
7.28,366,365
7.28,375,376
7.28,371,368
7.28,373,375
7.29,371,370
7.3,377,376
7.36,371,371
7.36,372,372
7.36,375,374
7.36,372,372
7.36,379,377
7.36,374,373
7.36,381,378
7.42,371,371
7.42,377,379
7.42,371,371
7.42,381,380
7.42,375,372
7.42,376,379
7.43,373,371
7.48,379,379
7.48,377,375
7.48,376,376
7.48,376,374
7.48,372,372
7.49,377,375
7.49,370,372
7.55,375,374
7.55,369,370
7.55,377,377
7.55,368,368
7.55,378,376
7.55,366,368
7.56,377,376
7.62,370,368
7.62,374,376
7.62,371,369
7.62,371,373
7.62,372,371
7.62,372,371
7.62,374,372
7.69,367,370
7.69,375,373
7.69,366,367
7.69,377,376
7.69,367,368
7.69,379,378
7.69,368,370
7.75,379,378
7.75,370,371
7.75,380,379
7.75,372,371
7.75,378,377
7.75,373,372
7.76,372,374
7.81,373,372
7.81,374,374
7.81,378,375
7.81,372,370
7.81,378,375
7.81,370,369
7.82,379,377
7.87,370,368
7.87,376,376
7.87,371,370
7.87,378,377
7.87,370,367
7.88,374,373
7.89,369,367
7.95,373,373
7.95,366,365
7.95,367,368
7.95,367,367
7.95,365,366
7.95,370,369
7.95,361,364
8.02,371,370
8.02,361,361
8.02,369,369
8.02,359,360
8.02,370,369
8.02,360,361
8.02,370,369
8.08,365,362
8.08,366,366
8.08,363,363
8.08,365,366
8.08,366,364
8.08,364,363
8.08,363,362
8.14,357,359
8.14,367,366
8.14,358,358
8.14,369,367
8.14,361,359
8.14,368,368
8.15,359,357
8.2,367,366
8.2,360,359
8.2,364,366
8.2,363,361
8.2,365,366
8.21,365,363
8.21,362,365
8.26,362,363
8.26,363,364
8.27,369,369
8.27,361,361
8.27,371,370
8.27,364,363
8.28,370,369
8.34,362,362
8.34,371,370
8.34,364,362
8.34,368,368
8.34,363,362
8.34,366,366
8.35,365,363
8.4,365,366
8.4,368,366
8.4,362,363
8.4,366,364
8.4,358,360
8.4,366,366
8.41,362,361
8.47,372,369
8.47,359,360
8.47,371,370
8.47,360,360
8.47,370,369
8.47,364,363
8.48,368,368
8.53,365,366
8.53,369,369
8.53,369,369
8.53,367,366
8.53,370,368
8.53,362,364
8.54,372,370
8.59,365,364
8.59,374,372
8.59,364,364
8.59,373,373
8.59,367,366
8.6,373,373
8.61,367,365
8.67,371,373
8.67,367,366
8.67,371,373
8.67,372,368
8.67,369,370
8.67,369,368
8.67,368,367
8.73,371,370
8.73,363,364
8.73,369,368
8.73,361,361
8.73,374,372
8.73,366,365
8.74,371,370
8.79,366,364
8.79,371,370
8.79,367,365
8.79,370,370
8.79,365,366
8.8,368,368
8.8,365,365
8.86,366,366
8.86,367,365
8.86,364,366
8.86,368,366
8.86,359,361
8.86,367,367
8.87,361,360
8.93,368,367
8.93,358,359
8.93,365,367
8.93,359,358
8.93,364,365
8.93,359,359
8.94,364,364
9.0,364,361
9.0,359,362
9.0,363,362
9.0,360,360
9.0,363,362
9.0,357,357
9.0,361,363
9.06,357,356
9.06,366,363
9.06,353,352
9.06,363,362
9.06,354,353
9.06,360,360
9.07,355,355
9.12,361,360
9.12,359,357
9.12,359,361
9.12,360,358
9.12,357,359
9.12,360,359
9.13,355,357
9.18,364,361
9.18,355,355
9.18,361,362
9.18,354,354
9.19,363,364
9.19,353,355
9.2,362,362
9.26,360,357
9.26,363,362
9.26,359,358
9.26,361,362
9.26,359,358
9.26,360,360
9.26,361,358
9.32,358,358
9.32,361,359
9.32,358,357
9.32,362,361
9.32,356,356
9.32,360,359
9.33,355,354
9.39,364,362
9.39,357,356
9.39,362,363
9.39,359,358
9.39,362,363
9.39,357,357
9.39,364,365
9.45,363,361
9.45,358,358
9.45,363,361
9.45,360,359
9.45,364,364
9.45,357,358
9.46,366,368
9.51,360,359
9.51,368,369
9.51,360,358
9.51,367,367
9.51,363,361
9.52,366,366
9.53,360,359
9.59,363,364
9.59,363,360
9.59,360,362
9.59,366,365
9.59,364,364
9.59,369,367
9.59,362,362
9.65,367,368
9.65,361,362
9.65,369,369
9.65,362,361
9.65,367,368
9.65,364,362
9.66,371,370
9.71,364,363
9.71,372,372
9.71,368,366
9.71,368,369
9.71,370,368
9.71,369,369
9.72,374,370
9.77,367,367
9.77,371,370
9.77,365,366
9.77,373,371
9.77,363,364
9.78,370,373
9.79,367,364
9.84,371,371
9.84,362,363
9.84,371,372
9.84,368,365
9.84,368,369
9.84,369,367
9.85,367,367
9.92,370,368
9.92,365,365
9.92,369,371
9.92,365,365
9.92,374,372
9.92,362,363
9.92,371,372
9.98,366,365
9.98,374,373
9.98,368,367
9.98,374,374
9.98,369,367
9.98,372,372
9.98,369,369
10.04,369,370
10.04,371,371
10.04,370,371
10.04,374,371
10.04,370,371
10.04,376,375
10.05,367,366
10.1,376,374
10.1,370,368
10.1,373,375
10.1,369,368
10.1,374,373
10.11,370,368
10.12,372,371
10.17,369,368
10.17,369,369
10.17,367,366
10.17,366,366
10.17,366,364
10.17,364,364
10.18,369,369
10.24,363,362
10.24,370,368
10.24,361,360
10.24,371,370
10.24,359,360
10.24,369,368
10.25,361,359
10.31,365,365
10.31,359,358
10.31,362,362
10.31,363,360
10.31,359,360
10.31,361,360
10.32,357,357
10.32,360,360
10.33,357,357
10.34,362,360
10.4,353,354
10.4,364,363
10.4,352,353
10.4,358,360
10.4,355,353
10.4,358,360
10.41,352,351
10.46,358,358
10.46,357,355
10.46,361,360
10.46,358,356
10.46,357,358
10.46,361,359
10.47,355,357
10.52,361,359
10.52,352,355
10.52,362,362
10.52,354,353
10.52,359,360
10.53,351,352
10.54,362,360
10.59,352,351
10.59,360,360
10.59,355,352
10.59,356,356
10.59,353,352
10.59,354,357
10.6,357,357
10.66,353,354
10.66,357,358
10.66,355,354
10.66,360,358
10.66,353,353
10.66,362,362
10.67,354,353
10.73,360,362
10.73,353,351
10.73,359,359
10.73,353,351
10.73,357,357
10.73,354,353
10.73,357,358
10.79,359,356
10.79,355,356
10.79,359,358
10.79,356,356
10.79,361,357
10.79,354,354
10.8,359,357
10.85,350,351
10.85,360,360
10.85,352,351
10.85,358,357
10.85,352,348
10.86,357,357
10.86,351,350
10.92,353,353
10.92,350,349
10.92,350,351
10.92,351,350
10.92,347,351
10.92,354,351
10.93,347,347
10.99,355,354
10.99,349,348
10.99,357,355
10.99,345,347
10.99,358,356
10.99,349,348
11.0,354,357
11.06,348,349
11.06,355,355
11.06,351,351
11.06,356,354
11.06,356,354
11.06,350,351
11.06,352,353
11.12,350,350
11.12,354,353
11.12,345,347
11.12,355,356
11.12,348,347
11.12,355,355
11.13,348,347
11.18,356,354
11.18,350,347
11.18,353,355
11.18,352,351
11.18,357,356
11.18,357,354
11.19,356,356
11.24,358,356
11.24,354,356
11.24,361,360
11.24,353,355
11.24,362,360
11.25,355,355
11.26,361,363
11.32,356,355
11.32,365,363
11.32,354,353
11.32,360,360
11.32,354,353
11.32,359,358
11.32,354,354
11.38,357,357
11.38,357,355
11.38,355,356
11.38,353,353
11.38,352,353
11.38,360,357
11.39,349,352
11.44,358,356
11.44,349,350
11.44,358,358
11.44,349,348
11.44,359,357
11.45,352,351
11.45,355,356
11.51,352,351
11.51,354,357
11.51,357,355
11.51,355,357
11.51,356,355
11.51,355,355
11.52,359,356
11.58,354,352
11.58,361,358
11.58,351,352
11.59,362,360
11.59,353,351
11.59,361,362
11.59,353,352
11.65,357,359
11.65,354,351
11.65,357,358
11.65,355,354
11.65,355,356
11.65,359,356
11.65,355,355
11.71,359,357
11.71,353,352
11.71,359,356
11.71,351,352
11.71,361,360
11.71,353,352
11.72,362,361
11.77,353,351
11.77,358,357
11.77,352,350
11.77,357,356
11.77,355,353
11.77,356,358
11.78,357,356
11.83,354,357
11.83,361,359
11.83,352,354
11.83,360,361
11.83,353,355
11.84,363,364
11.85,353,352
11.91,362,359
11.91,350,351
11.91,359,359
11.91,352,350
11.91,356,355
11.91,351,351
11.91,356,355
11.97,352,350
11.97,350,351
11.97,349,347
11.97,346,346
11.97,351,349
11.97,342,344
11.98,351,349
12.04,341,342
12.04,349,347
12.04,341,342
12.04,352,350
12.04,341,340
12.04,348,348
12.04,343,343
12.1,348,348
12.1,345,342
12.1,345,345
12.1,348,345
12.1,343,344
12.1,348,346
12.11,342,340
12.16,348,347
12.16,342,341
12.16,347,345
12.16,339,339
12.16,347,346
12.17,339,337
12.18,344,346
12.24,341,338
12.24,344,345
12.24,343,341
12.24,347,346
12.24,345,342
12.24,345,345
12.24,349,347
12.3,344,345
12.3,352,351
12.3,346,346
12.3,355,353
12.3,344,344
12.3,355,357
12.31,344,344
12.36,355,355
12.36,345,344
12.36,354,353
12.36,346,343
12.36,347,350
12.36,346,343
12.37,345,347
12.43,345,343
12.43,340,341
12.43,346,343
12.43,340,340
12.43,350,348
12.43,336,337
12.44,349,345
12.49,323,323
12.49,330,331
12.49,315,315
12.49,328,326
12.49,315,313
12.49,323,324
12.5,315,312
12.55,319,319
12.55,318,314
12.55,314,316
12.55,320,316
12.55,309,312
12.56,321,320
12.57,311,313
12.63,327,326
12.63,311,311
12.63,324,324
12.63,312,310
12.63,326,327
12.63,317,315
12.63,327,328
12.69,316,316
12.69,322,323
12.69,320,318
12.69,323,324
12.69,327,325
12.69,321,324
12.7,324,322
12.76,317,319
12.76,324,322
12.76,307,307
12.76,319,318
12.76,307,305
12.76,312,312
12.77,302,300
12.82,313,312
12.82,303,300
12.82,309,310
12.82,303,301
12.82,298,297
12.82,296,294
12.83,293,294
12.88,295,294
12.88,290,290
12.88,296,293
12.88,287,288
12.88,303,302
12.89,299,302
12.9,320,319
12.96,309,311
12.96,327,327
12.96,317,318
12.96,329,327
12.96,308,308
12.96,321,322
12.96,323,318
13.02,320,322
13.02,326,323
13.02,323,323
13.02,331,329
13.02,324,327
13.02,338,339
13.03,332,336
13.08,352,349
13.08,341,340
13.08,357,356
13.08,342,340
13.08,355,357
13.08,349,347
13.09,355,357
13.15,353,350
13.15,354,356
13.15,351,349
13.15,353,355
13.15,356,354
13.15,351,353
13.16,360,358
13.21,350,350
13.21,360,359
13.21,349,349
13.21,363,362
13.21,350,350
13.22,363,364
13.22,352,351
13.29,364,363
13.29,356,353
13.29,361,363
13.29,360,356
13.29,356,359
13.29,361,360
13.29,353,355
13.35,366,363
13.35,358,359
13.35,376,374
13.35,365,367
13.35,386,385
13.35,376,376
13.35,394,393
13.41,383,382
13.41,397,398
13.41,390,388
13.41,396,399
13.41,392,391
13.41,397,400
13.42,401,399
13.47,399,400
13.47,407,402
13.47,400,400
13.47,413,411
13.47,400,402
13.48,416,415
13.49,402,403
13.54,418,416
13.54,405,403
13.54,417,418
13.54,407,404
13.54,415,416
13.54,404,403
13.55,410,409
13.61,406,404
13.61,407,408
13.61,402,400
13.61,391,392
13.61,396,392
13.61,379,381
13.62,390,388
13.68,374,373
13.68,386,385
13.68,368,366
13.68,379,379
13.68,367,365
13.68,371,374
13.68,363,360
13.74,368,368
13.74,358,356
13.74,358,359
13.74,359,356
13.74,354,353
13.74,358,355
13.75,350,353
13.8,360,356
13.8,344,345
13.8,358,359
13.8,342,341
13.8,356,355
13.81,343,342
13.81,355,356
13.88,344,343
13.88,352,353
13.88,346,345
13.88,355,357
13.88,355,350
13.88,355,356
13.88,356,353
13.94,350,351
13.94,357,354
13.94,347,348
13.94,359,357
13.94,349,350
13.94,366,364
13.94,352,350
14.0,367,366
14.0,355,351
14.0,365,367
14.0,361,359
14.0,370,372
14.0,375,372
14.01,381,381
14.06,382,379
14.06,383,384
14.06,390,387
14.06,386,387
14.06,397,395
14.07,383,386
14.08,405,403
14.13,395,394
14.13,411,410
14.13,402,400
14.13,413,415
14.13,407,405
14.13,416,415
14.14,409,407
14.2,416,418
14.2,415,412
14.2,413,416
14.2,420,416
14.2,410,414
14.2,422,419
14.21,411,410
14.27,424,421
14.27,405,406
14.27,418,419
14.27,403,403
14.27,415,415
14.27,405,403
14.27,413,416
14.33,406,402
14.33,410,411
14.33,405,401
14.33,402,403
14.33,402,400
14.33,394,398
14.34,402,398
14.39,393,394
14.39,400,398
14.39,386,385
14.39,400,398
14.39,381,383
14.4,396,396
14.4,382,378
14.45,393,393
14.45,380,377
14.45,387,388
14.45,380,378
14.45,384,385
14.46,380,379
14.47,381,382
14.53,385,383
14.53,377,379
14.53,384,381
14.53,370,372
14.53,382,382
14.53,366,366
14.53,381,380
14.59,365,363
14.59,375,376
14.59,363,360
14.59,370,373
14.59,363,360
14.59,370,372
14.6,363,361
14.66,362,363
14.66,363,359
14.66,357,361
14.66,365,362
14.66,351,353
14.66,364,364
14.67,353,353
14.72,366,364
14.72,351,350
14.72,368,366
14.72,349,349
14.72,362,361
14.72,351,349
14.73,358,358
14.79,352,349
14.79,353,355
14.79,353,351
14.79,355,354
14.79,355,353
14.79,350,351
14.8,359,358
14.86,347,348
14.86,358,357
14.86,344,345
14.86,359,357
14.86,344,344
14.86,354,354
14.86,343,341
14.92,355,355
14.92,344,341
14.92,349,350
14.92,345,341
14.92,341,343
14.92,345,343
14.93,340,340
14.98,344,343
14.98,336,336
14.98,348,345
14.98,333,334
14.98,346,346
14.99,332,331
14.99,342,342
15.06,329,329
15.06,339,339
15.06,329,327
15.06,331,331
15.06,323,322
15.06,319,319
15.06,311,307
15.12,303,306
15.12,308,307
15.12,301,303
15.12,309,309
15.12,302,303
15.12,315,315
15.12,307,306
15.18,322,321
15.18,310,308
15.18,321,322
15.18,314,313
15.18,324,324
15.18,319,315
15.19,323,326
15.24,326,322
15.24,325,325
15.24,330,327
15.24,326,327
15.25,334,331
15.25,321,324
15.26,337,335
15.31,328,328
15.31,340,338
15.31,326,325
15.31,335,334
15.31,322,320
15.31,331,331
15.32,320,318
15.39,321,321
15.39,319,317
15.39,324,324
15.39,326,323
15.39,327,328
15.39,334,332
15.39,331,333
15.45,343,341
15.45,333,335
15.45,349,348
15.45,338,337
15.45,351,349
15.45,341,340
15.45,353,355
15.51,349,346
15.51,358,357
15.51,353,350
15.51,358,359
15.51,357,356
15.51,359,359
15.52,361,362
15.57,358,360
15.57,367,364
15.57,358,360
15.57,369,368
15.57,355,356
15.57,370,369
15.58,361,359
15.64,372,372
15.64,364,361
15.64,370,370
15.64,364,362
15.64,369,371
15.64,366,363
15.65,367,369
15.7,368,367
15.7,366,366
15.7,374,371
15.7,363,365
15.7,377,374
15.71,362,362
15.71,373,373
15.78,362,361
15.78,373,373
15.78,362,360
15.78,373,372
15.78,365,362
15.78,371,372
15.78,369,367
15.84,370,372
15.84,374,372
15.84,373,373
15.84,375,373
15.84,368,370
15.84,379,377
15.85,368,371
15.9,377,378
15.9,367,366
15.9,380,378
15.9,367,366
15.9,376,378
15.9,366,364
15.91,374,373
15.96,366,366
15.96,369,372
15.96,369,367
15.96,369,370
15.96,369,367
15.97,366,367
15.98,372,370
16.03,363,363
16.03,373,371
16.03,364,363
16.03,372,370
16.03,357,359
16.03,373,372
16.04,363,361
16.11,372,372
16.11,366,363
16.11,368,371
16.11,364,363
16.11,367,369
16.11,369,367
16.11,365,368
16.17,374,371
16.17,363,365
16.17,371,369
16.17,362,362
16.17,375,373
16.17,360,361
16.17,375,372
16.23,358,358
16.23,372,373
16.23,359,358
16.23,369,369
16.23,363,362
16.23,370,371
16.24,368,365
16.29,364,367
16.29,371,367
16.29,361,363
16.29,366,367
16.29,361,361
16.3,367,366
16.3,358,358
16.35,372,370
16.35,357,357
16.35,367,369
16.35,361,360
16.35,369,369
16.36,359,358
16.37,368,369
16.43,367,363
16.43,362,363
16.43,366,363
16.43,359,359
16.43,364,361
16.43,353,355
16.43,359,358
16.49,349,349
16.49,360,359
16.49,348,347
16.49,361,359
16.49,345,345
16.49,354,355
16.5,347,345
16.55,353,353
16.56,346,344
16.56,350,349
16.56,348,346
16.56,345,347
16.56,346,343
16.57,344,346
16.62,349,348
16.62,338,340
16.62,349,349
16.62,338,339
16.62,352,351
16.62,338,337
16.63,350,350
16.7,336,337
16.7,345,345
16.7,338,338
16.7,346,345
16.7,341,337
16.7,341,342
16.7,343,339
16.76,337,339
16.76,343,341
16.76,336,339
16.76,346,344
16.76,335,335
16.76,350,348
16.76,334,335
16.82,344,346
16.82,336,334
16.82,349,350
16.82,336,337
16.82,347,347
16.82,340,339
16.83,347,346
16.88,345,342
16.88,345,346
16.88,349,345
16.88,340,342
16.88,350,347
16.89,338,341
16.89,349,348
16.95,337,340
16.95,350,349
16.95,338,338
16.95,352,353
16.95,341,340
16.95,351,352
16.96,344,343
17.01,350,350
17.01,349,345
17.01,346,348
17.01,349,347
17.01,350,350
17.02,354,350
17.02,348,349
17.09,355,354
17.09,347,348
17.09,358,357
17.09,346,346
17.09,359,359
17.09,348,348
17.09,359,360
17.15,348,346
17.15,357,360
17.15,354,351
17.15,354,356
17.15,356,353
17.15,353,357
17.16,359,359
17.21,356,358
17.21,364,361
17.21,355,356
17.21,361,362
17.21,352,351
17.21,363,363
17.22,352,351
17.28,363,361
17.28,352,349
17.28,362,361
17.28,351,351
17.28,356,359
17.28,353,353
17.29,358,360
17.34,356,356
17.34,352,354
17.34,361,358
17.34,352,352
17.34,359,359
17.34,347,347
17.35,361,360
17.42,350,348
17.42,361,360
17.42,346,345
17.42,355,355
17.42,345,344
17.42,351,353
17.42,348,345
17.48,349,351
17.48,348,346
17.48,346,347
17.48,350,348
17.48,344,343
17.48,350,350
17.48,343,343
17.54,353,352
17.54,342,345
17.54,358,355
17.54,343,344
17.54,357,356
17.54,346,343
17.55,358,358
17.6,351,349
17.6,355,356
17.6,357,354
17.6,360,360
17.6,364,362
17.61,356,359
17.61,370,367
17.67,361,363
17.67,372,370
17.67,360,360
17.67,372,372
17.67,360,361
17.67,376,374
17.68,360,360
17.74,372,373
17.74,361,362
17.74,371,374
17.74,367,363
17.74,369,369
17.74,367,367
17.75,369,369
17.81,369,368
17.81,365,365
17.81,373,370
17.81,363,363
17.81,373,371
17.81,360,359
17.81,371,370
17.87,363,361
17.87,370,370
17.87,362,358
17.87,371,373
17.87,362,359
17.87,368,369
17.88,364,362
17.89,363,365
17.9,366,363
17.91,358,361
17.96,367,365
17.96,360,361
17.96,365,364
17.96,354,354
17.96,366,366
17.96,353,351
17.97,366,365
18.02,349,350
18.02,360,359
18.02,350,347
18.02,357,358
18.02,351,348
18.03,348,350
18.04,347,345
18.1,346,348
18.1,350,347
18.1,339,341
18.1,347,346
18.1,337,340
18.1,349,348
18.1,337,338
18.16,346,346
18.16,332,332
18.16,345,344
18.16,331,332
18.16,342,344
18.16,336,334
18.17,338,341
18.23,337,336
18.23,335,336
18.23,340,336
18.23,336,337
18.23,344,341
18.23,338,339
18.23,349,346
18.29,340,340
18.29,346,347
18.29,336,337
18.29,350,349
18.29,340,338
18.29,351,350
18.3,341,339
18.35,351,350
18.35,345,342
18.35,349,349
18.35,347,345
18.35,346,345
18.36,350,349
18.36,340,343
18.43,350,350
18.43,341,344
18.43,355,353
18.43,342,343
18.43,355,354
18.43,344,342
18.43,353,351
18.49,341,340
18.49,351,351
18.49,345,343
18.49,347,348
18.49,348,346
18.49,345,346
18.5,348,345
18.55,343,346
18.55,350,350
18.55,343,343
18.55,353,351
18.55,340,341
18.55,352,353
18.56,343,341
18.62,354,352
18.62,343,343
18.62,349,350
18.62,345,344
18.62,351,351
18.62,349,347
18.63,350,349
18.68,346,345
18.68,343,345
18.68,347,345
18.68,341,340
18.68,352,348
18.68,337,338
18.69,351,349
18.76,341,340
18.76,350,350
18.76,339,339
18.76,351,349
18.76,339,337
18.76,349,350
18.76,341,340
18.82,344,345
18.82,345,343
18.82,340,343
18.82,344,341
18.82,338,339
18.82,349,347
18.82,337,338
18.88,348,347
18.88,335,334
18.88,347,345
18.88,333,334
18.88,346,347
18.88,335,335
18.89,348,348
18.94,339,337
18.94,347,348
18.94,345,341
18.94,345,344
18.94,344,341
18.95,343,342
18.95,347,343
19.01,337,338
19.01,348,347
19.01,336,340
19.01,351,349
19.01,333,333
19.01,348,349
19.02,335,335
19.08,348,348
19.08,337,336
19.08,345,346
19.08,340,338
19.08,345,345
19.08,344,341
19.08,339,341
19.15,340,338
19.15,335,337
19.15,345,343
19.15,332,335
19.15,345,344
19.15,333,333
19.15,348,346
19.21,333,331
19.21,341,341
19.21,332,330
19.21,339,340
19.21,334,331
19.21,338,340
19.22,332,329
19.27,333,336
19.27,336,333
19.27,329,331
19.27,335,334
19.27,331,332
19.27,338,337
19.28,326,327
19.33,338,336
19.33,325,326
19.33,337,336
19.33,323,323
19.33,338,337
19.34,327,324
19.35,336,335
19.41,325,323
19.41,330,333
19.41,329,326
19.41,330,330
19.41,335,333
19.41,324,328
19.41,336,334
19.47,327,328
19.47,343,341
19.47,329,329
19.47,343,342
19.47,328,328
19.47,343,344
19.48,334,334
19.54,345,345
19.54,332,332
19.54,342,344
19.54,338,336
19.54,340,340
19.54,341,339
19.54,339,340
19.6,346,342
19.6,335,337
19.6,347,344
19.6,337,335
19.6,349,348
19.6,335,333
19.61,348,349
19.66,338,336
19.66,352,352
19.66,343,341
19.66,352,353
19.66,346,344
19.67,350,352
19.67,350,346
19.73,351,352
19.73,352,351
19.73,349,351
19.73,360,359
19.73,348,349
19.73,361,361
19.74,351,350
19.8,365,365
19.8,352,352
19.8,368,368
19.8,357,354
19.8,367,367
19.8,360,358
19.81,366,367
19.87,362,360
19.87,363,365
19.87,367,364
19.87,361,363
19.87,367,364
19.87,357,358
19.87,371,368
19.93,357,360
19.93,373,372
19.93,355,354
19.93,369,369
19.93,358,357
19.93,367,368
19.94,357,357
19.99,365,367
19.99,361,358
19.99,363,363
19.99,360,359
19.99,361,360
19.99,364,360
20.0,355,355
20.05,367,364
20.05,353,354
20.05,363,362
20.05,350,351
20.05,365,364
20.06,350,350
20.07,364,365
20.13,352,352
20.13,363,365
20.13,357,355
20.13,358,361
20.13,357,356
20.13,357,360
20.13,361,359
20.19,356,357
20.19,360,360
20.19,354,354
20.19,364,362
20.19,352,351
20.19,365,364
20.2,349,350
20.26,363,363
20.26,352,349
20.26,360,361
20.26,356,353
20.26,361,361
20.26,355,352
20.26,356,358
20.32,356,355
20.32,356,356
20.32,361,359
20.32,354,356
20.32,366,363
20.32,349,350
20.33,362,361
20.4,352,350
20.4,361,360
20.4,349,347
20.4,362,360
20.4,346,347
20.4,360,360
20.4,349,348
20.46,350,352
20.46,354,350
20.46,349,350
20.46,353,350
20.46,349,349
20.46,355,352
20.46,344,346
20.52,355,354
20.52,340,341
20.52,354,352
20.52,342,340
20.52,352,352
20.52,342,340
20.53,352,350
20.58,338,338
20.58,347,347
20.58,341,340
20.58,342,342
20.58,342,339
20.58,339,340
20.59,343,342
20.64,337,338
20.64,346,345
20.64,339,338
20.64,347,346
20.64,338,337
20.65,348,347
20.66,339,338
20.72,346,347
20.72,337,337
20.72,346,347
20.72,341,338
20.72,343,343
20.72,341,339
20.72,341,343
20.78,346,344
20.78,338,338
20.78,351,349
20.78,336,340
20.78,350,349
20.78,339,337
20.79,353,351
20.85,339,338
20.85,352,353
20.85,338,338
20.85,345,347
20.85,344,341
20.85,348,347
20.85,346,343
20.91,344,345
20.91,348,345
20.91,339,341
20.91,349,345
20.91,339,339
20.91,348,346
20.92,334,336
20.97,347,346
20.97,338,337
20.97,348,348
20.97,337,336
20.97,347,348
20.98,341,338
20.99,347,347
21.05,347,343
21.05,349,349
21.05,349,346
21.05,343,344
21.05,347,346
21.05,342,345
21.05,352,350
21.11,340,343
21.11,353,352
21.11,343,342
21.11,355,354
21.11,342,342
21.11,354,353
21.12,340,339
21.17,349,349
21.17,344,341
21.17,345,348
21.17,345,342
21.17,344,344
21.17,346,345
21.18,338,339
21.24,349,345
21.24,336,338
21.24,350,346
21.24,334,335
21.24,346,345
21.24,333,331
21.25,344,345
21.31,333,332
21.31,343,343
21.31,337,335
21.31,342,345
21.31,336,334
21.31,336,339
21.31,340,335
21.38,329,334
21.38,340,337
21.38,326,330
21.38,343,340
21.38,325,324
21.38,338,337
21.38,324,323
21.44,340,337
21.44,321,322
21.44,336,337
21.44,325,325
21.44,330,332
21.44,328,325
21.44,331,332
21.5,329,328
21.5,328,328
21.5,331,330
21.5,326,326
21.5,333,332
21.5,321,322
21.51,328,329
21.56,320,320
21.56,332,333
21.56,320,320
21.56,332,333
21.56,322,319
21.57,330,331
21.58,320,318
21.64,329,331
21.64,327,324
21.64,326,326
21.64,329,324
21.64,320,324
21.64,333,330
21.64,321,323
21.7,331,331
21.7,316,318
21.7,327,329
21.7,319,319
21.7,333,331
21.7,319,319
21.71,332,333
21.76,319,317
21.76,326,328
21.76,321,318
21.76,321,323
21.76,322,321
21.76,321,323
21.77,323,322
21.83,320,321
21.83,326,325
21.83,319,320
21.83,331,328
21.83,318,318
21.83,334,331
21.84,320,318
21.89,329,330
21.89,323,322
21.89,330,328
21.89,323,320
21.89,324,325
21.89,325,322
21.9,325,328
21.95,329,325
21.95,320,321
21.95,326,325
21.95,320,320
21.95,330,328
21.96,319,320
21.97,332,330
22.03,316,317
22.03,332,330
22.03,324,322
22.03,334,333
22.03,325,322
22.03,329,329
22.03,327,324
22.09,330,329
22.09,329,329
22.09,328,327
22.09,328,328
22.09,326,328
22.09,337,334
22.1,328,327
22.16,338,338
22.16,330,330
22.16,342,342
22.16,334,334
22.16,343,344
22.16,338,337
22.17,341,341
22.22,341,341
22.22,341,341
22.22,342,340
22.22,344,343
22.22,341,340
22.22,340,341
22.23,345,344
22.28,342,341
22.28,352,349
22.28,344,345
22.28,351,352
22.28,349,348
22.29,355,356
22.3,348,347
22.36,353,354
22.36,345,345
22.36,351,352
22.36,347,345
22.36,352,352
22.36,347,345
22.36,350,351
22.42,350,346
22.42,349,349
22.42,351,348
22.42,344,344
22.42,348,347
22.42,343,342
22.43,351,349
22.48,342,343
22.48,351,349
22.48,341,339
22.48,348,349
22.48,344,341
22.48,348,347
22.49,341,340
22.55,345,347
22.55,346,344
22.55,348,349
22.55,348,346
22.55,347,347
22.55,354,352
22.56,345,345
22.62,353,351
22.62,344,345
22.62,354,353
22.62,345,346
22.62,356,356
22.62,350,348
22.62,353,354
22.69,350,349
22.69,349,350
22.69,348,348
22.69,351,351
22.69,351,349
22.69,348,350
22.69,350,350
22.75,346,347
22.75,350,348
22.75,345,345
22.75,354,352
22.75,343,344
22.75,350,350
22.75,343,343
22.81,350,349
22.81,341,339
22.81,350,349
22.81,342,341
22.81,346,344
22.81,343,343
22.82,343,346
22.88,345,344
22.88,345,345
22.88,346,345
22.88,341,343
22.88,348,346
22.88,340,343
22.89,349,349
22.94,345,344
22.94,353,353
22.94,345,342
22.94,354,355
22.94,349,348
22.94,353,354
22.95,350,347
23.0,354,353
23.0,349,348
23.0,350,351
23.0,352,349
23.0,345,348
23.01,353,352
23.02,347,349
23.08,357,357
23.08,349,352
23.08,363,362
23.08,357,355
23.08,365,366
23.08,359,359
23.08,364,362
23.14,364,361
23.14,362,363
23.14,362,359
23.14,360,362
23.14,363,361
23.14,357,357
23.15,361,359
23.2,356,357
23.2,363,362
23.2,355,356
23.2,363,362
23.2,355,354
23.21,363,362
23.21,358,356
23.27,361,363
23.27,356,354
23.27,359,360
23.27,358,355
23.27,356,358
23.27,359,357
23.28,356,358
23.33,356,356
23.33,353,353
23.33,361,358
23.33,351,351
23.33,360,359
23.34,353,353
23.34,362,361
23.39,356,353
23.4,360,361
23.4,356,354
23.4,359,359
23.4,356,354
23.4,359,358
23.41,356,354
23.47,358,357
23.47,357,356
23.47,353,354
23.47,363,360
23.47,355,355
23.47,362,360
23.48,354,356
23.54,368,365
23.54,359,358
23.54,363,363
23.54,361,359
23.54,366,366
23.54,364,362
23.54,365,366
23.6,365,364
23.6,367,368
23.6,369,366
23.6,368,368
23.6,371,370
23.6,367,368
23.61,373,373
23.66,366,368
23.66,375,373
23.66,367,366
23.66,374,375
23.66,368,368
23.66,376,375
23.67,371,369
23.72,375,376
23.72,371,368
23.72,375,374
23.72,373,372
23.72,373,374
23.73,374,374
23.74,375,375
23.8,379,378
23.8,373,374
23.8,378,377
23.8,373,372
23.8,380,380
23.8,372,370
23.8,379,379
23.87,373,371
23.87,380,379
23.87,373,372
23.87,379,379
23.87,377,374
23.87,377,378
23.87,380,378
23.93,374,375
23.93,380,378
23.93,375,374
23.93,381,379
23.93,375,375
23.93,381,379
23.93,373,374
23.99,388,386
23.99,379,379
23.99,391,390
23.99,380,381
23.99,386,386
23.99,386,383
24.0,387,388
24.05,387,386
24.05,387,387
24.05,384,385
24.05,381,383
24.05,390,389
24.06,386,385
24.07,393,390
24.12,383,383
24.12,389,389
24.12,385,384
24.12,390,390
24.12,382,380
24.12,386,388
24.13,385,382
24.2,383,383
24.2,380,378
24.2,379,383
24.2,381,381
24.2,374,377
24.2,382,380
24.2,370,372
24.26,378,377
24.26,371,372
24.26,384,382
24.26,374,375
24.26,383,382
24.26,373,373
24.26,382,382
24.32,375,374
24.32,380,380
24.32,374,373
24.32,375,375
24.32,377,375
24.32,371,373
24.33,375,374
24.38,370,371
24.38,372,370
24.38,364,367
24.38,372,372
24.38,359,360
24.38,370,369
24.39,357,357
24.44,362,363
24.44,355,354
24.44,359,358
24.44,356,356
24.45,357,358
24.45,352,350
24.46,343,343
24.52,338,336
24.52,332,331
24.52,333,332
24.52,328,329
24.52,333,333
24.52,328,328
24.52,336,335
24.58,329,330
24.58,337,338
24.58,333,331
24.58,339,340
24.58,333,331
24.58,335,336
24.59,335,332
24.65,337,338
24.65,337,335
24.65,332,334
24.65,338,335
24.65,334,334
24.65,337,336
24.66,328,328
24.71,329,328
24.71,319,320
24.71,324,323
24.71,313,312
24.71,320,319
24.71,312,311
24.72,313,316
24.77,308,309
24.77,309,309
24.77,304,303
24.77,304,303
24.77,304,304
24.78,301,302
24.79,306,303
24.85,299,300
24.85,303,304
24.85,296,298
24.85,304,304
24.85,302,302
24.85,313,314
24.85,310,309
24.91,319,320
24.91,315,314
24.91,321,321
24.91,321,319
24.91,324,325
24.91,325,325
24.92,329,329
24.97,333,331
24.97,331,330
24.97,336,335
24.97,330,329
24.97,340,338
24.97,331,331
24.98,338,339
25.04,333,332
25.04,340,340
25.04,334,332
25.04,341,341
25.04,337,336
25.04,339,340
25.05,336,335
25.1,334,337
25.1,339,338
25.1,336,335
25.1,340,340
25.1,337,337
25.11,342,340
25.11,333,335
25.18,345,344
25.18,334,336
25.18,343,342
25.18,336,335
25.18,342,341
25.18,335,334
25.18,340,341
25.24,337,335
25.24,338,337
25.24,336,336
25.24,334,336
25.24,337,335
25.24,332,333
25.25,339,338
25.3,333,332
25.3,341,340
25.3,333,333
25.3,340,340
25.3,333,332
25.3,340,341
25.31,336,333
25.36,338,337
25.36,337,333
25.36,335,336
25.36,337,337
25.36,335,335
25.37,334,332
25.38,329,329
25.43,335,334
25.43,326,327
25.43,333,333
25.43,329,329
25.43,339,340
25.43,327,326
25.45,335,336
25.45,330,328
25.46,335,335
25.47,331,329
25.52,332,334
25.52,332,331
25.52,330,333
25.52,335,333
25.52,332,332
25.53,333,331
25.54,329,328
25.6,333,332
25.6,328,328
25.6,337,335
25.6,324,325
25.6,332,333
25.6,324,325
25.6,331,332
25.66,327,325
25.66,334,333
25.66,331,330
25.66,333,332
25.66,330,331
25.66,332,333
25.67,337,334
25.72,330,334
25.72,339,338
25.72,333,333
25.72,342,341
25.72,335,333
25.72,343,342
25.73,334,335
25.79,347,346
25.79,338,336
25.79,345,347
25.79,344,344
25.79,345,346
25.79,346,344
25.8,347,347
25.85,348,346
25.85,346,346
25.85,349,349
25.85,345,345
25.85,351,350
25.86,343,344
25.86,352,351
25.93,347,344
25.93,350,351
25.93,349,348
25.93,357,356
25.93,351,350
25.93,359,357
25.93,351,348
25.99,355,354
25.99,355,353
25.99,352,352
25.99,356,356
25.99,353,352
25.99,356,355
25.99,346,348
26.05,359,358
26.05,349,349
26.05,356,358
26.05,350,349
26.05,358,357
26.05,352,350
26.06,357,358
26.11,352,352
26.11,356,356
26.11,354,352
26.11,354,358
26.11,358,355
26.12,353,353
26.13,359,356
26.18,355,355
26.18,362,359
26.18,351,351
26.18,361,360
26.18,353,352
26.18,359,359
26.19,356,355
26.25,360,360
26.25,352,351
26.25,355,356
26.25,354,351
26.25,354,354
26.25,355,354
26.26,355,355
26.32,358,358
26.32,352,355
26.32,359,358
26.32,351,351
26.32,362,359
26.32,353,351
26.32,359,360
26.38,351,349
26.38,358,356
26.38,349,348
26.38,353,354
26.38,350,351
26.38,352,353
26.39,356,353
26.44,354,356
26.44,356,355
26.44,353,353
26.44,358,356
26.44,354,353
26.45,362,360
26.45,353,352
26.5,358,359
26.5,344,346
26.5,355,354
26.5,347,345
26.5,352,352
26.51,350,348
26.52,350,348
26.58,345,344
26.58,346,347
26.58,347,345
26.58,343,344
26.58,344,344
26.58,342,342
26.58,348,345
26.64,340,342
26.64,349,348
26.64,342,342
26.64,348,349
26.64,345,342
26.64,347,345
26.65,340,339
26.71,349,348
26.71,339,336
26.71,341,342
26.71,342,341
26.71,336,336
26.71,339,338
26.72,334,334
26.77,338,338
26.77,332,333
26.77,339,339
26.77,332,333
26.77,341,339
26.77,331,330
26.78,339,339
26.85,331,329
26.85,335,336
26.85,336,332
26.85,338,337
26.85,334,333
26.85,334,333
26.85,332,332
26.91,330,331
26.91,332,329
26.91,326,327
26.91,333,332
26.91,323,324
26.91,333,333
26.91,327,326
26.97,333,333
26.97,324,323
26.97,332,330
26.97,330,328
26.97,330,331
26.97,325,323
26.98,329,328
27.03,324,324
27.03,326,325
27.03,327,327
27.03,326,326
27.03,335,334
27.04,324,327
27.04,335,332
27.1,325,323
27.1,334,333
27.1,324,324
27.1,332,333
27.1,326,323
27.1,331,333
27.11,330,327
27.16,334,334
27.16,330,328
27.16,326,329
27.16,331,329
27.16,330,330
27.17,330,330
27.17,327,327
27.24,331,330
27.24,326,324
27.24,333,331
27.24,323,324
27.24,330,332
27.24,328,325
27.24,330,331
27.3,326,324
27.3,332,332
27.3,330,327
27.3,327,328
27.3,331,329
27.3,329,331
27.31,328,328
27.36,327,328
27.36,335,333
27.36,330,330
27.36,334,335
27.36,326,327
27.36,338,340
27.37,333,330
27.43,339,340
27.43,336,334
27.43,342,340
27.43,337,334
27.43,339,340
27.43,340,337
27.44,341,341
27.49,339,336
27.49,334,334
27.49,342,341
27.49,334,337
27.49,342,342
27.49,336,337
27.5,344,342
27.55,331,333
27.55,344,345
27.55,339,337
27.55,344,344
27.55,339,335
27.56,340,341
27.57,341,339
27.63,341,341
27.63,343,340
27.63,341,340
27.63,343,343
27.63,344,344
27.63,346,346
27.63,343,342
27.69,351,349
27.69,344,344
27.69,353,351
27.69,346,345
27.69,351,353
27.69,346,343
27.7,353,353
27.75,352,350
27.75,353,355
27.75,355,354
27.75,357,357
27.75,358,355
27.76,352,353
27.76,356,355
27.82,353,355
27.82,362,359
27.82,350,350
27.82,358,358
27.82,349,347
27.82,359,358
27.83,350,350
27.89,357,358
27.89,353,353
27.89,359,359
27.89,356,354
27.89,357,357
27.89,356,356
27.9,357,357
27.96,358,356
27.96,354,354
27.96,358,355
27.96,351,351
27.96,358,358
27.96,350,350
27.96,357,355
28.02,348,349
28.02,359,359
28.02,348,348
28.02,354,355
28.02,350,348
28.02,355,355
28.03,352,349
28.08,347,349
28.08,352,350
28.08,344,346
28.08,354,351
28.08,345,347
28.08,353,350
28.09,345,344
28.14,356,354
28.14,342,343
28.14,350,350
28.14,343,341
28.14,349,349
28.15,340,339
28.16,347,346
28.22,341,339
28.22,344,345
28.22,346,343
28.22,340,343
28.22,344,340
28.22,339,340
28.22,343,344
28.28,339,339
28.28,344,343
28.28,333,334
28.28,347,345
28.28,337,337
28.28,345,344
28.29,335,332
28.35,339,340
28.35,337,335
28.35,339,339
28.35,340,337
28.35,336,338
28.35,339,339
28.35,338,338
28.41,343,340
28.41,335,336
28.41,344,342
28.41,333,333
28.41,344,344
28.41,339,338
28.42,349,350
28.47,336,337
28.47,345,346
28.47,341,339
28.47,345,345
28.47,344,342
28.48,343,342
28.48,345,342
28.54,339,338
28.54,338,338
28.54,335,335
28.54,338,339
28.54,334,334
28.54,340,339
28.55,332,332
28.61,339,340
28.61,335,333
28.61,341,342
28.61,336,335
28.61,345,345
28.61,342,339
28.62,342,344
28.67,343,342
28.67,338,341
28.67,346,343
28.67,344,344
28.68,346,346
28.68,340,343
28.68,346,347
28.74,344,344
28.74,351,351
28.74,344,342
28.74,351,351
28.74,344,342
28.74,350,350
28.75,344,340
28.8,341,343
28.8,344,341
28.8,341,342
28.8,343,341
28.8,337,339
28.8,344,342
28.81,339,339
28.86,343,342
28.86,338,337
28.86,342,341
28.86,339,338
28.86,344,343
28.87,332,333
28.88,346,344
28.94,338,338
28.94,346,344
28.94,341,339
28.94,343,345
28.94,343,343
28.94,338,339
28.94,344,341
29.0,339,338
29.0,343,340
29.0,338,337
29.0,346,344
29.0,339,339
29.0,343,345
29.01,337,338
29.07,347,348
29.07,344,341
29.07,349,349
29.07,345,344
29.07,347,346
29.07,347,346
29.07,345,346
29.13,352,349
29.13,347,349
29.13,352,349
29.13,346,347
29.13,352,350
29.13,343,342
29.14,352,350
29.19,342,342
29.19,352,352
29.19,345,342
29.19,353,353
29.19,350,348
29.2,353,353
29.21,351,348
29.27,346,349
29.27,351,350
29.27,346,348
29.27,348,349
29.27,347,349
29.27,354,351
29.27,347,346
29.33,352,352
29.33,347,346
29.33,357,356
29.33,349,348
29.33,356,356
29.33,350,347
29.34,352,355
29.39,352,350
29.39,356,356
29.39,355,353
29.39,356,356
29.39,354,352
29.39,353,355
29.4,358,356
29.46,354,353
29.46,358,358
29.46,353,354
29.46,361,361
29.46,352,351
29.46,362,362
29.47,356,355
29.52,362,361
29.52,355,353
29.52,358,357
29.52,355,355
29.52,359,359
29.53,357,355
29.53,356,357
29.6,359,357
29.6,349,351
29.6,362,360
29.6,352,353
29.6,359,359
29.6,352,352
29.6,360,359
29.66,354,352
29.66,361,362
29.66,354,354
29.66,361,361
29.66,358,355
29.66,359,357
29.66,357,354
29.72,353,354
29.72,357,354
29.72,351,352
29.72,355,354
29.72,351,350
29.72,355,352
29.73,343,343
29.78,351,350
29.78,344,343
29.78,349,349
29.78,340,338
29.78,343,345
29.79,342,340
29.8,343,344
29.86,342,340
29.86,339,341
29.86,339,339
29.86,335,338
29.86,343,340
29.86,339,340
29.86,348,345
29.92,338,339
29.92,346,344
29.92,338,339
29.92,347,346
29.92,339,337
29.92,345,345
29.93,339,338
29.98,343,344
29.98,340,339
29.98,341,341
29.98,343,341
29.98,341,342
29.99,340,340
29.99,340,339
30.05,340,341
30.05,338,338
30.05,345,343
30.05,336,336
30.05,346,345
30.05,339,337
30.06,340,342
30.11,337,337
30.11,346,346
30.11,340,337
30.11,342,343
30.11,342,340
30.11,345,346
30.12,348,346
30.19,343,345
30.19,350,347
30.19,346,344
30.19,352,351
30.19,348,346
30.19,351,350
30.19,344,345
30.25,354,352
30.25,345,345
30.25,354,354
30.25,349,347
30.25,353,354
30.25,353,351
30.25,355,355
30.31,350,349
30.31,349,349
30.31,352,352
30.31,346,348
30.31,350,351
30.31,346,345
30.32,348,346
30.37,340,340
30.37,350,348
30.37,340,340
30.37,346,347
30.37,342,341
30.38,345,345
30.39,341,340
30.44,340,342
30.44,344,342
30.44,340,342
30.44,342,340
30.44,339,341
30.44,345,344
30.45,338,339
30.51,347,345
30.51,339,339
30.51,349,346
30.51,342,340
30.51,345,345
30.51,333,333
30.52,344,343
30.58,340,337
30.58,345,344
30.58,344,342
30.58,347,347
30.58,341,340
30.58,346,350
30.58,352,352
30.64,353,355
30.64,359,357
30.64,353,355
30.64,363,360
30.64,354,355
30.64,364,364
30.65,355,355
30.7,360,362
30.7,363,361
30.7,366,367
30.7,361,360
30.7,365,366
30.7,364,364
30.71,367,369
30.76,369,368
30.76,368,370
30.76,373,370
30.76,370,370
30.76,379,379
30.77,370,372
30.78,383,381
30.84,373,374
30.84,384,383
30.84,379,377
30.84,384,385
30.84,382,379
30.84,383,384
30.84,385,382
30.9,381,382
30.9,383,382
30.9,377,381
30.9,383,381
30.9,376,379
30.9,382,379
30.91,373,375
30.97,381,379
30.97,370,369
30.97,380,380
30.97,373,371
30.97,381,380
30.97,374,371
30.98,380,380
31.03,370,369
31.03,373,375
31.03,370,368
31.03,368,370
31.03,368,367
31.03,365,364
31.04,366,365
31.11,362,362
31.11,370,369
31.11,359,361
31.11,365,363
31.11,356,356
31.11,360,360
31.11,356,353
31.17,355,354
31.17,351,350
31.17,355,354
31.17,352,349
31.17,350,349
31.17,350,347
31.17,346,347
31.23,349,348
31.23,339,340
31.23,348,347
31.23,342,341
31.23,346,344
31.23,334,336
31.24,343,344
31.29,338,336
31.29,341,341
31.29,333,331
31.29,341,340
31.29,336,333
31.29,334,335
31.3,330,329
31.36,329,330
31.36,332,330
31.36,329,329
31.36,334,331
31.36,323,325
31.36,328,330
31.37,319,318
31.42,324,324
31.42,314,315
31.42,320,319
31.42,314,313
31.42,320,321
31.43,316,314
31.43,321,320
31.5,315,313
31.5,320,320
31.5,317,316
31.5,315,317
31.5,322,322
31.5,316,315
31.5,319,319
31.56,313,314
31.56,321,321
31.56,313,314
31.56,324,323
31.56,317,316
31.56,323,322
31.56,316,316
31.62,319,319
31.62,315,313
31.62,318,318
31.62,319,317
31.62,320,320
31.62,320,318
31.63,319,319
31.68,323,323
31.68,318,319
31.68,326,326
31.68,320,320
31.68,329,328
31.69,323,321
31.7,326,326
31.75,319,318
31.75,325,325
31.75,320,320
31.75,324,324
31.75,322,322
31.75,322,321
31.76,322,323
31.82,322,322
31.82,327,327
31.82,325,325
31.82,329,326
31.82,323,323
31.82,327,327
31.83,321,321
31.89,334,332
31.89,327,326
31.89,334,333
31.89,325,324
31.89,333,334
31.89,330,329
31.89,330,331
31.95,330,329
31.95,331,331
31.95,332,330
31.95,328,329
31.95,335,333
31.95,330,330
31.96,337,336
32.01,325,325
32.01,337,338
32.01,328,326
32.01,336,338
32.01,331,331
32.02,340,340
32.02,335,334
32.09,336,338
32.09,334,333
32.09,341,340
32.09,336,336
32.09,334,334
32.09,336,335
32.09,332,334
32.15,342,340
32.15,328,332
32.15,343,340
32.15,329,329
32.15,339,338
32.15,333,330
32.15,337,335
32.21,334,332
32.21,338,338
32.21,335,333
32.21,338,339
32.21,335,334
32.21,331,332
32.22,338,338
32.27,330,331
32.27,337,336
32.27,329,330
32.27,339,338
32.27,332,332
32.28,337,337
32.29,330,329
32.34,336,338
32.34,327,327
32.34,337,337
32.34,333,330
32.34,333,334
32.34,332,330
32.35,333,332
32.41,333,332
32.41,330,332
32.41,337,335
32.41,328,328
32.41,335,335
32.41,326,327
32.42,335,335
32.48,325,326
32.48,334,334
32.48,329,328
32.48,335,337
32.48,333,331
32.48,337,337
32.48,337,336
32.54,338,337
32.54,338,337
32.54,338,338
32.54,341,340
32.54,338,337
32.54,343,341
32.55,333,334
32.6,340,340
32.6,332,330
32.6,338,338
32.6,330,330
32.6,343,344
32.61,335,333
32.61,342,341
32.67,336,335
32.67,337,339
32.67,343,340
32.67,340,341
32.67,341,338
32.67,338,341
32.68,344,344
32.73,339,339
32.73,349,347
32.73,336,336
32.73,346,344
32.73,336,335
32.74,341,341
32.74,337,336
32.81,343,343
32.81,334,334
32.81,343,343
32.81,336,336
32.81,340,340
32.81,341,338
32.81,338,338
32.87,343,340
32.87,334,335
32.87,344,344
32.87,335,336
32.87,344,344
32.87,337,337
32.88,347,346
32.89,341,341
32.9,351,350
32.9,347,346
32.96,352,351
32.96,351,349
32.96,353,353
32.96,350,350
32.96,353,355
32.96,351,348
32.97,349,349
33.03,353,352
33.03,347,346
33.03,350,347
33.03,343,343
33.03,350,349
33.03,341,342
33.04,353,351
33.09,341,341
33.09,348,349
33.09,348,346
33.09,346,349
33.09,350,348
33.09,346,347
33.1,349,346
33.15,342,344
33.15,352,350
33.15,343,343
33.15,349,346
33.15,336,336
33.16,345,343
33.17,337,336
33.23,345,343
33.23,335,335
33.23,344,343
33.23,336,333
33.23,339,340
33.23,336,334
33.23,336,335
33.29,331,330
33.29,334,334
33.29,335,332
33.29,327,328
33.29,331,329
33.29,321,322
33.3,330,328
33.35,321,320
33.35,329,329
33.35,320,320
33.35,329,328
33.35,318,317
33.35,324,325
33.36,320,320
33.42,325,324
33.42,319,317
33.42,317,316
33.42,317,315
33.42,313,314
33.42,318,316
33.43,306,308
33.48,314,311
33.48,307,307
33.48,311,311
33.48,305,305
33.48,313,312
33.49,302,302
33.49,312,314
33.56,304,304
33.56,314,314
33.56,310,309
33.56,312,312
33.56,317,315
33.56,311,312
33.56,316,314
33.62,313,313
33.62,320,318
33.62,311,310
33.62,318,317
33.62,309,310
33.62,318,316
33.63,311,310
33.68,321,321
33.68,313,311
33.68,317,318
33.68,314,312
33.68,316,315
33.68,313,311
33.69,312,314
33.75,318,315
33.75,314,315
33.75,322,319
33.75,312,313
33.75,318,319
33.75,318,317
33.76,324,322
33.81,312,313
33.81,325,324
33.81,315,313
33.81,320,321
33.81,315,314
33.81,317,317
33.82,319,316
33.87,316,318
33.87,319,318
33.87,319,320
33.87,321,318
33.87,316,317
33.88,325,323
33.89,314,316
33.95,325,323
33.95,312,313
33.95,325,325
33.95,314,312
33.95,324,326
33.95,320,320
33.95,327,326
34.01,320,318
34.01,324,325
34.01,325,322
34.01,321,322
34.01,326,327
34.01,323,323
34.02,328,326
34.07,320,320
34.07,331,329
34.07,321,321
34.07,330,329
34.07,323,321
34.08,328,329
34.08,323,322
34.14,329,330
34.14,323,321
34.14,328,328
34.14,325,324
34.14,328,329
34.14,327,326
34.15,326,326
34.2,333,330
34.2,326,328
34.2,333,331
34.2,325,327
34.2,334,333
34.21,325,324
34.22,336,336
34.28,329,328
34.28,336,336
34.28,331,328
34.28,337,337
34.28,334,332
34.28,332,334
34.28,338,336
34.34,336,336
34.34,333,334
34.34,331,331
34.34,335,335
34.34,331,331
34.34,339,337
34.35,332,332
34.4,340,340
34.4,330,330
34.4,340,340
34.4,334,332
34.4,339,341
34.4,339,337
34.41,343,344
34.46,336,334
34.47,339,341
34.47,341,339
34.47,336,335
34.47,342,341
34.47,338,338
34.48,339,337
34.53,334,335
34.53,341,340
34.53,336,336
34.53,344,343
34.53,336,335
34.53,341,341
34.54,339,337
34.61,342,342
34.61,335,334
34.61,337,338
34.61,335,334
34.61,337,336
34.61,335,333
34.61,330,331
34.67,335,336
34.67,329,329
34.67,334,333
34.67,325,325
34.67,334,334
34.67,326,326
34.67,330,330
34.73,328,327
34.73,330,330
34.73,326,324
34.73,329,330
34.73,327,326
34.73,330,329
34.74,330,328
34.79,326,328
34.79,333,331
34.79,324,326
34.79,334,331
34.79,322,322
34.8,331,330
34.8,320,320
34.86,329,329
34.86,319,317
34.86,325,324
34.86,318,317
34.86,319,319
34.86,316,315
34.87,316,316
34.93,314,312
34.93,312,313
34.93,321,320
34.93,320,322
34.93,328,326
34.93,319,320
34.94,331,329
35.0,320,319
35.0,331,331
35.0,323,322
35.0,330,331
35.0,327,324
35.0,330,330
35.0,329,328
35.06,329,330
35.06,326,325
35.06,328,328
35.06,337,335
35.06,332,333
35.06,342,338
35.07,335,336
35.12,343,342
35.12,339,339
35.12,352,350
35.12,341,339
35.12,349,349
35.12,344,343
35.13,350,351
35.18,347,345
35.18,344,345
35.18,341,340
35.18,340,340
35.18,338,336
35.19,335,335
35.2,340,337
35.26,333,334
35.26,338,338
35.26,330,330
35.26,338,338
35.26,331,330
35.26,341,340
35.26,336,334
35.32,344,344
35.32,337,335
35.32,344,344
35.32,340,339
35.32,342,344
35.32,347,345
35.33,345,345
35.39,350,349
35.39,345,345
35.39,353,353
35.39,349,350
35.39,360,359
35.39,350,350
35.39,359,357
35.45,351,350
35.45,360,359
35.45,356,354
35.45,361,359
35.45,354,353
35.45,357,357
35.46,352,351
35.51,351,352
35.51,353,353
35.51,354,356
35.51,354,353
35.51,348,347
35.52,351,350
35.53,343,344
35.59,351,350
35.59,345,344
35.59,352,353
35.59,349,347
35.59,353,352
35.59,348,347
35.59,350,350
35.65,346,345
35.65,352,353
35.65,352,348
35.65,345,346
35.65,346,344
35.65,343,345
35.66,347,345
35.71,340,340
35.71,347,346
35.71,338,339
35.71,346,346
35.71,336,336
35.71,346,346
35.72,339,337
35.77,340,341
35.77,342,339
35.78,341,343
35.78,342,338
35.78,341,341
35.78,340,338
35.79,335,337
35.85,343,340
35.85,330,331
35.85,341,338
35.85,327,328
35.85,337,337
35.85,327,327
35.85,336,336
35.91,329,328
35.91,333,333
35.91,328,325
35.91,329,329
35.92,329,328
35.92,329,328
35.92,330,330
35.98,330,329
35.98,332,332
35.98,328,327
35.98,330,329
35.98,324,324
35.98,330,328
35.98,323,322
36.04,333,331
36.04,322,321
36.04,330,329
36.04,324,324
36.04,331,329
36.04,326,323
36.05,325,325
36.1,322,322
36.1,325,324
36.1,322,321
36.1,324,324
36.1,324,322
36.11,318,319
36.12,328,325
36.18,322,322
36.18,330,328
36.18,319,318
36.18,330,331
36.18,322,320
36.18,331,330
36.18,329,326
36.24,328,328
36.24,327,326
36.24,333,333
36.24,329,328
36.24,325,327
36.24,330,327
36.25,326,325
36.31,331,330
36.31,320,321
36.31,329,328
36.31,322,321
36.31,328,328
36.31,320,319
36.31,325,327
36.37,324,321
36.37,322,322
36.37,318,318
36.37,320,320
36.37,319,317
36.37,317,318
36.38,320,318
36.43,311,313
36.43,319,316
36.43,310,310
36.43,319,316
36.43,310,311
36.43,319,318
36.44,310,310
36.49,316,315
36.49,311,310
36.49,316,315
36.49,312,312
36.49,318,319
36.5,316,315
36.51,312,314
36.57,318,315
36.57,316,316
36.57,316,316
36.57,310,310
36.57,319,317
36.57,315,314
36.57,322,319
36.63,312,312
36.63,319,320
36.63,316,314
36.63,318,319
36.63,316,316
36.64,322,321
36.64,314,313
36.7,313,315
36.7,317,316
36.7,316,317
36.7,323,320
36.7,315,317
36.7,324,322
36.71,317,318
36.76,326,326
36.76,317,318
36.76,327,327
36.76,320,318
36.76,326,325
36.76,315,314
36.77,322,324
36.82,318,316
36.82,322,322
36.82,321,321
36.82,323,322
36.82,321,319
36.83,315,316
36.84,316,314
36.9,306,306
36.9,315,313
36.9,304,305
36.9,315,314
36.9,304,304
36.9,313,314
36.9,312,310
36.96,317,316
36.96,306,305
36.96,313,313
36.96,312,311
36.96,316,316
36.96,315,313
36.97,311,311
37.02,316,314
37.02,311,311
37.02,318,318
37.02,309,311
37.02,321,320
37.02,313,312
37.03,319,318
37.09,314,314
37.09,320,321
37.09,316,315
37.09,317,316
37.09,315,313
37.09,318,318
37.1,316,315
37.15,318,320
37.15,320,318
37.15,318,317
37.15,320,318
37.15,313,314
37.16,321,319
37.16,320,319
37.23,327,326
37.23,324,323
37.23,328,327
37.23,322,321
37.23,334,333
37.23,327,325
37.23,329,329
37.29,324,324
37.29,327,326
37.29,325,323
37.29,324,325
37.29,326,324
37.29,322,323
37.3,331,328
37.35,324,325
37.35,335,333
37.35,325,325
37.35,338,340
37.35,332,332
37.35,343,342
37.36,338,336
37.41,345,346
37.41,344,342
37.41,346,346
37.41,348,346
37.41,348,348
37.42,350,348
37.43,342,345
37.49,354,351
37.49,343,344
37.49,356,354
37.49,345,345
37.49,356,355
37.49,348,348
37.49,357,358
37.55,351,351
37.55,357,356
37.55,351,351
37.55,355,355
37.55,352,349
37.55,354,355
37.56,354,353
37.61,358,358
37.61,357,355
37.61,353,355
37.61,359,356
37.61,351,351
37.61,359,358
37.62,347,346
37.68,356,355
37.68,348,348
37.68,353,352
37.68,349,349
37.68,352,351
37.68,348,346
37.69,349,349
37.74,346,344
37.74,348,349
37.74,349,346
37.74,340,341
37.74,343,343
37.75,337,338
37.75,345,344
37.82,340,339
37.82,345,345
37.82,343,340
37.82,347,347
37.82,338,337
37.82,340,341
37.82,337,337
37.88,343,343
37.88,337,336
37.88,340,341
37.88,345,343
37.88,342,342
37.88,343,341
37.88,339,339
37.94,344,343
37.94,339,340
37.94,349,348
37.94,334,334
37.94,349,350
37.94,340,339
37.95,341,342
38.01,335,334
38.01,337,337
38.01,336,336
38.01,338,338
38.01,335,334
38.01,335,335
38.02,336,333
38.07,328,330
38.07,336,335
38.07,326,326
38.07,331,330
38.07,327,327
38.07,334,333
38.08,325,325
38.15,328,329
38.15,322,320
38.15,328,329
38.15,325,324
38.15,326,328
38.15,325,325
38.15,326,325
38.21,328,326
38.21,320,321
38.21,327,325
38.21,317,318
38.21,325,324
38.21,315,316
38.21,322,320
38.27,316,316
38.27,324,326
38.27,317,316
38.27,320,320
38.27,316,314
38.27,318,319
38.28,314,313
38.33,314,316
38.33,315,313
38.33,311,310
38.33,318,317
38.33,305,305
38.34,312,313
38.34,304,305
38.39,313,311
38.39,305,305
38.39,313,313
38.39,305,303
38.39,311,311
38.4,305,302
38.41,307,306
38.47,305,303
38.47,304,306
38.47,305,302
38.47,304,306
38.47,305,304
38.47,303,303
38.47,307,306
38.54,304,303
38.54,311,311
38.54,304,303
38.54,315,314
38.54,304,302
38.54,312,312
38.54,308,307
38.6,311,312
38.6,311,309
38.6,310,311
38.6,307,306
38.6,310,310
38.6,307,305
38.61,307,307
38.66,308,307
38.66,302,302
38.66,304,304
38.66,299,299
38.66,310,307
38.66,299,298
38.67,307,307
38.72,298,298
38.72,308,308
38.72,301,300
38.72,303,304
38.72,300,299
38.73,306,306
38.74,303,300
38.8,297,298
38.8,302,301
38.8,300,300
38.8,303,303
38.8,300,300
38.8,308,307
38.8,296,296
38.86,305,303
38.86,299,296
38.86,303,304
38.86,298,298
38.86,310,309
38.86,304,302
38.87,304,304
38.92,302,301
38.92,304,303
38.93,308,306
38.93,306,306
38.93,308,307
38.93,302,302
38.93,311,309
38.99,304,305
38.99,312,311
38.99,300,299
38.99,307,306
38.99,300,299
38.99,305,306
39.0,298,297
39.05,307,308
39.05,306,304
39.05,303,305
39.05,306,303
39.05,306,306
39.06,307,305
39.06,305,304
39.13,309,306
39.13,300,301
39.13,310,308
39.13,303,302
39.13,310,310
39.13,303,303
39.13,314,315
39.19,303,303
39.19,310,311
39.19,306,305
39.19,313,313
39.19,313,310
39.19,310,311
39.2,314,312
39.25,310,310
39.25,314,313
39.25,308,309
39.25,317,315
39.25,310,309
39.25,317,316
39.26,308,308
39.32,317,317
39.32,315,314
39.32,318,318
39.32,310,309
39.32,318,319
39.32,315,314
39.33,321,320
39.38,314,314
39.38,314,315
39.38,319,318
39.38,315,317
39.38,323,321
39.38,314,315
39.39,325,322
39.46,312,314
39.46,324,323
39.46,315,312
39.46,323,322
39.46,313,311
39.46,319,319
39.46,314,313
39.52,312,314
39.52,312,310
39.52,312,314
39.52,318,315
39.52,313,313
39.52,319,317
39.52,308,309
39.58,318,317
39.58,309,310
39.58,316,316
39.58,309,308
39.58,316,316
39.58,312,310
39.59,317,317
39.64,312,311
39.64,319,319
39.64,315,313
39.64,314,316
39.64,316,314
39.65,314,317
39.65,326,324
39.7,319,318
39.7,322,322
39.7,317,317
39.7,322,321
39.7,314,315
39.71,324,324
39.72,317,317
39.78,325,324
39.78,320,320
39.78,329,329
39.78,323,322
39.78,330,331
39.78,336,335
39.79,337,339
39.84,344,341
39.84,339,340
39.84,346,346
39.84,345,345
39.84,351,350
39.84,344,344
39.85,348,348
39.91,340,338
39.91,348,348
39.91,339,339
39.91,348,348
39.91,347,346
39.91,351,352
39.92,351,350
39.97,350,350
39.97,347,343
39.97,343,345
39.97,348,346
39.97,337,336
39.97,341,340
39.98,329,330
40.03,338,339
40.03,330,329
40.03,333,332
40.03,327,327
40.03,328,326
40.04,308,307
40.05,315,316
40.11,309,309
40.11,315,314
40.11,312,310
40.11,310,312
40.11,316,315
40.11,313,314
40.11,317,315
40.17,309,310
40.17,320,319
40.17,313,313
40.17,324,323
40.17,316,316
40.17,321,321
40.18,315,313
40.23,321,320
40.23,315,314
40.23,321,320
40.23,317,316
40.23,318,319
40.24,316,314
40.24,312,314
40.3,315,313
40.3,309,309
40.3,316,316
40.3,310,309
40.3,315,314
40.3,309,308
40.31,317,316
40.36,308,308
40.36,314,314
40.36,311,309
40.36,307,309
40.36,308,306
40.37,308,308
40.38,309,308
40.44,304,304
40.44,306,307
40.44,304,304
40.44,307,306
40.44,299,300
40.44,307,307
40.44,302,303
40.5,312,311
40.5,307,304
40.5,310,312
40.5,306,303
40.5,308,308
40.5,305,304
40.51,307,307
40.52,305,305
40.53,305,304
40.53,309,308
40.59,304,303
40.59,310,308
40.59,304,304
40.59,314,312
40.59,305,304
40.59,314,314
40.6,308,307
40.66,314,315
40.66,308,306
40.66,313,313
40.66,309,308
40.66,311,312
40.66,310,310
40.67,310,312
40.72,313,311
40.72,313,314
40.72,316,315
40.72,314,315
40.72,318,317
40.72,313,313
40.73,321,318
40.8,308,308
40.8,322,321
40.8,311,311
40.8,321,319
40.8,310,309
40.8,314,316
40.8,314,312
40.86,315,316
40.86,316,314
40.86,316,318
40.86,319,316
40.86,314,317
40.86,324,323
40.86,313,311
40.92,320,320
40.92,312,312
40.92,323,323
40.92,318,318
40.92,324,321
40.92,315,313
40.93,321,322
40.98,316,316
40.98,326,326
40.98,321,318
40.98,321,322
40.98,326,324
40.99,320,320
40.99,321,319
41.04,316,318
41.04,325,324
41.04,317,316
41.04,325,326
41.04,322,321
41.05,329,328
41.06,321,320
41.12,328,329
41.12,324,321
41.12,326,328
41.12,326,323
41.12,328,329
41.12,327,324
41.12,324,325
41.18,326,323
41.18,322,324
41.18,327,326
41.18,321,322
41.18,330,331
41.18,323,322
41.19,331,331
41.25,322,322
41.25,331,332
41.25,326,324
41.25,332,332
41.25,329,326
41.25,331,332
41.26,326,324
41.31,331,330
41.31,330,327
41.31,329,329
41.31,336,334
41.31,324,324
41.31,328,329
41.32,324,325
41.37,337,335
41.37,322,322
41.37,330,329
41.37,322,319
41.37,329,329
41.38,322,321
41.39,326,328
41.45,325,322
41.45,323,323
41.45,320,320
41.45,317,318
41.45,320,319
41.45,314,317
41.45,318,317
41.52,311,312
41.52,317,316
41.52,308,309
41.52,319,316
41.52,306,305
41.52,314,314
41.52,306,305
41.58,311,311
41.58,311,309
41.58,311,311
41.58,308,307
41.58,309,310
41.58,308,307
41.58,302,303
41.64,307,307
41.64,307,308
41.64,313,313
41.64,305,304
41.64,313,312
41.64,302,303
41.65,309,309
41.7,302,300
41.7,306,306
41.7,303,300
41.7,304,304
41.7,302,300
41.71,301,303
41.71,300,299
41.77,298,301
41.77,303,302
41.77,297,297
41.77,306,303
41.77,294,295
41.77,302,301
41.78,295,295
41.83,301,300
41.83,294,292
41.83,297,298
41.83,292,291
41.83,301,300
41.84,290,290
41.85,294,294
41.91,293,291
41.91,294,294
41.91,292,293
41.91,293,294
41.91,296,294
41.91,288,289
41.91,302,299
41.97,290,290
41.97,294,293
41.97,290,288
41.97,296,295
41.97,286,287
41.97,291,290
41.98,285,284
42.03,290,291
42.03,290,288
42.03,289,290
42.03,293,291
42.03,290,291
42.03,296,295
42.04,288,289
42.1,297,296
42.1,289,288
42.1,298,296
42.1,288,288
42.1,299,297
42.1,288,286
42.11,292,295
42.16,288,287
42.16,292,293
42.16,289,287
42.16,289,289
42.16,290,289
42.17,291,292
42.17,297,297
42.24,296,296
42.24,303,301
42.24,294,296
42.24,306,304
42.24,298,298
42.24,307,305
42.24,296,296
42.3,303,303
42.3,301,298
42.3,306,306
42.3,301,298
42.3,300,302
42.3,301,300
42.3,301,302
42.36,299,296
42.36,296,298
42.36,304,304
42.36,297,299
42.36,304,303
42.36,297,298
42.37,305,306
42.43,299,299
42.43,307,307
42.43,297,297
42.43,308,308
42.43,306,304
42.43,310,309
42.44,302,302
42.49,309,311
42.49,308,306
42.49,307,308
42.49,312,309
42.49,301,302
42.49,312,312
42.5,305,304
42.56,311,310
42.56,304,306
42.56,313,314
42.56,305,303
42.56,313,316
42.56,309,306
42.57,313,314
42.63,311,310
42.63,309,310
42.63,314,313
42.63,311,311
42.63,318,315
42.63,314,313
42.63,318,315
42.69,311,310
42.69,319,317
42.69,311,310
42.69,323,320
42.69,315,315
42.69,326,324
42.7,318,315
42.75,326,326
42.75,318,317
42.75,323,322
42.75,316,315
42.75,321,323
42.75,322,321
42.76,317,320
42.81,323,324
42.81,323,324
42.81,326,326
42.81,322,323
42.81,327,325
42.82,320,321
42.83,329,328
42.89,324,321
42.89,327,329
42.89,328,327
42.89,332,331
42.89,331,328
42.89,329,328
42.89,331,329
42.95,328,327
42.95,325,325
42.95,324,325
42.95,330,329
42.95,325,326
42.95,331,331
42.96,323,325
43.01,332,331
43.01,327,327
43.01,332,334
43.01,331,330
43.02,336,336
43.02,333,332
43.03,338,337
43.08,330,329
43.08,334,334
43.08,335,334
43.08,330,330
43.08,336,334
43.08,329,329
43.09,333,332
43.16,329,330
43.16,332,330
43.16,323,322
43.16,330,330
43.16,322,321
43.16,333,332
43.16,327,323
43.22,325,326
43.22,325,323
43.22,328,328
43.22,326,327
43.22,324,326
43.22,331,328
43.22,324,325
43.28,329,326
43.28,322,323
43.28,330,330
43.28,322,322
43.28,332,332
43.28,327,324
43.29,333,332
43.34,326,325
43.34,333,332
43.34,332,328
43.34,331,330
43.34,334,332
43.34,333,332
43.35,334,331
43.41,328,330
43.41,336,335
43.41,332,331
43.41,340,338
43.41,331,333
43.41,344,341
43.42,335,336
43.47,350,351
43.47,344,343
43.47,354,354
43.47,353,352
43.47,360,360
43.48,359,360
43.48,364,363
43.55,364,363
43.55,365,367
43.55,374,372
43.55,372,371
43.55,377,377
43.55,372,374
43.55,383,383
43.61,382,381
43.61,389,387
43.61,384,383
43.61,394,393
43.61,387,385
43.61,393,392
43.61,389,389
43.67,391,393
43.67,393,392
43.67,395,396
43.67,398,397
43.67,396,395
43.67,401,398
43.68,396,396
43.73,402,400
43.73,397,396
43.73,400,401
43.73,396,395
43.73,406,405
43.74,394,395
43.75,404,405
43.8,402,402
43.8,406,407
43.8,404,403
43.8,405,405
43.8,409,407
43.8,405,406
43.81,406,406
43.87,402,404
43.87,406,403
43.87,400,400
43.87,408,409
43.87,397,397
43.87,408,407
43.88,394,396
43.94,402,404
43.94,396,395
43.94,402,402
43.94,396,394
43.94,393,394
43.94,392,389
43.94,386,387
44.0,390,389
44.0,385,386
44.0,391,388
44.0,379,380
44.0,390,388
44.0,376,375
44.01,382,382
44.06,373,372
44.06,378,378
44.06,369,369
44.06,374,374
44.06,366,367
44.07,373,374
44.07,369,368
44.12,364,365
44.12,364,364
44.12,360,360
44.12,363,360
44.12,352,352
44.13,358,357
44.14,349,348
44.2,351,350
44.2,343,341
44.2,348,345
44.2,333,334
44.2,340,342
44.2,334,332
44.2,335,336
44.26,333,330
44.26,329,330
44.26,332,328
44.26,328,328
44.26,327,325
44.26,326,327
44.27,327,327
44.33,320,320
44.33,326,323
44.33,315,314
44.33,322,320
44.33,314,312
44.33,320,318
44.34,312,311
44.39,318,316
44.39,309,308
44.39,315,315
44.39,311,308
44.39,309,310
44.39,312,309
44.4,305,307
44.45,313,310
44.45,304,304
44.45,313,311
44.45,301,302
44.45,309,307
44.46,301,300
44.47,309,308
44.53,302,301
44.53,306,307
44.53,301,301
44.53,304,304
44.53,308,307
44.53,304,304
44.53,305,305
44.59,307,306
44.59,310,310
44.59,303,306
44.59,315,313
44.59,307,307
44.59,314,314
44.6,311,311
44.66,321,320
44.66,312,312
44.66,323,322
44.66,318,317
44.66,327,327
44.66,330,328
44.66,333,333
44.72,336,335
44.72,336,337
44.72,344,343
44.72,342,342
44.72,350,349
44.72,349,350
44.73,357,356
44.78,355,354
44.78,365,364
44.78,358,358
44.78,369,370
44.78,366,365
44.79,373,372
44.79,372,372
44.86,380,380
44.86,383,382
44.86,385,387
44.86,391,389
44.86,392,392
44.86,396,396
44.86,396,396
44.92,404,404
44.92,395,397
44.92,410,410
44.92,401,400
44.92,408,409
44.92,404,402
44.93,411,411
44.98,408,407
44.98,416,416
44.98,415,412
44.98,415,415
44.98,415,412
44.98,414,416
44.99,419,417
45.04,417,419
45.04,421,419
45.04,416,415
45.04,422,420
45.04,416,417
45.05,421,420
45.06,413,412
45.11,425,423
45.11,412,411
45.11,417,416
45.11,411,408
45.11,417,417
45.11,414,411
45.12,410,410
45.18,411,410
45.18,405,407
45.18,411,408
45.18,404,405
45.18,413,412
45.18,402,401
45.19,409,408
45.25,397,398
45.25,410,410
45.25,400,399
45.25,403,404
45.25,400,398
45.25,403,402
45.25,398,398
45.31,401,402
45.31,398,395
45.31,395,395
45.31,395,394
45.31,392,392
45.31,394,393
45.32,388,388
45.37,392,390
45.37,383,382
45.37,392,391
45.37,380,378
45.37,388,389
45.38,383,380
45.38,383,382
45.43,379,379
45.43,384,385
45.44,382,381
45.44,377,378
45.44,378,375
45.44,370,371
45.45,376,374
45.51,371,371
45.51,377,374
45.51,365,365
45.51,372,373
45.51,365,363
45.51,371,371
45.52,363,361
45.58,370,371
45.58,362,361
45.58,361,362
45.58,359,359
45.58,362,364
45.58,361,360
45.58,357,357
45.64,359,358
45.64,352,352
45.64,360,359
45.64,352,351
45.64,354,354
45.64,342,341
45.65,353,352
45.7,343,341
45.7,350,350
45.7,342,340
45.7,345,344
45.7,338,335
45.7,340,340
45.71,336,334
45.76,337,337
45.76,336,333
45.76,335,335
45.76,339,338
45.76,332,332
45.77,339,338
45.78,333,331
45.84,339,339
45.84,331,331
45.84,342,341
45.84,335,332
45.84,342,343
45.84,340,338
45.84,342,342
45.9,343,340
45.9,344,345
45.9,344,342
45.9,338,339
45.9,348,346
45.9,341,341
45.91,346,345
45.97,337,338
45.97,347,346
45.97,338,339
45.97,347,347
45.97,339,340
45.97,347,348
45.97,342,340
46.03,345,345
46.03,341,340
46.03,342,342
46.03,341,340
46.03,339,340
46.03,345,343
46.04,336,336
46.09,339,338
46.09,335,335
46.09,340,340
46.09,332,332
46.09,338,339
46.1,329,329
46.11,339,338
46.17,330,330
46.17,334,334
46.17,329,328
46.17,333,334
46.17,328,328
46.17,327,328
46.17,331,330
46.23,325,325
46.23,330,329
46.23,321,322
46.23,327,325
46.23,317,317
46.23,327,326
46.24,318,316
46.29,322,323
46.29,319,316
46.29,324,323
46.29,316,315
46.29,316,318
46.29,320,318
46.3,316,318
46.35,320,318
46.35,317,317
46.35,321,320
46.35,314,314
46.35,321,320
46.36,314,313
46.37,321,320
46.43,311,313
46.43,320,321
46.43,313,311
46.43,319,319
46.43,313,313
46.43,316,317
46.43,312,311
46.49,312,312
46.49,308,308
46.49,309,310
46.49,313,310
46.49,305,306
46.49,312,310
46.5,307,307
46.56,313,311
46.56,300,300
46.56,310,310
46.56,303,302
46.56,305,306
46.56,301,301
46.56,308,309
46.62,304,303
46.62,309,309
46.62,305,303
46.62,309,309
46.62,310,306
46.62,305,305
46.63,310,307
46.68,303,304
46.68,316,314
46.68,304,305
46.68,311,309
46.68,301,300
46.69,308,308
46.7,303,301
46.75,309,309
46.75,305,303
46.75,310,310
46.75,303,301
46.75,305,306
46.75,305,304
46.76,307,307
46.83,310,309
46.83,307,308
46.83,311,309
46.83,303,303
46.83,314,313
46.83,305,304
46.83,312,312
46.89,302,302
46.89,309,308
46.89,302,302
46.89,313,312
46.89,305,305
46.89,309,311
46.89,308,306
46.95,313,312
46.95,312,311
46.95,309,310
46.95,313,313
46.95,308,309
46.95,316,314
46.96,307,306
47.01,315,315
47.01,310,309
47.01,316,318
47.01,314,312
47.01,318,318
47.01,315,315
47.02,319,318
47.07,313,311
47.07,317,316
47.07,314,314
47.07,313,313
47.07,313,311
47.08,307,306
47.09,316,314
47.15,306,307
47.15,317,315
47.15,309,310
47.15,315,314
47.15,310,307
47.15,316,317
47.15,312,310
47.21,311,313
47.21,311,310
47.21,311,311
47.21,308,306
47.21,313,314
47.21,311,308
47.22,307,308
47.28,319,316
47.28,305,306
47.28,317,317
47.28,314,313
47.28,320,320
47.28,310,311
47.28,321,321
47.34,310,309
47.34,319,320
47.34,320,317
47.34,320,320
47.34,320,318
47.34,301,297
47.35,289,289
47.42,304,306
47.42,310,308
47.42,307,309
47.42,319,317
47.42,310,312
47.42,325,326
47.42,320,319
47.48,330,330
47.48,321,320
47.48,333,333
47.48,329,327
47.48,331,332
47.48,328,327
47.48,334,334
47.54,331,330
47.54,331,333
47.54,341,338
47.54,334,337
47.54,345,343
47.54,335,334
47.55,342,341
47.6,335,334
47.6,349,347
47.6,338,337
47.6,344,344
47.6,341,339
47.6,343,342
47.61,338,337
47.67,340,341
47.67,333,331
47.67,334,334
47.67,343,341
47.67,338,339
47.67,342,343
47.68,342,343
47.74,350,347
47.74,340,341
47.74,351,350
47.74,340,341
47.74,348,349
47.74,342,342
47.74,350,352
47.81,347,345
47.81,347,346
47.81,344,342
47.81,343,344
47.81,343,342
47.81,339,341
47.81,343,341
47.87,336,336
47.87,345,344
47.87,335,336
47.87,343,342
47.87,335,333
47.87,338,340
47.87,334,333
47.93,345,345
47.93,337,335
47.93,336,335
47.93,335,334
47.93,334,336
47.93,338,336
47.94,333,332
47.95,332,332
47.96,332,331
47.97,335,334
48.03,327,329
48.03,335,332
48.03,326,325
48.03,332,332
48.03,325,324
48.03,332,333
48.03,327,324
48.09,331,330
48.09,330,327
48.09,334,334
48.09,335,332
48.09,333,333
48.09,335,333
48.1,330,332
48.15,338,335
48.15,331,332
48.15,334,332
48.15,329,329
48.15,338,338
48.16,327,327
48.17,337,338
48.23,329,328
48.23,338,340
48.23,327,325
48.23,335,335
48.23,327,326
48.23,329,329
48.23,329,328
48.29,325,324
48.29,330,328
48.29,323,322
48.29,324,324
48.29,320,319
48.29,328,327
48.3,318,318
48.35,327,328
48.35,320,318
48.35,330,328
48.35,322,320
48.35,328,327
48.35,325,323
48.36,320,323
48.42,329,327
48.42,320,321
48.42,325,324
48.42,323,324
48.42,326,325
48.42,323,325
48.43,332,331
48.48,322,323
48.48,338,336
48.48,321,321
48.48,332,332
48.48,326,326
48.48,334,333
48.49,327,327
48.56,333,332
48.56,327,326
48.56,328,329
48.56,327,327
48.56,329,328
48.56,331,330
48.56,328,328
48.62,334,332
48.62,326,328
48.62,339,338
48.62,327,326
48.62,335,337
48.62,329,328
48.62,332,333
48.68,327,326
48.68,333,333
48.68,329,327
48.68,331,332
48.68,332,331
48.68,328,329
48.69,329,329
48.74,328,328
48.74,330,328
48.74,318,320
48.74,329,327
48.74,317,317
48.75,325,324
48.76,322,323
48.82,328,328
48.82,321,322
48.82,331,330
48.82,323,321
48.82,324,324
48.82,323,321
48.82,319,318
48.88,319,318
48.88,318,320
48.88,322,319
48.88,316,318
48.88,329,326
48.88,319,318
48.89,321,320
48.94,318,318
48.94,328,328
48.94,319,318
48.94,327,327
48.94,322,320
48.94,322,323
48.95,323,320
49.01,323,323
49.01,324,324
49.01,324,325
49.01,327,326
49.01,324,326
49.01,334,331
49.02,319,319
49.07,326,326
49.07,318,317
49.07,328,327
49.07,320,320
49.07,324,325
49.07,322,320
49.08,326,324
49.13,317,317
49.13,320,321
49.13,320,318
49.13,319,320
49.13,320,319
49.14,320,320
49.15,322,319
49.21,314,314
49.21,324,323
49.21,315,314
49.21,327,326
49.21,316,316
49.21,325,324
49.21,323,321
49.27,322,324
49.27,318,318
49.27,319,320
49.27,317,316
49.27,319,320
49.27,294,289
49.28,300,303
49.34,313,312
49.34,306,307
49.34,315,314
49.34,309,309
49.34,319,319
49.34,311,311
49.35,321,321
49.4,316,316
49.4,321,322
49.4,318,318
49.4,324,325
49.4,326,324
49.4,330,329
49.41,328,326
49.46,327,329
49.46,333,330
49.46,327,327
49.46,334,332
49.46,327,327
49.47,336,335
49.48,326,327
49.54,341,341
49.54,332,333
49.54,339,340
49.54,336,335
49.54,341,342
49.54,336,335
49.54,336,336
49.6,342,340
49.6,338,339
49.6,341,340
49.6,342,342
49.6,345,344
49.6,337,337
49.61,343,343
49.67,337,335
49.67,345,346
49.67,337,337
49.67,345,345
49.67,338,338
49.67,344,345
49.67,339,338
49.73,345,346
49.73,346,344
49.73,341,342
49.73,341,339
49.73,341,342
49.73,347,345
49.74,343,343
49.79,349,347
49.79,340,342
49.79,347,346
49.79,342,340
49.79,350,350
49.8,342,342
49.8,346,346
49.85,343,343
49.85,348,349
49.85,349,348
49.85,344,344
49.85,346,346
49.86,349,349
49.87,350,349
49.93,349,349
49.93,355,354
49.93,352,351
49.93,359,359
49.93,352,354
49.93,360,360
49.93,352,353
50.0,362,362
50.0,352,352
50.0,362,364
50.0,359,358
50.0,366,367
50.0,363,361
50.0,363,362
50.06,369,367
50.06,365,364
50.06,367,365
50.06,361,362
50.06,367,366
50.06,358,360
50.07,369,368
50.12,356,356
50.12,369,368
50.12,357,355
50.12,360,361
50.12,359,358
50.12,364,364
50.13,361,358
50.18,356,357
50.18,354,354
50.18,353,355
50.18,359,358
50.18,353,354
50.19,356,354
50.2,346,346
50.26,355,354
50.26,346,347
50.26,356,357
50.26,347,344
50.26,355,355
50.26,346,345
50.26,350,351
50.32,349,348
50.32,350,351
50.32,347,346
50.32,346,347
50.32,351,351
50.32,343,343
50.33,345,343
50.39,340,343
50.39,344,342
50.39,334,335
50.39,350,349
50.39,338,337
50.39,346,346
50.39,342,340
50.45,349,348
50.45,338,338
50.45,344,345
50.45,339,339
50.45,346,346
50.45,349,345
50.46,344,343
50.51,346,346
50.51,342,343
50.51,351,349
50.51,345,345
50.51,349,348
50.52,336,335
50.52,344,344
50.58,335,333
50.58,343,342
50.58,333,330
50.58,335,336
50.58,331,328
50.58,330,331
50.59,328,328
50.65,329,329
50.65,330,327
50.65,322,322
50.65,328,328
50.65,319,318
50.65,329,326
50.66,316,316
50.72,322,322
50.72,314,315
50.72,322,321
50.72,314,312
50.72,319,319
50.72,312,310
50.72,318,317
50.78,314,312
50.78,312,312
50.78,316,315
50.78,311,310
50.78,314,313
50.78,308,309
50.79,319,317
50.84,307,306
50.84,315,313
50.84,306,304
50.84,314,312
50.84,306,305
50.84,309,309
50.85,303,301
50.91,302,302
50.91,286,280
50.91,270,274
50.91,283,282
50.91,283,285
50.91,290,287
50.92,286,288
50.98,296,294
50.98,287,286
50.98,292,291
50.98,284,284
50.98,296,296
50.98,290,290
50.98,295,296
51.05,288,289
51.05,295,296
51.05,295,296
51.05,297,298
51.05,302,302
51.05,303,303
51.05,307,304
51.11,305,308
51.11,316,315
51.11,306,306
51.11,316,314
51.11,308,309
51.11,314,313
51.11,303,302
51.17,314,312
51.17,310,308
51.17,315,316
51.17,308,307
51.17,316,317
51.17,311,310
51.18,316,316
51.23,318,315
51.23,316,317
51.23,321,321
51.23,319,318
51.23,321,320
51.24,314,316
51.25,325,325
51.31,319,318
51.31,327,326
51.31,317,316
51.31,326,327
51.31,321,319
51.31,326,327
51.31,320,319
51.37,322,325
51.37,322,320
51.37,321,322
51.37,321,321
51.37,321,320
51.37,318,318
51.38,314,313
51.43,321,318
51.43,314,314
51.43,323,323
51.43,315,314
51.43,321,320
51.43,314,313
51.44,319,319
51.5,313,311
51.5,318,318
51.5,316,316
51.5,319,318
51.5,318,317
51.5,316,317
51.51,322,322
51.56,316,315
51.56,320,320
51.56,312,313
51.56,325,322
51.56,314,314
51.56,326,325
51.57,313,312
51.64,321,321
51.64,316,314
51.64,320,319
51.64,317,314
51.64,317,316
51.64,316,314
51.64,311,311
51.7,316,315
51.7,310,310
51.7,317,315
51.7,307,307
51.7,315,314
51.7,307,306
51.7,314,314
51.76,311,313
51.76,316,317
51.76,312,309
51.76,312,313
51.76,310,309
51.76,313,313
51.77,310,310
51.82,313,315
51.82,319,317
51.82,315,317
51.82,324,323
51.82,311,313
51.83,324,323
51.84,319,319
51.9,327,325
51.9,322,322
51.9,329,328
51.9,325,324
51.9,326,327
51.9,324,324
51.9,324,325
51.96,324,322
51.96,327,329
51.96,328,326
51.96,326,328
51.96,331,328
51.96,323,324
51.97,330,328
52.02,323,323
52.02,330,331
52.02,322,322
52.02,331,332
52.02,325,323
52.02,331,331
52.03,327,325
52.08,328,329
52.08,329,327
52.08,328,329
52.08,330,330
52.08,328,329
52.09,332,331
52.1,328,328
52.15,336,334
52.15,324,324
52.15,336,334
52.15,324,324
52.15,330,330
52.15,321,321
52.16,331,330
52.23,323,322
52.23,329,328
52.23,326,323
52.23,330,330
52.23,327,327
52.23,329,329
52.23,324,321
52.29,304,303
52.29,299,300
52.29,307,307
52.29,316,314
52.29,313,314
52.29,325,324
52.29,319,317
52.35,327,328
52.35,322,322
52.35,333,333
52.35,330,327
52.35,330,333
52.35,328,328
52.36,334,333
52.41,334,334
52.41,333,333
52.41,340,338
52.41,336,338
52.41,346,344
52.42,337,338
52.43,345,346
52.48,339,338
52.48,348,349
52.48,343,341
52.48,348,348
52.48,345,343
52.48,346,346
52.49,342,341
52.55,344,344
52.55,344,343
52.55,344,345
52.55,345,344
52.55,340,341
52.55,346,345
52.56,341,342
52.62,348,346
52.62,339,338
52.62,347,346
52.62,339,337
52.62,348,347
52.62,339,336
52.62,347,346
52.68,342,338
52.68,343,342
52.68,340,339
52.68,340,340
52.68,341,338
52.68,338,339
52.69,343,339
52.74,332,332
52.74,346,344
52.74,334,334
52.74,340,339
52.74,332,332
52.74,343,343
52.75,334,330
52.8,334,335
52.8,332,332
52.8,335,336
52.8,333,332
52.8,335,335
52.81,330,330
52.82,331,331
52.88,336,336
52.88,331,331
52.88,331,330
52.88,328,328
52.88,339,337
52.88,326,325
52.88,331,332
52.95,330,330
52.95,339,337
52.95,328,328
52.95,333,332
52.95,328,325
52.95,328,328
52.95,330,327
53.01,329,329
53.01,330,329
53.01,326,327
53.01,329,329
53.01,326,328
53.01,332,330
53.01,320,321
53.07,333,332
53.07,324,323
53.07,332,333
53.07,324,321
53.07,330,331
53.07,325,324
53.08,330,329
53.13,326,325
53.13,326,326
53.13,328,325
53.13,328,328
53.13,330,329
53.14,320,322
53.15,326,325
53.21,319,319
53.21,325,324
53.21,323,322
53.21,328,327
53.21,317,316
53.21,321,321
53.21,316,315
53.27,321,322
53.27,315,313
53.27,318,319
53.27,318,317
53.27,320,322
53.27,317,315
53.28,311,313
53.33,321,319
53.33,310,311
53.33,322,322
53.33,312,312
53.33,321,321
53.33,314,313
53.34,322,323
53.4,314,314
53.4,319,319
53.4,312,312
53.4,317,318
53.4,317,315
53.4,317,317
53.41,319,317
53.46,315,315
53.46,319,317
53.46,314,315
53.46,323,321
53.46,313,311
53.47,307,302
53.47,281,280
53.54,297,295
53.54,287,286
53.54,300,301
53.54,299,298
53.54,306,307
53.54,309,306
53.54,311,312
53.6,312,311
53.6,318,318
53.6,326,324
53.6,316,318
53.6,326,326
53.6,322,323
53.6,336,336
53.66,327,325
53.66,336,336
53.66,329,328
53.66,332,333
53.66,332,331
53.66,336,337
53.67,333,333
53.72,337,337
53.72,338,337
53.72,338,338
53.72,342,341
53.72,341,342
53.73,342,342
53.74,334,336
53.8,346,345
53.8,336,336
53.8,348,346
53.8,333,334
53.8,348,350
53.8,341,338
53.8,346,347
53.86,345,344
53.86,344,345
53.86,343,343
53.86,344,345
53.86,346,342
53.86,341,343
53.87,349,346
53.92,339,339
53.92,349,348
53.92,339,340
53.92,351,350
53.92,344,344
53.92,349,349
53.93,340,341
53.99,353,351
53.99,346,343
53.99,347,348
53.99,344,343
53.99,346,347
53.99,352,348
54.0,345,344
54.05,347,346
54.05,342,340
54.05,347,346
54.05,340,339
54.05,346,344
54.06,333,334
54.06,342,341
54.13,338,337
54.13,341,341
54.13,343,341
54.13,348,348
54.13,340,339
54.13,347,347
54.13,344,343
54.19,344,344
54.19,350,350
54.19,346,348
54.19,351,352
54.19,347,346
54.19,351,349
54.19,340,340
54.25,350,352
54.25,343,341
54.25,348,348
54.25,341,341
54.25,347,347
54.25,340,338
54.26,348,347
54.31,343,340
54.31,344,344
54.31,344,340
54.31,339,340
54.31,344,342
54.32,334,334
54.33,340,339
54.38,330,331
54.38,336,335
54.38,326,326
54.38,332,332
54.38,324,324
54.38,329,330
54.39,328,328
54.45,326,326
54.45,322,320
54.45,319,320
54.45,321,321
54.45,318,320
54.45,318,316
54.46,312,311
54.52,297,291
54.52,280,282
54.52,299,297
54.52,288,290
54.52,304,305
54.52,300,301
54.52,314,314
54.58,306,305
54.58,317,318
54.58,312,310
54.58,318,319
54.58,319,316
54.58,323,324
54.59,327,324
54.64,323,325
54.64,329,327
54.64,319,320
54.64,332,330
54.64,325,324
54.64,329,327
54.65,323,322
54.71,329,327
54.71,322,322
54.71,331,331
54.71,327,326
54.71,332,332
54.71,330,329
54.72,330,331
54.77,329,329
54.77,331,331
54.77,329,329
54.77,327,327
54.77,331,330
54.78,327,328
54.78,330,329
54.85,322,321
54.85,331,332
54.85,323,321
54.85,328,329
54.85,324,321
54.85,328,328
54.85,325,324
54.91,324,327
54.91,325,324
54.91,322,321
54.91,325,323
54.91,322,322
54.91,324,324
54.92,321,320
54.97,328,326
54.97,316,318
54.97,328,328
54.97,318,319
54.97,329,329
54.97,322,320
54.98,324,325
55.03,319,318
55.03,321,322
55.03,321,318
55.03,320,322
55.03,322,321
55.04,321,323
55.05,326,324
55.11,323,323
55.11,329,327
55.11,320,320
55.11,329,328
55.11,320,320
55.11,332,332
55.11,329,328
55.17,336,335
55.17,335,334
55.17,338,338
55.17,337,334
55.17,338,339
55.17,338,337
55.18,336,338
55.24,340,339
55.24,333,333
55.24,335,335
55.24,329,329
55.24,336,335
55.24,326,326
55.24,335,334
55.3,323,321
55.3,333,333
55.3,325,324
55.3,326,326
55.3,322,321
55.3,324,326
55.31,326,324
55.36,325,326
55.36,324,322
55.36,325,325
55.36,324,322
55.36,318,318
55.37,324,322
55.37,304,302
55.44,298,297
55.44,299,298
55.44,311,310
55.44,307,306
55.44,320,320
55.44,316,316
55.44,325,324
55.5,327,325
55.5,326,327
55.5,329,327
55.5,328,329
55.5,336,334
55.5,332,333
55.51,335,335
55.52,335,335
55.53,346,344
55.53,336,339
55.59,350,350
55.59,343,342
55.59,353,353
55.59,347,345
55.59,349,348
55.59,346,342
55.6,349,350
55.66,349,347
55.66,346,347
55.66,351,349
55.66,348,349
55.66,350,348
55.66,345,346
55.66,350,347
55.72,343,343
55.72,353,351
55.72,342,341
55.72,349,348
55.72,339,338
55.72,343,344
55.73,341,340
55.78,341,342
55.78,337,336
55.78,343,343
55.78,338,336
55.78,336,339
55.79,339,336
55.8,333,332
55.86,335,335
55.86,334,334
55.86,342,341
55.86,332,333
55.86,341,341
55.86,335,332
55.86,339,340
55.92,334,332
55.92,339,340
55.92,335,332
55.92,335,337
55.92,337,336
55.92,334,335
55.93,336,334
55.98,334,335
55.98,335,332
55.98,327,327
55.98,334,333
55.98,325,324
55.98,334,334
55.99,320,320
56.04,328,326
56.04,317,317
56.04,326,326
56.04,314,312
56.04,317,317
56.05,315,312
56.06,317,316
56.12,312,310
56.12,311,311
56.12,310,309
56.12,305,306
56.12,310,308
56.12,293,294
56.12,299,298
56.19,274,273
56.19,278,276
56.19,251,247
56.19,260,264
56.19,266,265
56.19,277,279
56.19,283,280
56.25,286,287
56.25,296,295
56.25,294,295
56.25,299,296
56.25,298,299
56.25,306,305
56.25,298,299
56.31,306,306
56.31,302,301
56.31,313,312
56.31,306,306
56.31,313,314
56.31,310,309
56.32,318,318
56.37,316,314
56.37,318,322
56.37,323,319
56.37,318,321
56.37,321,320
56.38,320,323
56.39,322,322
56.45,318,318
56.45,327,325
56.45,320,321
56.45,326,326
56.45,320,321
56.45,331,330
56.45,321,319
56.51,328,328
56.51,324,322
56.51,328,328
56.51,324,323
56.51,325,326
56.51,324,323
56.52,323,322
56.57,328,327
56.57,324,325
56.57,332,330
56.57,321,322
56.57,330,331
56.57,320,320
56.58,331,331
56.63,325,324
56.63,331,333
56.63,331,329
56.63,332,333
56.63,327,326
56.64,330,330
56.65,329,327
56.7,329,329
56.7,335,333
56.7,328,328
56.7,331,331
56.7,324,324
56.71,329,329
56.71,320,320
56.78,332,333
56.78,324,323
56.78,331,331
56.78,324,322
56.78,328,329
56.78,326,325
56.78,328,329
56.84,322,322
56.84,326,326
56.84,328,327
56.84,327,329
56.84,331,330
56.84,326,325
56.84,326,325
56.9,318,317
56.9,328,327
56.9,318,318
56.9,330,329
56.9,318,316
56.9,324,324
56.91,316,313
56.97,315,316
56.97,311,308
56.97,301,300
56.97,278,275
56.97,287,290
56.97,298,298
56.98,300,300
57.03,311,311
57.03,309,309
57.03,323,322
57.03,314,314
57.03,328,330
57.03,323,322
57.04,331,332
57.11,332,332
57.11,339,340
57.11,336,335
57.11,343,343
57.11,341,338
57.11,341,342
57.11,346,344
57.17,344,344
57.17,352,349
57.17,343,343
57.17,356,354
57.17,347,348
57.17,356,355
57.17,347,347
57.23,357,356
57.23,350,350
57.23,354,356
57.23,348,347
57.23,348,348
57.23,349,348
57.24,351,350
57.29,345,344
57.29,345,345
57.29,346,344
57.29,339,339
57.29,342,343
57.3,337,338
57.3,344,343
57.35,336,335
57.35,350,350
57.35,343,344
57.35,352,351
57.35,342,342
57.36,350,350
57.37,344,341
57.43,342,341
57.43,341,338
57.43,339,340
57.43,341,340
57.43,334,335
57.43,342,342
57.43,335,335
57.49,339,338
57.49,332,332
57.49,337,336
57.49,325,322
57.49,331,330
57.49,321,318
57.5,321,321
57.56,319,317
57.56,320,320
57.56,313,310
57.56,314,315
57.56,314,313
57.56,307,307
57.57,313,311
57.62,307,308
57.62,313,310
57.62,304,304
57.62,312,312
57.62,301,301
57.62,311,311
57.63,302,300
57.68,304,303
57.68,296,294
57.68,297,295
57.68,291,288
57.68,283,284
57.69,285,282
57.7,264,263
57.76,260,260
57.76,272,272
57.76,280,278
57.76,281,282
57.76,292,293
57.76,289,289
57.76,300,302
57.82,299,298
57.82,308,308
57.82,305,303
57.82,316,317
57.82,316,315
57.82,315,315
57.83,320,319
57.88,323,324
57.88,328,328
57.88,326,325
57.88,334,334
57.88,328,329
57.88,338,337
57.89,335,336
57.95,342,340
57.95,331,330
57.95,343,343
57.95,333,332
57.95,344,343
57.95,333,332
57.96,341,341
58.02,334,332
58.02,337,338
58.02,342,340
58.02,337,337
58.02,344,342
58.02,335,335
58.02,345,343
58.09,339,339
58.09,348,346
58.09,339,337
58.09,347,346
58.09,339,339
58.09,344,344
58.09,338,336
58.15,342,343
58.15,343,340
58.15,335,334
58.15,333,332
58.15,338,338
58.15,338,336
58.16,330,333
58.21,337,337
58.21,327,328
58.21,334,334
58.21,328,326
58.21,332,332
58.21,325,324
58.22,333,334
58.27,324,322
58.27,333,332
58.27,327,324
58.27,328,326
58.27,321,321
58.28,323,325
58.29,324,323
58.35,313,314
58.35,314,313
58.35,303,305
58.35,310,309
58.35,298,296
58.35,302,302
58.35,291,289
58.41,294,294
58.41,287,286
58.41,287,289
58.41,280,278
58.41,282,281
58.41,258,255
58.42,254,257
58.47,270,270
58.47,269,272
58.47,284,284
58.47,287,286
58.47,294,295
58.47,297,296
58.48,302,303
58.54,301,301
58.54,313,313
58.54,309,308
58.54,317,319
58.54,313,312
58.54,320,322
58.55,322,320
58.6,322,325
58.6,325,325
58.6,327,328
58.6,333,331
58.6,326,327
58.61,336,334
58.61,331,330
58.68,339,338
58.68,331,332
58.68,345,345
58.68,336,335
58.68,347,346
58.68,334,334
58.68,339,338
58.74,336,336
58.74,344,345
58.74,342,341
58.74,342,341
58.74,344,342
58.74,341,342
58.74,344,342
58.8,341,340
58.8,346,343
58.8,339,340
58.8,348,347
58.8,338,338
58.8,344,344
58.81,336,335
58.86,343,342
58.86,341,339
58.87,345,345
58.87,344,341
58.87,345,347
58.87,346,345
58.88,346,347
58.93,351,350
58.93,345,347
58.93,353,351
58.93,343,344
58.93,348,349
58.93,347,346
58.94,353,353
59.01,342,342
59.01,348,349
59.01,340,338
59.01,346,345
59.01,342,341
59.01,344,345
59.01,340,338
59.07,332,335
59.07,337,333
59.07,326,326
59.07,333,331
59.07,324,324
59.07,327,325
59.07,315,315
59.13,325,323
59.13,309,309
59.13,308,305
59.13,285,285
59.13,306,308
59.13,308,307
59.14,316,316
59.19,321,320
59.19,324,326
59.19,334,333
59.19,337,336
59.19,341,340
59.2,341,341
59.2,354,353
59.26,349,349
59.26,353,352
59.26,340,340
59.26,354,354
59.26,349,348
59.26,354,353
59.27,348,346
59.32,356,357
59.32,354,352
59.32,355,355
59.32,356,354
59.32,350,352
59.33,357,354
59.33,350,349
59.4,352,352
59.4,349,349
59.4,350,349
59.4,346,347
59.4,356,354
59.4,348,348
59.4,356,356
59.46,349,349
59.46,352,353
59.46,351,349
59.46,353,354
59.46,347,346
59.46,347,347
59.47,345,343
59.52,337,338
59.52,342,341
59.52,332,334
59.52,344,343
59.52,331,332
59.52,336,336
59.53,330,328
59.58,337,337
59.58,326,325
59.58,335,335
59.58,324,323
59.58,325,326
59.59,323,319
59.6,319,320
59.66,318,317
59.66,318,317
59.66,318,317
59.66,306,306
59.66,313,311
59.66,303,301
59.66,305,306
59.72,293,293
59.72,302,300
59.72,291,289
59.72,289,290
59.72,284,282
59.72,278,278
59.73,274,273
59.79,271,269
59.79,253,253
59.79,264,266
59.79,276,275
59.79,276,277
59.79,289,290
59.79,296,297
59.85,306,305
59.85,299,300
59.85,318,319
59.85,315,313
59.85,320,321
59.85,314,314
59.86,328,329
59.91,326,324
59.91,327,328
59.91,327,323
59.91,328,329
59.91,333,330
59.92,328,329
59.92,336,333
59.99,325,325
59.99,337,335
59.99,325,325
59.99,334,333
59.99,322,322
59.99,332,333
59.99,324,324
60.05,328,330
60.05,325,323
60.05,326,327
60.05,324,322
60.05,328,327
60.05,327,324
60.06,323,323
60.11,328,325
60.11,317,320
60.11,326,325
60.11,318,320
60.11,326,325
60.11,317,316
60.12,324,323
60.18,315,313
60.18,322,320
60.18,311,312
60.18,316,318
60.18,312,312
60.18,316,316
60.19,316,313
60.24,314,316
60.24,315,314
60.24,312,311
60.24,313,311
60.24,308,309
60.24,317,315
60.25,303,304
60.32,310,310
60.32,301,299
60.32,301,302
60.32,297,297
60.32,302,300
60.32,292,292
60.32,294,291
60.38,282,281
60.38,285,286
60.38,284,281
60.38,273,271
60.38,259,256
60.38,264,267
60.38,289,288
60.44,281,284
60.44,305,305
60.44,304,304
60.44,316,317
60.44,312,312
60.44,325,326
60.45,323,323
60.5,329,328
60.5,329,327
60.5,329,331
60.5,334,333
60.5,335,335
60.51,339,339
60.51,330,333
60.57,342,340
60.57,332,333
60.57,343,341
60.57,340,342
60.57,345,345
60.57,340,339
60.58,341,344
60.64,340,339
60.64,340,342
60.64,339,337
60.64,340,340
60.64,339,337
60.64,339,339
60.65,344,343
60.71,341,342
60.71,349,346
60.71,341,342
60.71,347,347
60.71,339,337
60.71,343,343
60.71,337,336
60.77,342,342
60.77,335,337
60.77,339,341
60.77,335,335
60.77,339,339
60.77,333,333
60.78,335,335
60.83,334,333
60.83,329,331
60.83,332,330
60.83,324,326
60.83,332,330
60.83,322,322
60.84,324,323
60.89,313,313
60.89,320,320
60.89,313,311
60.89,320,319
60.89,309,308
60.9,312,312
60.91,309,306
60.97,310,311
60.97,309,308
60.97,309,310
60.97,308,307
60.97,305,305
60.97,311,309
60.97,296,296
61.03,300,299
61.03,278,280
61.03,299,301
61.03,305,304
61.03,313,314
61.03,318,316
61.04,326,326
61.1,326,325
61.1,335,334
61.1,328,327
61.1,329,329
61.1,338,336
61.1,334,335
61.1,344,342
61.16,337,338
61.16,346,344
61.16,337,336
61.16,343,343
61.16,334,332
61.16,341,342
61.17,333,332
61.23,340,339
61.23,333,331
61.23,339,340
61.23,332,329
61.23,334,335
61.23,334,332
61.24,333,332
61.29,333,332
61.29,328,329
61.29,335,335
61.29,326,326
61.29,337,337
61.29,325,324
61.3,325,324
61.35,321,320
61.35,328,328
61.35,322,321
61.35,327,326
61.35,321,320
61.36,321,322
61.37,323,320
61.43,323,323
61.43,322,320
61.43,317,318
61.43,321,318
61.43,309,310
61.43,315,314
61.43,310,311
61.49,316,313
61.49,298,297
61.49,308,310
61.49,305,303
61.49,300,302
61.49,294,294
61.5,297,297
61.56,298,295
61.56,293,293
61.56,298,298
61.56,292,293
61.56,289,287
61.56,281,281
61.56,292,290
61.62,282,281
61.62,288,286
61.62,271,268
61.62,278,275
61.62,256,255
61.62,270,272
61.63,274,276
61.68,286,288
61.68,292,292
61.68,301,302
61.68,308,308
61.68,310,312
61.69,322,320
61.69,316,317
61.75,326,327
61.75,322,324
61.75,335,334
61.75,330,328
61.75,336,335
61.75,332,331
61.76,344,344
61.82,334,333
61.82,342,342
61.82,340,338
61.82,340,341
61.82,338,336
61.82,340,341
61.82,339,338
61.89,336,338
61.89,345,342
61.89,336,336
61.89,346,344
61.89,336,336
61.89,348,347
61.89,342,339
61.95,340,341
61.95,339,336
61.95,340,339
61.95,334,332
61.95,338,337
61.95,334,332
61.96,333,333
62.01,334,332
62.01,334,334
62.01,332,331
62.01,330,331
62.01,336,336
62.01,328,329
62.02,335,335
62.08,330,330
62.08,340,338
62.08,328,326
62.08,336,336
62.08,326,324
62.08,329,331
62.09,330,330
62.14,331,329
62.14,322,322
62.14,324,325
62.14,326,322
62.14,316,317
62.14,328,327
62.15,317,317
62.22,328,328
62.22,320,321
62.22,329,329
62.22,318,318
62.22,325,326
62.22,317,316
62.22,324,325
62.28,318,316
62.28,318,319
62.28,307,305
62.28,311,312
62.28,327,325
62.28,325,326
62.28,336,336
62.34,338,338
62.34,345,344
62.34,337,337
62.34,354,355
62.34,348,346
62.34,359,359
62.35,354,353
62.4,358,358
62.4,351,349
62.4,348,348
62.4,342,341
62.4,345,345
62.41,345,344
62.41,347,346
62.47,351,350
62.47,341,340
62.47,350,347
62.47,341,342
62.47,346,344
62.47,336,334
62.48,345,344
62.54,330,329
62.54,343,342
62.54,332,331
62.54,337,337
62.54,332,331
62.54,334,334
62.55,333,332
62.6,333,335
62.6,334,333
62.6,332,333
62.6,337,335
62.6,326,324
62.6,331,329
62.61,323,322
62.67,330,329
62.67,323,321
62.67,329,330
62.67,326,324
62.67,328,328
62.67,322,321
62.68,323,325
62.73,319,316
62.73,316,317
62.73,313,312
62.73,314,315
62.73,316,316
62.73,308,308
62.74,316,314
62.79,304,305
62.79,312,309
62.79,300,300
62.79,306,306
62.79,304,301
62.8,305,304
62.81,296,295
62.87,301,301
62.87,299,298
62.87,298,299
62.87,297,295
62.87,290,290
62.87,278,273
62.87,269,272
62.93,280,280
62.93,285,285
62.93,293,291
62.93,282,284
62.93,300,300
62.93,296,296
62.94,305,307
62.99,305,305
62.99,310,310
62.99,307,307
62.99,315,317
62.99,315,313
63.0,312,313
63.0,312,310
63.06,305,305
63.06,310,307
63.06,304,304
63.06,310,309
63.06,306,306
63.06,313,311
63.07,302,302
63.12,310,311
63.12,304,303
63.12,304,306
63.12,302,300
63.12,305,304
63.13,301,300
63.14,305,306
63.2,306,302
63.2,298,301
63.2,302,300
63.2,292,294
63.2,303,302
63.2,296,296
63.21,306,306
63.21,298,297
63.22,303,303
63.23,303,300
63.29,307,308
63.29,300,297
63.29,304,304
63.29,300,298
63.29,297,298
63.29,302,299
63.3,299,301
63.35,306,305
63.35,299,300
63.35,305,302
63.35,291,293
63.35,301,299
63.35,291,290
63.36,298,298
63.42,291,290
63.42,298,297
63.42,284,282
63.42,294,294
63.42,288,285
63.42,287,286
63.43,286,286
63.48,290,288
63.48,289,288
63.48,284,284
63.48,285,283
63.48,265,265
63.48,270,269
63.49,270,272
63.56,290,289
63.56,285,285
63.56,301,301
63.56,300,299
63.56,304,306
63.56,307,305
63.56,312,312
63.62,312,311
63.62,317,316
63.62,315,313
63.62,318,320
63.62,319,318
63.62,317,317
63.62,326,325
63.68,319,319
63.68,328,327
63.68,319,318
63.68,327,325
63.68,315,314
63.68,320,322
63.69,316,316
63.74,325,325
63.74,324,322
63.74,323,323
63.74,325,324
63.74,320,321
63.75,324,323
63.75,322,324
63.81,327,325
63.81,321,319
63.81,328,328
63.81,321,322
63.81,332,331
63.81,319,318
63.82,329,328
63.88,319,318
63.88,324,326
63.88,322,320
63.88,324,323
63.88,317,316
63.88,319,320
63.89,323,321
63.95,314,316
63.95,321,320
63.95,317,316
63.95,315,313
63.95,306,307
63.95,318,316
63.95,308,306
64.01,318,317
64.01,309,307
64.01,314,314
64.01,307,304
64.01,308,310
64.01,308,306
64.02,312,313
64.07,303,302
64.07,300,300
64.07,304,302
64.07,296,296
64.07,301,300
64.07,294,293
64.08,298,296
64.13,288,288
64.13,292,290
64.13,273,273
64.13,290,293
64.13,289,290
64.14,307,309
64.15,311,310
64.21,317,316
64.21,316,316
64.21,321,320
64.21,322,321
64.21,320,320
64.21,331,328
64.21,329,331
64.27,339,339
64.27,333,334
64.27,347,346
64.27,334,335
64.27,347,347
64.27,343,342
64.28,347,348
64.34,347,345
64.34,350,353
64.34,353,352
64.34,354,354
64.34,359,356
64.34,356,358
64.34,365,365
64.4,358,357
64.4,362,361
64.4,355,356
64.4,364,363
64.4,357,359
64.4,373,371
64.41,361,359
64.46,369,370
64.46,365,364
64.46,373,372
64.46,366,365
64.46,372,372
64.47,364,361
64.48,360,361
64.54,359,358
64.54,356,356
64.54,362,359
64.54,353,354
64.54,355,353
64.54,346,346
64.54,351,351
64.6,345,343
64.6,351,349
64.6,337,337
64.6,346,346
64.6,341,340
64.6,350,350
64.61,346,344
64.66,344,343
64.66,346,343
64.66,340,340
64.66,346,345
64.66,339,338
64.66,341,340
64.67,333,334
64.72,343,342
64.72,332,331
64.72,333,332
64.72,318,316
64.72,320,320
64.73,302,299
64.74,307,308
64.8,309,310
64.8,321,321
64.8,322,321
64.8,321,323
64.8,324,323
64.8,324,325
64.8,327,325
64.86,323,324
64.86,336,335
64.86,330,329
64.86,338,338
64.86,334,334
64.86,340,342
64.87,341,339
64.93,335,334
64.93,334,335
64.93,341,342
64.93,342,341
64.93,342,344
64.93,345,345
64.93,348,350
64.99,357,357
64.99,351,354
64.99,369,368
64.99,357,359
64.99,372,374
64.99,365,363
65.0,368,369
65.05,368,368
65.05,376,376
65.05,371,368
65.05,372,372
65.05,371,369
65.06,371,371
65.06,370,369
65.13,365,365
65.13,366,365
65.13,361,363
65.13,365,362
65.13,351,350
65.13,359,357
65.13,351,351
65.19,358,358
65.19,348,348
65.19,357,356
65.19,346,345
65.19,351,350
65.19,343,341
65.2,343,343
65.25,346,342
65.25,334,335
65.25,337,336
65.25,332,333
65.25,336,335
65.25,328,329
65.26,335,333
65.32,325,323
65.32,331,332
65.32,320,318
65.32,318,318
65.32,313,310
65.32,310,311
65.33,306,303
65.38,293,291
65.38,293,292
65.38,300,302
65.38,311,309
65.38,312,313
65.38,315,314
65.39,316,319
65.46,331,329
65.46,324,326
65.46,335,335
65.46,328,327
65.46,339,339
65.46,330,331
65.46,341,341
65.52,335,334
65.52,337,338
65.52,342,338
65.52,331,332
65.52,327,328
65.52,321,323
65.52,329,326
65.58,317,317
65.58,320,319
65.58,307,306
65.58,314,313
65.58,304,304
65.58,310,311
65.59,300,298
65.64,303,302
65.64,292,292
65.64,301,300
65.64,290,289
65.64,289,290
65.65,290,287
65.65,290,292
65.71,287,285
65.71,284,285
65.71,293,292
65.71,284,284
65.71,295,293
65.71,285,284
65.72,288,288
65.77,277,277
65.77,288,287
65.77,280,277
65.77,279,280
65.77,272,272
65.78,274,275
65.79,271,270
65.85,273,273
65.85,274,272
65.85,263,265
65.85,272,272
65.85,266,266
65.85,267,266
65.85,259,258
65.91,261,259
65.91,252,251
65.91,258,259
65.91,248,248
65.91,252,252
65.91,247,246
65.92,245,245
65.97,229,228
65.97,230,233
65.97,248,246
65.97,249,249
65.97,261,260
65.97,256,257
65.98,272,270
66.04,269,267
66.04,277,276
66.04,273,272
66.04,284,284
66.04,281,281
66.04,289,289
66.05,285,284
66.1,290,292
66.1,289,287
66.1,295,294
66.1,292,292
66.1,296,297
66.11,297,294
66.11,297,299
66.18,302,298
66.18,293,293
66.18,300,302
66.18,297,298
66.18,307,305
66.18,296,296
66.18,304,304
66.24,297,296
66.24,304,304
66.24,302,299
66.24,299,300
66.24,300,298
66.24,295,296
66.24,299,296
66.3,295,295
66.3,300,298
66.3,287,286
66.3,299,298
66.3,288,289
66.3,298,298
66.31,288,288
66.36,298,299
66.36,297,294
66.36,297,296
66.36,290,289
66.37,296,297
66.37,290,288
66.38,294,296
66.43,294,292
66.43,286,288
66.43,293,290
66.43,290,293
66.43,291,290
66.43,285,287
66.44,291,290
66.51,282,283
66.51,291,291
66.51,282,280
66.51,283,282
66.51,271,267
66.51,270,270
66.51,279,277
66.57,285,287
66.57,290,290
66.57,300,300
66.57,302,301
66.57,301,304
66.57,311,310
66.57,309,310
66.63,323,322
66.63,315,314
66.63,321,322
66.63,315,315
66.63,327,326
66.63,317,316
66.64,328,330
66.7,322,322
66.7,330,331
66.7,329,329
66.7,332,332
66.7,333,331
66.7,336,335
66.7,339,336
66.76,334,334
66.76,341,338
66.76,332,333
66.76,340,338
66.76,329,330
66.76,340,338
66.77,331,330
66.82,341,340
66.82,332,330
66.82,337,339
66.82,336,335
66.82,339,339
66.83,336,334
66.83,332,333
66.9,338,335
66.9,330,332
66.9,333,333
66.9,330,328
66.9,336,333
66.9,329,329
66.9,338,338
66.96,328,327
66.96,334,334
66.96,331,328
66.96,328,328
66.96,322,322
66.96,326,326
66.97,322,320
67.02,318,318
67.02,322,319
67.02,312,315
67.02,316,316
67.02,312,313
67.02,320,318
67.03,304,306
67.08,316,314
67.08,300,298
67.08,298,298
67.08,300,301
67.08,316,316
67.09,310,309
67.1,323,323
67.16,320,320
67.16,329,329
67.16,329,329
67.16,331,332
67.16,338,336
67.16,330,330
67.16,336,334
67.22,327,328
67.22,337,335
67.22,334,332
67.22,338,337
67.22,330,329
67.22,340,340
67.23,335,335
67.28,340,341
67.29,338,336
67.29,342,342
67.29,339,338
67.29,339,341
67.29,340,340
67.29,339,339
67.35,343,340
67.35,329,330
67.35,342,340
67.35,334,334
67.35,342,340
67.35,335,332
67.36,336,336
67.41,331,329
67.41,335,335
67.41,330,329
67.41,336,337
67.41,334,333
67.42,336,335
67.42,334,333
67.47,332,334
67.47,334,333
67.47,333,332
67.47,339,338
67.47,338,340
67.48,351,348
67.49,339,339
67.55,350,350
67.55,345,343
67.55,351,350
67.55,344,342
67.55,349,349
67.55,346,345
67.56,347,347
67.61,346,344
67.61,331,332
67.61,329,327
67.61,322,325
67.61,331,327
67.61,307,306
67.62,320,319
67.68,319,319
67.68,329,328
67.68,329,328
67.68,340,341
67.68,340,338
67.68,342,342
67.69,336,335
67.74,346,346
67.74,339,338
67.74,338,341
67.74,342,340
67.74,332,334
67.74,336,336
67.75,329,327
67.82,326,324
67.82,312,311
67.82,313,312
67.82,305,304
67.82,316,318
67.82,308,305
67.82,317,316
67.88,312,311
67.88,316,318
67.88,315,313
67.88,314,315
67.88,317,314
67.88,312,312
67.88,319,317
67.94,302,300
67.94,307,306
67.94,297,296
67.94,306,304
67.94,296,296
67.94,307,307
67.95,296,296
68.0,301,300
68.0,293,291
68.0,302,302
68.0,298,298
68.0,305,306
68.01,303,300
68.01,303,305
68.07,302,299
68.07,294,294
68.07,297,295
68.07,287,287
68.07,286,285
68.07,281,283
68.08,294,292
68.14,282,282
68.14,292,293
68.14,286,285
68.14,293,293
68.14,288,287
68.14,295,295
68.14,294,293
68.21,293,294
68.21,292,292
68.21,290,292
68.21,284,280
68.21,284,287
68.21,302,299
68.21,292,293
68.27,300,298
68.27,286,284
68.27,298,298
68.27,287,286
68.27,302,302
68.27,300,299
68.28,313,312
68.33,310,308
68.33,317,318
68.33,319,317
68.33,323,324
68.33,327,325
68.33,325,325
68.34,329,326
68.39,318,319
68.39,325,322
68.39,315,315
68.39,324,324
68.39,312,311
68.4,319,319
68.41,309,307
68.46,308,308
68.46,300,300
68.46,301,300
68.46,297,297
68.46,296,296
68.46,296,296
68.47,296,297
68.54,296,295
68.54,291,289
68.54,299,297
68.54,285,285
68.54,289,288
68.54,280,278
68.54,282,282
68.6,274,272
68.6,277,278
68.6,274,273
68.6,278,279
68.6,275,273
68.6,276,275
68.6,272,270
68.66,272,271
68.66,275,272
68.66,270,271
68.66,276,274
68.66,265,264
68.66,275,274
68.67,269,267
68.72,275,274
68.72,270,269
68.72,273,273
68.73,265,263
68.73,267,267
68.73,257,256
68.73,260,261
68.79,267,268
68.79,270,269
68.79,274,274
68.79,272,273
68.79,281,279
68.79,277,277
68.8,279,276
68.86,265,266
68.87,279,277
68.87,267,266
68.87,272,270
68.87,255,252
68.87,258,257
68.87,247,245
68.93,241,240
68.93,234,232
68.93,232,232
68.93,231,229
68.93,228,228
68.93,225,223
68.93,217,218
68.99,225,224
68.99,219,218
68.99,222,220
68.99,212,213
68.99,229,229
68.99,222,221
69.0,228,229
69.05,232,232
69.05,236,237
69.05,240,240
69.05,249,251
69.05,260,258
69.05,262,262
69.06,263,263
69.11,261,263
69.11,277,275
69.11,269,269
69.11,277,275
69.11,268,267
69.12,283,282
69.13,272,272
69.19,279,277
69.19,277,276
69.19,282,282
69.19,282,281
69.19,275,274
69.19,274,274
69.19,271,273
69.26,275,272
69.26,267,266
69.26,265,263
69.26,271,271
69.26,287,287
69.26,286,286
69.26,304,303
69.32,302,302
69.32,315,315
69.32,316,317
69.32,328,328
69.32,323,322
69.32,332,334
69.32,331,329
69.38,335,335
69.38,337,335
69.38,336,337
69.38,343,343
69.38,339,340
69.38,353,353
69.39,343,344
69.45,359,357
69.45,345,345
69.45,356,359
69.45,354,355
69.45,360,360
69.45,356,357
69.46,363,362
69.51,360,359
69.51,357,358
69.51,363,362
69.51,361,360
69.51,358,357
69.51,360,360
69.52,364,363
69.59,363,361
69.59,365,362
69.59,358,358
69.59,364,364
69.59,360,358
69.59,368,366
69.59,358,357
69.65,362,363
69.65,355,354
69.65,358,360
69.65,357,354
69.65,350,352
69.65,351,348
69.65,339,340
69.71,350,348
69.71,340,342
69.71,346,343
69.71,330,331
69.71,341,339
69.71,322,321
69.72,332,334
69.77,331,329
69.77,343,341
69.77,336,334
69.77,344,344
69.77,343,341
69.78,346,347
69.78,345,343
69.83,338,340
69.83,346,346
69.83,338,339
69.83,344,343
69.83,340,340
69.84,353,352
69.85,345,344
69.91,347,347
69.91,340,339
69.91,347,348
69.91,335,334
69.91,327,324
69.91,308,308
69.91,308,310
69.98,307,304
69.98,304,303
69.98,306,305
69.98,300,300
69.98,301,300
69.98,293,291
69.98,294,293
70.04,283,282
70.04,291,291
70.04,284,282
70.04,291,293
70.04,287,286
70.04,294,294
70.05,284,282
70.1,288,290
70.1,286,283
70.1,284,286
70.1,294,291
70.1,290,290
70.1,291,288
70.11,279,279
70.16,289,288
70.16,285,284
70.16,288,286
70.16,280,278
70.16,283,284
70.17,279,278
70.18,284,284
70.24,274,274
70.24,279,281
70.24,275,272
70.24,269,268
70.24,264,262
70.24,269,270
70.24,274,273
70.3,274,274
70.3,281,282
70.3,280,280
70.3,285,282
70.3,272,273
70.3,283,282
70.31,272,270
70.37,277,278
70.37,274,271
70.37,276,276
70.37,272,271
70.37,276,276
70.37,274,271
70.37,275,275
70.43,277,277
70.43,273,273
70.43,279,280
70.43,279,278
70.43,284,283
70.43,279,279
70.44,286,287
70.49,282,280
70.49,287,288
70.49,281,279
70.49,281,281
70.49,281,279
70.5,287,287
70.5,283,281
70.57,282,284
70.57,281,281
70.57,283,284
70.57,288,286
70.57,281,281
70.57,282,281
70.57,280,280
70.63,286,285
70.63,276,276
70.63,283,281
70.63,268,268
70.63,277,276
70.63,266,264
70.64,269,268
70.7,260,259
70.7,260,260
70.7,256,253
70.7,250,248
70.7,242,241
70.7,237,236
70.7,241,238
70.76,228,228
70.76,236,235
70.76,226,222
70.76,225,226
70.76,225,224
70.76,235,236
70.77,234,233
70.78,243,244
70.79,248,245
70.79,251,252
70.85,253,252
70.85,252,255
70.85,260,259
70.85,258,258
70.85,264,262
70.85,258,258
70.86,266,265
70.91,259,258
70.91,269,268
70.91,263,263
70.91,278,277
70.91,267,267
70.92,274,274
70.93,270,268
70.99,274,273
70.99,274,272
70.99,275,275
70.99,278,277
70.99,280,281
70.99,283,281
70.99,276,278
71.05,283,282
71.05,272,273
71.05,287,285
71.05,275,275
71.05,281,279
71.05,272,272
71.06,277,277
71.11,273,271
71.11,276,278
71.11,278,277
71.11,282,283
71.11,280,280
71.11,282,283
71.12,288,287
71.18,286,287
71.18,293,292
71.18,289,290
71.18,298,298
71.18,296,295
71.18,304,305
71.19,294,293
71.24,298,299
71.24,290,290
71.24,294,295
71.24,290,290
71.24,295,295
71.25,285,284
71.25,297,298
71.32,307,306
71.32,306,308
71.32,313,312
71.32,310,311
71.32,323,322
71.32,319,318
71.32,326,324
71.38,318,317
71.38,328,329
71.38,318,319
71.38,324,325
71.38,320,319
71.38,320,323
71.38,324,323
71.44,327,326
71.44,326,326
71.44,321,322
71.44,326,325
71.44,320,321
71.44,320,319
71.45,315,315
71.5,323,321
71.5,311,311
71.5,321,321
71.5,313,312
71.5,321,321
71.51,311,307
71.52,306,308
71.57,310,309
71.57,314,314
71.57,310,309
71.57,308,309
71.57,306,303
71.57,300,300
71.58,298,296
71.65,288,288
71.65,297,295
71.65,288,287
71.65,296,295
71.65,287,285
71.65,294,295
71.65,288,287
71.71,291,291
71.71,285,282
71.71,283,284
71.71,280,277
71.71,281,280
71.71,277,274
71.71,276,277
71.77,276,275
71.77,266,266
71.77,271,271
71.77,269,271
71.77,283,282
71.77,280,280
71.78,289,290
71.83,287,288
71.83,297,298
71.83,295,293
71.83,298,299
71.83,295,294
71.84,301,300
71.84,301,299
71.9,299,299
71.9,303,301
71.9,297,299
71.9,303,303
71.9,296,296
71.9,308,306
71.91,293,292
71.97,305,305
71.97,302,300
71.97,309,307
71.97,302,301
71.97,306,306
71.97,301,299
71.97,305,306
72.03,300,299
72.03,302,304
72.03,302,301
72.03,298,299
72.03,301,299
72.03,296,296
72.04,296,295
72.1,287,288
72.1,296,294
72.1,280,281
72.1,290,290
72.1,280,279
72.1,287,289
72.11,284,282
72.16,283,282
72.16,279,278
72.16,279,279
72.16,280,278
72.16,276,277
72.16,274,273
72.17,273,272
72.22,275,273
72.22,264,264
72.22,275,273
72.22,265,263
72.22,260,260
72.23,255,256
72.24,271,270
72.3,266,266
72.3,273,275
72.3,273,272
72.3,277,277
72.3,276,274
72.3,274,274
72.3,276,276
72.36,277,276
72.36,275,272
72.36,271,271
72.36,279,279
72.36,269,269
72.36,279,277
72.37,268,266
72.43,268,269
72.43,271,270
72.43,277,276
72.43,271,270
72.43,275,276
72.43,271,268
72.43,273,274
72.49,278,276
72.49,275,275
72.49,284,282
72.49,278,279
72.49,287,285
72.49,280,281
72.5,289,288
72.55,277,277
72.55,283,282
72.55,275,273
72.55,280,281
72.55,276,276
72.56,277,277
72.56,276,274
72.63,271,272
72.63,272,271
72.63,264,265
72.63,264,264
72.63,262,263
72.63,265,265
72.63,257,257
72.69,260,258
72.69,249,250
72.69,255,255
72.69,243,240
72.69,242,241
72.69,236,236
72.7,248,249
72.75,252,251
72.75,254,254
72.75,252,251
72.75,257,257
72.75,257,258
72.75,256,257
72.76,260,258
72.81,255,256
72.81,265,262
72.81,249,249
72.81,261,259
72.81,247,246
72.82,258,258
72.83,247,247
72.88,253,254
72.88,246,244
72.88,248,248
72.88,248,248
72.88,248,250
72.88,245,245
72.89,244,245
72.95,244,244
72.95,238,239
72.95,243,241
72.95,235,235
72.95,247,245
72.95,229,229
72.96,240,241
73.02,233,230
73.02,234,234
73.02,233,230
73.02,233,234
73.02,231,231
73.02,232,232
73.02,228,225
73.08,224,227
73.08,226,225
73.08,222,223
73.08,220,220
73.08,219,218
73.08,224,225
73.09,213,214
73.14,224,224
73.14,215,212
73.14,216,215
73.14,203,202
73.14,219,219
73.15,213,213
73.15,224,225
73.21,222,220
73.21,223,225
73.21,231,230
73.21,230,229
73.21,233,230
73.21,224,224
73.22,238,238
73.28,230,230
73.28,239,239
73.28,233,231
73.28,244,244
73.28,235,235
73.28,246,247
73.29,238,237
73.34,240,239
73.34,241,239
73.34,244,244
73.34,245,243
73.35,239,241
73.35,248,246
73.35,240,240
73.41,249,247
73.41,241,240
73.41,249,248
73.41,246,245
73.41,252,253
73.41,246,246
73.42,252,253
73.47,244,244
73.47,250,249
73.47,243,242
73.47,248,248
73.47,243,241
73.47,240,241
73.48,243,242
73.53,240,240
73.53,242,241
73.53,234,233
73.53,242,240
73.53,231,230
73.54,241,239
73.55,227,226
73.61,237,237
73.61,227,224
73.61,228,228
73.61,220,220
73.61,228,228
73.61,230,230
73.61,236,235
73.67,237,236
73.67,237,237
73.67,244,243
73.67,239,240
73.67,249,247
73.67,242,243
73.68,248,248
73.73,242,242
73.73,254,254
73.73,246,245
73.73,253,254
73.73,244,243
73.74,251,250
73.74,251,248
73.8,254,256
73.8,254,251
73.8,252,253
73.8,256,254
73.8,252,253
73.8,260,259
73.81,249,250
73.86,257,256
73.86,248,248
73.86,258,259
73.86,251,251
73.86,260,261
73.87,258,256
73.87,265,264
73.94,258,258
73.94,265,263
73.94,262,260
73.94,259,260
73.94,265,262
73.94,261,262
73.94,269,266
74.0,264,265
74.0,268,269
74.0,266,265
74.0,270,271
74.0,264,264
74.0,270,272
74.01,266,265
74.06,268,269
74.06,271,271
74.06,282,284
74.06,286,284
74.06,291,292
74.06,294,295
74.07,299,299
74.12,303,303
74.13,304,305
74.13,310,310
74.13,308,310
74.13,325,324
74.13,319,320
74.14,333,332
74.19,331,332
74.19,340,342
74.19,345,344
74.19,353,354
74.19,356,355
74.19,365,366
74.2,372,372
74.26,380,384
74.26,393,392
74.26,392,395
74.26,407,407
74.26,408,411
74.26,429,428
74.27,430,433
74.33,451,451
74.33,457,457
74.33,472,473
74.33,480,478
74.33,493,494
74.33,498,498
74.33,503,506
74.39,514,513
74.39,519,518
74.39,524,521
74.39,520,521
74.39,529,528
74.39,528,529
74.4,541,539
74.45,534,533
74.45,535,534
74.45,525,524
74.45,541,542
74.45,539,538
74.46,548,549
74.46,547,545
74.52,554,555
74.52,558,558
74.52,564,566
74.52,570,569
74.52,575,576
74.52,589,588
74.53,588,590
74.59,598,598
74.59,595,595
74.59,605,603
74.59,599,601
74.59,615,614
74.59,605,605
74.6,616,615
74.66,610,609
74.66,619,619
74.66,614,613
74.66,620,620
74.66,618,617
74.66,617,616
74.66,615,614
74.72,612,612
74.72,612,609
74.72,605,606
74.72,612,611
74.72,598,596
74.72,603,601
74.73,586,585
74.78,595,595
74.78,584,582
74.78,584,586
74.78,583,581
74.78,586,588
74.78,580,579
74.79,581,581
74.86,582,580
74.86,574,573
74.86,572,569
74.86,570,570
74.86,575,574
74.86,573,572
74.86,585,583
74.92,572,569
74.92,577,575
74.92,563,561
74.92,564,565
74.92,557,556
74.92,563,564
74.92,558,556
74.98,556,557
74.98,553,550
74.98,549,549
74.98,553,550
74.98,545,547
74.98,546,543
74.99,537,539
75.05,544,543
75.05,534,534
75.05,542,541
75.05,527,527
75.05,536,536
75.05,527,523
75.05,520,519
75.11,509,508
75.11,505,507
75.11,505,502
75.11,502,503
75.11,500,498
75.11,490,490
75.12,490,489
75.17,478,479
75.17,479,477
75.17,465,465
75.17,468,466
75.17,452,452
75.18,459,458
75.19,440,437
75.25,439,440
75.25,427,424
75.25,427,426
75.25,426,423
75.25,421,422
75.25,419,417
75.25,413,414
75.31,419,416
75.31,408,408
75.31,416,414
75.31,404,404
75.31,409,407
75.31,400,399
75.32,404,404
75.37,393,393
75.37,402,404
75.37,393,391
75.37,396,395
75.37,393,391
75.37,389,391
75.38,393,390
75.43,390,389
75.43,387,385
75.43,385,386
75.43,388,385
75.43,379,379
75.44,388,387
75.45,375,375
75.51,379,377
75.51,369,368
75.51,371,370
75.51,360,358
75.51,362,363
75.51,356,355
75.51,357,357
75.58,354,353
75.58,346,346
75.58,346,342
75.58,343,343
75.58,341,337
75.58,333,332
75.58,331,329
75.64,327,327
75.64,338,336
75.64,328,329
75.64,341,341
75.64,336,335
75.64,345,345
75.64,339,339
75.7,345,345
75.7,346,344
75.7,344,345
75.7,345,345
75.7,349,349
75.7,350,350
75.71,346,348
75.76,353,349
75.76,342,341
75.76,350,349
75.77,334,334
75.77,342,341
75.77,332,333
75.78,337,337
75.83,329,328
75.83,333,334
75.83,327,325
75.83,329,331
75.83,327,325
75.83,325,326
75.84,323,321
75.9,318,319
75.9,324,321
75.9,312,313
75.9,321,318
75.9,306,306
75.9,313,311
75.91,303,303
75.97,310,308
75.97,291,290
75.97,299,301
75.97,302,300
75.97,304,305
75.97,301,300
75.97,307,307
76.03,308,307
76.03,307,308
76.03,314,314
76.03,310,313
76.03,323,321
76.03,314,315
76.04,323,322
76.09,315,317
76.09,328,326
76.09,316,317
76.09,332,334
76.09,322,319
76.09,325,325
76.1,322,321
76.15,323,324
76.15,325,323
76.15,324,324
76.15,324,323
76.15,322,324
76.16,328,327
76.17,323,322
76.23,330,328
76.23,322,322
76.23,332,330
76.23,318,317
76.23,325,324
76.23,319,317
76.23,324,324
76.29,315,311
76.29,319,318
76.29,312,309
76.29,312,313
76.29,318,318
76.29,321,321
76.3,323,323
76.36,323,323
76.36,330,328
76.36,326,327
76.36,341,340
76.36,333,332
76.36,343,341
76.37,331,329
76.42,341,340
76.42,336,335
76.42,344,344
76.42,341,338
76.42,348,348
76.42,349,345
76.43,345,345
76.48,348,348
76.48,346,347
76.48,347,346
76.48,341,341
76.48,349,346
76.49,335,336
76.5,344,344
76.56,335,334
76.56,340,341
76.56,335,333
76.56,339,340
76.56,334,332
76.56,333,332
76.56,331,329
76.62,330,329
76.62,329,326
76.62,320,320
76.63,322,319
76.63,314,317
76.63,332,331
76.63,323,324
76.69,338,337
76.69,330,330
76.69,335,337
76.69,331,330
76.69,335,337
76.69,336,334
76.69,344,345
76.75,342,340
76.75,347,346
76.75,340,339
76.75,339,340
76.75,341,339
76.75,338,339
76.76,348,347
76.81,340,340
76.81,343,343
76.81,333,333
76.81,339,338
76.81,330,330
76.82,336,337
76.82,328,326
76.87,328,329
76.87,325,325
76.87,330,329
76.87,327,326
76.87,330,329
76.88,329,327
76.89,319,318
76.95,320,319
76.95,314,316
76.95,320,319
76.95,308,308
76.95,315,313
76.95,302,302
76.96,311,314
77.01,311,309
77.01,316,318
77.01,314,314
77.01,320,320
77.01,316,314
77.01,321,322
77.02,325,321
77.08,317,319
77.08,322,320
77.08,314,315
77.08,321,318
77.08,314,315
77.08,324,324
77.09,317,317
77.14,327,326
77.14,312,312
77.14,320,320
77.14,315,314
77.14,319,320
77.14,315,313
77.15,319,319
77.2,322,320
77.2,319,319
77.2,320,318
77.2,315,315
77.2,325,323
77.21,318,317
77.22,328,326
77.28,321,320
77.28,327,326
77.28,316,316
77.28,322,321
77.28,312,309
77.28,318,319
77.28,318,318
77.34,325,324
77.34,327,326
77.34,328,329
77.34,328,327
77.34,328,328
77.34,334,332
77.35,318,316
77.4,321,321
77.4,323,323
77.4,331,330
77.4,324,324
77.4,335,334
77.41,327,326
77.41,331,332
77.47,328,327
77.47,332,333
77.47,327,327
77.47,330,332
77.47,334,334
77.47,330,330
77.48,337,336
77.53,332,333
77.53,341,341
77.53,327,329
77.53,336,335
77.53,328,328
77.54,337,337
77.54,332,331
77.61,337,337
77.61,331,328
77.61,332,332
77.61,322,321
77.61,324,324
77.61,313,311
77.61,314,316
77.67,320,319
77.67,318,317
77.67,318,318
77.67,314,317
77.67,327,324
77.67,317,317
77.68,332,330
77.73,322,321
77.73,331,330
77.73,327,325
77.73,331,331
77.73,329,329
77.73,334,333
77.74,333,332
77.79,333,333
77.79,328,327
77.79,320,321
77.79,330,326
77.79,319,318
77.8,324,323
77.81,314,314
77.87,324,324
77.87,315,314
77.87,321,321
77.87,316,316
77.87,319,318
77.87,314,313
77.87,319,319
77.93,313,313
77.93,313,311
77.93,307,305
77.93,309,309
77.93,311,308
77.93,298,300
77.94,307,306
78.0,305,306
78.0,318,318
78.0,308,308
78.0,316,317
78.0,309,307
78.0,318,318
78.0,310,310
78.06,317,319
78.06,318,315
78.06,320,321
78.06,311,310
78.06,310,312
78.06,311,310
78.07,310,312
78.12,312,312
78.12,309,310
78.12,317,317
78.12,311,310
78.12,313,312
78.13,306,307
78.13,312,313
78.2,307,306
78.2,315,315
78.2,310,310
78.2,312,313
78.2,308,308
78.2,306,307
78.2,303,301
78.26,301,302
78.26,306,304
78.26,300,300
78.26,302,300
78.26,289,288
78.26,294,293
78.27,282,282
78.28,297,298
78.29,290,289
78.29,295,295
78.36,294,295
78.36,305,305
78.36,304,304
78.36,313,313
78.36,318,317
78.36,316,315
78.36,320,320
78.42,321,322
78.42,325,323
78.42,318,320
78.42,329,327
78.42,323,324
78.42,336,334
78.43,327,328
78.48,338,338
78.48,335,335
78.48,343,342
78.48,335,334
78.48,338,339
78.48,337,335
78.49,336,336
78.54,338,338
78.54,336,337
78.54,335,334
78.54,334,334
78.54,338,336
78.55,328,329
78.56,338,335
78.61,323,323
78.61,327,326
78.61,315,316
78.61,325,324
78.61,319,317
78.61,325,326
78.62,323,322
78.68,320,322
78.68,324,322
78.68,324,324
78.68,325,321
78.68,319,318
78.68,328,327
78.69,320,321
78.75,329,327
78.75,315,316
78.75,324,323
78.75,313,313
78.75,324,323
78.75,312,311
78.75,321,322
78.81,315,312
78.81,312,313
78.81,306,303
78.81,307,308
78.81,311,308
78.81,307,307
78.82,312,310
78.87,307,307
78.87,310,309
78.87,305,306
78.87,317,316
78.87,302,302
78.88,319,318
78.88,311,309
78.93,309,309
78.93,298,298
78.93,305,305
78.93,299,298
78.93,299,299
78.94,300,298
78.95,303,304
79.01,306,306
79.01,307,307
79.01,313,314
79.01,315,315
79.01,320,318
79.01,308,310
79.02,319,316
79.07,313,312
79.07,319,320
79.07,313,312
79.07,318,318
79.07,312,311
79.07,314,314
79.08,311,309
79.14,313,313
79.14,311,310
79.14,305,306
79.14,312,311
79.14,304,306
79.14,311,309
79.15,306,305
79.2,314,313
79.2,308,308
79.2,320,320
79.2,306,304
79.2,310,309
79.2,305,303
79.21,307,307
79.28,302,301
79.28,296,296
79.28,294,293
79.28,294,292
79.28,291,288
79.28,282,283
79.28,290,288
79.34,284,285
79.34,293,292
79.34,287,287
79.34,299,299
79.34,293,292
79.34,310,311
79.34,304,303
79.4,310,310
79.4,311,310
79.4,317,317
79.4,316,316
79.4,320,320
79.4,324,324
79.41,322,321
79.46,328,326
79.46,319,318
79.46,331,328
79.46,317,315
79.46,323,323
79.47,317,317
79.47,324,324
79.53,318,316
79.53,324,324
79.53,318,318
79.53,323,325
79.53,323,320
79.53,319,318
79.54,320,319
79.6,318,318
79.6,317,315
79.6,306,307
79.6,308,308
79.6,299,299
79.6,304,300
79.61,290,291
79.67,302,302
79.67,297,296
79.67,303,303
79.67,297,294
79.67,299,298
79.67,296,296
79.67,297,298
79.73,297,296
79.73,297,297
79.73,301,300
79.73,298,299
79.73,306,302
79.73,299,300
79.74,308,306
79.79,299,300
79.79,308,308
79.79,296,296
79.79,303,304
79.79,296,296
79.79,298,298
79.8,296,295
79.85,298,298
79.85,295,294
79.85,296,295
79.85,296,292
79.85,282,285
79.86,292,289
79.87,283,285
79.93,293,290
79.93,285,286
79.93,286,286
79.93,278,279
79.93,284,283
79.93,279,277
79.93,288,291
79.99,288,287
79.99,293,296
79.99,300,299
79.99,302,303
79.99,304,304
79.99,305,306
80.0,310,310
80.05,310,310
80.06,316,315
80.06,312,313
80.06,321,320
80.06,314,315
80.06,329,330
80.06,317,316
80.12,325,326
80.12,318,315
80.12,319,320
80.12,312,310
80.12,317,319
80.12,318,318
80.13,321,322
80.18,330,328
80.18,320,320
80.18,321,320
80.18,315,316
80.18,319,317
80.19,314,314
80.19,321,319
80.26,312,312
80.26,316,318
80.26,307,306
80.26,312,311
80.26,305,303
80.26,311,312
80.26,310,310
80.32,309,312
80.32,317,316
80.32,313,314
80.32,319,317
80.32,314,316
80.32,320,317
80.33,314,313
80.38,322,322
80.38,315,315
80.38,325,325
80.38,318,317
80.38,322,323
80.38,317,316
80.39,323,324
80.44,322,320
80.44,325,326
80.44,327,326
80.44,331,333
80.44,336,333
80.45,329,328
80.46,330,331
80.52,327,330
80.52,335,333
80.52,328,329
80.52,336,337
80.52,331,329
80.52,338,337
80.52,329,329
80.58,337,337
80.58,331,329
80.58,334,335
80.58,328,327
80.58,331,331
80.58,332,331
80.59,326,329
80.65,329,326
80.65,321,323
80.65,334,331
80.65,330,331
80.65,333,332
80.65,327,326
80.65,335,333
80.71,328,329
80.71,337,336
80.71,327,325
80.71,333,333
80.71,331,329
80.71,332,332
80.72,332,332
80.77,332,332
80.77,335,333
80.77,330,329
80.77,333,332
80.77,323,325
80.78,333,332
80.78,322,323
80.85,330,330
80.85,324,324
80.85,332,333
80.85,326,325
80.85,336,335
80.85,331,329
80.85,324,326
80.91,325,321
80.91,320,320
80.91,320,319
80.91,315,315
80.91,323,322
80.91,316,317
80.92,324,324
80.97,315,316
80.97,324,325
80.97,316,316
80.97,320,320
80.97,314,314
80.97,322,322
80.98,320,319
81.04,329,329
81.04,330,328
81.04,331,333
81.04,334,330
81.04,328,329
81.04,339,338
81.05,335,335
81.1,335,333
81.1,324,325
81.1,334,332
81.1,326,326
81.1,330,328
81.1,320,319
81.11,323,322
81.18,310,309
81.18,316,316
81.18,311,311
81.18,316,316
81.18,309,308
81.18,304,303
81.18,304,301
81.24,296,296
81.24,298,297
81.24,296,298
81.24,306,305
81.24,296,296
81.24,305,304
81.24,299,298
81.3,306,306
81.3,299,297
81.3,303,305
81.3,302,300
81.3,304,304
81.3,298,296
81.31,294,296
81.36,298,296
81.36,290,289
81.36,302,300
81.36,298,299
81.36,303,302
81.37,299,299
81.37,308,307
81.43,299,298
81.43,307,306
81.43,300,300
81.43,313,314
81.43,311,309
81.43,315,315
81.44,313,313
81.5,316,317
81.5,319,315
81.5,311,312
81.5,319,317
81.5,313,313
81.5,324,321
81.51,315,316
81.57,322,321
81.57,319,318
81.57,322,321
81.57,321,320
81.57,327,327
81.57,323,322
81.57,330,330
81.63,323,321
81.63,330,332
81.63,326,326
81.63,328,329
81.63,336,333
81.63,332,334
81.64,333,331
81.69,326,326
81.69,330,329
81.69,318,318
81.69,324,324
81.69,311,311
81.69,321,320
81.7,312,312
81.75,315,315
81.75,312,312
81.75,319,319
81.75,320,319
81.75,325,327
81.76,327,325
81.77,327,328
81.83,331,328
81.83,322,323
81.83,331,328
81.83,323,322
81.83,329,327
81.83,318,320
81.83,331,330
81.89,320,319
81.89,329,328
81.89,328,327
81.89,337,336
81.89,330,328
81.89,328,329
81.9,325,325
81.96,325,326
81.96,328,327
81.96,328,330
81.96,338,337
81.96,331,330
81.96,339,338
81.96,330,331
82.02,342,341
82.02,336,336
82.02,346,346
82.02,341,338
82.02,349,350
82.02,348,348
82.03,359,360
82.08,359,357
82.08,362,363
82.08,366,364
82.08,364,366
82.08,366,364
82.09,360,360
82.1,369,368
82.16,361,362
82.16,372,371
82.16,366,366
82.16,378,378
82.16,370,369
82.16,382,382
82.16,376,373
82.22,379,380
82.22,379,377
82.22,380,382
82.22,378,377
82.22,379,381
82.22,387,385
82.23,383,385
82.28,389,386
82.28,379,378
82.28,385,383
82.28,376,375
82.28,376,377
82.28,368,366
82.29,373,373
82.35,368,366
82.35,372,374
82.35,369,369
82.35,372,372
82.35,371,369
82.35,373,373
82.36,373,371
82.41,362,363
82.41,366,365
82.41,353,354
82.41,361,360
82.41,351,351
82.41,355,356
82.42,346,346
82.49,346,344
82.49,335,334
82.49,334,334
82.49,325,323
82.49,325,323
82.49,318,318
82.49,325,326
82.55,324,321
82.55,322,322
82.55,326,323
82.55,325,326
82.55,334,334
82.55,325,325
82.55,332,330
82.61,326,324
82.61,332,330
82.61,317,315
82.61,322,322
82.61,317,317
82.61,329,328
82.62,326,325
82.67,332,333
82.67,326,324
82.67,324,325
82.67,330,327
82.67,328,328
82.68,331,329
82.69,328,328
82.74,333,331
82.74,320,318
82.74,327,328
82.74,323,322
82.74,327,327
82.74,322,320
82.75,330,329
82.81,319,319
82.81,328,327
82.81,324,322
82.81,325,326
82.81,322,320
82.81,318,317
82.82,321,322
82.88,314,316
82.88,324,322
82.88,314,314
82.88,320,321
82.88,312,312
82.88,319,318
82.88,316,315
82.94,320,322
82.94,313,311
82.94,317,319
82.94,318,316
82.94,321,322
82.94,315,312
82.95,317,319
83.0,319,315
83.0,312,312
83.0,312,312
83.0,308,310
83.0,316,315
83.0,302,303
83.01,316,316
83.06,307,306
83.06,312,314
83.06,313,309
83.06,310,312
83.06,309,309
83.07,315,315
83.08,314,312
83.14,313,315
83.14,312,310
83.14,312,313
83.14,319,316
83.14,314,315
83.14,319,319
83.14,312,310
83.2,314,313
83.2,308,309
83.2,319,318
83.2,309,309
83.2,318,318
83.2,313,311
83.21,317,317
83.27,312,311
83.27,316,317
83.27,314,312
83.27,313,314
83.27,315,314
83.27,307,307
83.27,313,312
83.33,305,306
83.33,313,312
83.33,306,307
83.33,316,314
83.33,311,310
83.33,318,319
83.34,310,308
83.41,314,314
83.41,312,312
83.41,314,315
83.41,318,315
83.41,316,317
83.41,322,321
83.41,322,321
83.47,321,319
83.47,318,320
83.47,327,325
83.47,321,322
83.47,334,334
83.47,327,326
83.47,335,335
83.53,330,328
83.53,337,337
83.53,332,330
83.53,340,340
83.53,335,331
83.53,334,335
83.54,332,330
83.59,336,336
83.59,339,336
83.59,333,333
83.59,341,340
83.59,339,339
83.59,341,340
83.6,333,334
83.66,345,345
83.66,333,333
83.66,342,341
83.66,334,334
83.66,339,340
83.66,339,339
83.67,342,340
83.72,340,338
83.72,337,337
83.72,336,336
83.72,332,333
83.72,337,333
83.73,328,331
83.73,339,336
83.8,325,326
83.8,332,332
83.8,325,325
83.8,335,334
83.8,325,323
83.8,333,333
83.8,332,330
83.86,336,337
83.86,331,328
83.86,329,329
83.86,325,325
83.86,326,328
83.86,332,331
83.86,326,326
83.92,331,329
83.92,319,319
83.92,327,326
83.92,320,319
83.92,328,328
83.92,318,317
83.93,326,328
83.98,321,320
83.98,328,327
83.98,324,322
83.98,324,325
83.98,333,330
83.99,329,330
84.0,334,331
84.05,328,330
84.05,341,340
84.05,336,337
84.05,342,342
84.05,335,335
84.05,341,339
84.06,332,332
84.13,343,341
84.13,335,335
84.13,344,344
84.13,340,339
84.13,345,345
84.13,345,343
84.13,344,344
84.19,342,340
84.19,341,342
84.19,342,341
84.19,337,339
84.19,346,345
84.19,340,340
84.19,349,348
84.25,337,337
84.25,342,342
84.25,329,326
84.25,337,338
84.25,334,334
84.25,339,338
84.26,332,331
84.31,337,338
84.31,342,340
84.31,338,340
84.31,349,348
84.31,341,344
84.32,349,347
84.32,336,337
84.38,346,344
84.38,338,339
84.38,349,347
84.38,343,344
84.38,363,363
84.38,357,356
84.39,366,367
84.45,368,367
84.45,375,375
84.45,376,374
84.45,381,381
84.45,384,383
84.45,386,387
84.45,392,390
84.51,387,388
84.51,397,396
84.51,392,392
84.51,404,404
84.51,396,395
84.51,405,405
84.52,397,396
84.58,404,404
84.58,400,400
84.58,407,406
84.58,402,401
84.58,406,406
84.58,409,407
84.59,408,409
84.64,410,407
84.64,404,406
84.64,416,415
84.64,413,414
84.64,419,418
84.64,412,413
84.65,425,425
84.7,417,416
84.7,431,431
84.7,421,420
84.7,432,431
84.7,422,420
84.71,422,423
84.72,421,420
84.78,418,419
84.78,418,416
84.78,409,408
84.78,399,396
84.78,383,383
84.78,389,387
84.78,382,381
84.84,389,387
84.84,374,375
84.84,387,386
84.84,376,375
84.84,387,388
84.84,380,378
84.85,382,382
84.9,377,376
84.9,381,382
84.9,375,374
84.9,379,380
84.9,376,374
84.91,373,373
84.91,378,376
84.97,368,368
84.97,379,377
84.97,363,362
84.97,367,366
84.97,359,358
84.97,361,361
84.98,354,351
85.04,358,358
85.04,351,349
85.04,352,351
85.04,346,344
85.04,343,344
85.04,351,349
85.04,344,344
85.11,348,348
85.11,341,341
85.11,351,348
85.11,339,338
85.11,343,342
85.11,332,332
85.11,340,340
85.17,332,331
85.17,343,341
85.17,328,326
85.17,330,332
85.17,331,328
85.17,332,332
85.18,330,327
85.23,325,326
85.23,332,330
85.23,329,328
85.23,330,328
85.23,323,324
85.23,331,329
85.24,319,320
85.29,331,331
85.29,318,318
85.29,321,322
85.29,320,318
85.29,323,322
85.3,315,312
85.31,317,317
85.37,314,313
85.37,313,313
85.37,311,308
85.37,299,297
85.37,295,292
85.37,279,278
85.37,281,278
85.43,267,266
85.43,267,265
85.43,250,249
85.43,257,258
85.43,249,248
85.43,255,257
85.44,254,252
85.5,255,254
85.5,255,253
85.5,259,260
85.5,263,260
85.5,261,260
85.5,264,261
85.5,260,260
85.56,266,265
85.56,251,252
85.56,264,263
85.56,257,257
85.56,270,268
85.56,255,254
85.57,266,267
85.62,267,266
85.62,271,272
85.62,273,270
85.62,272,271
85.62,270,270
85.63,274,276
85.63,279,276
85.68,275,276
85.68,283,282
85.68,278,280
85.68,291,289
85.68,286,285
85.69,297,296
85.7,290,288
85.71,292,291
85.72,285,284
85.73,292,292
85.79,288,286
85.79,294,293
85.79,286,283
85.79,286,289
85.79,293,291
85.79,289,290
85.79,296,295
85.86,293,295
85.86,304,302
85.86,297,299
85.86,311,308
85.86,298,299
85.86,314,312
85.86,301,301
85.92,310,311
85.92,306,305
85.92,310,312
85.92,307,306
85.92,309,310
85.92,311,310
85.92,309,310
85.98,313,310
85.98,307,307
85.98,314,312
85.98,304,305
85.98,313,313
85.98,306,306
85.99,314,313
86.04,307,305
86.04,313,313
86.04,313,311
86.04,314,315
86.04,305,304
86.05,310,311
86.06,307,305
86.11,309,310
86.11,311,309
86.11,308,310
86.11,316,314
86.11,312,314
86.11,327,324
86.12,316,317
86.18,327,326
86.18,320,320
86.18,331,330
86.18,323,323
86.18,332,334
86.18,328,327
86.19,332,332
86.25,335,333
86.25,340,340
86.25,337,337
86.25,339,340
86.25,340,338
86.25,338,340
86.25,343,341
86.31,340,341
86.31,353,352
86.31,346,347
86.31,359,359
86.31,349,348
86.31,361,362
86.32,357,356
86.37,366,366
86.37,361,358
86.37,363,364
86.37,363,362
86.37,362,364
86.38,366,365
86.38,367,367
86.43,372,370
86.43,364,367
86.43,378,376
86.43,368,368
86.43,378,377
86.44,368,368
86.45,378,379
86.51,371,368
86.51,377,377
86.51,374,373
86.51,372,374
86.51,371,370
86.51,372,373
86.51,373,370
86.57,372,372
86.57,377,376
86.57,373,372
86.57,378,375
86.57,365,366
86.57,371,369
86.58,359,360
86.64,370,368
86.64,359,358
86.64,364,364
86.64,361,359
86.64,356,356
86.64,354,354
86.65,354,354
86.7,352,351
86.7,350,351
86.7,349,348
86.7,345,344
86.7,348,348
86.7,338,338
86.71,332,329
86.76,318,318
86.76,327,328
86.76,321,320
86.76,329,328
86.76,321,320
86.77,325,324
86.78,318,318
86.84,324,325
86.84,320,319
86.84,322,322
86.84,324,323
86.84,324,325
86.84,327,325
86.84,317,316
86.9,325,326
86.9,322,323
86.9,332,330
86.9,322,323
86.9,327,329
86.9,321,320
86.91,329,328
86.96,321,319
86.96,328,329
86.96,322,319
86.96,317,320
86.96,323,322
86.97,318,319
86.97,321,320
87.03,314,315
87.03,322,321
87.03,313,312
87.03,318,316
87.03,309,309
87.03,319,318
87.04,308,308
87.09,320,318
87.09,314,314
87.09,321,320
87.09,312,312
87.09,318,318
87.1,313,310
87.1,311,312
87.17,312,310
87.17,303,304
87.17,310,310
87.17,304,305
87.17,309,308
87.17,302,305
87.17,308,305
87.23,295,294
87.23,307,305
87.23,294,293
87.23,300,299
87.23,294,294
87.23,300,300
87.24,299,296
87.29,297,296
87.29,298,298
87.29,301,301
87.29,303,301
87.29,296,299
87.29,305,304
87.3,296,297
87.35,304,303
87.35,294,295
87.35,305,305
87.35,288,288
87.35,297,298
87.36,294,293
87.37,300,300
87.43,298,298
87.43,307,306
87.43,304,302
87.43,299,299
87.43,306,305
87.43,299,298
87.43,303,300
87.49,300,299
87.49,305,305
87.49,296,298
87.49,307,306
87.49,299,297
87.49,310,308
87.5,298,298
87.56,307,309
87.56,305,303
87.56,303,303
87.56,302,301
87.56,304,304
87.56,304,301
87.56,300,302
87.62,305,304
87.62,302,303
87.62,306,304
87.62,301,303
87.62,307,305
87.62,296,297
87.63,308,308
87.68,299,298
87.68,308,308
87.68,301,299
87.68,306,308
87.68,306,305
87.69,309,309
87.69,306,305
87.76,310,311
87.76,313,312
87.76,312,313
87.76,315,313
87.76,306,307
87.76,317,315
87.76,308,307
87.82,318,315
87.82,306,306
87.82,318,317
87.82,312,311
87.82,318,318
87.82,310,311
87.83,319,319
87.88,316,315
87.88,322,323
87.88,320,319
87.88,323,323
87.88,322,322
87.88,324,325
87.89,329,328
87.95,322,323
87.95,328,326
87.95,319,318
87.95,328,328
87.95,321,320
87.95,326,329
87.96,323,322
88.01,330,329
88.01,332,330
88.01,337,335
88.01,333,330
88.01,326,327
88.01,332,332
88.02,332,331
88.07,331,329
88.07,328,330
88.07,341,337
88.07,326,327
88.07,335,334
88.08,328,327
88.09,337,337
88.15,328,326
88.15,335,337
88.15,328,327
88.15,335,337
88.15,330,329
88.15,336,335
88.15,331,328
88.21,328,330
88.21,335,333
88.21,326,326
88.21,337,335
88.21,330,330
88.21,342,340
88.22,329,327
88.28,334,333
88.28,322,321
88.28,332,333
88.28,330,328
88.28,331,331
88.28,329,326
88.28,336,335
88.34,332,330
88.34,331,332
88.34,336,334
88.34,327,330
88.34,334,332
88.34,325,324
88.35,334,333
88.4,323,323
88.4,333,333
88.4,325,324
88.4,334,335
88.4,324,325
88.41,337,336
88.42,332,331
88.48,340,340
88.48,338,335
88.48,336,336
88.48,332,329
88.48,329,331
88.48,334,332
88.48,326,326
88.54,333,332
88.54,329,328
88.54,339,337
88.54,327,329
88.54,338,337
88.54,327,326
88.55,336,335
88.6,329,328
88.6,336,337
88.6,329,329
88.6,335,337
88.6,334,332
88.6,337,339
88.61,334,331
88.67,329,331
88.67,337,335
88.67,327,326
88.67,338,338
88.67,324,324
88.67,330,329
88.68,322,321
88.73,327,327
88.73,323,321
88.73,324,326
88.73,323,321
88.73,325,325
88.73,322,322
88.74,322,324
88.81,327,324
88.81,324,325
88.81,321,319
88.81,312,313
88.81,316,315
88.81,315,315
88.81,322,321
88.87,311,310
88.87,324,324
88.87,314,313
88.87,320,320
88.87,313,313
88.87,315,314
88.87,309,310
88.93,315,314
88.93,310,309
88.93,308,309
88.93,313,311
88.93,307,307
88.93,307,305
88.94,301,302
88.99,309,305
88.99,298,296
88.99,307,306
88.99,299,298
88.99,304,305
89.0,300,301
89.01,309,311
89.06,310,308
89.06,315,314
89.06,313,312
89.06,313,314
89.06,320,319
89.06,314,317
89.07,323,321
89.14,319,321
89.14,328,326
89.14,325,325
89.14,335,334
89.14,327,326
89.14,335,336
89.14,331,328
89.2,339,339
89.2,336,335
89.2,343,343
89.2,344,341
89.2,341,340
89.2,342,342
89.2,343,344
89.26,344,342
89.26,338,340
89.26,346,344
89.26,336,337
89.26,345,342
89.26,328,329
89.27,345,344
89.32,332,332
89.32,337,337
89.32,329,329
89.32,337,337
89.32,329,326
89.32,330,332
89.33,331,328
89.38,335,337
89.38,338,335
89.38,328,329
89.38,331,329
89.38,320,322
89.39,337,334
89.4,322,322
89.46,329,327
89.46,317,318
89.46,327,326
89.46,319,320
89.46,330,330
89.46,324,323
89.46,325,325
89.52,322,321
89.52,328,328
89.52,321,320
89.52,325,327
89.52,329,328
89.52,321,321
89.53,323,322
89.59,314,313
89.59,320,319
89.59,308,308
89.59,315,315
89.59,309,307
89.59,318,318
89.59,312,311
89.65,313,314
89.65,309,306
89.65,310,311
89.65,312,312
89.65,309,309
89.65,312,312
89.66,308,307
89.71,315,312
89.71,309,309
89.71,315,314
89.71,308,309
89.71,317,317
89.72,308,307
89.73,315,314
89.79,307,305
89.79,313,315
89.79,308,307
89.79,312,313
89.79,309,309
89.79,310,310
89.79,314,313
89.85,312,312
89.85,317,316
89.85,314,314
89.85,315,314
89.85,310,309
89.85,318,318
89.86,310,311
89.91,320,319
89.91,307,306
89.91,316,318
89.91,314,313
89.91,319,320
89.91,320,319
89.92,325,324
89.98,326,325
89.98,328,329
89.98,335,335
89.98,333,333
89.98,333,332
89.98,325,326
89.99,331,331
90.04,321,320
90.04,333,332
90.04,318,317
90.04,327,328
90.04,314,314
90.05,321,321
90.05,315,312
90.11,317,319
90.11,320,318
90.11,319,320
90.11,321,319
90.11,319,320
90.11,324,323
90.12,319,320
90.18,330,328
90.18,318,319
90.18,332,330
90.18,317,316
90.18,322,322
90.18,314,314
90.18,326,326
90.24,321,320
90.24,329,329
90.24,328,327
90.24,332,332
90.24,334,333
90.24,330,330
90.25,328,324
90.3,319,320
90.3,322,319
90.3,307,307
90.3,321,318
90.3,306,305
90.31,312,312
90.32,301,299
90.38,306,307
90.38,300,300
90.38,306,307
90.38,313,312
90.38,318,318
90.38,318,318
90.38,321,323
90.44,326,324
90.44,327,327
90.44,333,331
90.44,324,326
90.44,334,332
90.44,326,326
90.45,338,338
90.5,328,326
90.5,336,335
90.5,327,326
90.5,332,332
90.5,322,321
90.5,325,326
90.51,328,328
90.56,328,329
90.56,328,328
90.56,324,325
90.56,330,331
90.56,323,322
90.57,330,330
90.58,324,325
90.63,333,331
90.63,324,323
90.63,331,330
90.63,326,324
90.63,335,336
90.64,330,327
90.64,332,332
90.71,334,333
90.71,334,335
90.71,339,338
90.71,342,342
90.71,346,344
90.71,343,345
90.71,351,349
90.77,344,345
90.77,352,351
90.77,349,347
90.77,354,354
90.77,349,349
90.77,357,357
90.77,346,345
90.83,356,357
90.83,354,352
90.83,350,350
90.83,349,348
90.83,346,346
90.83,348,347
90.84,340,341
90.89,346,344
90.89,339,338
90.89,346,346
90.89,339,339
90.89,351,349
90.9,342,343
90.91,351,349
90.96,340,339
90.96,339,338
90.96,337,337
90.96,342,342
90.96,339,338
90.96,337,336
90.97,335,334
91.02,334,335
91.02,336,336
91.02,332,335
91.02,344,343
91.02,339,339
91.03,347,348
91.04,344,344
91.1,352,353
91.1,346,345
91.1,352,353
91.1,350,351
91.1,364,364
91.1,357,357
91.1,363,363
91.16,359,357
91.16,363,363
91.16,365,362
91.16,360,359
91.16,365,363
91.16,356,358
91.17,364,362
91.22,357,357
91.22,360,359
91.22,354,354
91.22,362,362
91.22,352,350
91.22,359,359
91.23,355,352
91.29,359,358
91.29,357,355
91.29,351,351
91.29,354,353
91.29,351,353
91.29,351,348
91.3,344,343
91.36,350,350
91.36,340,341
91.36,351,348
91.36,334,334
91.36,339,339
91.36,326,325
91.36,332,332
91.43,313,312
91.43,318,318
91.43,310,309
91.43,312,312
91.43,305,304
91.43,301,300
91.43,298,296
91.49,289,288
91.49,290,289
91.49,278,278
91.49,280,280
91.49,275,274
91.49,275,272
91.5,268,268
91.55,275,274
91.55,262,261
91.55,269,268
91.55,263,261
91.55,265,267
91.55,264,264
91.56,264,264
91.63,270,269
91.63,265,268
91.63,270,270
91.63,265,265
91.63,271,271
91.63,262,262
91.63,270,271
91.69,267,265
91.69,272,271
91.69,261,260
91.69,269,269
91.69,265,263
91.69,271,271
91.69,264,263
91.75,268,270
91.75,270,270
91.75,272,274
91.75,274,273
91.75,269,271
91.75,276,275
91.76,270,270
91.82,273,273
91.82,268,270
91.82,278,278
91.82,271,269
91.82,274,274
91.82,268,267
91.82,277,278
91.88,271,270
91.88,273,272
91.88,268,267
91.88,266,267
91.88,268,268
91.88,268,270
91.89,269,267
91.94,263,263
91.94,270,268
91.94,263,264
91.94,268,266
91.94,257,257
91.95,267,267
91.95,262,262
92.0,268,268
92.0,264,264
92.0,272,272
92.0,270,267
92.0,274,276
92.01,278,278
92.02,282,284
92.08,285,283
92.08,279,281
92.08,289,288
92.08,287,289
92.08,292,291
92.08,288,287
92.09,295,296
92.14,291,290
92.14,298,298
92.14,293,293
92.14,305,305
92.14,302,299
92.14,303,302
92.15,305,303
92.2,307,308
92.2,305,303
92.2,301,302
92.2,305,305
92.2,302,304
92.21,313,312
92.22,307,309
92.27,318,318
92.27,309,307
92.27,316,315
92.27,311,311
92.27,326,326
92.27,319,317
92.28,324,325
92.35,324,321
92.35,319,320
92.35,331,330
92.35,330,329
92.35,334,332
92.35,328,330
92.35,337,336
92.41,331,332
92.41,339,338
92.41,335,334
92.41,344,344
92.41,337,335
92.41,342,344
92.41,337,334
92.47,341,342
92.47,340,338
92.47,344,343
92.47,339,337
92.47,342,344
92.47,342,340
92.48,337,338
92.53,342,339
92.53,335,336
92.53,340,338
92.53,332,333
92.53,342,340
92.54,328,327
92.54,338,339
92.6,332,331
92.6,337,337
92.6,330,329
92.6,332,334
92.6,328,326
92.6,326,325
92.61,329,327
92.67,329,329
92.67,329,327
92.67,326,327
92.67,332,331
92.67,330,331
92.67,338,337
92.67,328,329
92.73,340,341
92.73,330,329
92.73,340,340
92.73,332,332
92.73,335,334
92.74,332,330
92.74,339,337
92.8,332,329
92.8,328,330
92.8,329,327
92.8,325,327
92.8,332,329
92.8,323,323
92.81,330,328
92.86,322,322
92.86,330,329
92.86,320,321
92.86,330,328
92.86,318,317
92.86,324,324
92.87,318,317
92.92,319,319
92.92,316,315
92.92,315,316
92.92,321,319
92.92,316,317
92.93,316,314
92.94,317,318
93.0,320,317
93.0,314,316
93.0,328,327
93.0,314,314
93.0,325,325
93.0,317,317
93.0,324,324
93.06,316,316
93.06,324,325
93.06,318,315
93.06,322,321
93.06,317,315
93.06,317,319
93.07,325,323
93.12,320,321
93.12,322,321
93.12,316,318
93.12,333,333
93.12,321,320
93.13,331,329
93.13,321,321
93.19,328,328
93.19,322,321
93.19,326,327
93.19,324,323
93.19,333,333
93.19,334,331
93.2,329,329
93.26,327,327
93.26,326,328
93.26,330,330
93.26,327,328
93.26,332,331
93.26,326,325
93.27,334,333
93.28,323,323
93.29,337,337
93.29,323,322
93.36,332,333
93.36,329,326
93.36,335,334
93.36,328,326
93.36,329,331
93.36,332,331
93.36,331,331
93.42,333,331
93.42,329,331
93.42,337,335
93.42,334,336
93.42,344,342
93.42,335,335
93.42,340,339
93.48,333,332
93.48,345,343
93.48,333,332
93.48,341,341
93.48,337,335
93.48,337,338
93.49,337,336
93.54,340,343
93.54,342,342
93.54,340,342
93.54,345,342
93.54,336,337
93.55,343,342
93.56,337,335
93.61,345,344
93.61,334,334
93.61,346,346
93.61,337,334
93.61,346,346
93.61,334,334
93.62,341,342
93.68,339,336
93.68,339,338
93.68,337,337
93.68,338,338
93.68,342,341
93.68,332,332
93.69,341,341
93.75,339,339
93.75,346,346
93.75,339,338
93.75,349,348
93.75,342,341
93.75,347,346
93.75,338,336
93.81,339,340
93.81,336,335
93.81,339,341
93.81,343,340
93.81,339,339
93.81,341,339
93.82,339,340
93.87,343,342
93.87,333,334
93.87,343,342
93.87,334,336
93.87,344,345
93.87,338,336
93.88,340,340
93.95,337,336
93.95,345,344
93.95,336,335
93.95,342,343
93.95,332,332
93.95,340,342
93.95,337,335
94.01,336,338
94.01,344,343
94.01,343,343
94.01,344,343
94.01,336,336
94.01,346,345
94.01,335,336
94.07,343,344
94.07,336,334
94.07,344,345
94.07,335,334
94.07,342,342
94.07,334,334
94.08,336,338
94.14,332,333
94.14,339,340
94.14,335,333
94.14,332,333
94.14,333,332
94.14,328,329
94.15,335,335
94.2,326,326
94.2,332,331
94.2,324,325
94.2,331,332
94.2,320,320
94.2,325,325
94.21,313,312
94.28,321,321
94.28,309,309
94.28,315,316
94.28,311,310
94.28,310,311
94.28,304,302
94.28,302,301
94.34,307,303
94.34,294,294
94.34,306,304
94.34,297,295
94.34,302,304
94.34,299,298
94.34,305,304
94.4,296,297
94.4,305,304
94.4,300,300
94.4,307,306
94.4,302,301
94.4,305,304
94.41,303,301
94.46,300,299
94.46,304,303
94.46,300,300
94.46,306,305
94.46,299,298
94.46,308,308
94.47,298,296
94.52,305,305
94.52,299,296
94.52,304,305
94.52,302,300
94.52,301,301
94.53,300,298
94.54,302,303
94.6,304,304
94.6,307,309
94.6,314,311
94.6,304,305
94.6,310,309
94.6,304,304
94.6,315,313
94.67,305,304
94.67,314,313
94.67,308,307
94.67,316,316
94.67,309,307
94.67,316,317
94.67,312,310
94.73,315,315
94.73,315,313
94.73,314,314
94.73,315,315
94.73,308,310
94.73,319,319
94.74,312,312
94.79,318,317
94.79,310,313
94.79,329,327
94.79,311,309
94.79,322,323
94.79,313,311
94.8,318,318
94.85,310,308
94.85,305,308
94.85,307,305
94.85,306,308
94.85,310,308
94.86,307,308
94.87,312,312
94.93,309,310
94.93,318,317
94.93,305,306
94.93,316,315
94.93,308,308
94.93,320,320
94.93,314,314
94.99,324,323
94.99,323,321
94.99,327,328
94.99,327,324
94.99,325,324
94.99,321,320
95.0,319,322
95.06,328,326
95.06,320,322
95.06,326,326
95.06,323,324
95.06,327,326
95.06,316,317
95.06,320,320
95.12,315,314
95.12,318,318
95.12,310,309
95.12,310,311
95.12,304,303
95.12,305,303
95.13,299,295
95.18,295,295
95.18,294,292
95.18,282,284
95.18,285,283
95.18,273,274
95.19,280,280
95.19,271,271
95.26,276,275
95.26,267,265
95.26,273,273
95.26,265,264
95.26,270,269
95.26,267,264
95.26,264,264
95.32,266,264
95.32,263,264
95.32,266,263
95.32,263,265
95.32,266,265
95.32,258,260
95.32,268,267
95.38,259,260
95.38,269,267
95.38,259,260
95.38,268,267
95.38,259,259
95.38,268,268
95.39,262,261
95.44,265,267
95.44,265,262
95.44,266,267
95.44,268,268
95.44,270,271
95.45,268,267
95.46,268,270
95.51,280,278
95.51,277,276
95.51,286,284
95.51,285,284
95.51,292,292
95.51,286,288
95.52,296,298
95.59,295,294
95.59,300,301
95.59,302,301
95.59,304,303
95.59,303,301
95.59,311,312
95.59,312,309
95.65,308,307
95.65,308,307
95.65,307,308
95.65,320,318
95.65,312,312
95.65,312,312
95.65,308,310
95.71,317,318
95.71,314,312
95.71,319,319
95.71,313,311
95.71,321,321
95.71,316,314
95.72,318,319
95.77,321,317
95.77,318,318
95.77,320,318
95.77,315,317
95.77,321,321
95.78,315,315
95.78,320,320
95.83,315,316
95.83,325,324
95.83,320,320
95.83,330,329
95.83,323,323
95.84,330,330
95.85,319,318
95.91,328,329
95.91,323,321
95.91,324,325
95.91,327,325
95.91,324,327
95.91,329,329
95.91,324,324
95.97,326,325
95.97,322,322
95.97,329,328
95.97,322,322
95.97,325,326
95.97,317,318
95.98,327,329
96.04,321,319
96.04,327,326
96.04,322,320
96.04,325,325
96.04,324,322
96.04,319,320
96.05,320,319
96.1,318,319
96.1,322,322
96.1,318,320
96.1,325,324
96.1,317,318
96.1,326,326
96.11,319,316
96.16,326,325
96.16,317,316
96.16,314,315
96.16,311,308
96.16,313,311
96.17,302,300
96.18,306,305
96.23,299,297
96.23,300,300
96.23,300,299
96.23,289,291
96.23,301,299
96.23,290,289
96.24,290,289
96.31,282,282
96.31,290,290
96.31,285,282
96.31,288,287
96.31,281,280
96.31,288,289
96.31,288,285
96.37,286,288
96.37,293,292
96.37,291,290
96.37,288,287
96.37,289,290
96.37,294,292
96.37,287,289
96.43,297,294
96.43,288,286
96.43,299,298
96.43,294,294
96.43,303,302
96.43,297,297
96.44,310,311
96.49,307,306
96.49,313,314
96.49,312,312
96.49,312,313
96.49,317,316
96.5,314,316
96.5,323,320
96.57,309,308
96.57,319,318
96.57,311,311
96.57,315,314
96.57,304,305
96.57,317,315
96.57,306,303
96.63,307,308
96.63,306,303
96.63,307,306
96.63,302,302
96.63,305,304
96.63,303,300
96.64,299,300
96.69,302,302
96.69,300,300
96.69,304,303
96.69,298,297
96.69,310,308
96.69,301,299
96.7,308,306
96.76,299,298
96.76,305,305
96.76,299,298
96.76,306,308
96.76,301,300
96.76,305,305
96.77,305,304
96.82,303,303
96.82,305,302
96.82,300,301
96.82,311,309
96.82,303,302
96.82,308,305
96.83,301,301
96.9,308,307
96.9,299,299
96.9,310,310
96.9,299,297
96.9,303,305
96.9,302,301
96.9,302,304
96.96,306,303
96.96,304,303
96.96,303,301
96.96,300,302
96.96,310,307
96.96,302,302
96.96,304,303
97.02,292,292
97.02,299,297
97.02,296,296
97.02,301,301
97.02,293,291
97.02,303,302
97.03,292,291
97.08,301,300
97.08,295,295
97.08,301,302
97.08,299,297
97.08,300,300
97.09,302,301
97.09,297,299
97.15,307,305
97.15,299,299
97.15,305,304
97.15,301,300
97.15,306,306
97.15,301,301
97.16,307,306
97.21,302,301
97.21,307,307
97.21,304,304
97.21,309,311
97.21,310,307
97.22,308,309
97.23,308,308
97.29,313,313
97.29,315,313
97.29,309,308
97.29,318,316
97.29,306,306
97.29,317,317
97.29,310,312
97.35,321,320
97.35,315,314
97.35,326,326
97.35,322,320
97.35,329,331
97.35,323,321
97.36,324,326
97.41,328,325
97.41,322,323
97.41,325,325
97.41,327,329
97.41,333,332
97.41,326,326
97.42,332,330
97.48,320,320
97.48,331,331
97.48,325,324
97.48,331,330
97.48,324,323
97.48,333,332
97.49,331,329
97.54,325,326
97.54,326,326
97.54,328,328
97.54,327,325
97.54,326,329
97.54,328,327
97.55,321,321
97.62,327,327
97.62,316,315
97.62,325,323
97.62,315,313
97.62,318,318
97.62,314,312
97.62,318,320
97.68,312,310
97.68,313,312
97.68,311,310
97.68,311,311
97.68,311,308
97.68,307,307
97.68,306,306
97.74,303,305
97.74,312,311
97.74,302,301
97.74,315,314
97.74,304,305
97.74,313,313
97.75,306,306
97.8,311,311
97.8,303,301
97.8,307,307
97.8,303,302
97.8,307,306
97.81,305,303
97.82,299,300
97.87,301,299
97.87,298,297
97.87,306,306
97.87,297,296
97.87,304,302
97.87,295,296
97.88,305,306
97.95,301,299
97.95,310,312
97.95,307,306
97.95,318,316
97.95,307,306
97.95,314,316
97.95,311,311
98.01,313,314
98.01,317,316
98.01,317,318
98.01,317,317
98.01,316,317
98.01,322,323
98.01,318,318
98.07,329,329
98.07,321,320
98.07,330,330
98.07,326,327
98.07,336,338
98.07,334,332
98.08,343,344
98.13,338,337
98.13,346,346
98.13,340,338
98.13,339,339
98.13,342,340
98.13,343,343
98.14,340,339
98.19,328,329
98.19,337,337
98.19,324,324
98.19,331,330
98.19,320,321
98.2,333,333
98.21,325,324
98.27,329,329
98.27,323,321
98.27,327,327
98.27,322,320
98.27,321,323
98.27,319,316
98.27,312,313
98.33,316,316
98.33,311,310
98.33,318,318
98.33,315,315
98.33,325,324
98.33,314,314
98.34,326,326
98.4,316,316
98.4,326,326
98.4,316,316
98.4,322,323
98.4,325,322
98.4,321,320
98.4,324,321
98.46,321,320
98.46,324,322
98.46,318,317
98.46,324,324
98.46,320,321
98.46,325,324
98.47,316,317
98.52,328,326
98.52,319,318
98.52,322,323
98.52,312,311
98.52,321,320
98.53,313,312
98.54,312,312
98.6,311,309
98.6,309,308
98.6,301,300
98.6,305,306
98.6,307,304
98.6,297,297
98.6,304,304
98.66,295,296
98.66,302,303
98.66,290,290
98.66,294,296
98.66,286,285
98.66,292,292
98.67,285,284
98.72,288,288
98.72,284,282
98.72,283,282
98.72,283,282
98.72,283,284
98.72,284,283
98.73,277,280
98.79,284,283
98.79,279,279
98.79,292,289
98.79,277,276
98.79,286,288
98.79,280,277
98.8,285,284
98.85,283,280
98.85,287,287
98.85,280,279
98.85,284,286
98.85,280,279
98.86,281,283
98.86,290,288
98.92,284,286
98.92,294,294
98.92,289,291
98.92,303,302
98.92,294,293
98.92,298,296
98.93,292,291
98.99,295,293
98.99,289,290
98.99,296,296
98.99,290,289
98.99,295,296
98.99,294,292
98.99,292,293
99.05,292,292
99.05,289,289
99.05,291,290
99.05,280,282
99.05,290,289
99.05,282,282
99.06,287,287
99.12,281,282
99.12,293,293
99.12,282,280
99.12,285,285
99.12,282,282
99.12,290,291
99.13,288,286
99.18,290,290
99.18,289,288
99.18,286,286
99.18,286,287
99.18,284,285
99.18,290,288
99.19,280,281
99.26,290,290
99.26,286,285
99.26,289,287
99.26,281,279
99.26,289,289
99.26,276,275
99.26,283,285
99.32,278,277
99.32,281,282
99.32,285,283
99.32,281,281
99.32,283,281
99.32,278,280
99.32,286,284
99.38,280,282
99.38,287,284
99.38,280,281
99.38,290,290
99.38,280,279
99.38,288,289
99.39,288,287
99.44,292,292
99.44,290,290
99.44,295,296
99.44,292,291
99.44,300,300
99.45,298,297
99.45,300,301
99.51,308,305
99.51,299,298
99.51,303,302
99.51,296,298
99.51,306,305
99.51,302,302
99.52,306,306
99.58,299,298
99.58,305,305
99.58,302,301
99.58,310,310
99.58,308,307
99.58,314,316
99.58,313,311
99.65,310,309
99.65,309,309
99.65,309,311
99.65,319,317
99.65,306,308
99.65,317,317
99.65,311,311
99.71,317,317
99.71,312,312
99.71,319,320
99.71,314,313
99.71,319,319
99.71,313,313
99.72,318,320
99.77,316,315
99.77,323,323
99.77,324,323
99.77,324,324
99.77,330,329
99.77,320,321
99.78,325,322
99.83,317,318
99.83,324,322
99.83,312,312
99.83,329,328
99.83,315,314
99.84,323,324
99.85,317,318
99.91,326,326
99.91,320,317
99.91,319,318
99.91,318,316
99.91,319,319
99.91,322,320
99.91,317,317
99.97,322,321
99.97,316,317
99.97,323,321
99.97,313,312
99.97,323,321
99.97,313,314
99.98,326,325
100.04,317,316
100.04,325,326
100.04,319,317
100.04,323,325
100.04,322,322
100.04,329,328
100.04,328,326
100.1,323,323
100.1,323,322
100.1,324,325
100.1,328,327
100.1,322,323
100.1,332,332
100.11,325,324
100.16,330,331
100.16,323,322
100.16,331,330
100.16,328,329
100.16,337,336
100.17,326,326
100.17,335,334
100.24,332,331
100.24,326,326
100.24,328,328
100.24,323,324
100.24,326,325
100.24,322,323
100.24,328,326
100.3,321,320
100.3,329,327
100.3,322,320
100.3,322,323
100.3,311,310
100.3,319,318
100.31,307,304
100.36,302,302
100.36,296,291
100.36,285,286
100.36,287,285
100.36,264,262
100.36,256,254
100.37,245,245
100.43,242,240
100.43,229,229
100.43,229,228
100.43,211,210
100.43,217,217
100.43,205,202
100.44,210,212
100.49,206,203
100.49,201,202
100.49,194,193
100.49,192,192
100.49,194,193
100.49,192,192
100.5,190,189
100.55,184,186
100.55,195,194
100.55,185,186
100.55,193,191
100.55,183,182
100.56,194,192
100.57,187,186
100.63,194,192
100.63,187,185
100.63,194,197
100.63,191,189
100.63,194,195
100.63,190,187
100.63,186,188
100.69,193,191
100.69,185,186
100.69,193,192
100.69,187,187
100.69,192,192
100.69,185,186
100.7,195,196
100.76,190,191
100.76,201,202
100.76,196,196
100.76,208,208
100.76,203,200
100.76,206,209
100.76,210,209
100.82,213,214
100.82,217,215
100.82,211,211
100.82,217,216
100.82,212,213
100.82,219,218
100.83,219,219
100.88,226,226
100.88,224,224
100.88,236,236
100.88,231,228
100.88,238,237
100.89,236,235
100.9,241,241
100.96,238,237
100.96,244,244
100.96,242,239
100.96,242,244
100.96,247,245
100.96,245,246
100.96,249,250
100.97,249,248
100.98,257,254
100.99,252,251
101.05,262,264
101.05,260,258
101.05,267,266
101.05,262,261
101.05,270,269
101.05,267,265
101.05,272,273
101.11,272,269
101.11,274,274
101.11,275,273
101.11,272,274
101.11,283,283
101.12,283,283
101.12,289,288
101.18,281,281
101.18,292,289
101.18,282,281
101.18,293,293
101.18,282,281
101.18,289,291
101.19,289,286
101.24,293,292
101.24,290,289
101.24,297,297
101.24,296,293
101.24,294,296
101.24,302,300
101.25,296,298
101.3,305,305
101.3,300,301
101.3,316,314
101.3,313,313
101.3,326,327
101.31,322,321
101.32,330,332
101.38,328,328
101.38,332,332
101.38,330,329
101.38,336,336
101.38,329,329
101.38,337,336
101.38,337,336
101.44,335,337
101.44,341,338
101.44,333,336
101.44,351,349
101.44,342,343
101.44,355,355
101.45,349,348
101.51,355,354
101.51,346,346
101.51,359,359
101.51,357,356
101.51,362,363
101.51,360,359
101.51,365,367
101.57,365,365
101.57,369,369
101.57,374,373
101.57,368,370
101.57,375,373
101.57,371,370
101.58,378,375
101.63,364,364
101.63,371,369
101.63,359,358
101.63,368,369
101.63,359,358
101.64,361,361
101.64,359,357
101.7,361,361
101.7,362,359
101.7,360,361
101.7,360,358
101.7,351,351
101.7,356,354
101.71,349,350
101.77,351,348
101.77,338,338
101.77,344,343
101.77,336,335
101.77,337,338
101.77,331,330
101.78,336,337
101.84,331,329
101.84,331,332
101.84,328,326
101.84,330,330
101.84,327,327
101.84,328,329
101.84,329,326
101.9,320,321
101.9,327,325
101.9,321,321
101.9,334,332
101.9,327,325
101.9,329,328
101.91,320,318
101.96,331,331
101.96,324,323
101.96,325,327
101.96,327,326
101.96,331,330
101.96,331,330
101.97,333,333
102.02,332,332
102.02,328,328
102.02,337,334
102.02,332,333
102.02,336,335
102.03,331,330
102.04,337,336
102.1,326,326
102.1,340,341
102.1,337,335
102.1,342,343
102.1,336,335
102.1,341,342
102.1,345,345
102.16,349,352
102.16,355,354
102.16,358,359
102.16,365,364
102.16,367,367
102.16,374,373
102.17,369,369
102.23,380,379
102.23,374,373
102.23,386,388
102.23,385,384
102.23,389,390
102.23,388,385
102.23,391,392
102.29,391,389
102.29,393,394
102.29,393,389
102.29,387,386
102.29,389,386
102.29,380,383
102.3,383,383
102.36,376,377
102.36,384,383
102.37,376,377
102.37,387,386
102.37,377,376
102.37,380,381
102.37,370,369
102.43,377,378
102.43,371,370
102.43,370,370
102.43,366,365
102.43,363,364
102.43,365,364
102.43,361,361
102.49,365,363
102.49,364,364
102.49,364,364
102.49,361,361
102.49,367,364
102.49,355,355
102.5,366,366
102.55,353,351
102.55,362,364
102.55,353,351
102.55,355,354
102.55,350,349
102.55,349,349
102.56,349,346
102.61,347,350
102.61,345,344
102.61,342,343
102.61,346,344
102.62,341,340
102.62,347,344
102.63,338,338
102.68,344,343
102.68,336,335
102.68,347,345
102.68,336,335
102.68,343,342
102.69,337,336
102.69,341,341
102.75,336,335
102.75,339,339
102.76,339,336
102.76,335,336
102.76,337,336
102.76,334,334
102.76,335,334
102.82,327,328
102.82,334,332
102.82,323,322
102.82,334,333
102.82,321,321
102.82,327,327
102.82,320,320
102.88,321,322
102.88,321,318
102.88,317,317
102.88,312,312
102.88,314,312
102.88,312,310
102.89,305,305
102.94,313,313
102.94,304,304
102.94,310,307
102.94,298,299
102.94,308,306
102.95,296,296
102.96,302,303
103.02,293,292
103.02,295,294
103.02,284,283
103.02,290,289
103.02,285,283
103.02,281,283
103.02,279,277
103.08,274,275
103.08,276,274
103.08,269,267
103.08,270,267
103.08,258,258
103.08,269,267
103.09,256,254
103.14,259,258
103.14,255,254
103.14,250,250
103.14,247,246
103.14,252,252
103.14,243,243
103.15,245,244
103.21,244,243
103.21,238,240
103.21,238,238
103.21,233,233
103.21,237,233
103.21,227,228
103.22,234,232
103.28,221,220
103.28,234,232
103.28,222,221
103.28,226,229
103.28,224,221
103.28,227,226
103.28,223,222
103.35,225,226
103.35,223,222
103.35,224,226
103.35,231,231
103.35,227,227
103.35,230,229
103.35,222,224
103.41,230,229
103.41,225,224
103.41,233,234
103.41,230,229
103.41,237,237
103.41,231,232
103.41,241,242
103.47,234,232
103.47,239,238
103.47,238,237
103.47,240,240
103.47,244,244
103.47,246,247
103.48,251,250
103.53,250,250
103.53,257,256
103.53,250,250
103.53,262,261
103.53,253,255
103.54,267,268
103.55,264,264
103.6,270,270
103.6,269,269
103.6,274,276
103.6,278,276
103.6,283,285
103.6,283,282
103.61,288,288
103.67,295,293
103.67,290,291
103.67,298,296
103.67,293,294
103.67,308,306
103.67,303,301
103.68,310,311
103.74,302,301
103.74,310,311
103.74,307,306
103.74,312,311
103.74,309,306
103.74,308,309
103.74,307,306
103.8,304,306
103.8,307,306
103.8,309,309
103.8,309,308
103.8,306,307
103.8,313,312
103.81,306,305
103.86,318,316
103.86,307,306
103.86,319,320
103.86,313,313
103.86,322,322
103.86,316,315
103.87,325,325
103.92,328,326
103.92,332,334
103.92,336,334
103.92,339,339
103.92,345,342
103.93,339,340
103.94,349,348
104.0,343,344
104.0,354,352
104.0,343,343
104.0,358,357
104.0,354,355
104.0,368,369
104.0,366,365
104.06,372,373
104.06,373,371
104.06,379,379
104.06,376,373
104.06,374,374
104.06,376,373
104.07,370,370
104.13,376,376
104.13,371,370
104.13,379,379
104.13,374,376
104.13,383,382
104.13,374,373
104.14,383,381
104.19,368,367
104.19,377,377
104.19,369,369
104.19,376,374
104.19,370,370
104.19,375,376
104.2,372,370
104.25,369,369
104.25,372,369
104.25,362,361
104.25,365,363
104.25,357,356
104.26,357,355
104.27,344,345
104.33,354,354
104.33,340,339
104.33,342,342
104.33,338,335
104.33,335,335
104.33,327,325
104.33,327,325
104.39,316,314
104.39,309,309
104.39,301,298
104.39,291,292
104.39,289,287
104.39,275,276
104.4,277,274
104.45,265,264
104.45,268,267
104.45,257,258
104.45,266,265
104.45,254,255
104.45,260,261
104.46,256,254
104.52,257,257
104.52,255,252
104.52,253,252
104.52,247,242
104.52,240,240
104.52,238,237
104.53,227,228
104.58,231,228
104.58,221,219
104.58,227,224
104.58,213,211
104.58,218,215
104.59,204,203
104.59,209,209
104.66,199,197
104.66,201,202
104.66,195,194
104.66,191,192
104.66,185,184
104.66,184,185
104.66,185,184
104.72,178,176
104.72,180,180
104.72,170,172
104.72,181,180
104.72,173,172
104.72,181,180
104.72,173,170
104.78,175,176
104.78,168,169
104.78,179,180
104.78,174,172
104.78,177,179
104.78,179,177
104.79,173,173
104.84,176,174
104.84,171,173
104.84,178,177
104.84,175,175
104.84,185,184
104.85,180,182
104.86,200,199
104.91,194,191
104.91,202,201
104.91,193,191
104.91,206,205
104.91,202,201
104.91,204,205
104.92,208,206
104.99,209,209
104.99,210,209
104.99,210,211
104.99,215,213
104.99,213,214
104.99,220,220
104.99,219,219
105.05,229,228
105.05,222,223
105.05,232,233
105.05,227,225
105.05,238,241
105.05,239,236
105.05,249,251
105.11,244,241
105.11,246,249
105.11,248,247
105.11,248,249
105.11,253,250
105.11,249,251
105.12,258,256
105.17,250,252
105.17,257,255
105.17,250,250
105.17,264,262
105.17,253,252
105.18,266,264
105.18,257,255
105.24,265,264
105.24,262,261
105.24,266,266
105.24,268,266
105.24,267,267
105.24,273,272
105.25,273,274
105.31,278,277
105.31,277,277
105.31,284,283
105.31,277,278
105.31,286,285
105.31,276,277
105.31,285,284
105.37,279,277
105.37,289,289
105.37,278,277
105.37,280,281
105.37,274,274
105.37,278,279
105.38,275,274
105.44,275,277
105.44,277,274
105.44,270,270
105.44,275,274
105.44,268,270
105.44,278,277
105.45,269,270
105.5,278,276
105.5,273,273
105.5,280,281
105.5,272,270
105.5,277,276
105.5,273,272
105.51,275,274
105.58,273,271
105.58,271,273
105.58,271,269
105.58,270,270
105.58,272,269
105.58,265,264
105.58,271,270
105.64,262,262
105.64,273,271
105.64,262,262
105.64,268,268
105.64,263,261
105.64,270,269
105.64,264,261
105.7,266,265
105.7,261,259
105.7,265,265
105.7,265,262
105.7,263,261
105.7,263,260
105.71,258,258
105.76,259,257
105.76,250,250
105.76,258,257
105.76,244,245
105.76,251,251
105.77,243,240
105.77,251,249
105.83,240,238
105.83,247,248
105.83,246,242
105.83,244,244
105.83,242,240
105.83,241,242
105.84,244,242
105.89,239,240
105.89,243,241
105.89,238,239
105.89,242,239
105.89,235,235
105.9,241,240
105.9,229,229
105.97,234,234
105.97,225,224
105.97,228,230
105.97,225,223
105.97,226,227
105.97,225,224
105.97,231,231
106.03,230,229
106.03,228,229
106.03,232,229
106.03,222,221
106.03,231,229
106.03,222,221
106.04,229,227
106.09,219,220
106.09,226,226
106.09,219,219
106.09,224,225
106.09,220,217
106.09,220,221
106.1,214,215
106.15,217,219
106.15,213,211
106.15,213,214
106.15,219,217
106.15,209,209
106.16,212,210
106.17,206,205
106.22,208,206
106.22,198,197
106.22,204,204
106.22,198,198
106.22,204,203
106.22,197,197
106.23,199,201
106.29,198,196
106.29,202,202
106.29,197,196
106.29,198,197
106.29,195,193
106.29,192,193
106.3,193,192
106.36,188,189
106.36,193,191
106.36,186,188
106.36,196,195
106.36,186,186
106.36,196,197
106.36,187,188
106.42,198,199
106.42,191,189
106.42,196,197
106.42,190,189
106.42,196,197
106.42,195,194
106.43,195,195
106.48,199,196
106.48,198,197
106.48,200,200
106.48,199,197
106.48,201,198
106.49,194,194
106.49,202,202
106.54,194,194
106.54,204,205
106.54,197,196
106.54,202,202
106.54,197,196
106.55,201,202
106.56,198,197
106.62,199,199
106.62,195,193
106.62,190,192
106.62,195,193
106.62,189,188
106.62,192,192
106.63,187,188
106.68,196,195
106.68,187,186
106.68,197,195
106.68,190,191
106.68,203,201
106.68,193,191
106.69,202,204
106.75,198,196
106.75,203,202
106.75,206,204
106.75,206,208
106.75,211,209
106.75,208,208
106.76,216,215
106.81,209,209
106.81,220,219
106.81,209,208
106.81,214,214
106.81,204,204
106.81,212,212
106.82,209,207
106.89,214,214
106.89,206,204
106.89,209,208
106.89,209,207
106.89,211,211
106.89,215,212
106.89,213,213
106.95,219,218
106.95,214,215
106.95,221,219
106.95,216,216
106.95,224,223
106.95,222,221
106.95,225,224
107.01,221,221
107.01,231,230
107.01,223,222
107.01,230,230
107.01,227,225
107.01,233,232
107.02,233,232
107.07,232,234
107.07,239,236
107.07,236,236
107.07,240,240
107.07,236,236
107.08,242,242
107.08,235,234
107.13,244,243
107.13,238,237
107.13,245,246
107.13,236,235
107.13,245,247
107.14,246,246
107.15,252,253
107.21,256,254
107.21,258,258
107.21,265,263
107.21,266,269
107.21,281,278
107.21,283,283
107.21,299,298
107.27,299,300
107.27,319,318
107.27,318,320
107.28,334,336
107.28,334,332
107.28,348,349
107.28,349,349
107.34,356,355
107.34,356,355
107.34,361,361
107.34,365,363
107.34,363,363
107.34,367,367
107.35,365,365
107.4,372,371
107.4,368,368
107.4,373,371
107.4,364,365
107.4,374,374
107.4,368,366
107.41,374,375
107.46,365,364
107.46,373,372
107.46,368,366
107.46,364,363
107.46,358,356
107.47,354,355
107.48,354,351
107.54,346,345
107.54,347,346
107.54,338,339
107.54,346,344
107.54,332,332
107.54,338,336
107.54,328,326
107.6,332,332
107.6,324,324
107.6,326,323
107.6,315,313
107.6,316,316
107.6,308,306
107.61,304,303
107.66,302,301
107.67,295,295
107.67,296,295
107.67,289,290
107.67,292,292
107.67,283,284
107.67,289,287
107.73,281,282
107.73,287,287
107.73,274,274
107.73,282,283
107.73,276,275
107.73,277,277
107.74,276,276
107.79,277,277
107.79,275,274
107.79,271,272
107.79,272,269
107.79,263,264
107.8,268,268
107.8,260,261
107.87,266,264
107.87,255,256
107.87,261,261
107.87,252,251
107.87,255,255
107.87,244,243
107.87,243,243
107.93,235,234
107.93,231,231
107.93,227,226
107.93,226,225
107.93,227,224
107.93,221,222
107.94,228,226
107.99,221,224
107.99,235,232
107.99,224,225
107.99,234,232
107.99,230,229
107.99,240,239
108.0,232,230
108.06,240,239
108.06,237,236
108.06,244,246
108.06,245,244
108.06,246,247
108.06,253,251
108.07,257,259
108.12,264,263
108.12,262,262
108.12,269,268
108.12,269,271
108.12,281,278
108.12,270,269
108.13,280,279
108.2,274,274
108.2,282,284
108.2,279,278
108.2,286,285
108.2,283,281
108.2,288,287
108.2,285,283
108.26,285,286
108.26,289,288
108.26,284,286
108.26,294,293
108.26,288,289
108.26,297,296
108.26,294,296
108.32,306,303
108.32,297,296
108.32,305,306
108.32,297,297
108.32,304,306
108.32,303,301
108.33,307,308
108.38,307,306
108.38,310,313
108.38,313,312
108.38,312,314
108.38,321,320
108.39,314,317
108.39,322,323
108.45,320,321
108.45,333,333
108.45,326,326
108.45,333,334
108.45,325,325
108.45,332,333
108.46,327,326
108.52,333,334
108.52,331,330
108.52,336,336
108.52,338,338
108.52,339,340
108.52,345,343
108.53,340,341
108.54,345,344
108.55,340,341
108.55,346,346
108.62,341,341
108.62,350,349
108.62,339,339
108.62,351,351
108.62,345,342
108.62,349,349
108.62,343,342
108.68,347,346
108.68,346,343
108.68,346,348
108.68,349,345
108.68,344,346
108.68,351,349
108.69,346,347
108.74,353,351
108.74,346,346
108.74,354,352
108.74,345,345
108.74,359,358
108.74,349,350
108.75,360,361
108.8,355,353
108.8,359,359
108.8,355,353
108.8,349,349
108.8,347,346
108.81,348,349
108.82,351,349
108.88,347,347
108.88,349,347
108.88,340,340
108.88,347,345
108.88,343,342
108.88,350,350
108.88,346,346
108.94,356,356
108.94,351,348
108.94,355,356
108.94,358,357
108.94,367,367
108.94,364,364
108.95,367,369
109.01,370,366
109.01,361,360
109.01,364,363
109.01,355,356
109.01,364,363
109.01,355,355
109.01,362,361
109.07,351,349
109.07,355,355
109.07,350,350
109.07,358,359
109.07,352,352
109.07,355,355
109.08,356,355
109.13,356,356
109.13,355,353
109.13,352,352
109.13,358,355
109.13,348,350
109.14,354,354
109.14,347,348
109.19,352,352
109.19,342,344
109.19,353,351
109.19,345,343
109.19,352,351
109.2,345,344
109.21,350,351
109.27,342,341
109.27,340,340
109.27,335,333
109.27,335,336
109.27,339,337
109.27,336,336
109.28,342,341
109.34,334,333
109.34,337,334
109.34,326,325
109.34,332,332
109.34,325,324
109.34,333,334
109.34,324,323
109.4,330,330
109.4,326,324
109.4,327,326
109.4,321,320
109.4,323,323
109.4,323,321
109.41,316,317
109.46,318,318
109.46,314,317
109.46,327,325
109.46,320,321
109.46,330,328
109.46,322,321
109.47,333,333
109.52,326,326
109.52,335,334
109.52,332,331
109.52,342,343
109.52,342,341
109.53,349,349
109.54,349,347
109.6,355,356
109.6,361,359
109.6,358,360
109.6,365,365
109.6,362,364
109.6,373,372
109.6,365,365
109.66,377,376
109.66,368,368
109.66,381,380
109.66,373,373
109.66,381,382
109.66,378,377
109.67,380,381
109.72,383,382
109.72,383,385
109.72,386,384
109.72,382,384
109.72,389,387
109.73,383,384
109.73,392,391
109.79,384,383
109.79,392,390
109.79,380,381
109.79,387,388
109.79,372,369
109.79,371,370
109.8,358,355
109.86,356,357
109.86,348,345
109.86,344,343
109.86,341,340
109.86,333,334
109.86,339,336
109.86,335,335
109.93,343,341
109.93,339,338
109.93,347,345
109.93,338,336
109.93,348,348
109.93,342,341
109.93,351,350
109.99,348,346
109.99,353,353
109.99,352,351
109.99,350,351
109.99,351,349
109.99,353,354
110.0,355,354
110.05,356,357
110.05,359,358
110.05,355,356
110.05,366,364
110.05,361,361
110.05,371,371
110.06,366,366
110.11,378,377
110.11,371,370
110.11,379,380
110.11,380,379
110.11,387,388
110.12,389,387
110.13,392,392
110.19,397,394
110.19,397,397
110.19,401,400
110.19,402,402
110.19,412,410
110.19,406,406
110.19,417,416
110.25,413,412
110.25,421,419
110.25,414,416
110.25,424,425
110.25,423,421
110.25,430,430
110.26,427,425
110.32,432,433
110.32,433,431
110.32,435,435
110.32,442,440
110.32,439,440
110.32,448,446
110.32,442,442
110.38,456,455
110.38,450,450
110.38,462,460
110.38,456,455
110.38,464,464
110.38,464,462
110.39,470,471
110.44,472,471
110.44,482,481
110.44,481,479
110.44,485,486
110.44,494,491
110.45,492,492
110.45,499,497
110.52,495,495
110.52,507,506
110.52,502,505
110.52,515,514
110.52,508,509
110.52,518,519
110.52,517,515
110.58,526,527
110.58,525,524
110.58,531,533
110.58,534,531
110.58,536,537
110.58,539,538
110.59,536,536
110.64,538,538
110.64,536,538
110.64,539,537
110.64,528,529
110.64,536,535
110.64,525,526
110.65,534,534
110.7,524,523
110.7,531,532
110.7,526,523
110.7,529,530
110.7,521,521
110.71,525,525
110.72,521,520
110.78,520,521
110.78,525,522
110.78,525,526
110.78,526,525
110.78,516,517
110.78,526,525
110.78,516,517
110.84,525,525
110.84,517,516
110.84,522,522
110.84,514,513
110.84,519,521
110.84,515,515
110.85,520,520
110.91,510,507
110.91,509,510
110.91,509,506
110.91,501,503
110.91,508,508
110.91,499,498
110.91,502,502
110.97,498,497
110.97,501,501
110.97,495,495
110.97,502,501
110.97,492,492
110.97,502,503
110.98,496,496
111.03,501,501
111.03,498,497
111.03,504,504
111.03,502,499
111.03,497,497
111.04,503,501
111.04,495,494
111.11,495,494
111.11,491,491
111.11,494,492
111.11,481,480
111.11,489,489
111.11,476,477
111.11,483,482
111.17,474,472
111.17,473,475
111.17,468,466
111.17,469,469
111.17,463,461
111.17,460,461
111.18,458,456
111.23,449,448
111.23,455,453
111.23,447,447
111.23,451,449
111.23,437,437
111.23,446,445
111.24,433,432
111.3,437,436
111.3,422,422
111.3,434,433
111.3,427,425
111.3,432,432
111.3,430,428
111.31,435,435
111.36,437,437
111.36,439,438
111.36,438,436
111.36,433,435
111.36,438,438
111.36,437,437
111.37,438,436
111.43,429,428
111.43,433,432
111.43,421,419
111.43,428,427
111.43,416,416
111.43,420,420
111.44,416,415
111.5,414,414
111.5,408,405
111.5,405,406
111.5,402,399
111.5,391,392
111.5,393,392
111.5,383,385
111.56,391,389
111.56,376,376
111.56,385,385
111.56,375,373
111.56,382,381
111.56,370,369
111.57,372,374
111.62,366,366
111.62,365,363
111.62,352,350
111.62,350,350
111.62,342,340
111.63,333,334
111.63,333,331
111.7,326,327
111.7,324,322
111.7,311,310
111.7,313,312
111.7,298,300
111.7,309,309
111.7,300,298
111.76,306,307
111.76,300,298
111.76,302,302
111.76,294,292
111.76,294,292
111.76,291,289
111.77,282,283
111.82,282,280
111.82,273,275
111.82,277,275
111.82,266,266
111.82,272,270
111.82,260,260
111.83,266,266
111.89,255,253
111.89,258,259
111.89,255,253
111.89,254,254
111.89,249,247
111.89,250,252
111.9,247,247
111.95,246,248
111.95,246,243
111.95,241,242
111.95,247,244
111.95,237,236
111.95,239,236
111.96,228,227
112.01,230,229
112.01,218,218
112.01,224,225
112.01,222,220
112.01,225,226
112.02,223,221
112.03,228,229
112.09,226,225
112.09,235,236
112.09,242,239
112.09,243,243
112.09,251,249
112.09,252,252
112.09,262,260
112.15,257,256
112.15,264,264
112.15,261,262
112.15,278,277
112.15,263,263
112.15,274,276
112.16,275,274
112.22,280,279
112.22,271,270
112.22,273,273
112.22,275,274
112.22,274,275
112.22,274,273
112.22,273,274
112.28,276,276
112.28,275,276
112.28,283,281
112.28,277,277
112.28,287,286
112.28,275,276
112.29,292,294
112.34,294,291
112.34,301,303
112.34,300,298
112.34,304,303
112.34,298,296
112.35,301,301
112.36,301,301
112.42,306,306
112.42,311,311
112.42,309,309
112.42,313,312
112.42,309,309
112.42,319,318
112.42,315,315
112.48,323,322
112.48,321,320
112.48,328,330
112.48,326,324
112.48,335,336
112.48,333,332
112.49,345,345
112.54,349,348
112.54,355,356
112.54,361,360
112.54,362,362
112.54,366,363
112.54,361,362
112.55,368,366
112.6,362,363
112.6,375,373
112.6,366,367
112.6,376,374
112.6,370,370
112.61,374,375
112.62,371,370
112.67,375,375
112.67,371,369
112.67,370,370
112.67,366,365
112.67,364,364
112.67,361,360
112.68,356,358
112.75,365,364
112.75,357,356
112.75,358,357
112.75,353,351
112.75,354,354
112.75,346,347
112.75,351,350
112.81,345,344
112.81,349,348
112.81,346,344
112.81,346,346
112.81,341,340
112.81,340,342
112.81,346,342
112.87,334,335
112.87,345,342
112.87,335,335
112.87,340,339
112.87,326,328
112.87,336,334
112.88,320,320
112.93,328,329
112.93,325,323
112.93,334,334
112.93,332,331
112.93,338,336
112.94,336,333
112.95,340,341
113.01,343,340
113.01,338,338
113.01,339,338
113.01,337,338
113.01,342,340
113.01,332,333
113.01,344,342
113.07,334,335
113.07,346,346
113.07,337,335
113.07,342,342
113.07,336,335
113.07,340,342
113.08,339,336
113.13,339,341
113.14,341,338
113.14,337,340
113.14,343,340
113.14,339,340
113.14,345,343
113.14,339,338
113.2,347,346
113.2,339,338
113.2,348,348
113.2,339,337
113.2,347,346
113.2,339,337
113.21,340,342
113.26,337,336
113.26,340,342
113.26,343,340
113.26,341,341
113.26,346,344
113.26,341,340
113.27,344,342
113.34,336,336
113.34,343,342
113.34,334,335
113.34,344,344
113.34,334,334
113.34,340,341
113.34,336,334
113.4,338,337
113.4,332,331
113.4,335,334
113.4,333,330
113.4,329,328
113.4,333,331
113.4,324,325
113.46,328,328
113.46,323,323
113.46,325,325
113.46,321,320
113.46,329,328
113.46,321,321
113.47,327,326
113.53,311,312
113.53,326,327
113.53,320,318
113.53,319,320
113.53,317,316
113.53,321,320
113.53,316,314
113.59,317,316
113.59,317,315
113.59,316,316
113.59,318,317
113.59,308,308
113.59,317,317
113.6,309,308
113.65,316,315
113.65,305,305
113.65,313,313
113.65,306,304
113.65,308,308
113.66,300,299
113.67,304,303
113.73,308,306
113.73,305,304
113.73,306,303
113.73,300,303
113.73,303,303
113.73,298,298
113.73,302,301
113.79,295,294
113.79,300,300
113.79,292,291
113.79,299,298
113.79,290,290
113.79,298,298
113.8,291,287
113.85,293,293
113.85,289,285
113.85,285,287
113.85,285,284
113.85,283,284
113.85,285,284
113.86,277,277
113.92,285,283
113.92,276,276
113.92,285,283
113.92,274,272
113.92,281,280
113.92,269,270
113.93,275,274
113.98,270,269
113.98,273,273
113.98,266,264
113.98,268,269
113.98,266,266
113.99,267,268
113.99,261,259
114.06,260,261
114.06,263,264
114.06,261,262
114.06,264,264
114.06,258,256
114.06,265,264
114.06,257,257
114.12,263,265
114.12,260,259
114.12,265,266
114.12,260,257
114.12,260,262
114.12,264,262
114.12,261,262
114.18,264,261
114.18,261,261
114.18,260,260
114.18,258,261
114.18,264,264
114.18,258,257
114.19,269,267
114.25,261,260
114.25,268,267
114.25,261,260
114.25,271,270
114.25,264,262
114.25,268,269
114.26,268,267
114.31,270,271
114.31,271,269
114.31,270,272
114.31,276,274
114.31,273,274
114.31,281,280
114.32,274,275
114.37,278,280
114.37,275,274
114.37,282,282
114.37,277,275
114.37,283,283
114.38,281,281
114.39,286,287
114.45,282,280
114.45,285,286
114.45,284,283
114.45,286,288
114.45,291,290
114.45,293,293
114.45,297,295
114.51,298,297
114.51,303,303
114.51,301,302
114.51,313,311
114.51,307,306
114.51,314,313
114.52,311,309
114.57,318,320
114.57,318,318
114.57,324,325
114.57,327,326
114.57,331,330
114.58,333,331
114.58,329,330
114.64,332,332
114.64,329,329
114.64,333,332
114.64,325,325
114.64,338,335
114.64,323,323
114.65,331,332
114.7,323,322
114.7,334,332
114.7,327,324
114.7,329,329
114.7,324,323
114.71,324,325
114.71,324,322
114.78,325,324
114.78,323,321
114.78,318,320
114.78,325,322
114.78,315,315
114.78,321,321
114.78,313,313
114.84,324,324
114.84,314,313
114.84,320,320
114.84,314,311
114.84,317,319
114.84,316,314
114.85,320,319
114.9,317,315
114.9,315,314
114.9,310,308
114.9,306,305
114.9,306,305
114.9,299,299
114.91,303,302
114.96,294,293
114.96,298,295
114.96,285,284
114.96,292,292
114.96,280,278
114.97,286,286
114.98,276,275
115.04,284,284
115.04,280,278
115.04,282,281
115.04,281,279
115.04,283,282
115.04,282,280
115.04,276,279
115.1,284,283
115.1,272,274
115.1,284,283
115.1,274,274
115.1,286,285
115.1,278,276
115.11,281,281
115.17,278,276
115.17,282,282
115.17,279,277
115.17,283,282
115.17,279,278
115.17,278,279
115.17,282,280
115.23,279,279
115.23,283,281
115.23,274,276
115.23,284,284
115.23,280,279
115.23,287,286
115.24,280,280
115.29,290,288
115.29,283,281
115.29,290,290
115.29,285,282
115.29,288,289
115.3,288,288
115.3,289,289
115.37,293,291
115.37,289,289
115.37,296,294
115.37,289,290
115.37,295,293
115.37,288,289
115.37,294,294
115.43,288,288
115.43,294,295
115.43,289,289
115.43,294,296
115.43,295,294
115.43,298,297
115.44,292,291
115.49,297,298
115.49,295,294
115.49,293,292
115.49,297,295
115.49,297,297
115.49,306,304
115.5,304,304
115.55,315,313
115.55,309,310
115.55,320,320
115.55,313,312
115.55,324,325
115.56,320,319
115.57,328,327
115.63,321,320
115.63,326,328
115.63,325,324
115.63,326,326
115.63,326,326
115.63,324,324
115.63,329,327
115.69,325,324
115.69,332,331
115.69,322,322
115.69,331,329
115.69,321,320
115.69,328,327
115.7,320,319
115.76,326,325
115.76,319,318
115.76,323,322
115.76,319,318
115.76,320,321
115.76,323,323
115.76,324,324
115.82,325,322
115.82,319,321
115.82,326,324
115.82,313,314
115.82,325,324
115.82,315,315
115.83,322,322
115.88,315,315
115.88,320,322
115.88,317,315
115.88,321,322
115.88,321,318
115.89,324,324
115.89,322,320
115.96,323,324
115.96,324,321
115.96,320,321
115.96,326,325
115.96,322,324
115.96,328,326
115.96,319,319
116.02,330,329
116.02,324,322
116.02,331,331
116.02,326,324
116.02,333,333
116.02,326,325
116.03,329,330
116.04,328,326
116.05,326,327
116.05,329,326
116.11,331,331
116.11,336,334
116.11,329,329
116.11,338,336
116.11,329,328
116.11,338,337
116.12,328,328
116.18,334,334
116.18,330,329
116.18,334,333
116.18,326,325
116.18,333,333
116.18,327,325
116.18,330,332
116.24,328,327
116.24,327,327
116.24,329,328
116.24,324,323
116.24,326,327
116.24,325,328
116.25,333,331
116.3,323,321
116.3,329,328
116.3,323,321
116.3,331,330
116.3,324,324
116.31,333,333
116.32,330,328
116.38,330,331
116.38,329,328
116.38,331,333
116.38,333,331
116.38,331,332
116.38,333,331
116.38,326,327
116.44,332,330
116.44,322,322
116.44,329,328
116.44,321,320
116.44,327,326
116.44,316,316
116.45,329,330
116.51,321,320
116.51,324,324
116.51,319,318
116.51,320,320
116.51,318,318
116.51,320,319
116.51,322,319
116.57,314,315
116.57,322,319
116.57,318,319
116.57,332,332
116.57,325,324
116.57,339,338
116.58,330,328
116.63,336,338
116.63,333,331
116.63,336,335
116.63,329,328
116.63,329,330
116.64,331,330
116.64,327,327
116.71,326,325
116.71,323,323
116.71,322,321
116.71,317,316
116.71,322,319
116.71,313,313
116.71,321,319
116.77,309,307
116.77,312,312
116.77,302,302
116.77,307,307
116.77,305,302
116.77,303,304
116.77,303,302
116.83,301,299
116.83,297,296
116.83,295,296
116.83,299,297
116.83,299,300
116.83,309,308
116.84,305,305
116.9,319,317
116.9,315,314
116.9,321,323
116.9,319,317
116.9,328,329
116.9,322,321
116.91,326,326
116.96,322,321
116.96,320,320
116.96,317,316
116.96,314,316
116.96,317,315
116.96,308,308
116.97,313,311
117.02,304,302
117.02,307,304
117.02,294,295
117.02,302,302
117.02,293,293
117.03,299,298
117.04,288,286
117.1,286,288
117.1,279,278
117.1,282,281
117.1,283,282
117.1,287,289
117.1,294,294
117.1,297,299
117.16,304,303
117.16,302,304
117.16,309,308
117.16,300,301
117.16,308,307
117.16,296,296
117.17,302,302
117.23,292,291
117.23,292,293
117.23,287,284
117.23,283,282
117.23,277,276
117.23,276,276
117.23,272,271
117.29,269,271
117.29,272,270
117.29,260,262
117.29,265,265
117.29,256,257
117.29,263,261
117.3,247,246
117.35,254,255
117.35,242,241
117.35,251,252
117.35,252,250
117.35,260,261
117.36,263,262
117.36,268,270
117.43,274,274
117.43,279,280
117.43,285,285
117.43,282,283
117.43,291,289
117.43,283,284
117.43,289,289
117.49,281,280
117.49,289,287
117.49,276,277
117.49,286,283
117.49,275,272
117.49,276,277
117.5,274,273
117.55,274,274
117.55,274,271
117.55,272,272
117.55,272,271
117.55,263,264
117.55,266,266
117.56,258,258
117.62,262,262
117.62,261,262
117.62,276,276
117.62,273,273
117.62,289,290
117.62,285,285
117.63,300,300
117.68,300,297
117.68,302,303
117.68,305,304
117.68,308,307
117.68,307,304
117.68,300,301
117.69,304,301
117.76,295,293
117.76,297,294
117.76,284,284
117.76,291,288
117.76,276,276
117.76,282,283
117.76,277,274
117.82,277,276
117.82,268,266
117.82,270,270
117.82,265,264
117.82,266,266
117.82,263,261
117.82,257,259
117.88,268,266
117.88,267,269
117.88,274,273
117.88,270,272
117.88,288,285
117.88,278,279
117.89,295,295
117.94,289,288
117.94,299,299
117.94,293,291
117.94,297,297
117.94,290,288
117.95,287,288
117.95,286,284
118.01,284,284
118.01,280,278
118.01,275,275
118.01,274,274
118.01,266,267
118.01,271,269
118.02,259,260
118.08,263,263
118.08,250,248
118.08,260,261
118.08,252,250
118.08,262,262
118.08,266,264
118.09,275,277
118.14,282,281
118.15,285,286
118.15,290,289
118.15,296,297
118.15,304,301
118.15,300,301
118.15,308,308
118.21,301,303
118.21,310,309
118.21,298,298
118.21,302,302
118.21,292,290
118.21,291,292
118.22,280,279
118.27,283,282
118.27,276,274
118.27,272,273
118.27,269,268
118.27,263,263
118.27,267,265
118.28,258,258
118.33,258,255
118.33,244,244
118.33,246,246
118.33,251,252
118.33,264,262
118.34,265,264
118.35,278,278
118.41,274,274
118.41,284,285
118.41,284,284
118.41,289,289
118.41,288,288
118.41,293,292
118.41,294,294
118.47,292,290
118.47,289,287
118.47,283,283
118.47,287,285
118.47,282,281
118.47,287,286
118.48,273,271
118.54,279,278
118.54,268,266
118.54,273,273
118.54,264,262
118.54,262,263
118.54,255,254
118.54,251,252
118.6,248,245
118.6,245,247
118.6,256,255
118.6,259,262
118.6,276,274
118.6,273,274
118.61,287,285
118.66,286,285
118.66,297,296
118.66,293,293
118.66,303,303
118.66,298,296
118.67,303,303
118.68,296,296
118.74,296,297
118.74,288,287
118.74,281,281
118.74,278,274
118.74,270,269
118.74,268,265
118.74,258,257
118.8,254,253
118.8,239,240
118.8,246,245
118.8,236,236
118.8,238,236
118.8,222,221
118.81,225,225
118.86,227,227
118.86,239,239
118.86,245,243
118.86,245,248
118.87,250,249
118.87,250,252
118.87,257,255
118.93,251,252
118.93,254,254
118.93,251,251
118.93,253,252
118.93,244,244
118.93,246,245
118.94,233,231
118.99,238,236
118.99,229,226
118.99,229,228
118.99,223,221
118.99,222,222
118.99,216,214
119.0,211,211
119.07,208,205
119.07,200,200
119.07,209,208
119.07,213,213
119.07,222,221
119.07,218,220
119.07,234,233
119.13,230,231
119.13,244,244
119.13,240,241
119.13,249,249
119.13,248,246
119.13,250,251
119.13,249,246
119.19,245,246
119.19,244,243
119.19,238,238
119.19,235,233
119.19,226,228
119.19,228,227
119.2,218,216
119.25,222,220
119.25,209,209
119.25,212,213
119.25,202,200
119.25,205,205
119.26,200,201
119.27,217,219
119.32,220,218
119.32,225,227
119.32,232,232
119.32,233,234
119.32,241,240
119.32,243,243
119.33,250,248
119.39,246,248
119.39,255,254
119.39,249,248
119.39,259,257
119.39,246,246
119.39,251,248
119.4,243,242
119.46,245,245
119.46,237,236
119.46,237,237
119.46,234,232
119.46,233,231
119.46,228,228
119.46,225,223
119.52,222,220
119.52,212,212
119.52,215,213
119.52,213,215
119.52,230,231
119.52,230,230
119.53,245,246
119.58,241,240
119.58,255,256
119.58,252,252
119.58,264,265
119.58,267,266
119.58,273,272
119.59,273,272
119.64,277,277
119.64,279,277
119.64,270,270
119.64,273,270
119.64,261,262
119.65,266,264
119.66,254,254
119.72,256,255
119.72,245,244
119.72,246,246
119.72,235,232
119.72,234,236
119.72,229,226
119.72,228,228
119.79,221,219
119.79,223,223
119.79,233,232
119.79,234,236
119.79,245,243
119.79,242,243
119.79,254,254
119.85,253,253
119.85,263,262
119.85,259,259
119.85,268,269
119.85,265,264
119.85,275,274
119.85,268,267
119.91,270,269
119.91,261,259
119.91,261,260
119.91,254,253
119.91,249,248
119.91,252,251
119.92,248,247
119.97,251,251
119.97,247,247
119.97,254,253
119.97,243,242
119.97,251,251
119.98,242,242
119.99,251,251
120.04,244,243
120.04,248,249
120.04,245,243
120.04,242,242
120.04,241,240
120.04,240,241
120.05,246,245
120.11,245,246
120.11,255,254
120.11,248,249
120.12,259,257
120.12,252,252
120.12,265,263
120.12,257,257
120.18,266,266
120.18,260,259
120.18,264,264
120.18,261,259
120.18,265,265
120.18,260,258
120.18,261,261
120.24,259,257
120.24,254,255
120.24,254,252
120.24,251,250
120.24,249,248
120.24,238,239
120.25,248,245
120.3,236,238
120.3,260,261
120.3,260,260
120.3,275,276
120.3,274,275
120.31,285,284
120.31,279,279
120.36,286,287
120.36,284,282
120.36,283,283
120.36,280,279
120.36,276,277
120.37,281,278
120.38,268,269
120.44,277,276
120.44,263,263
120.44,267,267
120.44,259,257
120.44,259,258
120.44,247,246
120.44,249,251
120.51,257,258
120.51,272,272
120.51,277,276
120.51,286,287
120.51,291,288
120.51,290,292
120.51,299,297
120.57,289,290
120.57,298,296
120.57,288,288
120.57,293,292
120.57,283,283
120.57,286,287
120.58,277,277
120.63,279,280
120.63,272,271
120.63,275,274
120.63,267,264
120.63,262,263
120.63,260,259
120.64,267,268
120.69,278,277
120.69,282,282
120.69,291,292
120.69,289,290
120.69,298,298
120.7,291,290
120.71,297,295
120.77,286,286
120.77,295,293
120.77,288,286
120.77,287,288
120.77,284,282
120.77,282,280
120.77,272,271
120.83,267,267
120.83,264,262
120.83,255,256
120.83,257,255
120.83,252,255
120.83,277,276
120.84,274,275
120.89,289,289
120.89,286,285
120.89,298,297
120.89,292,291
120.89,297,295
120.9,290,290
120.9,296,296
120.96,291,289
120.96,294,293
120.96,290,288
120.96,283,283
120.96,285,283
120.96,274,273
120.97,272,270
121.03,260,260
121.03,260,259
121.03,247,244
121.03,261,262
121.03,266,264
121.03,278,279
121.03,282,280
121.1,288,289
121.1,290,288
121.1,291,291
121.1,288,287
121.1,287,287
121.1,287,284
121.1,275,276
121.16,277,275
121.16,267,266
121.16,270,268
121.16,258,256
121.16,259,259
121.16,248,246
121.17,248,249
121.22,241,239
121.22,245,245
121.22,255,254
121.22,265,266
121.22,268,268
121.22,275,276
121.23,278,277
121.28,273,274
121.28,276,275
121.28,272,270
121.28,271,269
121.28,262,262
121.29,265,262
121.3,252,252
121.36,258,257
121.36,248,247
121.36,248,248
121.36,237,234
121.36,235,235
121.36,228,226
121.36,233,236
121.42,245,243
121.42,247,248
121.42,256,255
121.42,258,260
121.42,264,264
121.42,256,255
121.43,263,264
121.49,259,260
121.49,265,264
121.49,260,259
121.49,270,270
121.49,268,267
121.49,272,272
121.49,270,269
121.55,269,268
121.55,269,267
121.55,267,266
121.55,262,259
121.55,260,262
121.55,277,277
121.56,279,280
121.61,294,295
121.61,294,295
121.61,305,304
121.61,295,294
121.61,304,304
121.62,296,296
121.62,302,301
121.69,296,296
121.69,296,296
121.69,292,291
121.69,294,292
121.69,287,285
121.69,285,283
121.69,282,281
121.75,269,268
121.75,272,270
121.75,265,266
121.75,290,290
121.75,289,287
121.75,302,303
121.76,300,299
121.81,309,310
121.81,305,304
121.81,307,308
121.81,297,296
121.81,298,299
121.81,293,291
121.82,286,285
121.88,285,283
121.88,277,276
121.88,277,274
121.88,262,262
121.88,268,265
121.88,253,251
121.89,255,255
121.94,259,259
121.94,275,274
121.94,272,270
121.94,283,283
121.94,282,281
121.94,282,283
121.95,282,278
122.0,278,279
122.0,278,274
122.0,270,269
122.0,272,269
122.0,260,261
122.01,266,265
122.02,254,254
122.08,258,256
122.08,247,246
122.08,248,247
122.08,235,233
122.08,240,241
122.08,247,245
122.08,255,258
122.14,262,263
122.14,270,272
122.14,273,272
122.14,269,270
122.14,269,268
122.14,268,267
122.15,266,265
122.2,262,263
122.2,267,266
122.2,258,258
122.2,267,265
122.2,253,252
122.21,255,256
122.21,249,247
122.27,248,249
122.27,240,239
122.27,250,252
122.27,261,260
122.27,268,269
122.27,280,279
122.28,280,280
122.34,285,284
122.34,278,278
122.34,284,283
122.34,275,274
122.34,285,284
122.34,272,272
122.35,279,278
122.41,270,267
122.41,272,271
122.41,263,260
122.41,262,261
122.41,253,252
122.41,252,252
122.41,265,264
122.47,271,273
122.47,282,283
122.47,284,285
122.47,291,288
122.47,282,282
122.47,291,290
122.48,277,276
122.53,281,279
122.53,269,267
122.53,269,269
122.53,260,258
122.53,256,256
122.53,247,244
122.54,242,242
122.59,235,231
122.59,225,224
122.59,221,220
122.59,233,234
122.59,244,243
122.6,243,245
122.61,259,256
122.67,251,250
122.67,257,255
122.67,249,247
122.67,254,254
122.67,242,241
122.67,246,248
122.67,241,239
122.73,243,242
122.73,237,235
122.73,235,236
122.73,233,231
122.73,230,229
122.73,229,229
122.74,227,228
122.79,250,252
122.79,253,256
122.79,269,269
122.79,267,268
122.79,282,281
122.8,275,274
122.8,281,281
122.86,275,273
122.86,277,277
122.86,273,271
122.86,275,275
122.86,271,270
122.86,266,268
122.87,266,265
122.92,256,255
122.92,258,257
122.92,247,249
122.92,266,267
122.92,270,271
122.93,287,286
122.94,285,284
123.0,296,295
123.0,287,285
123.0,288,288
123.0,279,276
123.0,274,275
123.0,269,268
123.0,264,263
123.06,260,259
123.06,251,252
123.06,250,247
123.06,240,239
123.06,242,240
123.06,229,228
123.07,238,240
123.12,245,247
123.12,265,264
123.12,264,264
123.12,278,280
123.12,274,274
123.12,278,279
123.13,277,276
123.19,276,278
123.19,279,277
123.19,277,276
123.19,277,275
123.19,269,268
123.19,275,272
123.2,264,264
123.25,267,266
123.25,258,255
123.25,261,260
123.25,263,263
123.25,283,282
123.25,284,283
123.26,290,291
123.32,292,292
123.32,295,297
123.32,297,295
123.32,293,294
123.32,293,292
123.32,288,289
123.33,293,291
123.39,282,283
123.39,288,287
123.39,279,277
123.39,285,283
123.39,271,270
123.39,272,272
123.39,267,266
123.45,286,289
123.45,292,291
123.45,303,303
123.45,307,305
123.45,306,307
123.45,307,306
123.46,306,307
123.51,308,307
123.51,298,298
123.51,298,297
123.51,286,285
123.51,285,284
123.52,271,272
123.52,271,270
123.59,256,255
123.59,255,255
123.59,242,242
123.59,261,264
123.59,266,265
123.59,269,269
123.59,275,273
123.6,273,273
123.61,275,272
123.62,268,268
123.68,268,268
123.68,260,261
123.68,265,262
123.68,253,252
123.68,256,255
123.68,243,242
123.68,247,246
123.74,233,230
123.74,229,230
123.74,233,232
123.74,245,246
123.74,248,248
123.74,253,255
123.75,261,259
123.81,255,253
123.81,260,259
123.81,251,250
123.81,251,250
123.81,242,243
123.81,247,246
123.82,237,237
123.87,244,245
123.87,236,236
123.87,243,242
123.87,236,235
123.87,236,236
123.87,235,235
123.88,252,252
123.95,262,261
123.95,267,269
123.95,279,278
123.95,277,276
123.95,285,283
123.95,278,278
123.95,284,283
124.01,272,272
124.01,278,279
124.01,271,272
124.01,274,274
124.01,267,264
124.01,268,268
124.01,262,259
124.07,256,255
124.07,251,251
124.07,262,264
124.07,273,273
124.07,276,280
124.07,288,288
124.08,283,284
124.13,293,291
124.13,281,282
124.13,291,290
124.13,281,281
124.13,287,286
124.14,280,277
124.14,283,282
124.19,275,271
124.19,272,273
124.19,270,267
124.19,266,266
124.19,260,259
124.2,272,275
124.21,287,287
124.27,294,296
124.27,305,304
124.27,298,299
124.27,310,308
124.27,301,299
124.27,309,308
124.27,297,295
124.33,297,296
124.34,292,290
124.34,294,294
124.34,291,289
124.34,288,288
124.34,282,281
124.34,277,276
124.4,277,275
124.4,283,285
124.4,295,293
124.4,292,293
124.4,303,301
124.4,291,290
124.41,296,296
124.46,284,284
124.46,288,288
124.46,280,277
124.46,279,278
124.46,274,272
124.46,272,273
124.47,270,269
124.52,270,270
124.52,266,264
124.52,258,260
124.52,271,270
124.52,271,273
124.53,288,289
124.54,287,288
124.6,294,295
124.6,290,288
124.6,292,292
124.6,289,288
124.6,297,297
124.6,287,287
124.6,288,289
124.66,287,284
124.66,282,280
124.66,272,269
124.66,261,261
124.66,257,257
124.66,264,265
124.67,276,276
124.72,272,275
124.72,286,283
124.72,272,272
124.72,278,276
124.72,265,264
124.72,268,269
124.73,261,258
124.78,259,260
124.78,251,249
124.78,250,249
124.78,244,243
124.78,240,239
124.79,232,230
124.8,225,225
124.86,243,243
124.86,243,244
124.86,254,254
124.86,253,254
124.86,258,258
124.86,251,250
124.86,256,256
124.93,247,245
124.93,250,250
124.93,244,242
124.93,245,245
124.93,240,239
124.93,237,237
124.93,230,229
124.99,225,225
124.99,223,220
124.99,231,232
124.99,244,244
124.99,248,249
124.99,262,261
125.0,255,254
125.05,261,260
125.05,252,251
125.05,259,258
125.05,254,250
125.05,257,258
125.05,256,254
125.06,253,254
125.11,257,255
125.11,256,256
125.11,261,257
125.11,260,262
125.11,283,282
125.12,288,288
125.13,304,305
125.19,300,300
125.19,309,310
125.19,306,307
125.19,314,315
125.19,309,306
125.19,311,313
125.19,310,309
125.25,309,307
125.25,305,302
125.25,301,301
125.25,298,297
125.25,291,291
125.25,298,299
125.26,310,310
125.32,323,323
125.32,324,325
125.32,333,333
125.32,324,323
125.32,332,333
125.32,327,325
125.32,331,331
125.38,323,322
125.38,323,323
125.38,316,313
125.38,317,316
125.38,313,309
125.38,303,303
125.39,300,299
125.44,304,305
125.44,321,320
125.44,319,319
125.44,331,330
125.44,324,324
125.45,330,330
125.45,322,322
125.52,325,326
125.52,320,319
125.52,320,319
125.52,314,313
125.52,308,309
125.52,305,304
125.52,300,300
125.58,294,292
125.58,286,287
125.58,304,303
125.58,302,304
125.58,313,311
125.58,302,301
125.58,305,303
125.64,295,292
125.64,293,293
125.64,281,281
125.64,287,285
125.64,276,272
125.64,274,274
125.65,266,265
125.71,262,263
125.71,262,259
125.71,252,252
125.71,258,259
125.71,267,268
125.71,278,276
125.72,274,276
125.77,281,281
125.77,274,274
125.77,281,282
125.77,270,270
125.77,277,277
125.77,271,269
125.78,269,268
125.83,261,259
125.83,256,257
125.83,252,250
125.83,245,245
125.83,249,248
125.84,259,262
125.85,274,274
125.91,278,281
125.91,294,291
125.91,285,285
125.91,292,293
125.91,283,281
125.91,286,285
125.91,275,273
125.97,278,275
125.97,268,268
125.97,267,267
125.97,262,262
125.97,257,258
125.97,253,250
125.98,260,262
126.04,277,276
126.04,279,280
126.04,295,295
126.04,290,291
126.04,301,300
126.04,291,291
126.04,297,298
126.1,289,287
126.1,291,291
126.1,286,284
126.1,281,281
126.1,273,269
126.1,263,263
126.11,253,252
126.16,245,245
126.16,260,259
126.16,258,259
126.16,268,268
126.16,261,260
126.17,268,267
126.17,258,258
126.23,263,263
126.23,257,255
126.23,257,258
126.23,248,247
126.23,248,248
126.23,243,242
126.24,240,241
126.3,233,233
126.3,226,227
126.3,234,234
126.3,239,241
126.3,250,248
126.3,249,250
126.31,255,253
126.37,249,248
126.37,253,254
126.37,247,248
126.37,257,258
126.37,251,249
126.37,254,252
126.37,246,246
126.43,248,247
126.43,240,239
126.43,239,238
126.43,236,236
126.43,249,251
126.43,265,264
126.44,268,268
126.49,274,274
126.49,266,266
126.49,271,270
126.49,261,261
126.49,267,266
126.49,256,253
126.5,255,257
126.55,253,251
126.55,256,256
126.55,251,249
126.55,244,245
126.55,240,236
126.56,230,229
126.57,238,239
126.63,242,245
126.63,256,255
126.63,258,258
126.63,269,267
126.63,262,261
126.63,270,271
126.63,264,263
126.69,271,270
126.69,262,259
126.69,263,262
126.69,256,255
126.69,255,255
126.69,251,249
126.7,248,246
126.75,243,240
126.75,238,240
126.75,254,255
126.75,252,252
126.75,263,262
126.76,261,262
126.76,265,264
126.82,258,258
126.82,261,262
126.82,255,254
126.82,262,262
126.82,257,256
126.82,256,255
126.83,248,246
126.88,246,245
126.88,237,236
126.88,228,228
126.88,225,223
126.88,224,226
126.89,242,241
126.9,239,240
126.96,250,251
126.96,247,247
126.96,256,255
126.96,253,253
126.96,261,261
126.96,254,254
126.96,256,256
127.02,250,247
127.02,243,243
127.02,236,235
127.02,227,227
127.02,227,224
127.02,218,217
127.03,219,218
127.08,209,207
127.08,210,208
127.08,194,193
127.08,199,200
127.08,209,209
127.08,222,223
127.09,225,224
127.15,231,233
127.15,228,227
127.15,229,228
127.15,228,228
127.15,231,230
127.15,225,224
127.16,221,220
127.21,218,216
127.21,210,210
127.21,210,208
127.21,194,193
127.21,194,193
127.21,182,182
127.22,202,204
127.29,206,204
127.29,216,217
127.29,220,218
127.29,222,220
127.29,214,211
127.29,212,213
127.29,209,206
127.35,199,201
127.35,202,200
127.35,192,192
127.35,193,191
127.35,183,182
127.35,184,183
127.35,169,167
127.41,182,184
127.41,190,190
127.41,202,204
127.41,204,204
127.41,212,213
127.41,214,214
127.42,218,218
127.48,218,217
127.48,218,220
127.48,224,222
127.48,221,221
127.48,227,225
127.48,215,216
127.49,221,221
127.54,213,212
127.54,219,218
127.54,205,204
127.54,208,209
127.54,218,217
127.54,238,239
127.55,242,242
127.6,255,257
127.6,258,257
127.6,258,259
127.6,262,260
127.6,258,258
127.61,256,256
127.62,247,247
127.68,249,247
127.68,235,236
127.68,238,237
127.68,226,226
127.68,229,230
127.68,221,220
127.68,231,233
127.74,247,247
127.74,263,264
127.74,270,269
127.74,278,279
127.74,280,279
127.74,280,281
127.75,284,282
127.8,277,279
127.8,287,286
127.8,280,279
127.8,283,283
127.8,271,271
127.8,274,273
127.81,261,259
127.87,262,263
127.87,250,250
127.87,266,268
127.87,274,274
127.87,286,286
127.87,292,291
127.88,296,298
127.93,300,299
127.93,301,302
127.93,304,303
127.93,297,298
127.93,302,302
127.94,297,296
127.94,302,298
128.01,286,285
128.01,290,290
128.01,278,277
128.01,279,277
128.01,267,265
128.01,261,260
128.01,257,256
128.07,268,269
128.07,273,273
128.07,277,278
128.07,281,279
128.07,277,279
128.07,287,286
128.08,287,286
128.13,286,284
128.13,274,274
128.13,274,273
128.13,263,263
128.13,266,265
128.13,253,249
128.14,252,250
128.19,241,240
128.19,240,239
128.19,233,231
128.19,227,225
128.19,238,239
128.2,247,249
128.21,264,263
128.26,261,260
128.26,263,262
128.26,258,257
128.26,263,262
128.26,255,255
128.26,259,259
128.27,255,252
128.33,254,253
128.33,249,245
128.33,247,246
128.33,246,242
128.33,239,239
128.33,238,237
128.34,229,228
128.4,225,223
128.4,230,232
128.4,250,248
128.4,247,249
128.4,269,270
128.4,272,271
128.4,284,284
128.46,283,281
128.46,289,289
128.46,286,286
128.46,290,292
128.46,291,288
128.46,286,286
128.47,282,281
128.52,275,275
128.52,272,269
128.52,261,261
128.52,262,260
128.52,268,272
128.53,287,286
128.53,282,284
128.59,296,297
128.59,294,294
128.59,307,306
128.59,302,300
128.59,302,302
128.59,291,288
128.6,286,287
128.66,283,281
128.66,277,278
128.66,274,272
128.66,261,259
128.66,258,254
128.66,237,238
128.66,236,234
128.73,237,238
128.73,256,255
128.73,254,252
128.73,264,265
128.73,261,259
128.73,266,265
128.73,260,259
128.79,260,261
128.79,258,257
128.79,257,256
128.79,256,254
128.79,248,249
128.79,249,246
128.8,241,240
128.85,241,240
128.85,232,232
128.85,230,230
128.85,216,216
128.85,224,225
128.85,233,233
128.86,245,245
128.91,247,248
128.91,258,258
128.91,259,258
128.91,262,263
128.91,264,264
128.92,265,265
128.93,271,269
128.99,268,269
128.99,276,275
128.99,270,271
128.99,274,273
128.99,265,262
128.99,265,265
128.99,257,257
129.05,259,258
129.05,249,247
129.05,244,244
129.05,232,231
129.05,244,246
129.05,257,257
129.06,267,268
129.11,277,273
129.11,265,265
129.11,278,276
129.11,270,271
129.11,276,275
129.12,266,265
129.12,270,269
129.18,261,259
129.18,265,264
129.18,256,254
129.18,258,259
129.18,251,248
129.18,246,246
129.19,237,236
129.24,238,238
129.24,250,251
129.24,262,263
129.24,272,271
129.24,272,274
129.25,283,282
129.25,278,278
129.32,284,284
129.32,277,278
129.32,282,282
129.32,276,275
129.32,280,278
129.32,268,266
129.32,266,267
129.38,261,257
129.38,254,253
129.38,248,245
129.38,243,245
129.38,263,261
129.38,265,266
129.39,280,279
129.44,278,278
129.44,289,289
129.44,286,287
129.44,297,297
129.44,291,290
129.44,301,301
129.45,296,294
129.5,296,298
129.5,294,293
129.5,293,293
129.5,286,284
129.5,279,278
129.51,277,274
129.52,268,269
129.58,264,262
129.58,255,254
129.58,252,252
129.58,258,260
129.58,277,277
129.58,276,277
129.58,288,288
129.64,286,284
129.64,289,290
129.64,283,282
129.64,284,283
129.64,280,279
129.64,277,278
129.65,272,270
129.71,263,263
129.71,260,259
129.71,250,249
129.71,248,248
129.71,257,259
129.71,272,272
129.71,272,273
129.77,289,288
129.77,286,285
129.77,294,294
129.77,288,287
129.77,288,289
129.77,284,281
129.78,282,282
129.83,276,276
129.83,277,277
129.83,274,273
129.83,268,269
129.83,269,268
129.84,259,259
129.84,275,274
129.9,283,283
129.9,298,297
129.9,301,301
129.9,315,314
129.9,310,310
129.9,316,316
129.91,309,307
129.97,313,311
129.97,308,307
129.97,304,304
129.97,303,303
129.97,299,299
129.97,296,294
129.98,287,286
130.03,280,280
130.03,289,289
130.03,308,309
130.03,312,312
130.03,326,327
130.03,329,327
130.04,336,339
130.1,337,336
130.1,342,342
130.1,335,335
130.1,334,335
130.1,328,326
130.1,314,315
130.11,313,311
130.16,302,300
130.16,297,295
130.16,284,284
130.16,283,281
130.16,284,285
130.16,303,304
130.17,305,305
130.24,317,319
130.24,315,315
130.24,323,322
130.24,319,317
130.24,320,323
130.24,320,319
130.24,319,319
130.3,321,320
130.3,316,316
130.3,314,314
130.3,304,306
130.3,307,305
130.3,295,294
130.3,295,294
130.36,274,272
130.36,269,266
130.36,251,247
130.36,248,249
130.36,252,252
130.36,264,266
130.37,266,264
130.42,272,273
130.42,275,274
130.42,274,273
130.42,278,277
130.42,271,271
130.43,278,277
130.43,268,270
130.49,273,272
130.49,261,261
130.49,262,262
130.49,248,247
130.49,249,249
130.49,237,234
130.5,235,234
130.55,220,217
130.55,214,215
130.55,204,202
130.55,199,201
130.55,218,218
130.56,217,219
130.57,231,231
130.63,227,228
130.63,236,235
130.63,229,229
130.63,231,231
130.63,226,225
130.63,234,234
130.63,224,223
130.69,226,226
130.69,220,217
130.69,215,215
130.69,207,205
130.69,200,201
130.69,191,189
130.7,181,181
130.75,180,178
130.75,177,179
130.75,203,201
130.75,202,203
130.75,218,217
130.75,218,217
130.76,230,231
130.81,227,224
130.81,235,234
130.81,234,232
130.81,239,239
130.81,235,234
130.82,238,238
130.83,235,233
130.89,232,233
130.89,235,233
130.89,229,228
130.89,233,230
130.89,219,219
130.89,221,218
130.89,208,206
130.95,207,204
130.95,199,198
130.95,221,222
130.95,225,224
130.95,239,241
130.95,245,245
130.96,251,251
131.02,251,249
131.02,249,249
131.02,251,249
131.02,245,245
131.02,247,245
131.02,236,236
131.02,238,237
131.08,228,226
131.08,227,226
131.08,213,211
131.08,232,233
131.08,236,236
131.08,249,250
131.09,256,255
131.14,264,265
131.14,267,266
131.14,266,267
131.14,264,263
131.14,260,261
131.15,260,259
131.16,252,253
131.17,252,251
131.18,243,243
131.18,245,243
131.23,234,233
131.23,232,233
131.23,242,244
131.23,260,261
131.23,260,261
131.24,273,274
131.25,276,275
131.31,282,282
131.31,280,279
131.31,279,278
131.31,278,277
131.31,270,272
131.31,275,273
131.31,264,265
131.38,267,266
131.38,254,254
131.38,256,254
131.38,246,246
131.38,270,271
131.38,272,271
131.38,286,286
131.44,291,289
131.44,298,299
131.44,298,296
131.44,296,295
131.44,296,294
131.44,292,292
131.45,291,289
131.5,281,280
131.5,284,284
131.5,268,269
131.5,269,269
131.5,255,255
131.5,266,266
131.51,278,276
131.56,287,288
131.56,292,292
131.56,302,302
131.56,304,302
131.56,302,303
131.57,303,299
131.58,296,295
131.64,292,291
131.64,285,284
131.64,282,281
131.64,275,276
131.64,276,274
131.64,262,262
131.64,269,267
131.7,278,277
131.7,295,295
131.7,295,297
131.7,312,313
131.7,315,314
131.7,323,324
131.71,321,321
131.77,320,322
131.77,322,320
131.77,315,314
131.77,317,315
131.77,309,308
131.77,308,307
131.77,294,294
131.83,298,296
131.83,285,284
131.83,301,303
131.83,311,310
131.83,320,320
131.83,322,323
131.84,328,329
131.89,332,331
131.89,331,331
131.89,333,331
131.89,329,330
131.89,333,331
131.9,329,328
131.9,333,331
131.97,320,321
131.97,324,321
131.97,309,308
131.97,303,303
131.97,306,307
131.97,322,324
131.97,324,324
132.03,333,333
132.03,332,331
132.03,330,332
132.03,329,327
132.03,320,320
132.03,318,316
132.04,305,304
132.1,303,300
132.1,290,290
132.1,286,284
132.1,270,269
132.1,269,268
132.1,258,258
132.1,279,281
132.16,280,278
132.16,290,290
132.16,291,290
132.16,295,295
132.16,295,295
132.16,294,295
132.17,298,297
132.22,294,294
132.22,298,297
132.22,291,292
132.22,298,298
132.22,292,293
132.22,301,300
132.23,295,294
132.28,300,300
132.28,294,293
132.28,298,298
132.28,289,288
132.28,290,290
132.29,284,281
132.3,278,279
132.36,272,271
132.36,266,267
132.36,262,260
132.36,249,249
132.36,248,246
132.36,234,231
132.36,246,246
132.42,250,251
132.42,264,265
132.42,270,268
132.42,278,280
132.42,280,279
132.42,286,288
132.43,287,284
132.48,286,289
132.49,290,289
132.49,288,290
132.49,291,290
132.49,287,286
132.49,287,284
132.49,276,276
132.55,277,275
132.55,265,264
132.55,264,264
132.55,249,249
132.55,249,248
132.55,238,235
132.56,236,238
132.63,250,250
132.63,262,263
132.63,268,268
132.63,274,277
132.63,283,284
132.63,287,288
132.63,291,290
132.69,291,292
132.69,298,296
132.69,291,291
132.69,297,296
132.69,292,293
132.69,301,300
132.69,297,296
132.75,303,302
132.75,298,296
132.75,303,305
132.75,303,303
132.75,307,307
132.75,307,306
132.76,306,307
132.81,309,308
132.81,303,303
132.81,308,307
132.81,304,303
132.81,307,306
132.81,303,302
132.82,308,308
132.87,302,302
132.87,308,308
132.87,299,299
132.87,305,304
132.87,301,300
132.88,301,301
132.89,300,299
132.94,299,301
132.94,302,301
132.94,297,296
132.94,301,299
132.94,294,295
132.95,301,300
132.95,292,292
133.01,301,300
133.01,294,292
133.01,298,298
133.01,294,293
133.02,300,300
133.02,295,293
133.02,299,299
133.08,297,294
133.08,298,297
133.08,295,294
133.08,295,296
133.08,298,297
133.08,296,296
133.08,300,299
133.14,294,295
133.14,300,299
133.14,294,295
133.14,302,302
133.14,296,296
133.14,305,304
133.15,299,299
133.2,305,305
133.2,300,299
133.2,303,304
133.2,304,303
133.2,304,306
133.21,308,306
133.22,305,304
133.28,308,307
133.28,302,304
133.28,308,308
133.28,302,302
133.28,309,309
133.28,302,301
133.28,306,306
133.34,303,301
133.34,306,306
133.34,301,300
133.34,302,303
133.34,302,300
133.34,300,301
133.35,299,298
133.4,295,295
133.4,299,297
133.4,291,291
133.4,296,295
133.4,289,289
133.4,294,294
133.41,289,288
133.47,293,291
133.47,286,284
133.47,291,291
133.47,284,283
133.47,288,289
133.47,285,283
133.48,283,284
133.53,284,283
133.53,284,285
133.53,287,285
133.53,284,284
133.53,290,289
133.53,282,284
133.54,289,287
133.61,283,283
133.61,291,290
133.61,285,284
133.61,288,288
133.61,285,283
133.61,288,288
133.61,285,284
133.67,289,288
133.67,288,285
133.67,284,284
133.67,284,284
133.67,281,282
133.67,286,284
133.67,281,283
133.73,287,286
133.73,281,281
133.73,290,289
133.73,280,281
133.73,291,290
133.73,282,281
133.74,281,279
133.8,268,264
133.8,248,246
133.8,238,233
133.8,224,224
133.8,216,213
133.8,206,205
133.81,204,203
133.86,189,187
133.86,186,183
133.86,172,172
133.86,174,173
133.86,161,160
133.86,163,162
133.87,151,150
133.92,153,152
133.92,145,143
133.92,149,148
133.92,143,142
133.92,144,143
133.93,143,142
133.94,142,141
134.0,143,143
134.0,142,142
134.0,145,145
134.0,144,144
134.0,152,152
134.0,143,144
134.0,153,153
134.06,150,148
134.06,156,157
134.06,156,156
134.06,163,164
134.06,163,161
134.06,164,166
134.07,169,167
134.12,168,169
134.12,174,174
134.12,176,177
134.12,182,181
134.12,181,182
134.12,189,189
134.13,185,185
134.19,194,196
134.19,190,192
134.19,201,202
134.19,197,199
134.19,207,209
134.19,206,207
134.2,213,213
134.26,212,213
134.26,215,218
134.26,220,219
134.26,220,222
134.26,227,224
134.26,224,226
134.26,233,232
134.33,229,229
134.33,236,236
134.33,230,231
134.33,243,241
134.33,234,232
134.33,242,243
134.33,241,239
134.39,245,244
134.39,243,240
134.39,247,247
134.39,249,246
134.39,247,248
134.39,251,249
134.4,251,250
134.45,254,254
134.45,250,251
134.45,257,257
134.45,253,254
134.45,263,262
134.45,256,258
134.46,267,267
134.51,264,264
134.51,274,276
134.51,275,273
134.51,276,278
134.51,278,277
134.52,280,280
134.53,281,281
134.59,283,282
134.59,287,286
134.59,286,287
134.59,292,291
134.59,286,287
134.59,299,298
134.59,295,295
134.65,304,304
134.65,298,298
134.65,308,308
134.65,307,306
134.65,314,316
134.65,315,314
134.66,321,322
134.72,326,324
134.72,328,327
134.72,331,329
134.72,330,330
134.72,336,335
134.72,335,334
134.72,342,341
134.78,338,337
134.78,344,345
134.78,335,334
134.78,338,338
134.78,331,330
134.78,333,332
134.79,325,324
134.84,326,328
134.84,325,323
134.84,320,321
134.84,320,319
134.84,317,317
134.85,318,316
134.85,311,310
134.9,315,313
134.9,305,304
134.9,310,308
134.9,302,302
134.9,305,305
134.91,299,297
134.92,302,301
134.98,293,292
134.98,292,294
134.98,291,290
134.98,288,290
134.98,290,288
134.98,288,287
134.98,288,286
135.04,281,282
135.04,286,286
135.04,278,278
135.05,284,284
135.05,277,276
135.05,283,282
135.05,276,276
135.11,285,284
135.11,276,276
135.11,280,281
135.11,279,277
135.11,279,279
135.11,282,280
135.12,280,281
135.17,282,280
135.17,280,281
135.17,283,280
135.17,277,278
135.17,283,283
135.17,279,279
135.18,287,284
135.23,279,277
135.23,287,286
135.23,281,281
135.23,285,285
135.23,283,282
135.24,287,288
135.25,287,286
135.31,289,289
135.31,291,288
135.31,289,290
135.31,295,294
135.31,293,294
135.31,298,298
135.31,295,295
135.37,302,303
135.37,298,298
135.37,307,308
135.37,304,304
135.37,314,313
135.37,307,307
135.38,317,317
135.43,318,316
135.43,318,318
135.43,322,320
135.43,321,322
135.43,328,326
135.44,326,326
135.44,331,330
135.5,327,326
135.5,336,334
135.5,333,331
135.5,343,342
135.5,341,340
135.5,352,351
135.51,348,347
135.57,353,354
135.57,352,352
135.57,356,356
135.57,357,356
135.57,360,361
135.57,363,361
135.57,363,364
135.64,367,366
135.64,365,365
135.64,372,372
135.64,367,368
135.64,376,375
135.64,367,368
135.64,374,373
135.7,366,367
135.7,373,372
135.7,366,365
135.7,369,369
135.7,366,364
135.7,364,365
135.71,362,359
135.76,358,359
135.76,362,361
135.76,356,357
135.76,364,363
135.76,358,358
135.76,365,362
135.77,356,358
135.82,364,364
135.82,356,354
135.82,360,359
135.82,352,352
135.82,356,357
135.83,353,350
135.84,353,353
135.9,350,350
135.9,348,348
135.9,347,345
135.9,343,344
135.9,346,344
135.9,340,340
135.9,345,344
135.96,335,337
135.96,343,344
135.96,339,339
135.96,345,346
135.96,340,338
135.96,345,346
135.97,343,340
136.03,342,342
136.03,340,338
136.03,339,339
136.03,340,338
136.03,338,338
136.03,338,337
136.03,336,335
136.09,339,338
136.09,333,334
136.09,339,338
136.09,334,332
136.09,339,339
136.09,331,331
136.1,336,337
136.15,330,328
136.15,332,330
136.15,329,326
136.15,325,325
136.15,322,320
136.16,325,325
136.16,323,322
136.23,321,322
136.23,325,323
136.23,320,320
136.23,327,326
136.23,318,319
136.23,327,325
136.23,321,320
136.29,328,327
136.29,323,322
136.29,326,324
136.29,322,319
136.29,323,323
136.29,320,319
136.3,318,320
136.35,321,319
136.35,318,317
136.35,321,319
136.35,315,316
136.35,320,318
136.35,314,314
136.36,319,317
136.42,311,311
136.42,317,316
136.42,309,309
136.42,312,313
136.42,309,306
136.42,308,308
136.43,307,304
136.48,307,306
136.48,304,303
136.48,300,301
136.48,303,302
136.48,298,298
136.48,298,298
136.49,294,294
136.56,297,297
136.56,293,292
136.56,296,296
136.56,289,290
136.56,296,295
136.56,290,290
136.56,294,294
136.62,291,288
136.62,293,292
136.62,291,289
136.62,291,291
136.62,293,292
136.62,290,291
136.62,295,292
136.68,289,289
136.68,292,293
136.68,291,290
136.68,294,293
136.68,286,286
136.68,293,291
136.69,285,285
136.74,290,290
136.74,285,284
136.74,287,287
136.74,285,284
136.74,283,284
136.75,281,280
136.75,279,279
136.81,276,275
136.81,270,271
136.81,272,272
136.81,265,266
136.81,272,272
136.81,265,263
136.82,270,269
136.87,260,259
136.87,262,262
136.87,255,254
136.87,258,258
136.87,255,253
136.88,254,256
136.89,255,253
136.95,249,251
136.95,254,254
136.95,251,251
136.95,255,253
136.95,252,252
136.95,259,258
136.95,254,253
137.01,259,258
137.01,254,254
137.01,254,255
137.01,249,247
137.01,252,253
137.01,248,248
137.02,250,251
137.07,250,250
137.07,250,251
137.07,252,250
137.07,248,249
137.07,252,250
137.07,246,248
137.08,254,253
137.13,247,248
137.13,256,256
137.13,248,248
137.13,255,254
137.13,249,247
137.14,252,252
137.15,248,246
137.21,253,252
137.21,250,247
137.21,246,247
137.21,246,245
137.21,245,246
137.21,248,247
137.21,247,247
137.27,251,250
137.27,246,246
137.28,253,252
137.28,246,246
137.28,255,253
137.28,247,246
137.28,252,254
137.34,251,248
137.34,254,253
137.34,255,252
137.34,257,257
137.34,256,255
137.34,259,258
137.34,259,258
137.4,258,259
137.4,262,260
137.4,258,257
137.4,264,263
137.4,259,258
137.4,265,264
137.41,259,258
137.46,263,265
137.46,259,259
137.46,265,266
137.46,263,260
137.46,263,264
137.47,267,264
137.47,268,268
137.53,266,266
137.53,265,267
137.53,270,270
137.53,267,267
137.53,273,271
137.53,268,269
137.54,277,275
137.6,271,270
137.6,277,278
137.6,272,271
137.6,280,281
137.6,277,274
137.6,281,282
137.61,279,278
137.66,280,282
137.66,282,281
137.66,281,282
137.66,284,283
137.66,281,282
137.66,285,283
137.67,279,280
137.73,287,286
137.73,279,279
137.73,284,284
137.73,278,278
137.73,288,287
137.73,282,282
137.74,288,287
137.79,282,281
137.79,285,285
137.79,285,283
137.79,286,288
137.79,291,289
137.79,287,288
137.8,289,288
137.87,284,285
137.87,289,287
137.87,282,283
137.87,287,285
137.87,276,276
137.87,284,284
137.87,272,272
137.93,276,277
137.93,273,272
137.93,277,278
137.93,275,275
137.93,279,278
137.93,279,278
137.93,280,281
137.99,283,282
137.99,282,282
137.99,287,286
137.99,283,281
137.99,288,289
137.99,285,285
138.0,294,292
138.05,287,286
138.05,295,296
138.05,292,291
138.05,301,300
138.05,295,295
138.06,298,299
138.06,301,299
138.12,302,302
138.12,307,305
138.12,306,306
138.12,310,309
138.12,306,307
138.12,311,310
138.13,304,304
138.2,313,311
138.2,303,303
138.2,309,308
138.2,299,298
138.2,304,305
138.2,302,300
138.2,302,303
138.26,301,299
138.26,301,302
138.26,301,299
138.26,296,297
138.26,298,295
138.26,289,288
138.26,288,287
138.32,280,279
138.32,282,281
138.32,271,270
138.32,276,275
138.32,265,265
138.32,269,268
138.33,261,258
138.38,263,262
138.38,257,255
138.38,255,256
138.38,253,251
138.38,252,252
138.38,250,249
138.39,244,245
138.45,248,245
138.45,238,238
138.45,242,242
138.45,231,231
138.45,241,240
138.45,234,232
138.46,236,236
138.52,229,229
138.52,232,233
138.52,228,228
138.52,231,230
138.52,227,226
138.52,226,227
138.52,227,224
138.58,223,223
138.58,228,227
138.58,223,224
138.58,230,229
138.58,225,225
138.58,230,229
138.59,225,224
138.65,234,232
138.65,227,224
138.65,232,231
138.65,227,226
138.65,228,228
138.65,225,224
138.65,228,227
138.71,227,225
138.71,227,227
138.71,232,230
138.71,229,228
138.71,232,232
138.71,229,228
138.72,238,237
138.73,231,232
138.74,241,239
138.75,237,235
138.8,243,242
138.8,239,237
138.8,242,244
138.8,240,239
138.8,243,243
138.81,243,239
138.81,243,242
138.86,245,243
138.86,240,241
138.87,248,247
138.87,243,242
138.87,250,249
138.87,245,247
138.88,256,256
138.94,251,251
138.94,258,258
138.94,254,253
138.94,261,260
138.94,258,255
138.94,260,261
138.95,259,257
139.01,260,261
139.01,262,262
139.01,261,261
139.01,263,261
139.01,257,257
139.01,262,262
139.01,259,258
139.07,265,264
139.07,258,258
139.07,260,261
139.07,255,254
139.07,260,260
139.07,255,254
139.08,257,257
139.13,255,253
139.13,257,257
139.13,256,253
139.13,256,256
139.13,256,256
139.13,253,253
139.14,255,254
139.19,252,251
139.19,259,257
139.19,251,250
139.19,259,259
139.19,254,254
139.2,261,260
139.21,256,254
139.27,260,260
139.27,258,257
139.27,260,260
139.27,259,258
139.27,259,260
139.27,262,261
139.27,259,259
139.33,259,259
139.33,258,258
139.33,263,261
139.33,257,257
139.33,262,262
139.33,257,256
139.34,266,265
139.4,259,257
139.4,264,262
139.4,260,260
139.4,264,264
139.4,263,260
139.4,266,265
139.4,262,261
139.46,264,265
139.46,270,269
139.46,266,267
139.46,273,273
139.46,269,271
139.46,277,275
139.47,271,270
139.52,277,276
139.52,269,268
139.52,274,275
139.52,268,267
139.52,270,272
139.53,270,269
139.54,271,273
139.6,272,270
139.6,270,270
139.6,270,269
139.6,270,268
139.6,273,272
139.6,267,266
139.6,271,270
139.66,266,267
139.66,273,272
139.66,266,266
139.66,275,274
139.66,266,266
139.66,274,274
139.67,271,270
139.72,273,274
139.72,273,273
139.72,274,276
139.72,274,273
139.72,277,276
139.72,279,277
139.73,277,278
139.79,282,281
139.79,276,277
139.79,283,283
139.79,277,278
139.79,285,284
139.79,280,280
139.8,288,287
139.85,285,283
139.85,288,288
139.85,287,285
139.85,292,292
139.85,292,290
139.85,294,295
139.86,296,295
139.92,295,294
139.92,299,299
139.92,295,295
139.92,299,298
139.92,294,294
139.92,297,297
139.93,293,292
139.99,298,299
139.99,295,294
139.99,302,302
139.99,298,298
139.99,300,302
139.99,300,298
139.99,303,302
140.05,304,303
140.05,305,305
140.05,312,311
140.05,310,311
140.05,318,317
140.05,314,315
140.06,322,322
140.11,320,321
140.11,329,329
140.11,321,321
140.11,327,328
140.11,326,323
140.12,328,329
140.13,328,327
140.19,332,333
140.19,336,333
140.19,336,336
140.19,341,338
140.19,337,338
140.19,345,345
140.19,341,341
140.25,347,346
140.25,342,341
140.25,347,346
140.25,340,339
140.25,343,345
140.25,337,338
140.26,342,342
140.31,337,336
140.31,341,342
140.31,337,336
140.31,338,339
140.31,340,338
140.31,335,336
140.32,341,338
140.38,336,336
140.38,344,342
140.38,336,337
140.38,345,345
140.38,341,339
140.38,347,346
140.39,342,342
140.44,350,350
140.44,349,347
140.44,351,351
140.44,351,349
140.44,353,354
140.44,356,356
140.45,356,357
140.52,359,358
140.52,357,358
140.52,365,364
140.52,362,362
140.52,365,366
140.52,362,362
140.52,368,369
140.58,363,363
140.58,372,372
140.58,366,365
140.58,368,370
140.58,369,367
140.58,371,370
140.58,367,367
140.64,367,368
140.64,370,369
140.64,369,368
140.64,372,371
140.64,365,367
140.64,366,363
140.65,351,351
140.7,356,355
140.7,345,343
140.7,344,344
140.7,334,333
140.7,333,331
140.71,319,318
140.71,316,316
140.77,305,304
140.77,299,300
140.77,294,293
140.77,286,287
140.77,286,285
140.77,279,276
140.78,280,277
140.84,270,268
140.84,273,270
140.84,262,262
140.84,264,264
140.84,259,256
140.84,263,262
140.85,257,255
140.9,259,260
140.91,257,255
140.91,257,257
140.91,255,253
140.91,255,256
140.91,257,257
140.91,254,255
140.97,257,257
140.97,254,256
140.97,261,262
140.97,257,257
140.97,266,266
140.97,261,260
140.98,268,268
141.03,265,265
141.03,270,271
141.03,268,268
141.03,273,273
141.03,276,274
141.03,280,280
141.04,282,281
141.09,286,285
141.09,289,289
141.09,285,285
141.09,293,293
141.09,289,288
141.1,295,296
141.11,289,289
141.17,298,298
141.17,295,293
141.17,301,302
141.17,303,301
141.17,307,308
141.17,308,308
141.17,313,312
141.23,312,312
141.23,312,314
141.23,319,317
141.23,317,318
141.23,326,323
141.23,321,321
141.24,329,328
141.3,324,324
141.3,333,331
141.3,326,326
141.3,336,335
141.3,332,330
141.3,337,336
141.3,335,332
141.36,334,336
141.36,335,332
141.36,336,335
141.36,338,336
141.36,334,336
141.36,341,340
141.37,333,332
141.42,338,337
141.42,333,332
141.42,340,339
141.42,333,333
141.42,338,338
141.43,336,334
141.44,340,341
141.5,337,336
141.5,341,342
141.5,339,337
141.5,342,341
141.5,341,340
141.5,338,340
141.5,343,341
141.56,340,340
141.56,342,342
141.56,335,337
141.56,343,341
141.56,336,334
141.56,340,340
141.57,334,333
141.62,339,340
141.62,334,333
141.62,338,338
141.62,333,332
141.62,333,335
141.62,333,332
141.63,332,333
141.68,333,332
141.68,330,331
141.68,337,336
141.68,331,331
141.69,336,335
141.69,329,328
141.7,332,332
141.75,324,324
141.75,329,330
141.75,326,324
141.75,330,330
141.75,322,322
141.76,327,327
141.76,324,323
141.83,325,325
141.83,323,322
141.83,323,324
141.83,325,324
141.83,319,320
141.83,326,325
141.83,318,317
141.89,326,324
141.89,319,319
141.89,327,326
141.89,320,319
141.89,329,328
141.89,323,321
141.89,328,327
141.95,324,322
141.95,322,322
141.95,319,317
141.95,314,314
141.95,313,312
141.95,309,308
141.96,310,307
142.01,307,307
142.01,322,320
142.01,323,323
142.01,334,333
142.01,327,327
142.02,334,334
142.03,329,328
142.08,332,332
142.08,325,322
142.08,322,322
142.08,316,315
142.08,311,311
142.08,306,302
142.09,294,297
142.15,317,317
142.15,319,319
142.15,330,328
142.15,327,329
142.15,334,334
142.15,328,328
142.16,333,332
142.22,321,319
142.22,323,323
142.22,312,309
142.22,307,307
142.22,296,293
142.22,293,296
142.22,313,311
142.28,317,316
142.28,325,324
142.28,326,326
142.28,330,330
142.28,324,325
142.28,328,328
142.29,319,318
142.34,326,324
142.34,319,317
142.34,321,320
142.34,316,315
142.34,318,318
142.35,315,313
142.35,318,318
142.41,316,314
142.41,315,315
142.41,315,314
142.41,311,310
142.41,311,309
142.41,302,303
142.42,307,306
142.48,304,304
142.48,308,308
142.48,302,303
142.48,311,310
142.48,303,303
142.48,307,306
142.48,300,299
142.55,301,301
142.55,298,296
142.55,296,296
142.55,296,295
142.55,297,297
142.55,300,299
142.55,294,294
142.61,300,299
142.61,293,292
142.61,297,297
142.61,289,288
142.61,294,293
142.61,284,284
142.62,291,291
142.67,288,286
142.67,292,292
142.67,290,290
142.67,293,292
142.67,290,290
142.67,291,291
142.68,292,290
142.73,289,288
142.73,293,291
142.73,288,288
142.73,294,293
142.73,288,288
142.74,295,294
142.75,290,289
142.81,294,295
142.81,290,288
142.81,290,291
142.81,291,289
142.81,291,291
142.81,290,290
142.81,293,292
142.87,297,294
142.87,295,295
142.87,299,297
142.87,293,294
142.87,299,298
142.87,294,293
142.88,297,296
142.93,290,292
142.93,299,299
142.94,294,294
142.94,300,301
142.94,297,296
142.94,300,301
142.94,297,296
143.0,299,298
143.0,298,297
143.0,294,295
143.0,297,297
143.0,295,294
143.0,299,298
143.01,294,295
143.06,299,298
143.06,292,292
143.06,297,297
143.06,290,289
143.06,292,292
143.07,287,285
143.07,289,288
143.14,284,284
143.14,286,287
143.14,287,287
143.14,290,291
143.14,295,293
143.14,293,293
143.14,293,292
143.2,289,287
143.2,291,290
143.2,281,280
143.2,285,284
143.2,275,272
143.2,270,271
143.21,272,274
143.26,289,290
143.26,293,293
143.26,301,302
143.26,305,303
143.26,305,305
143.26,303,302
143.27,299,299
143.33,298,294
143.33,286,285
143.33,286,285
143.33,269,268
143.33,267,264
143.33,262,263
143.34,280,281
143.39,281,281
143.39,294,294
143.39,291,290
143.39,296,296
143.39,295,293
143.39,294,293
143.4,290,289
143.47,285,285
143.47,280,280
143.47,274,274
143.47,270,269
143.47,256,256
143.47,254,253
143.47,252,254
143.53,274,275
143.53,274,274
143.53,285,286
143.53,282,282
143.53,291,291
143.53,290,288
143.53,290,291
143.59,289,285
143.59,286,286
143.59,281,278
143.59,273,272
143.59,270,266
143.59,252,252
143.6,258,258
143.65,267,267
143.66,282,280
143.66,280,279
143.66,289,289
143.66,284,283
143.66,286,287
143.66,281,279
143.72,283,282
143.72,275,272
143.72,269,268
143.72,260,257
143.72,248,249
143.72,243,240
143.73,245,246
143.78,263,263
143.78,260,262
143.78,277,276
143.78,271,272
143.78,280,280
143.79,275,273
143.8,278,277
143.86,269,268
143.86,268,268
143.86,258,257
143.86,254,254
143.86,247,243
143.86,239,241
143.86,252,253
143.92,261,262
143.92,272,270
143.92,271,270
143.92,279,277
143.92,273,273
143.92,281,279
143.93,271,270
143.98,272,271
143.98,260,260
143.98,260,260
143.98,247,245
143.98,241,240
143.98,244,245
143.99,261,263
144.04,270,269
144.04,274,276
144.04,283,281
144.04,282,282
144.04,287,287
144.05,277,276
144.06,281,279
144.12,270,268
144.12,269,267
144.12,259,258
144.12,259,258
144.12,255,254
144.12,274,276
144.12,278,277
144.18,284,286
144.18,287,287
144.18,286,288
144.18,290,288
144.18,285,285
144.18,285,285
144.19,277,277
144.25,275,272
144.25,261,259
144.25,255,256
144.25,264,266
144.25,280,281
144.25,279,279
144.25,289,291
144.31,288,287
144.31,287,288
144.31,285,284
144.31,281,281
144.31,278,274
144.31,267,268
144.32,266,264
144.37,253,252
144.37,268,269
144.37,275,277
144.37,285,286
144.37,285,284
144.38,293,292
144.38,288,285
144.44,289,289
144.44,281,278
144.44,277,276
144.44,268,266
144.44,262,260
144.44,255,253
144.45,263,266
144.51,276,275
144.51,281,282
144.51,289,288
144.51,285,286
144.51,293,292
144.51,285,284
144.52,289,287
144.57,277,275
144.57,280,279
144.57,268,265
144.57,263,263
144.57,258,258
144.57,276,278
144.58,285,284
144.64,291,292
144.64,297,297
144.64,296,297
144.64,300,298
144.64,295,296
144.64,296,295
144.65,284,284
144.7,288,287
144.7,271,270
144.7,273,272
144.7,277,277
144.7,294,295
144.7,294,293
144.71,302,303
144.78,303,302
144.78,303,305
144.78,300,299
144.78,294,294
144.78,293,292
144.78,285,284
144.78,281,280
144.84,267,267
144.84,273,274
144.84,282,284
144.84,295,296
144.84,298,298
144.84,305,306
144.84,304,302
144.9,307,306
144.9,298,297
144.9,295,296
144.9,287,286
144.9,278,279
144.9,275,272
144.91,263,264
144.97,280,280
144.97,286,288
144.97,296,296
144.97,296,296
144.97,306,305
144.97,300,300
144.97,304,305
145.03,299,297
145.03,299,298
145.03,289,287
145.03,285,284
145.03,273,272
145.03,266,267
145.04,283,283
145.09,291,291
145.09,299,298
145.09,300,302
145.09,311,310
145.09,303,302
145.1,306,305
145.11,300,300
145.17,305,304
145.17,293,292
145.17,293,293
145.17,283,279
145.17,279,278
145.17,268,268
145.17,271,272
145.23,288,288
145.23,294,293
145.23,300,299
145.23,300,301
145.23,309,307
145.23,305,304
145.24,309,308
145.29,301,300
145.29,304,302
145.29,292,290
145.29,289,290
145.29,279,277
145.29,272,273
145.3,282,284
145.35,297,298
145.35,303,301
145.35,308,309
145.35,313,310
145.35,311,312
145.36,314,313
145.37,307,307
145.43,307,306
145.43,295,294
145.43,294,293
145.43,278,279
145.43,280,279
145.43,267,265
145.43,277,280
145.5,287,287
145.5,292,294
145.5,299,299
145.5,303,304
145.5,307,304
145.5,300,302
145.5,303,301
145.56,292,291
145.56,291,289
145.56,277,276
145.56,275,273
145.56,261,261
145.56,260,261
145.56,267,268
145.62,285,285
145.62,285,286
145.62,293,295
145.62,296,296
145.62,298,299
145.62,301,298
145.63,299,298
145.68,296,295
145.68,289,288
145.68,286,285
145.68,276,275
145.68,273,272
145.69,260,261
145.7,270,270
145.75,279,279
145.75,290,292
145.75,290,291
145.75,298,300
145.75,297,297
145.75,300,300
145.76,297,294
145.82,289,289
145.82,282,281
145.82,275,275
145.82,271,270
145.82,261,260
145.82,258,256
145.83,256,258
145.88,278,279
145.88,279,279
145.88,291,291
145.88,288,286
145.88,294,295
145.88,292,290
145.89,295,295
145.95,291,290
145.95,291,289
145.95,286,283
145.95,278,277
145.95,271,271
145.95,264,265
145.96,264,261
146.01,257,259
146.01,282,282
146.01,285,285
146.01,299,300
146.01,298,299
146.01,309,309
146.02,307,305
146.07,311,310
146.07,304,303
146.07,301,301
146.07,295,294
146.07,291,290
146.08,282,281
146.09,274,274
146.15,271,269
146.15,277,280
146.15,294,295
146.15,295,296
146.15,308,307
146.15,303,303
146.15,313,313
146.22,308,306
146.22,313,312
146.22,306,303
146.22,303,302
146.22,293,292
146.22,289,289
146.22,283,280
146.28,272,272
146.28,268,266
146.28,276,280
146.28,294,295
146.28,293,294
146.28,306,305
146.29,300,301
146.3,309,307
146.31,303,301
146.31,307,306
146.37,297,294
146.37,292,293
146.37,285,282
146.37,281,280
146.37,273,271
146.37,264,264
146.38,277,276
146.43,286,286
146.43,296,294
146.43,295,296
146.43,305,304
146.43,302,302
146.44,308,306
146.45,298,298
146.5,299,298
146.5,289,287
146.5,288,287
146.5,280,277
146.5,275,274
146.5,264,263
146.51,276,279
146.57,293,291
146.57,295,296
146.57,307,305
146.57,306,306
146.57,310,310
146.57,304,304
146.58,308,307
146.64,294,293
146.64,295,294
146.64,282,281
146.64,278,279
146.64,269,266
146.64,264,264
146.64,262,263
146.7,279,280
146.7,288,286
146.7,291,290
146.7,294,295
146.7,293,294
146.7,299,297
146.71,291,291
146.76,291,291
146.76,279,279
146.76,281,281
146.76,271,270
146.76,270,269
146.76,257,255
146.77,253,254
146.83,267,266
146.83,280,280
146.83,287,286
146.83,291,291
146.83,294,294
146.83,295,295
146.84,299,298
146.9,295,293
146.9,297,295
146.9,286,284
146.9,288,286
146.9,270,270
146.9,271,269
146.9,256,254
146.96,251,251
146.96,238,238
146.96,254,258
146.96,266,266
146.96,273,272
146.96,278,276
146.97,277,278
147.03,283,282
147.03,282,281
147.03,285,283
147.03,277,276
147.03,275,274
147.03,261,261
147.03,261,260
147.09,249,246
147.09,245,243
147.09,232,230
147.09,227,227
147.09,241,240
147.09,253,253
147.1,256,257
147.15,262,263
147.15,270,269
147.15,270,270
147.15,277,276
147.15,273,272
147.16,274,272
147.17,265,263
147.23,265,264
147.23,255,254
147.23,254,253
147.23,241,240
147.23,240,242
147.23,255,256
147.23,265,267
147.29,274,272
147.29,277,278
147.29,281,280
147.29,286,284
147.29,289,287
147.29,281,280
147.3,280,277
147.35,265,265
147.35,266,265
147.35,253,250
147.35,252,250
147.35,237,235
147.35,235,236
147.36,245,246
147.42,258,260
147.42,265,264
147.42,274,274
147.42,276,276
147.42,277,278
147.42,279,279
147.43,270,271
147.49,273,270
147.49,259,259
147.49,261,258
147.49,247,245
147.49,248,245
147.49,233,231
147.49,246,248
147.56,256,256
147.56,265,265
147.56,268,267
147.56,272,273
147.56,277,274
147.56,275,274
147.56,278,274
147.62,267,267
147.62,267,264
147.62,254,254
147.62,254,253
147.62,241,241
147.62,245,243
147.62,229,230
147.68,253,255
147.68,261,258
147.68,272,274
147.68,276,274
147.68,279,281
147.68,282,281
147.69,283,282
147.74,282,281
147.74,274,274
147.74,275,272
147.74,265,265
147.74,264,263
147.75,255,255
147.76,253,253
147.81,251,252
147.81,273,274
147.81,273,274
147.81,286,287
147.81,287,286
147.81,290,292
147.82,294,291
147.88,292,292
147.88,288,287
147.88,282,282
147.88,280,279
147.88,270,270
147.88,269,269
147.89,259,258
147.95,262,262
147.95,272,274
147.95,288,288
147.95,288,286
147.95,297,296
147.95,295,292
147.95,295,295
148.01,289,286
148.01,285,286
148.01,279,277
148.01,272,273
148.01,266,264
148.01,258,259
148.02,258,258
148.07,268,270
148.07,287,285
148.07,286,287
148.07,296,297
148.07,293,294
148.08,302,303
148.08,298,297
148.13,304,303
148.13,295,292
148.13,293,294
148.13,288,286
148.13,283,282
148.14,276,275
148.15,271,270
148.21,274,274
148.21,287,289
148.21,301,300
148.21,299,299
148.21,310,310
148.21,307,306
148.21,316,315
148.28,309,307
148.28,309,308
148.28,300,298
148.28,295,296
148.28,287,285
148.28,282,282
148.28,275,272
148.34,263,263
148.34,262,261
148.34,275,277
148.34,286,285
148.34,283,285
148.34,294,295
148.35,289,290
148.4,297,297
148.4,288,287
148.4,290,288
148.4,280,278
148.4,278,276
148.4,266,264
148.41,260,260
148.46,250,248
148.46,244,245
148.46,252,252
148.46,265,264
148.46,271,270
148.47,272,274
148.48,281,280
148.54,275,275
148.54,281,281
148.54,274,273
148.54,275,274
148.54,264,262
148.54,261,261
148.54,253,250
148.6,247,247
148.6,240,238
148.6,234,233
148.6,231,231
148.6,247,248
148.6,258,259
148.61,262,263
148.67,275,274
148.67,271,271
148.67,276,276
148.67,272,273
148.67,278,278
148.67,272,271
148.67,273,272
148.73,263,260
148.73,261,260
148.73,252,251
148.73,247,247
148.73,241,240
148.73,237,239
148.74,260,260
148.79,267,267
148.79,277,276
148.79,276,277
148.79,284,284
148.79,278,279
148.8,286,286
148.8,279,278
148.87,280,280
148.87,270,269
148.87,268,268
148.87,261,260
148.87,256,256
148.87,250,248
148.87,265,266
148.93,281,279
148.93,283,284
148.93,291,291
148.93,291,290
148.93,299,298
148.93,292,292
148.94,294,293
148.99,285,283
148.99,284,282
148.99,270,269
148.99,268,268
148.99,258,256
148.99,260,263
149.0,275,275
149.05,281,282
149.05,286,286
149.05,288,289
149.05,292,291
149.05,288,289
149.06,291,288
149.07,284,282
149.13,285,281
149.13,273,271
149.13,271,270
149.13,256,255
149.13,256,256
149.13,246,246
149.13,267,267
149.19,269,269
149.19,275,276
149.19,280,278
149.19,280,280
149.19,279,278
149.19,275,276
149.2,275,273
149.25,266,265
149.25,269,266
149.26,255,254
149.26,254,253
149.26,243,240
149.26,244,244
149.26,253,254
149.32,266,267
149.32,266,266
149.32,272,273
149.32,273,273
149.32,275,274
149.32,272,271
149.33,265,265
149.38,264,264
149.38,254,254
149.38,252,250
149.38,241,240
149.38,241,238
149.39,230,233
149.39,254,256
149.46,257,255
149.46,267,266
149.46,266,266
149.46,271,271
149.46,269,267
149.46,266,266
149.46,262,260
149.52,254,255
149.52,253,252
149.52,243,244
149.52,241,240
149.52,231,230
149.52,238,237
149.53,246,248
149.58,259,260
149.58,259,259
149.58,267,267
149.58,264,262
149.58,268,268
149.58,260,258
149.59,257,256
149.64,251,248
149.64,244,243
149.64,243,239
149.64,231,230
149.64,230,227
149.65,234,237
149.66,256,255
149.72,256,256
149.72,267,266
149.72,263,262
149.72,270,270
149.72,263,261
149.72,263,263
149.72,254,253
149.79,254,255
149.79,249,246
149.79,241,240
149.79,239,235
149.79,234,235
149.79,255,256
149.79,260,262
149.85,272,271
149.85,270,271
149.85,280,280
149.85,274,274
149.85,278,276
149.85,268,268
149.85,270,271
149.91,260,258
149.91,261,260
149.91,254,251
149.91,250,249
149.91,244,244
149.91,262,265
149.92,273,273
149.97,278,278
149.97,289,288
149.97,284,284
149.97,290,290
149.97,283,281
149.98,284,283
149.98,272,272
150.04,273,271
150.04,265,262
150.04,263,262
150.04,253,250
150.04,256,257
150.04,271,272
150.05,280,282
150.11,289,288
150.11,290,291
150.11,295,294
150.11,293,292
150.11,294,293
150.11,285,284
150.11,286,284
150.18,270,270
150.18,272,271
150.18,258,255
150.18,256,254
150.18,258,259
150.18,278,280
150.18,282,282
150.24,287,287
150.24,289,288
150.24,286,287
150.24,289,287
150.24,279,280
150.24,282,281
150.25,273,272
150.3,271,271
150.3,260,260
150.3,260,259
150.3,249,250
150.3,272,273
150.3,278,278
150.31,287,288
150.36,290,289
150.36,291,290
150.36,291,289
150.36,285,286
150.36,284,283
150.37,281,279
150.38,280,277
150.44,269,270
150.44,271,270
150.44,258,257
150.44,265,266
150.44,277,279
150.44,294,294
150.44,293,293
150.5,301,302
150.5,300,300
150.5,302,302
150.5,297,296
150.5,295,294
150.5,289,288
150.51,283,282
150.57,282,280
150.57,272,270
150.57,270,268
150.57,266,267
150.57,288,289
150.57,289,289
150.57,300,301
150.63,298,298
150.63,304,304
150.63,299,297
150.63,298,297
150.63,288,286
150.63,284,285
150.64,276,274
150.69,266,267
150.69,264,261
150.69,251,250
150.69,259,259
150.69,270,271
150.7,283,282
150.7,282,281
150.77,291,290
150.77,286,284
150.77,288,286
150.77,276,276
150.77,277,277
150.77,266,265
150.77,264,263
150.83,259,257
150.83,250,252
150.83,247,246
150.83,259,260
150.83,274,275
150.83,279,279
150.84,288,287
150.89,284,285
150.89,293,292
150.89,285,283
150.89,288,286
150.89,275,275
150.89,279,277
150.9,266,265
150.95,265,264
150.95,258,254
150.95,259,262
150.95,276,276
150.95,277,277
150.96,283,282
150.97,283,283
151.03,284,282
151.03,271,271
151.03,271,271
151.03,261,261
151.03,263,261
151.03,248,248
151.03,248,247
151.1,238,236
151.1,241,244
151.1,257,258
151.1,266,268
151.1,273,271
151.1,273,274
151.1,278,275
151.16,272,273
151.16,273,270
151.16,264,263
151.16,266,265
151.16,256,254
151.16,258,256
151.16,245,245
151.22,245,246
151.22,259,259
151.22,275,275
151.22,275,274
151.22,280,281
151.22,285,283
151.23,281,282
151.28,279,277
151.28,275,274
151.28,272,270
151.28,260,261
151.28,262,261
151.29,252,251
151.29,253,252
151.35,257,258
151.35,276,276
151.35,270,271
151.35,283,283
151.35,281,279
151.35,282,282
151.36,278,276
151.42,274,274
151.42,272,271
151.42,268,267
151.42,265,262
151.42,257,256
151.42,255,254
151.43,256,259
151.49,279,279
151.49,279,280
151.49,289,289
151.49,287,286
151.49,293,292
151.49,285,283
151.49,286,285
151.55,282,279
151.55,277,277
151.55,271,270
151.55,265,264
151.55,261,258
151.55,261,262
151.56,282,282
151.61,283,282
151.61,294,292
151.61,290,289
151.61,293,293
151.61,284,282
151.61,287,286
151.62,277,275
151.67,277,276
151.67,267,266
151.67,262,263
151.67,258,257
151.67,256,256
151.68,272,272
151.69,278,281
151.74,290,290
151.74,287,286
151.74,292,290
151.74,283,282
151.74,286,285
151.75,275,274
151.75,276,276
151.81,267,265
151.81,266,266
151.81,254,253
151.81,251,250
151.81,252,253
151.81,271,271
151.82,276,276
151.88,280,280
151.88,287,285
151.88,280,281
151.88,284,283
151.88,273,272
151.88,274,274
151.88,265,264
151.94,265,265
151.94,254,253
151.94,255,253
151.94,244,244
151.94,265,267
151.94,270,270
151.95,278,278
152.0,279,279
152.0,276,279
152.0,279,275
152.0,269,271
152.0,271,269
152.01,265,264
152.02,263,263
152.08,254,254
152.08,256,254
152.08,243,242
152.08,260,263
152.08,271,270
152.08,279,281
152.08,283,282
152.14,286,286
152.14,283,281
152.14,276,276
152.14,274,272
152.14,264,265
152.14,264,262
152.15,254,256
152.21,252,251
152.21,242,242
152.21,251,252
152.21,263,263
152.21,276,276
152.21,275,274
152.21,281,279
152.27,274,273
152.27,275,276
152.27,269,268
152.27,269,268
152.27,264,263
152.27,258,256
152.28,254,252
152.33,247,246
152.33,247,248
152.33,264,266
152.33,280,278
152.33,277,277
152.33,286,287
152.34,281,279
152.41,282,282
152.41,277,276
152.41,277,275
152.41,271,268
152.41,266,267
152.41,260,257
152.41,250,250
152.47,247,247
152.47,255,257
152.47,274,273
152.47,273,273
152.47,281,281
152.47,275,275
152.47,279,278
152.53,271,270
152.53,273,272
152.53,260,258
152.53,261,260
152.53,252,250
152.53,250,251
152.54,244,243
152.59,243,244
152.59,262,263
152.59,270,270
152.59,276,276
152.59,274,276
152.6,279,279
152.61,272,273
152.66,276,275
152.66,266,266
152.66,269,268
152.66,258,258
152.66,260,261
152.66,250,250
152.67,250,252
152.73,258,259
152.73,274,275
152.73,280,280
152.73,282,284
152.73,287,286
152.73,283,282
152.74,286,284
152.8,278,278
152.8,279,279
152.8,270,271
152.8,273,272
152.8,264,262
152.8,265,264
152.8,260,259
152.86,282,283
152.86,287,287
152.86,296,296
152.86,299,297
152.86,298,298
152.86,296,294
152.87,291,292
152.92,293,291
152.92,284,285
152.92,287,286
152.92,276,277
152.92,279,278
152.92,269,269
152.93,284,286
152.98,296,295
152.98,305,306
152.98,307,306
152.98,313,312
152.98,307,306
152.99,305,305
153.0,303,302
153.06,298,298
153.06,298,297
153.06,289,289
153.06,291,290
153.06,282,282
153.06,290,290
153.06,303,303
153.12,316,316
153.12,311,311
153.12,319,319
153.12,313,312
153.12,315,314
153.12,307,305
153.13,304,304
153.19,302,299
153.19,294,294
153.19,292,291
153.19,284,283
153.19,294,293
153.19,303,302
153.19,313,314
153.25,309,308
153.25,315,314
153.25,306,306
153.25,308,308
153.25,300,299
153.25,299,298
153.26,293,292
153.33,291,290
153.33,284,282
153.33,279,277
153.33,278,280
153.33,295,297
153.33,305,305
153.33,302,303
153.39,307,305
153.39,296,296
153.39,296,296
153.39,288,287
153.39,288,289
153.39,279,279
153.39,282,281
153.45,271,269
153.45,269,268
153.45,261,260
153.45,276,278
153.45,287,285
153.45,284,286
153.46,288,285
153.51,281,281
153.51,283,281
153.51,271,271
153.51,275,272
153.51,262,262
153.51,266,265
153.52,254,254
153.57,256,254
153.58,244,243
153.58,251,252
153.58,268,268
153.58,277,276
153.58,276,275
153.59,278,277
153.65,274,273
153.65,269,268
153.65,270,268
153.65,262,262
153.65,261,260
153.65,253,252
153.65,252,252
153.71,242,241
153.71,242,242
153.71,248,249
153.71,266,268
153.71,267,266
153.71,270,271
153.72,270,268
153.78,266,266
153.78,264,261
153.78,259,259
153.78,257,255
153.78,248,248
153.78,250,248
153.78,240,239
153.84,241,240
153.84,237,239
153.84,263,263
153.84,261,261
153.84,270,269
153.84,265,265
153.85,266,267
153.9,263,260
153.9,260,261
153.9,257,256
153.9,253,252
153.9,252,250
153.91,244,244
153.92,248,245
153.98,238,240
153.98,262,264
153.98,267,266
153.98,275,274
153.98,268,268
153.98,272,272
153.99,269,266
153.99,268,269
154.0,265,264
154.01,263,264
154.07,260,258
154.07,257,258
154.07,255,253
154.07,248,248
154.07,253,253
154.07,267,268
154.08,280,280
154.14,278,277
154.14,284,282
154.14,275,273
154.14,280,278
154.14,270,270
154.14,271,271
154.14,265,262
154.2,265,264
154.2,257,256
154.2,253,254
154.2,249,247
154.2,247,251
154.2,273,271
154.21,269,271
154.26,277,276
154.26,274,272
154.26,275,275
154.26,266,266
154.26,271,270
154.26,264,262
154.27,265,264
154.32,259,257
154.32,259,258
154.32,254,252
154.32,250,249
154.32,244,243
154.33,257,260
154.34,271,270
154.39,268,269
154.39,274,274
154.39,267,268
154.39,271,271
154.39,262,262
154.4,266,264
154.4,254,253
154.47,254,252
154.47,243,242
154.47,244,244
154.47,236,235
154.47,235,235
154.47,234,233
154.47,250,252
154.53,259,258
154.53,258,259
154.53,261,261
154.53,257,257
154.53,261,259
154.53,252,252
154.53,259,257
154.59,250,248
154.59,252,252
154.59,244,244
154.59,245,245
154.59,239,237
154.59,238,239
154.6,236,238
154.65,257,259
154.65,265,264
154.65,265,267
154.65,272,270
154.65,266,267
154.66,272,270
154.67,264,264
154.72,270,268
154.72,260,260
154.72,264,264
154.72,257,255
154.72,258,258
154.72,254,251
154.73,254,255
154.79,265,265
154.79,278,279
154.79,281,280
154.79,282,282
154.79,281,279
154.79,275,275
154.8,277,276
154.85,269,269
154.85,274,272
154.86,265,265
154.86,269,268
154.86,261,262
154.86,267,265
154.86,257,255
154.92,257,258
154.92,261,261
154.92,278,278
154.92,280,279
154.92,282,281
154.92,284,282
154.93,279,277
154.98,280,280
154.98,274,273
154.98,276,275
154.98,270,269
154.98,275,274
154.98,265,265
154.99,267,267
155.04,261,260
155.04,262,262
155.04,258,258
155.04,275,277
155.04,285,285
155.05,284,285
155.06,287,286
155.12,286,287
155.12,289,286
155.12,285,284
155.12,287,287
155.12,281,280
155.12,284,285
155.12,278,277
155.18,284,284
155.18,283,282
155.18,298,297
155.18,292,291
155.18,298,298
155.19,294,293
155.19,291,292
155.25,291,290
155.25,286,287
155.25,289,287
155.25,282,281
155.25,283,281
155.25,276,276
155.26,278,278
155.31,272,271
155.31,275,275
155.31,268,267
155.31,287,288
155.31,294,294
155.31,298,299
155.32,300,300
155.37,302,302
155.37,301,299
155.37,295,296
155.37,298,297
155.37,292,292
155.38,295,293
155.39,288,288
155.45,291,289
155.45,285,283
155.45,286,286
155.45,280,279
155.45,282,283
155.45,277,274
155.45,279,278
155.51,274,273
155.51,278,279
155.51,277,275
155.51,277,277
155.51,277,276
155.51,275,275
155.52,278,277
155.57,275,275
155.57,279,279
155.57,272,272
155.57,279,277
155.57,275,274
155.57,281,280
155.58,275,274
155.64,278,279
155.64,276,274
155.64,277,276
155.64,275,274
155.64,274,275
155.64,274,274
155.65,272,272
155.7,275,273
155.7,271,271
155.7,274,273
155.7,270,271
155.7,277,275
155.71,271,270
155.71,276,276
155.78,271,271
155.78,278,278
155.78,273,273
155.78,279,279
155.78,277,276
155.78,280,279
155.78,281,278
155.84,278,279
155.84,280,279
155.84,277,277
155.84,278,280
155.84,277,278
155.84,284,282
155.85,278,278
155.9,283,283
155.9,277,277
155.9,285,284
155.9,279,278
155.9,285,285
155.9,282,281
155.91,286,286
155.97,283,282
155.97,284,285
155.97,287,285
155.97,285,286
155.97,291,288
155.97,284,285
155.98,292,291
156.03,286,286
156.03,290,291
156.03,286,285
156.03,293,292
156.03,286,286
156.03,293,294
156.04,289,288
156.09,292,292
156.09,290,289
156.09,291,292
156.09,292,292
156.09,290,291
156.1,293,291
156.11,289,288
156.16,294,292
156.16,287,289
156.16,295,294
156.16,287,287
156.16,293,292
156.16,286,285
156.17,291,291
156.23,287,287
156.23,291,292
156.23,291,289
156.23,289,289
156.23,289,286
156.23,288,288
156.24,289,288
156.29,286,287
156.29,291,288
156.29,284,284
156.29,290,289
156.29,284,283
156.3,289,289
156.3,283,282
156.36,288,288
156.36,283,281
156.36,286,286
156.36,284,283
156.36,286,285
156.36,286,284
156.37,284,285
156.43,282,281
156.43,283,282
156.43,285,283
156.43,278,278
156.43,286,284
156.43,279,279
156.43,285,285
156.5,281,280
156.5,286,285
156.5,279,278
156.5,283,284
156.5,282,279
156.5,283,283
156.5,281,280
156.56,281,281
156.56,282,279
156.56,279,279
156.56,282,280
156.56,279,278
156.56,282,280
156.57,277,278
156.62,286,284
156.62,277,277
156.62,283,282
156.62,277,276
156.62,282,282
156.62,276,276
156.63,281,282
156.68,277,276
156.68,278,278
156.68,280,279
156.68,278,278
156.68,281,279
156.69,276,277
156.7,280,279
156.76,278,277
156.76,280,280
156.76,275,274
156.76,280,280
156.76,274,274
156.76,281,280
156.76,273,273
156.82,277,278
156.82,273,272
156.82,274,275
156.82,276,274
156.82,273,275
156.82,276,276
156.83,276,275
156.89,278,278
156.89,276,276
156.89,283,280
156.89,272,274
156.89,281,280
156.89,275,274
156.89,281,280
156.95,276,274
156.95,282,282
156.95,278,277
156.95,279,280
156.95,279,277
156.95,277,279
156.96,280,279
157.01,280,279
157.01,280,280
157.01,277,276
157.01,278,278
157.01,274,274
157.02,280,280
157.02,274,274
157.09,281,280
157.09,274,274
157.09,280,280
157.09,275,274
157.09,280,280
157.09,276,276
157.09,279,279
157.15,279,277
157.15,276,277
157.15,280,277
157.15,276,277
157.15,283,280
157.15,275,274
157.16,282,280
157.21,273,271
157.21,277,277
157.21,274,272
157.21,279,278
157.21,274,273
157.21,278,279
157.22,274,272
157.28,277,277
157.28,274,273
157.28,273,274
157.28,277,274
157.28,274,274
157.28,276,276
157.29,274,273
157.34,277,277
157.34,271,272
157.34,280,278
157.34,273,273
157.34,281,279
157.34,275,274
157.35,278,278
157.42,274,274
157.42,277,278
157.42,276,275
157.42,275,276
157.42,276,276
157.42,273,275
157.42,279,277
157.48,271,273
157.48,278,277
157.48,268,270
157.48,279,278
157.48,270,271
157.48,276,276
157.48,270,270
157.54,277,276
157.54,271,271
157.54,275,274
157.54,270,269
157.54,272,273
157.54,273,271
157.55,272,272
157.6,273,271
157.6,268,270
157.6,273,271
157.6,268,268
157.6,270,269
157.61,266,264
157.61,270,268
157.67,263,262
157.67,268,268
157.67,263,263
157.67,266,266
157.67,265,263
157.67,265,265
157.68,263,263
157.73,262,264
157.73,267,264
157.73,263,262
157.73,266,266
157.73,261,262
157.74,267,267
157.75,262,262
157.81,269,268
157.81,263,262
157.81,267,267
157.81,261,261
157.81,267,268
157.81,263,262
157.81,266,267
157.87,267,265
157.87,266,267
157.87,266,264
157.87,265,265
157.87,268,267
157.87,264,263
157.88,268,268
157.93,263,263
157.93,269,269
157.93,261,260
157.93,267,266
157.93,260,260
157.93,266,265
157.94,258,258
157.99,262,263
157.99,263,260
157.99,261,261
157.99,260,259
157.99,259,260
158.0,263,261
158.01,255,256
158.07,261,259
158.07,256,257
158.07,261,261
158.07,254,254
158.07,261,260
158.07,255,255
158.07,261,260
158.13,255,255
158.13,258,258
158.13,256,254
158.13,260,260
158.13,258,257
158.13,256,256
158.14,261,259
158.19,256,257
158.2,263,262
158.2,257,258
158.2,265,263
158.2,257,257
158.2,265,264
158.2,258,257
158.26,264,264
158.26,260,260
158.26,263,264
158.26,261,260
158.26,262,264
158.26,263,261
158.27,263,264
158.32,265,263
158.32,262,263
158.32,266,265
158.32,261,261
158.32,267,267
158.33,262,262
158.34,267,265
158.4,261,261
158.4,267,266
158.4,261,260
158.4,265,266
158.4,263,260
158.4,267,266
158.4,262,262
158.46,265,264
158.46,267,265
158.46,266,265
158.46,267,266
158.46,264,264
158.46,270,268
158.47,264,264
158.52,269,268
158.52,263,262
158.52,271,270
158.52,265,265
158.52,271,272
158.52,268,266
158.53,268,270
158.58,270,269
158.58,273,272
158.58,273,271
158.58,270,272
158.58,273,272
158.59,269,270
158.6,275,272
158.66,267,268
158.66,274,273
158.66,271,268
158.66,275,274
158.66,268,268
158.66,274,274
158.66,270,268
158.72,272,272
158.72,269,268
158.72,271,271
158.72,269,268
158.72,270,270
158.72,270,269
158.73,267,267
158.79,271,270
158.79,266,265
158.79,272,269
158.79,264,266
158.79,273,271
158.79,267,266
158.79,273,271
158.85,266,265
158.85,270,271
158.85,266,266
158.85,271,270
158.85,267,266
158.85,267,267
158.86,267,267
158.91,267,265
158.91,269,267
158.91,266,264
158.91,270,270
158.91,264,262
158.92,268,267
158.93,262,261
158.99,267,266
158.99,262,261
158.99,265,264
158.99,260,259
158.99,262,264
158.99,261,258
158.99,260,261
159.05,261,259
159.05,258,257
159.05,261,259
159.05,254,254
159.05,258,256
159.05,251,251
159.06,255,255
159.11,251,250
159.11,254,255
159.11,247,246
159.11,250,252
159.11,247,246
159.11,250,252
159.12,250,247
159.18,248,249
159.18,249,247
159.18,248,248
159.18,248,248
159.18,246,245
159.18,247,246
159.19,243,242
159.24,245,245
159.24,240,240
159.24,245,244
159.24,239,239
159.24,245,246
159.24,240,239
159.25,245,244
159.3,242,241
159.3,245,246
159.3,247,245
159.3,245,247
159.3,250,249
159.31,248,249
159.32,252,251
159.38,249,249
159.38,253,252
159.38,249,249
159.38,258,256
159.38,250,250
159.38,256,256
159.38,253,252
159.44,258,258
159.44,256,254
159.44,258,259
159.44,257,256
159.44,258,259
159.44,263,261
159.45,260,261
159.51,265,264
159.51,260,262
159.51,267,265
159.51,262,263
159.51,272,269
159.51,266,267
159.51,271,272
159.57,271,269
159.57,278,277
159.57,273,272
159.57,279,278
159.57,279,277
159.57,280,281
159.58,281,281
159.63,281,280
159.63,284,282
159.63,282,283
159.63,286,285
159.63,280,281
159.64,288,287
159.65,282,281
159.71,289,289
159.71,283,282
159.71,288,289
159.71,287,284
159.71,289,290
159.71,288,287
159.71,291,292
159.77,292,290
159.77,291,292
159.77,292,292
159.77,291,291
159.77,297,296
159.77,294,295
159.78,300,299
159.83,295,295
159.83,300,300
159.83,296,295
159.83,301,301
159.83,299,298
159.83,300,302
159.84,300,300
159.89,304,304
159.89,302,302
159.89,305,305
159.89,304,303
159.89,303,303
159.9,304,303
159.91,300,300
159.97,304,304
159.97,301,300
159.97,305,304
159.97,298,298
159.97,305,305
159.97,298,298
159.97,303,304
160.03,302,300
160.03,302,303
160.03,299,298
160.03,301,300
160.03,299,298
160.03,299,298
160.04,300,299
160.1,296,296
160.1,299,299
160.1,294,293
160.1,297,297
160.1,293,293
160.1,298,298
160.1,294,292
160.16,298,298
160.16,295,293
160.16,295,295
160.16,294,291
160.16,294,294
160.16,294,292
160.17,291,292
160.22,294,291
160.22,291,290
160.22,294,292
160.22,288,288
160.22,291,290
160.23,287,286
160.24,291,290
160.3,286,284
160.3,289,290
160.3,284,284
160.3,287,286
160.3,282,282
160.3,286,286
160.3,283,282
160.36,283,282
160.36,282,281
160.36,278,279
160.36,283,282
160.36,276,277
160.36,281,280
160.37,275,275
160.43,280,279
160.43,273,273
160.43,280,279
160.43,273,272
160.43,277,277
160.43,272,273
160.43,276,276
160.49,275,273
160.49,272,273
160.49,275,274
160.49,273,273
160.49,274,274
160.49,272,271
160.5,276,275
160.55,271,272
160.55,276,276
160.55,272,271
160.55,277,278
160.55,272,271
160.56,277,278
160.56,273,273
160.63,278,278
160.63,274,274
160.63,276,276
160.63,277,275
160.63,275,275
160.63,279,277
160.63,273,273
160.69,279,278
160.69,275,273
160.69,281,280
160.69,274,275
160.69,281,280
160.69,276,275
160.69,279,281
160.75,277,277
160.75,280,281
160.75,276,276
160.75,279,280
160.75,281,278
160.75,278,279
160.76,280,280
160.81,279,278
160.81,281,280
160.81,276,277
160.81,283,282
160.81,278,278
160.82,282,283
160.83,278,277
160.88,283,284
160.88,279,278
160.88,286,284
160.88,282,281
160.88,284,283
160.88,281,280
160.89,282,283
160.95,285,284
160.95,282,282
160.96,285,283
160.96,279,280
160.96,286,284
160.96,279,279
160.96,284,284
161.02,278,277
161.02,282,283
161.02,278,277
161.02,281,280
161.02,277,277
161.02,282,281
161.02,276,276
161.08,280,280
161.08,279,277
161.08,276,277
161.08,280,279
161.08,276,276
161.08,281,279
161.09,274,273
161.14,278,277
161.14,272,272
161.14,278,278
161.14,273,271
161.14,276,276
161.14,272,272
161.15,277,277
161.21,273,271
161.21,274,275
161.21,273,272
161.21,273,273
161.21,277,274
161.21,273,274
161.22,277,276
161.27,271,272
161.27,279,277
161.27,272,271
161.27,277,277
161.27,274,272
161.28,277,277
161.28,271,271
161.35,277,278
161.35,274,273
161.35,276,275
161.35,275,274
161.35,275,275
161.35,277,275
161.35,274,276
161.41,280,277
161.41,276,276
161.41,279,279
161.41,274,274
161.41,279,278
161.41,273,271
161.42,277,278
161.47,273,272
161.47,277,277
161.47,273,273
161.47,279,278
161.47,274,272
161.47,276,277
161.48,278,276
161.53,273,274
161.53,276,276
161.53,272,273
161.53,278,277
161.53,272,273
161.54,279,277
161.55,272,272
161.56,277,276
161.57,273,272
161.58,276,276
161.63,272,272
161.63,276,275
161.63,272,272
161.63,272,273
161.63,273,273
161.63,271,272
161.64,273,271
161.69,269,270
161.69,274,272
161.69,268,269
161.69,273,272
161.69,267,267
161.7,272,272
161.71,266,266
161.77,274,273
161.77,266,264
161.77,268,269
161.77,264,264
161.77,266,267
161.77,263,263
161.77,264,264
161.83,264,264
161.83,264,263
161.83,265,265
161.83,262,263
161.83,267,266
161.83,260,260
161.84,264,265
161.9,262,261
161.9,266,266
161.9,262,260
161.9,264,265
161.9,260,259
161.9,263,264
161.9,261,260
161.96,263,262
161.96,264,262
161.96,261,261
161.96,263,262
161.96,258,258
161.96,264,262
161.97,256,256
162.02,262,261
162.02,257,256
162.02,263,262
162.02,256,256
162.02,263,262
162.03,254,254
162.03,263,262
162.1,259,257
162.1,260,260
162.1,262,260
162.1,259,259
162.1,263,262
162.1,261,260
162.1,261,260
162.16,259,258
162.16,262,262
162.16,256,258
162.16,264,262
162.16,256,255
162.16,263,262
162.16,258,256
162.22,261,260
162.22,257,256
162.22,256,258
162.22,259,257
162.22,258,257
162.22,262,260
162.23,256,258
162.28,262,261
162.28,257,257
162.28,264,264
162.28,258,258
162.28,263,263
162.29,258,258
162.3,263,263
162.35,257,256
162.35,260,262
162.35,259,258
162.35,261,261
162.35,258,257
162.35,258,260
162.36,261,259
162.43,255,257
162.43,260,259
162.43,256,256
162.43,261,260
162.43,256,255
162.43,262,260
162.43,254,254
162.49,262,261
162.49,257,256
162.49,260,260
162.49,255,254
162.49,258,259
162.49,257,256
162.49,259,258
162.55,260,258
162.55,257,258
162.55,261,260
162.55,262,261
162.55,265,265
162.55,262,261
162.56,265,264
162.61,260,261
162.61,267,266
162.61,261,261
162.61,266,267
162.61,262,261
162.62,267,266
162.62,264,264
162.67,267,266
162.67,266,266
162.67,265,265
162.67,267,265
162.67,265,265
162.68,268,267
162.69,263,264
162.75,269,268
162.75,266,264
162.75,270,271
162.75,265,265
162.75,271,271
162.75,267,266
162.75,271,272
162.81,270,269
162.81,271,272
162.81,272,270
162.81,273,273
162.81,275,273
162.81,272,273
162.82,276,276
162.87,274,273
162.87,277,277
162.87,274,273
162.87,280,279
162.87,273,272
162.88,279,278
162.89,271,272
162.94,278,278
162.94,275,274
162.94,276,276
162.94,277,275
162.94,277,277
162.94,278,276
162.95,275,277
163.0,279,277
163.0,271,272
163.0,276,276
163.0,272,272
163.0,276,276
163.01,271,271
163.02,276,276
163.08,270,270
163.08,277,276
163.08,271,269
163.08,273,274
163.08,271,270
163.08,271,272
163.08,270,270
163.14,270,270
163.14,270,270
163.14,269,269
163.14,272,271
163.14,271,269
163.14,273,273
163.15,269,268
163.2,273,273
163.2,268,270
163.2,274,275
163.2,271,269
163.2,274,275
163.21,273,271
163.21,273,274
163.26,273,272
163.26,274,273
163.27,273,272
163.27,273,272
163.27,275,273
163.27,270,270
163.28,275,273
163.34,267,267
163.34,273,273
163.34,269,267
163.34,270,271
163.34,266,265
163.34,269,270
163.34,265,265
163.41,269,269
163.41,266,265
163.41,268,268
163.41,270,268
163.41,266,267
163.41,270,270
163.41,267,267
163.47,272,272
163.47,267,266
163.47,273,274
163.47,269,267
163.47,274,274
163.47,271,269
163.48,275,274
163.53,270,270
163.53,274,274
163.53,270,270
163.53,273,274
163.53,275,274
163.53,274,275
163.54,278,278
163.59,278,277
163.59,279,279
163.59,278,277
163.59,283,283
163.59,277,277
163.6,284,284
163.61,279,281
163.67,288,286
163.67,284,284
163.67,290,290
163.67,289,287
163.67,292,293
163.67,289,290
163.67,293,293
163.73,296,295
163.73,295,295
163.73,301,299
163.73,297,297
163.73,301,301
163.73,295,296
163.74,305,303
163.8,299,298
163.8,304,304
163.8,300,299
163.8,305,306
163.8,304,302
163.8,306,306
163.8,304,304
163.86,306,305
163.86,306,305
163.86,305,306
163.86,310,311
163.86,307,308
163.86,311,310
163.87,305,305
163.93,309,309
163.93,303,302
163.93,308,308
163.93,303,302
163.93,307,306
163.93,303,302
163.93,305,306
164.0,304,303
164.0,309,309
164.0,307,305
164.0,305,306
164.0,306,306
164.0,303,305
164.0,308,306
164.06,304,303
164.06,308,307
164.06,304,303
164.06,310,309
164.06,302,302
164.06,306,306
164.07,301,301
164.12,306,304
164.12,302,301
164.12,305,304
164.12,302,301
164.12,303,302
164.12,303,300
164.13,299,299
164.18,303,301
164.18,294,295
164.18,301,300
164.18,294,294
164.18,300,300
164.19,294,295
164.2,301,300
164.26,295,295
164.26,300,300
164.26,295,294
164.26,298,298
164.26,296,296
164.26,294,295
164.26,296,295
164.32,293,292
164.32,292,292
164.32,289,290
164.32,293,291
164.32,287,285
164.32,289,289
164.33,285,284
164.38,290,290
164.38,286,284
164.38,288,288
164.38,285,283
164.38,289,288
164.38,284,284
164.39,288,287
164.45,284,283
164.45,283,284
164.45,285,284
164.45,282,283
164.45,288,287
164.45,282,282
164.46,289,287
164.51,281,282
164.51,288,287
164.51,281,281
164.51,287,286
164.51,281,279
164.52,284,284
164.52,282,280
164.59,280,281
164.59,281,280
164.59,278,278
164.59,279,278
164.59,276,277
164.59,281,278
164.59,275,275
164.65,279,279
164.65,272,273
164.65,280,280
164.65,277,277
164.65,286,285
164.65,280,279
164.66,286,284
164.71,282,281
164.71,284,285
164.71,281,281
164.71,283,284
164.71,282,282
164.71,281,281
164.72,282,281
164.77,279,279
164.77,283,282
164.78,277,278
164.78,284,284
164.78,278,279
164.78,284,285
164.79,282,280
164.84,284,285
164.84,280,278
164.84,283,282
164.84,281,279
164.84,282,282
164.84,282,280
164.85,281,282
164.91,283,281
164.91,279,280
164.91,282,282
164.91,279,278
164.91,283,283
164.92,282,280
164.92,285,285
164.98,280,278
164.98,284,284
164.98,279,277
164.98,283,283
164.98,279,279
164.98,283,284
164.98,282,281
165.04,282,283
165.04,285,282
165.04,282,281
165.04,285,284
165.04,281,282
165.04,288,287
165.05,282,282
165.1,287,288
165.1,284,283
165.1,289,289
165.1,285,282
165.1,287,286
165.11,284,284
165.11,289,288
165.17,284,283
165.17,286,286
165.17,284,284
165.17,285,285
165.17,286,286
165.17,283,283
165.18,286,286
165.24,281,281
165.24,286,286
165.24,280,280
165.24,288,287
165.24,279,279
165.24,285,285
165.24,280,279
165.3,286,286
165.31,283,281
165.31,284,284
165.31,283,282
165.31,282,282
165.31,284,283
165.31,279,281
165.37,285,283
165.37,281,279
165.37,285,283
165.37,276,276
165.37,285,284
165.37,277,275
165.38,281,280
165.43,274,273
165.43,280,279
165.43,275,273
165.43,278,279
165.43,277,275
165.43,278,280
165.44,280,278
165.49,277,277
165.49,279,279
165.49,278,277
165.49,283,280
165.49,274,276
165.5,280,280
165.51,277,276
165.56,281,281
165.56,278,276
165.56,280,281
165.56,279,277
165.56,281,281
165.56,281,278
165.57,281,282
165.63,284,282
165.63,282,283
165.63,285,283
165.63,280,281
165.63,286,284
165.63,283,282
165.64,286,286
165.7,281,282
165.7,288,288
165.7,284,282
165.7,286,287
165.7,286,286
165.7,294,294
165.7,290,289
165.76,295,294
165.76,295,293
165.76,295,294
165.76,295,294
165.76,293,293
165.76,297,296
165.77,295,295
165.82,301,299
165.82,294,294
165.82,302,300
165.82,293,293
165.82,298,298
165.83,293,292
165.83,296,296
165.9,293,292
165.9,294,295
165.9,295,292
165.9,292,292
165.9,294,294
165.9,293,292
165.9,294,293
165.96,291,291
165.96,295,295
165.96,291,292
165.96,294,294
165.96,289,289
165.96,297,294
165.97,289,288
166.03,296,295
166.03,293,293
166.03,300,299
166.03,299,298
166.03,302,301
166.03,301,299
166.03,301,300
166.09,302,301
166.09,297,298
166.09,299,298
166.09,294,293
166.09,295,295
166.09,288,288
166.1,294,292
166.15,285,285
166.15,291,290
166.15,284,284
166.15,290,290
166.15,286,285
166.15,285,286
166.16,286,284
166.21,283,284
166.21,285,283
166.21,281,282
166.21,283,282
166.21,278,280
166.22,283,283
166.23,279,278
166.29,282,282
166.29,279,278
166.29,284,284
166.29,280,279
166.29,284,285
166.29,286,285
166.29,290,290
166.35,288,288
166.35,289,289
166.35,289,288
166.35,287,287
166.35,290,289
166.35,287,286
166.36,290,290
166.42,288,287
166.42,290,290
166.42,286,286
166.42,293,293
166.42,289,288
166.42,293,293
166.42,288,287
166.48,293,292
166.48,291,289
166.48,292,291
166.48,288,288
166.48,289,289
166.48,290,289
166.49,288,288
166.54,292,291
166.54,286,286
166.54,291,290
166.54,284,285
166.54,289,290
166.55,285,284
166.56,290,291
166.62,286,284
166.62,290,290
166.62,287,285
166.62,289,290
166.62,292,291
166.62,293,294
166.62,294,293
166.68,295,293
166.68,294,294
166.68,294,295
166.68,298,296
166.68,292,292
166.68,295,295
166.69,291,290
166.74,294,294
166.74,289,287
166.74,294,294
166.74,288,287
166.74,292,292
166.74,288,287
166.75,290,289
166.81,289,288
166.81,286,287
166.81,289,288
166.81,288,289
166.81,290,289
166.81,284,285
166.82,289,289
166.87,287,286
166.87,290,290
166.87,286,286
166.87,291,292
166.87,287,286
166.88,289,291
166.88,288,288
166.95,295,295
166.95,296,295
166.95,295,295
166.95,298,296
166.95,296,296
166.95,300,300
166.95,294,295
167.01,302,301
167.01,297,296
167.01,302,302
167.01,295,296
167.01,304,303
167.01,299,297
167.01,303,302
167.07,298,297
167.07,300,300
167.07,299,299
167.07,298,298
167.07,301,299
167.07,299,299
167.08,303,302
167.14,299,300
167.14,306,304
167.14,299,300
167.14,307,305
167.14,300,299
167.14,304,304
167.15,299,298
167.2,301,300
167.2,294,294
167.2,298,298
167.2,294,294
167.2,294,295
167.2,294,293
167.21,294,293
167.26,293,291
167.26,288,290
167.26,294,291
167.26,287,287
167.26,290,289
167.27,283,284
167.28,289,288
167.34,279,279
167.34,287,287
167.34,285,286
167.34,291,291
167.34,290,289
167.34,291,292
167.34,291,288
167.4,288,289
167.4,290,287
167.4,286,287
167.4,290,288
167.4,284,284
167.4,288,287
167.41,282,282
167.46,288,288
167.46,285,283
167.46,288,289
167.46,282,282
167.46,288,288
167.46,284,283
167.47,288,287
167.53,287,285
167.53,286,287
167.53,288,286
167.53,285,285
167.53,287,287
167.53,283,284
167.54,290,290
167.59,291,290
167.59,296,296
167.59,292,291
167.59,297,296
167.59,291,289
167.6,293,293
167.6,291,288
167.67,290,291
167.67,289,288
167.67,290,291
167.67,290,287
167.67,289,288
167.67,289,287
167.67,284,285
167.73,286,285
167.73,283,281
167.73,284,283
167.73,282,280
167.73,283,282
167.73,276,274
167.74,281,281
167.79,275,274
167.79,280,280
167.79,275,273
167.79,278,278
167.79,272,273
167.79,275,275
167.8,275,273
167.85,272,273
167.85,273,272
167.85,271,270
167.85,274,273
167.85,266,267
167.86,271,271
167.87,266,266
167.93,274,274
167.93,267,266
167.93,272,273
167.93,268,268
167.93,271,271
167.93,270,269
167.93,272,272
167.99,272,271
167.99,272,272
167.99,273,272
167.99,271,272
167.99,275,274
167.99,269,270
168.0,275,276
168.06,271,271
168.06,278,278
168.06,273,272
168.06,279,280
168.06,274,276
168.06,282,282
168.06,278,277
168.12,280,281
168.12,280,279
168.12,282,282
168.12,282,282
168.12,282,282
168.12,283,282
168.13,281,281
168.18,288,286
168.18,280,281
168.18,287,286
168.18,282,282
168.18,286,287
168.19,283,281
168.19,287,287
168.25,285,282
168.25,289,288
168.25,287,284
168.25,287,289
168.25,290,287
168.25,285,288
168.26,289,290
168.32,289,290
168.32,296,295
168.32,292,291
168.32,300,298
168.32,293,295
168.32,299,301
168.33,297,296
168.39,304,304
168.39,300,299
168.39,301,304
168.39,304,302
168.39,306,306
168.39,303,303
168.39,306,306
168.45,308,306
168.45,305,306
168.45,308,307
168.45,302,305
168.45,308,309
168.45,304,303
168.46,311,311
168.51,305,304
168.51,310,311
168.51,310,307
168.51,313,312
168.51,311,308
168.51,315,313
168.52,310,311
168.57,311,313
168.57,312,310
168.57,310,311
168.57,313,312
168.57,309,311
168.58,315,314
168.59,310,311
168.65,317,315
168.65,311,309
168.65,317,316
168.65,314,311
168.65,317,317
168.65,312,311
168.65,318,318
168.71,315,313
168.71,317,318
168.71,321,318
168.71,319,319
168.71,321,320
168.71,320,320
168.72,324,322
168.77,319,319
168.77,327,325
168.77,321,321
168.78,328,327
168.78,322,321
168.78,329,329
168.78,326,324
168.84,329,329
168.84,327,327
168.84,328,331
168.84,333,330
168.84,331,331
168.84,333,330
168.85,331,330
168.91,332,330
168.91,328,328
168.91,334,332
168.91,328,328
168.91,334,334
168.91,327,327
168.91,334,334
168.98,327,328
168.98,333,334
168.98,331,329
168.98,334,334
168.98,334,331
168.98,333,333
168.98,335,333
168.99,335,334
169.0,337,335
169.01,333,332
169.07,336,337
169.07,333,334
169.07,338,339
169.07,333,334
169.07,338,338
169.07,332,333
169.07,341,340
169.13,334,334
169.13,340,340
169.13,336,336
169.13,341,340
169.13,339,337
169.13,339,339
169.14,341,340
169.19,339,340
169.19,342,341
169.19,339,339
169.19,344,343
169.19,337,337
169.2,342,342
169.21,338,338
169.26,347,346
169.26,339,339
169.26,344,344
169.26,339,338
169.26,341,342
169.26,340,339
169.27,342,342
169.33,342,341
169.33,341,341
169.33,343,341
169.33,340,340
169.33,345,342
169.33,337,336
169.34,344,344
169.4,338,337
169.4,346,344
169.4,337,337
169.4,343,343
169.4,339,338
169.4,342,342
169.4,339,338
169.46,341,342
169.46,341,339
169.46,338,339
169.46,343,341
169.46,337,337
169.46,340,339
169.47,335,335
169.52,339,337
169.52,330,331
169.52,337,335
169.52,327,328
169.52,335,334
169.53,327,325
169.53,330,330
169.58,324,324
169.58,327,328
169.58,325,323
169.58,322,323
169.58,323,322
169.59,319,319
169.6,322,320
169.66,319,318
169.66,318,317
169.66,315,313
169.66,317,317
169.66,311,310
169.66,315,315
169.66,310,308
169.72,311,312
169.72,309,307
169.72,310,311
169.72,306,305
169.72,306,308
169.72,305,304
169.73,304,304
169.79,305,303
169.79,299,300
169.79,302,301
169.79,295,296
169.79,303,301
169.79,297,296
169.8,299,299
169.85,292,292
169.85,297,296
169.85,289,289
169.85,294,294
169.85,291,289
169.85,292,292
169.86,288,287
169.91,288,289
169.91,290,288
169.91,286,287
169.91,286,285
169.91,285,285
169.92,289,286
169.93,281,281
169.99,289,287
169.99,280,280
169.99,285,284
169.99,280,279
169.99,284,284
169.99,280,280
169.99,280,282
170.05,278,279
170.05,282,281
170.05,280,280
170.05,278,278
170.05,280,278
170.05,276,276
170.06,282,280
170.11,276,275
170.11,280,280
170.11,275,274
170.11,281,282
170.11,276,276
170.11,279,281
170.12,278,277
170.18,282,282
170.18,277,277
170.18,280,280
170.18,280,277
170.18,281,280
170.18,281,280
170.19,277,278
170.24,282,283
170.24,278,279
170.24,283,282
170.24,278,278
170.24,285,284
170.25,277,278
170.25,285,284
170.32,278,278
170.32,283,282
170.32,282,279
170.32,281,281
170.32,278,277
170.32,279,278
170.32,280,279
170.38,277,277
170.38,280,280
170.38,275,275
170.38,279,280
170.38,275,274
170.38,280,281
170.39,272,273
170.44,279,278
170.44,274,274
170.44,277,277
170.44,273,273
170.44,276,276
170.44,274,273
170.45,275,275
170.51,275,273
170.51,273,273
170.51,274,272
170.51,271,271
170.51,276,275
170.51,271,271
170.52,278,276
170.57,270,270
170.57,277,276
170.57,271,270
170.57,276,277
170.57,272,271
170.57,274,274
170.58,272,271
170.63,274,275
170.63,273,272
170.63,274,276
170.63,278,275
170.63,275,275
170.64,276,277
170.65,275,275
170.71,280,279
170.71,275,275
170.71,280,281
170.71,276,276
170.71,282,282
170.71,277,276
170.71,282,283
170.77,280,279
170.77,283,285
170.77,282,281
170.77,284,285
170.77,286,283
170.77,282,284
170.78,288,287
170.84,286,284
170.84,289,289
170.84,284,283
170.84,288,289
170.84,283,284
170.84,292,291
170.84,287,286
170.9,291,293
170.9,291,289
170.9,293,294
170.9,293,291
170.9,295,295
170.9,294,293
170.91,294,295
170.97,296,295
170.97,296,295
170.97,298,297
170.97,295,294
170.97,300,298
170.97,294,294
170.97,302,301
171.04,295,295
171.04,300,300
171.04,295,294
171.04,300,301
171.04,297,296
171.04,298,299
171.04,295,295
171.1,299,300
171.1,299,298
171.1,297,298
171.1,300,299
171.1,296,297
171.1,301,301
171.11,294,294
171.16,299,299
171.16,295,295
171.16,301,300
171.16,293,293
171.16,300,300
171.16,295,294
171.17,296,296
171.22,294,293
171.22,296,295
171.22,294,293
171.22,293,293
171.22,295,294
171.23,294,293
171.24,295,293
171.29,289,290
171.29,295,293
171.29,286,287
171.29,294,293
171.29,289,288
171.29,292,292
171.3,290,289
171.36,293,292
171.36,287,287
171.36,292,291
171.36,290,289
171.36,291,290
171.36,294,291
171.37,291,290
171.42,292,292
171.42,291,290
171.42,296,294
171.43,287,288
171.43,292,293
171.43,289,289
171.43,292,292
171.49,287,287
171.49,294,293
171.49,289,289
171.49,290,292
171.49,288,288
171.49,290,290
171.5,291,289
171.55,289,289
171.55,292,291
171.55,290,289
171.55,293,291
171.55,289,289
171.56,293,293
171.56,288,288
171.63,294,294
171.63,291,289
171.63,296,295
171.63,291,290
171.63,294,296
171.63,292,292
171.63,294,294
171.69,294,292
171.69,297,296
171.69,299,296
171.69,296,295
171.69,299,298
171.69,296,296
171.7,301,299
171.75,296,296
171.75,301,300
171.75,296,297
171.75,303,302
171.75,299,298
171.75,306,305
171.76,302,300
171.82,303,303
171.82,303,300
171.82,300,302
171.82,303,301
171.82,301,301
171.82,304,303
171.83,301,302
171.88,307,305
171.88,300,300
171.88,304,305
171.88,303,302
171.88,306,306
171.88,302,301
171.89,306,306
171.94,301,301
171.94,306,306
171.94,303,300
171.94,302,304
171.94,305,304
171.95,306,304
171.96,305,305
172.02,303,303
172.02,305,303
172.02,300,300
172.02,305,304
172.02,301,300
172.02,306,307
172.02,300,300
172.08,307,306
172.08,300,299
172.08,304,303
172.08,300,300
172.08,303,303
172.08,300,299
172.09,301,301
172.15,302,300
172.15,299,299
172.15,300,299
172.15,297,297
172.15,302,301
172.15,295,296
172.15,303,302
172.21,299,296
172.21,302,302
172.21,298,297
172.21,301,303
172.21,299,298
172.21,302,301
172.22,298,297
172.27,299,300
172.27,299,298
172.27,298,298
172.27,299,297
172.27,297,296
172.28,301,299
172.29,296,296
172.35,298,299
172.35,295,293
172.35,298,299
172.35,296,294
172.35,300,299
172.35,294,294
172.35,295,296
172.41,295,293
172.41,296,297
172.41,297,295
172.41,295,295
172.41,296,295
172.41,292,293
172.42,296,295
172.47,293,293
172.47,298,297
172.47,292,291
172.47,297,296
172.47,290,290
172.47,295,296
172.48,290,289
172.53,296,295
172.53,291,291
172.54,294,294
172.54,292,291
172.54,292,293
172.54,295,293
172.55,293,294
172.61,293,293
172.61,292,292
172.61,295,294
172.61,291,291
172.61,297,295
172.61,290,290
172.61,296,297
172.67,294,291
172.67,296,297
172.67,294,292
172.67,297,296
172.67,292,292
172.67,295,296
172.68,297,295
172.74,295,295
172.74,296,296
172.74,296,296
172.74,297,296
172.74,295,294
172.74,301,300
172.74,296,296
172.8,300,300
172.8,297,296
172.8,300,301
172.8,295,295
172.8,299,299
172.8,294,294
172.81,299,299
172.86,298,296
172.86,298,299
172.86,299,297
172.86,296,296
172.86,300,299
172.87,296,295
172.88,301,301
172.94,296,297
172.94,300,300
172.94,295,294
172.94,301,300
172.94,294,294
172.94,300,300
172.94,296,295
173.0,299,300
173.0,297,295
173.0,298,298
173.0,298,298
173.0,297,298
173.0,299,297
173.01,296,297
173.06,301,300
173.06,298,297
173.06,304,301
173.07,297,297
173.07,304,302
173.07,296,296
173.07,302,302
173.13,297,297
173.13,302,301
173.13,297,296
173.13,300,301
173.13,299,298
173.13,299,300
173.14,300,297
173.19,298,298
173.19,301,299
173.19,297,297
173.19,301,300
173.19,297,297
173.19,301,301
173.2,297,297
173.25,304,304
173.25,299,298
173.25,305,304
173.25,301,300
173.25,304,304
173.26,302,300
173.27,303,302
173.33,303,301
173.33,299,300
173.33,303,301
173.33,299,298
173.33,304,302
173.33,300,299
173.33,304,302
173.39,298,296
173.39,303,303
173.39,298,297
173.39,302,303
173.39,299,299
173.39,302,302
173.4,298,298
173.45,300,301
173.45,302,300
173.45,299,299
173.45,300,300
173.45,297,298
173.46,303,302
173.47,297,298
173.52,302,302
173.52,295,296
173.52,303,301
173.52,297,296
173.52,301,302
173.52,297,296
173.53,302,302
173.59,299,298
173.59,302,303
173.59,302,300
173.59,303,303
173.59,302,302
173.6,302,302
173.6,302,301
173.66,301,300
173.66,305,303
173.66,300,300
173.66,306,305
173.66,299,300
173.66,306,305
173.66,300,300
173.72,305,306
173.72,301,299
173.72,302,303
173.72,303,301
173.72,302,302
173.72,303,300
173.73,302,301
173.78,302,302
173.78,302,301
173.78,304,303
173.78,302,302
173.78,305,305
173.78,301,300
173.79,307,307
173.84,300,300
173.84,306,305
173.84,302,302
173.84,307,307
173.84,305,303
173.85,308,307
173.86,305,304
173.92,305,306
173.92,307,305
173.92,303,303
173.92,306,306
173.92,302,303
173.92,307,306
173.92,299,300
173.98,306,306
173.98,298,299
173.98,307,306
173.98,301,298
173.98,305,304
173.98,301,300
173.99,303,303
174.05,301,299
174.05,301,302
174.05,301,300
174.05,301,302
174.05,304,303
174.05,300,300
174.06,306,303
174.11,299,298
174.11,302,302
174.11,299,297
174.11,303,303
174.11,295,295
174.11,303,301
174.12,296,295
174.17,300,300
174.17,299,296
174.17,297,297
174.17,296,295
174.17,297,297
174.18,295,295
174.19,294,295
174.25,299,297
174.25,293,293
174.25,298,298
174.25,292,292
174.25,299,298
174.25,294,293
174.25,299,298
174.31,294,292
174.31,296,297
174.31,294,292
174.31,297,297
174.31,295,292
174.31,296,296
174.32,296,295
174.37,295,295
174.38,297,296
174.38,294,294
174.38,299,298
174.38,296,295
174.38,298,298
174.38,292,293
174.44,298,298
174.44,294,293
174.44,299,299
174.44,294,294
174.44,297,298
174.44,294,294
174.45,297,298
174.5,295,294
174.5,294,295
174.5,297,294
174.5,292,293
174.5,296,294
174.51,290,291
174.51,296,296
174.56,290,290
174.56,295,296
174.56,291,290
174.56,297,297
174.56,291,290
174.57,296,296
174.58,293,292
174.64,295,297
174.64,296,295
174.64,296,297
174.64,297,296
174.64,298,297
174.64,300,298
174.64,295,294
174.7,301,299
174.7,296,296
174.7,300,301
174.7,296,297
174.7,303,304
174.7,298,298
174.71,304,305
174.76,300,300
174.77,306,305
174.77,304,303
174.77,306,305
174.77,306,305
174.77,306,305
174.78,307,306
174.83,305,305
174.83,306,306
174.83,301,302
174.83,310,308
174.83,304,303
174.83,309,308
174.84,305,303
174.91,307,306
174.91,302,302
174.91,307,306
174.91,304,304
174.91,307,306
174.91,304,302
174.91,305,306
174.97,305,304
174.97,305,304
174.97,308,307
174.97,302,303
174.97,308,307
174.97,302,302
174.97,308,308
175.03,302,303
175.03,308,309
175.03,304,303
175.03,310,310
175.03,303,303
175.03,305,306
175.04,305,304
175.09,305,306
175.09,307,305
175.09,305,306
175.09,308,307
175.09,304,304
175.1,311,309
175.1,306,306
175.16,310,309
175.16,304,304
175.16,310,310
175.16,304,303
175.16,310,309
175.16,304,304
175.17,307,308
175.23,304,304
175.23,305,307
175.23,303,303
175.23,301,303
175.23,306,305
175.23,304,302
175.23,306,304
175.29,301,300
175.29,305,304
175.29,301,301
175.29,306,305
175.29,300,300
175.29,305,304
175.3,299,298
175.36,306,305
175.36,297,296
175.36,301,301
175.36,299,298
175.36,301,300
175.36,300,298
175.37,300,299
175.42,301,299
175.42,297,297
175.42,303,301
175.42,296,295
175.42,302,301
175.42,297,297
175.43,301,300
175.48,294,293
175.48,302,302
175.48,297,294
175.48,301,300
175.48,299,297
175.49,299,299
175.5,300,298
175.56,299,299
175.56,300,299
175.56,297,298
175.56,301,300
175.56,296,296
175.56,300,300
175.56,296,296
175.62,300,300
175.62,297,296
175.62,301,301
175.62,295,295
175.62,297,298
175.62,294,294
175.63,296,297
175.68,294,294
175.68,296,296
175.68,296,294
175.68,293,294
175.68,297,295
175.69,293,293
175.69,298,296
175.75,290,292
175.75,301,299
175.75,292,293
175.75,299,299
175.75,292,292
175.75,297,298
175.76,296,294
175.81,297,296
175.81,298,296
175.81,295,296
175.81,296,294
175.81,296,296
175.82,296,296
175.82,292,293
175.89,296,296
175.89,295,294
175.89,298,297
175.89,292,291
175.89,298,297
175.89,293,292
175.89,298,297
175.95,293,291
175.95,294,295
175.95,292,292
175.95,292,294
175.95,293,291
175.95,293,292
175.96,294,292
176.01,290,291
176.01,295,292
176.01,290,289
176.01,295,292
176.01,290,289
176.01,293,293
176.02,286,287
176.07,293,292
176.07,287,287
176.07,292,294
176.07,291,289
176.07,294,293
176.08,293,291
176.09,294,293
176.15,293,292
176.15,292,293
176.15,294,294
176.15,292,292
176.15,296,294
176.15,290,291
176.15,294,295
176.21,290,290
176.21,297,295
176.21,292,292
176.21,297,296
176.21,292,293
176.21,296,297
176.22,294,293
176.28,295,296
176.28,295,294
176.28,295,294
176.28,295,294
176.28,293,293
176.28,297,295
176.28,291,292
176.34,298,298
176.34,294,294
176.34,300,299
176.34,294,294
176.34,299,299
176.34,294,294
176.35,299,299
176.4,294,294
176.4,297,297
176.4,298,296
176.4,299,300
176.4,300,298
176.41,299,298
176.41,302,299
176.48,298,297
176.48,303,301
176.48,296,297
176.48,302,302
176.48,297,297
176.48,302,302
176.48,297,297
176.54,303,303
176.54,300,298
176.54,302,302
176.54,302,301
176.54,303,303
176.54,304,301
176.55,301,302
176.6,304,302
176.6,302,303
176.6,303,303
176.6,300,300
176.6,304,304
176.6,301,300
176.61,307,305
176.62,300,298
176.63,302,303
176.64,300,298
176.7,303,304
176.7,301,299
176.7,303,303
176.7,303,301
176.7,303,303
176.7,305,304
176.7,303,303
176.76,306,306
176.76,300,302
176.76,305,304
176.76,301,301
176.76,306,306
176.76,301,300
176.77,307,306
176.82,301,301
176.82,305,306
176.82,300,300
176.82,304,305
176.82,305,302
176.83,306,305
176.84,305,303
176.9,304,304
176.9,308,306
176.9,304,304
176.9,306,306
176.9,303,303
176.9,306,305
176.9,301,301
176.96,307,307
176.96,303,303
176.96,309,308
176.96,306,304
176.96,309,307
176.96,305,304
176.97,309,309
177.02,307,306
177.02,307,308
177.02,308,306
177.02,306,305
177.02,307,306
177.02,303,303
177.03,308,308
177.09,303,303
177.09,311,309
177.09,304,303
177.09,308,309
177.09,303,302
177.09,308,308
177.1,305,303
177.15,309,308
177.15,306,304
177.15,304,305
177.15,308,306
177.15,305,307
177.16,308,306
177.16,304,305
177.23,309,308
177.23,302,303
177.23,310,308
177.23,301,301
177.23,307,307
177.23,303,302
177.23,309,308
177.29,303,302
177.29,307,306
177.29,305,302
177.29,304,304
177.29,304,303
177.29,304,304
177.29,305,304
177.35,303,302
177.35,306,306
177.35,303,303
177.35,306,305
177.35,301,301
177.35,306,306
177.36,301,301
177.41,304,305
177.41,303,301
177.41,306,304
177.41,302,301
177.41,303,303
177.42,303,302
177.43,305,304
177.48,302,301
177.48,302,302
177.48,304,301
177.48,298,300
177.48,303,303
177.48,300,299
177.49,304,302
177.56,298,296
177.56,303,303
177.56,298,299
177.56,302,303
177.56,298,298
177.56,302,303
177.56,300,298
177.62,298,299
177.62,299,298
177.62,299,299
177.62,299,298
177.62,297,296
177.62,300,299
177.62,293,294
177.68,301,301
177.68,294,294
177.68,299,299
177.68,295,295
177.68,300,300
177.68,295,294
177.69,301,300
177.74,297,295
177.74,298,300
177.74,299,297
177.74,299,298
177.74,299,298
177.75,299,298
177.75,301,300
177.81,298,298
177.81,305,303
177.81,298,298
177.81,305,304
177.81,301,301
177.81,307,306
177.82,302,301
177.87,307,306
177.87,305,303
177.87,309,310
177.87,308,308
177.87,310,311
177.88,311,310
177.88,308,309
177.95,311,310
177.95,308,308
177.95,312,311
177.95,308,308
177.95,314,311
177.95,304,305
177.95,310,311
178.01,306,306
178.01,314,313
178.01,308,307
178.01,313,313
178.01,308,308
178.01,309,310
178.02,309,309
178.07,309,310
178.07,310,309
178.07,308,308
178.07,313,310
178.07,307,306
178.07,312,310
178.08,307,305
178.13,311,309
178.13,305,304
178.13,310,309
178.13,305,303
178.13,310,309
178.14,306,305
178.15,306,307
178.21,304,304
178.21,307,307
178.21,307,307
178.21,303,305
178.21,309,309
178.21,307,308
178.21,311,309
178.27,306,305
178.27,312,311
178.27,304,304
178.27,310,308
178.27,304,304
178.27,309,308
178.28,305,302
178.33,306,307
178.33,303,303
178.33,305,304
178.33,305,304
178.33,305,305
178.34,305,305
178.34,302,303
178.4,306,305
178.4,302,301
178.4,305,304
178.4,299,300
178.4,304,304
178.4,298,298
178.41,303,304
178.46,298,299
178.46,304,303
178.46,298,297
178.46,300,301
178.46,300,300
178.47,298,300
178.47,300,300
178.54,299,300
178.54,301,299
178.54,296,297
178.54,299,299
178.54,296,296
178.54,300,299
178.54,295,294
178.6,301,300
178.6,296,295
178.6,299,300
178.6,294,294
178.6,298,299
178.6,295,295
178.61,296,298
178.66,298,297
178.66,298,298
178.66,299,298
178.66,295,295
178.66,301,298
178.66,296,295
178.67,301,300
178.73,296,296
178.73,304,302
178.73,297,297
178.73,303,301
178.73,297,297
178.73,301,302
178.74,297,297
178.79,302,301
178.79,301,300
178.79,301,302
178.79,303,301
178.79,301,301
178.79,306,303
178.8,299,298
178.87,304,303
178.87,299,299
178.87,305,304
178.87,300,298
178.87,302,302
178.87,299,297
178.87,303,304
178.93,300,299
178.93,300,301
178.93,301,299
178.93,302,301
178.93,300,298
178.93,300,301
178.93,302,300
178.99,298,298
178.99,302,300
178.99,296,297
178.99,305,302
178.99,297,296
178.99,303,303
179.0,299,298
179.05,303,302
179.05,297,297
179.05,302,302
179.05,299,298
179.05,302,301
179.06,301,298
179.06,297,298
179.12,299,299
179.12,297,296
179.12,301,300
179.12,296,297
179.12,302,301
179.12,295,295
179.13,301,300
179.19,296,294
179.19,300,300
179.19,294,294
179.19,298,298
179.19,296,295
179.19,297,298
179.2,295,295
179.26,295,296
179.26,299,297
179.26,296,295
179.26,299,298
179.26,296,297
179.26,300,301
179.26,295,296
179.32,300,300
179.32,295,295
179.32,303,302
179.32,296,295
179.32,301,300
179.32,297,295
179.33,301,301
179.38,298,296
179.38,300,301
179.38,300,300
179.38,300,300
179.38,302,300
179.38,298,298
179.39,303,302
179.44,298,298
179.44,305,303
179.44,299,300
179.44,306,306
179.44,302,302
179.45,306,307
179.46,302,302
179.52,307,307
179.52,305,303
179.52,307,307
179.52,305,305
179.52,305,306
179.52,308,307
179.52,306,307
179.58,311,310
179.58,307,306
179.58,310,310
179.58,306,306
179.58,312,312
179.58,306,306
179.59,310,310
179.64,306,306
179.64,313,312
179.65,307,305
179.65,309,308
179.65,307,306
179.65,308,308
179.65,309,307
179.71,307,308
179.71,309,309
179.71,304,305
179.71,311,310
179.71,306,305
179.71,309,309
179.72,304,304
179.77,310,309
179.77,306,305
179.77,309,310
179.77,305,305
179.77,310,311
179.78,307,306
179.79,308,309
179.85,306,307
179.85,310,309
179.85,311,309
179.85,308,308
179.85,311,310
179.85,306,306
179.85,310,310
179.91,304,305
179.91,310,310
179.91,307,306
179.91,315,313
179.91,308,305
179.91,311,311
179.92,309,307
179.97,309,310
179.97,310,309
179.97,311,310
179.97,311,309
179.97,309,309
179.98,312,310
179.98,309,309
180.04,313,311
180.04,308,309
180.04,312,312
180.04,310,309
180.04,315,313
180.04,309,308
180.05,316,314
180.1,310,308
180.1,313,314
180.1,309,309
180.1,314,313
180.1,310,309
180.1,310,311
180.11,311,309
180.18,310,309
180.18,311,309
180.18,305,306
180.18,310,309
180.18,303,305
180.18,312,311
180.18,304,305
180.24,312,311
180.24,304,304
180.24,309,309
180.24,304,303
180.24,308,307
180.24,305,304
180.24,305,305
180.3,305,303
180.3,301,302
180.3,305,304
180.3,300,301
180.3,306,304
180.3,302,300
180.31,304,304
180.36,298,298
180.36,303,303
180.36,299,298
180.36,303,304
180.36,298,297
180.37,301,301
180.37,300,298
180.43,301,301
180.43,301,300
180.43,299,298
180.43,300,298
180.43,298,298
180.43,302,300
180.44,297,298
180.5,303,301
180.5,297,297
180.5,302,301
180.5,296,296
180.5,300,301
180.5,296,295
180.51,301,302
180.56,298,297
180.56,298,298
180.56,298,296
180.56,298,297
180.56,297,294
180.57,295,294
180.57,298,296
180.63,295,294
180.63,299,298
180.63,295,294
180.63,300,299
180.63,296,295
180.63,302,301
180.64,295,294
180.69,300,301
180.69,295,295
180.69,300,301
180.69,299,298
180.69,299,299
180.69,300,300
180.7,299,299
180.75,305,302
180.75,299,300
180.75,305,303
180.75,300,300
180.75,304,304
180.76,298,297
180.77,306,304
180.83,299,298
180.83,303,303
180.83,299,298
180.83,304,304
180.83,304,302
180.83,304,303
180.83,300,301
180.89,302,303
180.89,303,303
180.89,300,300
180.89,305,304
180.89,299,300
180.89,307,306
180.9,300,300
180.95,305,305
180.95,300,300
180.96,305,306
180.96,300,300
180.96,305,307
180.96,304,303
180.96,307,308
181.02,306,304
181.02,308,308
181.02,308,307
181.02,307,307
181.02,309,308
181.02,307,307
181.03,311,308
181.08,304,304
181.08,309,309
181.08,307,306
181.08,312,311
181.08,304,304
181.09,310,311
181.1,307,306
181.16,311,311
181.16,308,307
181.16,309,309
181.16,308,307
181.16,306,307
181.16,308,306
181.16,303,305
181.22,309,307
181.22,305,303
181.22,308,307
181.22,300,301
181.22,309,308
181.22,301,300
181.23,307,306
181.29,301,300
181.29,305,306
181.29,301,300
181.29,304,305
181.29,303,301
181.29,301,301
181.29,302,300
181.35,300,301
181.35,302,300
181.35,299,299
181.35,302,303
181.35,300,299
181.35,304,303
181.36,299,298
181.41,307,306
181.41,300,300
181.41,304,304
181.41,302,300
181.41,304,304
181.42,300,300
181.42,302,303
181.47,305,303
181.47,302,303
181.47,305,304
181.47,303,303
181.47,307,305
181.48,301,302
181.49,307,306
181.55,303,302
181.55,308,308
181.55,302,302
181.55,306,306
181.55,302,302
181.55,306,306
181.55,304,303
181.61,305,306
181.61,304,303
181.61,303,304
181.62,305,303
181.62,301,303
181.62,305,305
181.62,302,301
181.68,307,306
181.68,300,300
181.68,307,306
181.68,299,298
181.68,305,305
181.68,301,299
181.69,306,305
181.74,300,299
181.74,303,304
181.74,304,301
181.74,303,304
181.74,302,302
181.74,305,304
181.75,307,305
181.8,303,304
181.8,307,306
181.8,302,303
181.8,310,309
181.8,303,302
181.81,308,308
181.82,303,303
181.87,311,310
181.87,303,303
181.87,309,310
181.87,306,306
181.87,310,309
181.87,309,306
181.88,308,308
181.95,309,309
181.95,307,306
181.95,312,311
181.95,308,308
181.95,312,311
181.95,309,308
181.95,314,313
182.01,307,306
182.01,312,313
182.01,307,306
182.01,313,314
182.01,309,308
182.01,313,312
182.01,312,310
182.07,313,312
182.07,313,310
182.07,310,311
182.07,311,311
182.07,311,310
182.07,315,314
182.08,311,310
182.14,315,314
182.14,309,308
182.14,315,314
182.14,308,306
182.14,312,313
182.14,309,308
182.14,311,312
182.2,310,309
182.2,311,311
182.2,310,309
182.2,308,310
182.2,312,310
182.2,310,309
182.21,312,311
182.28,308,308
182.28,313,313
182.28,310,309
182.28,313,312
182.28,306,306
182.28,312,313
182.28,308,308
182.34,313,313
182.34,311,308
182.34,314,316
182.34,312,312
182.34,312,312
182.34,314,313
182.34,312,312
182.4,315,315
182.4,312,313
182.4,319,317
182.4,314,313
182.4,319,318
182.4,314,312
182.41,319,318
182.46,313,311
182.46,319,318
182.46,313,313
182.46,317,317
182.46,314,313
182.46,314,315
182.47,313,312
182.52,311,311
182.52,313,312
182.52,311,311
182.52,315,313
182.52,309,308
182.53,315,314
182.54,309,308
182.6,312,313
182.6,308,307
182.6,314,313
182.6,306,305
182.6,311,310
182.6,306,306
182.6,308,310
182.66,308,308
182.66,308,308
182.66,311,309
182.66,307,307
182.66,310,308
182.66,303,305
182.67,310,310
182.73,306,306
182.73,309,309
182.73,306,305
182.73,311,310
182.73,303,304
182.73,311,308
182.73,303,303
182.79,308,308
182.79,306,304
182.79,305,304
182.79,306,304
182.79,305,304
182.79,306,304
182.8,302,303
182.85,306,305
182.85,302,301
182.85,310,308
182.85,304,302
182.85,309,308
182.86,302,301
182.87,307,307
182.93,303,301
182.93,306,308
182.93,304,303
182.93,307,306
182.93,307,305
182.93,303,305
182.93,307,306
182.99,304,305
182.99,310,308
182.99,304,305
182.99,310,309
182.99,303,304
182.99,312,311
183.0,305,305
183.05,310,310
183.05,306,305
183.05,309,310
183.05,306,306
183.05,310,310
183.05,309,307
183.06,309,308
183.12,311,308
183.12,309,309
183.12,311,312
183.12,308,308
183.12,314,313
183.12,307,308
183.13,314,314
183.18,308,308
183.18,315,314
183.18,309,308
183.18,316,316
183.18,310,309
183.18,313,314
183.19,313,312
183.24,314,314
183.24,313,313
183.24,314,314
183.24,318,316
183.24,312,313
183.25,316,316
183.26,312,313
183.32,316,316
183.32,310,311
183.32,317,317
183.32,311,311
183.32,316,316
183.32,310,309
183.32,315,316
183.38,312,310
183.38,312,313
183.38,312,310
183.38,312,313
183.38,313,311
183.38,311,310
183.39,313,312
183.45,309,308
183.45,313,313
183.45,308,308
183.45,315,314
183.45,307,307
183.45,314,314
183.46,308,308
183.51,312,312
183.51,308,307
183.51,311,311
183.51,309,307
183.51,309,308
183.51,310,308
183.52,308,308
183.59,310,307
183.59,305,304
183.59,309,308
183.59,305,303
183.59,308,307
183.59,303,302
183.59,308,307
183.65,303,301
183.65,308,308
183.65,302,302
183.65,306,306
183.65,303,302
183.65,304,305
183.65,304,303
183.71,304,304
183.71,304,301
183.71,299,300
183.71,305,303
183.71,299,299
183.71,305,303
183.72,299,299
183.77,305,303
183.77,296,297
183.77,303,303
183.77,298,296
183.77,303,302
183.77,299,297
183.78,300,300
183.84,299,297
183.84,299,298
183.84,297,297
183.84,296,296
183.84,298,297
183.84,295,294
183.85,299,298
183.9,295,294
183.9,302,301
183.9,295,295
183.9,302,301
183.9,296,297
183.91,303,303
183.91,298,298
183.98,302,303
183.98,301,298
183.98,301,301
183.98,303,301
183.98,301,301
183.98,303,302
183.98,300,301
184.04,306,304
184.04,299,298
184.04,304,304
184.04,298,299
184.04,305,304
184.04,300,300
184.04,307,306
184.1,301,299
184.1,307,307
184.1,301,301
184.1,306,306
184.1,305,303
184.1,306,306
184.11,307,306
184.16,305,305
184.16,310,309
184.16,307,306
184.16,312,310
184.16,307,307
184.17,312,312
184.18,307,306
184.19,312,312
184.2,307,306
184.2,315,314
184.26,310,308
184.26,314,314
184.26,313,310
184.26,312,312
184.26,312,312
184.26,310,312
184.27,313,312
184.32,312,312
184.32,316,315
184.32,309,310
184.32,316,316
184.32,309,309
184.33,318,317
184.34,311,310
184.4,317,316
184.4,312,310
184.4,317,316
184.4,313,310
184.4,315,315
184.4,313,313
184.4,312,313
184.46,314,313
184.46,312,312
184.46,315,314
184.46,310,310
184.46,315,314
184.46,312,312
184.47,316,314
184.52,310,309
184.52,316,315
184.52,311,309
184.52,314,313
184.52,310,309
184.52,312,312
184.53,312,310
184.58,310,311
184.58,312,310
184.58,311,310
184.58,314,312
184.58,308,309
184.59,312,312
184.6,309,307
184.66,313,312
184.66,307,306
184.66,313,312
184.66,309,308
184.66,315,314
184.66,310,309
184.66,313,313
184.72,311,309
184.72,313,314
184.72,311,309
184.72,311,311
184.72,311,309
184.72,308,309
184.73,314,312
184.79,307,308
184.79,312,311
184.79,307,305
184.79,313,312
184.79,306,306
184.79,313,312
184.79,308,306
184.85,311,312
184.85,306,306
184.85,308,309
184.85,308,307
184.85,308,308
184.85,306,305
184.86,305,305
184.91,306,306
184.91,301,303
184.91,308,307
184.91,301,302
184.91,309,307
184.92,302,301
184.93,307,308
184.98,302,302
184.98,309,308
184.98,305,303
184.98,307,307
184.98,306,303
184.98,305,306
184.99,306,304
185.05,307,307
185.05,307,306
185.05,305,305
185.05,306,306
185.05,302,303
185.05,311,310
185.06,302,303
185.11,308,308
185.11,304,302
185.11,309,308
185.12,305,303
185.12,308,308
185.12,304,302
185.12,307,306
185.18,305,304
185.18,305,304
185.18,306,304
185.18,303,302
185.18,305,304
185.18,303,302
185.19,307,306
185.24,302,302
185.24,307,306
185.24,300,301
185.24,307,307
185.24,303,301
185.24,306,306
185.25,303,303
185.3,307,306
185.3,305,303
185.3,305,305
185.3,305,303
185.3,303,304
185.31,305,305
185.32,304,303
185.38,308,307
185.38,304,304
185.38,309,307
185.38,304,303
185.38,308,308
185.38,303,302
185.38,309,308
185.44,304,303
185.44,306,307
185.44,305,303
185.44,307,307
185.44,306,305
185.44,306,307
185.45,308,306
185.5,307,307
185.5,311,309
185.5,307,308
185.5,313,313
185.5,309,309
185.51,314,313
185.52,306,308
185.57,315,315
185.57,308,308
185.57,312,313
185.57,309,308
185.57,312,311
185.57,311,309
185.58,312,311
185.64,310,309
185.64,308,308
185.64,310,310
185.64,307,307
185.64,313,310
185.64,306,305
185.65,312,312
185.71,306,306
185.71,312,312
185.71,305,305
185.71,311,312
185.71,306,307
185.71,312,311
185.71,308,306
185.77,310,310
185.77,311,308
185.77,307,306
185.77,308,308
185.77,306,306
185.77,309,309
185.78,304,305
185.83,308,308
185.83,304,303
185.83,310,310
185.83,303,304
185.83,308,309
185.83,302,303
185.84,308,310
185.9,307,305
185.9,309,308
185.9,308,307
185.9,309,308
185.9,308,307
185.9,306,308
185.91,312,310
185.96,307,306
185.96,312,310
185.96,307,306
185.96,313,312
185.96,305,305
185.97,313,312
185.97,306,306
186.04,311,311
186.04,306,305
186.04,306,307
186.04,303,303
186.04,305,305
186.04,305,303
186.04,303,302
186.1,302,301
186.1,299,299
186.1,302,302
186.1,296,296
186.1,301,301
186.1,296,295
186.1,300,300
186.16,297,295
186.16,300,300
186.16,297,295
186.16,301,300
186.16,297,295
186.16,299,299
186.17,296,295
186.23,296,297
186.23,298,297
186.23,293,294
186.23,295,294
186.23,293,295
186.23,297,297
186.24,293,294
186.29,297,296
186.29,291,291
186.29,298,298
186.29,294,293
186.29,298,298
186.29,294,293
186.3,298,298
186.37,295,295
186.37,296,297
186.37,295,295
186.37,296,297
186.37,299,297
186.37,295,296
186.37,299,298
186.43,294,293
186.43,299,298
186.43,293,292
186.43,299,298
186.43,293,292
186.43,297,298
186.43,294,295
186.49,298,299
186.49,294,293
186.49,297,297
186.49,296,295
186.49,297,298
186.49,301,299
186.5,297,296
186.55,300,299
186.55,294,295
186.55,299,298
186.55,294,295
186.55,301,300
186.56,296,295
186.56,301,300
186.62,295,295
186.62,300,301
186.62,295,296
186.62,299,301
186.62,298,297
186.62,298,299
186.63,301,299
186.69,298,298
186.69,302,300
186.69,298,298
186.69,301,301
186.69,298,298
186.69,304,304
186.69,298,296
186.76,303,304
186.76,298,298
186.76,304,304
186.76,299,299
186.76,303,304
186.76,302,302
186.76,305,306
186.82,306,303
186.82,304,304
186.82,309,307
186.82,305,306
186.82,310,309
186.82,306,305
186.83,310,310
186.88,306,307
186.88,311,312
186.88,306,306
186.88,314,314
186.88,311,309
186.88,315,314
186.89,310,310
186.94,313,314
186.94,313,310
186.94,312,313
186.94,313,312
186.94,312,312
186.95,315,313
186.96,311,311
187.02,314,313
187.02,310,310
187.02,317,316
187.02,311,310
187.02,316,316
187.02,310,310
187.02,319,318
187.08,313,312
187.08,316,317
187.08,316,315
187.08,316,317
187.08,317,315
187.08,317,317
187.09,317,317
187.14,316,317
187.14,320,320
187.14,316,318
187.14,321,322
187.14,317,317
187.15,325,323
187.15,319,317
187.21,323,324
187.21,318,317
187.21,324,323
187.21,320,318
187.21,320,321
187.21,319,318
187.22,319,320
187.28,322,320
187.28,319,320
187.28,323,322
187.28,317,317
187.28,323,322
187.28,319,318
187.28,321,321
187.34,316,317
187.34,322,322
187.34,317,316
187.34,320,322
187.34,317,316
187.34,320,320
187.35,317,318
187.41,320,321
187.41,320,319
187.41,317,318
187.41,319,319
187.41,316,317
187.41,322,320
187.42,314,315
187.47,320,320
187.47,317,316
187.47,322,321
187.47,315,314
187.47,320,320
187.47,315,314
187.48,321,321
187.53,319,316
187.53,319,319
187.53,318,316
187.53,318,319
187.53,320,318
187.54,318,318
187.55,321,320
187.61,316,318
187.61,320,320
187.61,315,317
187.61,321,320
187.61,316,314
187.61,320,319
187.61,314,313
187.67,318,318
187.67,314,312
187.67,316,316
187.67,313,311
187.67,314,314
187.67,312,312
187.68,310,312
187.73,314,313
187.73,309,310
187.73,314,313
187.73,308,309
187.73,316,314
187.74,309,309
187.74,318,316
187.8,308,308
187.8,315,314
187.8,310,308
187.8,314,313
187.8,308,307
187.8,310,311
187.81,310,309
187.86,308,308
187.86,311,309
187.86,306,307
187.86,311,309
187.86,307,306
187.87,311,309
187.87,303,304
187.94,309,309
187.94,305,303
187.94,309,308
187.94,302,300
187.94,306,306
187.94,303,301
187.94,306,304
188.0,303,301
188.0,303,303
188.0,303,303
188.0,302,302
188.0,304,303
188.0,301,300
188.01,307,306
188.06,301,299
188.06,304,305
188.06,300,300
188.06,307,306
188.06,302,301
188.06,307,307
188.07,302,301
188.12,307,308
188.12,307,305
188.12,308,308
188.12,308,307
188.12,307,306
188.13,310,308
188.14,306,308
188.19,312,312
188.19,306,306
188.19,313,313
188.19,307,306
188.19,314,313
188.19,308,308
188.2,313,313
188.27,307,306
188.27,311,313
188.27,312,310
188.27,315,314
188.27,314,311
188.27,314,314
188.27,313,313
188.33,314,314
188.33,317,316
188.33,313,313
188.33,317,316
188.33,313,314
188.33,322,321
188.33,314,314
188.39,320,320
188.39,315,315
188.39,322,321
188.39,318,316
188.39,320,320
188.39,317,316
188.4,317,318
188.46,317,316
188.46,316,316
188.46,318,318
188.46,316,316
188.46,319,318
188.46,315,314
188.46,320,319
188.52,311,312
188.52,322,321
188.52,315,315
188.52,320,321
188.52,317,316
188.52,321,320
188.53,319,317
188.58,320,320
188.58,320,317
188.58,318,319
188.58,320,319
188.58,316,316
188.59,320,318
188.6,317,316
188.66,322,320
188.66,315,313
188.66,320,320
188.66,314,314
188.66,319,318
188.66,313,311
188.66,317,316
188.72,314,312
188.72,315,316
188.72,313,312
188.72,314,314
188.72,315,313
188.72,314,314
188.73,318,315
188.78,314,313
188.78,319,317
188.78,311,310
188.78,318,317
188.78,312,310
188.78,318,317
188.79,313,311
188.85,315,315
188.85,311,310
188.85,316,316
188.85,314,312
188.85,315,315
188.85,315,313
188.86,313,313
188.91,315,313
188.91,310,310
188.91,312,312
188.91,311,311
188.91,318,317
188.91,310,310
188.92,314,314
188.99,310,310
188.99,317,316
188.99,311,310
188.99,314,314
188.99,311,309
188.99,313,314
188.99,311,310
189.05,312,313
189.05,311,311
189.05,312,312
189.05,313,312
189.05,311,311
189.05,315,313
189.05,308,310
189.11,315,315
189.11,308,309
189.11,315,314
189.11,311,310
189.11,317,315
189.11,311,310
189.12,315,315
189.17,314,312
189.17,314,315
189.17,317,314
189.17,317,317
189.17,320,318
189.18,317,316
189.19,320,319
189.24,314,314
189.24,322,320
189.24,315,314
189.24,323,321
189.24,315,314
189.24,320,321
189.25,317,315
189.31,320,320
189.31,317,316
189.31,318,319
189.31,318,317
189.31,317,317
189.31,322,320
189.32,318,318
189.37,323,321
189.37,318,319
189.37,322,322
189.38,318,318
189.38,322,322
189.38,316,315
189.38,322,322
189.44,314,314
189.44,320,320
189.44,316,314
189.44,316,318
189.44,315,313
189.44,313,313
189.45,315,313
189.5,313,312
189.5,314,313
189.5,310,310
189.5,315,313
189.5,309,308
189.5,312,311
189.51,307,306
189.58,313,312
189.58,305,304
189.58,308,308
189.58,304,303
189.58,307,307
189.58,304,303
189.58,307,308
189.64,303,303
189.64,305,304
189.64,305,304
189.64,302,302
189.64,305,304
189.64,299,300
189.64,307,304
189.71,297,298
189.71,304,304
189.71,300,299
189.71,305,304
189.71,299,297
189.71,303,302
189.71,301,299
189.77,301,302
189.77,298,298
189.77,299,299
189.77,301,299
189.77,300,301
189.77,300,301
189.77,299,300
189.83,304,302
189.83,299,298
189.83,303,303
189.83,299,298
189.83,305,304
189.83,298,299
189.84,305,306
189.89,300,300
189.89,305,305
189.89,304,303
189.89,305,306
189.89,304,303
189.9,306,306
189.91,308,308
189.96,306,307
189.96,310,310
189.96,306,306
189.96,314,312
189.96,308,307
189.96,315,313
189.97,309,308
190.03,313,314
190.03,311,310
190.03,315,316
190.03,311,311
190.03,313,313
190.03,313,313
190.04,315,316
190.09,318,316
190.09,315,316
190.09,320,320
190.09,315,316
190.09,322,321
190.09,316,316
190.1,323,321
190.16,315,313
190.16,320,321
190.16,314,314
190.16,320,319
190.16,315,314
190.16,318,318
190.17,316,314
190.22,315,317
190.22,315,314
190.22,315,316
190.22,318,316
190.22,314,314
190.23,319,317
190.23,312,313
190.3,318,317
190.3,314,313
190.3,317,317
190.3,308,308
190.3,315,314
190.3,314,311
190.3,315,314
190.36,313,311
190.36,314,315
190.36,315,314
190.36,313,314
190.36,315,314
190.36,313,314
190.36,316,315
190.42,312,312
190.42,319,318
190.42,312,312
190.42,318,318
190.42,313,313
190.42,319,320
190.43,313,313
190.48,317,318
190.48,316,314
190.48,317,318
190.49,317,315
190.49,320,319
190.49,319,316
190.5,317,317
190.55,322,320
190.55,315,317
190.55,324,322
190.55,316,316
190.55,322,321
190.55,314,314
190.56,320,320
190.63,313,313
190.63,318,319
190.63,312,312
190.63,316,316
190.63,313,312
190.63,315,315
190.63,315,312
190.69,313,312
190.69,313,312
190.69,311,311
190.69,315,313
190.69,309,308
190.69,316,314
190.69,307,307
190.75,313,312
190.75,306,306
190.75,312,312
190.75,307,306
190.75,311,310
190.75,307,307
190.76,309,309
190.81,308,307
190.81,309,309
190.81,310,309
190.81,308,308
190.81,310,309
190.82,307,307
190.82,313,310
190.89,305,306
190.89,313,311
190.89,304,304
190.89,312,311
190.89,306,305
190.89,308,308
190.89,303,303
190.95,306,306
190.95,303,302
190.95,306,306
190.95,306,305
190.95,304,305
190.95,308,306
190.95,303,303
191.01,310,307
191.01,304,304
191.01,311,309
191.01,304,304
191.01,312,311
191.01,306,306
191.02,312,310
191.08,306,305
191.08,309,309
191.08,307,306
191.08,310,309
191.08,307,307
191.08,307,308
191.09,310,310
191.14,309,308
191.14,312,310
191.14,306,307
191.14,312,312
191.14,308,308
191.14,316,316
191.15,310,309
191.2,314,314
191.2,309,309
191.2,315,316
191.2,313,311
191.2,317,316
191.21,314,313
191.22,315,315
191.28,316,315
191.28,315,314
191.28,318,317
191.28,316,316
191.28,320,319
191.28,314,314
191.28,319,318
191.34,315,314
191.34,319,318
191.34,314,313
191.34,320,320
191.34,315,313
191.34,321,320
191.35,315,313
191.4,318,318
191.4,318,316
191.4,315,315
191.4,317,316
191.4,313,313
191.41,319,316
191.41,311,313
191.47,316,317
191.47,312,313
191.47,316,316
191.47,312,312
191.47,318,316
191.47,315,314
191.48,318,317
191.54,312,313
191.54,316,318
191.54,317,315
191.54,319,319
191.54,318,316
191.54,315,316
191.54,317,316
191.6,313,314
191.6,318,318
191.6,311,312
191.6,316,316
191.6,310,310
191.6,317,317
191.61,312,312
191.67,319,318
191.67,313,313
191.67,316,317
191.67,315,314
191.67,316,317
191.67,316,315
191.68,318,319
191.73,317,317
191.73,316,316
191.73,318,318
191.73,315,315
191.73,319,318
191.73,314,314
191.74,319,318
191.79,312,313
191.79,319,318
191.79,311,311
191.79,316,316
191.79,312,310
191.8,315,315
191.81,314,311
191.82,312,313
191.83,314,311
191.84,313,313
191.89,315,314
191.89,311,310
191.89,312,313
191.89,310,310
191.89,314,314
191.89,310,310
191.9,315,314
191.96,311,309
191.96,317,317
191.96,313,312
191.96,318,317
191.96,314,311
191.96,315,315
191.97,313,312
192.02,314,314
192.02,314,314
192.02,314,314
192.02,319,317
192.03,314,313
192.03,317,316
192.03,310,312
192.09,316,316
192.09,309,310
192.09,316,315
192.09,311,310
192.09,317,316
192.09,310,310
192.1,314,315
192.15,312,311
192.15,312,313
192.15,314,312
192.15,313,313
192.15,315,314
192.15,311,311
192.16,318,315
192.23,312,311
192.23,317,315
192.23,309,308
192.23,317,315
192.23,309,309
192.23,314,314
192.23,308,308
192.29,313,314
192.29,312,311
192.29,312,314
192.29,312,312
192.29,312,313
192.29,315,314
192.29,313,312
192.35,314,314
192.35,313,312
192.35,319,317
192.35,313,312
192.35,318,317
192.35,311,312
192.36,317,317
192.41,311,312
192.41,319,318
192.41,313,312
192.41,319,318
192.41,315,314
192.42,316,317
192.42,316,316
192.48,317,316
192.48,318,316
192.48,314,315
192.48,319,318
192.48,313,314
192.48,321,320
192.49,315,314
192.55,322,321
192.55,316,315
192.55,321,320
192.55,317,316
192.55,321,321
192.55,318,316
192.56,319,320
192.61,319,318
192.61,320,321
192.61,322,320
192.61,319,319
192.61,323,321
192.61,318,317
192.62,324,322
192.68,319,317
192.68,323,323
192.68,319,318
192.68,325,326
192.68,321,321
192.68,325,325
192.69,323,321
192.74,328,327
192.74,324,321
192.74,323,324
192.74,325,324
192.74,324,324
192.74,327,325
192.75,323,322
192.8,330,328
192.8,323,322
192.8,328,328
192.8,321,321
192.8,328,326
192.81,321,321
192.82,326,326
192.88,320,320
192.88,326,326
192.88,322,321
192.88,324,324
192.88,322,321
192.88,322,324
192.88,325,323
192.94,321,321
192.94,326,324
192.94,318,320
192.94,324,324
192.94,321,321
192.94,328,327
192.95,319,318
193.01,325,325
193.01,320,319
193.01,325,325
193.01,323,321
193.01,327,326
193.01,326,323
193.01,325,324
193.07,324,323
193.07,320,321
193.07,325,324
193.07,320,320
193.07,324,323
193.07,320,320
193.08,327,326
193.13,318,319
193.13,325,325
193.13,320,319
193.13,325,325
193.13,322,320
193.14,324,324
193.15,319,318
193.21,320,321
193.21,321,318
193.21,319,319
193.21,321,320
193.21,317,317
193.21,322,320
193.21,315,316
193.27,320,320
193.27,313,314
193.27,319,319
193.27,312,312
193.27,318,318
193.27,313,311
193.28,318,318
193.33,314,314
193.33,317,317
193.33,318,315
193.33,317,317
193.33,318,316
193.33,314,316
193.34,319,318
193.39,314,315
193.4,320,319
193.4,314,314
193.4,321,320
193.4,313,313
193.4,320,319
193.41,313,311
193.47,319,318
193.47,313,312
193.47,316,317
193.47,315,313
193.47,314,315
193.47,313,311
193.47,313,314
193.53,317,315
193.53,313,312
193.53,318,316
193.53,310,311
193.53,316,315
193.53,309,310
193.54,315,315
193.6,309,310
193.6,317,317
193.6,312,310
193.6,316,316
193.6,311,310
193.6,315,316
193.6,312,312
193.66,314,314
193.66,315,314
193.66,312,312
193.66,316,314
193.66,311,311
193.66,317,315
193.67,309,309
193.72,315,315
193.72,308,310
193.72,318,317
193.72,311,310
193.72,316,315
193.73,313,311
193.74,316,315
193.8,313,310
193.8,315,315
193.8,314,313
193.8,313,312
193.8,315,313
193.8,312,312
193.8,317,316
193.86,314,313
193.86,319,317
193.86,310,311
193.86,317,317
193.86,312,312
193.86,318,318
193.87,312,311
193.92,319,318
193.92,313,314
193.92,316,317
193.92,317,315
193.92,315,316
193.92,318,316
193.93,313,314
193.98,318,316
193.98,313,313
193.98,318,318
193.98,312,312
193.98,318,318
193.99,312,311
194.0,319,318
194.06,312,311
194.06,318,319
194.06,312,312
194.06,317,318
194.06,315,314
194.06,317,316
194.06,316,314
194.13,317,316
194.13,318,317
194.13,314,316
194.13,321,318
194.13,316,316
194.13,321,320
194.13,315,314
194.19,321,320
194.19,316,315
194.19,320,320
194.19,315,314
194.19,321,321
194.19,317,314
194.19,319,320
194.25,320,318
194.25,319,319
194.25,320,318
194.25,316,317
194.25,321,319
194.25,318,317
194.26,320,320
194.31,316,316
194.31,322,321
194.31,318,317
194.31,323,322
194.31,318,318
194.32,323,324
194.33,319,319
194.38,323,323
194.38,320,320
194.38,322,323
194.38,321,321
194.38,320,321
194.38,323,321
194.39,319,318
194.45,323,321
194.45,318,317
194.45,321,320
194.45,315,314
194.45,321,320
194.45,312,312
194.46,318,319
194.52,316,314
194.52,317,318
194.52,313,312
194.52,316,317
194.52,314,313
194.52,316,316
194.52,318,316
194.58,315,315
194.58,317,315
194.58,312,312
194.58,317,316
194.58,311,311
194.58,316,317
194.59,314,313
194.64,321,320
194.64,316,316
194.64,320,320
194.64,318,318
194.64,322,322
194.64,322,320
194.65,323,323
194.7,322,321
194.7,323,323
194.7,324,322
194.7,321,321
194.7,324,322
194.71,319,319
194.72,324,322
194.78,315,316
194.78,321,321
194.78,318,316
194.78,323,322
194.78,315,314
194.78,320,320
194.78,316,314
194.84,316,316
194.84,316,315
194.84,316,316
194.84,315,314
194.84,314,313
194.84,316,315
194.85,311,312
194.91,317,316
194.91,310,311
194.91,316,316
194.91,310,310
194.91,317,317
194.91,310,310
194.92,317,317
194.97,313,311
194.97,315,315
194.97,313,312
194.97,315,315
194.97,315,313
194.97,315,314
194.98,313,312
195.05,310,312
195.05,317,315
195.05,311,311
195.05,316,315
195.05,311,310
195.05,316,316
195.05,309,309
195.11,316,315
195.11,308,309
195.11,316,316
195.11,312,310
195.11,312,312
195.11,311,311
195.11,312,313
195.17,314,313
195.17,312,313
195.17,316,315
195.17,312,312
195.17,318,317
195.17,313,313
195.18,320,318
195.23,312,312
195.23,320,320
195.23,315,314
195.23,320,320
195.23,317,316
195.23,319,321
195.24,320,318
195.31,319,321
195.31,320,319
195.31,318,319
195.31,322,321
195.31,320,319
195.31,322,322
195.31,317,318
195.37,323,322
195.37,317,318
195.37,324,323
195.37,317,316
195.37,322,321
195.37,316,316
195.37,323,321
195.43,318,316
195.43,319,319
195.43,318,317
195.43,315,316
195.43,319,317
195.43,316,316
195.44,319,318
195.5,316,315
195.5,321,321
195.5,315,314
195.5,320,319
195.5,315,314
195.5,318,319
195.51,315,314
195.56,320,319
195.56,317,316
195.56,319,319
195.56,316,315
195.56,315,317
195.56,318,317
195.57,315,316
195.64,318,318
195.64,314,316
195.64,320,319
195.64,314,315
195.64,322,321
195.64,314,314
195.64,320,321
195.7,316,316
195.7,322,322
195.7,318,318
195.7,322,322
195.7,319,318
195.7,320,321
195.7,320,319
195.76,321,321
195.76,323,321
195.76,320,320
195.76,322,322
195.76,319,320
195.76,325,324
195.77,320,319
195.82,325,326
195.82,319,318
195.82,325,324
195.82,320,319
195.82,324,325
195.82,321,320
195.83,323,324
195.88,324,323
195.88,323,324
195.88,324,322
195.88,322,323
195.88,325,323
195.89,321,321
195.9,328,326
195.96,320,321
195.96,332,331
195.96,327,326
195.96,335,335
195.96,333,332
195.96,340,340
195.96,337,337
196.02,344,345
196.02,344,344
196.02,350,350
196.02,352,349
196.02,350,352
196.02,357,356
196.03,356,356
196.09,361,360
196.09,357,357
196.09,365,364
196.09,360,359
196.09,369,368
196.09,363,362
196.09,369,370
196.15,366,366
196.15,373,373
196.15,369,367
196.15,373,374
196.15,373,371
196.15,370,372
196.16,373,373
196.21,372,372
196.21,373,372
196.21,372,372
196.21,375,373
196.21,368,368
196.22,375,373
196.23,365,366
196.29,372,371
196.29,366,364
196.29,369,369
196.29,364,361
196.29,367,368
196.29,363,362
196.29,363,364
196.35,361,360
196.35,360,360
196.35,360,358
196.35,356,355
196.35,354,354
196.35,348,350
196.36,354,352
196.41,345,344
196.41,349,348
196.41,341,340
196.41,345,344
196.41,339,337
196.41,343,341
196.42,335,335
196.48,338,338
196.48,334,333
196.48,332,334
196.48,332,332
196.48,328,328
196.48,331,329
196.49,325,326
196.55,327,325
196.55,320,320
196.55,325,324
196.55,316,315
196.55,323,322
196.55,314,313
196.55,318,318
196.62,314,311
196.62,314,315
196.62,314,312
196.62,311,311
196.62,311,309
196.62,308,309
196.62,310,309
196.68,305,305
196.68,308,307
196.68,301,302
196.68,307,306
196.68,301,300
196.68,306,305
196.68,298,298
196.74,302,303
196.74,298,297
196.74,298,299
196.74,297,295
196.74,299,298
196.74,297,295
196.75,296,297
196.8,298,297
196.8,294,296
196.8,298,297
196.8,292,294
196.8,299,297
196.81,294,293
196.82,299,297
196.87,290,292
196.87,297,297
196.87,294,293
196.87,297,298
196.87,294,294
196.87,299,299
196.88,297,295
196.94,295,296
196.94,298,296
196.94,297,297
196.94,301,299
196.94,298,297
196.94,299,299
196.95,295,296
197.01,302,303
197.01,297,298
197.01,306,305
197.01,303,301
197.01,308,307
197.01,301,300
197.01,306,306
197.07,302,302
197.07,310,309
197.07,307,305
197.07,307,307
197.07,311,309
197.07,306,306
197.08,310,308
197.13,307,307
197.13,314,311
197.13,307,307
197.13,312,312
197.13,306,306
197.14,313,312
197.14,308,306
197.19,313,313
197.19,308,306
197.19,312,311
197.19,308,306
197.19,310,310
197.2,310,309
197.21,309,309
197.27,309,308
197.27,307,308
197.27,309,309
197.27,304,306
197.27,311,310
197.27,307,306
197.27,315,314
197.34,307,306
197.34,311,312
197.34,308,307
197.34,311,312
197.34,306,306
197.34,309,309
197.34,309,307
197.4,308,308
197.4,311,309
197.4,308,309
197.4,313,312
197.4,307,307
197.4,313,311
197.41,307,306
197.46,314,313
197.46,308,307
197.46,313,312
197.46,308,307
197.46,313,312
197.46,307,306
197.47,310,311
197.52,307,306
197.52,307,309
197.52,308,308
197.52,305,305
197.52,311,308
197.53,307,307
197.54,310,308
197.6,304,303
197.6,311,309
197.6,303,302
197.6,307,305
197.6,299,299
197.6,304,303
197.6,298,296
197.66,301,299
197.66,296,294
197.66,293,293
197.66,291,290
197.66,287,289
197.66,290,289
197.67,285,286
197.72,286,285
197.72,276,276
197.72,278,277
197.72,271,271
197.72,274,274
197.72,269,267
197.73,272,271
197.79,262,261
197.79,265,265
197.79,262,262
197.79,263,263
197.79,260,259
197.79,259,259
197.8,259,258
197.86,256,257
197.86,261,258
197.86,254,255
197.86,258,257
197.86,253,252
197.86,260,258
197.86,255,254
197.93,261,261
197.93,255,255
197.93,260,260
197.93,257,256
197.93,261,262
197.93,261,259
197.93,263,262
197.99,264,262
197.99,264,264
197.99,266,264
197.99,265,264
197.99,271,270
197.99,266,268
198.0,278,278
198.05,280,280
198.05,292,291
198.05,289,289
198.05,297,298
198.05,292,291
198.05,300,300
198.06,299,298
198.11,302,303
198.11,304,302
198.11,304,305
198.11,307,307
198.11,306,307
198.12,313,310
198.13,309,309
198.19,314,313
198.19,310,310
198.19,317,316
198.19,311,311
198.19,318,318
198.19,313,312
198.19,322,320
198.25,315,315
198.25,322,321
198.25,320,318
198.25,321,321
198.25,320,320
198.25,320,322
198.26,325,323
198.31,323,323
198.31,330,328
198.31,325,325
198.31,333,331
198.31,326,325
198.31,334,332
198.32,327,328
198.38,335,335
198.38,328,328
198.38,335,334
198.38,331,331
198.38,336,336
198.38,333,332
198.39,334,335
198.45,334,334
198.45,333,335
198.45,339,338
198.45,336,335
198.45,339,339
198.45,334,334
198.45,341,340
198.52,334,334
198.52,339,338
198.52,334,333
198.52,341,340
198.52,336,335
198.52,339,338
198.52,336,335
198.58,337,338
198.58,338,337
198.58,336,336
198.58,340,338
198.58,337,336
198.58,342,339
198.59,334,334
198.64,339,339
198.64,332,332
198.64,338,339
198.64,333,334
198.64,340,339
198.64,334,332
198.65,335,337
198.7,333,333
198.7,333,335
198.7,332,331
198.7,330,332
198.7,332,332
198.71,329,329
198.72,332,330
198.78,327,327
198.78,332,332
198.78,325,326
198.78,332,330
198.78,325,325
198.78,332,331
198.78,324,324
198.84,329,329
198.84,325,324
198.84,329,329
198.84,325,324
198.84,328,327
198.84,325,325
198.85,325,326
198.91,326,325
198.91,324,324
198.91,326,326
198.91,320,321
198.91,327,325
198.91,320,319
198.91,324,324
198.97,318,318
198.97,324,324
198.97,316,316
198.97,320,321
198.97,317,314
198.97,319,319
198.98,316,314
199.03,315,315
199.03,315,313
199.03,312,312
199.03,314,312
199.03,309,309
199.04,315,314
199.04,309,308
199.09,315,314
199.09,307,307
199.09,312,311
199.09,307,306
199.09,312,311
199.1,306,305
199.11,308,310
199.17,308,307
199.17,310,311
199.17,312,311
199.17,311,311
199.17,314,312
199.17,311,310
199.17,317,315
199.23,311,311
199.23,318,316
199.23,309,309
199.23,317,316
199.23,311,310
199.23,315,313
199.24,309,308
199.3,310,311
199.3,311,309
199.3,309,310
199.3,311,309
199.3,311,311
199.3,312,309
199.31,308,310
199.36,311,312
199.36,308,308
199.36,312,310
199.36,307,306
199.36,315,314
199.36,307,307
199.38,313,313
199.38,308,308
199.39,315,314
199.4,310,308
199.45,314,314
199.45,311,311
199.45,312,314
199.45,314,312
199.45,315,314
199.46,318,316
199.47,314,315
199.53,320,320
199.53,316,316
199.53,321,320
199.53,314,314
199.53,319,319
199.53,314,314
199.53,320,320
199.59,313,312
199.59,318,319
199.59,316,315
199.59,318,319
199.59,317,315
199.59,317,317
199.6,320,318
199.65,316,316
199.65,320,318
199.65,315,315
199.65,319,317
199.65,311,312
199.65,318,319
199.66,313,312
199.72,320,319
199.72,313,312
199.72,316,316
199.72,314,312
199.72,318,317
199.72,313,312
199.73,314,316
199.78,315,313
199.78,312,312
199.78,317,315
199.78,313,313
199.78,317,316
199.79,314,312
199.79,318,318
199.86,311,311
199.86,319,319
199.86,313,313
199.86,318,318
199.86,314,314
199.86,320,320
199.86,318,315
199.92,316,318
199.92,316,316
199.92,316,318
199.92,318,317
199.92,316,316
199.92,321,319
199.92,314,316
199.98,320,320
199.98,314,314
199.98,320,321
199.98,316,317
199.98,322,322
199.98,319,317
199.99,320,321
200.05,320,318
200.05,322,323
200.05,318,318
200.05,319,320
200.05,321,319
200.05,320,320
200.06,323,321
200.11,319,319
200.11,326,323
200.11,318,318
200.11,325,324
200.11,318,318
200.11,324,323
200.12,319,318
200.19,322,322
200.19,318,319
200.19,323,323
200.19,321,320
200.19,323,322
200.19,322,320
200.19,320,321
200.25,324,323
200.25,320,320
200.25,324,324
200.25,320,320
200.25,326,325
200.25,318,318
200.25,326,325
200.31,320,319
200.31,325,324
200.31,319,318
200.31,325,324
200.31,323,320
200.31,324,325
200.32,324,321
200.37,324,324
200.37,325,323
200.37,323,323
200.37,327,325
200.37,320,321
200.37,325,324
200.38,321,320
200.44,326,325
200.44,319,319
200.44,326,325
200.44,320,319
200.44,325,325
200.44,321,319
200.45,321,322
200.51,320,319
200.51,321,322
200.51,321,321
200.51,321,321
200.51,324,322
200.51,319,321
200.51,324,323
200.57,319,319
200.58,326,326
200.58,322,320
200.58,327,326
200.58,321,320
200.58,327,326
200.58,322,320
200.64,326,327
200.64,322,322
200.64,325,324
200.64,326,324
200.64,325,325
200.64,326,323
200.65,324,325
200.7,327,326
200.7,322,324
200.7,328,328
200.7,323,323
200.7,328,329
200.7,323,323
200.71,329,330
200.76,324,324
200.76,332,331
200.76,326,325
200.76,331,331
200.76,327,328
200.77,329,331
200.78,330,330
200.84,329,330
200.84,331,328
200.84,327,328
200.84,333,330
200.84,327,326
200.84,331,330
200.84,325,324
200.9,330,328
200.9,322,323
200.9,329,328
200.9,322,321
200.9,328,327
200.91,323,321
200.91,324,325
200.97,323,322
200.97,322,322
200.97,322,321
200.97,318,319
200.97,321,320
200.97,317,318
200.97,321,319
201.03,315,314
201.03,320,319
201.03,311,311
201.03,318,318
201.03,312,311
201.03,317,317
201.04,312,311
201.09,314,315
201.09,311,310
201.09,313,314
201.09,314,313
201.09,312,313
201.1,315,313
201.1,312,312
201.15,318,315
201.15,312,311
201.15,317,316
201.15,310,309
201.15,318,316
201.16,308,308
201.17,314,315
201.23,311,309
201.23,315,314
201.23,310,311
201.23,312,312
201.23,313,312
201.23,312,312
201.24,310,311
201.3,310,311
201.3,315,314
201.3,309,310
201.3,314,314
201.3,310,310
201.3,318,317
201.3,313,311
201.36,316,316
201.36,308,309
201.36,316,316
201.36,311,310
201.36,315,316
201.36,315,312
201.37,315,314
201.42,315,313
201.42,314,314
201.42,316,314
201.42,313,313
201.42,317,315
201.42,312,312
201.43,318,317
201.48,309,310
201.48,317,316
201.48,311,310
201.48,317,316
201.48,313,311
201.49,316,316
201.5,312,311
201.56,313,314
201.56,315,312
201.56,315,314
201.56,315,313
201.56,312,312
201.56,316,314
201.56,308,310
201.62,312,312
201.62,310,308
201.62,315,314
201.62,310,309
201.62,315,314
201.62,310,310
201.63,316,317
201.68,313,313
201.68,316,317
201.68,319,318
201.68,323,323
201.68,324,322
201.69,323,322
201.69,326,324
201.75,323,323
201.75,328,327
201.75,324,324
201.75,330,328
201.75,321,321
201.75,326,326
201.76,315,312
201.81,313,313
201.81,310,308
201.81,313,313
201.81,313,310
201.81,314,313
201.82,311,311
201.82,312,314
201.89,316,313
201.89,313,313
201.89,316,315
201.89,312,312
201.89,318,316
201.89,312,312
201.89,316,316
201.95,311,311
201.95,319,318
201.95,312,311
201.95,316,315
201.95,313,310
201.95,315,316
201.96,315,312
202.01,313,312
202.01,312,310
202.01,308,309
202.01,310,310
202.01,307,307
202.01,309,308
202.02,305,303
202.07,310,308
202.07,304,303
202.07,309,308
202.07,304,302
202.07,306,307
202.08,303,302
202.09,307,306
202.14,305,302
202.14,305,304
202.14,305,303
202.14,305,305
202.14,305,305
202.14,305,305
202.15,308,306
202.21,305,305
202.21,311,310
202.21,304,303
202.21,311,310
202.21,305,305
202.22,311,310
202.22,307,305
202.28,310,309
202.28,309,307
202.28,311,311
202.28,310,308
202.28,309,311
202.28,311,309
202.28,310,309
202.34,312,312
202.34,310,311
202.34,314,314
202.34,310,310
202.34,317,316
202.34,309,310
202.35,317,316
202.4,310,309
202.4,315,314
202.4,311,310
202.4,315,315
202.4,313,313
202.41,315,316
202.41,315,314
202.48,313,312
202.48,315,314
202.48,311,311
202.48,313,314
202.48,310,311
202.48,315,313
202.48,309,308
202.54,312,312
202.54,308,308
202.54,312,313
202.54,308,308
202.54,311,311
202.54,307,306
202.55,308,309
202.6,306,305
202.6,307,307
202.6,307,306
202.6,303,305
202.6,308,308
202.6,302,304
202.61,309,306
202.67,304,303
202.67,309,308
202.67,303,302
202.67,309,308
202.67,304,303
202.67,307,306
202.68,302,302
202.73,304,305
202.73,302,302
202.73,303,305
202.73,304,303
202.73,305,304
202.73,307,305
202.74,302,304
202.8,308,308
202.8,302,303
202.8,309,308
202.8,304,303
202.81,310,309
202.81,305,305
202.81,311,310
202.87,305,304
202.87,309,310
202.87,308,308
202.87,310,311
202.87,311,308
202.87,313,311
202.87,313,312
202.93,311,311
202.93,314,313
202.93,311,310
202.93,317,315
202.93,310,311
202.93,317,316
202.94,309,309
202.99,317,317
202.99,312,311
202.99,317,317
202.99,313,311
202.99,314,316
203.0,315,313
203.0,314,316
203.07,315,314
203.07,315,315
203.07,316,313
203.07,313,313
203.07,317,316
203.07,313,314
203.07,318,317
203.13,314,312
203.13,315,316
203.13,315,313
203.13,319,318
203.13,312,312
203.13,317,317
203.14,313,313
203.2,314,315
203.2,315,314
203.2,313,314
203.2,314,313
203.2,313,312
203.2,317,315
203.2,310,311
203.26,314,313
203.26,309,308
203.26,313,311
203.26,307,305
203.26,309,311
203.26,304,305
203.27,310,309
203.32,305,305
203.32,308,308
203.32,305,304
203.32,306,307
203.32,306,305
203.32,305,305
203.33,307,305
203.38,307,306
203.38,309,308
203.38,305,305
203.38,311,309
203.38,301,302
203.39,308,308
203.4,303,302
203.46,309,308
203.46,305,304
203.46,309,308
203.46,306,304
203.46,308,308
203.46,306,306
203.46,308,307
203.52,310,308
203.52,307,306
203.52,310,307
203.52,305,305
203.52,309,309
203.52,305,305
203.53,313,312
203.59,309,309
203.59,315,314
203.59,309,309
203.59,314,314
203.59,309,308
203.59,311,310
203.59,307,307
203.65,309,310
203.65,309,308
203.65,307,308
203.65,310,310
203.65,309,308
203.65,313,311
203.66,306,308
203.71,311,312
203.71,306,306
203.71,311,311
203.71,305,305
203.71,311,312
203.72,308,306
203.73,312,312
203.78,309,307
203.78,310,310
203.78,310,310
203.78,311,310
203.78,311,311
203.78,309,310
203.79,313,312
203.85,310,309
203.85,314,313
203.85,309,309
203.85,316,313
203.85,306,307
203.85,314,314
203.86,310,308
203.91,313,313
203.91,309,308
203.91,310,312
203.91,310,310
203.91,310,311
203.91,313,311
203.92,308,310
203.98,312,312
203.98,310,311
203.98,312,312
203.98,308,309
203.98,314,314
203.98,310,309
203.99,318,316
204.04,310,308
204.04,317,317
204.04,314,312
204.04,315,316
204.04,314,314
204.04,315,316
204.05,316,314
204.12,316,316
204.12,318,316
204.12,315,316
204.12,319,318
204.12,315,316
204.12,320,320
204.12,315,314
204.18,321,319
204.18,315,314
204.18,320,320
204.18,317,315
204.18,319,319
204.18,315,315
204.18,319,319
204.24,317,315
204.24,317,317
204.24,317,317
204.24,317,318
204.24,320,318
204.24,314,316
204.25,321,320
204.3,316,315
204.3,323,321
204.3,315,315
204.3,322,321
204.3,317,317
204.31,322,322
204.32,318,317
204.37,320,320
204.37,318,317
204.37,318,320
204.37,321,320
204.37,320,320
204.37,322,320
204.38,319,320
204.44,324,322
204.44,316,317
204.44,323,324
204.44,318,319
204.44,324,324
204.44,319,317
204.45,323,324
204.5,319,319
204.5,324,324
204.5,320,319
204.51,322,323
204.51,323,321
204.51,321,322
204.51,322,322
204.57,321,320
204.57,323,321
204.57,319,318
204.57,325,323
204.57,317,318
204.57,325,324
204.58,317,317
204.63,322,323
204.63,320,319
204.63,324,325
204.63,320,319
204.63,323,322
204.63,323,321
204.64,321,322
204.71,323,321
204.71,320,321
204.71,320,320
204.71,320,320
204.71,322,321
204.71,317,317
204.71,322,322
204.77,317,317
204.77,324,324
204.77,318,318
204.77,323,323
204.77,318,317
204.77,321,321
204.77,316,316
204.83,319,318
204.83,319,317
204.83,319,318
204.83,321,318
204.83,316,316
204.83,319,317
204.84,315,315
204.89,318,317
204.89,314,315
204.89,319,319
204.89,314,314
204.89,321,320
204.9,314,315
204.9,321,320
204.96,315,314
204.96,317,318
204.96,315,314
204.96,318,317
204.96,316,316
204.96,315,316
204.97,319,318
205.03,316,315
205.03,319,317
205.03,315,315
205.03,318,318
205.03,313,313
205.03,320,319
205.04,313,312
205.09,318,318
205.09,314,311
205.09,316,316
205.09,310,310
205.09,314,315
205.1,315,314
205.1,312,314
205.16,315,314
205.16,312,312
205.16,314,314
205.16,308,309
205.16,315,313
205.16,309,308
205.17,313,313
205.22,308,306
205.22,313,313
205.22,308,306
205.22,311,311
205.22,308,306
205.22,308,309
205.23,308,306
205.3,309,309
205.3,311,309
205.3,307,307
205.3,311,309
205.3,306,307
205.3,310,308
205.3,306,305
205.36,311,310
205.36,307,306
205.36,312,311
205.36,306,305
205.36,309,311
205.36,306,305
205.36,311,311
205.42,306,306
205.42,308,310
205.42,308,308
205.42,308,309
205.42,309,308
205.42,307,307
205.43,308,308
205.48,305,306
205.48,309,309
205.48,308,307
205.48,313,312
205.48,307,306
205.49,313,313
205.49,308,308
205.55,312,313
205.55,311,311
205.55,313,314
205.55,313,312
205.55,313,313
205.55,314,313
205.56,313,314
205.62,315,313
205.62,312,312
205.62,316,314
205.62,311,312
205.62,319,318
205.62,310,311
205.63,317,317
205.69,312,311
205.69,318,318
205.69,314,312
205.69,314,316
205.69,312,310
205.69,315,314
205.69,315,313
205.75,312,314
205.75,312,312
205.75,310,311
205.75,314,314
205.75,310,310
205.75,315,314
205.76,309,307
205.81,310,311
205.81,306,306
205.81,311,311
205.81,306,306
205.81,308,309
205.81,305,304
205.82,307,308
205.87,304,303
205.87,306,305
205.87,305,304
205.87,303,304
205.87,305,304
205.88,301,301
205.89,305,305
205.95,300,300
205.95,304,304
205.95,300,300
205.95,305,305
205.95,301,300
205.95,307,307
205.95,301,302
206.01,306,307
206.01,306,306
206.01,308,309
206.01,310,309
206.01,310,310
206.01,312,311
206.02,308,308
206.08,312,312
206.08,306,307
206.08,314,313
206.08,309,308
206.08,313,314
206.08,309,308
206.08,312,313
206.14,309,309
206.14,316,316
206.14,311,309
206.14,311,311
206.14,310,309
206.14,309,309
206.15,311,311
206.2,306,307
206.2,311,310
206.2,308,309
206.2,315,312
206.2,307,308
206.21,314,313
206.22,307,306
206.28,315,314
206.28,309,307
206.28,313,312
206.28,310,308
206.28,312,312
206.28,311,308
206.28,310,310
206.34,311,309
206.34,309,309
206.34,315,312
206.34,312,311
206.34,314,314
206.34,312,312
206.35,317,317
206.4,311,311
206.4,319,318
206.4,313,311
206.4,317,316
206.4,312,311
206.4,314,315
206.41,313,312
206.46,315,316
206.46,314,312
206.46,315,315
206.46,318,316
206.46,312,314
206.47,318,317
206.48,313,313
206.53,318,317
206.53,314,313
206.53,318,318
206.53,312,312
206.53,316,316
206.54,313,312
206.54,317,318
206.6,314,313
206.6,318,317
206.6,316,314
206.6,315,317
206.6,319,316
206.6,317,317
206.61,318,317
206.67,315,316
206.67,320,318
206.67,312,313
206.67,319,318
206.67,314,313
206.67,319,318
206.67,314,315
206.73,319,319
206.73,315,314
206.73,318,320
206.73,317,316
206.73,318,317
206.73,317,316
206.74,316,317
206.79,318,317
206.79,317,317
206.79,318,318
206.79,314,314
206.79,320,318
206.8,314,313
206.81,318,319
206.87,313,312
206.87,319,318
206.87,313,312
206.87,317,317
206.87,315,313
206.87,315,316
206.87,315,314
206.93,315,315
206.93,317,315
206.93,314,314
206.93,316,315
206.93,312,313
206.93,319,317
206.94,311,312
206.99,318,318
206.99,312,312
206.99,317,317
206.99,312,312
206.99,317,317
206.99,313,311
207.01,316,317
207.01,313,312
207.02,316,316
207.03,315,313
207.09,314,314
207.09,316,315
207.09,314,312
207.09,314,314
207.09,313,312
207.09,319,317
207.1,311,313
207.15,319,319
207.15,312,313
207.15,318,319
207.15,313,314
207.15,321,320
207.15,318,316
207.16,319,319
207.21,318,316
207.21,316,318
207.21,321,319
207.21,316,316
207.21,321,321
207.22,316,316
207.23,321,320
207.29,317,316
207.29,322,320
207.29,316,315
207.29,321,320
207.29,318,316
207.29,320,320
207.29,318,315
207.35,316,317
207.35,316,315
207.35,319,319
207.35,319,318
207.35,316,318
207.35,320,319
207.36,317,317
207.42,321,319
207.42,315,314
207.42,321,320
207.42,315,315
207.42,321,320
207.42,315,314
207.42,321,321
207.48,317,316
207.48,320,320
207.48,317,316
207.48,321,320
207.48,319,317
207.48,317,317
207.49,319,318
207.54,315,315
207.54,319,319
207.54,314,316
207.54,318,318
207.54,312,312
207.55,320,319
207.55,314,313
207.62,318,317
207.62,313,312
207.62,317,316
207.62,313,312
207.62,317,316
207.62,315,314
207.62,315,316
207.68,315,314
207.68,312,313
207.68,315,315
207.68,311,312
207.68,316,314
207.68,311,309
207.69,314,313
207.74,308,309
207.74,315,316
207.74,310,311
207.74,316,317
207.74,312,311
207.75,315,315
207.75,314,312
207.81,314,313
207.81,315,313
207.81,314,314
207.81,314,313
207.81,311,312
207.81,314,314
207.82,312,311
207.87,316,314
207.87,309,309
207.87,316,316
207.87,310,310
207.87,315,314
207.87,310,308
207.88,314,314
207.93,308,306
207.93,310,312
207.93,309,309
207.93,308,309
207.93,312,310
207.94,311,309
207.95,313,312
208.01,308,308
208.01,312,311
208.01,307,307
208.01,312,311
208.01,308,308
208.01,313,312
208.01,307,306
208.07,311,311
208.07,308,306
208.07,311,311
208.07,308,306
208.07,310,311
208.07,309,307
208.08,307,307
208.14,310,309
208.14,306,307
208.14,312,311
208.14,306,307
208.14,314,313
208.14,311,309
208.14,312,312
208.2,308,308
208.2,313,312
208.2,309,309
208.2,314,313
208.2,311,310
208.2,313,313
208.21,311,311
208.26,312,311
208.26,315,312
208.26,313,311
208.26,315,314
208.26,311,311
208.27,315,314
208.28,309,310
208.34,315,315
208.34,308,308
208.34,315,314
208.34,309,308
208.34,314,313
208.34,308,308
208.34,312,311
208.4,310,308
208.4,311,312
208.4,313,312
208.4,309,310
208.4,312,310
208.4,309,309
208.41,312,313
208.46,307,307
208.46,313,313
208.46,306,305
208.46,311,311
208.46,307,305
208.46,309,310
208.47,306,305
208.52,309,310
208.52,308,306
208.53,310,310
208.53,308,308
208.53,308,309
208.53,311,310
208.54,307,308
208.59,313,311
208.59,309,309
208.59,317,314
208.59,310,310
208.59,316,316
208.6,312,311
208.6,317,316
208.67,314,313
208.67,318,318
208.67,316,314
208.67,318,318
208.67,318,317
208.67,320,319
208.67,319,318
208.73,316,318
208.73,319,319
208.73,316,317
208.73,321,320
208.73,317,316
208.73,322,322
208.73,317,317
208.79,323,322
208.79,319,318
208.79,324,324
208.79,318,319
208.79,324,324
208.79,322,320
208.8,320,322
208.85,321,321
208.85,318,320
208.85,320,320
208.85,318,318
208.85,320,320
208.86,317,317
208.87,321,321
208.92,316,316
208.92,322,321
208.92,316,315
208.92,320,320
208.92,315,314
208.92,319,319
208.93,314,313
208.99,317,316
208.99,315,314
208.99,315,316
208.99,315,314
208.99,311,313
208.99,314,314
209.0,313,314
209.06,319,317
209.06,315,313
209.06,319,318
209.06,315,313
209.06,319,319
209.06,313,312
209.06,318,318
209.12,314,312
209.12,316,316
209.12,314,312
209.12,313,314
209.12,313,312
209.12,311,311
209.13,313,311
209.18,307,309
209.18,315,314
209.18,308,309
209.18,314,312
209.18,307,307
209.19,310,311
209.19,305,304
209.26,310,310
209.26,306,304
209.26,308,308
209.26,305,303
209.26,304,305
209.26,305,304
209.26,302,303
209.32,304,303
209.32,301,300
209.32,304,302
209.32,299,299
209.32,303,302
209.32,300,299
209.32,306,304
209.38,298,299
209.38,304,305
209.38,299,298
209.38,304,305
209.38,301,300
209.38,305,305
209.39,302,302
209.44,305,304
209.44,307,304
209.44,304,304
209.44,307,304
209.44,300,302
209.45,305,304
209.46,300,300
209.51,306,306
209.51,300,300
209.51,306,306
209.51,305,303
209.51,308,308
209.51,306,304
209.52,312,312
209.58,306,306
209.58,310,311
209.58,309,309
209.58,311,311
209.58,312,311
209.58,312,312
209.59,315,314
209.64,309,310
209.65,316,316
209.65,311,312
209.65,318,317
209.65,313,313
209.65,318,319
209.65,313,312
209.71,319,318
209.71,317,314
209.71,316,318
209.71,316,316
209.71,319,318
209.71,320,318
209.72,318,318
209.77,320,320
209.77,318,318
209.77,323,321
209.77,319,318
209.77,322,322
209.77,318,318
209.78,326,324
209.83,320,320
209.83,324,325
209.83,320,320
209.83,323,324
209.83,322,320
209.84,321,323
209.85,321,320
209.91,322,322
209.91,322,320
209.91,318,318
209.91,321,319
209.91,316,316
209.91,322,320
209.91,316,317
209.98,321,320
209.98,317,316
209.98,323,322
209.98,316,314
209.98,318,320
209.98,319,316
209.98,322,321
210.04,320,319
210.04,319,319
210.04,318,317
210.04,317,316
210.04,318,317
210.04,314,314
210.05,319,316
210.1,311,312
210.1,316,316
210.1,310,310
210.1,315,315
210.1,311,312
210.1,317,317
210.11,311,312
210.16,315,316
210.16,314,312
210.16,315,315
210.16,313,313
210.16,312,313
210.17,314,314
210.18,311,311
210.23,316,314
210.23,310,311
210.23,317,316
210.23,312,312
210.23,318,317
210.23,312,312
210.24,318,316
210.3,314,313
210.3,317,316
210.3,313,312
210.3,316,317
210.3,315,314
210.3,315,315
210.31,318,316
210.37,314,315
210.37,318,318
210.37,314,315
210.37,320,318
210.37,315,314
210.37,320,320
210.37,318,316
210.43,323,323
210.43,319,318
210.43,326,325
210.43,318,318
210.43,323,323
210.43,323,320
210.44,322,323
210.49,323,322
210.49,323,323
210.49,326,324
210.49,324,325
210.49,331,329
210.5,325,325
210.5,332,331
210.56,325,324
210.56,330,330
210.56,326,325
210.56,331,330
210.56,325,325
210.56,327,327
210.57,327,324
210.63,326,327
210.63,325,325
210.63,324,325
210.63,326,325
210.63,325,325
210.63,329,327
210.63,324,324
210.7,328,327
210.7,320,321
210.7,326,326
210.7,321,321
210.7,328,327
210.7,320,320
210.7,324,325
210.76,321,320
210.76,323,323
210.76,320,318
210.76,321,320
210.76,319,320
210.76,321,320
210.77,321,320
210.82,319,319
210.82,323,321
210.82,317,317
210.82,323,323
210.82,318,317
210.82,324,323
210.83,320,319
210.88,323,322
210.88,317,317
210.88,321,321
210.88,319,318
210.88,321,322
210.89,321,320
210.9,320,321
210.96,322,321
210.96,320,320
210.96,321,321
210.96,319,320
210.96,323,322
210.96,318,319
210.96,325,323
211.02,319,318
211.02,325,324
211.02,322,320
211.02,323,324
211.02,322,321
211.02,325,325
211.03,322,322
211.08,325,326
211.08,324,323
211.09,322,323
211.09,324,325
211.09,323,324
211.09,328,327
211.09,321,321
211.15,327,326
211.15,322,323
211.15,328,328
211.15,322,320
211.15,327,327
211.15,320,321
211.16,324,325
211.21,321,319
211.21,323,323
211.21,323,320
211.21,322,321
211.21,321,320
211.22,320,320
211.22,323,321
211.29,318,318
211.29,323,321
211.29,317,315
211.29,322,321
211.29,317,316
211.29,320,321
211.29,317,316
211.35,323,322
211.35,318,319
211.35,324,325
211.35,322,321
211.35,323,324
211.35,323,323
211.36,323,324
211.41,327,324
211.41,322,322
211.41,326,324
211.41,320,321
211.41,326,324
211.41,319,318
211.42,324,324
211.48,317,316
211.48,325,324
211.48,319,317
211.48,323,322
211.48,321,321
211.48,324,323
211.49,323,322
211.54,321,322
211.54,321,321
211.54,321,322
211.54,324,323
211.54,320,320
211.54,326,325
211.55,318,319
211.62,328,327
211.62,323,321
211.62,328,328
211.62,321,321
211.62,325,326
211.62,324,322
211.62,324,324
211.68,325,323
211.68,325,324
211.68,324,322
211.68,322,322
211.68,323,324
211.68,320,320
211.68,324,323
211.74,318,318
211.74,323,322
211.74,316,317
211.74,324,323
211.74,319,317
211.74,322,323
211.75,318,317
211.8,321,321
211.8,319,316
211.8,319,319
211.8,321,318
211.8,319,319
211.81,320,319
211.81,319,319
211.88,324,323
211.88,319,318
211.88,324,323
211.88,318,317
211.88,320,321
211.88,315,314
211.88,323,321
211.94,316,314
211.94,320,320
211.94,317,316
211.94,319,318
211.94,318,316
211.94,319,318
211.95,319,317
212.0,315,316
212.0,318,317
212.0,315,315
212.0,318,318
212.0,314,314
212.0,321,320
212.01,315,315
212.07,321,321
212.07,316,316
212.07,322,322
212.07,319,317
212.07,320,320
212.07,318,316
212.08,320,321
212.13,317,315
212.13,318,317
212.13,318,316
212.13,315,315
212.13,318,317
212.13,313,314
212.14,319,318
212.2,313,312
212.2,319,317
212.21,311,311
212.21,317,316
212.21,311,310
212.21,315,316
212.21,309,309
212.27,312,313
212.27,310,310
212.27,310,311
212.27,311,310
212.27,311,310
212.27,313,311
212.27,309,308
212.33,311,311
212.33,308,308
212.33,314,313
212.33,308,307
212.33,315,314
212.33,308,307
212.34,313,313
212.39,308,306
212.39,312,311
212.39,312,310
212.39,311,310
212.39,314,311
212.4,310,311
212.4,312,312
212.46,311,310
212.46,314,313
212.46,310,311
212.46,316,316
212.46,310,311
212.46,317,315
212.47,312,311
212.53,318,318
212.53,312,311
212.53,319,319
212.53,315,313
212.53,317,316
212.53,317,316
212.54,317,317
212.6,319,318
212.6,317,318
212.6,321,319
212.6,316,316
212.6,321,320
212.6,314,315
212.6,320,320
212.66,315,314
212.66,321,319
212.66,316,314
212.66,320,320
212.66,316,315
212.66,320,319
212.67,316,316
212.72,319,320
212.72,317,317
212.72,316,317
212.72,318,318
212.72,316,316
212.72,320,317
212.73,312,313
212.78,319,317
212.78,312,311
212.78,319,317
212.78,313,312
212.78,318,316
212.79,312,312
212.8,317,317
212.86,314,312
212.86,315,315
212.86,315,313
212.86,315,314
212.86,311,312
212.86,312,312
212.86,315,313
212.92,311,309
212.92,313,312
212.92,307,308
212.92,314,314
212.92,308,308
212.92,315,315
212.93,310,309
212.99,316,316
212.99,313,311
212.99,315,315
212.99,313,311
212.99,315,314
212.99,313,313
212.99,311,313
213.05,315,313
213.05,312,312
213.05,315,314
213.05,309,309
213.05,315,314
213.05,309,309
213.06,315,314
213.11,309,308
213.11,314,314
213.11,311,309
213.11,314,314
213.11,311,310
213.12,312,313
213.13,313,311
213.19,314,313
213.19,313,312
213.19,313,312
213.19,314,314
213.19,310,311
213.19,317,315
213.19,313,313
213.25,319,319
213.25,312,313
213.25,318,319
213.25,314,314
213.25,320,320
213.25,318,316
213.26,320,320
213.31,318,318
213.31,321,321
213.31,322,321
213.31,321,322
213.31,323,321
213.31,318,320
213.32,324,324
213.38,319,320
213.38,326,325
213.38,319,320
213.38,324,324
213.38,320,319
213.38,325,326
213.39,320,319
213.44,323,324
213.44,320,321
213.44,322,324
213.44,321,320
213.44,321,321
213.44,322,320
213.45,319,320
213.52,322,322
213.52,318,319
213.52,322,321
213.52,316,316
213.52,321,321
213.52,315,314
213.52,323,322
213.58,316,316
213.58,320,320
213.58,318,316
213.58,322,320
213.58,317,317
213.58,318,318
213.58,319,317
213.64,318,318
213.64,319,317
213.64,316,316
213.64,318,319
213.64,315,314
213.64,322,320
213.65,315,316
213.7,323,322
213.7,317,316
213.7,320,321
213.7,317,316
213.7,320,321
213.71,317,315
213.72,318,320
213.77,318,318
213.77,319,320
213.77,322,321
213.77,318,320
213.77,323,322
213.77,320,319
213.78,324,324
213.84,320,320
213.84,327,326
213.84,321,320
213.84,326,325
213.84,319,318
213.84,322,322
213.85,319,316
213.9,322,321
213.9,320,318
213.9,318,320
213.9,320,318
213.9,317,318
213.91,321,320
213.91,318,317
213.97,322,322
213.97,319,319
213.97,321,321
213.97,318,319
213.97,325,324
213.97,321,320
213.98,324,325
214.03,320,320
214.03,325,326
214.03,322,321
214.03,325,326
214.03,324,322
214.03,323,324
214.04,324,323
214.11,321,322
214.11,326,325
214.11,322,322
214.11,326,325
214.11,322,321
214.11,325,325
214.11,319,319
214.17,324,325
214.17,320,320
214.17,324,325
214.17,319,319
214.17,322,323
214.17,321,321
214.17,320,321
214.23,322,321
214.23,319,320
214.23,326,323
214.23,321,321
214.23,325,323
214.23,319,320
214.24,325,323
214.3,320,320
214.3,324,325
214.3,320,320
214.3,324,324
214.3,319,317
214.3,321,322
214.3,318,317
214.36,321,320
214.36,317,316
214.36,317,316
214.36,317,315
214.36,313,314
214.36,317,316
214.37,313,313
214.42,316,316
214.42,311,312
214.42,318,318
214.42,311,311
214.42,315,316
214.43,313,312
214.44,314,315
214.5,310,310
214.5,313,315
214.5,312,312
214.5,313,312
214.5,313,311
214.5,312,312
214.5,315,314
214.56,309,311
214.56,313,313
214.56,310,310
214.56,317,315
214.56,309,308
214.56,315,314
214.57,307,306
214.58,313,312
214.59,307,305
214.6,308,308
214.65,306,306
214.65,307,307
214.65,306,306
214.65,305,305
214.65,308,306
214.65,304,305
214.66,307,306
214.72,301,303
214.72,306,306
214.72,302,302
214.72,308,307
214.72,300,301
214.72,307,307
214.73,304,302
214.78,308,308
214.78,302,302
214.78,307,307
214.78,305,304
214.78,308,308
214.78,308,306
214.79,304,306
214.86,308,308
214.86,305,304
214.86,309,308
214.86,302,303
214.86,308,308
214.86,303,303
214.86,310,310
214.92,306,304
214.92,311,310
214.92,306,305
214.92,309,310
214.92,305,303
214.92,306,307
214.92,307,306
214.98,304,306
214.98,308,307
214.98,304,305
214.98,309,306
214.98,305,304
214.98,308,309
214.99,303,303
215.05,307,307
215.05,302,302
215.05,306,307
215.05,303,303
215.05,307,307
215.05,304,303
215.05,307,308
215.11,304,304
215.11,307,308
215.11,308,308
215.11,308,308
215.11,311,310
215.11,306,308
215.12,313,311
215.17,304,305
215.17,312,311
215.17,307,306
215.17,310,311
215.17,307,306
215.18,310,310
215.19,306,305
215.25,310,308
215.25,304,304
215.25,306,307
215.25,306,306
215.25,307,306
215.25,308,307
215.25,305,304
215.31,307,306
215.31,302,304
215.31,308,308
215.31,301,302
215.31,309,309
215.31,303,303
215.32,307,307
215.37,304,302
215.37,308,308
215.37,303,303
215.37,309,308
215.37,306,304
215.37,308,308
215.38,310,308
215.44,305,306
215.44,311,309
215.44,307,306
215.44,312,312
215.44,309,310
215.44,316,316
215.45,310,310
215.5,317,316
215.5,312,310
215.5,319,316
215.5,313,312
215.5,316,316
215.5,314,313
215.51,315,315
215.58,313,311
215.58,311,311
215.58,313,311
215.58,309,309
215.58,311,311
215.58,310,310
215.58,315,313
215.64,310,309
215.64,315,314
215.64,308,308
215.64,313,314
215.64,310,309
215.64,313,314
215.64,312,310
215.7,312,314
215.7,312,312
215.7,313,313
215.7,315,313
215.7,314,312
215.7,316,314
215.71,311,311
215.76,315,313
215.76,309,309
215.76,314,314
215.76,309,309
215.76,314,314
215.77,311,309
215.78,313,314
215.83,309,308
215.83,313,313
215.83,311,309
215.83,313,313
215.83,313,312
215.83,312,314
215.84,316,315
215.9,311,312
215.9,319,317
215.9,311,311
215.9,315,315
215.9,309,309
215.9,314,314
215.91,308,308
215.96,313,313
215.96,308,307
215.97,310,311
215.97,307,306
215.97,310,309
215.97,307,306
215.97,308,307
216.03,308,307
216.03,305,306
216.03,309,308
216.03,306,306
216.03,311,309
216.03,303,304
216.04,310,310
216.09,305,304
216.09,312,310
216.09,306,304
216.09,311,311
216.09,306,306
216.09,312,312
216.1,311,309
216.15,314,315
216.15,315,313
216.15,314,314
216.15,317,317
216.15,316,316
216.16,320,319
216.17,315,315
216.23,320,319
216.23,315,315
216.23,322,321
216.23,319,317
216.23,322,322
216.23,319,317
216.23,320,322
216.29,320,319
216.29,322,322
216.29,320,318
216.29,320,320
216.29,321,319
216.29,318,318
216.3,323,322
216.36,321,320
216.36,323,322
216.36,319,319
216.36,323,323
216.36,316,315
216.36,323,322
216.37,317,317
216.42,322,322
216.42,317,316
216.42,321,321
216.42,319,317
216.42,318,319
216.42,320,318
216.43,316,317
216.48,319,318
216.48,316,317
216.48,321,320
216.48,317,316
216.48,322,320
216.49,316,317
216.5,323,322
216.56,318,316
216.56,321,320
216.56,319,318
216.56,320,323
216.56,320,319
216.56,322,322
216.56,323,320
216.62,320,321
216.62,322,322
216.62,322,323
216.62,326,324
216.62,322,321
216.62,324,324
216.63,321,320
216.68,326,324
216.68,318,319
216.68,325,326
216.68,320,318
216.68,325,324
216.68,320,320
216.69,324,323
216.75,320,320
216.75,322,323
216.75,322,321
216.75,321,321
216.75,323,321
216.75,319,320
216.76,322,321
216.81,318,318
216.81,324,324
216.81,319,318
216.81,324,323
216.81,316,317
216.82,321,321
216.82,317,316
216.89,321,320
216.89,318,316
216.89,320,320
216.89,318,316
216.89,318,318
216.89,321,319
216.89,318,318
216.95,320,318
216.95,314,315
216.95,319,318
216.95,313,314
216.95,319,318
216.95,314,313
216.95,316,317
217.01,313,312
217.01,316,316
217.01,313,312
217.01,313,313
217.01,313,311
217.01,314,312
217.02,311,310
217.07,310,310
217.07,314,313
217.07,309,308
217.07,314,312
217.07,308,309
217.08,315,314
217.09,311,310
217.15,314,314
217.15,310,310
217.15,314,315
217.15,310,308
217.15,312,312
217.15,311,312
217.15,313,314
217.21,314,311
217.21,313,313
217.21,316,314
217.21,310,312
217.21,315,313
217.21,311,310
217.22,316,316
217.28,310,310
217.28,316,315
217.28,309,309
217.28,315,314
217.28,310,309
217.28,314,314
217.28,311,310
217.34,313,313
217.34,311,309
217.34,312,312
217.34,314,312
217.34,310,310
217.34,312,312
217.35,311,310
217.4,312,312
217.4,308,309
217.4,315,314
217.4,309,309
217.4,314,314
217.41,309,306
217.41,310,312
217.46,308,308
217.46,311,311
217.46,311,308
217.46,311,311
217.46,310,309
217.47,311,311
217.48,314,312
217.54,309,311
217.54,312,312
217.54,308,309
217.54,316,316
217.54,311,310
217.54,316,317
217.54,310,310
217.61,317,317
217.61,312,311
217.61,317,317
217.61,313,313
217.61,314,316
217.61,317,315
217.61,316,316
217.67,318,316
217.67,317,316
217.67,318,316
217.67,318,317
217.67,320,320
217.67,316,316
217.68,321,320
217.73,317,316
217.73,321,320
217.73,317,317
217.73,322,322
217.73,318,315
217.73,320,320
217.74,317,316
217.79,319,318
217.79,320,318
217.79,317,317
217.79,321,318
217.79,318,317
217.8,321,320
217.81,317,317
217.87,323,322
217.87,317,316
217.87,324,323
217.87,320,318
217.87,325,324
217.87,320,320
217.87,324,324
217.93,321,319
217.93,323,322
217.93,321,319
217.93,320,320
217.93,321,319
217.93,319,320
217.94,321,320
217.99,317,317
217.99,321,321
217.99,317,317
217.99,323,321
217.99,315,316
218.0,323,322
218.0,315,316
218.06,322,322
218.06,317,317
218.06,321,322
218.06,318,318
218.06,323,322
218.06,324,322
218.07,323,322
218.12,324,323
218.12,322,322
218.12,324,324
218.12,320,321
218.12,325,325
218.13,321,320
218.13,327,325
218.2,321,319
218.2,326,325
218.2,321,320
218.2,325,324
218.2,320,320
218.2,323,323
218.2,323,322
218.26,321,322
218.26,322,322
218.26,320,321
218.26,323,322
218.26,317,319
218.26,322,321
218.27,317,316
218.32,320,321
218.32,315,315
218.32,320,319
218.32,316,316
218.32,319,318
218.32,315,314
218.33,318,318
218.39,317,316
218.39,317,316
218.39,315,313
218.39,313,313
218.39,316,315
218.39,314,314
218.4,318,315
218.45,311,311
218.45,316,316
218.45,312,311
218.45,316,315
218.45,312,312
218.45,315,315
218.46,313,312
218.53,317,317
218.53,315,313
218.53,317,317
218.53,316,314
218.53,314,315
218.53,316,314
218.53,315,314
218.59,316,316
218.59,312,313
218.59,315,315
218.59,309,308
218.59,315,314
218.59,306,308
218.59,312,312
218.65,307,306
218.65,311,311
218.65,308,308
218.65,309,308
218.65,310,307
218.65,310,311
218.66,310,309
218.71,310,311
218.71,310,310
218.71,310,312
218.71,316,314
218.71,310,308
218.72,315,314
218.72,311,310
218.77,315,314
218.77,309,309
218.77,316,316
218.77,311,309
218.77,315,315
218.78,310,310
218.79,314,314
218.85,313,311
218.85,314,314
218.85,315,313
218.85,313,313
218.85,314,314
218.85,312,311
218.86,318,316
218.91,310,311
218.91,316,316
218.91,311,310
218.91,314,315
218.91,310,310
218.91,316,315
218.92,311,310
218.98,314,314
218.98,311,310
218.98,312,313
218.98,313,311
218.98,313,311
218.98,312,312
218.99,312,312
219.04,315,313
219.04,310,310
219.04,314,313
219.04,310,309
219.04,313,314
219.04,309,308
219.05,313,313
219.1,306,306
219.1,313,314
219.1,310,309
219.1,313,314
219.1,314,312
219.11,315,315
219.12,316,316
219.18,314,315
219.18,318,316
219.18,312,313
219.18,316,316
219.18,314,313
219.18,317,318
219.18,312,311
219.24,316,316
219.24,311,310
219.24,315,314
219.24,310,310
219.24,312,313
219.24,311,310
219.25,311,311
219.3,310,309
219.3,309,309
219.3,311,310
219.3,308,308
219.3,313,311
219.31,308,309
219.31,313,313
219.37,309,308
219.37,315,314
219.37,310,308
219.37,315,314
219.37,309,309
219.37,313,313
219.38,311,310
219.43,311,313
219.43,312,309
219.43,310,311
219.43,312,312
219.43,309,308
219.44,314,312
219.45,305,307
219.51,312,312
219.51,307,306
219.51,312,311
219.51,305,304
219.51,311,311
219.51,306,305
219.51,311,311
219.57,309,308
219.57,310,310
219.57,309,308
219.57,311,310
219.57,309,310
219.57,310,310
219.58,313,312
219.63,310,308
219.63,312,311
219.63,310,309
219.63,312,311
219.63,307,307
219.63,313,312
219.64,310,308
219.69,311,312
219.69,308,308
219.69,311,311
219.69,308,308
219.69,312,312
219.7,312,310
219.71,311,311
219.77,313,312
219.77,310,310
219.77,313,314
219.77,311,310
219.77,315,313
219.77,308,309
219.77,314,314
219.83,311,309
219.83,315,314
219.83,311,310
219.83,315,314
219.83,310,310
219.83,315,315
219.84,316,314
219.89,313,314
219.9,313,313
219.9,314,314
219.9,315,314
219.9,311,310
219.9,315,315
219.9,312,311
219.96,317,316
219.96,313,311
219.96,318,316
219.96,313,312
219.96,317,316
219.96,312,311
219.97,316,316
220.02,315,314
220.02,317,318
220.02,315,315
220.02,318,318
220.02,316,315
220.03,313,313
220.04,318,316
220.1,311,312
220.1,314,314
220.1,311,311
220.1,316,314
220.1,311,310
220.1,316,315
220.1,311,310
220.16,316,315
220.16,311,310
220.16,314,315
220.16,311,311
220.16,310,312
220.16,313,311
220.17,310,310
220.22,310,310
220.22,309,310
220.22,312,312
220.22,308,309
220.22,313,311
220.22,308,307
220.23,312,312
220.28,305,304
220.28,311,310
220.28,307,305
220.28,311,310
220.28,307,306
220.29,308,308
220.3,307,304
220.35,306,307
220.35,308,306
220.35,305,305
220.35,309,307
220.35,304,304
220.35,310,309
220.36,307,306
220.43,310,311
220.43,305,305
220.43,310,310
220.43,305,304
220.43,311,310
220.43,306,306
220.43,309,310
220.49,308,306
220.49,307,307
220.49,309,306
220.49,309,308
220.49,311,310
220.49,307,307
220.49,313,311
220.55,305,306
220.55,311,310
220.55,306,306
220.55,312,311
220.55,306,305
220.55,310,312
220.56,308,308
220.61,313,312
220.61,308,306
220.61,308,308
220.61,308,308
220.61,307,306
220.62,310,308
220.62,306,307
220.68,309,308
220.68,308,307
220.68,311,310
220.68,305,305
220.68,309,310
220.68,304,305
220.69,311,310
220.75,307,305
220.75,310,310
220.75,306,306
220.75,309,310
220.75,309,307
220.75,306,308
220.76,308,308
220.82,309,309
220.82,311,310
220.82,310,309
220.82,311,311
220.82,308,308
220.82,315,313
220.82,308,308
220.88,315,313
220.88,308,308
220.88,314,315
220.88,311,310
220.88,315,315
220.88,313,312
220.89,314,315
220.94,314,314
220.94,315,314
220.94,316,314
220.94,313,312
220.94,317,316
220.94,311,311
220.95,316,316
221.0,313,311
221.0,315,315
221.0,313,312
221.0,318,317
221.0,311,311
221.01,317,316
221.02,312,311
221.08,314,316
221.08,315,314
221.08,317,316
221.08,318,316
221.08,316,317
221.08,320,318
221.08,316,317
221.14,320,320
221.14,316,317
221.14,322,322
221.14,316,315
221.14,323,323
221.14,316,316
221.15,323,322
221.21,317,317
221.21,320,321
221.21,319,318
221.21,319,321
221.21,321,319
221.21,321,321
221.21,323,321
221.27,319,320
221.27,322,321
221.27,319,320
221.27,325,324
221.27,321,320
221.27,324,324
221.28,319,318
221.33,324,324
221.33,320,320
221.33,324,324
221.33,321,320
221.33,325,323
221.34,321,321
221.35,322,322
221.41,321,321
221.41,321,322
221.41,323,322
221.41,323,322
221.41,326,325
221.41,323,322
221.41,326,327
221.47,323,324
221.47,328,328
221.47,322,322
221.47,329,329
221.47,323,322
221.47,325,325
221.48,325,323
221.53,324,324
221.53,323,321
221.53,321,321
221.53,322,322
221.53,319,319
221.53,323,322
221.54,318,318
221.59,323,322
221.59,319,319
221.59,323,322
221.59,319,318
221.59,322,322
221.6,317,316
221.61,323,322
221.67,317,316
221.67,320,322
221.67,320,319
221.67,320,320
221.67,322,319
221.67,318,319
221.67,322,320
221.73,318,317
221.73,323,322
221.73,317,317
221.73,322,321
221.73,315,316
221.73,323,322
221.74,320,318
221.8,322,324
221.8,320,320
221.8,323,323
221.8,322,320
221.8,322,322
221.8,323,322
221.8,322,322
221.86,323,322
221.86,321,321
221.86,323,321
221.86,316,317
221.86,322,322
221.86,315,315
221.87,318,318
221.92,314,314
221.92,318,317
221.92,313,312
221.92,318,317
221.92,312,312
221.93,315,315
221.94,314,312
222.0,313,313
222.0,315,314
222.0,310,311
222.0,312,312
222.0,309,310
222.0,314,314
222.0,310,310
222.06,316,316
222.06,312,310
222.06,317,315
222.06,311,309
222.06,316,316
222.06,313,312
222.07,317,316
222.12,315,313
222.12,314,315
222.12,315,313
222.12,313,314
222.12,315,314
222.12,314,313
222.13,315,315
222.19,312,313
222.19,316,314
222.19,311,310
222.19,317,315
222.19,310,310
222.19,316,316
222.2,309,308
222.21,311,312
222.22,308,307
222.23,309,311
222.28,307,306
222.28,310,309
222.28,308,307
222.28,306,305
222.28,308,308
222.28,307,306
222.29,310,308
222.34,305,305
222.34,308,308
222.34,302,303
222.34,310,308
222.34,304,303
222.35,306,307
222.36,304,303
222.42,306,306
222.42,305,303
222.42,304,304
222.42,304,304
222.42,305,304
222.42,307,305
222.42,304,305
222.48,307,306
222.48,304,304
222.48,308,307
222.48,304,303
222.48,309,310
222.48,304,302
222.49,310,309
222.55,304,303
222.55,308,309
222.55,306,305
222.55,307,308
222.55,308,306
222.55,308,308
222.55,309,308
222.61,306,307
222.61,309,308
222.61,305,306
222.61,310,310
222.61,306,305
222.61,312,311
222.62,305,305
222.67,310,310
222.67,306,305
222.67,309,310
222.67,308,307
222.67,313,311
222.68,310,309
222.69,312,311
222.75,314,311
222.75,313,312
222.75,313,311
222.75,310,310
222.75,314,313
222.75,308,309
222.75,315,314
222.81,309,310
222.81,316,316
222.81,310,311
222.81,316,316
222.81,312,312
222.81,317,316
222.82,314,313
222.87,317,315
222.87,315,313
222.87,315,314
222.87,316,314
222.87,312,313
222.87,316,315
222.88,313,313
222.94,316,316
222.94,312,312
222.94,316,316
222.94,312,310
222.94,316,317
222.94,310,310
222.95,317,316
223.0,312,311
223.0,316,316
223.0,313,312
223.0,314,313
223.0,315,313
223.0,315,315
223.01,318,316
223.06,314,313
223.06,320,318
223.06,315,315
223.06,320,318
223.06,314,313
223.07,318,318
223.08,312,313
223.14,318,317
223.14,311,312
223.14,316,316
223.14,315,312
223.14,315,315
223.14,311,311
223.14,314,314
223.2,314,314
223.2,310,311
223.2,315,315
223.2,308,308
223.2,313,312
223.2,308,308
223.21,311,311
223.27,307,307
223.27,311,310
223.27,306,305
223.27,311,311
223.27,309,306
223.27,309,310
223.27,309,307
223.33,309,308
223.33,309,308
223.33,308,308
223.33,309,308
223.33,306,306
223.33,311,308
223.34,304,305
223.39,311,310
223.39,305,305
223.39,311,310
223.39,306,304
223.39,310,310
223.4,305,304
223.41,310,310
223.46,306,304
223.46,307,308
223.46,306,305
223.46,307,308
223.46,309,307
223.46,306,306
223.47,309,309
223.53,305,305
223.53,308,308
223.53,304,305
223.53,309,308
223.53,303,302
223.53,309,310
223.54,306,304
223.59,307,309
223.59,303,304
223.59,306,307
223.59,307,307
223.59,307,307
223.59,308,306
223.6,306,307
223.66,309,309
223.66,306,307
223.66,311,310
223.66,308,306
223.66,311,310
223.66,306,306
223.67,313,312
223.72,305,306
223.72,311,311
223.72,306,306
223.72,310,311
223.72,309,307
223.73,309,309
223.73,309,309
223.8,309,310
223.8,311,308
223.8,307,307
223.8,311,309
223.8,305,306
223.8,311,310
223.8,308,307
223.86,313,313
223.86,308,308
223.86,313,313
223.86,307,306
223.86,309,311
223.86,309,308
223.86,313,311
223.92,308,308
223.92,310,311
223.92,310,310
223.92,309,309
223.92,312,312
223.92,309,309
223.93,312,313
223.98,309,310
223.98,315,314
223.98,310,309
223.98,317,315
223.98,310,310
223.99,316,316
224.0,311,311
224.05,315,315
224.05,313,312
224.05,313,313
224.05,313,312
224.05,314,313
224.05,314,313
224.06,313,312
224.12,315,313
224.12,309,310
224.12,314,315
224.12,310,310
224.12,315,314
224.12,313,312
224.13,315,315
224.19,311,310
224.19,314,316
224.19,312,311
224.19,315,315
224.19,313,311
224.19,314,314
224.19,315,313
224.25,313,313
224.25,317,315
224.25,313,312
224.25,316,314
224.25,310,312
224.25,318,317
224.26,311,310
224.31,317,315
224.31,312,311
224.31,317,317
224.31,314,312
224.31,315,316
224.32,314,313
224.32,318,318
224.39,319,317
224.39,318,317
224.39,319,317
224.39,318,318
224.39,321,320
224.39,316,316
224.39,321,320
224.45,318,317
224.45,323,322
224.45,317,316
224.45,323,323
224.45,317,316
224.45,320,321
224.45,318,316
224.51,319,319
224.51,317,315
224.51,319,318
224.51,317,316
224.51,314,315
224.51,319,317
224.52,315,314
224.58,318,317
224.58,314,314
224.58,318,318
224.58,314,314
224.58,320,319
224.58,315,314
224.59,319,320
224.64,316,316
224.64,320,320
224.64,314,315
224.64,318,318
224.64,319,317
224.64,316,317
224.65,318,318
224.7,315,314
224.7,317,317
224.7,316,316
224.7,319,318
224.7,315,314
224.71,321,320
224.72,315,313
224.78,321,319
224.78,313,313
224.78,319,318
224.78,314,314
224.78,316,317
224.78,315,313
224.78,317,317
224.84,316,316
224.84,314,315
224.84,318,318
224.84,316,316
224.84,319,318
224.84,313,314
224.85,319,318
224.9,314,313
224.9,319,318
224.9,314,313
224.9,317,318
224.9,314,312
224.9,317,316
224.91,312,312
224.97,314,313
224.97,313,312
224.97,312,312
224.97,315,314
224.97,310,311
224.97,315,313
224.98,309,310
225.04,316,316
225.04,311,310
225.04,319,319
225.04,315,313
225.04,320,320
225.04,317,315
225.04,318,319
225.1,315,314
225.1,318,317
225.11,313,312
225.11,314,314
225.11,314,312
225.11,311,311
225.11,313,312
225.17,310,309
225.17,313,312
225.17,305,306
225.17,312,311
225.17,306,307
225.17,313,312
225.18,307,307
225.23,313,311
225.23,309,307
225.23,311,312
225.23,308,307
225.23,310,309
225.23,309,308
225.24,307,308
225.29,310,309
225.29,306,307
225.29,310,310
225.29,305,305
225.29,311,309
225.3,306,306
225.31,311,310
225.37,304,304
225.37,308,309
225.37,304,305
225.37,309,308
225.37,307,304
225.37,307,307
225.37,307,305
225.43,306,306
225.43,308,307
225.43,306,306
225.43,309,307
225.43,304,305
225.43,310,309
225.44,303,304
225.5,310,309
225.5,305,304
225.5,311,310
225.5,304,304
225.5,312,311
225.5,306,305
225.5,309,309
225.56,307,306
225.56,308,308
225.56,309,308
225.56,306,308
225.56,310,309
225.56,307,306
225.57,309,309
225.62,303,304
225.62,312,310
225.62,305,305
225.62,311,309
225.62,305,305
225.63,310,309
225.63,306,305
225.7,309,309
225.7,309,306
225.7,310,310
225.7,308,307
225.7,308,308
225.7,311,309
225.7,306,307
225.76,310,309
225.76,308,307
225.76,310,309
225.76,305,305
225.76,313,311
225.76,306,305
225.76,311,311
225.82,304,304
225.82,311,311
225.82,307,306
225.82,308,309
225.82,307,305
225.82,308,309
225.83,308,307
225.88,306,307
225.88,309,308
225.88,306,306
225.88,310,308
225.88,304,305
225.89,309,309
225.9,304,304
225.95,310,309
225.95,304,304
225.95,309,310
225.95,304,304
225.95,310,309
225.95,308,306
225.96,308,309
226.03,309,307
226.03,309,309
226.03,311,310
226.03,309,309
226.03,312,311
226.03,310,308
226.03,312,311
226.09,307,306
226.09,313,312
226.09,306,306
226.09,312,312
226.09,307,306
226.09,312,312
226.09,307,306
226.15,310,310
226.15,311,309
226.15,310,311
226.15,310,308
226.15,309,309
226.15,311,310
226.16,309,308
226.21,311,310
226.21,307,307
226.21,312,312
226.21,309,308
226.21,312,312
226.22,307,306
226.22,313,313
226.29,308,307
226.29,312,312
226.29,309,307
226.29,310,309
226.29,309,308
226.29,308,309
226.29,312,311
226.35,309,310
226.35,312,311
226.35,307,308
226.35,312,310
226.35,307,306
226.35,310,310
226.35,307,306
226.41,309,308
226.41,304,304
226.41,309,310
226.41,305,304
226.41,310,309
226.41,306,304
226.42,307,307
226.48,306,306
226.48,304,306
226.48,308,307
226.48,306,305
226.48,308,308
226.48,305,305
226.49,310,309
226.54,303,303
226.54,305,305
226.54,301,300
226.54,304,304
226.54,300,300
226.54,305,304
226.55,300,299
226.6,302,302
226.6,302,300
226.6,303,302
226.6,304,302
226.6,300,301
226.61,304,303
226.62,299,300
226.68,305,303
226.68,298,298
226.68,306,305
226.68,300,300
226.68,304,304
226.68,300,299
226.68,302,304
226.74,302,301
226.74,304,303
226.74,301,301
226.74,303,302
226.74,302,302
226.74,302,302
226.75,307,304
226.81,301,301
226.81,306,306
226.81,305,306
226.81,311,310
226.81,306,307
226.81,312,312
226.81,307,306
226.87,312,313
226.87,309,308
226.87,313,313
226.87,313,312
226.87,314,313
226.87,314,314
226.88,316,315
226.93,317,314
226.93,314,315
226.93,320,319
226.93,316,316
226.93,322,320
226.94,316,317
226.94,323,322
226.99,318,318
227.0,322,323
227.0,317,317
227.0,322,324
227.0,323,320
227.0,322,322
227.01,322,321
227.07,323,323
227.07,323,322
227.07,323,322
227.07,326,324
227.07,321,322
227.07,325,323
227.08,321,320
227.13,324,324
227.13,320,320
227.13,325,325
227.13,321,322
227.13,327,326
227.13,323,321
227.14,325,325
227.2,323,321
227.2,325,325
227.2,325,324
227.2,324,325
227.2,327,324
227.2,323,322
227.21,326,325
227.26,323,322
227.26,329,327
227.26,323,322
227.26,327,327
227.26,321,320
227.26,327,326
227.27,322,321
227.34,325,324
227.34,321,320
227.34,322,323
227.34,320,320
227.34,321,321
227.34,321,321
227.34,320,320
227.4,323,322
227.4,319,319
227.4,322,322
227.4,317,317
227.4,323,322
227.4,316,316
227.4,322,321
227.46,318,316
227.46,321,322
227.46,319,318
227.46,322,321
227.46,319,317
227.46,318,319
227.47,319,318
227.52,318,318
227.52,318,318
227.52,315,316
227.52,319,318
227.52,315,314
227.53,318,318
227.53,314,313
227.59,319,318
227.59,315,314
227.59,319,319
227.59,314,314
227.59,317,316
227.59,315,314
227.6,316,316
227.66,315,314
227.66,317,316
227.66,315,314
227.66,313,313
227.66,316,316
227.66,314,313
227.67,318,316
227.73,311,312
227.73,317,318
227.73,311,312
227.73,316,317
227.73,314,312
227.73,319,319
227.73,313,311
227.79,317,317
227.79,318,314
227.79,318,318
227.79,316,315
227.79,317,317
227.79,318,317
227.8,316,317
227.85,320,319
227.85,316,317
227.85,321,320
227.85,316,316
227.85,321,319
227.85,316,316
227.86,321,319
227.91,317,315
227.91,320,320
227.91,318,316
227.91,319,318
227.91,316,315
227.92,318,318
227.93,319,317
227.98,314,315
227.98,318,318
227.98,314,314
227.98,318,317
227.98,313,313
227.98,320,318
227.99,313,314
228.06,319,320
228.06,314,314
228.06,320,320
228.06,316,314
228.06,321,320
228.06,318,317
228.06,317,317
228.12,318,317
228.12,317,317
228.12,319,317
228.12,316,316
228.12,320,319
228.12,316,317
228.12,321,319
228.18,315,315
228.18,321,320
228.18,315,314
228.18,321,320
228.18,318,316
228.18,320,321
228.19,317,316
228.24,320,320
228.24,319,317
228.24,315,317
228.25,318,318
228.25,315,316
228.25,319,318
228.26,315,315
228.31,319,318
228.31,314,313
228.31,320,319
228.31,313,313
228.31,317,316
228.31,312,311
228.32,315,316
228.39,313,311
228.39,315,316
228.39,313,312
228.39,315,315
228.39,315,314
228.39,313,313
228.39,317,315
228.45,312,312
228.45,316,315
228.45,312,312
228.45,317,317
228.45,313,313
228.45,317,317
228.45,313,312
228.51,319,318
228.51,312,312
228.51,316,317
228.51,314,313
228.51,315,315
228.51,313,313
228.52,313,313
228.57,318,315
228.57,312,312
228.57,317,315
228.57,313,313
228.57,318,316
228.57,309,310
228.58,315,315
228.63,309,310
228.63,317,316
228.63,313,311
228.63,316,316
228.63,312,312
228.64,316,315
228.65,315,314
228.71,316,316
228.71,314,314
228.71,314,315
228.71,316,315
228.71,313,313
228.71,316,316
228.71,313,312
228.78,318,317
228.78,315,314
228.78,321,319
228.78,315,314
228.78,318,320
228.78,314,314
228.78,318,318
228.84,316,314
228.84,318,317
228.84,317,315
228.84,316,316
228.84,318,316
228.84,317,317
228.84,319,318
228.9,314,315
228.9,319,318
228.9,313,314
228.9,318,318
228.9,314,313
228.9,318,318
228.91,314,313
228.96,319,317
228.96,315,313
228.96,318,318
228.96,316,315
228.96,317,317
228.97,316,315
228.98,315,316
229.03,317,316
229.03,314,314
229.03,318,317
229.03,311,313
229.03,319,318
229.03,315,313
229.04,317,317
229.11,313,312
229.11,318,317
229.11,312,313
229.11,316,316
229.11,314,312
229.11,313,314
229.11,314,312
229.17,312,312
229.17,314,313
229.17,310,312
229.17,314,312
229.17,309,311
229.17,313,313
229.17,308,308
229.23,313,313
229.23,307,306
229.23,313,312
229.23,308,306
229.23,312,312
229.23,308,306
229.24,310,311
229.29,311,309
229.29,308,308
229.29,307,307
229.29,309,308
229.29,309,308
229.3,307,307
229.3,311,310
229.35,306,307
229.35,313,311
229.35,307,306
229.36,311,310
229.36,306,306
229.36,314,313
229.37,306,306
229.43,311,311
229.43,309,307
229.43,310,309
229.43,308,308
229.43,308,307
229.43,309,307
229.43,306,307
229.5,309,308
229.5,306,306
229.5,311,310
229.5,304,304
229.5,311,311
229.5,306,304
229.5,310,310
229.56,306,304
229.56,311,310
229.56,308,306
229.56,309,310
229.56,308,306
229.56,308,309
229.57,311,308
229.62,308,309
229.62,310,311
229.62,308,309
229.62,312,311
229.62,309,308
229.62,313,313
229.63,309,308
229.68,313,312
229.69,310,309
229.69,314,313
229.69,309,309
229.69,313,313
229.69,309,308
229.7,313,313
229.75,310,310
229.75,310,310
229.75,310,311
229.75,309,310
229.75,315,313
229.75,308,310
229.77,314,312
229.77,310,309
229.78,318,316
229.79,310,310
229.86,316,315
229.86,310,310
229.86,315,315
229.86,313,311
229.86,313,314
229.86,313,313
229.86,315,315
229.92,316,314
229.92,315,315
229.92,319,318
229.92,314,316
229.92,320,319
229.92,315,315
229.92,321,320
229.98,317,316
229.98,322,321
229.98,315,314
229.98,321,320
229.98,317,315
229.98,318,320
229.99,318,318
230.04,322,322
230.04,323,321
230.04,323,322
230.04,323,322
230.04,320,321
230.05,325,325
230.05,322,322
230.11,327,326
230.11,322,322
230.11,327,326
230.11,321,320
230.11,324,324
230.11,320,320
230.12,323,322
230.18,321,320
230.18,325,325
230.18,321,320
230.18,323,322
230.18,321,320
230.18,319,320
230.18,321,320
230.25,318,318
230.25,322,321
230.25,318,317
230.25,321,320
230.25,313,313
230.25,321,321
230.25,317,315
230.31,319,320
230.31,314,314
230.31,317,317
230.31,314,314
230.31,316,318
230.31,317,316
230.32,316,316
230.37,316,316
230.37,314,315
230.37,316,316
230.37,312,313
230.37,317,316
230.37,311,310
230.38,314,315
230.43,310,311
230.43,316,316
230.43,310,310
230.43,313,313
230.43,311,309
230.44,310,311
230.45,309,308
230.51,309,309
230.51,309,308
230.51,307,306
230.51,311,308
230.51,306,305
230.51,310,309
230.51,306,306
230.57,311,310
230.57,305,304
230.57,310,310
230.57,305,304
230.57,309,309
230.57,305,302
230.58,305,306
230.64,303,302
230.64,303,304
230.64,304,304
230.64,302,303
230.64,305,303
230.64,302,301
230.64,306,304
230.7,302,302
230.7,305,306
230.7,302,301
230.7,305,306
230.7,302,302
230.7,307,307
230.71,302,302
230.76,307,306
230.76,304,303
230.76,306,307
230.76,306,304
230.76,305,307
230.77,308,306
230.77,307,308
230.82,310,310
230.82,305,306
230.82,310,309
230.82,305,305
230.82,314,312
230.83,306,307
230.84,313,312
230.9,307,308
230.9,314,313
230.9,309,307
230.9,312,312
230.9,309,308
230.9,311,311
230.91,312,310
230.96,311,311
230.96,313,312
230.96,308,308
230.96,315,313
230.96,310,309
230.96,314,314
230.97,310,309
231.03,317,315
231.03,309,308
231.03,313,314
231.03,310,310
231.03,313,313
231.03,310,310
231.04,313,313
231.09,315,312
231.09,312,313
231.09,313,312
231.09,311,313
231.09,317,314
231.09,308,310
231.1,316,315
231.16,311,310
231.16,317,316
231.16,313,312
231.16,318,318
231.16,313,312
231.16,317,317
231.17,313,312
231.23,314,313
231.23,313,311
231.23,312,312
231.23,311,311
231.23,310,310
231.23,313,312
231.23,309,309
231.29,312,312
231.29,309,309
231.29,314,314
231.29,309,309
231.29,313,314
231.29,311,310
231.3,316,316
231.35,312,311
231.35,316,316
231.35,314,312
231.35,316,316
231.35,316,315
231.36,316,316
231.36,318,316
231.41,316,317
231.41,318,318
231.41,314,314
231.41,319,318
231.41,313,314
231.42,320,319
231.43,315,313
231.49,319,320
231.49,315,314
231.49,320,319
231.49,319,317
231.49,321,321
231.49,321,319
231.5,323,322
231.56,322,322
231.56,321,321
231.56,320,320
231.56,317,317
231.56,319,318
231.56,314,314
231.56,317,317
231.62,313,313
231.62,319,317
231.62,311,311
231.62,316,316
231.62,313,311
231.62,315,315
231.63,312,312
231.68,314,314
231.68,314,312
231.68,313,312
231.68,314,313
231.68,310,311
231.68,315,315
231.69,311,311
231.74,317,315
231.74,312,311
231.74,316,315
231.74,309,309
231.74,315,314
231.75,311,310
231.76,314,315
231.82,311,309
231.82,312,312
231.82,311,309
231.82,308,309
231.82,309,308
231.82,309,308
231.82,309,309
231.88,307,306
231.88,310,308
231.88,304,305
231.88,309,309
231.88,305,304
231.88,310,310
231.89,303,302
231.95,310,309
231.95,303,303
231.95,306,307
231.95,304,303
231.95,306,305
231.95,303,302
231.95,305,303
232.01,306,303
232.01,300,301
232.01,304,303
232.01,301,301
232.01,306,304
232.01,298,300
232.02,305,305
232.07,300,300
232.07,304,303
232.07,299,298
232.07,302,302
232.07,301,299
232.08,302,304
232.08,301,300
232.15,303,303
232.15,305,303
232.15,302,301
232.15,306,304
232.15,300,300
232.15,305,305
232.15,303,302
232.21,306,306
232.21,300,301
232.21,307,307
232.21,303,303
232.21,307,307
232.21,303,302
232.22,306,306
232.27,304,303
232.27,307,306
232.27,306,304
232.27,307,306
232.27,307,306
232.27,307,306
232.28,309,307
232.33,303,304
232.33,309,309
232.34,305,306
232.34,311,309
232.34,307,306
232.34,311,312
232.35,307,306
232.4,311,311
232.4,308,306
232.4,310,310
232.4,308,307
232.4,309,309
232.4,312,310
232.41,310,311
232.47,315,314
232.47,313,312
232.47,317,316
232.47,310,310
232.47,315,314
232.47,309,310
232.48,315,314
232.54,310,308
232.54,313,314
232.54,308,308
232.54,312,313
232.54,310,308
232.54,310,311
232.54,312,310
232.6,311,311
232.6,313,311
232.6,309,308
232.6,312,312
232.6,309,309
232.6,315,313
232.61,309,310
232.66,316,314
232.66,310,308
232.66,313,313
232.66,308,308
232.66,313,313
232.67,310,309
232.67,311,312
232.74,311,311
232.74,311,312
232.74,310,311
232.74,312,311
232.74,315,313
232.74,311,311
232.74,317,315
232.8,312,312
232.8,317,315
232.8,313,312
232.8,317,316
232.8,312,312
232.8,319,317
232.81,313,312
232.87,316,316
232.87,314,314
232.87,316,318
232.87,319,317
232.87,316,318
232.87,319,318
232.87,316,316
232.93,321,318
232.93,317,316
232.93,322,320
232.93,314,315
232.93,320,320
232.93,315,314
232.94,320,320
232.99,317,316
232.99,321,321
232.99,318,315
232.99,318,320
232.99,318,317
232.99,320,320
233.0,320,320
233.05,316,316
233.05,321,320
233.05,317,317
233.05,323,321
233.05,316,317
233.06,325,323
233.07,318,317
233.13,321,322
233.13,317,316
233.13,322,322
233.13,317,317
233.13,320,320
233.13,317,316
233.13,317,317
233.19,318,318
233.19,318,318
233.19,319,318
233.19,319,318
233.19,320,320
233.19,316,316
233.2,320,320
233.26,317,317
233.26,322,321
233.26,318,317
233.26,323,322
233.26,316,317
233.26,321,321
233.26,318,318
233.32,320,320
233.32,321,319
233.32,321,321
233.32,323,322
233.32,320,321
233.32,324,323
233.33,320,321
233.38,325,324
233.38,320,320
233.38,327,325
233.38,320,320
233.38,325,324
233.39,320,320
233.4,325,325
233.46,323,322
233.46,324,324
233.46,322,322
233.46,324,323
233.46,324,322
233.46,320,321
233.46,324,322
233.52,320,320
233.52,321,321
233.52,317,317
233.52,323,321
233.52,315,315
233.52,323,322
233.53,315,315
233.59,321,320
233.59,317,316
233.59,318,318
233.59,315,313
233.59,314,315
233.59,316,314
233.59,314,315
233.65,316,314
233.65,312,312
233.65,317,315
233.65,312,312
233.65,316,315
233.65,310,309
233.66,316,314
233.71,307,308
233.71,312,312
233.71,305,305
233.71,311,310
233.71,304,304
233.71,308,309
233.72,307,305
233.78,308,308
233.78,308,306
233.78,307,306
233.78,309,307
233.78,304,305
233.78,309,307
233.79,303,303
233.84,309,309
233.84,304,304
233.84,313,313
233.84,311,309
233.84,313,313
233.85,312,310
233.85,315,315
233.92,311,311
233.92,312,314
233.92,312,311
233.92,312,312
233.92,314,314
233.92,313,312
233.92,316,315
233.98,314,314
233.98,317,316
233.98,313,312
233.98,317,316
233.98,312,312
233.98,318,316
233.99,312,311
234.04,317,316
234.04,312,311
234.04,315,314
234.04,314,311
234.04,314,314
234.04,313,311
234.05,309,311
234.11,312,310
234.11,308,308
234.11,312,311
234.11,309,308
234.11,309,309
234.11,305,305
234.12,311,311
234.17,303,304
234.17,310,310
234.17,305,305
234.17,309,308
234.17,304,305
234.17,308,308
234.18,308,307
234.24,307,308
234.24,311,308
234.24,308,307
234.24,311,309
234.24,307,307
234.25,311,309
234.25,305,305
234.31,310,310
234.31,307,306
234.31,311,312
234.31,306,306
234.31,310,310
234.31,307,306
234.31,310,310
234.37,308,307
234.37,308,309
234.37,308,307
234.37,306,307
234.37,311,309
234.37,305,305
234.38,311,309
234.43,304,304
234.43,309,309
234.43,305,304
234.43,310,310
234.43,305,305
234.44,311,310
234.44,304,304
234.49,309,309
234.49,307,305
234.49,307,307
234.49,308,307
234.49,308,308
234.5,309,309
234.51,310,309
234.57,310,310
234.57,306,306
234.57,310,310
234.57,307,306
234.57,310,311
234.57,306,305
234.58,314,312
234.64,308,308
234.64,312,313
234.64,309,307
234.64,312,312
234.64,310,310
234.64,311,310
234.64,310,309
234.7,310,310
234.7,311,311
234.7,309,310
234.7,315,313
234.7,309,310
234.7,316,315
234.71,310,309
234.76,314,314
234.76,309,309
234.76,317,316
234.76,313,311
234.76,317,316
234.76,315,316
234.77,319,318
234.82,318,318
234.82,318,318
234.82,319,317
234.82,316,316
234.82,320,318
234.83,315,316
234.84,321,320
234.9,315,314
234.9,320,320
234.9,315,314
234.9,319,320
234.9,317,315
234.9,319,319
234.9,316,314
234.96,316,316
234.96,315,313
234.96,315,314
234.96,314,314
234.96,315,314
234.96,316,314
234.97,312,314
235.03,318,316
235.03,313,313
235.03,318,316
235.03,312,312
235.03,316,316
235.03,313,312
235.03,316,317
235.09,314,312
235.09,314,316
235.09,314,312
235.09,316,315
235.09,315,313
235.09,312,313
235.1,315,314
235.15,312,313
235.15,318,317
235.15,314,314
235.15,318,318
235.15,313,313
235.16,318,318
235.16,312,312
235.23,316,317
235.23,312,312
235.23,315,315
235.23,313,312
235.23,316,315
235.23,314,312
235.23,313,313
235.29,314,313
235.29,314,313
235.29,313,313
235.29,312,311
235.29,315,313
235.29,309,309
235.3,314,313
235.35,309,309
235.35,315,315
235.35,311,309
235.35,312,312
235.35,311,310
235.35,313,312
235.36,311,310
235.42,313,313
235.42,314,312
235.42,312,313
235.42,313,312
235.42,311,310
235.42,314,313
235.43,310,311
235.48,317,315
235.48,310,310
235.48,318,317
235.48,312,312
235.48,318,317
235.48,313,312
235.49,314,316
235.56,313,312
235.56,316,316
235.56,315,314
235.56,314,314
235.56,314,315
235.56,315,314
235.56,316,316
235.62,314,314
235.62,319,318
235.62,314,315
235.62,319,318
235.62,314,314
235.62,321,320
235.62,317,315
235.68,320,321
235.68,318,316
235.68,319,320
235.68,319,318
235.68,321,320
235.68,319,318
235.69,319,319
235.74,321,320
235.74,318,319
235.74,322,321
235.74,321,319
235.74,323,323
235.75,318,317
235.75,324,322
235.81,318,317
235.81,324,323
235.81,319,319
235.81,323,323
235.81,319,319
235.81,322,323
235.82,323,322
235.88,320,321
235.88,322,321
235.88,320,321
235.88,323,322
235.88,318,320
235.88,324,324
235.89,319,319
235.95,325,324
235.95,320,318
235.95,323,323
235.95,319,317
235.95,322,321
235.95,318,316
235.95,319,320
236.01,317,317
236.01,317,318
236.01,318,319
236.01,320,319
236.01,320,317
236.01,316,315
236.02,318,317
236.07,316,317
236.07,320,319
236.07,315,314
236.07,320,319
236.07,314,314
236.07,321,320
236.08,316,315
236.13,319,319
236.13,319,317
236.13,318,321
236.13,318,318
236.13,319,319
236.14,321,319
236.15,316,318
236.21,320,319
236.21,317,316
236.21,325,323
236.21,319,318
236.21,322,322
236.21,318,318
236.21,322,323
236.28,318,318
236.28,322,322
236.28,319,318
236.28,323,322
236.28,320,320
236.28,321,321
236.28,322,320
236.34,319,320
236.34,320,320
236.34,318,318
236.34,323,321
236.34,317,318
236.34,323,322
236.34,317,317
236.4,323,322
236.4,315,315
236.4,320,320
236.4,316,316
236.4,320,320
236.4,318,317
236.41,319,319
236.46,319,317
236.46,317,318
236.46,318,317
236.46,315,316
236.46,317,316
236.47,313,315
236.48,320,319
236.53,314,314
236.53,320,320
236.53,314,314
236.53,320,321
236.53,316,314
236.53,317,319
236.54,316,316
236.6,317,318
236.6,315,314
236.6,317,316
236.6,319,316
236.6,315,315
236.6,318,316
236.61,312,313
236.67,317,314
236.67,311,311
236.67,314,315
236.67,312,310
236.67,315,314
236.67,311,310
236.67,315,314
236.73,309,308
236.73,313,314
236.73,310,309
236.73,310,311
236.73,310,310
236.73,311,310
236.74,312,310
236.79,310,310
236.79,311,311
236.79,308,309
236.79,315,314
236.79,308,308
236.8,315,313
236.8,309,309
236.87,315,314
236.87,311,309
236.87,314,313
236.87,311,311
236.87,314,314
236.87,311,311
236.87,312,313
236.93,311,311
236.93,310,312
236.93,315,313
236.93,312,312
236.93,316,316
236.93,310,310
236.93,316,316
236.99,313,312
236.99,319,318
236.99,311,311
236.99,318,318
236.99,315,313
236.99,319,319
237.0,315,314
237.05,316,316
237.05,319,318
237.05,319,318
237.05,317,317
237.05,317,318
237.06,320,320
237.07,319,318
237.13,321,322
237.13,315,316
237.13,321,321
237.13,316,315
237.13,320,320
237.13,317,316
237.13,320,320
237.19,316,316
237.19,319,320
237.19,319,317
237.19,319,319
237.19,318,317
237.19,318,317
237.2,320,320
237.26,317,316
237.26,318,319
237.26,314,314
237.26,320,319
237.26,316,315
237.26,320,320
237.26,317,315
237.32,317,318
237.32,315,314
237.32,319,319
237.32,316,316
237.32,319,318
237.32,317,317
237.33,316,317
237.34,319,317
237.35,316,316
237.36,319,318
237.41,315,315
237.41,320,319
237.41,315,314
237.41,320,319
237.41,315,315
237.41,319,319
237.42,316,314
237.47,321,320
237.47,319,317
237.47,318,319
237.47,318,317
237.47,320,320
237.48,320,320
237.49,320,320
237.54,324,324
237.54,322,321
237.54,325,324
237.54,322,320
237.54,326,324
237.54,319,318
237.55,324,324
237.61,319,317
237.61,321,322
237.61,319,316
237.61,321,321
237.61,318,317
237.61,319,319
237.62,320,318
237.68,317,318
237.68,319,317
237.68,315,316
237.68,322,319
237.68,314,315
237.68,321,319
237.68,313,314
237.74,321,320
237.74,314,313
237.74,320,320
237.74,316,315
237.74,319,318
237.74,316,316
237.75,319,318
237.8,316,316
237.8,318,318
237.8,318,318
237.8,317,316
237.8,320,319
237.81,317,316
237.81,320,320
237.88,318,318
237.88,320,321
237.88,317,317
237.88,320,320
237.88,316,316
237.88,323,322
237.88,317,314
237.94,317,317
237.94,317,315
237.94,317,318
237.94,318,317
237.94,318,318
237.94,320,319
237.95,317,318
238.0,319,318
238.0,316,315
238.0,320,320
238.0,315,314
238.0,317,318
238.0,314,313
238.01,316,317
238.06,313,312
238.06,317,317
238.06,315,313
238.06,316,317
238.06,317,315
238.07,315,316
238.08,318,317
238.14,314,315
238.14,317,316
238.14,314,315
238.14,319,318
238.14,312,313
238.14,318,317
238.14,311,313
238.2,317,316
238.2,313,312
238.2,318,317
238.2,313,312
238.2,316,317
238.2,317,315
238.21,316,317
238.27,317,315
238.27,316,316
238.27,317,317
238.27,314,314
238.27,320,318
238.27,314,314
238.27,319,318
238.33,314,315
238.33,320,318
238.33,315,314
238.33,321,320
238.33,314,314
238.33,320,320
238.34,316,316
238.39,319,319
238.39,318,318
238.39,317,318
238.39,321,319
238.39,318,319
238.4,321,318
238.4,318,318
238.46,321,319
238.46,315,314
238.46,317,317
238.46,314,314
238.46,319,317
238.46,313,313
238.47,319,318
238.53,314,313
238.53,316,317
238.53,314,312
238.53,313,314
238.53,314,314
238.53,315,314
238.54,314,313
238.59,314,313
238.59,316,314
238.59,309,311
238.59,315,315
238.59,311,310
238.59,314,314
238.6,312,311
238.66,317,316
238.66,312,311
238.66,315,314
238.66,313,311
238.66,314,314
238.66,315,314
238.67,313,314
238.72,317,315
238.72,315,315
238.72,318,317
238.72,315,314
238.72,316,316
238.72,312,312
238.73,316,317
238.78,312,311
238.78,317,316
238.78,311,310
238.78,315,314
238.78,310,310
238.79,314,314
238.8,311,311
238.86,314,315
238.86,314,314
238.86,313,313
238.86,315,314
238.86,311,311
238.86,316,316
238.86,312,312
238.92,314,314
238.92,309,310
238.92,317,317
238.92,311,310
238.92,316,318
238.92,313,312
238.93,317,316
238.98,313,312
238.98,316,317
238.98,316,314
238.98,314,315
238.98,314,313
238.99,311,313
238.99,317,315
239.05,314,312
239.05,316,316
239.05,312,312
239.05,317,316
239.05,312,311
239.05,316,316
239.06,311,311
239.12,316,315
239.12,312,310
239.12,314,315
239.12,314,313
239.12,316,315
239.12,315,314
239.13,315,315
239.19,315,314
239.19,311,312
239.19,314,314
239.19,309,310
239.19,318,316
239.19,311,311
239.19,315,315
239.25,311,310
239.25,315,316
239.25,312,311
239.25,316,315
239.25,312,311
239.25,317,316
239.26,315,313
239.31,317,316
239.31,316,316
239.31,313,314
239.31,316,315
239.31,314,313
239.31,316,316
239.32,313,313
239.37,317,316
239.37,314,313
239.37,315,315
239.37,314,314
239.37,317,317
239.38,314,313
239.39,317,317
239.45,315,314
239.45,317,316
239.45,314,313
239.45,315,317
239.45,321,318
239.45,315,314
239.45,319,319
239.51,315,314
239.51,322,320
239.51,315,314
239.51,320,320
239.51,315,315
239.51,319,318
239.52,315,313
239.58,316,317
239.58,314,314
239.58,315,316
239.58,315,314
239.58,313,314
239.58,315,314
239.58,314,314
239.64,316,316
239.64,312,313
239.64,317,317
239.64,314,313
239.64,319,318
239.64,313,312
239.65,319,318
239.7,311,311
239.7,316,317
239.7,314,313
239.7,317,317
239.7,313,313
239.71,314,315
239.72,314,313
239.78,313,312
239.78,310,311
239.78,309,310
239.78,312,311
239.78,307,307
239.78,311,311
239.78,308,308
239.84,313,313
239.84,310,309
239.84,314,313
239.84,307,308
239.84,314,313
239.84,311,308
239.85,311,311
239.91,313,311
239.91,312,312
239.91,311,311
239.91,308,309
239.91,312,311
239.91,307,308
239.91,313,311
239.97,307,307
239.97,310,310
239.97,304,304
239.97,310,311
239.97,306,305
239.97,308,310
239.98,307,307
240.03,312,312
240.03,310,308
240.03,311,310
240.03,310,310
240.03,310,310
240.03,315,312
240.04,309,309
240.11,313,311
240.11,309,309
240.11,314,313
240.11,309,309
240.11,313,312
240.11,308,308
240.11,313,312
240.17,309,307
240.17,310,310
240.17,308,307
240.17,309,310
240.17,311,309
240.17,308,310
240.17,313,310
240.23,310,309
240.23,313,311
240.23,309,308
240.23,314,312
240.23,309,309
240.23,312,313
240.24,310,309
240.29,315,313
240.29,311,310
240.29,315,315
240.29,313,311
240.29,314,314
240.3,315,313
240.31,314,314
240.36,315,314
240.36,315,315
240.36,317,316
240.36,316,314
240.36,316,316
240.36,314,313
240.37,318,317
240.43,314,313
240.43,319,318
240.43,313,313
240.43,320,320
240.43,315,315
240.43,320,321
240.44,318,318
240.5,320,320
240.5,320,318
240.5,319,319
240.5,318,318
240.5,319,318
240.5,323,321
240.5,320,320
240.56,325,322
240.56,319,318
240.56,325,324
240.56,322,320
240.56,323,324
240.56,319,318
240.57,324,325
240.62,320,320
240.62,321,322
240.62,320,320
240.62,321,322
240.62,323,321
240.62,317,318
240.63,320,318
240.68,316,315
240.68,318,318
240.68,313,314
240.68,318,316
240.68,314,313
240.69,317,317
240.7,312,311
240.76,316,316
240.76,315,313
240.76,318,317
240.76,314,314
240.76,316,315
240.76,315,313
240.76,315,315
240.83,316,315
240.83,313,313
240.83,317,316
240.83,313,312
240.83,316,315
240.83,312,311
240.83,316,316
240.89,311,311
240.89,315,315
240.89,311,310
240.89,312,313
240.89,311,309
240.89,311,312
240.89,308,307
240.95,310,311
240.95,316,314
240.95,315,314
240.95,315,313
240.95,313,312
240.95,316,315
240.96,311,310
241.01,316,315
241.01,312,312
241.01,317,316
241.01,311,311
241.01,315,315
241.02,312,312
241.03,314,314
241.08,310,310
241.08,314,312
241.08,310,310
241.08,314,314
241.08,313,313
241.08,311,312
241.09,315,314
241.15,312,311
241.15,318,317
241.15,313,312
241.15,318,317
241.15,312,312
241.15,319,318
241.16,315,314
241.22,318,318
241.22,315,314
241.22,319,318
241.22,316,317
241.22,318,319
241.22,319,317
241.22,317,318
241.28,318,318
241.28,317,316
241.28,320,320
241.28,318,316
241.28,319,318
241.28,313,313
241.29,320,319
241.34,316,315
241.34,318,319
241.34,318,317
241.34,319,320
241.34,320,318
241.35,320,320
241.35,320,320
241.42,318,318
241.42,319,318
241.42,316,318
241.42,320,320
241.42,316,317
241.42,321,321
241.42,315,315
241.48,320,320
241.48,316,316
241.48,322,321
241.48,317,315
241.48,319,318
241.48,317,314
241.48,318,318
241.55,316,314
241.55,317,316
241.55,315,314
241.55,314,314
241.55,315,314
241.55,312,313
241.55,318,315
241.61,310,311
241.61,316,315
241.61,311,309
241.61,314,313
241.61,310,308
241.61,311,312
241.62,309,308
241.67,311,310
241.67,306,306
241.67,306,307
241.67,308,306
241.67,306,306
241.67,307,306
241.68,304,305
241.73,306,305
241.73,301,302
241.73,308,306
241.73,303,302
241.73,306,306
241.74,303,302
241.75,308,308
241.81,305,304
241.81,307,306
241.81,303,302
241.81,306,306
241.81,304,302
241.81,302,303
241.81,306,304
241.87,301,302
241.87,305,304
241.87,303,303
241.87,304,304
241.87,303,301
241.87,305,305
241.88,302,301
241.93,306,306
241.93,303,301
241.93,307,307
241.94,303,303
241.94,307,307
241.94,305,305
241.94,309,308
242.0,306,306
242.0,307,307
242.0,308,307
242.0,306,307
242.0,312,311
242.0,307,306
242.01,310,311
242.06,308,308
242.06,312,310
242.06,307,306
242.06,313,311
242.06,306,306
242.07,311,312
242.07,310,309
242.14,311,310
242.14,310,308
242.14,308,308
242.14,311,310
242.14,310,310
242.14,314,312
242.14,310,311
242.2,316,315
242.2,311,311
242.2,315,315
242.2,309,310
242.2,314,314
242.2,312,310
242.21,316,316
242.26,311,310
242.26,313,314
242.26,313,311
242.26,314,315
242.26,317,314
242.26,315,314
242.27,315,314
242.33,313,313
242.33,316,315
242.33,312,312
242.33,315,315
242.33,312,312
242.33,318,316
242.34,312,312
242.39,318,317
242.39,314,313
242.39,317,318
242.39,314,312
242.39,316,317
242.39,315,314
242.4,313,314
242.45,316,314
242.45,313,313
242.45,315,314
242.45,312,313
242.45,318,317
242.46,313,313
242.47,320,318
242.53,314,313
242.53,318,318
242.53,313,313
242.53,319,318
242.53,313,314
242.53,318,318
242.53,318,316
242.59,317,317
242.59,319,317
242.59,316,317
242.59,319,319
242.59,318,317
242.59,320,320
242.6,317,316
242.66,322,320
242.66,316,316
242.66,323,322
242.66,318,318
242.66,323,322
242.66,320,318
242.66,322,322
242.72,322,320
242.72,322,323
242.72,322,320
242.73,322,323
242.73,325,324
242.73,323,322
242.73,324,324
242.79,321,321
242.79,325,324
242.79,319,320
242.79,325,324
242.79,319,319
242.79,325,324
242.8,321,320
242.85,322,323
242.85,320,319
242.85,323,322
242.85,320,319
242.85,321,320
242.85,319,319
242.86,321,320
242.92,320,319
242.92,318,319
242.92,322,320
242.92,316,316
242.92,321,320
242.92,314,315
242.93,318,317
242.98,314,312
242.98,316,317
242.98,313,312
242.98,314,315
242.98,312,312
242.98,313,312
242.99,311,310
243.04,311,312
243.04,312,312
243.04,311,310
243.04,312,311
243.04,311,309
243.05,313,312
243.06,309,308
243.12,311,311
243.12,308,308
243.12,313,313
243.12,308,308
243.12,312,312
243.12,309,308
243.12,311,311
243.18,309,307
243.18,311,312
243.18,309,308
243.18,307,308
243.18,308,308
243.18,303,305
243.19,308,308
243.25,302,303
243.25,309,309
243.25,303,304
243.25,309,308
243.25,302,303
243.25,308,308
243.25,301,300
243.31,304,304
243.31,304,301
243.31,304,304
243.31,304,302
243.31,301,303
243.31,305,303
243.32,300,302
243.37,304,304
243.37,303,302
243.37,305,303
243.37,300,300
243.37,306,305
243.38,301,300
243.39,305,306
243.45,299,298
243.45,303,302
243.45,299,299
243.45,303,303
243.45,302,301
243.45,304,303
243.45,304,302
243.51,301,302
243.51,303,302
243.51,299,299
243.51,305,303
243.51,300,300
243.51,304,303
243.52,298,300
243.57,304,304
243.57,299,298
243.57,304,303
243.57,302,300
243.57,303,304
243.57,302,301
243.58,304,304
243.63,303,301
243.64,303,303
243.64,306,303
243.64,302,303
243.64,307,305
243.64,303,304
243.65,309,308
243.7,304,305
243.7,311,312
243.7,306,306
243.7,312,312
243.7,308,308
243.7,312,313
243.71,308,308
243.77,312,312
243.77,310,308
243.77,310,312
243.77,312,311
243.77,313,313
243.77,313,312
243.78,309,309
243.84,313,313
243.84,310,310
243.84,316,315
243.84,311,309
243.84,318,316
243.84,311,309
243.84,315,315
243.9,311,311
243.9,312,314
243.9,313,313
243.9,315,316
243.9,315,313
243.9,314,314
243.91,315,315
243.96,313,313
243.96,316,315
243.96,314,313
243.96,316,316
243.96,313,312
243.97,317,316
243.98,313,311
244.03,318,318
244.03,313,313
244.03,316,316
244.03,312,312
244.03,316,316
244.03,313,312
244.04,313,313
244.11,314,312
244.11,311,312
244.11,312,312
244.11,309,310
244.11,313,312
244.11,309,310
244.11,313,312
244.17,308,308
244.17,312,313
244.17,307,308
244.17,314,313
244.17,311,309
244.17,313,313
244.17,310,309
244.23,313,313
244.23,313,311
244.23,313,312
244.23,315,313
244.23,310,311
244.23,315,314
244.24,311,310
244.29,315,314
244.29,309,309
244.29,314,314
244.29,311,309
244.29,313,314
244.29,310,309
244.3,314,312
244.35,309,309
244.35,313,313
244.35,312,310
244.35,314,313
244.35,314,314
244.36,316,316
244.37,316,315
244.43,316,316
244.43,319,316
244.43,313,313
244.43,317,318
244.43,314,314
244.43,319,317
244.43,313,312
244.49,316,314
244.49,308,306
244.49,310,311
244.49,308,307
244.49,311,310
244.49,309,308
244.5,306,307
244.56,309,308
244.56,305,306
244.56,308,307
244.56,305,305
244.56,309,309
244.56,303,302
244.56,308,308
244.62,302,302
244.62,307,305
244.62,301,300
244.62,304,304
244.62,301,300
244.62,304,304
244.63,300,299
244.68,302,302
244.68,302,301
244.68,303,302
244.68,305,304
244.68,305,304
244.69,307,306
244.7,306,306
244.76,315,313
244.76,306,307
244.76,313,314
244.76,312,311
244.76,315,314
244.76,312,311
244.76,318,318
244.82,314,314
244.82,315,316
244.82,316,315
244.82,315,316
244.82,317,316
244.82,315,316
244.83,318,318
244.89,318,318
244.89,322,320
244.89,317,317
244.89,324,322
244.89,319,319
244.89,326,325
244.9,320,320
244.9,322,323
244.91,321,320
244.92,322,322
244.98,323,321
244.98,323,325
244.98,325,323
244.98,320,321
244.98,324,323
244.98,320,320
244.99,325,323
245.04,320,321
245.04,324,324
245.04,319,320
245.04,326,326
245.04,320,320
245.04,324,324
245.05,323,321
245.1,324,324
245.1,320,320
245.1,323,324
245.1,323,321
245.1,320,321
245.11,324,322
245.12,319,319
245.18,321,320
245.18,316,317
245.18,322,321
245.18,319,318
245.18,321,322
245.18,317,317
245.18,323,322
245.24,318,318
245.24,320,321
245.24,317,316
245.24,321,321
245.24,317,317
245.24,319,319
245.25,318,317
245.31,316,317
245.31,319,317
245.31,317,316
245.31,322,319
245.31,314,316
245.31,320,320
245.31,316,315
245.37,321,321
245.37,316,316
245.37,321,321
245.37,318,317
245.37,318,320
245.37,317,315
245.38,317,318
245.43,317,317
245.43,316,316
245.43,319,317
245.43,317,316
245.43,318,318
245.44,315,315
245.45,319,317
245.51,314,314
245.51,317,317
245.51,314,313
245.51,316,316
245.51,314,312
245.51,314,315
245.51,312,311
245.57,315,315
245.57,312,311
245.57,313,312
245.57,314,311
245.57,311,311
245.57,313,311
245.58,309,310
245.63,315,313
245.63,308,309
245.63,313,313
245.63,310,309
245.63,312,312
245.63,308,308
245.64,313,314
245.7,310,309
245.7,311,311
245.7,310,309
245.7,310,310
245.7,311,310
245.7,310,310
245.71,312,310
245.76,310,309
245.76,310,310
245.76,307,308
245.76,313,310
245.76,306,305
245.76,312,311
245.77,307,305
245.84,310,311
245.84,307,305
245.84,311,311
245.84,305,305
245.84,309,308
245.84,309,306
245.84,308,308
245.9,308,306
245.9,308,306
245.9,305,304
245.9,304,306
245.9,309,307
245.9,304,304
245.9,309,307
245.96,304,303
245.96,307,308
245.96,305,303
245.96,310,309
245.96,303,303
245.96,308,308
245.97,307,305
246.02,309,309
246.02,309,307
246.02,308,310
246.02,312,310
246.02,308,309
246.03,313,311
246.04,308,308
246.09,313,311
246.09,309,308
246.09,315,314
246.09,309,310
246.09,317,316
246.09,311,311
246.1,315,314
246.17,314,311
246.17,313,314
246.17,313,312
246.17,314,314
246.17,315,314
246.17,314,314
246.17,315,313
246.23,312,312
246.23,316,316
246.23,310,311
246.23,315,314
246.23,311,310
246.23,316,316
246.23,310,308
246.29,313,313
246.29,308,308
246.29,311,312
246.29,310,309
246.29,311,311
246.29,313,311
246.3,313,312
246.35,313,311
246.35,311,311
246.35,314,313
246.35,309,310
246.35,315,314
246.35,312,311
246.36,314,314
246.42,311,310
246.42,315,314
246.42,310,310
246.42,314,314
246.42,310,309
246.42,313,314
246.43,312,310
246.48,312,313
246.48,313,312
246.48,312,312
246.48,315,314
246.48,312,313
246.49,317,315
246.49,314,313
246.56,316,316
246.56,311,311
246.56,317,316
246.56,313,312
246.56,316,317
246.56,315,313
246.56,316,317
246.62,315,313
246.62,315,316
246.62,315,314
246.62,315,316
246.62,317,314
246.62,312,314
246.63,319,317
246.68,315,314
246.68,316,316
246.68,314,314
246.68,319,318
246.68,313,313
246.68,321,320
246.69,316,314
246.74,317,317
246.74,315,314
246.74,317,318
246.74,316,315
246.74,317,317
246.75,315,316
246.76,316,316
246.81,316,316
246.81,314,315
246.81,318,317
246.81,315,313
246.81,318,317
246.81,314,313
246.82,317,317
246.88,313,312
246.88,318,316
246.88,312,310
246.88,314,315
246.88,311,309
246.88,312,312
246.89,311,310
246.95,310,310
246.95,313,312
246.95,310,310
246.95,312,312
246.95,309,309
246.95,314,314
246.95,310,309
247.01,312,313
247.01,310,310
247.01,317,316
247.01,311,309
247.01,315,315
247.01,313,313
247.02,315,315
247.07,313,312
247.07,313,313
247.07,315,313
247.07,311,311
247.07,313,311
247.08,311,312
247.08,315,314
247.15,308,310
247.15,317,317
247.15,312,312
247.15,316,316
247.15,312,313
247.15,319,318
247.15,313,312
247.21,318,317
247.21,314,313
247.21,315,315
247.21,316,316
247.21,318,317
247.21,317,316
247.21,316,315
247.27,318,317
247.27,313,314
247.27,318,317
247.27,312,312
247.27,316,316
247.27,312,311
247.28,316,317
247.34,312,311
247.34,315,315
247.34,310,309
247.34,313,314
247.34,313,312
247.34,314,316
247.35,315,313
247.4,311,312
247.4,314,315
247.4,313,314
247.4,318,317
247.4,312,312
247.4,316,316
247.41,312,312
247.46,317,318
247.46,313,313
247.46,320,319
247.46,315,314
247.46,317,318
247.47,315,314
247.48,316,317
247.54,317,315
247.54,316,316
247.54,317,316
247.54,314,315
247.54,319,316
247.54,315,314
247.54,318,318
247.6,314,313
247.6,320,319
247.6,314,312
247.6,317,318
247.6,313,311
247.6,314,316
247.61,313,311
247.67,315,316
247.67,314,314
247.67,313,313
247.67,313,312
247.67,311,312
247.67,312,312
247.67,312,312
247.73,314,313
247.73,310,310
247.73,317,314
247.73,314,311
247.73,317,316
247.73,313,312
247.74,319,319
247.79,316,314
247.79,318,317
247.79,314,314
247.79,317,318
247.79,318,315
247.8,315,316
247.8,318,317
247.87,314,315
247.87,316,316
247.87,313,313
247.87,319,317
247.87,313,313
247.87,317,316
247.87,310,311
247.93,317,316
247.93,312,310
247.93,315,315
247.93,312,310
247.93,315,315
247.93,312,311
247.94,313,314
247.99,314,314
247.99,315,316
247.99,317,316
247.99,313,313
247.99,316,315
247.99,312,312
248.0,318,316
248.06,311,312
248.06,314,314
248.06,312,311
248.06,316,317
248.06,314,312
248.06,316,316
248.07,314,312
248.12,317,316
248.12,315,314
248.12,315,316
248.12,317,317
248.12,317,318
248.12,320,320
248.13,317,317
248.2,322,320
248.2,317,316
248.2,322,321
248.2,316,317
248.2,324,323
248.2,319,318
248.2,323,323
248.26,318,318
248.26,322,322
248.26,319,318
248.26,319,320
248.26,319,318
248.26,319,319
248.26,322,320
248.32,314,316
248.32,318,318
248.32,313,314
248.32,317,316
248.32,310,311
248.32,315,314
248.33,308,309
248.38,312,313
248.38,310,309
248.38,313,312
248.38,308,307
248.38,309,309
248.39,309,307
248.39,308,309
248.45,311,310
248.45,310,309
248.45,309,309
248.45,307,308
248.45,311,310
248.45,306,306
248.46,312,310
248.52,305,306
248.52,312,313
248.52,306,306
248.52,312,311
248.52,310,308
248.52,309,311
248.53,309,308
248.59,310,309
248.59,309,309
248.59,307,308
248.59,311,310
248.59,307,309
248.59,312,311
248.59,307,308
248.65,313,313
248.65,307,306
248.65,312,312
248.65,307,306
248.65,310,310
248.65,309,308
248.66,312,312
248.71,307,306
248.71,314,313
248.71,309,308
248.71,309,308
248.71,311,309
248.71,308,308
248.72,311,309
248.77,309,308
248.77,310,308
248.77,304,305
248.77,309,310
248.77,304,305
248.78,311,311
248.79,308,308
248.85,311,312
248.85,310,309
248.85,314,313
248.85,311,310
248.85,309,309
248.85,313,311
248.85,312,312
248.91,311,311
248.91,311,312
248.91,314,314
248.91,309,310
248.91,315,314
248.91,310,308
248.92,316,315
248.98,309,308
248.98,314,313
248.98,312,311
248.98,311,312
248.98,311,310
248.98,313,312
248.98,310,310
249.04,309,310
249.04,313,311
249.04,309,310
249.04,315,313
249.04,309,308
249.04,312,312
249.05,309,309
249.1,314,314
249.1,309,309
249.1,314,314
249.1,309,308
249.1,313,314
249.11,309,309
249.12,313,313
249.18,309,310
249.18,312,312
249.18,312,311
249.18,310,310
249.18,311,311
249.18,309,309
249.18,312,312
249.24,308,307
249.24,311,310
249.24,307,306
249.24,312,312
249.24,307,306
249.24,312,311
249.25,308,307
249.3,312,310
249.3,306,305
249.3,304,305
249.3,303,301
249.3,300,301
249.3,302,300
249.31,296,297
249.36,300,299
249.36,296,295
249.36,301,298
249.36,295,295
249.36,301,300
249.37,297,295
249.38,299,299
249.44,297,295
249.44,299,299
249.44,295,295
249.44,298,298
249.44,296,296
249.44,299,298
249.44,298,298
249.5,298,299
249.5,301,300
249.5,299,300
249.5,305,303
249.5,300,300
249.5,307,305
249.51,302,303
249.57,309,308
249.57,307,305
249.57,313,312
249.57,310,310
249.57,315,314
249.57,312,312
249.57,316,316
249.63,315,315
249.63,317,317
249.63,318,317
249.63,318,318
249.63,322,320
249.63,318,318
249.64,323,322
249.69,318,318
249.69,322,322
249.69,317,317
249.69,322,322
249.69,317,317
249.7,323,323
249.71,320,320
249.77,323,322
249.77,324,322
249.77,322,323
249.77,324,323
249.77,326,325
249.77,326,325
249.77,325,324
249.83,326,325
249.83,322,322
249.83,326,326
249.83,321,320
249.83,327,327
249.83,325,323
249.84,327,328
249.89,324,323
249.89,329,328
249.89,324,323
249.89,325,326
249.89,327,325
249.89,324,325
249.9,328,326
249.95,323,322
249.96,325,324
249.96,318,320
249.96,324,323
249.96,321,320
249.96,322,322
249.97,320,319
250.03,322,322
250.03,319,318
250.03,322,322
250.03,319,317
250.03,319,320
250.03,317,316
250.03,316,317
250.1,313,311
250.1,313,313
250.1,313,311
250.1,308,307
250.1,309,308
250.1,306,305
250.1,309,308
250.16,304,303
250.16,309,306
250.16,302,300
250.16,305,306
250.16,304,302
250.16,304,305
250.16,305,303
250.22,304,305
250.22,302,302
250.22,303,304
250.22,304,303
250.22,301,303
250.22,305,303
250.23,299,300
250.28,304,304
250.28,301,300
250.28,305,303
250.28,299,298
250.28,304,304
250.29,299,298
250.3,305,305
250.35,302,301
250.35,302,302
250.35,302,301
250.35,300,302
250.35,301,300
250.35,301,300
250.36,302,302
250.43,300,300
250.43,303,301
250.43,300,300
250.43,305,303
250.43,297,297
250.43,305,304
250.43,297,298
250.49,302,303
250.49,298,298
250.49,303,304
250.49,301,299
250.49,303,303
250.49,302,300
250.49,302,303
250.55,304,303
250.55,300,302
250.55,306,305
250.55,303,303
250.55,306,306
250.55,303,302
250.56,308,307
250.61,304,304
250.61,309,308
250.61,305,304
250.61,309,308
250.61,304,304
250.61,310,309
250.62,309,308
250.67,309,309
250.67,312,310
250.67,312,312
250.67,311,311
250.67,311,310
250.68,315,314
250.69,312,312
250.75,318,316
250.75,314,312
250.75,318,318
250.75,314,314
250.75,320,320
250.75,316,315
250.75,318,318
250.81,316,316
250.81,317,318
250.81,316,316
250.81,317,316
250.81,318,317
250.81,317,316
250.82,318,317
250.88,316,317
250.88,320,319
250.88,316,316
250.88,322,320
250.88,314,314
250.88,320,319
250.88,314,314
250.94,319,319
250.94,317,316
250.94,319,318
250.94,316,315
250.94,317,317
250.94,319,317
250.95,314,316
251.0,320,320
251.0,316,317
251.0,320,319
251.0,315,316
251.0,320,321
251.01,317,316
251.02,323,322
251.08,318,317
251.08,320,320
251.08,316,315
251.08,319,319
251.08,318,316
251.08,319,318
251.08,320,318
251.14,318,318
251.14,319,318
251.14,318,320
251.14,320,320
251.14,319,318
251.14,322,322
251.15,318,318
251.2,324,323
251.2,317,318
251.2,322,323
251.2,321,320
251.2,320,322
251.2,319,318
251.21,319,320
251.27,317,316
251.27,317,317
251.27,319,318
251.27,316,316
251.27,318,317
251.27,314,314
251.28,318,317
251.33,313,313
251.33,317,315
251.33,310,310
251.33,315,314
251.33,309,309
251.34,313,312
251.34,310,309
251.41,311,312
251.41,309,309
251.41,310,311
251.41,311,309
251.41,308,309
251.41,311,310
251.41,308,309
251.47,313,311
251.47,308,309
251.47,314,312
251.47,306,308
251.47,315,313
251.47,308,308
251.47,315,314
251.53,310,311
251.53,315,317
251.53,313,311
251.53,315,315
251.53,314,313
251.53,314,313
251.54,313,313
251.59,313,313
251.59,316,314
251.59,310,311
251.59,314,314
251.59,311,310
251.6,316,314
251.61,311,311
251.66,316,314
251.66,309,309
251.66,312,313
251.66,310,309
251.66,313,313
251.66,309,308
251.67,310,310
251.74,310,309
251.74,308,310
251.74,311,310
251.74,307,308
251.74,311,310
251.74,306,306
251.74,311,310
251.8,307,306
251.8,310,310
251.8,306,306
251.8,311,310
251.8,305,306
251.8,312,312
251.8,308,308
251.86,310,310
251.86,311,309
251.86,311,310
251.86,310,310
251.86,311,311
251.86,313,312
251.87,310,311
251.92,314,313
251.92,310,310
251.92,316,315
251.92,309,310
251.92,316,315
251.93,308,310
251.93,313,313
251.98,311,309
251.98,311,313
251.98,312,312
251.98,315,314
251.98,313,313
251.99,315,315
252.0,316,315
252.06,312,312
252.06,316,314
252.06,313,313
252.06,318,317
252.06,313,312
252.06,318,318
252.06,315,315
252.13,320,320
252.13,314,314
252.13,318,319
252.13,316,316
252.13,321,320
252.13,322,320
252.13,320,321
252.19,320,318
252.19,319,320
252.19,323,321
252.19,318,319
252.19,324,322
252.19,316,317
252.2,324,324
252.25,319,318
252.25,323,321
252.25,315,315
252.25,321,322
252.25,317,315
252.25,318,319
252.26,318,316
252.31,318,319
252.31,317,316
252.31,319,319
252.31,322,318
252.31,316,316
252.32,321,319
252.33,315,315
252.39,320,319
252.39,314,314
252.39,318,319
252.39,315,314
252.39,320,318
252.39,315,315
252.39,319,318
252.45,315,315
252.45,320,319
252.45,319,317
252.45,317,318
252.45,320,318
252.45,318,320
252.46,323,322
252.51,320,321
252.51,325,324
252.51,321,319
252.51,324,323
252.51,320,320
252.51,328,326
252.53,320,320
252.54,327,326
252.54,323,320
252.55,322,324
252.61,323,322
252.61,325,324
252.61,324,323
252.61,325,324
252.61,325,324
252.61,321,322
252.62,324,324
252.67,320,320
252.67,324,323
252.67,319,318
252.67,324,324
252.67,319,318
252.67,323,324
252.68,318,318
252.73,320,321
252.73,317,317
252.73,321,321
252.73,321,319
252.73,317,318
252.74,320,318
252.75,316,317
252.81,319,318
252.81,317,316
252.81,319,317
252.81,315,313
252.81,317,317
252.81,314,313
252.81,316,316
252.87,314,312
252.87,318,319
252.87,314,314
252.87,317,317
252.87,314,314
252.87,314,315
252.88,313,312
252.94,313,313
252.94,313,313
252.94,314,314
252.94,318,315
252.94,310,312
252.94,317,315
252.95,311,311
253.0,315,314
253.0,313,312
253.0,315,315
253.0,310,311
253.0,314,314
253.0,309,309
253.01,312,313
253.07,312,310
253.08,312,312
253.08,312,311
253.08,310,312
253.08,313,311
253.08,310,311
253.08,317,316
253.14,313,313
253.14,318,316
253.14,314,313
253.14,316,317
253.14,313,312
253.14,318,317
253.14,314,313
253.2,318,317
253.2,315,313
253.2,317,316
253.2,316,315
253.2,315,316
253.2,317,316
253.21,312,313
253.26,315,315
253.26,313,312
253.26,316,315
253.26,312,311
253.26,315,316
253.26,312,311
253.27,318,317
253.33,314,313
253.33,317,318
253.33,314,313
253.33,317,316
253.33,314,314
253.33,315,315
253.34,318,315
253.4,314,315
253.4,318,316
253.4,315,314
253.4,318,316
253.4,312,312
253.4,317,316
253.4,314,314
253.47,319,318
253.47,314,314
253.47,320,320
253.47,316,316
253.47,319,320
253.47,316,316
253.47,319,318
253.53,318,318
253.53,319,318
253.53,320,318
253.53,316,315
253.53,320,319
253.53,318,317
253.53,319,320
253.59,316,316
253.59,321,320
253.59,315,315
253.59,319,320
253.59,315,315
253.59,318,318
253.6,315,315
253.65,319,318
253.65,318,316
253.65,319,318
253.65,320,318
253.65,318,319
253.66,320,320
253.67,318,317
253.73,320,320
253.73,315,316
253.73,320,320
253.73,317,317
253.73,320,320
253.73,316,316
253.73,321,321
253.79,318,317
253.79,320,321
253.79,318,318
253.79,320,321
253.79,320,318
253.79,318,318
253.8,320,320
253.85,319,318
253.85,323,322
253.85,319,319
253.85,322,322
253.85,318,317
253.85,323,322
253.86,316,315
253.92,320,320
253.92,315,314
253.92,318,318
253.92,314,313
253.92,314,314
253.92,312,312
253.93,313,313
253.98,315,313
253.98,310,311
253.98,314,313
253.98,310,309
253.98,315,312
253.99,308,307
253.99,314,311
254.06,306,305
254.06,311,311
254.06,308,307
254.06,310,309
254.06,304,305
254.06,308,308
254.06,308,307
254.12,307,308
254.12,309,308
254.12,306,307
254.12,310,308
254.12,307,306
254.12,309,309
254.12,307,306
254.18,311,309
254.18,304,305
254.18,313,313
254.18,305,304
254.18,314,312
254.18,306,307
254.19,311,312
254.24,310,309
254.24,310,311
254.24,310,310
254.24,310,311
254.24,312,312
254.25,311,312
254.26,314,314
254.31,310,311
254.31,316,315
254.31,310,309
254.31,314,315
254.31,312,311
254.31,317,316
254.32,310,310
254.39,315,317
254.39,313,313
254.39,316,316
254.39,315,313
254.39,314,316
254.39,316,315
254.39,315,314
254.45,316,315
254.45,314,315
254.45,318,317
254.45,313,313
254.45,319,318
254.45,314,315
254.45,319,320
254.51,318,316
254.51,320,321
254.51,317,317
254.51,321,322
254.51,321,319
254.51,321,322
254.52,322,321
254.57,320,321
254.57,322,322
254.57,320,320
254.57,324,323
254.57,319,319
254.58,324,324
254.58,319,318
254.63,324,323
254.63,318,318
254.63,323,322
254.63,316,317
254.63,321,322
254.64,319,317
254.65,320,321
254.71,320,318
254.71,318,318
254.71,320,318
254.71,317,318
254.71,318,317
254.71,316,315
254.71,318,318
254.78,315,315
254.78,318,316
254.78,313,312
254.78,318,318
254.78,313,312
254.78,316,316
254.78,313,312
254.84,318,317
254.84,312,311
254.84,314,315
254.84,316,314
254.84,315,314
254.84,316,316
254.85,314,314
254.9,315,314
254.9,311,312
254.9,318,317
254.9,313,312
254.9,318,317
254.9,309,310
254.91,317,316
254.96,311,309
254.96,316,315
254.96,313,311
254.96,315,314
254.96,312,313
254.97,315,315
254.98,314,313
255.04,313,313
255.04,315,313
255.04,313,312
255.04,315,314
255.04,309,309
255.04,316,314
255.04,308,309
255.1,314,314
255.1,310,309
255.1,314,313
255.1,309,309
255.1,313,312
255.1,311,309
255.11,310,312
255.16,311,310
255.16,311,310
255.16,312,311
255.16,308,309
255.16,313,312
255.16,308,309
255.17,313,312
255.23,306,308
255.23,311,312
255.23,307,307
255.23,313,312
255.23,308,307
255.23,310,311
255.24,310,309
255.3,310,312
255.3,310,309
255.3,311,310
255.3,311,310
255.3,310,310
255.3,314,312
255.3,308,309
255.36,313,312
255.36,309,309
255.36,315,314
255.36,308,309
255.37,314,314
255.37,311,309
255.37,314,314
255.43,313,311
255.43,315,314
255.43,314,311
255.43,314,316
255.43,315,312
255.43,313,314
255.44,315,314
255.49,310,311
255.49,314,313
255.49,311,311
255.49,315,314
255.49,310,310
255.49,314,316
255.5,312,312
255.55,318,316
255.55,312,310
255.55,314,316
255.55,314,313
255.55,316,316
255.56,314,313
255.57,317,316
255.63,315,315
255.63,313,314
255.63,316,316
255.63,314,314
255.63,319,317
255.63,312,313
255.63,320,318
255.69,311,311
255.69,318,318
255.69,314,314
255.69,318,317
255.69,313,312
255.69,317,316
255.7,315,314
255.75,316,317
255.75,315,315
255.75,317,317
255.75,319,317
255.75,315,314
255.75,318,317
255.76,317,315
255.82,320,320
255.82,315,315
255.82,320,320
255.82,317,316
255.82,320,321
255.82,317,316
255.83,321,321
255.88,316,316
255.88,319,320
255.88,317,316
255.88,317,317
255.88,317,316
255.89,315,316
255.89,317,316
255.96,315,314
255.96,317,316
255.96,311,313
255.96,318,317
255.96,314,313
255.96,318,316
255.96,313,312
256.02,316,316
256.02,313,312
256.02,315,316
256.02,313,313
256.02,315,316
256.02,315,314
256.03,313,314
256.08,317,316
256.08,315,316
256.08,319,317
256.08,312,313
256.08,318,317
256.08,314,313
256.09,318,318
256.14,312,311
256.14,316,317
256.14,312,310
256.14,315,314
256.14,311,310
256.15,312,312
256.16,311,310
256.21,310,309
256.21,311,309
256.21,310,309
256.21,312,311
256.21,307,306
256.21,310,310
256.22,306,306
256.28,312,311
256.28,307,306
256.28,310,311
256.28,307,306
256.28,311,310
256.28,306,305
256.29,311,310
256.35,307,306
256.35,308,309
256.35,308,307
256.35,308,308
256.35,310,307
256.35,306,306
256.35,309,308
256.41,305,305
256.41,311,309
256.41,305,304
256.41,311,310
256.41,304,305
256.41,310,309
256.42,307,305
256.47,312,312
256.47,308,308
256.47,310,312
256.47,310,308
256.47,311,310
256.48,312,310
256.48,308,310
256.53,312,311
256.53,313,312
256.53,315,313
256.53,312,311
256.53,317,317
256.54,315,313
256.55,317,318
256.61,313,312
256.61,318,319
256.61,318,316
256.61,321,320
256.61,320,317
256.61,317,318
256.61,318,317
256.67,316,317
256.67,320,319
256.67,316,317
256.67,320,320
256.67,316,317
256.67,321,320
256.68,316,315
256.74,320,321
256.74,316,316
256.74,322,321
256.74,317,315
256.74,319,320
256.74,318,315
256.75,318,317
256.8,318,316
256.8,319,318
256.8,319,318
256.8,316,316
256.8,319,318
256.8,316,316
256.81,320,319
256.86,315,315
256.86,321,321
256.86,318,317
256.86,322,321
256.86,316,315
256.87,321,321
256.88,316,316
256.94,319,320
256.94,318,317
256.94,317,318
256.94,320,318
256.94,319,319
256.94,320,320
256.94,316,317
257.0,319,318
257.0,317,317
257.0,319,318
257.01,315,315
257.01,321,320
257.01,315,315
257.01,321,320
257.07,316,315
257.07,318,319
257.07,317,316
257.07,320,321
257.07,319,318
257.07,319,318
257.07,318,316
257.13,314,315
257.13,317,316
257.13,314,314
257.13,318,317
257.13,314,313
257.13,318,317
257.14,312,312
257.19,316,316
257.19,313,312
257.19,317,317
257.19,314,312
257.19,313,314
257.2,313,312
257.2,315,314
257.27,314,312
257.27,314,313
257.27,311,312
257.27,310,311
257.27,314,314
257.27,309,309
257.27,315,314
257.33,309,308
257.33,314,314
257.33,308,308
257.33,314,312
257.33,309,308
257.33,313,312
257.34,311,310
257.4,312,313
257.4,311,310
257.4,312,312
257.4,315,313
257.4,311,313
257.4,316,315
257.4,313,313
257.46,318,316
257.46,311,312
257.46,316,317
257.46,313,312
257.46,316,316
257.46,311,310
257.47,314,314
257.52,310,309
257.52,311,311
257.52,309,308
257.52,308,310
257.52,309,308
257.52,308,308
257.53,308,308
257.58,306,305
257.58,309,308
257.59,305,304
257.59,311,309
257.59,305,305
257.59,309,308
257.6,303,304
257.65,309,308
257.65,304,304
257.65,310,310
257.65,306,306
257.65,311,310
257.66,307,306
257.66,307,307
257.72,310,310
257.73,309,307
257.73,311,309
257.73,306,307
257.73,312,311
257.73,306,306
257.73,314,312
257.79,308,308
257.79,313,312
257.79,309,308
257.79,314,314
257.79,313,312
257.79,314,314
257.79,311,312
257.85,313,314
257.85,315,314
257.85,314,314
257.85,315,314
257.85,314,314
257.85,317,316
257.86,314,312
257.91,317,317
257.91,313,312
257.91,319,318
257.91,314,314
257.91,321,320
257.92,316,317
257.93,320,320
257.99,321,320
257.99,323,322
257.99,321,322
257.99,322,322
257.99,325,323
257.99,322,322
257.99,325,324
258.05,320,321
258.05,327,326
258.05,322,322
258.05,326,325
258.05,320,320
258.05,326,327
258.06,323,322
258.11,327,327
258.11,324,323
258.11,325,326
258.11,325,324
258.11,325,324
258.11,326,326
258.12,327,326
258.18,328,327
258.18,324,326
258.18,331,329
258.18,326,325
258.18,330,330
258.18,325,325
258.19,330,330
258.24,325,322
258.24,327,327
258.24,324,322
258.24,324,323
258.24,320,319
258.25,322,321
258.25,320,320
258.32,319,318
258.32,320,319
258.32,316,316
258.32,319,318
258.32,315,314
258.32,317,318
258.32,313,313
258.38,318,317
258.38,314,312
258.38,317,316
258.38,312,311
258.38,313,312
258.38,308,308
258.38,311,311
258.44,309,308
258.44,309,309
258.44,311,310
258.44,308,309
258.44,312,310
258.44,310,308
258.45,311,311
258.5,308,308
258.5,313,313
258.5,308,308
258.5,313,312
258.5,309,308
258.51,312,313
258.52,308,309
258.58,315,314
258.58,315,313
258.58,316,316
258.58,316,314
258.58,315,314
258.58,314,314
258.58,313,313
258.64,318,317
258.64,312,312
258.64,318,316
258.64,312,312
258.64,317,317
258.64,314,314
258.65,316,317
258.7,314,314
258.7,318,318
258.7,316,316
258.7,317,317
258.7,319,317
258.7,318,318
258.71,321,319
258.77,316,318
258.77,320,320
258.77,316,318
258.77,323,321
258.77,317,318
258.77,325,324
258.78,319,319
258.83,325,324
258.83,322,320
258.83,326,326
258.83,322,322
258.83,326,326
258.83,325,323
258.84,326,326
258.91,328,325
258.91,323,324
258.91,326,325
258.91,323,323
258.91,330,327
258.91,322,323
258.91,330,329
258.97,322,324
258.97,329,329
258.97,324,323
258.97,330,329
258.97,326,324
258.97,328,328
258.97,326,325
259.03,326,327
259.03,326,324
259.03,326,325
259.03,324,325
259.03,325,324
259.03,329,327
259.04,325,324
259.1,331,330
259.1,325,326
259.1,330,330
259.1,325,325
259.1,330,329
259.1,324,324
259.11,330,329
259.16,325,325
259.16,328,329
259.16,327,324
259.16,326,325
259.16,326,325
259.16,324,324
259.17,326,325
259.23,324,324
259.23,327,326
259.23,322,322
259.23,328,327
259.23,323,322
259.23,325,326
259.24,323,322
259.3,328,328
259.3,324,324
259.3,327,328
259.3,325,324
259.3,325,325
259.3,325,325
259.3,326,327
259.36,327,325
259.36,327,326
259.36,329,329
259.36,326,327
259.36,333,332
259.36,325,325
259.37,331,330
259.42,324,325
259.42,330,331
259.42,325,324
259.42,330,329
259.42,326,325
259.42,328,328
259.43,327,326
259.48,326,327
259.48,326,325
259.48,324,325
259.48,328,326
259.48,322,322
259.49,325,324
259.5,320,320
259.56,325,325
259.56,320,319
259.56,325,323
259.56,320,318
259.56,322,323
259.56,317,316
259.56,320,321
259.62,318,318
259.62,319,319
259.62,318,316
259.62,318,317
259.62,318,317
259.62,315,314
259.63,318,318
259.68,314,314
259.68,318,317
259.68,312,312
259.68,316,316
259.68,311,310
259.69,314,315
259.69,311,308
259.75,312,312
259.75,308,307
259.75,311,311
259.75,311,309
259.75,309,310
259.75,311,309
259.76,308,308
259.83,310,308
259.83,307,306
259.83,308,307
259.83,304,304
259.83,308,307
259.83,303,303
259.83,306,305
259.89,305,303
259.89,306,307
259.89,302,301
259.89,304,304
259.89,303,301
259.89,302,303
259.89,304,302
259.95,302,303
259.95,306,304
259.95,303,303
259.95,309,306
259.95,304,304
259.95,310,308
259.96,303,303
260.01,309,308
260.01,305,304
260.01,311,310
260.01,305,305
260.01,309,309
260.01,306,305
260.02,307,307
260.07,307,305
260.07,307,307
260.07,305,305
260.07,303,305
260.07,308,306
260.08,303,304
260.09,308,308
260.15,305,303
260.15,309,308
260.15,306,305
260.15,309,310
260.15,305,305
260.15,308,310
260.16,307,306
260.17,308,309
260.17,309,309
260.18,310,311
260.25,310,309
260.25,310,309
260.25,310,310
260.25,309,309
260.25,314,312
260.25,310,310
260.25,315,314
260.31,310,310
260.31,314,314
260.31,311,311
260.31,316,316
260.31,313,312
260.31,315,316
260.31,313,312
260.37,317,317
260.37,316,315
260.37,314,313
260.37,313,313
260.37,312,311
260.37,312,311
260.38,310,311
260.43,315,314
260.43,311,310
260.43,315,314
260.43,308,309
260.43,314,315
260.44,310,309
260.44,314,315
260.5,309,309
260.5,312,313
260.5,313,311
260.5,315,314
260.5,316,314
260.5,311,312
260.51,315,314
260.57,310,311
260.57,314,314
260.57,312,311
260.57,316,316
260.57,310,311
260.57,317,316
260.58,314,311
260.64,316,317
260.64,314,313
260.64,318,318
260.64,318,315
260.64,317,316
260.64,316,315
260.64,315,316
260.7,316,314
260.7,313,314
260.7,318,317
260.7,313,313
260.7,317,318
260.7,314,314
260.71,320,319
260.76,315,314
260.76,318,319
260.76,315,316
260.76,322,322
260.76,318,317
260.76,320,321
260.77,320,319
260.82,322,321
260.82,321,321
260.82,320,321
260.82,325,322
260.82,318,320
260.83,325,323
260.84,318,319
260.9,325,325
260.9,319,319
260.9,325,324
260.9,319,319
260.9,322,323
260.9,320,319
260.9,324,323
260.96,321,321
260.96,322,322
260.96,322,321
260.96,320,321
260.96,321,320
260.96,320,320
260.97,323,321
261.03,318,317
261.03,323,321
261.03,319,318
261.03,321,321
261.03,317,316
261.03,319,319
261.03,315,314
261.09,317,318
261.09,314,313
261.09,317,316
261.09,315,314
261.09,315,314
261.09,312,312
261.1,312,312
261.15,314,313
261.15,312,311
261.15,311,311
261.15,308,309
261.15,312,311
261.16,306,307
261.17,311,310
261.23,304,304
261.23,308,308
261.23,305,303
261.23,308,307
261.23,304,304
261.23,305,305
261.23,306,305
261.29,304,305
261.29,305,304
261.29,304,303
261.29,307,306
261.29,303,303
261.29,310,308
261.3,304,304
261.35,309,308
261.35,307,305
261.35,311,310
261.35,306,306
261.35,310,310
261.35,307,307
261.36,311,310
261.42,310,308
261.42,309,310
261.42,310,309
261.42,309,309
261.42,310,310
261.42,309,309
261.43,312,312
261.48,308,307
261.48,311,311
261.48,306,307
261.48,313,311
261.48,306,306
261.48,313,311
261.49,308,308
261.56,310,309
261.56,309,307
261.56,310,308
261.56,310,309
261.56,309,308
261.56,310,309
261.56,308,308
261.62,308,307
261.62,307,307
261.62,312,310
261.62,305,306
261.62,311,310
261.62,306,306
261.62,310,310
261.68,307,306
261.68,312,312
261.68,310,309
261.68,308,310
261.68,311,309
261.68,308,309
261.69,311,310
261.74,309,310
261.74,310,309
261.74,310,309
261.74,313,313
261.74,310,309
261.75,314,315
261.76,310,309
261.82,314,314
261.82,310,308
261.82,314,314
261.82,310,309
261.82,315,314
261.82,313,311
261.82,311,312
261.88,313,312
261.88,311,310
261.88,314,312
261.88,310,310
261.88,315,313
261.88,309,309
261.89,315,314
261.95,308,308
261.95,313,314
261.95,309,308
261.95,313,312
261.95,310,309
261.95,313,313
261.95,310,310
262.01,314,314
262.01,314,312
262.01,311,312
262.01,313,312
262.01,314,312
262.01,315,314
262.02,311,310
262.07,314,314
262.07,312,312
262.07,317,316
262.07,312,312
262.07,317,317
262.07,313,313
262.08,318,319
262.14,318,316
262.14,318,317
262.14,318,317
262.14,318,318
262.14,318,317
262.14,320,318
262.15,320,319
262.21,315,315
262.21,321,320
262.21,316,316
262.21,322,321
262.21,315,315
262.21,320,320
262.21,317,316
262.28,319,319
262.28,315,314
262.28,319,319
262.28,319,315
262.28,317,317
262.28,319,318
262.28,319,319
262.34,320,318
262.34,318,316
262.34,317,318
262.34,315,314
262.34,319,317
262.34,313,312
262.34,315,315
262.4,312,313
262.4,316,316
262.4,313,311
262.4,318,316
262.4,314,313
262.4,316,315
262.41,314,313
262.46,314,313
262.46,314,312
262.46,314,313
262.46,312,312
262.46,309,309
262.47,314,313
262.48,310,309
262.54,313,312
262.54,307,307
262.54,313,313
262.54,310,308
262.54,313,314
262.54,311,310
262.54,314,315
262.6,311,309
262.6,309,311
262.6,310,309
262.6,308,308
262.6,307,307
262.6,305,305
262.61,306,306
262.66,303,302
262.66,306,305
262.66,301,299
262.66,300,301
262.66,295,294
262.66,299,298
262.67,290,290
262.73,294,295
262.73,292,290
262.73,291,290
262.73,288,288
262.73,289,289
262.73,288,287
262.74,286,286
262.8,287,286
262.8,284,284
262.8,288,287
262.8,283,283
262.8,287,287
262.8,285,284
262.8,288,289
262.87,286,284
262.87,289,289
262.87,288,287
262.87,290,290
262.87,292,290
262.87,291,292
262.87,293,293
262.93,293,294
262.93,298,297
262.93,296,296
262.93,301,301
262.93,300,300
262.93,305,305
262.93,303,302
262.99,310,309
262.99,305,306
262.99,312,312
262.99,312,310
262.99,314,315
262.99,315,313
263.0,315,317
263.05,317,316
263.05,319,319
263.05,322,321
263.05,319,320
263.05,323,322
263.06,322,320
263.07,325,324
263.13,322,321
263.13,328,327
263.13,324,323
263.13,327,328
263.13,325,325
263.13,329,328
263.13,326,325
263.19,330,330
263.19,328,327
263.19,331,332
263.19,331,330
263.19,330,330
263.19,334,333
263.2,334,334
263.26,338,337
263.26,334,334
263.26,340,338
263.26,335,333
263.26,338,338
263.26,336,335
263.26,339,339
263.32,336,335
263.32,339,338
263.32,336,336
263.32,339,338
263.32,338,337
263.32,337,336
263.33,339,337
263.38,335,336
263.38,343,342
263.38,338,338
263.38,343,341
263.38,338,337
263.39,342,342
263.39,337,337
263.45,341,341
263.45,335,336
263.45,340,341
263.45,337,335
263.45,337,339
263.45,339,337
263.46,336,337
263.52,337,336
263.52,336,335
263.52,339,338
263.52,333,334
263.52,337,336
263.52,332,333
263.52,337,336
263.59,331,331
263.59,337,336
263.59,330,330
263.59,335,336
263.59,332,331
263.59,334,336
263.59,333,331
263.65,330,332
263.65,333,330
263.65,331,331
263.65,333,332
263.65,329,330
263.65,333,332
263.66,328,327
263.71,330,331
263.71,325,326
263.71,332,330
263.71,325,324
263.71,330,329
263.71,324,324
263.72,329,328
263.77,324,323
263.77,326,326
263.77,327,326
263.77,326,325
263.77,327,326
263.78,325,324
263.79,326,326
263.85,322,322
263.85,326,324
263.85,322,321
263.85,327,325
263.85,320,320
263.85,325,324
263.85,320,320
263.91,325,325
263.91,321,320
263.91,325,325
263.91,323,322
263.91,325,324
263.91,324,324
263.92,327,326
263.98,330,328
263.98,327,326
263.98,329,327
263.98,325,325
263.98,330,329
263.98,326,325
263.98,330,330
264.04,324,324
264.04,329,328
264.04,323,322
264.04,329,328
264.04,323,323
264.04,324,324
264.05,324,323
264.1,324,324
264.1,325,325
264.1,322,323
264.1,327,324
264.1,320,321
264.11,325,322
264.11,320,319
264.18,323,323
264.18,317,317
264.18,321,321
264.18,317,316
264.18,320,320
264.18,316,315
264.18,318,318
264.24,317,315
264.24,316,317
264.24,316,315
264.24,314,314
264.24,318,317
264.24,314,315
264.25,319,318
264.3,312,313
264.3,317,317
264.3,312,312
264.3,317,318
264.3,315,313
264.3,318,317
264.31,314,314
264.37,316,317
264.37,316,314
264.37,317,316
264.37,314,314
264.37,313,313
264.37,315,315
264.38,313,312
264.43,316,315
264.43,312,312
264.43,315,314
264.43,311,310
264.43,316,315
264.43,309,309
264.44,314,313
264.49,312,309
264.49,316,315
264.49,310,309
264.49,312,312
264.49,312,310
264.5,310,311
264.51,312,312
264.57,309,310
264.57,312,312
264.57,309,309
264.57,314,313
264.57,308,309
264.57,315,313
264.57,307,307
264.63,313,312
264.63,309,308
264.63,310,312
264.63,310,309
264.63,314,314
264.63,310,310
264.64,313,313
264.7,311,311
264.7,312,312
264.7,314,313
264.7,311,311
264.7,314,314
264.7,309,308
264.7,315,312
264.76,310,310
264.76,315,315
264.76,312,312
264.76,319,317
264.76,312,311
264.76,316,316
264.77,314,312
264.82,316,317
264.82,317,315
264.82,317,316
264.82,315,315
264.82,315,315
264.83,317,315
264.84,313,313
264.9,318,316
264.9,311,312
264.9,318,318
264.9,313,313
264.9,320,319
264.9,314,312
264.9,317,318
264.96,317,316
264.96,320,320
264.96,318,317
264.96,318,319
264.96,319,317
264.96,317,318
264.97,320,319
265.02,319,318
265.02,321,320
265.02,319,318
265.02,322,322
265.02,319,318
265.02,323,322
265.03,319,318
265.09,322,322
265.09,318,316
265.09,320,320
265.09,317,316
265.09,318,319
265.09,318,317
265.1,317,316
265.15,319,316
265.15,315,316
265.15,318,318
265.15,315,315
265.15,317,317
265.15,315,314
265.16,318,317
265.22,313,312
265.22,318,318
265.22,314,313
265.22,317,318
265.22,315,314
265.22,316,316
265.23,316,315
265.28,316,316
265.28,315,314
265.28,312,314
265.28,316,316
265.29,314,314
265.29,315,316
265.29,314,314
265.35,316,316
265.35,312,312
265.35,318,318
265.35,316,315
265.35,320,320
265.35,317,316
265.36,320,321
265.41,321,320
265.41,322,322
265.41,318,318
265.41,320,320
265.41,322,322
265.42,321,321
265.43,324,322
265.49,318,320
265.49,321,321
265.49,318,318
265.49,323,321
265.49,317,317
265.49,323,322
265.49,319,317
265.55,320,321
265.55,317,316
265.55,320,319
265.55,318,316
265.55,318,318
265.55,319,317
265.56,316,316
265.61,317,316
265.61,315,314
265.61,319,316
265.61,313,313
265.61,317,316
265.61,311,311
265.62,317,316
265.68,312,310
265.68,314,314
265.68,310,310
265.68,314,313
265.68,310,308
265.68,312,312
265.69,313,310
265.74,311,312
265.74,314,312
265.74,309,310
265.74,311,310
265.74,308,308
265.74,313,312
265.75,306,307
265.82,313,312
265.82,309,308
265.82,311,312
265.82,309,308
265.82,313,311
265.82,309,308
265.82,312,311
265.88,310,310
265.88,311,311
265.88,313,311
265.88,310,311
265.88,314,312
265.88,309,309
265.88,314,312
265.94,308,309
265.94,313,312
265.94,308,307
265.94,313,312
265.94,306,307
265.94,315,313
265.95,310,308
266.01,312,312
266.01,311,309
266.01,311,310
266.01,311,310
266.01,310,309
266.01,310,310
266.01,309,310
266.07,313,311
266.07,311,310
266.07,315,313
266.07,310,310
266.07,315,313
266.07,309,309
266.08,314,314
266.13,311,310
266.13,315,315
266.13,311,311
266.13,313,313
266.13,312,311
266.14,312,312
266.15,312,311
266.21,313,312
266.21,314,313
266.21,312,311
266.21,314,314
266.21,313,312
266.21,316,316
266.21,315,313
266.27,318,317
266.27,315,314
266.27,319,317
266.27,314,314
266.27,318,318
266.27,317,315
266.28,319,320
266.33,319,318
266.33,321,320
266.33,322,320
266.33,321,320
266.33,324,324
266.33,320,319
266.34,324,323
266.39,319,319
266.39,324,324
266.39,321,320
266.39,325,324
266.39,319,319
266.4,322,322
266.41,322,320
266.47,322,322
266.47,318,318
266.47,320,321
266.47,323,321
266.47,320,321
266.47,323,321
266.47,319,320
266.54,323,322
266.54,318,318
266.54,323,322
266.54,318,317
266.54,323,322
266.54,316,316
266.54,322,321
266.6,319,317
266.6,319,320
266.6,316,316
266.6,319,319
266.6,319,317
266.6,318,318
266.6,318,318
266.66,316,318
266.66,323,322
266.66,318,318
266.66,321,320
266.66,316,315
266.66,321,321
266.67,315,314
266.72,319,319
266.72,315,314
266.72,317,316
266.72,312,312
266.72,314,314
266.73,315,313
266.74,312,314
266.79,314,313
266.79,310,311
266.79,314,313
266.79,310,310
266.79,315,313
266.79,308,309
266.8,314,313
266.85,311,310
266.85,315,314
266.85,310,308
266.85,312,313
266.85,309,307
266.86,313,312
266.87,310,310
266.93,312,312
266.93,313,311
266.93,310,310
266.93,311,310
266.93,306,307
266.93,310,310
266.93,307,307
266.99,311,309
266.99,305,304
266.99,312,310
266.99,307,305
266.99,310,311
266.99,310,309
267.0,311,312
267.05,308,308
267.05,310,312
267.05,308,307
267.05,308,309
267.05,310,309
267.06,309,308
267.06,310,309
267.11,306,306
267.11,312,312
267.11,308,308
267.11,312,312
267.11,308,307
267.12,313,313
267.13,309,308
267.19,313,315
267.19,310,309
267.19,314,314
267.19,313,311
267.19,313,314
267.19,315,313
267.19,315,314
267.26,316,315
267.26,315,315
267.26,320,318
267.26,315,315
267.26,321,321
267.26,317,316
267.26,322,320
267.32,318,318
267.32,325,324
267.32,323,321
267.32,324,324
267.32,321,321
267.32,324,324
267.33,325,324
267.38,326,324
267.38,327,325
267.38,325,325
267.38,326,324
267.38,322,322
267.38,326,325
267.39,323,322
267.44,326,326
267.44,320,321
267.44,327,328
267.44,322,322
267.44,325,325
267.45,325,322
267.46,327,327
267.52,325,323
267.52,325,324
267.52,324,322
267.52,323,323
267.52,323,322
267.52,321,322
267.52,327,325
267.58,320,320
267.58,324,324
267.58,319,318
267.58,322,323
267.58,320,320
267.58,325,324
267.59,318,319
267.64,322,322
267.65,320,319
267.65,319,319
267.65,319,317
267.65,319,319
267.65,321,320
267.65,318,317
267.71,319,318
267.71,318,317
267.71,320,318
267.71,315,314
267.71,318,317
267.71,314,314
267.72,320,320
267.73,314,313
267.74,320,319
267.75,315,313
267.8,315,314
267.8,312,311
267.8,313,313
267.8,315,313
267.8,310,311
267.8,314,313
267.81,310,311
267.87,315,314
267.87,311,311
267.87,317,316
267.87,315,315
267.87,318,318
267.87,315,314
267.88,317,318
267.94,314,314
267.94,317,318
267.94,316,315
267.94,317,317
267.94,317,317
267.94,316,316
267.94,321,319
268.0,318,318
268.0,320,318
268.01,316,316
268.01,321,320
268.01,317,317
268.01,322,322
268.01,317,317
268.07,324,322
268.07,318,317
268.07,323,322
268.07,317,317
268.07,321,322
268.07,321,319
268.08,323,322
268.13,320,319
268.13,318,319
268.13,320,320
268.13,317,318
268.13,322,320
268.13,319,319
268.14,323,322
268.19,322,320
268.19,326,325
268.19,321,319
268.19,325,323
268.19,320,319
268.2,324,324
268.21,322,322
268.27,322,322
268.27,322,321
268.27,319,320
268.27,321,320
268.27,316,317
268.27,319,318
268.27,316,316
268.33,321,319
268.33,316,315
268.33,321,320
268.33,316,316
268.33,322,322
268.33,319,317
268.34,320,319
268.39,316,316
268.39,318,320
268.39,320,320
268.39,321,321
268.39,319,317
268.4,318,320
268.4,323,321
268.46,318,318
268.46,323,322
268.46,319,318
268.46,322,322
268.46,317,317
268.46,325,323
268.47,319,318
268.52,322,322
268.52,319,318
268.52,322,322
268.52,321,318
268.52,319,320
268.53,321,319
268.53,319,319
268.6,316,317
268.6,315,316
268.6,318,319
268.6,317,318
268.6,324,323
268.6,321,320
268.6,323,323
268.66,318,318
268.66,322,322
268.66,318,318
268.66,321,321
268.66,321,318
268.66,322,321
268.66,320,319
268.72,318,319
268.72,318,318
268.72,316,317
268.72,319,317
268.72,312,313
268.72,317,316
268.73,314,312
268.78,314,314
268.78,310,311
268.78,316,316
268.79,312,311
268.79,317,316
268.79,313,313
268.8,317,316
268.85,317,315
268.85,318,317
268.85,318,316
268.85,316,318
268.85,318,316
268.85,316,316
268.86,318,318
268.92,314,314
268.92,318,318
268.92,318,317
268.92,324,322
268.92,317,316
268.92,321,321
268.93,318,315
268.99,318,319
268.99,316,315
268.99,316,317
268.99,314,313
268.99,314,314
268.99,313,312
268.99,312,311
269.05,314,314
269.05,314,313
269.05,315,313
269.05,309,310
269.05,315,314
269.05,310,309
269.06,314,314
269.11,311,308
269.11,313,312
269.11,310,308
269.11,312,311
269.11,310,310
269.12,312,311
269.12,311,309
269.18,309,310
269.18,313,313
269.18,311,311
269.18,313,312
269.18,306,308
269.18,312,311
269.19,307,307
269.24,314,314
269.24,309,308
269.24,312,311
269.24,308,308
269.24,311,312
269.25,310,307
269.25,310,310
269.32,310,308
269.32,305,307
269.32,310,310
269.32,309,308
269.32,310,310
269.32,308,308
269.32,314,311
269.38,308,309
269.38,314,313
269.38,309,309
269.38,315,314
269.38,310,310
269.38,315,315
269.39,311,311
269.44,314,315
269.44,313,312
269.44,315,315
269.44,313,313
269.44,314,314
269.44,318,315
269.45,314,314
269.51,319,317
269.51,316,316
269.51,319,317
269.51,314,314
269.51,321,320
269.51,314,314
269.52,320,320
269.57,319,317
269.57,320,321
269.57,320,319
269.57,321,320
269.57,320,320
269.57,322,322
269.58,323,322
269.65,321,321
269.65,324,323
269.65,321,321
269.65,324,324
269.65,321,322
269.65,328,327
269.65,322,322
269.71,326,327
269.71,322,321
269.71,324,324
269.71,322,321
269.71,326,326
269.71,323,322
269.71,325,325
269.77,327,325
269.77,323,324
269.77,328,325
269.77,322,323
269.77,327,324
269.77,324,323
269.78,327,326
269.83,321,320
269.83,328,327
269.83,323,322
269.83,327,326
269.83,321,321
269.84,327,326
269.84,323,322
269.9,326,325
269.9,322,321
269.9,322,322
269.9,323,322
269.9,322,321
269.9,322,321
269.91,319,318
269.97,320,320
269.97,317,316
269.97,321,319
269.97,314,314
269.97,319,318
269.97,311,312
269.98,318,317
270.04,312,312
270.04,314,316
270.04,314,313
270.04,315,315
270.04,313,313
270.04,315,315
270.04,312,312
270.1,311,310
270.1,316,314
270.1,311,311
270.1,315,314
270.1,310,310
270.1,316,314
270.11,311,310
270.16,314,315
270.16,311,311
270.16,314,315
270.16,313,312
270.16,316,316
270.16,316,315
270.17,317,316
270.22,316,316
270.22,314,315
270.22,319,317
270.22,314,316
270.22,318,319
270.23,315,315
270.24,319,318
270.3,312,313
270.3,321,320
270.3,315,313
270.3,319,319
270.3,315,314
270.3,319,318
270.3,318,316
270.36,317,318
270.36,316,315
270.36,316,316
270.36,318,316
270.36,318,318
270.36,319,318
270.37,316,318
270.43,321,318
270.43,315,314
270.43,321,319
270.43,314,313
270.43,320,320
270.43,312,311
270.43,319,318
270.49,312,310
270.49,316,317
270.49,309,309
270.49,316,316
270.49,311,311
270.49,314,316
270.5,311,311
270.55,313,314
270.55,315,314
270.55,311,311
270.55,316,313
270.55,310,310
270.56,316,316
270.57,307,308
270.63,317,316
270.63,309,308
270.63,317,318
270.63,310,309
270.63,317,316
270.63,312,310
270.63,315,315
270.69,313,313
270.69,315,316
270.69,317,314
270.69,313,314
270.69,316,315
270.69,310,312
270.7,318,317
270.75,311,311
270.75,318,317
270.75,308,308
270.75,317,317
270.75,311,309
270.75,319,318
270.76,313,311
270.81,318,318
270.81,313,311
270.81,316,317
270.81,314,313
270.81,316,316
270.82,317,315
270.83,313,315
270.88,319,317
270.88,312,312
270.88,319,318
270.88,312,311
270.88,321,320
270.88,312,312
270.89,319,319
270.95,313,310
270.95,317,319
270.95,315,313
270.95,319,319
270.95,315,313
270.95,316,317
270.96,314,313
271.02,315,316
271.02,318,316
271.02,311,314
271.02,321,319
271.02,314,314
271.02,322,320
271.02,314,313
271.07,321,321
271.07,314,314
271.07,321,321
271.07,314,313
271.07,319,320
271.08,315,314
271.09,316,318
271.14,316,315
271.14,317,317
271.14,319,316
271.14,315,314
271.14,316,315
271.15,312,312
271.15,318,317
271.21,310,310
271.21,320,319
271.21,310,311
271.21,319,320
271.21,313,312
271.21,320,321
271.22,312,312
271.28,317,318
271.28,314,313
271.28,316,317
271.28,316,314
271.28,314,315
271.28,319,318
271.29,314,314
271.34,321,318
271.34,312,312
271.34,320,318
271.34,310,310
271.34,318,319
271.35,312,311
271.35,318,318
271.4,311,310
271.4,317,318
271.4,312,311
271.4,316,316
271.4,316,314
271.41,314,316
271.42,317,316
271.47,315,315
271.47,320,318
271.47,313,314
271.47,322,321
271.47,314,313
271.47,323,322
271.48,314,314
271.53,320,320
271.53,315,314
271.53,322,321
271.53,315,314
271.53,318,320
271.54,318,317
271.55,320,320
271.61,319,318
271.61,316,317
271.61,320,319
271.61,317,317
271.61,322,321
271.61,316,316
271.61,322,323
271.67,314,315
271.67,323,323
271.67,317,316
271.67,324,323
271.67,316,316
271.67,321,321
271.68,319,317
271.82,322,321
271.82,319,317
271.82,320,321
271.82,322,321
271.82,320,321
271.82,324,323
271.82,318,318
271.82,326,325
271.82,317,317
271.82,327,325
271.82,318,316
271.82,324,325
271.82,318,317
271.82,323,324
271.82,318,318
271.83,323,324
271.84,318,318
