time_s,raw,averaged
0.21,315,316
0.21,315,313
0.21,314,313
0.21,318,316
0.21,313,312
0.21,315,315
0.21,319,318
0.21,314,314
0.22,319,318
0.22,319,318
0.22,316,318
0.22,322,322
0.22,322,321
0.22,319,321
0.22,325,323
0.22,319,319
0.22,321,321
0.22,323,321
0.22,316,318
0.22,323,322
0.22,322,322
0.22,322,322
0.22,328,326
0.22,325,323
0.22,324,324
0.22,324,322
0.22,320,323
0.22,326,324
0.22,321,323
0.22,327,326
0.22,325,323
0.22,329,328
0.22,325,323
0.22,327,328
0.22,324,323
0.22,328,327
0.22,325,323
0.22,324,327
0.22,325,324
0.22,327,327
0.22,327,326
0.22,326,327
0.22,329,326
0.22,325,325
0.22,329,328
0.22,323,324
0.22,327,327
0.22,323,323
0.22,330,327
0.22,322,322
0.22,326,326
0.22,323,322
0.22,328,327
0.22,325,323
0.22,326,326
0.22,325,325
0.22,327,325
0.22,326,324
0.22,326,325
0.22,328,326
0.22,323,323
0.22,330,327
0.22,324,324
0.23,326,327
0.29,326,324
0.29,327,328
0.29,326,323
0.29,329,329
0.29,323,323
0.29,329,328
0.29,325,325
0.35,328,327
0.35,326,327
0.35,325,326
0.35,327,326
0.35,323,324
0.35,329,327
0.36,325,322
0.42,326,325
0.42,322,322
0.42,327,326
0.42,323,322
0.42,326,325
0.42,322,320
0.43,322,324
0.48,323,320
0.48,323,322
0.48,321,321
0.48,320,321
0.48,324,323
0.48,323,322
0.49,324,324
0.54,320,321
0.54,326,326
0.54,322,321
0.54,327,324
0.54,321,319
0.55,325,325
0.56,320,319
0.62,323,324
0.62,321,321
0.62,324,324
0.62,321,320
0.62,323,323
0.62,323,322
0.62,322,322
0.68,323,323
0.68,322,320
0.68,322,322
0.68,321,319
0.68,322,323
0.68,319,318
0.69,324,324
0.75,316,317
0.75,320,322
0.75,319,318
0.75,319,320
0.75,316,317
0.75,318,319
0.75,317,317
0.81,319,318
0.81,316,317
0.81,317,315
0.81,318,317
0.81,311,313
0.81,318,316
0.82,312,311
0.87,319,317
0.87,311,311
0.87,313,315
0.87,310,310
0.87,313,314
0.88,309,309
0.88,313,312
0.95,309,309
0.95,309,310
0.95,311,309
0.95,306,307
0.95,312,312
0.95,308,309
0.95,311,310
1.01,307,308
1.01,311,310
1.01,307,306
1.01,314,313
1.01,310,308
1.01,313,313
1.02,308,309
1.07,313,312
1.07,309,310
1.07,313,312
1.07,309,308
1.07,311,310
1.07,312,311
1.08,310,310
1.13,314,313
1.13,310,310
1.13,313,313
1.13,309,309
1.13,316,316
1.14,313,312
1.15,317,317
1.2,315,314
1.2,319,318
1.2,317,315
1.2,318,318
1.2,320,318
1.2,317,317
1.21,321,319
1.27,317,317
1.27,321,319
1.27,316,317
1.27,322,320
1.27,316,316
1.27,320,321
1.28,317,316
1.34,320,322
1.34,319,318
1.34,320,321
1.34,321,318
1.34,323,322
1.34,322,320
1.34,320,322
1.4,320,321
1.4,318,320
1.4,322,321
1.4,321,320
1.4,320,320
1.4,317,316
1.41,322,322
1.46,315,314
1.46,321,321
1.46,316,315
1.46,317,318
1.46,316,315
1.47,318,318
1.47,313,313
1.54,315,316
1.54,316,314
1.54,313,314
1.54,318,315
1.54,312,313
1.54,315,315
1.54,311,312
1.6,316,315
1.6,310,311
1.6,317,316
1.6,314,312
1.6,316,316
1.6,315,313
1.6,318,316
1.66,313,311
1.66,314,316
1.66,315,312
1.66,315,314
1.66,317,315
1.66,314,314
1.67,316,315
1.73,313,312
1.73,317,316
1.73,314,312
1.73,314,316
1.73,311,311
1.73,316,316
1.74,312,312
1.79,316,316
1.79,313,311
1.79,314,315
1.79,313,313
1.79,316,316
1.79,315,314
1.8,316,315
1.85,318,316
1.85,315,316
1.85,320,319
1.85,315,314
1.85,322,320
1.86,317,315
1.87,320,320
1.93,317,316
1.93,320,319
1.93,316,315
1.93,319,320
1.93,317,318
1.93,321,321
1.93,321,320
1.99,320,322
1.99,326,323
1.99,321,322
1.99,324,324
1.99,320,321
1.99,326,325
2.0,322,321
2.06,324,324
2.06,320,321
2.06,327,326
2.06,321,322
2.06,327,327
2.06,326,323
2.06,324,325
2.12,325,323
2.12,325,325
2.12,325,324
2.12,324,324
2.12,326,325
2.12,323,324
2.13,328,326
2.18,324,323
2.18,326,326
2.18,320,321
2.18,327,328
2.18,323,323
2.19,326,326
2.19,321,321
2.26,325,325
2.26,325,323
2.26,324,325
2.26,325,324
2.26,323,323
2.26,325,323
2.26,324,323
2.32,324,324
2.32,321,321
2.32,328,325
2.32,320,321
2.32,325,326
2.32,321,320
2.33,326,326
2.38,324,321
2.38,324,325
2.38,320,320
2.38,325,324
2.38,322,322
2.38,323,322
2.39,321,321
2.44,320,321
2.44,326,323
2.44,320,321
2.44,327,325
2.44,321,320
2.45,326,325
2.46,320,319
2.52,324,324
2.52,320,320
2.52,324,324
2.52,322,320
2.52,322,323
2.52,322,321
2.52,323,322
2.58,322,321
2.58,322,320
2.58,320,321
2.58,321,321
2.58,323,322
2.58,318,319
2.59,322,321
2.65,316,314
2.65,322,321
2.65,316,314
2.65,318,319
2.65,316,314
2.65,316,317
2.65,314,313
2.71,316,316
2.71,314,314
2.71,315,314
2.71,315,314
2.71,314,314
2.71,318,315
2.72,310,313
2.77,316,314
2.77,312,312
2.77,314,314
2.77,308,309
2.77,314,313
2.78,309,308
2.78,314,313
2.85,309,310
2.85,313,315
2.85,314,311
2.85,315,313
2.85,316,314
2.85,312,313
2.85,317,314
2.91,313,313
2.91,317,316
2.91,314,313
2.91,316,317
2.91,315,313
2.91,318,319
2.92,314,313
2.97,317,318
2.97,314,314
2.97,317,316
2.97,312,313
2.97,316,316
2.97,316,314
2.98,314,314
3.04,314,314
3.04,310,311
3.04,314,313
3.04,310,309
3.04,313,313
3.04,306,308
3.05,310,311
3.1,308,307
3.1,310,311
3.1,304,305
3.1,309,310
3.1,306,305
3.1,310,309
3.11,307,306
3.18,308,310
3.18,311,308
3.18,311,311
3.18,312,312
3.18,308,310
3.18,312,312
3.18,311,310
3.24,314,314
3.24,310,310
3.24,314,314
3.24,311,311
3.24,316,315
3.24,311,310
3.24,317,316
3.3,311,310
3.3,314,314
3.3,313,313
3.3,313,313
3.3,315,314
3.3,313,313
3.31,318,316
3.36,313,313
3.36,317,318
3.36,315,314
3.36,320,319
3.36,318,317
3.37,321,322
3.37,319,318
3.43,322,322
3.43,319,320
3.43,321,322
3.43,321,318
3.43,320,320
3.43,323,320
3.44,319,319
3.49,323,319
3.49,319,318
3.49,323,322
3.49,316,317
3.49,323,321
3.5,316,316
3.51,322,321
3.56,315,314
3.56,319,318
3.56,316,313
3.56,319,318
3.56,315,316
3.56,319,317
3.57,318,317
3.63,319,318
3.63,318,317
3.63,314,316
3.63,320,320
3.63,317,318
3.63,322,321
3.64,319,317
3.7,323,322
3.7,318,317
3.7,324,322
3.7,319,317
3.7,321,321
3.7,318,317
3.7,320,320
3.76,322,321
3.76,319,320
3.76,321,320
3.76,320,319
3.76,321,321
3.76,318,318
3.77,320,318
3.82,318,316
3.82,322,319
3.82,315,313
3.82,318,319
3.82,317,314
3.82,318,318
3.83,314,312
3.88,317,317
3.88,317,315
3.88,316,317
3.88,316,315
3.88,315,315
3.89,317,317
3.9,314,315
3.96,319,317
3.96,313,315
3.96,318,319
3.96,316,314
3.96,318,319
3.96,314,313
3.96,318,318
4.02,313,314
4.02,316,318
4.02,314,314
4.02,316,317
4.02,315,315
4.02,316,315
4.03,315,314
4.09,314,314
4.09,316,314
4.09,313,314
4.09,316,317
4.09,314,313
4.09,319,317
4.1,313,312
4.15,316,317
4.15,312,312
4.15,314,315
4.15,314,312
4.15,316,314
4.15,316,314
4.16,312,315
4.21,318,315
4.21,314,315
4.21,318,318
4.21,316,315
4.21,321,319
4.22,316,316
4.23,323,322
4.29,318,317
4.29,320,321
4.29,318,316
4.29,323,322
4.29,317,317
4.29,321,321
4.29,319,317
4.35,319,320
4.35,320,318
4.35,322,320
4.35,320,320
4.35,319,318
4.35,321,321
4.36,318,319
4.42,325,322
4.42,321,321
4.42,327,326
4.42,322,322
4.42,326,326
4.42,324,322
4.42,326,327
4.48,325,322
4.48,325,325
4.48,322,321
4.48,323,324
4.48,323,323
4.48,322,322
4.49,322,322
4.54,322,321
4.54,324,323
4.54,320,320
4.54,324,323
4.54,321,320
4.55,325,323
4.55,316,318
4.62,322,321
4.62,319,317
4.62,320,320
4.62,320,317
4.62,321,320
4.62,316,317
4.62,316,319
4.68,320,319
4.68,318,317
4.68,321,318
4.68,315,314
4.68,316,318
4.68,315,314
4.68,318,318
4.74,314,315
4.74,317,317
4.74,314,313
4.74,316,317
4.74,313,313
4.74,316,315
4.75,315,313
4.8,315,315
4.8,313,312
4.8,311,311
4.8,314,312
4.8,309,310
4.81,312,313
4.82,309,309
4.87,316,314
4.87,310,310
4.87,312,313
4.87,311,309
4.87,314,314
4.87,310,310
4.88,312,313
4.94,311,309
4.94,310,311
4.94,311,310
4.94,311,312
4.94,311,312
4.94,310,311
4.95,312,313
5.01,311,310
5.01,316,314
5.01,310,310
5.01,314,314
5.01,309,310
5.01,312,313
5.01,308,308
5.07,314,314
5.07,309,307
5.07,311,313
5.07,314,312
5.07,312,313
5.07,315,313
5.08,310,310
5.13,314,315
5.13,311,310
5.13,315,314
5.13,308,309
5.13,318,315
5.14,309,309
5.14,313,315
5.21,312,310
5.21,316,315
5.21,315,313
5.21,316,315
5.21,314,314
5.21,315,315
5.21,314,314
5.27,314,315
5.27,320,317
5.27,314,314
5.27,320,317
5.27,315,315
5.27,319,319
5.27,316,315
5.33,322,321
5.33,318,316
5.33,321,321
5.33,319,317
5.33,321,321
5.33,320,318
5.34,320,322
5.39,323,321
5.39,323,322
5.4,323,322
5.4,318,320
5.4,320,321
5.4,316,318
5.41,324,322
5.46,314,316
5.46,320,322
5.46,317,316
5.46,323,321
5.46,315,315
5.46,320,320
5.47,317,316
5.53,317,320
5.54,321,319
5.54,320,319
5.54,323,321
5.54,322,321
5.54,322,322
5.54,322,321
5.6,324,323
5.6,321,320
5.6,323,323
5.6,319,318
5.6,323,323
5.6,318,317
5.6,321,322
5.66,323,322
5.66,322,322
5.66,321,321
5.66,322,322
5.66,322,322
5.66,318,320
5.67,322,322
5.72,321,321
5.72,324,324
5.72,319,320
5.72,328,327
5.72,325,323
5.73,328,328
5.73,322,323
5.78,327,328
5.78,326,324
5.78,328,328
5.78,325,324
5.78,328,326
5.79,326,324
5.8,326,324
5.86,326,324
5.86,323,323
5.86,326,326
5.86,323,322
5.86,324,324
5.86,322,321
5.86,326,324
5.92,322,322
5.92,324,325
5.92,322,322
5.92,328,326
5.92,323,322
5.92,324,324
5.93,322,322
5.98,324,323
5.98,324,323
5.98,321,324
5.99,325,323
5.99,321,323
5.99,329,327
6.0,323,322
6.05,326,327
6.05,324,324
6.05,329,328
6.05,322,323
6.05,328,329
6.05,322,324
6.06,328,326
6.12,323,321
6.12,325,322
6.12,322,321
6.12,322,321
6.12,321,321
6.12,319,320
6.13,323,322
6.19,320,319
6.19,321,321
6.19,317,316
6.19,321,320
6.19,314,315
6.19,322,320
6.19,315,314
6.25,319,319
6.25,314,313
6.25,316,316
6.25,313,313
6.25,312,315
6.25,314,313
6.26,310,312
6.31,315,313
6.31,312,312
6.31,317,314
6.31,311,311
6.31,316,315
6.32,311,311
6.32,315,315
6.39,309,310
6.39,315,316
6.39,312,310
6.39,312,314
6.39,312,311
6.39,314,314
6.39,314,312
6.45,312,313
6.45,316,313
6.45,313,311
6.45,313,313
6.45,309,309
6.45,312,313
6.45,308,308
6.51,315,313
6.51,312,310
6.51,315,314
6.51,310,309
6.51,314,314
6.51,312,310
6.52,313,312
6.57,312,312
6.57,310,312
6.58,313,312
6.58,312,311
6.58,313,313
6.58,307,310
6.59,314,313
6.64,310,308
6.64,313,314
6.64,307,307
6.64,314,312
6.64,306,308
6.64,311,312
6.65,307,305
6.72,311,310
6.72,311,308
6.72,308,310
6.72,308,309
6.72,309,308
6.72,308,309
6.72,309,308
6.78,311,311
6.78,309,310
6.78,314,312
6.78,310,309
6.78,315,314
6.78,310,308
6.78,313,315
6.84,311,310
6.84,314,312
6.84,310,311
6.84,316,315
6.84,315,314
6.84,314,314
6.85,316,315
6.9,314,313
6.9,318,316
6.9,316,313
6.9,318,318
6.9,315,314
6.9,319,318
6.91,312,312
6.97,319,318
6.97,313,312
6.97,316,315
6.97,314,313
6.97,316,317
6.97,316,315
6.98,316,315
7.04,317,315
7.04,314,314
7.04,314,315
7.04,313,313
7.04,318,316
7.04,313,313
7.04,319,319
7.1,315,314
7.1,318,319
7.1,317,315
7.1,320,320
7.1,314,315
7.11,320,321
7.11,317,317
7.17,317,317
7.17,319,317
7.17,318,318
7.17,322,319
7.17,317,318
7.17,320,320
7.18,314,316
7.23,323,321
7.23,318,318
7.23,322,322
7.23,318,317
7.23,322,322
7.23,319,320
7.24,323,325
7.29,320,321
7.29,322,324
7.29,326,324
7.29,325,325
7.29,325,325
7.3,326,325
7.31,329,326
7.37,324,322
7.37,327,325
7.37,322,320
7.37,324,323
7.37,319,317
7.37,320,321
7.37,318,316
7.43,319,319
7.43,318,315
7.43,321,321
7.43,320,318
7.43,318,320
7.43,320,319
7.44,314,317
7.49,320,319
7.49,316,316
7.5,321,319
7.5,316,315
7.5,319,319
7.5,316,315
7.5,318,319
7.56,314,314
7.56,317,317
7.56,313,313
7.56,315,316
7.56,315,313
7.56,313,315
7.57,313,313
7.62,313,313
7.62,315,312
7.62,309,310
7.62,313,315
7.62,311,312
7.63,316,315
7.63,314,312
7.7,315,315
7.7,313,311
7.7,318,317
7.7,311,312
7.7,316,316
7.7,314,313
7.7,316,316
7.76,315,313
7.76,317,317
7.76,317,314
7.76,315,314
7.76,315,315
7.76,312,313
7.77,316,317
7.82,311,314
7.82,316,316
7.82,315,313
7.82,320,319
7.82,314,313
7.82,319,320
7.83,314,314
7.89,320,319
7.89,318,317
7.89,320,319
7.89,318,317
7.89,319,319
7.89,320,321
7.9,319,320
7.95,326,323
7.95,322,320
7.95,323,322
7.95,318,316
7.95,323,321
7.95,316,316
7.96,322,322
8.01,317,316
8.01,320,321
8.01,317,316
8.01,317,319
8.01,319,317
8.02,318,319
8.03,320,320
8.09,318,319
8.09,321,319
8.09,316,318
8.09,321,320
8.09,317,318
8.09,323,322
8.09,320,319
8.15,325,325
8.15,321,321
8.15,326,325
8.15,325,323
8.15,327,326
8.15,326,325
8.16,326,326
8.21,328,326
8.21,327,327
8.21,329,327
8.21,324,326
8.21,330,328
8.22,326,323
8.22,329,327
8.28,325,324
8.28,328,329
8.28,324,324
8.28,330,328
8.28,326,325
8.28,324,326
8.29,322,322
8.35,325,323
8.35,325,323
8.35,322,323
8.35,323,324
8.35,323,323
8.35,325,325
8.35,320,321
8.42,325,325
8.42,321,321
8.42,324,325
8.42,321,320
8.42,325,326
8.42,324,323
8.42,327,326
8.48,323,321
8.48,322,324
8.48,323,322
8.48,322,322
8.48,325,323
8.48,321,321
8.49,324,321
8.54,319,319
8.54,323,321
8.54,316,317
8.54,324,322
8.54,317,318
8.54,323,322
8.55,320,320
8.62,324,324
8.62,321,319
8.62,323,324
8.62,323,321
8.62,323,322
8.62,322,320
8.62,320,321
8.68,324,322
8.68,318,321
8.68,324,324
8.68,320,320
8.68,326,324
8.68,318,318
8.68,323,323
8.74,321,319
8.74,322,324
8.74,317,318
8.74,323,322
8.74,321,320
8.74,323,322
8.75,321,319
8.8,322,321
8.8,320,321
8.8,320,320
8.8,323,322
8.8,321,319
8.81,321,321
8.81,316,318
8.87,322,322
8.87,316,316
8.87,323,321
8.87,317,317
8.87,320,320
8.87,317,317
8.88,320,322
8.94,321,318
8.94,320,321
8.94,321,321
8.94,321,321
8.94,321,321
8.94,319,320
8.94,322,322
9.01,318,318
9.01,323,321
9.01,318,317
9.01,321,320
9.01,319,318
9.01,324,323
9.01,317,317
9.07,321,320
9.07,318,318
9.07,322,321
9.07,321,318
9.07,319,317
9.07,319,318
9.08,317,316
9.13,319,318
9.13,314,316
9.13,319,318
9.13,315,314
9.13,318,318
9.13,313,313
9.14,317,318
9.19,313,313
9.19,319,318
9.19,317,315
9.19,317,318
9.19,316,315
9.2,317,316
9.21,315,315
9.27,316,316
9.27,321,318
9.27,314,316
9.27,319,319
9.27,314,313
9.27,321,320
9.27,316,315
9.33,321,318
9.33,315,315
9.33,321,321
9.33,316,316
9.33,317,319
9.33,320,318
9.34,319,318
9.4,319,318
9.4,317,318
9.4,317,319
9.4,318,317
9.4,322,319
9.4,319,317
9.4,320,318
9.46,315,315
9.46,318,319
9.46,315,314
9.46,318,319
9.46,315,313
9.46,316,318
9.47,314,314
9.52,318,317
9.52,316,316
9.52,317,318
9.52,318,317
9.52,317,318
9.53,321,319
9.53,318,317
9.6,321,320
9.6,315,315
9.6,322,320
9.6,317,317
9.6,322,322
9.6,316,316
9.6,319,319
9.66,319,317
9.66,322,320
9.66,318,318
9.66,320,321
9.66,321,319
9.66,319,318
9.67,321,320
9.72,314,317
9.72,321,318
9.72,314,315
9.72,321,319
9.72,315,316
9.72,321,320
9.73,317,314
9.78,322,321
9.78,319,318
9.78,321,322
9.78,318,317
9.78,318,320
9.79,321,320
9.8,320,320
9.85,322,321
9.85,318,318
9.85,321,321
9.85,318,317
9.85,321,320
9.85,318,316
9.86,319,321
9.92,316,316
9.92,321,321
9.92,318,316
9.92,318,319
9.92,319,316
9.92,319,319
9.93,318,317
9.99,317,316
9.99,319,317
9.99,316,317
9.99,321,318
9.99,314,316
9.99,321,319
9.99,314,314
10.05,321,318
10.05,310,311
10.05,316,316
10.05,312,312
10.05,318,318
10.05,315,314
10.06,318,317
10.11,317,315
10.11,317,317
10.11,318,317
10.11,316,316
10.11,317,318
10.12,316,316
10.12,320,320
10.19,317,317
10.19,322,321
10.19,314,317
10.19,320,321
10.19,319,318
10.19,324,322
10.19,320,318
10.2,320,322
10.21,319,318
10.22,322,322
10.28,318,317
10.28,317,317
10.28,318,318
10.28,317,316
10.28,318,318
10.28,315,315
10.28,319,320
10.34,315,315
10.34,320,320
10.34,315,314
10.34,319,318
10.34,316,314
10.34,316,318
10.35,314,313
10.41,318,318
10.41,317,315
10.41,316,316
10.41,320,318
10.41,314,316
10.41,319,316
10.42,313,315
10.47,318,318
10.47,316,316
10.47,320,318
10.47,314,313
10.47,319,319
10.47,313,312
10.48,316,318
10.53,316,313
10.53,317,317
10.53,316,314
10.53,318,316
10.53,316,315
10.54,315,314
10.55,313,314
10.61,312,313
10.61,316,316
10.61,312,312
10.61,317,314
10.61,312,312
10.61,317,316
10.61,313,312
10.67,318,315
10.67,310,310
10.67,313,315
10.67,314,311
10.67,313,314
10.67,314,314
10.68,313,314
10.73,316,315
10.73,312,314
10.73,319,316
10.73,314,315
10.73,321,318
10.73,314,314
10.74,318,319
10.8,314,314
10.8,322,320
10.8,317,315
10.8,320,320
10.8,316,315
10.8,319,319
10.81,318,317
10.86,320,318
10.86,318,316
10.86,318,317
10.86,322,319
10.86,316,317
10.87,320,320
10.87,316,316
10.94,320,321
10.94,316,315
10.94,322,320
10.94,316,316
10.94,318,321
10.94,315,314
10.94,317,318
11.0,317,315
11.0,317,317
11.0,319,316
11.0,315,317
11.0,318,317
11.0,313,317
11.0,319,318
11.06,315,314
11.06,317,318
11.06,314,314
11.06,319,318
11.06,313,313
11.06,318,318
11.07,315,314
11.12,317,318
11.12,315,312
11.12,317,316
11.12,318,316
11.12,315,316
11.13,317,315
11.14,313,314
11.19,316,314
11.19,311,313
11.19,317,316
11.19,313,312
11.19,317,317
11.19,315,314
11.2,321,320
11.26,316,316
11.26,321,321
11.26,316,317
11.26,320,319
11.26,318,316
11.26,319,318
11.27,317,316
11.33,315,316
11.33,316,317
11.33,314,315
11.33,319,317
11.33,313,312
11.33,318,315
11.33,309,311
11.39,315,314
11.39,308,309
11.39,314,314
11.39,311,309
11.39,314,314
11.39,312,310
11.4,313,313
11.45,311,310
11.45,312,311
11.45,310,310
11.45,308,309
11.45,313,312
11.46,306,308
11.46,310,311
11.52,310,308
11.52,313,313
11.52,311,309
11.52,315,314
11.52,314,311
11.52,314,315
11.53,313,312
11.59,317,316
11.59,315,314
11.59,314,315
11.59,316,314
11.59,316,317
11.59,314,316
11.59,313,312
11.66,319,317
11.66,314,314
11.66,318,317
11.66,315,313
11.66,317,317
11.66,312,312
11.66,318,317
11.72,314,313
11.72,315,316
11.72,313,312
11.72,315,315
11.72,311,312
11.72,315,315
11.73,314,314
11.78,313,314
11.78,318,316
11.78,312,312
11.78,315,316
11.78,312,313
11.78,314,316
11.79,312,312
11.84,317,316
11.84,316,313
11.84,315,317
11.84,316,314
11.84,317,316
11.85,317,315
11.86,317,317
11.91,318,316
11.91,317,318
11.91,322,320
11.91,317,317
11.91,321,318
11.91,318,315
11.92,319,319
11.98,317,317
11.98,321,320
11.98,315,316
11.98,321,320
11.98,317,315
11.98,318,318
11.99,316,315
12.05,315,317
12.05,318,318
12.05,318,316
12.05,318,317
12.05,318,317
12.05,321,320
12.05,316,316
12.11,323,321
12.11,316,317
12.11,322,320
12.11,317,317
12.11,323,322
12.11,318,316
12.12,320,320
12.17,317,317
12.17,320,321
12.17,318,319
12.17,316,320
12.17,320,321
12.18,320,319
12.18,324,322
12.23,321,321
12.24,326,324
12.24,322,322
12.24,327,326
12.24,323,323
12.24,328,328
12.25,322,322
12.31,329,327
12.31,326,324
12.31,324,326
12.31,322,322
12.31,325,324
12.31,325,323
12.32,323,324
12.38,325,325
12.38,324,323
12.38,328,327
12.38,320,322
12.38,327,325
12.38,320,321
12.38,328,325
12.44,321,320
12.44,325,325
12.44,321,319
12.44,325,325
12.44,321,322
12.44,323,324
12.45,325,323
12.5,325,324
12.5,326,324
12.5,323,323
12.5,326,326
12.5,322,322
12.5,328,326
12.51,322,321
12.57,327,327
12.57,322,322
12.57,327,327
12.57,321,321
12.57,325,325
12.57,324,322
12.58,326,326
12.63,323,321
12.63,323,323
12.63,326,325
12.63,322,322
12.63,325,324
12.64,321,321
12.64,326,323
12.71,316,318
12.71,324,323
12.71,318,318
12.71,321,320
12.71,316,316
12.71,320,321
12.71,318,318
12.77,316,318
12.77,316,317
12.77,318,317
12.77,317,318
12.77,316,316
12.77,320,317
12.77,315,315
12.83,318,317
12.83,313,314
12.83,318,317
12.83,313,312
12.83,320,318
12.83,313,313
12.84,319,319
12.9,317,316
12.9,321,321
12.9,317,316
12.9,319,320
12.9,320,318
12.9,319,319
12.91,320,320
12.96,315,317
12.96,323,322
12.96,316,316
12.96,323,321
12.96,319,318
12.96,322,322
12.97,316,316
13.02,321,321
13.02,319,317
13.02,322,321
13.02,319,318
13.02,321,321
13.03,318,319
13.04,321,321
13.1,322,320
13.1,321,320
13.1,323,321
13.1,323,322
13.1,324,323
13.1,320,319
13.1,325,324
13.16,319,319
13.16,324,324
13.16,320,320
13.16,323,323
13.16,321,319
13.16,322,323
13.17,322,321
13.22,322,323
13.22,322,322
13.22,322,321
13.22,323,322
13.22,320,321
13.22,323,323
13.23,320,321
13.29,325,324
13.29,322,320
13.29,324,325
13.29,321,319
13.29,325,327
13.29,324,322
13.3,325,325
13.36,323,321
13.36,321,322
13.36,320,320
13.36,318,320
13.36,322,320
13.36,321,321
13.36,325,325
13.43,322,320
13.43,323,323
13.43,319,319
13.43,325,323
13.43,316,317
13.43,322,321
13.43,318,317
13.49,322,321
13.49,319,318
13.49,320,322
13.49,318,318
13.49,319,318
13.49,319,318
13.5,319,318
13.55,318,318
13.55,317,316
13.55,321,319
13.55,315,314
13.55,319,318
13.55,315,313
13.56,317,316
13.61,312,311
13.61,315,315
13.61,313,312
13.61,313,315
13.61,311,312
13.62,310,313
13.63,314,311
13.69,312,311
13.69,313,313
13.69,310,310
13.69,314,315
13.69,311,311
13.69,316,314
13.69,311,309
13.75,313,314
13.75,309,310
13.75,314,315
13.75,309,309
13.75,310,313
13.75,314,312
13.76,318,315
13.81,314,312
13.81,311,311
13.81,313,311
13.82,311,310
13.82,312,311
13.82,307,307
13.82,311,311
13.88,307,307
13.88,313,312
13.88,311,308
13.88,315,313
13.88,309,308
13.88,313,312
13.89,310,309
13.94,313,312
13.94,311,309
13.94,311,313
13.94,313,311
13.94,311,310
13.95,312,313
13.95,311,312
14.02,316,314
14.02,309,310
14.02,312,315
14.02,308,309
14.02,315,313
14.02,310,309
14.02,313,313
14.08,310,309
14.08,311,312
14.08,310,310
14.08,312,312
14.08,311,310
14.08,311,311
14.08,314,312
14.14,307,309
14.14,314,311
14.14,308,310
14.14,316,316
14.14,310,310
14.14,315,316
14.15,311,310
14.21,313,313
14.21,312,311
14.21,315,316
14.21,313,311
14.21,313,314
14.21,313,313
14.22,314,313
14.27,314,314
14.27,314,314
14.27,318,316
14.27,314,314
14.27,316,315
14.27,312,314
14.28,319,317
14.35,316,313
14.35,320,318
14.35,313,313
14.35,319,318
14.35,315,315
14.35,320,318
14.35,316,315
14.41,317,317
14.41,317,315
14.41,318,317
14.41,318,319
14.41,318,317
14.41,319,318
14.41,316,316
14.47,321,321
14.47,312,314
14.47,319,319
14.47,315,314
14.47,321,320
14.47,316,316
14.48,321,322
14.53,318,318
14.53,320,320
14.53,321,318
14.53,320,319
14.53,320,319
14.54,318,319
14.54,322,322
14.6,318,318
14.6,320,322
14.6,316,318
14.6,324,323
14.6,319,317
14.6,323,322
14.61,319,317
14.66,321,322
14.66,318,318
14.66,323,323
14.66,320,321
14.66,321,322
14.67,321,321
14.67,322,322
14.74,325,323
14.74,322,320
14.74,322,323
14.74,320,320
14.74,325,323
14.74,317,317
14.74,323,323
14.8,318,317
14.8,324,323
14.8,323,321
14.8,322,322
14.8,321,319
14.8,320,320
14.81,320,319
14.86,318,319
14.86,320,320
14.86,317,318
14.86,320,318
14.86,316,316
14.86,320,320
14.87,318,315
14.93,318,318
14.93,315,313
14.93,318,318
14.93,314,313
14.93,319,318
14.93,316,315
14.94,316,316
14.99,316,316
14.99,316,317
14.99,319,318
14.99,320,319
14.99,323,321
14.99,320,319
15.0,325,322
15.07,319,320
15.07,325,324
15.07,320,321
15.07,327,326
15.07,323,323
15.07,325,327
15.07,326,325
15.13,327,326
15.13,325,324
15.13,324,326
15.13,325,324
15.13,322,325
15.13,324,323
15.13,321,322
15.19,325,324
15.19,320,321
15.19,324,324
15.19,321,320
15.19,324,324
15.19,321,320
15.2,325,324
15.25,321,319
15.25,321,324
15.25,318,320
15.25,320,322
15.25,325,322
15.26,325,323
15.26,326,324
15.33,324,323
15.33,325,324
15.33,322,321
15.33,324,323
15.33,319,320
15.33,322,323
15.33,319,317
15.39,322,321
15.39,316,317
15.39,320,321
15.39,318,318
15.39,323,323
15.39,321,319
15.4,321,320
15.45,322,321
15.45,321,321
15.45,323,321
15.45,319,318
15.45,323,322
15.45,317,319
15.46,324,320
15.52,315,317
15.52,324,322
15.52,318,316
15.52,321,321
15.52,318,317
15.52,321,320
15.53,320,318
15.58,318,318
15.58,320,317
15.58,315,316
15.58,317,316
15.58,315,314
15.58,317,316
15.59,314,312
15.64,316,314
15.64,312,312
15.64,316,316
15.64,311,312
15.64,317,317
15.65,313,312
15.66,315,315
15.72,316,313
15.72,313,315
15.72,315,314
15.72,316,316
15.72,316,317
15.72,314,315
15.72,319,317
15.78,316,315
15.78,316,317
15.78,312,313
15.78,318,317
15.78,311,312
15.78,318,318
15.79,312,312
15.84,315,316
15.84,316,314
15.84,315,314
15.84,313,313
15.84,315,314
15.85,313,312
15.85,312,313
15.91,315,316
15.91,312,313
15.91,318,317
15.91,314,314
15.91,320,318
15.91,315,313
15.92,319,319
15.97,312,312
15.97,319,318
15.97,316,314
15.97,319,318
15.97,316,316
15.98,316,318
15.99,318,316
16.05,315,317
16.05,319,318
16.05,317,316
16.05,320,319
16.05,318,317
16.05,320,321
16.05,318,317
16.11,323,322
16.11,319,318
16.11,323,323
16.11,319,317
16.11,322,323
16.11,324,321
16.12,323,324
16.17,327,324
16.17,323,325
16.17,328,325
16.17,322,323
16.17,325,325
16.17,324,324
16.18,329,327
16.24,323,324
16.24,330,329
16.24,325,323
16.24,329,329
16.24,325,324
16.24,327,328
16.25,326,323
16.3,328,327
16.3,326,325
16.3,324,326
16.3,327,325
16.3,324,325
16.3,326,325
16.31,322,321
16.38,324,323
16.38,321,319
16.38,325,324
16.38,319,319
16.38,325,323
16.38,321,319
16.38,321,322
16.44,318,318
16.44,320,320
16.44,316,316
16.44,319,318
16.44,317,316
16.44,315,316
16.44,319,317
16.5,316,317
16.5,317,319
16.5,314,315
16.5,321,318
16.5,315,313
16.5,320,319
16.51,316,315
16.57,319,318
16.57,315,315
16.57,319,319
16.57,314,315
16.57,318,318
16.57,317,317
16.58,317,317
16.63,317,317
16.63,316,315
16.63,319,317
16.63,316,315
16.63,319,318
16.63,313,312
16.64,318,317
16.7,310,312
16.7,318,316
16.7,313,311
16.7,316,316
16.7,312,310
16.7,315,315
16.71,313,312
16.77,314,313
16.77,311,309
16.77,310,310
16.77,314,312
16.77,310,309
16.77,311,311
16.77,309,309
16.83,312,313
16.83,308,310
16.83,316,316
16.83,314,312
16.83,316,316
16.83,310,312
16.84,316,317
16.89,313,314
16.89,316,319
16.89,318,317
16.89,319,318
16.89,319,317
16.89,316,317
16.9,321,320
16.95,318,317
16.95,320,320
16.95,320,318
16.95,323,322
16.95,319,318
16.96,321,322
16.97,319,318
17.03,324,324
17.03,319,318
17.03,322,322
17.03,321,321
17.03,322,322
17.03,323,323
17.03,321,322
17.09,324,324
17.09,318,321
17.09,325,324
17.09,319,318
17.09,324,323
17.09,318,318
17.1,321,323
17.15,317,317
17.16,321,321
17.16,320,318
17.16,321,322
17.16,320,319
17.16,322,321
17.17,321,319
17.22,321,321
17.22,321,320
17.22,319,318
17.22,321,321
17.22,318,318
17.22,324,322
17.23,317,316
17.29,323,322
17.29,316,317
17.29,323,321
17.29,320,318
17.3,323,322
17.3,321,319
17.3,321,321
17.36,322,320
17.36,321,321
17.36,323,322
17.36,320,320
17.36,325,322
17.36,318,321
17.36,324,324
17.42,320,321
17.42,326,325
17.42,321,321
17.42,328,326
17.42,320,320
17.42,325,326
17.43,322,321
17.48,323,324
17.48,322,321
17.48,325,323
17.48,323,322
17.48,321,321
17.48,326,323
17.49,321,321
17.55,325,324
17.55,319,318
17.55,323,323
17.55,317,318
17.55,323,323
17.55,317,318
17.56,322,322
17.62,321,319
17.62,321,322
17.62,322,320
17.62,321,322
17.62,321,319
17.62,320,321
17.62,323,320
17.68,319,318
17.68,322,321
17.68,321,319
17.68,323,321
17.68,317,315
17.68,321,321
17.69,314,315
17.74,320,320
17.74,316,315
17.75,319,319
17.75,314,316
17.75,318,319
17.75,320,317
17.76,318,318
17.77,317,316
17.78,317,317
17.78,319,318
17.84,316,316
17.84,323,320
17.84,318,317
17.84,323,321
17.84,319,317
17.84,321,321
17.85,317,317
17.9,322,322
17.9,319,318
17.9,322,321
17.9,318,317
17.9,319,318
17.91,320,318
17.91,319,318
17.98,319,319
17.98,316,317
17.98,321,318
17.98,314,314
17.98,321,318
17.98,314,314
17.98,320,319
18.04,315,315
18.04,318,319
18.04,316,315
18.04,319,318
18.04,317,315
18.04,316,317
18.05,314,314
18.1,316,315
18.1,318,316
18.1,313,315
18.1,317,317
18.1,313,314
18.1,319,317
18.11,315,313
18.16,318,318
18.16,312,313
18.16,319,318
18.16,315,314
18.16,317,317
18.17,317,316
18.18,316,318
18.23,315,315
18.23,316,318
18.23,316,317
18.23,317,316
18.23,321,318
18.23,318,316
18.24,318,318
18.31,318,317
18.31,321,321
18.31,317,316
18.31,320,320
18.31,320,317
18.31,322,321
18.31,319,317
18.37,319,319
18.37,319,317
18.37,318,318
18.37,317,318
18.37,316,317
18.37,316,317
18.37,315,315
18.43,319,318
18.43,316,316
18.43,321,320
18.43,317,315
18.43,320,318
18.43,316,315
18.44,321,320
18.5,315,315
18.5,318,319
18.5,319,316
18.5,320,320
18.5,319,319
18.5,320,320
18.5,323,321
18.56,318,320
18.56,323,322
18.56,320,320
18.56,320,321
18.56,319,318
18.56,325,324
18.57,319,317
18.62,326,324
18.62,320,320
18.62,323,323
18.62,320,320
18.62,323,322
18.63,323,320
18.64,319,320
18.7,322,319
18.7,318,319
18.7,321,320
18.7,316,317
18.7,321,321
18.7,316,318
18.7,322,321
18.76,316,317
18.76,322,322
18.76,314,315
18.76,319,320
18.76,318,317
18.76,318,318
18.77,319,317
18.82,320,320
18.82,318,316
18.82,318,318
18.82,319,318
18.82,316,317
18.82,319,317
18.83,314,315
18.88,319,319
18.88,315,316
18.88,319,318
18.88,316,313
18.88,318,318
18.89,314,314
18.9,316,317
18.96,314,315
18.96,318,317
18.96,317,315
18.96,316,316
18.96,316,316
18.96,315,315
18.96,319,317
19.02,313,313
19.03,319,317
19.03,313,313
19.03,320,318
19.03,314,315
19.03,322,320
19.03,314,313
19.09,319,319
19.09,315,315
19.09,317,318
19.09,316,316
19.09,316,318
19.09,317,318
19.09,316,317
19.15,318,320
19.15,319,318
19.15,320,321
19.15,318,317
19.15,323,322
19.15,322,320
19.16,324,324
19.21,321,320
19.21,325,325
19.21,322,321
19.21,325,325
19.21,323,322
19.22,324,324
19.23,322,322
19.29,322,323
19.29,323,323
19.29,320,321
19.29,324,325
19.29,322,321
19.29,326,325
19.29,321,322
19.35,326,326
19.35,324,323
19.35,327,326
19.35,323,322
19.35,325,326
19.35,325,324
19.36,321,325
19.42,325,322
19.42,322,323
19.42,324,324
19.42,322,323
19.42,327,325
19.42,323,323
19.42,328,328
19.48,326,325
19.48,329,328
19.48,323,323
19.48,327,328
19.48,325,323
19.48,325,326
19.49,324,322
19.54,323,323
19.54,322,321
19.54,322,323
19.54,323,322
19.54,322,321
19.54,325,323
19.55,320,320
19.6,323,321
19.6,320,319
19.6,324,322
19.6,319,320
19.6,324,325
19.61,319,319
19.62,326,324
19.68,324,322
19.68,324,323
19.68,322,320
19.68,321,324
19.68,325,323
19.68,322,323
19.68,327,326
19.74,322,322
19.74,327,326
19.74,322,322
19.74,327,325
19.75,324,323
19.75,328,326
19.75,323,321
19.81,325,324
19.81,320,320
19.81,323,324
19.81,321,319
19.81,322,321
19.81,321,319
19.82,321,320
19.87,323,321
19.87,320,320
19.87,324,323
19.87,321,321
19.87,326,325
19.87,318,320
19.88,327,325
19.93,320,320
19.93,326,325
19.93,322,320
19.93,326,326
19.93,323,320
19.94,323,322
19.95,321,320
20.01,320,320
20.01,323,321
20.01,319,320
20.01,321,322
20.01,320,321
20.01,321,322
20.01,320,320
20.07,326,325
20.07,322,319
20.07,322,324
20.07,320,320
20.07,324,322
20.07,319,319
20.08,324,322
20.14,322,319
20.14,320,319
20.14,321,319
20.14,319,319
20.14,320,319
20.14,317,317
20.14,322,320
20.2,315,316
20.2,320,319
20.2,317,316
20.2,321,320
20.2,318,317
20.2,322,320
20.21,315,316
20.26,318,319
20.26,317,317
20.26,319,319
20.26,319,316
20.26,319,318
20.27,317,316
20.27,315,315
20.32,318,317
20.32,313,314
20.32,318,316
20.32,313,313
20.32,317,317
20.33,314,312
20.34,318,316
20.4,313,313
20.4,319,318
20.4,315,312
20.4,317,317
20.4,315,314
20.4,315,315
20.4,317,315
20.46,316,315
20.46,316,317
20.46,315,314
20.46,319,317
20.46,313,313
20.46,320,319
20.47,315,315
20.53,322,321
20.53,318,316
20.53,321,320
20.53,316,316
20.53,319,320
20.53,318,317
20.54,320,320
20.59,321,318
20.59,319,319
20.59,320,320
20.59,317,319
20.59,321,321
20.59,317,318
20.6,321,321
20.65,317,317
20.65,321,321
20.65,320,318
20.65,322,323
20.65,321,319
20.66,324,323
20.67,322,321
20.73,324,324
20.73,323,322
20.73,320,323
20.73,324,322
20.73,320,321
20.73,324,322
20.73,321,320
20.79,326,325
20.79,321,320
20.79,328,325
20.79,322,320
20.79,325,326
20.79,321,321
20.8,325,324
20.85,320,320
20.85,322,324
20.85,323,321
20.85,321,321
20.85,322,321
20.86,320,319
20.86,323,322
20.92,321,321
20.92,324,322
20.92,316,317
20.92,323,321
20.92,316,316
20.92,323,321
20.93,318,317
20.98,322,322
20.98,319,318
20.98,323,321
20.98,321,321
20.98,320,320
20.99,322,320
20.99,322,320
21.06,321,321
21.06,319,320
21.06,323,322
21.06,320,318
21.06,320,321
21.06,316,318
21.06,320,321
21.12,317,316
21.12,320,319
21.12,318,315
21.12,320,320
21.12,316,316
21.12,316,318
21.13,317,317
21.18,319,318
21.18,321,319
21.18,316,317
21.18,320,318
21.18,317,316
21.18,320,319
21.19,315,315
21.25,320,319
21.25,315,313
21.25,320,320
21.25,315,315
21.25,316,319
21.25,319,316
21.26,316,318
21.31,319,317
21.31,318,317
21.31,317,317
21.31,316,317
21.31,318,318
21.31,314,315
21.32,319,318
21.39,315,315
21.39,319,320
21.39,318,317
21.39,321,320
21.39,318,316
21.39,321,321
21.39,319,317
21.45,320,319
21.45,319,317
21.45,317,318
21.45,319,317
21.45,314,315
21.45,318,317
21.45,313,316
21.51,318,317
21.51,315,315
21.51,318,317
21.51,309,311
21.51,317,317
21.51,312,311
21.52,316,316
21.57,312,312
21.57,314,316
21.57,314,314
21.57,318,316
21.57,314,313
21.58,315,315
21.58,317,314
21.64,312,312
21.64,316,314
21.64,311,312
21.64,315,315
21.64,311,312
21.64,318,317
21.65,311,312
21.72,317,315
21.72,313,312
21.72,314,315
21.72,313,314
21.72,318,317
21.72,316,314
21.72,315,315
21.78,318,316
21.78,315,316
21.78,318,318
21.78,318,317
21.78,322,320
21.78,315,315
21.78,322,321
21.84,316,315
21.84,321,320
21.84,318,316
21.84,318,320
21.84,318,315
21.84,316,316
21.85,316,316
21.9,314,316
21.9,314,314
21.9,314,315
21.9,316,316
21.9,313,313
21.9,318,316
21.91,314,313
21.97,319,318
21.97,311,314
21.97,319,319
21.97,316,314
21.97,320,320
21.97,315,315
21.98,319,318
22.03,316,314
22.03,315,316
22.03,314,313
22.03,312,314
22.03,315,315
22.03,310,313
22.04,317,316
22.11,314,313
22.11,318,317
22.11,314,314
22.11,320,321
22.11,313,313
22.11,320,320
22.11,317,316
22.17,321,320
22.17,316,317
22.17,320,320
22.17,319,318
22.17,321,319
22.17,318,319
22.17,316,317
22.23,322,321
22.23,317,318
22.23,322,321
22.23,316,316
22.23,321,321
22.23,315,314
22.24,319,318
22.29,315,312
22.29,317,315
22.29,312,312
22.29,313,313
22.29,311,309
22.3,310,310
22.31,310,310
22.36,309,309
22.36,309,308
22.36,307,308
22.36,312,309
22.36,307,307
22.36,311,310
22.37,307,306
22.43,312,311
22.43,305,306
22.43,311,310
22.43,309,307
22.43,312,311
22.43,309,309
22.44,313,311
22.5,312,310
22.5,309,311
22.5,315,312
22.5,310,310
22.5,316,313
22.5,312,311
22.5,315,315
22.56,314,312
22.56,318,317
22.56,310,312
22.56,319,316
22.56,312,311
22.56,318,316
22.57,315,312
22.62,315,316
22.62,316,315
22.62,314,316
22.62,318,316
22.62,313,315
22.62,317,316
22.63,313,314
22.7,318,317
22.7,314,314
22.7,320,318
22.7,313,313
22.7,318,318
22.7,314,313
22.7,316,317
22.76,314,313
22.76,316,314
22.76,314,314
22.76,314,313
22.76,315,314
22.76,314,314
22.76,316,315
22.82,313,312
22.82,317,316
22.82,312,312
22.82,318,316
22.82,310,311
22.82,317,315
22.83,310,311
22.88,315,314
22.88,312,310
22.88,314,314
22.88,313,311
22.88,312,312
22.89,313,312
22.9,312,311
22.95,311,312
22.95,310,311
22.95,314,313
22.95,310,309
22.95,317,314
22.95,310,308
22.96,313,313
23.02,311,309
23.02,313,314
23.02,309,309
23.02,313,313
23.02,313,311
23.02,313,314
23.03,312,312
23.08,315,315
23.08,313,314
23.08,314,314
23.09,318,316
23.09,312,312
23.09,318,317
23.09,314,313
23.15,318,317
23.15,311,312
23.15,318,318
23.15,313,313
23.15,317,318
23.15,316,315
23.16,319,318
23.21,317,316
23.21,319,318
23.21,319,318
23.21,315,315
23.21,318,317
23.21,312,314
23.22,319,318
23.27,317,316
23.27,322,320
23.27,318,315
23.27,322,321
23.27,318,316
23.28,320,320
23.29,319,317
23.35,322,320
23.35,321,320
23.35,320,321
23.35,322,320
23.35,321,321
23.35,320,322
23.35,323,322
23.41,327,325
23.41,324,321
23.41,325,325
23.41,322,323
23.41,327,325
23.41,322,322
23.42,324,327
23.47,325,322
23.48,326,325
23.48,323,321
23.48,321,322
23.48,324,323
23.48,322,323
23.48,324,324
23.54,321,322
23.54,324,324
23.54,322,321
23.54,322,324
23.54,320,321
23.54,325,326
23.55,321,320
23.62,326,326
23.62,322,322
23.62,327,327
23.62,322,321
23.62,327,326
23.62,324,324
23.62,324,325
23.68,326,324
23.68,322,323
23.68,327,327
23.68,322,322
23.68,326,326
23.68,319,319
23.68,324,324
23.74,319,319
23.74,325,323
23.74,321,319
23.74,324,325
23.74,322,320
23.74,324,324
23.75,323,320
23.8,320,322
23.8,323,321
23.8,319,321
23.8,320,321
23.8,319,319
23.8,323,322
23.81,318,319
23.87,322,325
23.87,320,320
23.87,325,325
23.87,323,321
23.87,326,325
23.87,321,321
23.88,323,324
23.93,322,320
23.93,323,322
23.93,320,319
23.93,319,320
23.93,324,321
23.94,322,320
23.94,322,321
24.01,317,319
24.01,324,323
24.01,316,318
24.01,323,322
24.01,316,316
24.01,321,321
24.01,319,318
24.07,320,321
24.07,320,317
24.07,320,319
24.07,316,316
24.07,315,318
24.07,322,320
24.07,317,318
24.13,322,320
24.13,319,319
24.13,322,321
24.13,318,317
24.13,323,322
24.13,319,318
24.14,323,323
24.19,321,319
24.19,324,322
24.19,319,319
24.19,323,321
24.19,320,319
24.2,322,322
24.21,323,321
24.26,320,321
24.26,321,321
24.26,320,321
24.26,321,322
24.26,317,319
24.26,324,324
24.27,319,318
24.33,324,323
24.33,319,317
24.33,321,323
24.33,318,317
24.33,320,320
24.33,318,319
24.34,320,320
24.4,320,321
24.4,320,320
24.4,319,319
24.4,317,318
24.4,322,320
24.4,317,319
24.4,324,322
24.46,319,318
24.46,324,324
24.46,320,318
24.46,322,321
24.46,319,318
24.46,321,321
24.47,319,317
24.52,318,319
24.52,321,319
24.52,319,318
24.52,318,320
24.52,318,319
24.53,321,320
24.53,316,317
24.6,321,320
24.6,317,317
24.6,320,320
24.6,316,317
24.6,321,320
24.6,318,317
24.6,319,320
24.66,319,318
24.66,319,321
24.66,318,318
24.66,317,319
24.66,320,318
24.66,316,317
24.66,320,319
24.72,316,316
24.72,318,318
24.72,314,317
24.72,321,320
24.72,311,312
24.72,319,318
24.73,315,314
24.78,320,318
24.78,314,314
24.78,316,315
24.78,314,315
24.78,316,316
24.79,315,315
24.8,312,313
24.85,315,314
24.85,312,314
24.85,317,315
24.85,311,310
24.85,316,314
24.85,310,311
24.86,316,316
24.92,312,310
24.92,315,314
24.92,314,312
24.92,316,315
24.92,314,312
24.92,312,312
24.93,313,312
24.99,312,312
24.99,313,311
24.99,311,309
24.99,315,313
24.99,308,308
24.99,310,312
24.99,311,309
25.05,313,313
25.05,311,309
25.05,312,311
25.05,309,307
25.05,311,310
25.05,310,308
25.06,311,310
25.11,308,306
25.11,307,307
25.11,308,308
25.11,306,306
25.11,309,308
25.12,307,306
25.12,311,310
25.17,307,306
25.17,311,311
25.17,307,306
25.17,311,311
25.17,305,305
25.18,310,310
25.19,310,308
25.25,311,310
25.25,311,308
25.25,310,311
25.25,310,310
25.25,312,313
25.25,313,314
25.26,313,313
25.27,314,314
25.27,311,311
25.28,319,318
25.35,313,312
25.35,317,317
25.35,314,312
25.35,317,317
25.35,314,312
25.35,317,319
25.35,317,315
25.41,316,316
25.41,315,315
25.41,316,314
25.41,316,316
25.41,316,315
25.41,317,319
25.41,315,314
25.47,317,318
25.47,314,313
25.47,321,320
25.47,313,313
25.47,319,317
25.47,315,314
25.48,318,318
25.53,314,313
25.53,316,316
25.53,316,314
25.53,316,316
25.53,315,315
25.54,315,315
25.55,320,317
25.6,316,316
25.6,319,318
25.6,313,314
25.6,321,319
25.6,315,315
25.6,321,320
25.61,318,316
25.67,319,320
25.67,317,317
25.67,319,319
25.67,320,318
25.67,320,320
25.67,322,321
25.68,321,321
25.74,321,322
25.74,319,319
25.74,322,322
25.74,318,318
25.74,323,323
25.74,316,318
25.74,320,323
25.8,321,318
25.8,323,322
25.8,319,317
25.8,323,323
25.8,321,320
25.8,323,323
25.81,321,322
25.86,323,323
25.86,325,323
25.86,319,320
25.86,323,324
25.86,320,321
25.86,327,326
25.87,323,322
25.92,328,327
25.92,321,322
25.92,327,327
25.92,325,324
25.92,327,327
25.93,323,322
25.94,324,324
26.0,323,322
26.0,323,322
26.0,323,322
26.0,321,322
26.0,325,323
26.0,320,320
26.0,325,323
26.06,319,320
26.06,326,325
26.06,324,322
26.06,328,326
26.06,321,320
26.06,324,326
26.07,325,323
26.13,328,327
26.13,323,323
26.13,325,325
26.13,327,325
26.13,325,325
26.13,328,326
26.13,323,324
26.19,327,326
26.19,323,322
26.19,325,326
26.19,321,321
26.19,326,325
26.19,321,320
26.2,326,324
26.25,322,320
26.25,323,323
26.25,322,319
26.25,320,321
26.25,320,320
26.26,320,319
26.27,323,321
26.33,317,318
26.33,320,323
26.33,320,319
26.33,324,322
26.33,320,319
26.33,324,324
26.33,320,320
26.39,325,324
26.39,322,321
26.39,326,325
26.39,321,322
26.39,323,324
26.39,323,322
26.4,321,321
26.45,324,321
26.45,321,320
26.45,326,323
26.45,322,321
26.45,325,323
26.45,320,318
26.46,325,324
26.52,320,318
26.52,324,324
26.52,321,319
26.52,324,324
26.52,321,320
26.52,322,324
26.53,323,322
26.58,324,322
26.58,318,320
26.58,320,321
26.58,322,322
26.58,320,320
26.59,324,322
26.59,320,318
26.66,325,322
26.66,317,317
26.66,320,322
26.66,317,316
26.66,318,320
26.66,317,316
26.66,323,321
26.72,319,319
26.72,319,319
26.72,321,318
26.72,319,318
26.72,319,319
26.72,316,318
26.72,322,320
26.78,318,316
26.78,320,320
26.78,316,316
26.78,321,321
26.78,314,315
26.78,319,319
26.79,317,315
26.84,317,317
26.84,314,314
26.84,318,316
26.84,318,315
26.84,316,316
26.85,315,315
26.86,314,313
26.92,317,315
26.92,314,312
26.92,318,316
26.92,310,313
26.92,317,317
26.92,313,313
26.92,317,318
26.98,313,315
26.98,318,319
26.98,316,315
26.98,319,318
26.98,317,317
26.98,319,319
26.99,320,319
27.04,317,319
27.04,322,321
27.04,317,318
27.04,323,321
27.04,318,318
27.04,325,323
27.05,319,317
27.11,323,323
27.11,319,317
27.11,321,322
27.11,320,320
27.11,325,324
27.11,320,320
27.12,322,323
27.17,325,322
27.17,322,321
27.17,324,324
27.17,323,322
27.17,324,324
27.18,320,320
27.18,324,324
27.25,322,322
27.25,325,325
27.25,320,320
27.25,324,325
27.25,326,322
27.25,324,325
27.25,324,323
27.31,325,324
27.31,324,323
27.31,322,324
27.31,324,325
27.31,324,322
27.31,324,323
27.31,318,319
27.37,325,322
27.37,319,318
27.37,320,322
27.37,318,316
27.37,321,321
27.37,314,314
27.38,318,317
27.43,315,314
27.43,318,316
27.43,313,313
27.43,313,315
27.43,317,316
27.44,315,314
27.45,317,315
27.51,313,312
27.51,317,316
27.51,312,312
27.51,318,316
27.51,312,312
27.51,317,315
27.51,314,312
27.57,318,317
27.57,311,313
27.57,317,316
27.57,316,314
27.57,314,315
27.57,315,313
27.58,315,315
27.64,317,316
27.64,314,314
27.64,319,318
27.64,314,314
27.64,319,318
27.64,315,314
27.64,317,317
27.7,312,313
27.7,318,316
27.7,313,312
27.7,315,316
27.7,315,313
27.7,315,315
27.71,314,314
27.76,315,314
27.76,315,314
27.76,311,313
27.76,314,314
27.76,311,312
27.77,318,316
27.77,313,311
27.84,319,317
27.84,312,311
27.84,317,317
27.84,317,314
27.84,316,316
27.84,317,314
27.84,316,317
27.9,314,315
27.9,317,317
27.9,319,317
27.9,317,316
27.9,320,319
27.9,316,316
27.9,319,318
27.96,313,314
27.96,320,319
27.96,316,315
27.96,318,319
27.96,315,314
27.96,319,319
27.97,319,317
28.02,320,319
28.02,316,315
28.02,318,318
28.02,318,316
28.02,316,316
28.03,320,317
28.04,315,316
28.09,320,319
28.09,315,316
28.09,319,318
28.09,313,314
28.09,318,318
28.09,313,313
28.1,318,316
28.16,314,313
28.16,318,317
28.16,315,313
28.16,317,316
28.16,317,314
28.16,315,316
28.17,318,317
28.23,314,314
28.23,318,317
28.23,315,314
28.23,318,318
28.23,314,314
28.23,320,318
28.23,314,314
28.29,319,319
28.29,316,314
28.29,319,318
28.29,317,315
28.29,319,320
28.29,319,318
28.3,317,319
28.35,319,318
28.35,318,317
28.35,322,320
28.35,316,316
28.35,320,321
28.35,316,316
28.36,320,321
28.41,318,317
28.41,320,321
28.41,316,316
28.41,320,320
28.41,315,314
28.42,319,318
28.43,315,316
28.49,316,316
28.49,317,315
28.49,313,314
28.49,317,316
28.49,314,313
28.49,316,317
28.49,312,313
28.55,316,316
28.55,312,312
28.55,318,316
28.55,311,313
28.55,317,318
28.55,315,313
28.56,317,318
28.62,317,316
28.62,318,318
28.62,317,316
28.62,316,317
28.62,321,318
28.62,315,316
28.63,320,319
28.68,314,316
28.68,320,320
28.68,314,315
28.68,320,319
28.68,316,314
28.68,319,319
28.69,315,314
28.76,317,318
28.76,317,314
28.76,317,318
28.76,316,316
28.76,316,318
28.76,319,318
28.76,317,317
28.82,319,318
28.82,315,315
28.82,319,318
28.82,314,314
28.82,319,319
28.82,314,314
28.82,318,318
28.88,314,314
28.88,318,318
28.88,316,315
28.88,316,317
28.88,314,313
28.88,313,312
28.89,311,309
28.94,307,306
28.94,307,304
28.94,302,301
28.94,304,302
28.94,297,297
28.94,300,299
28.95,296,294
29.01,297,296
29.01,292,291
29.01,297,295
29.01,290,290
29.01,292,292
29.01,292,290
29.02,292,291
29.08,292,290
29.08,291,291
29.08,295,294
29.08,293,293
29.08,298,296
29.08,294,294
29.08,300,299
29.15,298,297
29.15,305,304
29.15,301,300
29.15,306,305
29.15,305,305
29.15,310,310
29.15,308,308
29.21,310,312
29.21,312,312
29.21,311,312
29.21,314,313
29.21,312,311
29.21,314,314
29.21,310,311
29.27,316,314
29.27,312,311
29.27,317,315
29.27,312,311
29.27,317,316
29.27,311,312
29.28,317,317
29.33,315,314
29.33,315,316
29.33,317,316
29.33,315,316
29.33,318,317
29.34,317,317
29.35,323,321
29.41,316,317
29.41,322,322
29.41,317,318
29.41,325,323
29.41,318,318
29.41,323,323
29.41,322,320
29.47,324,324
29.47,322,322
29.47,324,326
29.47,327,325
29.47,326,327
29.47,327,327
29.48,327,327
29.54,327,327
29.54,326,328
29.54,330,329
29.54,326,324
29.54,330,329
29.54,324,326
29.54,331,330
29.6,329,327
29.6,332,333
29.6,328,328
29.6,333,332
29.6,329,328
29.6,332,332
29.61,331,330
29.66,332,332
29.66,333,333
29.66,330,331
29.66,334,333
29.66,331,330
29.67,334,334
29.67,329,329
29.72,335,334
29.72,329,329
29.72,334,335
29.72,331,330
29.72,335,334
29.73,332,332
29.74,334,334
29.8,333,332
29.8,333,333
29.8,334,332
29.8,331,331
29.8,334,333
29.8,328,329
29.8,334,332
29.86,326,327
29.86,331,331
29.86,325,324
29.86,329,329
29.86,324,322
29.86,326,326
29.87,321,321
29.92,320,322
29.93,319,319
29.93,321,322
29.93,321,320
29.93,318,317
29.93,319,318
29.94,316,316
29.99,320,319
29.99,315,315
29.99,318,319
29.99,315,314
29.99,320,320
29.99,314,312
30.0,317,318
30.07,313,312
30.07,316,316
30.07,313,312
30.07,314,314
30.07,315,314
30.07,313,313
30.07,313,312
30.13,311,311
30.13,314,315
30.13,311,312
30.13,318,315
30.13,310,311
30.13,317,318
30.13,313,313
30.19,318,318
30.19,315,314
30.19,317,317
30.19,317,315
30.19,317,317
30.19,318,316
30.2,315,316
30.25,319,318
30.25,314,315
30.25,320,318
30.25,318,316
30.25,320,320
30.26,316,316
30.26,323,321
30.32,317,316
30.32,323,322
30.32,318,316
30.32,321,321
30.32,319,316
30.32,319,320
30.33,319,317
30.39,317,318
30.39,318,317
30.39,318,317
30.39,320,318
30.39,315,315
30.39,320,319
30.39,316,317
30.45,321,320
30.45,316,317
30.45,322,321
30.45,316,316
30.45,321,320
30.45,319,316
30.46,320,321
30.52,317,316
30.52,320,321
30.52,320,319
30.52,318,318
30.52,321,319
30.52,316,317
30.53,320,320
30.58,317,318
30.58,322,322
30.58,317,317
30.58,322,321
30.58,319,318
30.58,325,323
30.59,319,317
30.64,322,321
30.64,321,319
30.64,323,322
30.64,320,320
30.64,320,321
30.65,323,321
30.66,321,320
30.72,322,322
30.72,320,320
30.72,323,323
30.72,319,319
30.72,323,322
30.72,319,318
30.72,322,323
30.78,321,320
30.78,324,324
30.78,323,321
30.78,324,325
30.78,321,321
30.78,322,322
30.79,324,322
30.85,320,322
30.85,324,324
30.85,320,321
30.85,324,324
30.85,321,320
30.85,326,325
30.85,320,320
30.91,325,324
30.91,323,322
30.91,325,325
30.91,321,320
30.91,325,325
30.91,322,322
30.92,324,324
30.97,326,324
30.97,324,323
30.97,326,324
30.97,322,323
30.97,326,324
30.98,320,321
30.98,325,324
31.05,321,320
31.05,325,325
31.05,320,320
31.05,323,324
31.05,321,320
31.05,324,324
31.05,321,321
31.11,323,323
31.11,325,323
31.11,324,323
31.11,325,324
31.11,323,324
31.11,326,325
31.12,323,323
31.17,327,326
31.17,322,321
31.17,328,326
31.17,321,322
31.17,327,326
31.17,322,321
31.18,325,325
31.24,321,320
31.24,325,324
31.24,325,323
31.24,325,324
31.24,324,324
31.24,322,322
31.25,327,324
31.3,323,322
31.3,328,326
31.3,324,323
31.3,327,327
31.3,320,320
31.3,325,326
31.31,323,322
31.38,326,325
31.38,323,322
31.38,325,323
31.38,323,322
31.38,325,324
31.38,325,322
31.38,323,321
31.44,324,323
31.44,321,321
31.44,323,322
31.44,321,321
31.44,324,323
31.44,319,319
31.44,324,325
31.5,320,318
31.5,323,323
31.5,320,318
31.5,320,321
31.5,320,319
31.5,321,321
31.51,323,320
31.56,319,318
31.56,321,320
31.56,319,318
31.56,323,321
31.56,319,318
31.57,323,321
31.57,315,316
31.63,322,321
31.63,316,315
31.63,320,320
31.63,316,314
31.63,318,318
31.63,314,314
31.64,315,316
31.7,317,315
31.7,315,314
31.7,314,314
31.7,313,314
31.71,315,314
31.71,312,312
31.71,316,316
31.77,311,312
31.77,318,316
31.77,311,310
31.77,313,314
31.77,312,310
31.77,316,315
31.77,310,311
31.83,315,314
31.83,312,310
31.83,313,312
31.83,316,314
31.83,313,314
31.83,317,315
31.84,314,313
31.89,317,317
31.89,312,313
31.89,317,316
31.89,309,310
31.89,316,316
31.89,314,312
31.9,315,316
31.95,315,313
31.95,317,316
31.95,314,313
31.95,317,316
31.95,314,313
31.96,315,314
31.97,316,314
32.03,312,313
32.03,316,316
32.03,310,311
32.03,317,316
32.03,313,312
32.03,316,318
32.03,315,314
32.09,319,318
32.09,315,313
32.09,316,316
32.09,315,314
32.09,315,315
32.09,315,315
32.1,314,315
32.15,315,314
32.15,312,313
32.15,318,317
32.15,312,313
32.15,319,318
32.16,314,313
32.16,318,318
32.22,315,313
32.22,319,318
32.22,316,314
32.22,318,317
32.22,315,314
32.22,317,317
32.23,314,313
32.29,315,316
32.29,317,316
32.29,314,315
32.29,320,319
32.29,317,317
32.29,321,318
32.29,314,314
32.36,319,320
32.36,316,315
32.36,320,319
32.36,315,314
32.36,321,320
32.36,317,316
32.36,317,318
32.42,316,316
32.42,316,318
32.42,319,317
32.42,317,316
32.42,320,319
32.42,317,318
32.43,320,320
32.48,317,316
32.48,320,319
32.48,315,315
32.48,319,318
32.48,315,313
32.48,318,318
32.49,316,315
32.54,317,317
32.54,317,315
32.54,317,317
32.54,319,318
32.54,316,316
32.55,317,317
32.56,316,316
32.62,321,319
32.62,315,314
32.62,320,318
32.62,314,315
32.62,320,320
32.62,315,314
32.62,320,320
32.68,319,317
32.68,320,320
32.68,320,318
32.68,321,321
32.68,319,318
32.68,319,319
32.69,323,321
32.75,318,320
32.75,321,320
32.75,320,319
32.75,323,323
32.75,320,321
32.75,326,325
32.75,321,320
32.81,323,323
32.81,320,318
32.81,323,324
32.81,320,320
32.81,321,322
32.81,322,320
32.82,321,321
32.83,321,320
32.84,319,319
32.85,320,321
32.9,318,318
32.9,322,321
32.9,318,318
32.9,323,323
32.9,318,316
32.91,319,319
32.91,315,314
32.96,317,318
32.96,315,314
32.96,318,318
32.96,318,316
32.96,318,317
32.97,316,316
32.98,316,316
33.04,317,316
33.04,313,315
33.04,318,316
33.04,312,313
33.04,317,316
33.04,314,312
33.04,316,316
33.1,313,313
33.1,319,317
33.1,314,312
33.1,316,316
33.1,313,312
33.1,314,313
33.11,312,311
33.17,313,312
33.17,314,313
33.17,311,309
33.17,312,312
33.17,310,310
33.17,313,312
33.18,308,308
33.23,313,314
33.23,309,308
33.23,312,311
33.23,307,306
33.23,313,312
33.23,309,308
33.24,311,311
33.29,311,309
33.29,308,308
33.29,310,310
33.29,307,309
33.29,312,311
33.3,309,309
33.31,311,312
33.37,308,309
33.37,314,314
33.37,306,306
33.37,312,312
33.37,310,308
33.37,311,311
33.37,309,308
33.43,311,312
33.43,307,306
33.43,309,309
33.43,310,310
33.43,308,309
33.43,311,310
33.44,308,308
33.49,311,311
33.49,306,305
33.49,308,308
33.49,304,304
33.49,308,307
33.49,303,302
33.5,307,308
33.56,303,302
33.56,307,306
33.56,305,304
33.56,306,306
33.56,305,305
33.56,305,305
33.57,307,307
33.62,305,306
33.62,309,309
33.62,306,306
33.62,310,310
33.62,308,307
33.63,312,311
33.63,308,307
33.7,314,312
33.7,309,309
33.7,313,312
33.7,310,309
33.7,313,312
33.7,311,311
33.7,312,312
33.76,313,312
33.76,312,310
33.76,314,311
33.76,311,311
33.76,314,313
33.76,309,310
33.77,314,314
33.82,309,308
33.82,313,313
33.82,310,310
33.82,314,315
33.82,312,310
33.82,312,311
33.83,310,310
33.89,310,312
33.89,314,312
33.89,312,312
33.89,314,313
33.89,311,310
33.89,314,314
33.9,312,311
33.95,317,315
33.95,312,310
33.95,316,317
33.95,314,314
33.95,317,317
33.95,315,314
33.96,316,317
34.03,317,316
34.03,318,317
34.03,319,318
34.03,318,318
34.03,319,318
34.03,316,317
34.03,320,320
34.09,318,317
34.09,322,321
34.09,318,318
34.09,321,321
34.09,317,316
34.09,322,322
34.09,317,317
34.15,321,322
34.15,319,319
34.15,320,322
34.15,323,322
34.15,321,322
34.15,323,322
34.16,321,320
34.21,322,322
34.21,320,320
34.21,325,323
34.21,320,320
34.21,325,325
34.22,320,319
34.22,322,323
34.28,321,321
34.28,323,324
34.28,320,320
34.28,322,322
34.28,323,322
34.28,323,322
34.29,322,321
34.34,320,320
34.34,321,321
34.34,320,320
34.34,322,322
34.34,318,319
34.35,325,323
34.36,322,321
34.42,327,325
34.42,323,322
34.42,325,325
34.42,323,322
34.42,324,324
34.42,322,322
34.42,324,324
34.48,323,322
34.48,322,324
34.48,323,323
34.48,322,322
34.48,325,324
34.48,321,320
34.49,327,325
34.54,321,321
34.54,324,323
34.54,321,319
34.54,324,322
34.54,320,319
34.54,322,322
34.55,322,320
34.61,322,322
34.61,320,320
34.61,321,321
34.61,323,322
34.61,322,321
34.61,324,323
34.62,321,320
34.67,325,323
34.67,320,319
34.67,325,323
34.67,320,318
34.67,322,322
34.67,317,316
34.68,321,320
34.75,319,317
34.75,321,320
34.75,321,319
34.75,319,319
34.75,321,319
34.75,319,317
34.75,320,319
34.81,314,316
34.81,320,319
34.81,316,316
34.81,320,319
34.81,312,314
34.81,320,320
34.81,314,314
34.87,317,317
34.87,314,314
34.87,316,317
34.87,316,316
34.87,316,317
34.87,316,316
34.88,316,315
34.93,317,315
34.93,313,313
34.93,318,316
34.93,312,311
34.93,316,316
34.94,311,310
34.95,315,315
35.0,312,312
35.0,317,317
35.0,314,312
35.0,317,316
35.0,315,314
35.0,314,316
35.01,317,317
35.07,318,318
35.07,317,317
35.07,315,316
35.07,316,316
35.07,315,316
35.07,318,318
35.08,314,313
35.13,319,318
35.13,314,314
35.13,317,318
35.13,314,314
35.13,316,316
35.13,315,315
35.14,317,317
35.2,315,314
35.2,315,314
35.2,316,315
35.2,311,311
35.2,314,314
35.2,313,313
35.21,319,317
35.26,312,312
35.26,315,316
35.26,310,311
35.26,315,315
35.26,313,312
35.26,316,316
35.27,316,314
35.32,316,316
35.32,315,314
35.32,315,314
35.32,316,315
35.32,315,314
35.33,316,316
35.34,312,312
35.4,317,316
35.4,313,312
35.4,317,316
35.4,312,312
35.4,317,316
35.4,313,313
35.4,317,317
35.46,314,313
35.46,318,317
35.46,316,314
35.46,316,317
35.46,318,317
35.46,317,316
35.47,319,317
35.53,315,316
35.53,320,319
35.53,315,316
35.53,320,320
35.53,316,316
35.53,323,321
35.53,316,316
35.59,318,319
35.59,316,315
35.59,319,318
35.59,315,316
35.59,317,316
35.59,317,316
35.6,318,317
35.65,319,318
35.65,315,316
35.65,318,318
35.65,316,316
35.65,321,320
35.66,314,314
35.67,318,318
35.73,316,315
35.73,320,319
35.73,315,314
35.73,319,318
35.73,317,315
35.73,316,318
35.73,319,317
35.79,317,317
35.79,321,319
35.79,318,318
35.79,323,322
35.79,318,318
35.79,322,322
35.8,318,318
35.85,321,321
35.85,319,318
35.85,323,321
35.85,319,318
35.85,322,321
35.85,319,317
35.86,319,320
35.91,320,319
35.91,317,318
35.91,319,317
35.91,318,318
35.91,320,319
35.92,316,317
35.93,319,318
35.99,315,314
35.99,320,318
35.99,315,314
35.99,319,319
35.99,316,314
35.99,319,318
35.99,315,314
36.05,316,317
36.05,315,314
36.05,314,314
36.05,315,314
36.05,314,314
36.05,318,316
36.06,315,316
36.12,320,319
36.12,318,316
36.12,320,319
36.12,316,316
36.12,318,318
36.12,315,314
36.12,318,318
36.18,319,316
36.18,320,319
36.18,318,317
36.18,316,317
36.18,318,316
36.18,318,317
36.19,318,319
36.24,316,317
36.24,320,319
36.24,316,316
36.24,319,319
36.24,316,315
36.25,320,320
36.26,317,315
36.32,320,319
36.32,314,313
36.32,319,318
36.32,316,315
36.32,317,317
36.32,317,316
36.32,316,316
36.38,318,316
36.38,316,316
36.38,318,316
36.38,316,314
36.38,319,318
36.38,316,315
36.39,320,319
36.44,315,314
36.44,319,320
36.44,319,316
36.44,318,319
36.44,317,316
36.44,319,318
36.45,320,318
36.51,318,318
36.51,319,318
36.51,318,318
36.51,319,318
36.51,313,314
36.51,317,317
36.52,313,313
36.57,317,317
36.57,314,313
36.57,316,318
36.57,311,311
36.57,315,316
36.58,311,311
36.58,313,314
36.65,312,312
36.65,312,313
36.65,312,313
36.65,312,313
36.65,313,312
36.65,311,310
36.65,315,314
36.71,308,310
36.71,315,314
36.71,310,309
36.71,314,315
36.71,311,312
36.71,315,315
36.71,314,311
36.77,316,315
36.77,311,309
36.77,313,313
36.77,312,311
36.77,314,312
36.77,311,311
36.78,311,312
36.83,313,313
36.83,310,310
36.83,312,313
36.83,310,310
36.83,315,313
36.84,310,308
36.85,314,313
36.9,311,309
36.9,312,313
36.9,310,309
36.9,314,313
36.9,313,310
36.9,311,311
36.91,311,311
36.97,312,312
36.97,314,313
36.97,310,311
36.97,316,316
36.97,312,312
36.97,318,316
36.98,312,312
37.04,317,316
37.04,314,312
37.04,316,317
37.04,314,313
37.04,318,317
37.04,317,316
37.04,317,316
37.1,318,316
37.1,317,316
37.1,317,316
37.1,314,315
37.1,319,318
37.1,312,314
37.11,319,318
37.16,317,316
37.16,321,320
37.16,315,314
37.16,319,320
37.16,317,316
37.16,320,320
37.17,319,318
37.22,320,320
37.22,321,319
37.22,320,320
37.22,322,320
37.22,320,320
37.23,321,321
37.24,322,321
37.3,323,322
37.3,319,318
37.3,325,324
37.3,322,320
37.3,325,324
37.3,320,319
37.3,322,323
37.36,321,320
37.36,322,323
37.36,321,321
37.36,322,322
37.36,323,322
37.36,320,320
37.37,322,321
37.43,320,319
37.43,324,322
37.43,318,317
37.43,322,322
37.43,319,317
37.43,322,321
37.44,317,316
37.49,321,320
37.49,317,315
37.49,318,318
37.49,317,317
37.49,316,317
37.49,319,318
37.5,319,318
37.57,320,320
37.57,319,319
37.57,322,321
37.57,319,318
37.57,320,320
37.57,316,316
37.57,319,319
37.63,317,315
37.63,319,318
37.63,316,315
37.63,317,318
37.63,316,315
37.63,314,315
37.63,317,316
37.69,315,315
37.69,319,318
37.69,315,315
37.69,319,318
37.69,313,314
37.69,320,319
37.7,317,315
37.75,320,320
37.75,318,316
37.75,321,321
37.75,319,317
37.75,318,318
37.75,318,317
37.76,317,318
37.81,318,317
37.81,316,317
37.81,318,317
37.81,314,315
37.81,319,318
37.82,315,314
37.83,317,317
37.89,314,314
37.89,317,317
37.89,313,313
37.89,318,317
37.89,315,314
37.89,318,317
37.89,315,313
37.95,314,315
37.95,313,312
37.95,313,312
37.95,313,312
37.95,312,312
37.95,315,313
37.96,312,312
38.02,314,313
38.02,311,310
38.02,316,314
38.02,311,310
38.02,313,313
38.02,308,308
38.03,313,312
38.08,309,308
38.08,310,310
38.08,310,309
38.08,309,308
38.08,311,310
38.08,308,308
38.09,312,312
38.14,309,308
38.14,313,312
38.14,308,309
38.14,315,314
38.14,312,310
38.15,316,316
38.16,313,312
38.21,315,316
38.21,311,310
38.21,315,315
38.21,312,312
38.21,311,313
38.21,312,311
38.22,311,310
38.28,311,310
38.28,311,310
38.28,315,314
38.28,311,311
38.28,317,316
38.28,312,312
38.29,315,315
38.35,312,313
38.35,317,316
38.35,312,312
38.35,316,316
38.35,315,314
38.35,315,315
38.35,315,314
38.41,312,313
38.41,314,313
38.41,314,314
38.41,316,315
38.41,311,312
38.41,318,317
38.42,313,313
38.47,318,318
38.47,315,314
38.47,320,319
38.47,315,314
38.47,316,318
38.48,316,316
38.48,317,317
38.55,318,316
38.55,316,316
38.55,319,317
38.55,317,317
38.55,318,318
38.55,316,317
38.55,320,320
38.61,316,316
38.61,322,322
38.61,318,317
38.61,321,321
38.61,316,317
38.61,322,322
38.61,320,319
38.67,323,321
38.67,321,320
38.67,323,321
38.67,321,320
38.67,320,319
38.67,320,320
38.68,317,318
38.73,323,322
38.73,317,317
38.73,321,321
38.73,317,317
38.73,321,321
38.74,317,317
38.75,321,320
38.8,320,319
38.8,321,321
38.8,320,318
38.8,321,320
38.8,319,318
38.8,318,318
38.81,321,320
38.87,318,318
38.87,320,320
38.87,318,318
38.87,322,321
38.87,319,317
38.87,322,321
38.88,316,316
38.94,320,321
38.94,316,315
38.94,319,320
38.94,318,318
38.94,320,320
38.94,319,318
38.94,319,320
39.0,323,320
39.0,319,320
39.0,322,320
39.0,319,318
39.0,322,322
39.0,318,318
39.01,324,322
39.06,318,317
39.06,324,322
39.06,319,317
39.06,321,321
39.06,318,318
39.07,318,320
39.07,318,319
39.13,321,319
39.13,320,320
39.13,319,320
39.13,322,321
39.13,321,320
39.13,321,321
39.14,316,317
39.2,321,320
39.2,316,315
39.2,320,320
39.2,315,315
39.2,319,319
39.2,319,317
39.2,318,319
39.27,317,317
39.27,318,320
39.27,318,317
39.27,317,318
39.27,321,319
39.27,318,318
39.27,320,319
39.33,317,317
39.33,321,321
39.33,316,316
39.33,321,321
39.33,319,317
39.33,320,321
39.34,319,318
39.39,322,322
39.39,322,320
39.39,321,319
39.39,320,320
39.39,320,320
39.39,320,320
39.4,319,318
39.45,323,320
39.45,317,317
39.45,321,321
39.45,317,316
39.45,320,321
39.46,317,317
39.47,320,321
39.53,318,318
39.53,324,323
39.53,321,320
39.53,322,324
39.53,322,322
39.53,322,322
39.53,323,322
39.59,322,321
39.59,326,324
39.59,322,321
39.59,324,323
39.59,319,319
39.59,325,324
39.6,319,319
39.66,322,323
39.66,320,320
39.66,323,323
39.66,321,319
39.66,321,322
39.66,322,321
39.66,322,321
39.72,321,322
39.72,320,320
39.72,323,322
39.72,320,321
39.72,325,324
39.72,320,321
39.73,325,324
39.78,322,320
39.78,324,323
39.78,320,320
39.78,323,323
39.78,321,320
39.79,324,324
39.79,322,321
39.86,322,322
39.86,323,321
39.86,319,320
39.86,322,322
39.86,321,320
39.86,323,322
39.86,319,319
39.92,325,324
39.92,321,321
39.92,325,324
39.92,321,319
39.92,323,323
39.92,320,319
39.93,323,323
39.98,318,318
39.98,320,321
39.98,320,320
39.98,320,320
39.98,321,320
39.98,318,319
39.99,321,321
40.05,319,318
40.05,322,322
40.05,316,317
40.05,321,320
40.05,316,316
40.05,321,320
40.06,314,315
40.11,319,319
40.11,317,317
40.11,321,320
40.11,319,318
40.11,317,318
40.11,319,318
40.12,317,317
40.19,319,318
40.19,315,315
40.19,318,316
40.19,311,312
40.19,318,317
40.19,310,311
40.19,316,315
40.25,312,311
40.25,316,316
40.25,311,311
40.25,316,316
40.25,315,312
40.25,312,314
40.25,315,313
40.31,311,312
40.31,314,313
40.31,311,311
40.31,315,314
40.31,308,309
40.31,315,314
40.32,308,309
40.37,313,313
40.37,310,310
40.37,314,314
40.37,311,310
40.37,315,314
40.38,312,312
40.38,314,313
40.43,315,314
40.43,314,315
40.43,316,315
40.44,315,314
40.44,318,318
40.44,316,316
40.45,322,320
40.46,316,316
40.47,321,322
40.48,319,318
40.53,324,323
40.53,319,319
40.53,323,322
40.53,320,320
40.53,323,322
40.54,319,319
40.54,319,319
40.61,318,320
40.61,319,319
40.61,321,321
40.61,317,318
40.61,321,319
40.61,317,316
40.61,319,318
40.67,317,315
40.67,319,318
40.67,314,313
40.67,316,317
40.67,315,313
40.67,316,316
40.68,314,313
40.73,315,314
40.73,315,313
40.73,311,313
40.73,313,312
40.73,311,311
40.73,313,313
40.74,310,310
40.79,315,314
40.79,310,311
40.79,315,314
40.79,311,310
40.79,314,316
40.8,312,311
40.81,315,314
40.86,310,311
40.86,312,312
40.86,312,312
40.86,311,312
40.86,313,312
40.86,309,308
40.87,313,312
40.93,308,308
40.93,315,313
40.93,309,308
40.93,311,311
40.93,307,306
40.93,309,310
40.94,306,305
41.0,309,308
41.0,303,303
41.0,304,306
41.0,304,303
41.0,303,303
41.0,303,303
41.0,302,302
41.06,305,304
41.06,300,301
41.06,304,304
41.06,301,301
41.06,307,306
41.06,302,302
41.07,305,305
41.12,301,300
41.12,303,305
41.12,303,302
41.12,303,303
41.12,304,302
41.13,302,303
41.13,304,303
41.18,304,304
41.18,307,305
41.18,303,302
41.18,306,306
41.18,301,301
41.19,308,306
41.2,302,302
41.26,308,307
41.26,305,304
41.26,308,308
41.26,307,304
41.26,305,306
41.26,306,305
41.26,306,306
41.33,306,306
41.33,305,305
41.33,307,307
41.33,305,305
41.33,311,310
41.33,307,306
41.33,312,311
41.39,310,309
41.39,315,314
41.39,312,310
41.39,314,314
41.39,313,312
41.39,314,313
41.4,314,313
41.45,315,315
41.45,315,313
41.45,315,314
41.45,318,317
41.45,316,316
41.45,320,319
41.46,316,315
41.51,322,321
41.51,319,317
41.51,322,321
41.51,318,317
41.51,320,320
41.52,317,315
41.53,320,321
41.59,318,318
41.59,320,320
41.59,321,321
41.59,322,321
41.59,325,323
41.59,321,320
41.59,324,323
41.65,321,320
41.65,323,322
41.65,320,319
41.65,326,324
41.65,320,319
41.65,322,324
41.66,321,320
41.72,324,324
41.72,322,322
41.72,323,324
41.72,322,322
41.72,322,324
41.72,326,325
41.72,324,324
41.78,327,327
41.78,324,325
41.78,328,328
41.78,324,324
41.78,328,327
41.78,322,322
41.79,326,326
41.84,323,322
41.84,327,326
41.84,323,322
41.84,324,323
41.84,321,321
41.85,324,323
41.85,323,321
41.92,321,321
41.92,325,323
41.92,321,319
41.92,325,323
41.92,319,318
41.92,324,323
41.92,320,318
41.98,323,322
41.98,319,319
41.98,324,322
41.98,318,317
41.98,321,321
41.98,320,318
41.99,319,319
42.05,320,319
42.05,318,318
42.05,319,318
42.05,318,317
42.05,320,319
42.05,315,315
42.05,319,318
42.11,316,316
42.11,320,320
42.11,314,315
42.11,320,320
42.11,318,316
42.11,318,319
42.12,319,318
42.17,319,318
42.17,320,318
42.17,317,317
42.17,318,316
42.17,317,316
42.17,319,318
42.18,314,315
42.23,321,319
42.23,315,315
42.23,321,320
42.23,316,314
42.23,320,320
42.24,317,316
42.25,321,320
42.31,317,317
42.31,318,319
42.31,318,317
42.31,318,319
42.31,321,319
42.31,319,319
42.31,323,321
42.37,319,318
42.37,323,322
42.37,316,316
42.37,321,321
42.37,316,316
42.37,321,322
42.38,317,318
42.44,323,323
42.44,320,319
42.44,321,323
42.44,322,322
42.44,324,324
42.44,325,323
42.44,321,322
42.5,324,323
42.5,320,321
42.5,324,323
42.5,320,320
42.5,324,324
42.5,322,322
42.51,327,326
42.56,321,321
42.56,326,326
42.56,327,324
42.56,329,328
42.56,326,325
42.57,326,328
42.58,327,327
42.64,326,326
42.64,329,328
42.64,327,327
42.64,329,329
42.64,325,325
42.64,330,331
42.64,325,325
42.7,332,330
42.7,326,325
42.7,331,330
42.7,325,324
42.7,328,327
42.7,325,324
42.71,326,326
42.76,326,324
42.76,323,323
42.76,325,323
42.76,323,322
42.76,326,324
42.76,321,320
42.77,324,324
42.82,320,319
42.82,324,323
42.82,319,318
42.82,320,321
42.82,320,318
42.83,320,321
42.84,319,318
42.9,322,321
42.9,319,317
42.9,319,319
42.9,319,318
42.9,317,317
42.9,321,319
42.9,317,317
42.96,321,321
42.96,317,316
42.96,322,321
42.96,320,318
42.96,323,323
42.96,318,318
42.97,322,320
43.03,318,318
43.03,321,320
43.03,320,319
43.03,319,318
43.03,318,318
43.03,319,317
43.03,319,318
43.09,315,315
43.09,320,319
43.09,315,316
43.09,321,320
43.09,315,314
43.09,322,322
43.1,314,316
43.15,321,322
43.15,317,315
43.15,319,319
43.15,318,316
43.15,316,317
43.16,319,316
43.17,316,316
43.23,318,317
43.23,315,315
43.23,318,316
43.23,312,314
43.23,319,317
43.23,312,313
43.23,317,317
43.29,311,312
43.29,316,316
43.29,312,311
43.29,315,314
43.29,312,312
43.29,312,312
43.3,314,312
43.35,312,312
43.36,315,315
43.36,311,312
43.36,315,313
43.36,310,310
43.36,314,313
43.36,310,308
43.42,313,314
43.42,308,308
43.42,313,312
43.42,310,308
43.42,312,312
43.42,311,309
43.43,310,311
43.48,311,310
43.48,311,311
43.48,313,311
43.48,311,310
43.48,313,312
43.48,310,309
43.49,314,312
43.56,310,309
43.56,312,312
43.56,308,308
43.56,314,313
43.56,309,309
43.56,312,312
43.56,311,310
43.62,315,314
43.62,313,312
43.62,313,313
43.62,311,311
43.62,311,311
43.62,313,312
43.62,309,309
43.68,312,312
43.68,307,307
43.68,312,311
43.68,307,306
43.68,312,311
43.68,306,306
43.69,311,310
43.75,308,306
43.75,309,309
43.75,306,306
43.75,309,309
43.75,309,308
43.75,307,308
43.76,309,310
43.81,309,308
43.81,314,313
43.81,312,312
43.81,317,316
43.81,313,313
43.81,319,317
43.82,312,312
43.89,318,318
43.89,314,312
43.89,316,317
43.89,316,314
43.89,317,317
43.89,318,316
43.89,317,317
43.95,318,317
43.95,317,316
43.95,321,320
43.95,316,316
43.95,322,321
43.95,318,318
43.95,322,322
44.01,316,316
44.01,322,321
44.01,316,315
44.01,320,320
44.01,316,315
44.01,319,319
44.02,320,318
44.07,319,318
44.07,321,320
44.07,320,320
44.07,323,321
44.07,319,319
44.07,323,322
44.08,319,317
44.14,322,321
44.14,318,317
44.14,322,321
44.14,318,317
44.14,318,320
44.14,318,316
44.15,319,318
44.2,318,317
44.2,318,318
44.2,319,317
44.2,315,315
44.2,317,318
44.21,314,315
44.21,319,318
44.28,316,315
44.28,320,319
44.28,313,313
44.28,319,318
44.28,315,313
44.28,318,318
44.28,312,311
44.34,314,315
44.34,314,313
44.34,316,316
44.34,315,315
44.34,313,313
44.34,317,315
44.35,315,314
44.4,317,316
44.4,313,311
44.4,317,316
44.4,313,311
44.4,316,315
44.4,309,310
44.41,314,314
44.46,310,310
44.46,314,314
44.46,311,309
44.46,311,312
44.46,312,310
44.47,311,310
44.48,313,311
44.54,309,310
44.54,313,313
44.54,308,309
44.54,315,313
44.54,311,309
44.54,316,315
44.54,312,311
44.6,317,316
44.6,313,312
44.6,316,316
44.6,314,311
44.6,312,313
44.6,312,310
44.61,313,313
44.66,313,313
44.66,312,313
44.66,316,315
44.66,312,312
44.66,316,315
44.67,311,311
44.67,318,317
44.73,312,312
44.73,318,317
44.73,313,312
44.73,316,315
44.73,313,312
44.73,315,316
44.74,316,314
44.79,317,315
44.79,315,313
44.79,315,314
44.79,318,316
44.79,312,314
44.8,317,316
44.8,315,313
44.87,316,316
44.87,311,312
44.87,317,316
44.87,313,313
44.87,316,317
44.87,315,312
44.87,315,315
44.93,314,312
44.93,318,317
44.93,314,314
44.93,314,314
44.93,316,316
44.93,314,314
44.93,317,316
44.99,314,313
44.99,319,318
44.99,314,312
44.99,319,319
44.99,313,313
44.99,316,316
45.0,311,312
45.05,315,315
45.05,312,312
45.06,313,314
45.06,313,312
45.06,312,313
45.06,313,312
45.07,313,312
45.12,316,314
45.12,311,310
45.12,314,314
45.12,311,311
45.12,316,315
45.12,310,310
45.13,316,315
45.2,313,312
45.2,316,315
45.2,314,313
45.2,316,317
45.2,316,315
45.2,316,315
45.2,318,316
45.26,316,316
45.26,317,317
45.26,314,315
45.26,318,317
45.26,315,314
45.26,321,319
45.26,314,314
45.32,319,318
45.32,314,313
45.32,319,319
45.32,318,315
45.32,317,318
45.32,319,317
45.33,319,318
45.38,318,317
45.38,317,317
45.38,320,319
45.38,316,317
45.38,322,320
45.39,316,317
45.39,321,321
45.45,315,315
45.45,320,320
45.45,316,316
45.45,321,320
45.45,315,314
45.45,320,320
45.46,318,316
45.52,317,318
45.52,318,317
45.52,319,319
45.52,320,319
45.52,317,317
45.52,321,320
45.52,318,317
45.59,322,322
45.59,318,316
45.59,325,324
45.59,323,322
45.59,325,325
45.59,321,320
45.59,322,324
45.65,321,320
45.65,322,322
45.65,321,320
45.65,319,320
45.65,321,320
45.65,318,320
45.66,323,321
45.71,318,317
45.71,323,321
45.71,319,318
45.71,322,321
45.71,315,315
45.71,320,321
45.72,316,316
45.77,321,321
45.77,319,318
45.77,320,321
45.77,318,317
45.77,319,320
45.78,320,319
45.79,319,319
45.85,320,321
45.85,320,320
45.85,322,321
45.85,316,316
45.85,322,322
45.85,317,317
45.85,322,321
45.91,316,316
45.91,318,319
45.91,316,316
45.91,319,319
45.91,318,318
45.91,320,320
45.92,319,318
45.97,319,318
45.97,322,320
45.97,317,316
45.97,321,320
45.97,316,316
45.98,320,320
45.98,316,314
46.04,319,319
46.04,315,313
46.04,319,318
46.04,316,313
46.04,316,316
46.04,314,313
46.05,314,315
46.1,314,314
46.1,314,316
46.1,316,315
46.1,312,314
46.1,316,316
46.11,311,312
46.11,316,315
46.18,313,311
46.18,317,315
46.18,310,310
46.18,317,315
46.18,310,311
46.18,314,315
46.18,314,313
46.24,314,315
46.24,313,312
46.24,313,314
46.24,314,314
46.24,314,315
46.24,319,318
46.25,315,316
46.3,322,320
46.3,317,316
46.3,320,320
46.3,316,316
46.3,322,321
46.3,318,317
46.31,321,321
46.37,319,317
46.37,320,320
46.37,320,318
46.37,319,318
46.37,321,318
46.37,318,318
46.38,323,320
46.43,316,316
46.43,322,321
46.43,319,317
46.43,321,320
46.43,317,316
46.43,320,320
46.44,315,314
46.51,320,320
46.51,316,314
46.51,319,319
46.51,316,315
46.51,315,317
46.51,316,315
46.51,318,317
46.57,319,317
46.57,314,314
46.57,318,318
46.57,315,315
46.57,320,318
46.57,315,314
46.57,319,318
46.63,312,311
46.63,318,317
46.63,314,312
46.63,316,316
46.63,314,314
46.63,314,314
46.64,315,314
46.69,316,315
46.69,317,316
46.69,314,315
46.69,316,316
46.69,315,314
46.7,317,317
46.7,312,313
46.75,315,314
46.75,311,310
46.75,315,316
46.75,312,311
46.75,316,316
46.76,313,312
46.77,314,316
46.83,315,313
46.83,313,313
46.83,317,315
46.83,314,313
46.83,317,316
46.83,314,314
46.84,317,316
46.9,313,314
46.9,317,318
46.9,313,313
46.9,318,318
46.9,313,312
46.9,318,317
46.9,313,313
46.96,316,317
46.96,315,314
46.96,315,316
46.96,316,316
46.96,317,317
46.96,318,316
46.97,315,316
47.02,321,318
47.02,315,314
47.02,319,319
47.02,314,314
47.02,321,320
47.02,318,315
47.03,317,318
47.08,316,315
47.08,316,318
47.08,318,316
47.08,316,317
47.08,317,318
47.09,316,317
47.1,318,318
47.16,316,317
47.16,320,320
47.16,319,319
47.16,322,320
47.16,318,319
47.16,325,324
47.16,319,318
47.22,325,324
47.22,322,321
47.22,325,324
47.22,321,320
47.22,324,325
47.22,322,321
47.23,321,321
47.29,325,324
47.29,322,321
47.29,324,324
47.29,323,321
47.29,327,325
47.29,320,320
47.29,325,324
47.35,319,319
47.35,324,324
47.35,320,320
47.35,322,323
47.35,321,321
47.35,323,323
47.36,322,322
47.41,323,322
47.41,326,324
47.41,322,323
47.41,327,324
47.41,321,322
47.42,326,326
47.42,322,322
47.49,328,327
47.49,322,322
47.49,327,327
47.49,323,323
47.49,325,326
47.49,323,323
47.49,325,327
47.55,324,324
47.55,325,324
47.55,327,325
47.55,325,325
47.55,325,325
47.55,323,324
47.56,326,326
47.61,325,325
47.61,328,328
47.61,322,322
47.61,327,328
47.61,325,325
47.61,328,328
47.62,327,326
47.68,329,328
47.68,326,326
47.68,325,327
47.68,326,326
47.68,326,326
47.68,329,326
47.69,325,324
47.75,329,327
47.75,322,321
47.75,326,326
47.75,321,322
47.75,326,326
47.75,320,320
47.75,324,325
47.81,320,319
47.81,324,325
47.81,321,319
47.82,322,322
47.82,321,320
47.82,320,321
47.82,322,320
47.88,321,320
47.88,322,321
47.88,317,317
47.88,323,323
47.88,318,318
47.88,322,321
47.88,317,316
47.94,320,321
47.94,319,317
47.94,322,320
47.94,319,317
47.94,318,319
47.94,319,318
47.95,318,319
48.0,321,320
48.0,318,317
48.0,321,320
48.0,318,318
48.0,321,320
48.01,315,315
48.02,321,320
48.03,317,315
48.04,320,319
48.04,316,315
48.09,317,317
48.09,317,316
48.09,317,318
48.09,317,317
48.09,319,320
48.1,320,317
48.11,318,316
48.17,320,318
48.17,313,314
48.17,318,318
48.17,315,315
48.17,318,317
48.17,311,312
48.17,317,317
48.23,312,310
48.23,315,315
48.23,312,311
48.23,315,315
48.23,313,312
48.23,312,313
48.24,313,312
48.3,312,311
48.3,314,313
48.3,312,312
48.3,315,313
48.3,309,308
48.3,313,314
48.31,309,308
48.36,314,314
48.36,309,308
48.36,313,314
48.36,309,308
48.36,311,311
48.36,311,309
48.37,313,312
48.42,312,310
48.42,310,312
48.42,313,311
48.42,310,309
48.42,314,313
48.43,307,308
48.44,314,313
48.5,310,309
48.5,315,314
48.5,311,311
48.5,315,314
48.5,312,310
48.5,314,315
48.5,313,312
48.56,313,314
48.56,315,314
48.56,315,314
48.56,315,314
48.56,314,315
48.56,318,317
48.57,312,314
48.63,318,318
48.63,314,316
48.63,320,320
48.63,316,317
48.63,321,321
48.63,319,317
48.63,322,321
48.69,321,319
48.69,322,321
48.69,321,320
48.69,321,321
48.69,323,321
48.69,321,321
48.7,324,323
48.75,320,321
48.75,324,324
48.75,320,320
48.75,325,324
48.75,319,319
48.76,324,325
48.76,320,318
48.83,325,324
48.83,321,320
48.83,324,324
48.83,321,319
48.83,323,322
48.83,321,321
48.83,321,322
48.89,324,322
48.89,320,318
48.89,323,321
48.89,318,318
48.89,323,322
48.89,317,317
48.9,321,320
48.95,316,315
48.95,320,318
48.95,314,314
48.95,318,318
48.95,315,314
48.95,315,315
48.96,315,314
49.02,314,313
49.02,315,314
49.02,312,311
49.02,315,313
49.02,309,310
49.02,316,314
49.03,308,309
49.08,315,315
49.08,310,309
49.08,313,312
49.08,311,310
49.08,313,314
49.08,312,312
49.09,315,315
49.14,314,312
49.14,315,315
49.14,319,317
49.14,318,317
49.14,318,318
49.15,315,315
49.16,318,319
49.22,314,316
49.22,320,320
49.22,314,315
49.22,321,321
49.22,317,316
49.22,320,320
49.22,317,317
49.28,319,319
49.28,319,318
49.28,318,318
49.28,320,317
49.28,316,317
49.28,319,318
49.29,315,315
49.35,321,319
49.35,317,316
49.35,322,320
49.35,317,316
49.35,320,321
49.35,317,316
49.35,318,319
49.41,316,316
49.41,319,320
49.41,318,317
49.41,317,318
49.41,319,317
49.41,319,318
49.42,320,319
49.47,316,316
49.47,320,318
49.47,317,316
49.47,321,320
49.47,316,316
49.48,321,321
49.49,316,315
49.54,321,321
49.54,319,317
49.54,321,321
49.54,319,318
49.54,318,319
49.54,321,320
49.55,318,319
49.61,323,322
49.61,319,320
49.61,324,322
49.61,319,320
49.61,326,323
49.61,320,320
49.62,327,325
49.67,320,320
49.67,324,324
49.68,321,321
49.68,325,325
49.68,325,322
49.68,325,326
49.68,326,326
49.74,325,326
49.74,328,326
49.74,327,326
49.74,328,328
49.74,325,325
49.74,328,329
49.75,325,325
49.8,328,329
49.8,325,324
49.8,328,329
49.8,324,323
49.8,329,328
49.8,324,324
49.81,328,327
49.86,326,325
49.86,325,326
49.86,325,325
49.86,323,324
49.86,327,325
49.87,322,322
49.88,327,325
49.94,320,322
49.94,327,327
49.94,321,320
49.94,327,326
49.94,320,321
49.94,325,325
49.94,320,320
50.0,324,324
50.0,322,320
50.0,321,322
50.0,322,320
50.0,318,319
50.0,321,320
50.01,317,318
50.06,321,320
50.06,316,315
50.06,319,318
50.06,314,314
50.06,321,320
50.07,316,315
50.08,318,318
50.13,315,314
50.13,317,318
50.13,315,314
50.13,314,315
50.13,316,316
50.13,315,314
50.14,316,316
50.21,315,313
50.21,317,316
50.21,313,312
50.21,316,316
50.21,311,311
50.21,318,318
50.21,313,311
50.27,318,317
50.27,314,314
50.27,314,316
50.27,312,311
50.27,314,314
50.27,313,312
50.27,313,312
50.33,311,311
50.33,310,310
50.33,313,313
50.33,309,309
50.33,314,314
50.33,307,307
50.34,314,313
50.39,308,308
50.39,313,312
50.39,308,308
50.39,311,311
50.39,308,307
50.39,310,311
50.4,311,309
50.46,311,310
50.46,311,309
50.46,311,310
50.46,312,310
50.46,310,311
50.46,316,315
50.47,313,312
50.52,318,318
50.52,313,312
50.52,318,320
50.52,314,314
50.52,318,320
50.53,318,317
50.53,321,321
50.6,318,317
50.6,316,318
50.6,319,319
50.6,318,319
50.6,321,320
50.6,318,318
50.6,323,322
50.66,319,318
50.66,323,322
50.66,319,317
50.66,322,321
50.66,318,317
50.66,322,323
50.66,318,318
50.72,324,324
50.72,320,318
50.72,320,322
50.72,321,320
50.72,319,319
50.72,322,319
50.73,318,319
50.79,319,319
50.79,317,318
50.79,322,321
50.79,317,315
50.79,322,322
50.79,315,315
50.8,321,321
50.85,317,315
50.85,318,318
50.85,317,317
50.85,318,319
50.85,319,316
50.85,319,318
50.86,318,317
50.91,316,316
50.91,319,318
50.91,315,315
50.91,320,318
50.91,315,315
50.92,320,318
50.93,314,314
50.99,319,317
50.99,313,313
50.99,319,318
50.99,318,315
50.99,314,316
50.99,316,314
50.99,312,313
51.05,314,312
51.05,313,312
51.05,315,314
51.05,311,310
51.05,314,314
51.05,309,308
51.06,315,315
51.11,310,309
51.11,314,313
51.11,309,308
51.11,314,313
51.11,310,309
51.12,312,312
51.12,311,310
51.18,312,312
51.18,312,310
51.18,309,309
51.18,315,313
51.18,312,311
51.18,313,312
51.19,308,309
51.25,315,313
51.25,310,309
51.25,313,313
51.25,308,308
51.25,312,311
51.25,309,309
51.25,311,310
51.32,306,306
51.32,309,310
51.32,309,308
51.32,306,307
51.32,311,309
51.32,306,306
51.32,311,310
51.38,306,306
51.38,312,311
51.38,309,308
51.38,312,312
51.38,309,308
51.38,315,313
51.39,310,309
51.44,313,313
51.44,313,310
51.44,314,313
51.44,314,312
51.44,312,311
51.44,314,313
51.45,311,311
51.5,314,314
51.5,310,311
51.5,316,316
51.5,312,311
51.5,316,315
51.51,310,310
51.52,315,315
51.58,310,310
51.58,313,313
51.58,311,310
51.58,313,313
51.58,312,311
51.58,311,310
51.58,313,311
51.64,311,310
51.64,311,311
51.64,308,309
51.64,315,313
51.64,310,308
51.64,312,312
51.65,310,309
51.71,313,314
51.71,309,309
51.71,312,313
51.71,311,310
51.71,314,313
51.71,312,312
51.71,315,314
51.77,314,314
51.77,314,315
51.77,318,317
51.77,313,312
51.77,319,317
51.77,312,312
51.78,318,317
51.83,313,313
51.83,318,319
51.83,314,314
51.83,319,319
51.83,316,317
51.84,320,319
51.84,318,317
51.91,318,319
51.91,318,318
51.91,318,319
51.91,321,320
51.91,319,319
51.91,321,321
51.91,318,317
51.97,324,322
51.97,319,318
51.97,323,321
51.97,319,318
51.97,323,323
51.97,321,318
51.98,320,322
52.03,320,320
52.03,322,322
52.03,321,320
52.03,321,321
52.03,322,323
52.03,322,321
52.04,324,324
52.09,321,321
52.09,326,325
52.09,322,321
52.09,327,325
52.09,321,320
52.1,326,326
52.11,323,322
52.16,326,326
52.16,322,323
52.16,325,326
52.16,326,326
52.16,327,327
52.16,329,328
52.17,326,327
52.23,330,329
52.23,328,328
52.23,332,332
52.23,328,327
52.24,335,334
52.24,330,330
52.24,336,335
52.3,332,330
52.3,335,337
52.3,333,332
52.3,333,333
52.3,334,331
52.3,330,331
52.3,333,331
52.36,330,329
52.36,329,329
52.36,324,325
52.36,328,327
52.36,320,322
52.36,329,327
52.37,321,322
52.42,324,324
52.42,319,317
52.42,321,321
52.42,318,315
52.42,318,317
52.43,317,315
52.43,316,317
52.48,315,314
52.48,313,314
52.48,316,315
52.49,312,313
52.49,315,314
52.49,310,310
52.5,315,315
52.56,309,308
52.56,315,314
52.56,311,309
52.56,311,312
52.56,309,308
52.56,311,312
52.57,309,308
52.63,311,310
52.63,308,306
52.63,307,308
52.63,311,308
52.63,306,307
52.63,310,308
52.63,307,306
52.69,309,310
52.69,305,306
52.69,310,310
52.69,305,306
52.69,312,312
52.69,307,307
52.7,310,310
52.75,310,309
52.75,309,309
52.75,309,309
52.75,312,312
52.75,313,312
52.75,310,310
52.76,314,313
52.81,310,309
52.81,315,315
52.81,310,310
52.81,316,315
52.81,311,312
52.82,317,316
52.83,315,313
52.89,318,318
52.89,314,315
52.89,318,319
52.89,317,317
52.89,320,320
52.89,320,320
52.89,319,319
52.95,323,321
52.95,319,318
52.95,323,321
52.95,318,319
52.95,325,324
52.95,316,317
52.96,323,322
53.02,321,319
53.02,323,322
53.02,319,318
53.02,321,320
53.02,320,318
53.02,319,319
53.02,321,318
53.08,317,317
53.08,319,318
53.08,317,317
53.08,320,320
53.08,316,316
53.08,321,320
53.09,316,315
53.14,320,321
53.14,316,316
53.14,320,319
53.14,316,316
53.14,319,319
53.15,318,316
53.16,316,317
53.22,317,317
53.22,316,317
53.22,316,316
53.22,314,315
53.22,316,317
53.22,314,315
53.22,317,317
53.28,313,314
53.28,319,319
53.28,315,314
53.28,319,318
53.28,314,314
53.28,318,318
53.29,315,314
53.34,314,316
53.34,315,316
53.34,314,315
53.35,316,316
53.35,315,314
53.35,319,317
53.35,312,312
53.41,315,315
53.41,311,311
53.41,313,314
53.41,309,309
53.41,314,313
53.41,310,308
53.42,310,311
53.47,308,308
53.47,309,309
53.47,308,308
53.47,308,309
53.47,312,310
53.47,307,308
53.48,310,309
53.53,304,306
53.53,310,309
53.53,306,305
53.53,312,311
53.53,305,304
53.54,310,310
53.55,308,307
53.61,310,309
53.61,305,305
53.61,309,309
53.61,308,308
53.61,309,309
53.61,310,309
53.61,308,309
53.67,312,310
53.67,308,308
53.67,312,311
53.67,308,308
53.67,314,312
53.67,306,307
53.68,314,312
53.73,310,309
53.73,314,313
53.73,308,308
53.74,313,314
53.74,312,310
53.74,310,312
53.75,313,311
53.8,312,312
53.8,313,313
53.8,310,311
53.8,316,315
53.8,311,311
53.8,317,316
53.81,311,309
53.88,314,315
53.88,312,311
53.88,317,316
53.88,314,312
53.88,317,318
53.88,316,314
53.88,314,314
53.94,318,315
53.94,316,315
53.94,317,315
53.94,314,315
53.94,317,315
53.94,311,311
53.94,315,315
54.0,311,310
54.0,315,314
54.0,309,309
54.0,315,314
54.0,308,308
54.0,311,311
54.01,309,307
54.06,309,310
54.06,309,308
54.06,308,309
54.06,309,308
54.06,308,309
54.06,311,311
54.07,309,308
54.12,315,313
54.12,311,310
54.12,315,313
54.12,310,310
54.12,315,315
54.13,313,311
54.14,315,316
54.2,313,312
54.2,315,316
54.2,317,315
54.2,314,315
54.2,316,315
54.2,313,314
54.2,316,316
54.26,312,313
54.26,318,318
54.26,314,314
54.26,318,317
54.26,315,313
54.26,320,320
54.27,315,315
54.33,321,320
54.33,319,316
54.33,320,321
54.33,320,318
54.33,318,320
54.33,320,318
54.33,319,318
54.39,320,319
54.39,318,317
54.39,321,321
54.39,318,319
54.39,323,322
54.39,317,318
54.4,325,324
54.45,320,319
54.45,325,324
54.45,322,320
54.45,322,324
54.45,320,320
54.46,323,324
54.47,323,322
54.53,324,325
54.53,325,323
54.53,321,322
54.53,326,324
54.53,322,322
54.53,327,326
54.53,322,321
54.59,327,326
54.59,322,320
54.59,327,327
54.59,323,322
54.59,325,325
54.59,324,323
54.6,325,326
54.65,324,324
54.65,324,324
54.65,326,325
54.65,323,322
54.65,325,323
54.65,320,320
54.66,326,325
54.72,321,320
54.72,325,324
54.72,321,320
54.72,325,325
54.72,318,318
54.72,324,324
54.73,321,319
54.78,322,321
54.78,322,320
54.78,322,321
54.78,320,319
54.78,318,319
54.79,320,319
54.79,318,317
54.86,320,320
54.86,316,318
54.86,324,324
54.86,317,317
54.86,321,320
54.86,317,316
54.86,320,320
54.92,319,317
54.92,319,319
54.92,319,317
54.92,319,318
54.92,317,318
54.92,317,316
54.92,316,317
54.98,314,315
54.98,318,318
54.98,315,315
54.98,319,318
54.98,316,315
54.98,320,320
54.99,315,314
55.05,316,317
55.05,316,315
55.05,318,318
55.05,316,315
55.05,317,317
55.05,318,317
55.06,316,317
55.11,318,318
55.11,314,314
55.11,319,317
55.11,312,312
55.11,319,317
55.11,311,311
55.12,317,317
55.19,313,312
55.19,315,315
55.19,311,311
55.19,316,317
55.19,314,314
55.19,317,316
55.19,316,314
55.25,313,313
55.25,317,316
55.25,314,314
55.25,318,318
55.25,316,314
55.25,319,319
55.25,313,313
55.31,319,318
55.31,315,313
55.31,318,317
55.31,314,312
55.31,316,317
55.31,315,314
55.32,316,315
55.37,315,314
55.37,315,314
55.37,316,314
55.37,315,314
55.37,316,316
55.38,314,314
55.38,316,316
55.45,313,312
55.45,317,316
55.45,314,313
55.45,316,316
55.45,313,312
55.45,318,316
55.45,316,314
55.51,317,316
55.51,315,313
55.51,315,314
55.51,316,314
55.51,313,313
55.51,317,315
55.51,310,311
55.57,315,314
55.57,310,311
55.57,318,316
55.57,310,311
55.57,316,316
55.57,310,311
55.58,315,314
55.59,313,312
55.6,315,314
55.61,312,311
55.66,312,314
55.67,315,314
55.67,315,314
55.67,314,314
55.67,312,312
55.67,318,316
55.67,310,312
55.73,318,316
55.73,311,310
55.73,315,314
55.73,310,309
55.73,314,315
55.73,313,311
55.74,315,314
55.81,312,311
55.81,311,313
55.81,312,313
55.81,312,313
55.81,316,314
55.81,315,315
55.81,317,315
55.87,311,312
55.87,317,317
55.87,314,313
55.87,321,320
55.87,316,316
55.87,321,321
55.87,318,316
55.93,319,320
55.93,316,315
55.93,318,319
55.93,318,318
55.93,318,318
55.93,322,320
55.94,318,318
55.99,323,321
55.99,319,319
55.99,324,322
55.99,316,318
55.99,324,323
55.99,320,319
56.0,323,324
56.06,319,318
56.06,323,322
56.06,321,320
56.06,323,323
56.06,321,321
56.06,322,322
56.07,324,323
56.12,322,323
56.12,326,324
56.12,321,321
56.12,327,326
56.12,324,323
56.12,329,329
56.13,325,324
56.2,330,329
56.2,326,326
56.2,330,330
56.2,328,327
56.2,331,330
56.2,328,328
56.2,330,330
56.26,331,330
56.26,330,330
56.26,332,330
56.26,328,329
56.26,331,330
56.26,326,326
56.26,328,328
56.32,323,323
56.32,327,328
56.32,323,322
56.32,327,328
56.32,323,322
56.32,327,327
56.33,324,324
56.39,326,326
56.39,328,326
56.39,325,325
56.39,328,326
56.39,323,321
56.39,326,324
56.39,320,321
56.45,325,324
56.45,322,321
56.45,326,325
56.45,321,322
56.45,325,325
56.45,321,321
56.46,325,324
56.51,322,319
56.51,320,321
56.51,322,321
56.51,321,321
56.51,324,322
56.52,320,319
56.53,323,321
56.59,319,318
56.59,321,320
56.59,319,317
56.59,321,320
56.59,316,315
56.59,321,320
56.59,316,315
56.65,319,318
56.65,315,314
56.65,316,316
56.65,315,314
56.65,313,314
56.65,315,313
56.66,310,311
56.71,315,313
56.71,310,309
56.71,314,313
56.71,308,309
56.71,315,314
56.71,309,310
56.72,314,314
56.78,310,310
56.78,312,314
56.78,313,311
56.78,313,312
56.78,311,310
56.78,312,312
56.79,313,312
56.85,310,310
56.85,312,312
56.85,309,309
56.85,315,313
56.85,310,309
56.85,313,313
56.85,309,308
56.92,314,313
56.92,308,308
56.92,312,314
56.92,310,310
56.92,313,313
56.92,311,310
56.92,311,312
56.98,312,311
56.98,312,312
56.98,317,315
56.98,311,311
56.98,318,317
56.98,311,313
56.98,318,317
57.04,311,310
57.04,317,316
57.04,312,310
57.04,317,317
57.04,315,313
57.04,316,316
57.05,316,314
57.1,317,316
57.1,317,315
57.1,314,315
57.1,319,318
57.1,316,316
57.11,320,318
57.12,316,315
57.18,321,321
57.18,316,315
57.18,321,321
57.18,318,316
57.18,323,322
57.18,317,316
57.18,319,321
57.24,320,319
57.24,320,321
57.24,321,320
57.24,320,321
57.24,322,320
57.24,319,319
57.25,322,321
57.3,318,319
57.3,322,322
57.3,318,319
57.3,323,322
57.3,318,318
57.3,323,323
57.31,318,318
57.36,321,322
57.36,321,318
57.36,321,321
57.36,321,319
57.36,321,320
57.37,322,320
57.38,318,319
57.44,320,321
57.44,319,318
57.44,321,320
57.44,316,315
57.44,321,320
57.44,314,314
57.44,320,320
57.5,315,314
57.5,317,317
57.5,317,315
57.5,320,319
57.5,318,316
57.5,316,317
57.51,316,315
57.57,314,315
57.57,319,317
57.57,314,314
57.57,317,317
57.57,312,311
57.57,317,317
57.57,313,313
57.63,316,315
57.63,310,310
57.63,316,316
57.63,311,310
57.63,313,313
57.63,310,309
57.64,310,311
57.69,310,310
57.69,307,308
57.69,309,309
57.69,308,309
57.69,312,310
57.7,308,308
57.71,310,310
57.77,304,305
57.77,309,310
57.77,308,307
57.77,312,311
57.77,307,305
57.77,307,307
57.77,305,305
57.83,308,308
57.83,307,306
57.83,306,308
57.83,309,308
57.83,307,307
57.83,309,309
57.84,308,308
57.9,313,310
57.9,307,306
57.9,312,311
57.9,309,308
57.9,314,313
57.9,310,310
57.9,315,314
57.96,314,312
57.96,316,316
57.96,315,314
57.96,314,314
57.96,314,314
57.96,314,315
57.97,318,316
58.02,315,314
58.02,317,316
58.02,314,313
58.02,316,317
58.02,314,314
58.03,321,320
58.03,317,315
58.1,320,320
58.1,315,316
58.1,318,319
58.1,320,320
58.1,322,320
58.1,319,318
58.1,318,319
58.16,320,320
58.16,317,319
58.16,321,320
58.16,316,316
58.16,322,320
58.16,316,316
58.16,322,322
58.22,317,317
58.22,321,322
58.22,317,317
58.22,321,322
58.22,320,318
58.22,318,319
58.23,322,321
58.28,320,320
58.28,320,320
58.28,317,319
58.28,322,321
58.28,317,316
58.29,320,321
58.3,318,318
58.35,322,321
58.35,319,318
58.35,325,323
58.35,322,320
58.35,324,325
58.35,323,321
58.36,325,324
58.42,324,323
58.42,322,324
58.42,324,324
58.42,321,321
58.42,324,323
58.42,320,319
58.43,325,323
58.48,321,320
58.48,327,326
58.49,323,321
58.49,326,325
58.49,322,322
58.49,326,325
58.49,324,324
58.55,324,325
58.55,324,324
58.55,324,325
58.55,325,324
58.55,323,324
58.55,327,326
58.56,321,321
58.61,325,325
58.61,322,322
58.61,327,327
58.61,323,323
58.61,328,327
58.61,321,321
58.62,327,328
58.67,324,324
58.67,325,326
58.67,324,324
58.67,324,325
58.67,325,324
58.68,324,323
58.69,327,326
58.75,322,322
58.75,325,326
58.75,323,322
58.75,324,325
58.75,322,322
58.75,328,328
58.75,323,322
58.81,327,326
58.81,323,321
58.81,325,325
58.81,322,321
58.81,324,323
58.81,324,324
58.82,324,324
58.88,325,324
58.88,323,322
58.88,329,327
58.88,324,323
58.88,328,326
58.88,322,322
58.89,327,326
58.94,321,320
58.94,324,324
58.94,321,321
58.94,322,322
58.94,322,319
58.94,318,320
58.95,318,318
59.0,316,317
59.0,319,319
59.0,315,315
59.0,318,317
59.0,315,314
59.01,320,317
59.02,313,313
59.08,317,318
59.08,312,312
59.08,314,315
59.08,312,311
59.08,315,315
59.08,312,312
59.08,315,316
59.14,314,313
59.14,314,315
59.14,316,315
59.14,313,314
59.14,316,316
59.14,313,314
59.15,319,319
59.2,314,314
59.2,319,320
59.2,315,314
59.2,320,320
59.2,316,316
59.2,320,320
59.21,317,316
59.27,318,319
59.27,317,316
59.27,316,317
59.27,316,317
59.27,316,317
59.27,319,318
59.28,317,316
59.33,322,320
59.33,316,315
59.33,321,320
59.33,315,314
59.33,318,319
59.34,314,314
59.34,318,317
59.41,316,314
59.41,318,318
59.41,316,314
59.41,317,317
59.41,318,317
59.41,318,316
59.41,320,319
59.47,316,317
59.47,321,320
59.47,318,317
59.47,321,319
59.47,316,317
59.47,322,323
59.48,321,319
59.53,325,325
59.53,321,320
59.53,324,324
59.53,320,320
59.53,323,324
59.53,325,323
59.54,322,324
59.6,326,325
59.6,323,323
59.6,325,325
59.6,323,322
59.6,324,324
59.6,321,321
59.61,328,327
59.66,323,322
59.66,326,327
59.66,323,322
59.66,326,326
59.66,325,324
59.66,326,325
59.67,324,324
59.72,323,324
59.72,326,325
59.72,322,323
59.72,326,325
59.72,322,321
59.73,326,325
59.74,321,320
59.8,325,325
59.8,322,321
59.8,325,324
59.8,322,320
59.8,325,324
59.8,321,321
59.8,323,322
59.86,322,320
59.86,321,320
59.86,323,321
59.86,322,321
59.86,322,321
59.86,319,318
59.87,322,321
59.92,318,317
59.92,320,321
59.92,317,317
59.92,322,321
59.92,318,316
59.93,319,320
59.93,319,318
59.98,319,319
59.98,319,317
59.98,319,319
59.98,317,316
59.98,317,317
59.99,319,318
60.0,315,316
60.06,318,318
60.06,314,314
60.06,318,318
60.06,314,314
60.06,318,318
60.06,314,313
60.06,318,318
60.13,317,314
60.13,317,316
60.13,314,312
60.13,314,314
60.13,314,313
60.13,312,313
60.13,315,313
60.19,311,310
60.19,313,311
60.19,309,308
60.19,313,311
60.19,310,308
60.19,311,312
60.2,309,308
60.25,313,313
60.25,309,308
60.25,311,311
60.25,309,308
60.25,313,312
60.25,310,309
60.26,311,312
60.33,313,312
60.33,311,312
60.33,314,313
60.33,309,309
60.33,315,313
60.33,310,308
60.33,311,313
60.39,309,309
60.39,314,315
60.39,310,310
60.39,314,315
60.39,313,310
60.39,315,314
60.39,312,310
60.45,310,311
60.45,314,312
60.45,312,312
60.45,315,313
60.45,312,311
60.45,314,314
60.46,310,310
60.51,315,314
60.51,311,310
60.51,316,315
60.51,310,309
60.51,315,314
60.52,311,309
60.52,310,311
60.58,312,312
60.58,312,312
60.58,312,312
60.58,312,313
60.58,316,315
60.58,313,312
60.59,317,315
60.64,314,314
60.64,319,317
60.64,314,312
60.64,317,316
60.64,314,313
60.65,316,316
60.65,312,312
60.72,316,317
60.72,314,313
60.72,314,315
60.72,319,316
60.72,315,316
60.72,319,317
60.72,315,316
60.78,318,318
60.78,314,314
60.78,318,318
60.78,314,314
60.78,319,318
60.78,313,312
60.79,318,318
60.84,314,314
60.84,316,317
60.84,317,317
60.84,318,319
60.84,317,316
60.84,316,317
60.85,318,317
60.91,315,315
60.91,317,316
60.91,313,313
60.91,318,316
60.91,311,312
60.91,317,316
60.92,313,312
60.97,316,316
60.97,313,311
60.97,316,316
60.97,314,312
60.97,314,314
60.97,315,314
60.98,315,315
61.05,314,315
61.05,311,313
61.05,315,315
61.05,313,314
61.05,316,317
61.05,315,315
61.05,318,318
61.11,313,312
61.11,318,317
61.11,316,314
61.11,316,315
61.11,312,312
61.11,317,317
61.11,314,314
61.17,317,316
61.17,317,316
61.17,318,317
61.17,319,317
61.17,316,316
61.17,319,318
61.18,315,315
61.23,321,321
61.23,316,317
61.23,320,321
61.23,315,315
61.23,322,320
61.24,317,317
61.24,321,321
61.31,317,317
61.31,320,321
61.31,321,321
61.31,321,321
61.31,323,321
61.31,320,320
61.31,323,322
61.37,318,319
61.37,322,322
61.37,318,318
61.37,322,322
61.37,319,318
61.37,323,322
61.38,319,319
61.43,323,323
61.43,323,320
61.43,322,322
61.43,324,322
61.43,320,320
61.43,323,321
61.44,319,319
61.5,321,321
61.5,317,317
61.5,321,320
61.5,316,317
61.5,322,320
61.5,315,314
61.51,320,320
61.56,315,314
61.56,316,317
61.56,316,314
61.56,317,318
61.56,319,317
61.56,318,318
61.57,319,317
61.62,316,315
61.62,318,318
61.62,316,316
61.62,319,318
61.62,315,316
61.63,320,319
61.64,313,313
61.7,317,317
61.7,314,313
61.7,318,318
61.7,317,315
61.7,319,318
61.7,316,316
61.7,319,318
61.76,319,318
61.76,317,317
61.76,321,320
61.76,319,319
61.76,322,322
61.76,319,319
61.77,323,323
61.82,317,317
61.82,322,322
61.82,319,319
61.82,323,323
61.82,318,319
61.83,323,322
61.83,320,320
61.89,323,323
61.89,325,324
61.89,324,323
61.89,325,324
61.89,322,322
61.89,325,324
61.9,323,321
61.95,326,325
61.95,322,321
61.95,326,325
61.95,320,319
61.95,326,325
61.96,321,320
61.97,323,322
62.03,321,320
62.03,322,322
62.03,320,320
62.03,322,322
62.03,324,323
62.03,323,321
62.03,323,322
62.09,320,320
62.09,324,324
62.09,320,320
62.09,324,322
62.09,318,318
62.09,325,323
62.1,319,319
62.15,325,323
62.15,322,320
62.15,324,324
62.15,323,321
62.15,323,322
62.15,324,323
62.16,321,321
62.22,323,323
62.22,320,320
62.22,322,322
62.22,321,320
62.22,324,323
62.22,320,319
62.23,324,322
62.28,318,318
62.28,323,323
62.28,320,319
62.28,324,324
62.28,322,321
62.28,323,322
62.29,325,323
62.36,322,321
62.36,323,322
62.36,320,320
62.36,323,322
62.36,318,319
62.36,324,324
62.36,319,318
62.42,324,324
62.42,321,320
62.42,326,325
62.42,320,320
62.42,324,324
62.42,322,320
62.42,321,322
62.48,324,322
62.48,322,321
62.48,321,320
62.48,321,321
62.48,321,321
62.48,316,317
62.49,322,321
62.54,317,317
62.54,321,320
62.54,315,315
62.54,320,320
62.54,316,317
62.55,321,320
62.56,319,317
62.61,316,318
62.61,319,318
62.61,317,317
62.61,318,318
62.61,317,318
62.61,320,319
62.62,316,316
62.68,321,320
62.68,319,318
62.68,323,321
62.68,317,316
62.68,319,320
62.68,317,316
62.69,322,320
62.74,317,316
62.74,318,318
62.74,319,317
62.75,318,318
62.75,318,318
62.75,317,317
62.75,319,317
62.81,316,316
62.81,320,320
62.81,315,315
62.81,320,321
62.81,316,317
62.81,322,321
62.82,317,316
62.87,321,320
62.87,318,317
62.87,319,319
62.87,317,315
62.87,314,316
62.87,316,316
62.88,315,316
62.95,317,316
62.95,311,312
62.95,318,316
62.95,312,312
62.95,317,316
62.95,311,311
62.95,316,315
63.01,310,310
63.01,315,314
63.01,311,309
63.01,313,312
63.01,311,309
63.01,312,311
63.01,313,311
63.07,311,310
63.07,311,310
63.07,309,309
63.07,313,312
63.07,310,308
63.07,311,311
63.08,306,306
63.13,311,311
63.14,308,307
63.14,310,311
63.14,309,309
63.14,312,312
63.14,311,309
63.14,313,312
63.2,312,310
63.2,312,312
63.2,312,312
63.2,310,311
63.2,314,312
63.2,309,308
63.21,314,313
63.26,310,309
63.26,318,316
63.26,313,312
63.26,318,318
63.26,315,315
63.27,318,317
63.28,313,314
63.29,316,316
63.3,317,316
63.3,318,316
63.37,317,316
63.37,314,316
63.37,319,318
63.37,315,315
63.37,319,318
63.37,312,313
63.37,319,319
63.43,314,314
63.43,318,318
63.43,314,314
63.43,317,318
63.43,315,314
63.43,318,318
63.44,317,316
63.49,317,315
63.49,316,316
63.49,316,316
63.49,317,316
63.49,316,316
63.49,319,318
63.5,316,315
63.56,320,319
63.56,313,313
63.56,320,320
63.56,314,314
63.56,319,318
63.56,317,315
63.57,318,319
63.62,317,316
63.62,319,319
63.62,317,317
63.62,317,317
63.62,318,318
63.62,316,317
63.63,320,320
63.68,317,317
63.68,320,320
63.68,319,318
63.68,323,322
63.68,318,316
63.69,321,320
63.7,318,316
63.76,321,320
63.76,316,317
63.76,316,318
63.76,320,318
63.76,317,318
63.76,320,319
63.76,318,318
63.82,320,320
63.82,317,316
63.82,321,319
63.82,315,314
63.82,320,319
63.82,316,315
63.83,321,319
63.88,317,315
63.88,320,319
63.88,317,316
63.88,317,317
63.88,317,316
63.89,319,318
63.89,319,317
63.95,318,317
63.95,322,320
63.95,317,316
63.95,320,320
63.95,316,317
63.95,320,320
63.96,316,315
64.02,321,320
64.02,317,315
64.02,319,319
64.02,319,317
64.02,317,318
64.02,318,317
64.03,317,317
64.09,317,316
64.09,316,316
64.09,318,318
64.09,314,315
64.09,321,319
64.09,315,315
64.09,320,320
64.15,316,315
64.15,320,319
64.15,315,314
64.15,319,318
64.15,314,314
64.15,317,318
64.16,317,315
64.21,317,317
64.21,317,316
64.21,316,316
64.21,319,317
64.21,313,314
64.21,320,320
64.22,315,315
64.27,320,320
64.27,316,316
64.27,320,321
64.27,318,317
64.27,319,319
64.28,319,318
64.29,321,320
64.35,320,318
64.35,321,320
64.35,320,319
64.35,319,318
64.35,320,319
64.35,317,318
64.35,321,320
64.41,317,317
64.41,322,321
64.41,318,317
64.41,321,319
64.41,318,315
64.41,319,320
64.42,317,316
64.48,319,319
64.48,319,317
64.48,320,319
64.48,319,318
64.48,318,318
64.48,318,318
64.48,316,317
64.54,318,318
64.54,314,314
64.54,321,320
64.54,315,315
64.54,320,320
64.54,315,315
64.55,320,318
64.6,315,313
64.6,317,316
64.6,316,314
64.6,317,317
64.6,315,314
64.61,314,314
64.62,315,314
64.68,313,314
64.68,316,314
64.68,312,312
64.68,317,316
64.68,313,313
64.68,319,318
64.68,316,315
64.74,317,318
64.74,315,314
64.74,319,318
64.74,315,314
64.74,318,318
64.74,319,317
64.75,319,319
64.8,320,318
64.8,318,318
64.8,320,319
64.8,317,317
64.8,320,319
64.8,317,317
64.81,323,322
64.87,319,317
64.87,321,321
64.87,317,317
64.87,322,322
64.87,319,318
64.87,320,320
64.88,319,318
64.93,317,316
64.93,319,318
64.93,317,317
64.93,320,318
64.93,315,315
64.93,320,319
64.94,315,314
65.0,320,319
65.0,315,314
65.0,317,316
65.0,314,313
65.0,316,317
65.0,314,314
65.01,315,316
65.07,315,314
65.07,317,316
65.07,317,316
65.07,315,314
65.07,318,316
65.07,315,314
65.07,316,316
65.13,313,314
65.13,318,318
65.13,314,314
65.13,318,319
65.13,316,314
65.13,319,319
65.14,314,314
65.19,318,318
65.19,315,314
65.19,317,318
65.19,318,318
65.19,317,317
65.2,318,318
65.21,316,316
65.27,321,320
65.27,317,316
65.27,319,319
65.27,316,316
65.27,321,320
65.27,318,317
65.27,322,322
65.33,320,318
65.33,321,322
65.33,323,321
65.33,323,322
65.33,323,320
65.33,321,320
65.34,322,323
65.39,323,322
65.39,326,324
65.39,321,321
65.39,325,324
65.39,319,320
65.39,324,325
65.4,320,320
65.46,325,323
65.46,321,319
65.46,322,322
65.46,319,318
65.46,318,318
65.46,320,320
65.47,320,320
65.52,320,320
65.52,318,318
65.52,320,319
65.52,316,316
65.52,320,320
65.52,316,315
65.53,322,322
65.6,318,316
65.6,319,318
65.6,315,314
65.6,319,319
65.6,319,316
65.6,318,316
65.6,317,316
65.66,315,316
65.66,317,317
65.66,314,314
65.66,319,319
65.66,313,314
65.66,317,317
65.66,313,313
65.72,318,318
65.72,312,313
65.72,316,317
65.72,315,314
65.72,316,317
65.72,314,313
65.73,318,317
65.78,315,314
65.78,315,315
65.78,318,316
65.78,315,314
65.78,317,318
65.79,313,314
65.79,319,317
65.85,314,313
65.85,318,317
65.85,312,312
65.85,318,317
65.85,313,312
65.85,315,316
65.86,311,311
65.91,314,314
65.91,311,311
65.91,314,313
65.91,313,312
65.91,310,312
65.92,315,314
65.93,310,310
65.99,314,314
65.99,310,310
65.99,315,314
65.99,311,310
65.99,317,316
65.99,312,310
65.99,313,314
66.05,310,310
66.05,315,315
66.05,313,312
66.05,313,313
66.05,314,313
66.05,314,314
66.06,317,314
66.11,314,313
66.11,318,315
66.11,312,312
66.11,319,318
66.11,313,312
66.11,318,317
66.12,314,312
66.17,317,317
66.17,311,311
66.17,316,315
66.17,316,314
66.17,317,316
66.18,314,314
66.19,315,316
66.25,318,317
66.25,315,315
66.25,317,317
66.25,314,315
66.25,319,318
66.25,313,313
66.25,319,318
66.31,315,313
66.31,319,318
66.31,313,312
66.31,319,318
66.31,315,314
66.31,316,317
66.32,318,316
66.38,314,316
66.38,316,314
66.38,315,314
66.38,319,318
66.38,314,313
66.38,316,316
66.38,312,312
66.44,319,318
66.44,313,313
66.44,320,319
66.44,317,314
66.44,321,321
66.44,319,317
66.45,320,319
66.5,317,317
66.5,317,318
66.5,317,316
66.5,315,316
66.5,317,316
66.51,315,314
66.52,315,314
66.58,312,312
66.58,316,317
66.58,312,313
66.58,316,317
66.58,311,310
66.58,315,315
66.58,312,310
66.64,316,315
66.64,312,310
66.64,311,312
66.64,328,321
66.64,314,314
66.64,275,271
66.65,310,316
66.71,282,273
66.71,293,302
66.71,292,283
66.71,276,285
66.71,307,297
66.71,268,277
66.71,321,314
66.77,267,272
66.77,331,328
66.77,271,271
66.77,332,332
66.77,272,268
66.77,325,328
66.78,277,271
66.83,317,322
66.83,288,280
66.83,309,317
66.83,304,296
66.83,297,307
66.84,317,305
66.84,280,288
66.9,320,310
66.9,261,266
66.9,319,314
66.9,257,258
66.9,316,316
66.9,254,252
66.91,310,312
66.97,252,247
66.97,291,296
66.97,254,246
66.97,271,280
66.97,265,255
66.97,263,274
66.97,285,274
67.04,255,263
67.04,294,284
67.04,235,240
67.04,286,279
67.04,220,223
67.04,281,279
67.04,222,221
67.1,286,289
67.1,240,237
67.1,301,308
67.1,276,270
67.1,323,331
67.1,329,322
67.11,351,363
67.16,386,378
67.16,380,392
67.16,436,428
67.16,398,406
67.16,480,477
67.16,424,428
67.17,494,492
67.22,430,429
67.22,486,486
67.22,426,423
67.22,483,488
67.22,439,431
67.23,472,481
67.24,461,454
67.3,482,493
67.3,491,480
67.3,460,469
67.3,487,477
67.3,435,441
67.3,486,477
67.3,419,423
67.36,484,481
67.36,412,412
67.36,474,474
67.36,408,404
67.36,458,461
67.36,405,397
67.37,434,440
67.43,399,391
67.43,408,416
67.43,397,386
67.43,378,388
67.43,400,388
67.43,355,364
67.43,405,396
67.49,341,347
67.49,399,396
67.49,330,331
67.49,388,388
67.49,323,320
67.49,375,376
67.5,318,314
67.55,360,365
67.55,323,315
67.55,344,350
67.55,331,321
67.55,324,334
67.56,339,328
67.56,306,314
67.63,343,335
67.63,292,298
67.63,348,343
67.63,291,294
67.63,367,365
67.63,309,309
67.63,370,370
67.69,306,302
67.69,347,351
67.69,303,297
67.69,330,336
67.69,313,303
67.69,321,332
67.7,350,341
67.75,347,359
67.75,404,396
67.75,356,361
67.75,398,397
67.75,368,364
67.75,362,360
67.76,352,350
67.81,342,342
67.81,340,338
67.81,343,343
67.81,354,352
67.81,354,354
67.82,357,356
67.83,346,345
67.89,341,338
67.89,326,325
67.89,325,324
67.89,317,318
67.89,319,318
67.89,316,316
67.89,320,322
67.95,322,321
67.95,323,321
67.95,318,318
67.95,312,312
67.95,308,306
67.95,297,298
67.96,299,297
68.02,293,292
68.02,299,298
68.02,298,297
68.02,303,303
68.02,299,298
68.02,299,298
68.02,290,289
68.08,288,289
68.08,283,282
68.08,280,280
68.08,279,279
68.08,280,282
68.08,289,287
68.09,286,285
68.14,286,286
68.14,282,282
68.14,282,282
68.14,277,277
68.14,281,279
68.15,274,274
68.15,280,279
68.22,276,276
68.22,279,280
68.22,279,278
68.22,281,281
68.22,281,280
68.22,277,277
68.22,279,277
68.28,277,276
68.28,276,276
68.28,275,275
68.28,281,280
68.28,279,280
68.28,285,283
68.28,281,280
68.34,283,284
68.34,279,278
68.34,280,281
68.34,279,279
68.34,284,282
68.34,283,281
68.35,286,285
68.4,285,284
68.4,286,286
68.4,289,287
68.4,286,285
68.4,286,287
68.41,285,286
68.42,289,289
68.47,287,287
68.47,291,291
68.47,289,289
68.47,293,294
68.47,292,292
68.47,294,294
68.48,293,292
68.54,295,294
68.54,295,294
68.54,295,295
68.54,296,296
68.54,295,297
68.54,300,300
68.55,299,298
68.61,302,301
68.61,297,296
68.61,301,300
68.61,297,295
68.61,301,300
68.61,298,298
68.61,302,303
68.67,301,301
68.67,305,304
68.67,304,302
68.67,305,305
68.67,305,304
68.67,303,304
68.68,308,308
68.73,307,306
68.73,312,311
68.73,310,309
68.73,315,314
68.73,311,311
68.74,314,314
68.74,312,310
68.79,315,315
68.79,315,313
68.79,317,316
68.79,317,316
68.79,318,318
68.8,318,318
68.81,321,320
68.87,322,320
68.87,317,319
68.87,322,322
68.87,319,319
68.87,323,322
68.87,320,321
68.87,325,325
68.94,321,320
68.94,327,326
68.94,325,323
68.94,328,327
68.94,326,324
68.94,328,327
68.94,328,326
69.0,329,329
69.0,331,331
69.0,329,329
69.0,333,332
69.0,329,329
69.0,332,331
69.01,326,326
69.06,329,329
69.06,323,323
69.06,328,329
69.06,326,324
69.06,329,330
69.06,324,324
69.07,325,325
69.12,325,324
69.12,325,325
69.12,325,324
69.12,324,323
69.12,325,324
69.13,320,321
69.14,325,325
69.2,321,321
69.2,326,325
69.2,322,321
69.2,323,323
69.2,320,320
69.2,324,324
69.2,321,320
69.26,323,322
69.26,322,321
69.26,321,322
69.26,324,323
69.26,321,322
69.26,324,322
69.27,320,320
69.33,323,322
69.33,321,319
69.33,324,322
69.33,319,319
69.33,327,325
69.33,320,320
69.33,325,326
69.39,321,320
69.39,324,324
69.39,323,322
69.39,323,323
69.39,322,322
69.39,325,325
69.4,327,325
69.45,323,324
69.45,327,328
69.45,324,324
69.45,327,327
69.45,323,323
69.46,327,328
69.46,326,325
69.53,328,327
69.53,324,324
69.53,327,327
69.53,324,324
69.53,328,328
69.53,325,325
69.53,327,327
69.59,329,327
69.59,326,325
69.59,329,328
69.59,326,324
69.59,330,328
69.59,323,323
69.6,328,327
69.65,324,323
69.65,329,328
69.65,323,323
69.65,327,326
69.65,326,324
69.65,326,326
69.66,326,323
69.72,324,323
69.72,324,322
69.72,321,322
69.72,325,323
69.72,322,322
69.72,327,325
69.73,320,319
69.78,324,324
69.78,318,318
69.78,322,323
69.78,322,320
69.78,325,324
69.78,322,321
69.79,325,325
69.84,327,325
69.84,326,325
69.84,324,324
69.84,324,325
69.84,329,328
69.85,326,325
69.86,327,327
69.92,325,325
69.92,330,329
69.92,325,325
69.92,331,329
69.92,325,325
69.92,328,327
69.92,326,324
69.98,327,327
69.98,324,324
69.98,326,327
69.98,326,326
69.98,325,325
69.98,328,327
69.99,326,326
70.05,327,326
70.05,324,324
70.05,327,326
70.05,321,322
70.05,327,326
70.05,320,320
70.05,325,326
70.11,322,321
70.11,325,325
70.11,321,320
70.11,321,322
70.11,321,320
70.11,322,321
70.12,322,322
70.17,321,319
70.17,323,321
70.17,318,319
70.17,321,319
70.17,316,317
70.18,322,320
70.19,316,316
70.25,321,321
70.25,317,316
70.25,319,319
70.25,317,316
70.25,319,318
70.25,316,316
70.25,316,316
70.31,318,317
70.31,315,314
70.31,319,317
70.31,313,314
70.31,318,317
70.31,315,314
70.32,317,318
70.38,315,315
70.38,317,318
70.38,316,315
70.38,319,318
70.38,316,314
70.38,317,318
70.38,317,316
70.44,318,317
70.44,318,317
70.44,316,317
70.44,319,318
70.44,314,315
70.44,320,319
70.45,316,316
70.5,320,320
70.5,316,316
70.5,319,319
70.5,315,314
70.5,317,318
70.51,315,314
70.51,318,318
70.58,316,316
70.58,317,318
70.58,318,317
70.58,316,316
70.58,320,319
70.58,317,317
70.58,319,318
70.64,318,316
70.64,320,320
70.64,316,316
70.64,320,321
70.64,319,317
70.64,320,321
70.64,319,317
70.7,320,321
70.7,318,318
70.7,320,320
70.7,320,319
70.7,318,318
70.7,321,320
70.71,318,317
70.76,319,319
70.76,317,318
70.76,320,320
70.76,317,316
70.76,321,320
70.77,318,317
70.78,320,320
70.83,317,316
70.83,319,318
70.83,317,316
70.83,314,316
70.83,317,316
70.83,312,314
70.84,315,313
70.9,314,313
70.9,315,313
70.9,308,309
70.9,313,313
70.9,310,310
70.9,313,312
70.91,309,309
70.97,312,313
70.97,310,310
70.97,312,313
70.97,311,310
70.97,309,310
70.97,313,312
70.98,311,312
70.98,313,313
70.99,312,312
71.0,314,313
71.06,312,311
71.06,314,314
71.06,312,311
71.06,316,317
71.06,313,311
71.06,313,314
71.07,313,312
71.12,314,314
71.12,312,312
71.12,313,313
71.12,314,311
71.12,311,311
71.12,314,311
71.13,311,310
71.19,314,313
71.19,312,311
71.19,315,313
71.19,310,311
71.19,315,314
71.19,311,311
71.2,316,316
71.25,312,311
71.25,315,315
71.25,314,312
71.25,316,316
71.25,316,313
71.25,311,312
71.26,314,312
71.33,311,310
71.33,315,314
71.33,313,312
71.33,312,313
71.33,311,310
71.33,315,313
71.33,309,309
71.39,315,314
71.39,310,309
71.39,313,313
71.39,314,311
71.39,312,313
71.39,313,312
71.39,312,312
71.45,313,312
71.45,312,312
71.45,317,315
71.45,312,311
71.45,315,316
71.45,313,312
71.46,317,315
71.51,312,312
71.51,316,317
71.51,312,313
71.51,315,316
71.51,315,315
71.52,316,316
71.52,316,314
71.58,315,317
71.58,318,318
71.58,316,317
71.58,320,319
71.58,318,317
71.58,322,320
71.59,318,318
71.65,322,321
71.65,320,318
71.65,323,323
71.65,321,320
71.65,323,323
71.65,324,322
71.66,324,325
71.72,325,324
71.72,326,325
71.72,327,325
71.72,324,325
71.72,327,326
71.72,325,325
71.72,329,328
71.78,325,325
71.78,329,329
71.78,325,326
71.78,331,330
71.78,327,326
71.78,329,330
71.79,328,326
71.84,330,329
71.84,327,326
71.84,328,329
71.84,328,328
71.84,328,328
71.84,328,329
71.85,328,328
71.9,330,330
71.9,326,326
71.9,329,328
71.9,326,324
71.9,328,328
71.91,325,324
71.92,327,328
71.98,326,324
71.98,327,325
71.98,322,322
71.98,325,325
71.98,325,323
71.98,323,323
71.98,324,324
72.05,321,320
72.05,325,323
72.05,322,322
72.05,326,324
72.05,320,321
72.05,326,325
72.05,321,321
72.11,325,324
72.11,322,321
72.11,323,324
72.11,322,321
72.11,323,323
72.11,323,322
72.11,321,320
72.17,321,321
72.17,320,320
72.17,322,322
72.17,320,320
72.17,322,322
72.17,319,319
72.18,321,321
72.23,317,317
72.23,321,320
72.23,318,317
72.23,319,319
72.23,318,317
72.24,319,318
72.25,318,317
72.31,319,319
72.31,321,320
72.31,319,319
72.31,313,307
72.31,329,335
72.31,307,299
72.31,322,331
72.37,320,310
72.37,311,320
72.37,335,323
72.37,295,304
72.37,341,333
72.37,282,288
72.38,339,335
72.43,276,277
72.43,338,339
72.43,280,277
72.43,336,338
72.43,287,282
72.43,329,334
72.44,297,290
72.5,317,324
72.5,308,298
72.5,299,308
72.5,314,304
72.5,283,291
72.5,324,316
72.51,275,280
72.56,331,328
72.56,276,279
72.56,340,341
72.56,282,282
72.56,339,340
72.57,283,279
72.57,327,331
72.64,290,283
72.64,315,323
72.64,303,293
72.64,306,314
72.64,322,313
72.64,303,312
72.64,345,335
72.7,300,307
72.7,355,349
72.7,301,304
72.7,369,366
72.7,315,316
72.7,391,394
72.7,352,351
72.76,421,427
72.76,396,389
72.76,423,430
72.76,397,387
72.76,396,405
72.76,406,396
72.77,393,405
72.82,454,447
72.82,439,447
72.82,516,511
72.82,463,466
72.83,537,537
72.83,475,474
72.84,541,542
72.89,480,476
72.89,533,537
72.89,485,479
72.89,518,528
72.89,511,503
72.89,530,540
72.9,543,533
72.97,526,536
72.97,564,553
72.97,513,520
72.97,566,558
72.97,499,504
72.97,566,563
72.97,500,498
73.03,563,564
73.03,500,496
73.03,557,559
73.03,506,497
73.03,535,543
73.03,503,493
73.03,511,519
73.09,504,493
73.09,484,494
73.09,506,495
73.09,453,461
73.09,501,492
73.09,433,437
73.1,484,480
73.15,408,408
73.15,464,464
73.15,395,392
73.15,446,448
73.15,390,384
73.16,430,436
73.16,392,383
73.21,404,412
73.21,390,379
73.21,358,362
73.21,355,346
73.21,325,333
73.22,368,359
73.23,325,332
73.29,397,392
73.29,339,341
73.29,404,403
73.29,346,346
73.29,410,414
73.29,360,355
73.29,407,412
73.35,371,365
73.35,400,407
73.35,391,381
73.35,400,412
73.35,432,422
73.35,419,430
73.36,454,441
73.42,356,361
73.42,412,405
73.42,341,341
73.42,393,391
73.42,325,323
73.42,377,378
73.43,316,311
73.48,359,361
73.48,312,304
73.48,337,343
73.48,309,299
73.48,306,314
73.48,304,292
73.49,277,285
73.54,303,294
73.54,256,263
73.54,306,300
73.54,249,254
73.54,314,311
73.55,250,251
73.56,307,308
73.62,242,240
73.62,276,278
73.62,254,250
73.62,240,239
73.62,236,234
73.62,216,215
73.62,211,210
73.68,206,207
73.68,222,225
73.68,240,241
73.68,256,258
73.68,260,259
73.68,253,251
73.69,234,230
73.75,215,216
73.75,204,203
73.75,195,194
73.75,191,191
73.75,192,192
73.75,196,196
73.75,197,196
73.81,199,197
73.81,189,186
73.81,183,183
73.81,175,175
73.81,173,171
73.81,166,162
73.82,160,160
73.87,156,156
73.87,156,158
73.87,164,164
73.87,166,167
73.87,171,170
73.88,164,162
73.88,158,158
73.95,148,148
73.95,147,147
73.95,141,142
73.95,145,145
73.95,151,149
73.95,157,156
73.95,156,156
74.01,160,160
74.01,158,158
74.01,158,159
74.01,160,160
74.01,161,161
74.01,163,162
74.02,164,166
74.07,171,172
74.07,172,172
74.07,178,177
74.07,178,179
74.07,184,185
74.07,184,184
74.08,189,188
74.14,189,187
74.14,193,193
74.14,196,197
74.14,202,203
74.14,208,208
74.14,212,213
74.15,216,214
74.2,217,216
74.2,219,218
74.2,220,220
74.2,225,224
74.2,224,223
74.2,228,228
74.21,229,228
74.26,235,234
74.26,232,232
74.26,236,236
74.26,223,217
74.26,185,185
74.27,184,184
74.28,185,185
74.34,184,182
74.34,186,185
74.34,190,187
74.34,186,187
74.34,191,190
74.34,191,190
74.34,198,197
74.4,196,197
74.4,206,206
74.4,207,207
74.4,216,217
74.4,220,220
74.4,227,228
74.41,231,231
74.46,236,237
74.47,239,239
74.47,245,246
74.47,250,250
74.47,254,254
74.47,260,260
74.47,264,264
74.53,271,270
74.53,271,271
74.53,279,279
74.53,278,277
74.53,284,286
74.53,285,284
74.54,288,289
74.59,290,290
74.59,296,296
74.59,299,298
74.59,302,302
74.59,305,305
74.6,308,308
74.6,311,311
74.67,311,310
74.67,317,316
74.67,315,314
74.67,320,318
74.67,318,318
74.67,323,322
74.67,319,318
74.73,325,324
74.73,322,321
74.73,327,326
74.73,325,324
74.73,327,327
74.73,326,326
74.74,325,326
74.79,328,326
74.79,326,326
74.79,330,327
74.79,323,325
74.79,329,328
74.79,325,324
74.8,330,330
74.85,326,326
74.85,332,331
74.85,329,328
74.85,332,332
74.85,331,330
74.86,334,334
74.87,332,332
74.93,332,332
74.93,336,334
74.93,334,333
74.93,337,335
74.93,332,332
74.93,337,337
74.93,335,334
74.99,339,338
74.99,336,335
74.99,340,339
74.99,334,334
74.99,336,338
74.99,336,333
75.0,336,336
75.06,334,333
75.06,333,334
75.06,335,334
75.06,332,334
75.06,335,335
75.06,333,332
75.06,331,330
75.12,324,325
75.12,328,328
75.12,323,322
75.12,324,325
75.12,320,319
75.12,323,322
75.13,319,319
75.18,320,320
75.18,318,316
75.18,319,318
75.18,318,316
75.18,316,316
75.19,314,315
75.19,313,313
75.26,317,316
75.26,312,312
75.26,314,312
75.26,279,276
75.26,260,260
75.26,259,258
75.26,258,258
75.32,257,256
75.32,261,262
75.32,261,260
75.32,263,263
75.32,264,264
75.32,267,267
75.33,269,269
75.38,272,271
75.38,275,274
75.38,277,277
75.38,286,284
75.38,281,283
75.38,293,292
75.39,294,294
75.44,302,303
75.44,305,305
75.44,312,314
75.44,316,314
75.44,318,320
75.45,323,323
75.46,327,328
75.51,330,330
75.51,331,333
75.51,335,334
75.51,331,332
75.51,337,336
75.51,335,334
75.52,341,341
75.59,338,337
75.59,343,342
75.59,342,341
75.59,346,346
75.59,345,344
75.59,349,350
75.59,349,349
75.65,350,350
75.65,352,351
75.65,352,353
75.65,357,356
75.65,354,354
75.65,359,358
75.65,355,354
75.71,360,360
75.71,355,356
75.71,362,361
75.71,356,357
75.71,361,362
75.71,359,359
75.72,360,360
75.77,359,357
75.77,360,360
75.77,360,358
75.77,357,358
75.77,361,360
75.78,357,357
75.78,360,360
75.84,357,356
75.84,361,359
75.84,355,355
75.84,359,358
75.84,354,353
75.84,359,358
75.85,354,353
75.91,353,353
75.91,349,348
75.91,350,350
75.91,346,345
75.91,343,342
75.91,340,341
75.92,339,339
75.97,342,340
75.97,335,335
75.97,338,336
75.97,331,332
75.97,337,335
75.98,330,330
75.98,333,333
76.04,330,328
76.04,329,328
76.04,328,326
76.04,324,326
76.04,326,325
76.04,326,325
76.05,324,324
76.1,325,324
76.1,325,324
76.1,319,319
76.1,325,323
76.1,318,319
76.1,321,320
76.11,315,314
76.16,319,318
76.16,313,311
76.16,314,313
76.16,310,308
76.16,312,312
76.17,309,307
76.18,309,308
76.24,307,304
76.24,292,288
76.24,262,258
76.24,253,254
76.24,257,255
76.24,251,249
76.24,252,252
76.3,250,249
76.3,256,254
76.3,251,251
76.3,256,255
76.3,256,254
76.3,256,256
76.31,257,257
76.37,259,259
76.37,264,263
76.37,267,266
76.37,272,271
76.37,273,274
76.37,283,282
76.37,281,282
76.43,291,291
76.43,292,292
76.43,298,299
76.43,300,299
76.43,307,306
76.43,306,306
76.44,312,312
76.49,315,314
76.49,319,319
76.49,323,321
76.49,322,323
76.49,328,327
76.5,330,329
76.51,333,332
76.57,330,330
76.57,336,336
76.57,335,335
76.57,341,340
76.57,338,338
76.57,346,344
76.57,342,341
76.63,347,346
76.63,346,345
76.63,346,347
76.63,350,348
76.63,348,347
76.63,350,348
76.64,350,349
76.69,352,351
76.69,348,348
76.69,349,350
76.69,346,347
76.69,351,352
76.69,348,347
76.7,349,348
76.76,346,343
76.76,344,345
76.76,345,343
76.76,343,343
76.76,342,342
76.76,341,341
76.77,340,340
76.82,338,339
76.82,341,340
76.82,336,337
76.82,340,339
76.82,337,336
76.82,339,338
76.83,334,334
76.9,337,336
76.9,331,329
76.9,333,332
76.9,330,328
76.9,329,330
76.9,328,328
76.9,327,327
76.96,327,325
76.96,320,318
76.96,312,310
76.96,296,296
76.96,287,285
76.96,272,270
76.96,263,262
77.02,248,247
77.02,239,239
77.02,225,224
77.02,219,217
77.02,206,203
77.02,197,198
77.03,189,188
77.08,185,184
77.08,184,183
77.08,184,183
77.08,189,187
77.08,187,186
77.09,192,192
77.1,186,187
77.15,193,192
77.15,191,190
77.15,198,198
77.15,196,196
77.15,203,203
77.15,206,204
77.16,210,209
77.22,214,212
77.22,218,217
77.22,223,222
77.22,224,224
77.22,230,230
77.22,232,232
77.23,241,239
77.29,241,241
77.29,248,247
77.29,248,248
77.29,256,254
77.29,253,252
77.29,252,248
77.29,216,214
77.35,219,219
77.35,219,217
77.35,223,222
77.35,226,226
77.35,228,230
77.35,236,237
77.36,240,242
77.41,249,250
77.41,250,252
77.41,262,262
77.41,262,262
77.41,273,272
77.41,274,274
77.42,284,284
77.49,287,288
77.49,294,296
77.49,300,300
77.49,308,310
77.49,314,314
77.49,322,322
77.49,327,326
77.55,329,329
77.55,335,336
77.55,337,338
77.55,346,345
77.55,346,345
77.55,355,355
77.55,353,352
77.61,362,362
77.61,361,360
77.61,369,368
77.61,367,366
77.61,372,372
77.61,373,373
77.62,376,376
77.67,379,377
77.67,379,378
77.67,383,382
77.67,380,380
77.67,387,387
77.68,383,383
77.69,390,389
77.74,383,384
77.74,390,390
77.74,388,388
77.74,392,393
77.74,391,390
77.74,394,393
77.75,393,392
77.81,394,394
77.81,395,393
77.81,392,391
77.81,390,390
77.81,386,387
77.81,392,390
77.82,384,385
77.88,389,388
77.88,385,384
77.88,388,386
77.88,380,379
77.88,380,380
77.88,376,374
77.88,373,374
77.94,372,370
77.94,369,370
77.94,367,366
77.94,364,363
77.94,363,361
77.94,358,357
77.95,359,358
78.0,352,353
78.0,356,356
78.0,350,351
78.0,355,354
78.0,350,349
78.0,352,352
78.01,347,346
78.08,348,348
78.08,346,344
78.08,344,345
78.08,342,341
78.08,340,339
78.08,339,339
78.08,336,336
78.14,339,337
78.14,336,334
78.14,336,335
78.14,330,330
78.14,335,333
78.14,329,328
78.14,329,329
78.2,325,325
78.2,326,327
78.2,323,323
78.2,323,324
78.2,323,321
78.2,317,315
78.21,289,286
78.26,279,278
78.26,282,280
78.26,279,278
78.26,283,283
78.26,280,281
78.27,284,284
78.27,279,280
78.33,284,285
78.33,282,283
78.33,289,289
78.33,287,287
78.33,292,294
78.33,296,295
78.34,297,299
78.4,305,303
78.4,305,306
78.4,311,311
78.41,314,313
78.41,319,317
78.41,315,316
78.41,322,323
78.47,321,320
78.47,326,325
78.47,324,324
78.47,329,329
78.47,330,328
78.47,331,331
78.47,331,329
78.53,331,332
78.53,332,332
78.53,332,332
78.53,335,334
78.53,333,334
78.53,338,336
78.54,334,334
78.59,339,339
78.59,335,335
78.59,340,341
78.59,337,336
78.59,341,341
78.59,338,338
78.61,342,341
78.61,341,340
78.62,341,341
78.63,341,339
78.69,339,338
78.69,336,336
78.69,332,332
78.69,334,333
78.69,329,327
78.69,331,330
78.7,325,325
78.75,329,329
78.75,325,324
78.75,329,329
78.75,327,326
78.75,332,331
78.75,328,327
78.76,330,330
78.83,330,328
78.83,329,328
78.83,331,328
78.83,328,328
78.83,331,329
78.83,326,328
78.83,329,329
78.89,327,326
78.89,329,329
78.89,326,325
78.89,329,328
78.89,326,324
78.89,325,326
78.89,324,323
78.95,324,323
78.95,324,322
78.95,322,322
78.95,321,320
78.95,319,320
78.95,320,320
78.96,318,318
79.01,321,321
79.01,316,317
79.01,321,319
79.01,315,314
79.01,319,317
79.02,312,311
79.02,316,316
79.08,310,310
79.08,309,310
79.08,306,305
79.08,306,304
79.08,302,302
79.08,300,301
79.09,303,300
79.16,299,298
79.16,300,298
79.16,297,296
79.16,301,300
79.16,297,297
79.16,302,300
79.16,295,295
79.22,297,299
79.22,297,295
79.22,298,297
79.22,294,293
79.22,295,294
79.22,292,292
79.22,290,292
79.28,293,292
79.28,288,288
79.28,276,271
79.28,246,245
79.28,250,250
79.28,244,243
79.29,251,250
79.34,250,249
79.34,256,255
79.34,254,253
79.34,257,258
79.34,261,259
79.34,262,262
79.35,264,264
79.4,267,268
79.4,271,270
79.4,272,272
79.41,281,280
79.41,283,282
79.41,290,291
79.42,293,292
79.48,302,300
79.48,299,298
79.48,303,303
79.48,304,303
79.48,309,310
79.48,309,309
79.48,312,313
79.54,313,314
79.54,314,315
79.54,321,320
79.54,323,322
79.54,324,324
79.54,324,324
79.55,330,330
79.61,328,329
79.61,335,335
79.61,330,332
79.61,341,339
79.61,336,334
79.61,340,341
79.61,340,338
79.67,340,341
79.67,341,341
79.67,342,342
79.67,344,343
79.67,344,344
79.67,346,345
79.68,343,343
79.73,349,348
79.73,346,345
79.73,351,349
79.73,344,344
79.73,348,348
79.74,344,344
79.75,350,349
79.81,346,344
79.81,349,348
79.81,346,345
79.81,347,346
79.81,346,346
79.81,345,344
79.81,347,345
79.87,343,344
79.87,347,347
79.87,340,340
79.87,343,342
79.87,339,338
79.87,343,341
79.88,334,334
79.93,335,336
79.93,334,333
79.93,334,335
79.93,332,332
79.93,333,334
79.93,335,334
79.94,333,333
80.0,335,333
80.0,331,331
80.0,334,333
80.0,329,329
80.0,333,332
80.0,330,328
80.01,332,332
80.07,327,327
80.07,330,330
80.07,328,327
80.07,329,330
80.07,327,326
80.07,329,328
80.07,325,325
80.13,327,327
80.13,326,325
80.13,324,324
80.13,326,325
80.13,322,321
80.13,326,324
80.14,318,319
80.19,324,323
80.19,319,319
80.2,322,322
80.2,315,316
80.2,319,318
80.2,315,313
80.2,316,315
80.26,313,313
80.26,312,313
80.26,314,312
80.26,310,308
80.26,308,307
80.26,305,303
80.27,306,304
80.32,300,299
80.32,303,303
80.32,298,298
80.32,302,302
80.32,302,300
80.33,302,302
80.34,300,298
80.4,302,302
80.4,298,297
80.4,298,298
80.4,297,297
80.4,292,289
80.4,262,259
80.4,254,256
80.46,263,260
80.46,257,257
80.46,265,265
80.46,264,263
80.46,270,270
80.46,269,268
80.47,276,275
80.52,274,274
80.52,276,277
80.52,280,279
80.52,282,282
80.52,284,283
80.52,284,284
80.53,288,289
80.58,291,290
80.58,297,296
80.58,297,296
80.58,307,306
80.58,303,304
80.59,311,310
80.6,311,311
80.66,314,315
80.66,314,314
80.66,320,320
80.66,320,320
80.66,322,324
80.66,323,322
80.66,323,323
80.72,327,325
80.72,325,324
80.72,330,330
80.72,326,327
80.72,331,330
80.72,328,329
80.73,334,335
80.79,332,333
80.79,337,338
80.79,333,334
80.79,338,338
80.79,336,335
80.79,338,338
80.79,333,334
80.85,335,335
80.85,335,335
80.85,333,335
80.85,336,336
80.85,330,331
80.85,336,335
80.86,333,332
80.91,335,335
80.91,332,332
80.91,336,336
80.91,332,332
80.91,334,334
80.92,333,330
80.92,333,333
80.99,331,330
80.99,332,332
80.99,333,331
80.99,330,329
80.99,331,330
80.99,329,329
80.99,333,331
81.05,330,329
81.05,332,331
81.05,328,327
81.05,333,331
81.05,327,325
81.05,327,329
81.06,326,326
81.11,324,324
81.11,321,321
81.11,323,322
81.11,322,320
81.11,322,320
81.11,320,320
81.12,318,318
81.17,321,321
81.17,318,318
81.17,321,321
81.17,317,317
81.17,323,322
81.18,317,317
81.19,322,321
81.25,316,316
81.25,319,318
81.25,317,315
81.25,315,314
81.25,315,313
81.25,311,312
81.25,314,314
81.31,311,310
81.32,312,312
81.32,305,306
81.32,311,310
81.32,306,306
81.32,308,309
81.32,305,304
81.38,307,305
81.38,301,299
81.38,286,283
81.38,264,264
81.38,267,267
81.38,266,266
81.38,267,267
81.44,269,269
81.44,268,270
81.44,276,274
81.44,274,273
81.44,281,281
81.44,278,278
81.45,287,287
81.5,288,286
81.5,293,292
81.5,292,292
81.5,298,297
81.5,298,298
81.51,303,304
81.51,307,306
81.57,308,310
81.57,313,312
81.57,314,315
81.57,321,320
81.57,319,320
81.57,327,324
81.58,323,324
81.64,331,330
81.64,328,328
81.64,334,333
81.64,332,330
81.64,334,335
81.64,333,333
81.65,336,336
81.71,336,335
81.71,335,336
81.71,336,336
81.71,335,335
81.71,336,336
81.71,334,335
81.71,338,338
81.77,334,335
81.77,338,338
81.77,334,333
81.77,337,336
81.77,335,333
81.77,337,336
81.78,333,332
81.83,334,334
81.83,334,333
81.83,334,334
81.83,335,333
81.83,332,332
81.83,334,332
81.84,331,330
81.89,334,333
81.89,331,330
81.89,332,332
81.89,326,327
81.89,328,329
81.9,324,323
81.91,325,326
81.97,323,322
81.97,324,324
81.97,320,320
81.97,320,320
81.97,322,321
81.97,320,320
81.97,321,320
82.03,319,319
82.03,322,322
82.03,317,318
82.03,323,322
82.03,318,317
82.03,322,320
82.04,316,317
82.1,320,320
82.1,315,314
82.1,317,316
82.1,313,312
82.1,312,314
82.1,314,312
82.1,313,312
82.16,312,312
82.16,309,308
82.16,310,308
82.16,307,307
82.16,313,310
82.16,304,305
82.17,308,307
82.22,281,279
82.22,270,270
82.22,266,266
82.22,268,268
82.22,268,267
82.23,270,270
82.24,272,270
82.3,273,273
82.3,277,276
82.3,277,279
82.3,285,284
82.3,283,283
82.3,290,291
82.3,287,286
82.36,276,275
82.36,264,263
82.36,260,260
82.36,248,247
82.36,247,246
82.36,236,236
82.37,232,231
82.42,227,224
82.42,220,218
82.42,216,215
82.42,213,213
82.42,219,218
82.42,218,219
82.43,226,226
82.48,226,226
82.49,232,233
82.49,235,234
82.49,242,241
82.49,240,240
82.49,247,249
82.5,250,250
82.55,254,255
82.55,258,258
82.55,261,262
82.55,266,266
82.55,268,269
82.56,275,274
82.56,277,276
82.62,283,281
82.62,284,283
82.62,292,292
82.62,291,292
82.62,300,301
82.62,301,301
82.63,308,308
82.69,309,308
82.69,313,314
82.69,318,317
82.69,321,321
82.69,320,320
82.69,321,322
82.69,326,325
82.75,327,327
82.75,331,330
82.75,329,327
82.75,335,334
82.75,334,334
82.75,343,341
82.76,341,339
82.81,346,345
82.81,345,343
82.81,347,347
82.81,348,348
82.81,351,350
82.82,352,351
82.83,354,353
82.89,355,353
82.89,352,352
82.89,356,354
82.89,351,350
82.89,356,355
82.89,351,350
82.89,355,354
82.95,352,350
82.95,347,343
82.95,318,315
82.95,317,317
82.95,315,312
82.95,315,315
82.96,315,313
83.01,318,317
83.01,320,319
83.01,320,320
83.01,324,324
83.01,325,325
83.01,333,333
83.02,334,334
83.07,342,342
83.07,341,340
83.07,346,348
83.07,347,347
83.07,351,352
83.08,352,350
83.09,355,355
83.15,357,354
83.15,355,356
83.15,356,356
83.15,356,355
83.15,358,358
83.15,357,358
83.15,362,363
83.21,358,359
83.21,365,364
83.21,361,359
83.21,364,363
83.21,361,359
83.21,365,364
83.22,361,360
83.28,363,362
83.28,358,358
83.28,358,359
83.28,357,357
83.28,356,357
83.28,356,356
83.28,352,354
83.34,358,357
83.34,354,353
83.34,357,354
83.34,350,351
83.34,354,354
83.34,348,348
83.35,350,352
83.4,347,346
83.4,351,350
83.4,348,346
83.4,346,346
83.4,346,345
83.41,345,344
83.42,346,344
83.48,342,341
83.48,344,342
83.48,339,339
83.48,343,343
83.48,338,337
83.48,341,340
83.48,334,332
83.54,335,335
83.54,331,330
83.54,332,332
83.54,326,327
83.54,328,329
83.54,328,328
83.55,328,327
83.6,327,326
83.6,325,325
83.6,326,325
83.6,323,322
83.6,314,311
83.6,288,288
83.61,294,292
83.67,287,285
83.67,290,289
83.67,288,288
83.67,292,292
83.67,291,290
83.67,296,295
83.68,297,296
83.73,302,301
83.73,303,303
83.73,305,306
83.73,312,311
83.73,311,312
83.73,316,317
83.74,316,317
83.81,322,322
83.81,320,320
83.81,326,324
83.81,323,321
83.81,324,325
83.81,324,323
83.81,325,326
83.87,326,324
83.87,325,325
83.87,325,324
83.87,325,324
83.87,327,324
83.87,324,324
83.87,325,324
83.93,318,318
83.93,322,320
83.93,315,313
83.93,317,316
83.93,312,311
83.93,317,316
83.94,313,312
83.99,313,313
83.99,313,311
83.99,312,312
83.99,312,311
83.99,308,308
84.0,311,310
84.01,309,309
84.06,311,310
84.06,305,305
84.06,309,308
84.06,305,304
84.06,309,306
84.06,301,300
84.07,305,304
84.14,304,302
84.14,305,303
84.14,301,300
84.14,301,301
84.14,299,299
84.14,298,300
84.14,299,299
84.2,297,298
84.2,299,298
84.2,294,294
84.2,298,298
84.2,295,295
84.2,299,298
84.2,297,295
84.26,298,296
84.26,297,295
84.26,297,297
84.26,297,294
84.26,296,296
84.26,293,293
84.27,295,295
84.32,297,295
84.32,294,294
84.32,296,296
84.32,292,292
84.32,293,292
84.32,289,288
84.33,294,292
84.39,287,287
84.39,292,291
84.39,287,286
84.39,291,290
84.39,288,287
84.39,291,291
84.4,288,288
84.46,289,290
84.46,289,289
84.46,287,288
84.46,292,292
84.46,289,289
84.46,295,293
84.46,291,291
84.52,293,293
84.52,290,289
84.52,298,296
84.52,293,290
84.52,295,296
84.53,292,292
84.53,295,296
84.59,294,293
84.59,294,295
84.59,295,295
84.59,294,294
84.59,296,296
84.59,294,296
84.59,298,297
84.65,295,295
84.65,300,299
84.65,296,296
84.65,300,300
84.65,296,297
84.65,302,301
84.66,300,299
84.71,305,303
84.71,302,302
84.71,304,304
84.71,303,303
84.71,303,304
84.72,303,303
84.73,302,302
84.79,306,305
84.79,303,302
84.79,304,304
84.79,302,301
84.79,307,306
84.79,304,303
84.79,308,309
84.85,304,304
84.85,311,311
84.85,308,306
84.85,308,308
84.85,309,307
84.85,308,308
84.86,308,308
84.92,305,307
84.92,311,310
84.92,308,307
84.92,312,310
84.92,307,306
84.92,311,311
84.92,306,306
84.98,310,311
84.98,310,308
84.98,314,313
84.98,310,309
84.98,313,312
84.98,310,310
84.99,310,310
85.04,311,311
85.04,309,309
85.04,312,312
85.04,310,310
85.04,314,312
85.05,308,308
85.05,310,311
85.12,307,306
85.12,308,310
85.12,307,306
85.12,309,309
85.12,306,307
85.12,311,310
85.12,310,308
85.18,310,309
85.18,309,308
85.18,308,309
85.18,310,309
85.18,306,306
85.18,309,309
85.18,307,306
85.25,310,307
85.25,305,303
85.25,308,307
85.25,303,303
85.25,307,307
85.25,307,306
85.25,312,310
85.31,308,308
85.31,309,310
85.31,312,311
85.31,312,313
85.31,314,313
85.31,312,314
85.32,318,317
85.37,314,315
85.37,321,320
85.37,316,316
85.37,320,320
85.37,318,319
85.37,323,324
85.38,321,320
85.43,324,324
85.43,322,321
85.43,324,325
85.43,325,324
85.43,325,324
85.44,326,324
85.45,324,324
85.51,324,324
85.51,325,324
85.51,327,325
85.51,323,322
85.51,330,329
85.51,323,321
85.51,329,328
85.57,326,324
85.57,327,327
85.57,324,324
85.57,328,328
85.57,328,326
85.57,326,326
85.58,329,327
85.63,326,327
85.63,327,328
85.63,325,325
85.63,326,326
85.63,321,321
85.63,326,325
85.64,320,320
85.69,324,324
85.7,320,318
85.7,322,321
85.7,316,316
85.7,320,321
85.7,320,319
85.71,320,321
85.77,321,320
85.77,319,319
85.77,322,320
85.77,319,319
85.77,322,322
85.77,317,318
85.77,320,320
85.84,314,313
85.84,316,314
85.84,308,308
85.84,309,310
85.84,307,305
85.84,309,309
85.84,308,308
85.9,308,309
85.9,313,311
85.9,313,313
85.9,317,317
85.9,317,317
85.9,323,323
85.91,321,322
85.96,326,327
85.96,326,326
85.96,332,332
85.96,331,330
85.96,335,336
85.96,333,333
85.97,339,338
86.02,337,335
86.02,339,339
86.02,341,339
86.02,339,339
86.02,339,339
86.03,337,336
86.04,340,339
86.1,334,335
86.1,336,336
86.1,331,330
86.1,332,330
86.1,325,325
86.1,328,328
86.1,324,323
86.16,326,325
86.16,323,322
86.16,322,323
86.16,321,320
86.16,321,321
86.16,322,320
86.17,317,318
86.18,320,320
86.19,314,316
86.2,319,319
86.26,315,314
86.26,319,317
86.26,313,312
86.26,316,315
86.26,311,312
86.26,314,315
86.26,312,312
86.32,313,314
86.32,313,311
86.32,312,311
86.32,313,311
86.32,310,309
86.32,311,309
86.33,306,306
86.38,310,309
86.38,307,308
86.38,311,311
86.38,305,306
86.38,310,310
86.38,306,305
86.39,306,307
86.45,304,304
86.45,306,306
86.45,303,303
86.45,304,305
86.45,306,305
86.45,305,304
86.46,307,306
86.52,305,304
86.52,309,307
86.52,305,304
86.52,309,307
86.52,305,303
86.52,305,304
86.52,302,301
86.58,302,304
86.58,302,299
86.58,304,304
86.58,303,300
86.58,303,301
86.58,302,301
86.59,303,304
86.65,306,305
86.65,303,304
86.65,309,308
86.65,304,304
86.65,308,308
86.65,306,305
86.66,309,309
86.71,306,306
86.71,309,308
86.71,306,305
86.71,313,312
86.71,310,308
86.71,309,310
86.72,308,309
86.77,310,311
86.77,314,313
86.77,312,311
86.77,316,314
86.77,311,310
86.78,315,314
86.79,313,313
86.85,316,316
86.85,315,314
86.85,319,317
86.85,315,313
86.85,319,319
86.85,319,316
86.85,318,317
86.91,319,316
86.91,318,319
86.91,318,319
86.91,319,319
86.91,321,321
86.91,320,320
86.92,323,323
86.98,318,318
86.98,323,322
86.98,317,316
86.98,320,320
86.98,316,315
86.98,318,318
86.98,313,311
87.04,314,314
87.04,313,313
87.04,314,315
87.04,314,313
87.04,314,315
87.04,316,316
87.05,315,315
87.1,318,317
87.1,315,316
87.1,319,319
87.1,318,318
87.1,325,324
87.11,319,318
87.11,326,324
87.16,323,321
87.16,326,326
87.16,324,324
87.16,330,329
87.16,330,328
87.17,330,329
87.18,331,331
87.24,330,330
87.24,332,332
87.24,330,331
87.24,336,335
87.24,332,332
87.24,339,336
87.24,334,333
87.31,339,338
87.31,334,333
87.31,336,335
87.31,333,333
87.31,336,335
87.31,334,333
87.31,332,333
87.37,333,332
87.37,329,330
87.37,332,330
87.37,326,327
87.37,330,329
87.37,322,322
87.38,324,325
87.43,320,319
87.43,321,320
87.43,316,316
87.43,319,318
87.43,315,314
87.43,316,316
87.44,314,313
87.49,315,315
87.49,314,314
87.49,313,312
87.49,313,312
87.49,309,308
87.5,308,308
87.51,304,303
87.57,306,304
87.57,300,300
87.57,303,303
87.57,299,298
87.57,303,302
87.57,301,300
87.57,304,304
87.63,304,302
87.63,307,307
87.63,308,307
87.63,308,309
87.63,313,313
87.63,310,311
87.64,317,316
87.69,314,314
87.69,320,320
87.69,319,319
87.69,325,324
87.69,323,322
87.7,327,327
87.7,325,324
87.76,330,329
87.76,327,326
87.76,328,328
87.76,327,327
87.76,327,328
87.76,328,328
87.77,326,327
87.82,329,329
87.82,324,324
87.82,326,325
87.82,322,321
87.82,325,323
87.83,319,318
87.83,322,322
87.9,317,317
87.9,319,319
87.9,315,314
87.9,318,318
87.9,317,316
87.9,317,315
87.9,317,315
87.96,315,315
87.96,317,316
87.96,316,315
87.96,319,318
87.96,313,312
87.96,319,318
87.97,314,314
88.02,319,318
88.02,315,313
88.02,316,317
88.02,315,314
88.02,315,316
88.02,314,314
88.03,315,314
88.09,314,313
88.09,312,312
88.09,313,312
88.09,311,310
88.09,312,311
88.09,307,307
88.1,308,308
88.15,306,305
88.15,309,308
88.15,303,302
88.15,304,305
88.15,300,300
88.15,300,301
88.16,300,299
88.21,300,301
88.21,302,301
88.21,301,300
88.21,302,303
88.21,303,303
88.22,306,305
88.23,303,304
88.29,309,309
88.29,306,304
88.29,312,311
88.29,309,309
88.29,313,314
88.29,314,312
88.29,318,317
88.35,317,315
88.35,318,319
88.35,322,320
88.35,321,321
88.35,324,323
88.35,324,323
88.36,326,326
88.41,323,323
88.41,327,325
88.41,323,323
88.41,330,328
88.41,323,322
88.42,327,327
88.42,324,322
88.48,325,325
88.48,324,323
88.48,323,323
88.48,322,320
88.48,322,321
88.48,321,320
88.49,318,318
88.54,321,320
88.54,316,317
88.54,320,318
88.54,309,308
88.54,296,294
88.55,280,279
88.56,271,272
88.62,261,260
88.62,255,254
88.62,243,241
88.62,237,236
88.62,229,227
88.62,222,223
88.62,222,219
88.68,217,217
88.68,221,220
88.68,216,217
88.68,223,222
88.68,216,218
88.68,224,224
88.69,222,221
88.74,227,226
88.74,225,223
88.74,228,230
88.74,231,229
88.74,234,233
88.74,235,234
88.75,238,239
88.81,242,242
88.81,247,247
88.81,253,253
88.81,254,256
88.81,266,264
88.81,269,268
88.82,278,276
88.87,277,277
88.87,288,289
88.87,289,291
88.87,302,301
88.87,304,304
88.87,314,314
88.88,317,315
88.95,321,321
88.95,328,326
88.95,329,329
88.95,336,335
88.95,336,336
88.95,341,340
88.95,341,340
89.01,346,346
89.01,346,345
89.01,352,352
89.01,347,346
89.01,353,353
89.01,349,350
89.01,353,353
89.07,350,352
89.07,355,354
89.07,354,353
89.07,353,354
89.07,357,356
89.07,357,357
89.08,359,358
89.13,355,355
89.13,357,358
89.13,355,354
89.13,357,356
89.13,351,352
89.14,354,354
89.15,351,350
89.21,355,354
89.21,351,350
89.21,352,352
89.21,352,350
89.21,351,352
89.21,352,352
89.21,349,350
89.27,352,352
89.27,348,348
89.27,351,351
89.27,346,346
89.27,349,348
89.27,345,344
89.28,350,348
89.33,343,341
89.33,345,346
89.33,345,343
89.33,344,345
89.33,344,344
89.33,346,345
89.34,348,347
89.4,348,348
89.4,351,349
89.4,349,350
89.4,353,354
89.4,353,352
89.4,359,358
89.41,356,355
89.46,360,361
89.46,358,356
89.46,361,361
89.46,361,360
89.46,361,361
89.46,358,358
89.47,359,361
89.54,362,359
89.54,359,360
89.54,362,361
89.54,358,358
89.54,362,360
89.54,356,356
89.54,348,344
89.6,329,328
89.6,330,329
89.6,319,318
89.6,315,313
89.6,307,304
89.6,307,305
89.6,299,296
89.66,296,296
89.66,290,290
89.66,290,289
89.66,287,285
89.66,285,284
89.66,284,283
89.67,280,281
89.73,282,283
89.73,280,279
89.73,284,284
89.73,279,280
89.73,284,284
89.73,278,279
89.73,281,282
89.79,277,277
89.79,279,278
89.79,276,276
89.79,276,276
89.79,277,276
89.79,279,279
89.8,281,280
89.85,279,280
89.85,287,286
89.85,286,285
89.85,292,292
89.85,291,290
89.86,297,297
89.87,298,297
89.93,305,306
89.93,308,308
89.93,318,317
89.93,322,320
89.93,324,325
89.93,332,330
89.93,334,335
89.99,340,339
89.99,338,340
89.99,346,346
89.99,344,345
89.99,352,351
89.99,350,350
90.0,354,354
90.05,352,352
90.05,360,359
90.05,354,353
90.05,357,357
90.05,356,354
90.05,357,356
90.06,357,355
90.12,355,356
90.12,356,355
90.12,354,354
90.12,358,357
90.12,354,354
90.12,358,358
90.13,353,354
90.19,359,359
90.19,353,353
90.19,357,357
90.19,354,353
90.19,356,355
90.19,354,352
90.19,354,354
90.26,353,351
90.26,350,351
90.26,350,350
90.26,350,349
90.26,351,349
90.26,343,344
90.26,347,346
90.32,343,342
90.32,346,344
90.32,342,340
90.32,343,343
90.32,340,340
90.32,343,342
90.32,340,339
90.38,342,342
90.38,342,341
90.38,344,342
90.38,343,343
90.38,346,346
90.38,349,348
90.39,346,347
90.44,354,352
90.44,348,349
90.44,355,355
90.44,353,352
90.44,357,356
90.45,354,352
90.46,357,358
90.52,354,352
90.52,355,355
90.52,351,349
90.52,347,348
90.52,348,347
90.52,347,346
90.52,347,346
90.59,343,344
90.59,346,344
90.59,342,341
90.59,343,343
90.59,339,339
90.59,344,343
90.59,339,337
90.65,340,340
90.65,338,335
90.65,338,338
90.65,335,333
90.65,337,336
90.65,336,336
90.65,336,335
90.71,336,335
90.71,333,332
90.71,334,333
90.71,329,329
90.71,329,328
90.71,325,324
90.72,327,327
90.77,322,321
90.77,324,324
90.77,320,319
90.77,322,322
90.77,321,320
90.78,320,321
90.78,322,320
90.84,322,323
90.84,322,321
90.84,320,321
90.84,323,322
90.84,323,323
90.84,324,325
90.85,323,324
90.9,331,331
90.9,327,326
90.9,332,332
90.9,330,329
90.9,333,332
90.91,330,329
90.91,332,332
90.98,331,329
90.98,331,331
90.98,332,332
90.98,331,329
90.98,328,327
90.98,327,326
90.98,327,324
91.04,320,321
91.04,325,322
91.04,319,318
91.04,322,322
91.04,316,316
91.04,319,320
91.05,315,316
91.1,320,319
91.1,316,316
91.1,316,316
91.1,316,315
91.1,314,315
91.1,316,317
91.11,314,313
91.17,315,315
91.17,313,312
91.17,317,316
91.17,310,310
91.17,317,315
91.17,309,309
91.18,311,312
91.23,309,308
91.23,309,309
91.23,305,304
91.23,307,307
91.23,305,304
91.23,302,303
91.24,306,304
91.3,303,302
91.3,305,305
91.3,305,304
91.3,308,307
91.3,303,304
91.3,310,308
91.31,308,307
91.37,311,312
91.37,310,310
91.37,317,316
91.37,315,314
91.37,320,320
91.37,318,317
91.37,321,321
91.43,323,320
91.43,322,322
91.43,326,325
91.43,321,322
91.43,325,324
91.43,318,318
91.44,322,323
91.49,319,318
91.49,320,320
91.49,317,316
91.49,320,321
91.49,319,317
91.5,320,320
91.5,320,320
91.57,321,320
91.57,322,320
91.57,320,321
91.57,321,320
91.57,317,318
91.57,322,321
91.57,319,318
91.63,321,320
91.63,316,316
91.63,320,319
91.63,317,316
91.63,318,319
91.63,316,315
91.64,316,317
91.69,312,311
91.69,311,311
91.69,310,311
91.69,310,311
91.69,311,309
91.69,307,306
91.7,309,307
91.76,302,303
91.76,309,308
91.76,304,305
91.76,309,309
91.76,306,306
91.76,311,311
91.77,310,308
91.82,314,313
91.82,312,310
91.82,315,315
91.82,316,314
91.82,317,317
91.82,321,319
91.83,319,319
91.88,325,323
91.88,322,323
91.88,326,325
91.88,326,325
91.88,328,329
91.89,326,326
91.9,329,328
91.96,325,324
91.96,327,327
91.96,321,321
91.96,326,325
91.96,324,321
91.96,324,323
91.96,324,323
92.02,321,321
92.02,325,323
92.02,321,321
92.02,322,322
92.02,319,319
92.02,321,320
92.03,318,318
92.08,321,320
92.08,317,318
92.08,321,320
92.08,316,316
92.08,321,319
92.09,317,316
92.09,317,316
92.15,315,315
92.15,313,312
92.15,312,311
92.15,310,309
92.15,311,309
92.15,306,306
92.16,308,308
92.21,306,304
92.21,309,309
92.21,307,305
92.21,308,309
92.21,304,304
92.22,310,310
92.23,312,309
92.29,312,311
92.29,310,309
92.29,312,312
92.29,315,314
92.29,315,315
92.29,321,321
92.29,319,318
92.35,324,324
92.35,322,323
92.35,327,326
92.35,325,324
92.35,326,327
92.35,325,325
92.36,327,328
92.41,324,323
92.41,325,324
92.41,322,321
92.41,321,320
92.41,320,320
92.41,319,319
92.42,321,319
92.48,316,316
92.48,320,319
92.48,317,316
92.48,320,320
92.48,315,315
92.48,319,320
92.49,317,315
92.54,318,318
92.54,314,313
92.54,317,317
92.54,315,314
92.54,313,313
92.54,315,314
92.55,311,311
92.61,312,311
92.61,309,309
92.61,311,309
92.61,306,305
92.61,308,308
92.61,304,303
92.62,306,307
92.68,304,303
92.68,305,306
92.68,303,303
92.68,307,306
92.68,308,306
92.68,308,308
92.68,309,308
92.74,310,309
92.74,311,309
92.74,312,313
92.74,316,316
92.74,313,311
92.74,318,318
92.75,317,316
92.8,320,320
92.8,318,318
92.8,323,322
92.8,319,318
92.8,319,320
92.81,322,320
92.82,320,320
92.88,317,317
92.88,317,317
92.88,319,317
92.88,317,317
92.88,319,317
92.88,312,313
92.88,318,316
92.94,310,310
92.94,318,316
92.94,313,312
92.94,315,316
92.94,315,313
92.94,315,316
92.95,313,312
93.0,313,313
93.0,313,311
93.0,314,314
93.0,313,312
93.0,310,310
93.0,312,311
93.01,306,307
93.07,310,310
93.07,305,304
93.07,310,309
93.07,306,306
93.07,309,308
93.07,303,303
93.08,307,306
93.14,305,303
93.14,308,307
93.14,306,306
93.14,306,307
93.14,309,309
93.14,308,309
93.14,314,313
93.21,312,313
93.21,318,317
93.21,316,316
93.21,321,320
93.21,317,318
93.21,322,322
93.21,321,320
93.27,324,325
93.27,325,322
93.27,327,326
93.27,325,325
93.27,323,324
93.27,324,323
93.27,324,323
93.33,324,323
93.33,322,322
93.33,323,321
93.33,322,321
93.33,324,324
93.33,319,318
93.34,325,325
93.39,320,319
93.39,323,324
93.39,322,321
93.39,322,323
93.39,323,321
93.4,322,322
93.4,322,320
93.46,320,320
93.46,320,320
93.46,318,317
93.46,318,317
93.46,315,313
93.46,315,315
93.47,310,310
93.53,314,313
93.53,307,304
93.53,308,309
93.53,304,303
93.53,308,308
93.53,304,303
93.54,303,305
93.6,304,303
93.6,303,305
93.6,305,304
93.6,304,305
93.6,309,308
93.6,307,308
93.6,310,310
93.66,309,309
93.66,315,314
93.66,312,311
93.66,316,317
93.66,315,315
93.66,320,320
93.67,319,318
93.72,323,323
93.72,320,318
93.72,320,320
93.72,320,319
93.72,319,318
93.72,320,320
93.74,316,316
93.74,320,319
93.75,315,315
93.76,320,320
93.81,318,318
93.81,322,322
93.81,320,319
93.82,322,322
93.82,319,318
93.82,323,321
93.83,321,320
93.88,320,320
93.88,320,319
93.88,319,318
93.88,320,320
93.88,316,318
93.88,321,320
93.89,315,316
93.96,319,318
93.96,311,312
93.96,316,316
93.96,313,312
93.96,313,312
93.96,308,306
93.96,309,310
94.02,305,306
94.02,307,306
94.02,307,305
94.02,305,305
94.02,306,305
94.02,304,304
94.02,309,308
94.08,305,306
94.08,312,312
94.08,308,309
94.08,313,311
94.08,309,310
94.08,317,316
94.09,314,312
94.14,317,318
94.14,314,314
94.14,315,316
94.14,317,316
94.14,319,319
94.15,320,319
94.15,318,318
94.22,321,321
94.22,320,319
94.22,323,322
94.22,319,319
94.22,325,325
94.22,323,321
94.22,324,324
94.28,321,320
94.28,324,325
94.28,325,323
94.28,324,324
94.28,324,322
94.28,324,324
94.29,322,322
94.35,323,323
94.35,324,322
94.35,319,319
94.35,323,321
94.35,318,317
94.35,319,320
94.35,315,314
94.41,319,318
94.41,313,313
94.41,315,314
94.41,312,310
94.41,312,312
94.41,309,308
94.42,309,309
94.47,311,309
94.47,310,310
94.47,312,311
94.47,310,309
94.47,314,313
94.47,310,311
94.48,317,316
94.53,313,313
94.53,318,318
94.53,318,317
94.53,324,323
94.53,321,320
94.54,324,323
94.55,322,321
94.61,326,325
94.61,325,324
94.61,323,324
94.61,327,325
94.61,323,323
94.61,327,327
94.61,325,324
94.67,328,327
94.67,323,323
94.67,326,327
94.67,324,323
94.67,327,327
94.67,325,325
94.68,329,329
94.73,328,326
94.73,325,326
94.73,325,324
94.73,325,326
94.73,325,324
94.74,323,323
94.74,325,324
94.8,323,323
94.8,324,324
94.8,319,320
94.8,324,323
94.8,317,316
94.8,320,320
94.81,319,317
94.86,320,320
94.86,314,313
94.86,314,315
94.86,313,312
94.86,314,315
94.87,316,314
94.88,313,314
94.94,316,316
94.94,315,314
94.94,318,317
94.94,315,314
94.94,319,319
94.94,317,316
94.94,318,319
95.0,314,312
95.0,318,319
95.0,316,315
95.0,319,320
95.0,319,318
95.0,320,320
95.01,320,321
95.06,320,321
95.06,324,323
95.06,322,322
95.06,324,325
95.06,323,323
95.06,328,326
95.07,325,324
95.13,328,328
95.13,325,323
95.13,326,327
95.13,325,323
95.13,326,326
95.13,326,325
95.14,325,326
95.2,328,326
95.2,328,327
95.2,326,326
95.2,325,325
95.2,328,328
95.2,322,322
95.2,326,325
95.26,321,320
95.26,325,323
95.27,320,320
95.27,323,322
95.27,318,318
95.27,317,318
95.27,316,315
95.33,314,314
95.33,313,312
95.33,313,312
95.33,312,312
95.33,312,312
95.33,314,314
95.33,314,313
95.39,316,316
95.39,315,315
95.39,318,318
95.39,313,312
95.39,317,318
95.39,317,315
95.4,319,318
95.45,318,318
95.45,320,320
95.45,319,318
95.45,321,321
95.45,323,321
95.46,321,322
95.47,326,325
95.53,323,322
95.53,328,327
95.53,325,325
95.53,330,329
95.53,325,324
95.53,328,328
95.53,326,325
95.59,328,328
95.59,325,324
95.59,327,328
95.59,325,323
95.59,324,324
95.59,323,323
95.6,322,322
95.65,323,321
95.65,319,319
95.65,320,320
95.65,318,316
95.65,320,318
95.65,313,311
95.66,316,316
95.72,310,309
95.72,313,313
95.72,307,306
95.72,308,308
95.72,303,304
95.72,306,305
95.73,299,296
95.78,278,277
95.78,270,267
95.78,255,255
95.78,251,248
95.78,238,237
95.78,236,234
95.79,220,220
95.86,219,218
95.86,206,207
95.86,207,207
95.86,202,200
95.86,203,203
95.86,203,201
95.86,209,210
95.92,215,212
95.92,216,217
95.92,224,224
95.92,224,226
95.92,233,233
95.92,234,234
95.92,243,242
95.98,243,241
95.98,250,251
95.98,250,250
95.98,260,260
95.98,261,260
95.98,268,268
95.99,271,269
96.05,275,276
96.05,277,277
96.05,283,284
96.05,290,288
96.05,287,289
96.05,292,292
96.06,295,294
96.11,301,300
96.11,298,299
96.11,305,306
96.11,305,304
96.11,311,311
96.11,309,309
96.12,315,316
96.17,317,315
96.17,320,320
96.17,318,318
96.17,321,320
96.17,322,321
96.18,322,323
96.19,326,324
96.25,323,324
96.25,329,327
96.25,325,325
96.25,331,329
96.25,328,328
96.25,336,335
96.25,334,333
96.31,341,340
96.31,338,339
96.31,345,346
96.31,347,346
96.31,352,352
96.31,356,356
96.32,357,358
96.37,363,362
96.37,360,361
96.37,370,369
96.37,365,365
96.37,370,370
96.37,368,368
96.38,372,372
96.44,371,370
96.44,375,376
96.44,373,372
96.44,374,376
96.44,375,373
96.44,374,375
96.45,375,373
96.5,373,372
96.5,374,373
96.5,370,370
96.5,373,372
96.5,370,369
96.51,370,370
96.51,367,366
96.58,372,371
96.58,366,365
96.58,368,368
96.58,362,361
96.58,361,362
96.58,360,358
96.58,360,359
96.64,358,356
96.64,354,354
96.64,355,354
96.64,351,351
96.64,348,347
96.64,342,342
96.64,345,344
96.7,336,336
96.7,339,338
96.7,335,332
96.7,338,338
96.7,334,333
96.7,336,335
96.71,335,334
96.76,336,337
96.76,338,337
96.76,336,338
96.76,339,337
96.76,339,340
96.77,342,340
96.78,342,341
96.84,346,344
96.84,344,345
96.84,351,348
96.84,343,343
96.84,351,349
96.84,345,345
96.84,352,351
96.9,346,345
96.9,350,349
96.9,346,346
96.9,349,348
96.9,348,348
96.9,349,348
96.91,348,348
96.97,345,345
96.97,349,346
96.97,343,342
96.97,345,344
96.97,341,340
96.97,343,343
96.97,337,336
97.03,341,340
97.03,334,333
97.03,336,337
97.03,335,332
97.03,329,330
97.03,331,329
97.04,329,329
97.09,326,324
97.09,320,320
97.09,321,321
97.09,319,318
97.09,320,319
97.1,313,313
97.1,315,315
97.16,312,311
97.16,314,314
97.16,310,308
97.16,312,312
97.16,309,308
97.16,311,311
97.17,310,309
97.22,310,311
97.22,312,311
97.22,309,310
97.22,315,314
97.22,312,312
97.23,318,316
97.23,313,312
97.3,317,318
97.3,316,316
97.3,323,322
97.3,318,318
97.3,324,324
97.3,320,320
97.3,323,323
97.36,322,322
97.36,324,324
97.36,326,324
97.36,325,324
97.36,326,326
97.36,323,322
97.37,325,325
97.42,322,322
97.42,326,326
97.42,321,320
97.42,324,325
97.42,320,320
97.42,324,323
97.43,318,318
97.49,322,323
97.49,319,318
97.49,317,318
97.49,316,315
97.49,311,311
97.49,311,310
97.5,308,308
97.55,309,307
97.55,306,306
97.55,308,308
97.55,303,302
97.55,309,308
97.55,304,305
97.56,307,308
97.63,304,302
97.63,305,305
97.63,301,301
97.63,304,303
97.63,302,302
97.63,302,303
97.63,303,303
97.69,304,302
97.69,307,306
97.69,304,304
97.69,310,309
97.69,307,308
97.69,312,312
97.69,310,308
97.75,312,313
97.75,311,311
97.75,318,317
97.75,317,316
97.75,318,320
97.75,321,320
97.76,318,320
97.81,320,321
97.81,321,320
97.81,325,323
97.81,320,321
97.81,326,325
97.82,321,321
97.82,326,324
97.88,320,320
97.88,324,324
97.88,321,321
97.88,324,325
97.88,321,320
97.88,321,322
97.89,319,318
97.95,318,319
97.95,321,321
97.95,318,318
97.95,323,321
97.95,318,319
97.95,323,322
97.96,320,319
98.02,320,321
98.02,317,318
98.02,320,321
98.02,319,317
98.02,320,319
98.02,315,315
98.02,318,318
98.08,315,314
98.08,315,314
98.08,315,313
98.08,312,314
98.08,315,314
98.08,310,311
98.09,315,314
98.14,314,312
98.14,317,316
98.14,314,313
98.14,319,319
98.14,315,314
98.14,319,319
98.15,316,316
98.2,319,318
98.2,318,316
98.2,321,320
98.2,320,321
98.2,325,324
98.21,328,327
98.22,326,326
98.28,328,328
98.28,324,324
98.28,328,328
98.28,326,327
98.28,331,330
98.28,324,323
98.28,327,326
98.34,322,321
98.34,324,324
98.34,319,319
98.34,319,320
98.34,318,316
98.34,316,317
98.35,317,317
98.4,317,316
98.4,320,319
98.4,316,316
98.4,321,319
98.4,313,314
98.41,319,319
98.41,313,313
98.47,315,314
98.47,311,310
98.47,311,312
98.47,309,307
98.47,308,308
98.47,307,305
98.48,306,306
98.53,306,303
98.53,303,303
98.53,304,304
98.53,301,301
98.53,304,303
98.54,300,300
98.55,303,303
98.61,300,298
98.61,303,303
98.61,299,298
98.61,303,304
98.61,304,302
98.61,304,303
98.61,304,302
98.67,304,305
98.67,307,306
98.67,309,308
98.67,309,308
98.67,309,308
98.67,311,309
98.68,304,305
98.73,307,307
98.73,304,303
98.73,307,306
98.73,302,302
98.73,305,304
98.73,300,300
98.74,304,304
98.8,306,303
98.8,302,304
98.8,304,302
98.8,304,303
98.8,302,302
98.8,301,301
98.81,303,303
98.86,298,299
98.86,303,301
98.86,299,297
98.86,301,302
98.86,298,296
98.86,297,297
98.87,295,293
98.94,294,295
98.94,292,292
98.94,292,293
98.94,293,292
98.94,292,292
98.94,294,292
98.94,289,288
99.0,289,289
99.0,287,286
99.0,288,288
99.0,285,285
99.0,290,290
99.0,286,286
99.0,291,291
99.06,289,289
99.06,295,293
99.06,293,292
99.06,296,295
99.06,295,295
99.06,299,298
99.07,301,299
99.12,297,298
99.12,303,303
99.12,301,301
99.12,307,306
99.12,304,304
99.13,306,306
99.14,305,305
99.19,313,312
99.19,309,308
99.19,314,314
99.19,313,312
99.19,314,315
99.19,315,313
99.2,315,314
99.26,315,314
99.26,314,316
99.26,318,315
99.26,314,312
99.26,314,314
99.26,314,313
99.27,318,316
99.33,310,310
99.33,313,313
99.33,309,309
99.33,316,316
99.33,309,309
99.33,311,312
99.33,310,309
99.39,310,308
99.39,309,307
99.39,309,307
99.39,308,307
99.39,305,306
99.39,310,309
99.4,304,306
99.45,310,308
99.45,304,305
99.45,310,310
99.45,307,305
99.45,311,312
99.45,311,309
99.46,311,312
99.52,311,310
99.52,313,313
99.52,313,313
99.52,315,315
99.52,318,316
99.52,315,316
99.53,321,319
99.59,318,318
99.59,323,323
99.59,322,323
99.59,328,327
99.59,322,322
99.59,328,328
99.59,325,324
99.65,326,327
99.65,326,326
99.65,329,329
99.65,328,327
99.65,324,326
99.65,327,326
99.66,325,326
99.72,330,328
99.72,323,324
99.72,328,327
99.72,322,324
99.72,328,326
99.72,323,322
99.72,326,325
99.78,318,319
99.78,323,321
99.78,318,318
99.78,320,319
99.78,317,317
99.78,319,319
99.79,318,318
99.84,314,315
99.84,317,315
99.84,313,312
99.84,315,314
99.84,312,311
99.85,315,314
99.86,307,306
99.92,310,310
99.92,305,305
99.92,312,312
99.92,310,308
99.92,312,312
99.92,312,310
99.92,313,313
99.98,315,314
99.98,315,316
99.98,318,318
99.98,319,320
99.98,327,325
99.98,323,322
99.99,327,328
100.04,326,324
100.04,331,330
100.04,327,326
100.04,329,331
100.04,327,328
100.04,332,333
100.05,331,330
100.11,333,333
100.11,332,331
100.11,328,329
100.11,331,330
100.11,330,330
100.11,333,331
100.12,329,328
100.17,332,332
100.17,327,329
100.17,333,333
100.17,328,329
100.17,332,332
100.18,329,327
100.18,329,329
100.25,326,326
100.25,327,326
100.25,326,324
100.25,322,322
100.25,324,322
100.25,320,320
100.25,319,318
100.31,315,314
100.31,317,315
100.31,309,309
100.31,314,312
100.31,306,306
100.31,309,310
100.31,307,306
100.37,311,310
100.37,308,307
100.37,308,309
100.37,308,307
100.37,310,310
100.37,312,312
100.38,312,312
100.43,312,312
100.43,313,314
100.43,317,316
100.43,316,315
100.43,321,321
100.44,319,318
100.45,323,323
100.51,320,318
100.51,322,322
100.51,321,320
100.51,323,322
100.51,320,320
100.51,323,322
100.51,321,322
100.57,323,322
100.57,324,323
100.57,322,322
100.57,325,324
100.57,319,320
100.57,325,324
100.58,319,318
100.64,322,323
100.64,317,317
100.64,320,321
100.64,321,319
100.64,321,321
100.64,320,318
100.64,316,317
100.7,316,315
100.7,313,312
100.7,315,314
100.7,309,309
100.7,311,311
100.7,309,308
100.71,310,310
100.76,308,307
100.76,310,310
100.76,307,306
100.76,310,310
100.76,307,306
100.77,312,311
100.77,308,308
100.84,310,311
100.84,312,311
100.84,311,312
100.84,316,315
100.84,314,315
100.84,318,318
100.84,316,316
100.9,322,322
100.9,319,319
100.9,324,323
100.9,322,320
100.9,327,327
100.9,325,324
100.9,330,330
100.96,331,330
100.96,332,333
100.96,331,330
100.96,331,331
100.96,335,333
100.96,330,330
100.97,332,333
101.02,329,330
101.02,334,333
101.02,331,330
101.02,336,335
101.02,331,330
101.03,332,332
101.04,327,326
101.09,326,327
101.09,323,322
101.09,322,323
101.09,321,320
101.09,319,319
101.09,319,318
101.1,316,317
101.16,318,318
101.16,316,315
101.16,318,317
101.16,312,312
101.16,318,316
101.16,312,311
101.17,316,316
101.23,310,311
101.23,315,314
101.23,310,310
101.23,310,311
101.23,307,307
101.23,312,312
101.23,310,310
101.29,310,311
101.29,313,312
101.29,310,310
101.29,312,313
101.29,310,310
101.29,316,316
101.3,314,313
101.31,317,318
101.32,318,317
101.33,320,321
101.38,320,319
101.38,323,322
101.38,322,321
101.38,324,323
101.38,324,323
101.38,324,324
101.39,327,327
101.45,328,328
101.45,327,326
101.45,322,322
101.45,326,324
101.45,321,320
101.45,323,323
101.46,320,318
101.51,321,320
101.51,318,318
101.51,321,321
101.51,320,319
101.51,321,322
101.51,321,321
101.52,321,322
101.59,320,321
101.59,319,319
101.59,320,320
101.59,318,319
101.59,320,319
101.59,314,314
101.59,319,319
101.65,313,314
101.65,320,319
101.65,314,314
101.65,318,318
101.65,314,314
101.65,316,316
101.65,314,314
101.71,312,313
101.71,314,313
101.71,312,313
101.71,314,314
101.71,313,312
101.71,317,316
101.72,315,313
101.77,318,317
101.77,316,315
101.77,321,320
101.77,319,318
101.77,320,321
101.78,318,318
101.79,322,323
101.84,320,319
101.84,320,321
101.84,322,322
101.84,320,320
101.84,323,322
101.84,320,321
101.85,324,325
101.91,321,322
101.91,328,327
101.91,326,325
101.91,330,329
101.91,327,327
101.91,331,332
101.92,328,328
101.98,330,330
101.98,331,328
101.98,328,329
101.98,329,329
101.98,328,330
101.98,330,330
101.98,328,327
102.04,328,328
102.04,325,325
102.04,328,327
102.04,324,323
102.04,328,326
102.04,320,320
102.05,323,322
102.1,319,318
102.1,320,320
102.1,316,316
102.1,317,316
102.1,314,313
102.1,315,314
102.11,313,312
102.18,308,309
102.18,312,311
102.18,309,309
102.18,313,313
102.18,305,306
102.18,312,310
102.18,304,303
102.24,307,306
102.24,303,302
102.24,303,305
102.24,304,302
102.24,302,304
102.24,303,302
102.24,304,303
102.3,302,302
102.3,304,305
102.3,308,306
102.3,305,307
102.3,312,311
102.3,308,307
102.31,313,312
102.36,308,309
102.36,315,314
102.36,312,312
102.36,316,317
102.36,315,314
102.37,317,318
102.37,319,318
102.43,318,318
102.43,319,318
102.43,317,317
102.43,320,318
102.43,317,317
102.43,320,319
102.44,315,315
102.5,320,319
102.5,316,316
102.5,319,318
102.5,314,314
102.5,317,318
102.5,315,314
102.51,317,317
102.57,315,313
102.57,312,313
102.57,315,313
102.57,310,312
102.57,314,312
102.57,306,306
102.57,309,307
102.63,302,303
102.63,308,306
102.63,299,299
102.63,305,303
102.63,299,298
102.63,302,302
102.64,302,300
102.69,304,304
102.69,302,302
102.69,305,306
102.69,308,306
102.69,309,308
102.69,312,310
102.7,310,310
102.75,316,314
102.75,312,311
102.75,316,316
102.75,316,316
102.75,323,322
102.76,320,319
102.77,326,325
102.83,324,323
102.83,327,328
102.83,329,327
102.83,329,329
102.83,331,328
102.83,331,330
102.83,331,330
102.89,328,329
102.89,333,332
102.89,329,328
102.89,333,332
102.89,328,326
102.89,333,332
102.9,328,326
102.96,332,330
102.96,327,327
102.96,331,331
102.96,328,327
102.96,328,327
102.96,323,322
102.96,320,320
103.02,320,319
103.02,317,318
103.02,320,318
103.02,315,315
103.02,318,317
103.02,311,312
103.03,316,315
103.08,310,310
103.08,316,315
103.08,310,310
103.08,314,313
103.08,310,308
103.09,311,312
103.1,311,309
103.16,310,309
103.16,310,309
103.16,308,309
103.16,311,311
103.16,308,308
103.16,312,311
103.16,311,311
103.22,314,313
103.22,308,309
103.22,318,316
103.22,313,312
103.22,318,318
103.22,318,316
103.23,319,320
103.28,322,321
103.28,324,323
103.28,324,323
103.28,326,325
103.28,328,328
103.28,327,328
103.29,330,329
103.34,328,327
103.34,331,330
103.34,325,326
103.34,327,328
103.34,323,324
103.35,327,327
103.36,322,322
103.42,327,325
103.42,323,323
103.42,326,324
103.42,323,321
103.42,321,320
103.42,323,322
103.42,323,322
103.48,323,322
103.48,319,318
103.48,323,320
103.48,318,317
103.48,321,320
103.48,315,313
103.49,317,317
103.55,313,313
103.55,314,315
103.55,313,311
103.55,312,311
103.55,301,297
103.55,283,280
103.55,273,271
103.61,263,262
103.61,257,253
103.61,242,242
103.61,238,237
103.61,227,226
103.61,226,224
103.62,214,215
103.67,215,214
103.67,207,207
103.67,209,209
103.67,208,209
103.67,218,217
103.68,221,220
103.69,226,226
103.75,232,233
103.75,235,235
103.75,239,237
103.75,239,239
103.75,245,245
103.75,244,244
103.75,252,254
103.81,252,252
103.81,259,260
103.81,261,261
103.81,269,271
103.81,271,271
103.81,276,278
103.82,280,279
103.88,282,284
103.88,288,287
103.88,289,289
103.88,294,294
103.88,295,296
103.88,300,300
103.88,298,300
103.94,307,306
103.94,305,304
103.94,310,311
103.94,311,310
103.94,318,317
103.94,318,316
103.95,320,320
104.0,321,319
104.0,323,323
104.0,322,322
104.0,324,325
104.0,329,328
104.0,326,326
104.01,331,330
104.08,329,329
104.08,334,333
104.08,332,332
104.08,338,337
104.08,336,336
104.08,343,343
104.08,341,341
104.14,347,346
104.14,344,344
104.14,345,346
104.14,350,348
104.14,348,349
104.14,352,351
104.14,352,351
104.2,355,354
104.2,355,355
104.2,360,360
104.2,357,358
104.2,364,364
104.2,360,361
104.21,365,366
104.26,361,361
104.26,365,365
104.26,363,362
104.26,363,363
104.26,366,365
104.27,366,365
104.28,365,364
104.33,363,362
104.33,364,363
104.33,361,359
104.33,365,362
104.33,357,357
104.33,362,361
104.34,357,357
104.4,361,360
104.4,357,356
104.4,358,359
104.4,354,354
104.4,356,356
104.4,353,352
104.41,352,353
104.46,352,352
104.47,350,349
104.47,351,349
104.47,347,346
104.47,350,349
104.47,342,342
104.47,343,343
104.53,338,338
104.53,341,341
104.53,338,336
104.53,341,340
104.53,340,337
104.53,338,338
104.54,338,337
104.59,340,341
104.59,341,340
104.59,342,342
104.59,346,343
104.59,341,342
104.59,346,345
104.6,343,342
104.67,349,349
104.67,344,344
104.67,348,348
104.67,343,343
104.67,346,347
104.67,345,344
104.67,348,347
104.73,347,346
104.73,348,347
104.73,347,346
104.73,346,347
104.73,348,347
104.73,344,344
104.73,347,346
104.79,343,343
104.79,347,345
104.79,341,340
104.79,343,343
104.79,338,337
104.79,341,340
104.8,335,335
104.85,337,338
104.85,335,335
104.85,335,334
104.85,334,332
104.85,328,329
104.86,328,328
104.87,325,326
104.92,325,325
104.92,321,320
104.92,324,322
104.92,316,315
104.92,318,319
104.92,316,316
104.93,318,319
105.0,316,315
105.0,317,318
105.0,318,316
105.0,319,320
105.0,320,319
105.0,321,321
105.0,324,323
105.06,322,322
105.06,327,326
105.06,326,325
105.06,330,328
105.06,324,326
105.06,331,331
105.06,327,328
105.12,333,333
105.12,331,330
105.12,333,332
105.12,331,330
105.12,333,332
105.12,329,330
105.13,330,331
105.18,331,330
105.18,329,330
105.18,334,333
105.18,332,330
105.18,335,332
105.18,327,328
105.19,331,332
105.24,328,327
105.24,330,329
105.24,326,326
105.24,326,326
105.24,323,322
105.25,323,324
105.26,322,321
105.32,320,321
105.32,320,319
105.32,318,317
105.32,318,316
105.32,314,314
105.32,315,315
105.32,312,312
105.38,314,314
105.38,311,310
105.38,315,314
105.39,312,310
105.39,314,314
105.39,313,310
105.39,315,314
105.45,312,312
105.45,314,314
105.45,316,314
105.45,316,316
105.45,319,317
105.45,317,317
105.45,320,320
105.51,317,317
105.51,322,322
105.51,319,319
105.51,326,325
105.51,322,320
105.51,326,324
105.52,323,322
105.57,324,324
105.57,323,322
105.57,324,324
105.57,321,321
105.57,320,321
105.58,322,322
105.59,318,319
105.65,318,318
105.65,314,313
105.65,316,315
105.65,312,311
105.65,315,313
105.65,305,306
105.65,310,310
105.71,306,305
105.71,306,307
105.71,307,306
105.71,308,308
105.71,306,306
105.71,307,306
105.72,305,304
105.78,302,303
105.78,304,304
105.78,302,301
105.78,304,302
105.78,298,298
105.78,300,299
105.78,298,296
105.84,301,301
105.84,296,296
105.84,300,300
105.84,298,298
105.84,299,299
105.84,301,299
105.85,302,301
105.9,301,300
105.9,302,301
105.9,307,305
105.9,305,305
105.9,309,308
105.91,306,305
105.91,311,311
105.98,310,310
105.98,316,315
105.98,313,312
105.98,320,319
105.98,318,318
105.98,318,318
105.98,318,316
106.04,316,316
106.04,318,316
106.04,316,315
106.04,317,315
106.04,314,313
106.04,317,316
106.04,313,313
106.1,318,316
106.1,313,313
106.1,318,317
106.1,315,314
106.1,317,317
106.1,315,314
106.11,319,317
106.16,315,314
106.16,317,316
106.16,314,313
106.16,312,312
106.16,312,312
106.17,309,310
106.18,313,312
106.23,309,309
106.23,310,310
106.23,307,306
106.23,309,308
106.23,304,302
106.23,307,307
106.24,304,302
106.3,305,306
106.3,304,303
106.3,305,306
106.3,306,304
106.3,306,307
106.3,310,310
106.31,309,310
106.37,312,312
106.37,310,309
106.37,315,313
106.37,308,308
106.37,315,315
106.37,313,312
106.37,316,316
106.43,315,312
106.43,318,318
106.43,316,314
106.43,318,318
106.43,322,321
106.43,323,323
106.44,325,324
106.49,323,323
106.49,326,326
106.49,324,324
106.49,327,326
106.49,324,323
106.5,327,326
106.5,321,321
106.56,327,325
106.56,322,321
106.56,322,324
106.56,323,322
106.56,323,322
106.56,321,321
106.57,322,322
106.62,322,320
106.62,319,319
106.62,319,318
106.62,315,316
106.62,320,318
106.63,313,314
106.63,316,316
106.7,312,312
106.7,316,316
106.7,312,310
106.7,314,313
106.7,309,308
106.7,309,310
106.7,307,307
106.76,308,307
106.76,306,306
106.76,304,305
106.76,307,307
106.76,306,306
106.76,311,309
106.77,306,306
106.82,311,311
106.82,309,309
106.82,316,316
106.82,315,315
106.82,321,321
106.82,322,321
106.83,325,326
106.88,325,325
106.88,326,328
106.88,330,328
106.88,329,330
106.88,332,332
106.89,332,332
106.9,338,336
106.96,333,333
106.96,340,338
106.96,337,335
106.96,341,340
106.96,337,336
106.96,342,341
106.96,338,337
107.02,340,341
107.02,337,336
107.02,338,338
107.02,339,337
107.02,337,336
107.02,334,334
107.03,332,333
107.09,336,335
107.09,330,330
107.09,334,332
107.09,330,328
107.09,329,329
107.09,322,321
107.09,325,325
107.15,318,318
107.15,318,319
107.15,315,314
107.15,315,314
107.15,313,311
107.15,309,310
107.16,310,309
107.21,309,308
107.21,312,311
107.21,308,308
107.21,313,313
107.21,309,310
107.22,315,314
107.22,313,313
107.27,316,317
107.27,316,315
107.27,322,322
107.27,320,318
107.27,323,323
107.28,322,321
107.29,324,324
107.35,327,326
107.35,326,327
107.35,330,329
107.35,326,328
107.35,333,332
107.35,329,328
107.36,332,333
107.41,328,328
107.41,334,333
107.41,328,328
107.41,333,333
107.41,328,328
107.41,328,330
107.42,329,330
107.48,329,330
107.48,330,328
107.48,326,325
107.48,325,324
107.48,321,321
107.48,325,323
107.49,318,317
107.54,321,320
107.54,315,314
107.54,319,318
107.54,313,313
107.54,317,316
107.54,313,311
107.55,315,315
107.6,315,312
107.6,312,312
107.6,310,309
107.6,306,307
107.6,308,308
107.61,302,303
107.62,305,306
107.68,300,301
107.68,304,304
107.68,301,300
107.68,305,304
107.68,303,302
107.68,307,306
107.68,305,303
107.74,309,308
107.74,308,306
107.74,310,311
107.74,314,312
107.74,316,316
107.74,319,317
107.75,316,316
107.81,321,320
107.81,318,319
107.81,324,323
107.81,323,322
107.81,327,327
107.81,323,324
107.81,327,325
107.87,322,321
107.87,324,323
107.87,323,322
107.87,322,322
107.87,321,320
107.87,321,321
107.88,323,321
107.94,321,320
107.94,323,323
107.94,323,322
107.94,326,325
107.94,322,321
107.94,325,325
107.95,320,319
108.01,323,323
108.01,321,319
108.01,323,321
108.01,320,318
108.01,319,319
108.01,318,316
108.01,316,316
108.07,318,317
108.07,315,315
108.07,318,318
108.07,311,312
108.07,316,315
108.07,310,311
108.08,315,315
108.13,309,310
108.13,314,314
108.13,312,310
108.13,314,314
108.13,313,310
108.13,313,313
108.14,314,313
108.19,313,314
108.19,317,317
108.19,316,315
108.19,315,316
108.19,313,313
108.2,319,317
108.21,314,315
108.27,318,319
108.27,318,316
108.27,323,323
108.27,321,322
108.27,327,328
108.27,325,325
108.27,329,330
108.33,328,327
108.33,330,330
108.33,330,330
108.33,328,330
108.33,332,332
108.33,330,329
108.34,332,332
108.39,330,330
108.39,333,333
108.39,329,327
108.39,332,331
108.39,326,326
108.4,330,330
108.4,326,327
108.46,329,328
108.46,326,324
108.46,324,324
108.46,323,322
108.46,322,323
108.46,324,322
108.47,320,319
108.53,321,319
108.53,315,316
108.53,319,318
108.53,315,313
108.53,317,315
108.53,311,309
108.53,311,309
108.6,305,305
108.6,307,307
108.6,304,303
108.6,307,306
108.6,305,303
108.6,303,305
108.6,304,304
108.66,307,307
108.66,310,308
108.66,306,307
108.66,314,312
108.66,309,308
108.66,315,314
108.67,312,311
108.72,316,317
108.72,315,313
108.72,317,317
108.72,317,317
108.72,317,318
108.72,319,318
108.73,320,320
108.78,322,320
108.78,319,320
108.78,322,320
108.78,319,319
108.78,321,320
108.79,317,317
108.8,320,320
108.86,318,316
108.86,320,319
108.86,316,315
108.86,317,318
108.86,314,312
108.86,315,316
108.86,313,312
108.92,312,313
108.92,313,312
108.92,307,308
108.92,306,306
108.92,302,303
108.92,305,304
108.93,299,299
108.94,303,303
108.95,299,297
108.96,302,302
109.02,299,299
109.02,306,306
109.02,304,302
109.02,306,307
109.02,307,305
109.02,310,309
109.02,312,310
109.08,312,311
109.08,315,314
109.08,317,316
109.08,320,319
109.08,318,319
109.08,324,322
109.09,320,321
109.14,328,328
109.14,324,323
109.14,328,329
109.14,327,326
109.14,329,329
109.15,328,327
109.15,329,330
109.22,329,328
109.22,329,328
109.22,330,330
109.22,328,328
109.22,331,329
109.22,325,325
109.22,326,326
109.28,322,322
109.28,327,326
109.28,321,319
109.28,319,320
109.28,316,315
109.28,316,317
109.28,314,312
109.34,313,313
109.34,312,310
109.34,312,312
109.34,311,309
109.34,308,309
109.34,310,310
109.35,309,309
109.41,313,311
109.41,307,307
109.41,313,311
109.41,308,307
109.41,310,310
109.41,305,305
109.42,311,310
109.47,308,307
109.47,308,309
109.47,310,309
109.47,309,308
109.47,309,307
109.47,308,308
109.48,312,311
109.54,309,309
109.54,312,313
109.54,309,309
109.54,314,313
109.54,310,309
109.54,315,314
109.55,313,313
109.61,317,317
109.61,314,314
109.61,319,319
109.61,318,318
109.61,320,321
109.61,320,320
109.61,317,316
109.67,320,318
109.67,318,318
109.67,320,319
109.67,314,315
109.67,321,321
109.67,316,315
109.68,321,320
109.73,318,317
109.73,321,322
109.73,318,318
109.73,324,323
109.73,322,320
109.74,323,322
109.74,323,322
109.79,323,322
109.79,324,322
109.79,320,320
109.79,322,322
109.79,319,319
109.8,322,322
109.81,318,318
109.87,321,321
109.87,318,316
109.87,321,320
109.87,316,315
109.87,319,319
109.87,316,314
109.87,318,317
109.93,318,316
109.93,317,317
109.93,318,318
109.93,317,318
109.93,321,321
109.93,317,318
109.94,322,321
110.0,320,320
110.0,324,325
110.0,322,320
110.0,324,323
110.0,321,321
110.0,324,325
110.01,323,323
110.06,324,324
110.06,325,323
110.06,323,324
110.06,325,324
110.06,325,324
110.06,326,324
110.07,322,324
110.12,326,325
110.12,323,322
110.12,326,326
110.12,322,321
110.12,326,325
110.13,322,320
110.14,323,323
110.2,320,320
110.2,322,321
110.2,321,320
110.2,318,318
110.2,319,318
110.2,317,316
110.2,319,317
110.26,314,315
110.26,318,316
110.26,310,310
110.26,314,314
110.26,308,308
110.26,309,309
110.27,306,304
110.32,309,308
110.32,304,303
110.32,304,304
110.32,304,302
110.32,304,303
110.32,304,302
110.33,303,303
110.39,306,304
110.39,303,303
110.39,308,307
110.39,305,304
110.39,309,308
110.39,307,305
110.4,311,312
110.45,310,309
110.45,315,315
110.45,315,314
110.45,320,321
110.45,320,320
110.46,324,324
110.46,327,325
110.53,327,327
110.53,330,329
110.53,326,327
110.53,332,330
110.53,327,326
110.53,331,330
110.53,328,327
110.59,333,332
110.59,328,327
110.59,332,332
110.59,328,328
110.59,330,331
110.59,331,329
110.6,330,330
110.65,330,327
110.65,327,327
110.65,327,327
110.65,327,326
110.65,327,325
110.65,323,322
110.66,325,324
110.71,319,319
110.71,320,320
110.71,317,316
110.71,320,319
110.71,315,314
110.72,317,316
110.73,311,308
110.79,309,310
110.79,309,309
110.79,306,307
110.79,307,306
110.79,306,306
110.79,307,307
110.79,304,305
110.85,309,310
110.85,306,305
110.85,310,310
110.85,309,307
110.85,312,313
110.85,311,311
110.86,316,315
110.92,315,313
110.92,316,317
110.92,315,314
110.92,318,318
110.92,320,319
110.92,317,318
110.92,321,321
110.98,320,320
110.98,323,322
110.98,318,318
110.98,325,324
110.98,319,318
110.98,324,323
110.99,321,320
111.04,322,322
111.04,321,320
111.04,321,322
111.04,321,321
111.04,322,322
111.05,322,322
111.05,322,321
111.12,323,321
111.12,321,320
111.12,320,319
111.12,314,313
111.12,316,316
111.12,311,312
111.12,314,314
111.18,311,309
111.18,308,309
111.18,308,307
111.18,306,308
111.18,309,307
111.18,307,306
111.18,308,306
111.24,306,306
111.24,308,307
111.24,305,306
111.24,310,309
111.24,305,306
111.24,310,311
111.25,308,308
111.31,315,313
111.31,311,311
111.31,318,317
111.31,314,314
111.31,319,320
111.31,319,318
111.32,321,322
111.37,322,321
111.37,321,322
111.37,326,324
111.37,324,323
111.37,329,327
111.37,323,323
111.38,327,327
111.43,323,324
111.43,330,328
111.43,324,322
111.43,325,326
111.43,322,322
111.44,325,325
111.45,322,321
111.51,321,320
111.51,320,318
111.51,318,318
111.51,316,316
111.51,314,313
111.51,317,316
111.51,311,310
111.57,315,314
111.57,310,310
111.57,313,315
111.57,310,309
111.57,313,312
111.57,311,309
111.58,311,311
111.63,308,307
111.63,310,310
111.63,306,306
111.63,307,308
111.63,306,306
111.64,308,307
111.64,310,308
111.69,304,305
111.69,309,309
111.69,305,305
111.69,309,309
111.7,307,305
111.7,312,312
111.71,308,307
111.77,313,312
111.77,312,311
111.77,315,314
111.77,316,315
111.77,316,316
111.77,317,316
111.77,319,319
111.84,322,322
111.84,315,314
111.84,302,300
111.84,286,283
111.84,278,276
111.84,262,262
111.84,259,258
111.9,247,246
111.9,243,242
111.9,235,233
111.9,230,229
111.9,225,224
111.9,221,221
111.91,223,221
111.96,222,223
111.96,226,226
111.96,229,227
111.96,236,235
111.96,231,232
111.96,239,240
111.97,238,238
112.02,247,246
112.02,247,246
112.02,252,254
112.02,255,255
112.02,260,261
112.03,262,262
112.04,266,267
112.1,270,270
112.1,271,272
112.1,277,277
112.1,279,280
112.1,284,285
112.1,284,285
112.1,292,292
112.16,291,291
112.16,293,291
112.16,272,270
112.16,273,274
112.16,269,269
112.16,268,268
112.17,262,262
112.22,263,264
112.22,263,261
112.22,261,261
112.22,263,261
112.22,260,260
112.23,266,264
112.23,263,263
112.29,271,269
112.29,267,267
112.29,274,274
112.29,270,271
112.29,278,277
112.29,277,276
112.3,282,281
112.35,281,280
112.35,285,286
112.35,287,286
112.35,291,291
112.35,295,294
112.36,298,297
112.36,302,302
112.43,302,304
112.43,314,312
112.43,313,312
112.43,321,320
112.43,321,320
112.43,329,329
112.43,330,330
112.49,338,338
112.49,340,341
112.49,346,347
112.49,354,352
112.49,356,356
112.49,363,363
112.5,369,368
112.55,372,373
112.55,374,374
112.55,378,378
112.55,375,376
112.55,382,382
112.55,379,378
112.56,383,384
112.61,382,382
112.61,388,388
112.61,388,386
112.61,392,393
112.61,393,392
112.62,395,396
112.63,397,397
112.69,398,399
112.69,403,401
112.69,400,401
112.69,407,406
112.69,402,402
112.69,410,408
112.69,405,405
112.75,410,410
112.75,407,407
112.75,411,410
112.75,408,406
112.75,409,409
112.75,407,406
112.76,407,406
112.81,406,405
112.81,404,404
112.81,408,406
112.81,403,403
112.81,406,405
112.81,400,400
112.82,405,403
112.88,398,397
112.88,399,400
112.88,395,394
112.88,396,396
112.88,392,390
112.88,388,388
112.89,384,383
112.94,381,382
112.94,380,378
112.94,374,375
112.94,375,373
112.94,371,370
112.95,372,370
112.95,366,365
113.02,370,369
113.02,361,360
113.02,364,365
113.02,359,359
113.02,362,362
113.02,358,357
113.02,359,360
113.08,356,356
113.08,359,358
113.08,359,356
113.08,357,357
113.08,359,356
113.08,355,355
113.09,359,356
113.14,357,356
113.14,363,361
113.14,356,356
113.14,361,361
113.14,357,357
113.14,359,361
113.15,358,358
113.2,360,360
113.2,357,356
113.2,358,359
113.2,356,356
113.2,356,356
113.21,355,353
113.22,352,352
113.28,352,352
113.28,347,345
113.28,347,345
113.28,340,340
113.28,342,342
113.28,338,337
113.28,341,339
113.34,335,333
113.34,335,335
113.34,333,332
113.34,333,333
113.34,330,330
113.34,328,329
113.35,328,327
113.41,324,324
113.41,324,324
113.41,321,321
113.41,323,322
113.41,318,317
113.41,322,320
113.41,313,313
113.47,317,317
113.47,314,312
113.47,315,314
113.47,311,312
113.47,314,314
113.47,312,312
113.48,311,312
113.53,314,312
113.53,313,312
113.53,316,314
113.53,315,315
113.53,319,318
113.54,315,315
113.54,322,321
113.61,320,318
113.61,320,321
113.61,320,319
113.61,323,321
113.61,318,316
113.61,321,320
113.61,318,317
113.67,317,319
113.67,321,319
113.67,318,318
113.67,320,318
113.67,319,319
113.67,323,322
113.68,321,320
113.73,324,323
113.73,321,320
113.73,323,323
113.73,320,319
113.73,323,323
113.73,319,318
113.74,323,321
113.79,319,316
113.79,317,318
113.79,317,315
113.79,316,316
113.79,316,315
113.8,312,314
113.81,314,314
113.86,312,312
113.86,315,314
113.86,309,310
113.86,315,314
113.86,310,309
113.86,315,314
113.87,310,308
113.94,312,313
113.94,312,310
113.94,311,310
113.94,310,310
113.94,310,311
113.94,310,308
113.94,306,307
114.0,309,308
114.0,305,305
114.0,310,309
114.0,304,303
114.0,308,307
114.0,305,305
114.0,312,312
114.06,309,308
114.06,312,313
114.06,315,313
114.06,316,316
114.06,316,316
114.06,317,318
114.07,318,318
114.12,316,317
114.12,321,320
114.12,316,317
114.12,320,320
114.12,317,318
114.13,321,321
114.13,319,318
114.19,323,321
114.19,318,317
114.19,322,321
114.19,320,318
114.19,320,320
114.19,318,318
114.2,318,319
114.26,319,318
114.26,318,317
114.26,318,317
114.26,313,314
114.26,317,316
114.26,313,312
114.27,315,314
114.33,308,308
114.33,310,309
114.33,304,303
114.33,305,306
114.33,301,301
114.33,303,303
114.33,300,300
114.39,300,301
114.39,301,300
114.39,301,300
114.39,304,301
114.39,301,300
114.39,304,303
114.4,301,300
114.45,306,305
114.45,303,303
114.45,309,310
114.45,305,305
114.45,310,311
114.45,309,309
114.46,314,315
114.51,314,315
114.51,318,319
114.51,318,317
114.51,320,319
114.51,322,322
114.52,321,320
114.53,326,323
114.59,322,322
114.59,324,323
114.59,320,321
114.59,324,324
114.59,321,320
114.59,324,324
114.59,323,321
114.65,325,324
114.65,321,319
114.65,321,321
114.65,321,319
114.65,318,318
114.65,318,317
114.66,316,316
114.71,317,316
114.71,312,313
114.71,316,315
114.72,311,310
114.72,317,315
114.72,311,310
114.72,315,314
114.78,310,309
114.78,313,313
114.78,310,310
114.78,311,310
114.78,309,308
114.78,309,308
114.79,309,308
114.84,307,306
114.84,310,309
114.84,307,307
114.84,313,312
114.84,310,310
114.85,315,314
114.85,311,311
114.92,316,315
114.92,313,312
114.92,318,318
114.92,315,314
114.92,317,318
114.92,318,318
114.92,319,320
114.98,325,323
114.98,322,322
114.98,325,324
114.98,326,325
114.98,328,326
114.98,322,321
114.99,326,325
115.04,320,319
115.04,326,323
115.04,320,320
115.04,323,323
115.04,319,318
115.04,321,322
115.05,322,322
115.11,320,320
115.11,322,320
115.11,320,321
115.11,324,322
115.11,319,320
115.11,322,321
115.12,319,318
115.17,321,320
115.17,315,315
115.17,321,320
115.17,316,316
115.17,317,318
115.17,314,313
115.18,315,315
115.25,311,310
115.25,311,311
115.25,310,310
115.25,309,309
115.25,312,310
115.25,311,310
115.25,312,309
115.31,307,307
115.31,310,312
115.31,308,307
115.31,314,314
115.31,312,311
115.31,317,317
115.31,314,312
115.37,315,315
115.37,316,315
115.37,313,314
115.37,319,318
115.37,316,316
115.37,318,316
115.38,316,317
115.43,323,323
115.43,320,320
115.43,324,324
115.43,323,323
115.43,328,326
115.44,325,322
115.44,327,327
115.5,322,322
115.5,327,327
115.5,323,323
115.5,324,324
115.5,325,325
115.5,324,325
115.51,323,322
115.57,322,322
115.57,324,324
115.57,318,318
115.57,323,322
115.57,319,318
115.57,322,321
115.58,318,316
115.63,320,320
115.63,315,314
115.63,317,317
115.63,315,314
115.63,316,315
115.63,315,313
115.64,313,312
115.7,312,311
115.7,308,308
115.7,306,306
115.7,304,304
115.7,304,304
115.7,302,302
115.71,304,304
115.76,300,300
115.76,306,305
115.76,302,302
115.76,307,308
115.76,308,308
115.76,313,314
115.77,312,312
115.84,312,313
115.84,315,315
115.84,318,317
115.84,320,319
115.84,317,317
115.84,323,322
115.84,323,322
115.9,328,327
115.9,324,324
115.9,327,328
115.9,327,325
115.9,330,329
115.9,327,325
115.9,329,328
115.96,328,328
115.96,329,327
115.96,330,328
115.96,328,327
115.96,328,328
115.96,326,325
115.97,327,327
116.02,326,325
116.02,328,328
116.02,324,322
116.02,324,324
116.02,318,318
116.03,320,321
116.03,316,316
116.09,316,316
116.09,314,312
116.09,314,314
116.09,313,312
116.09,312,313
116.09,314,314
116.1,312,312
116.15,314,314
116.15,311,311
116.15,314,313
116.15,308,308
116.15,312,312
116.16,308,309
116.17,312,312
116.23,308,307
116.23,312,311
116.23,309,308
116.23,311,312
116.23,313,313
116.23,314,314
116.23,317,316
116.29,314,314
116.29,318,318
116.29,317,316
116.29,322,320
116.29,320,319
116.29,325,324
116.3,323,321
116.35,325,325
116.35,322,322
116.35,327,328
116.35,324,323
116.35,324,325
116.35,325,323
116.36,326,325
116.42,326,324
116.42,321,322
116.42,322,322
116.42,318,319
116.42,320,319
116.42,315,315
116.43,320,319
116.48,315,314
116.48,319,318
116.48,314,314
116.48,314,315
116.48,310,310
116.48,312,312
116.5,311,310
116.51,311,310
116.51,308,307
116.52,305,306
116.57,309,308
116.57,306,305
116.57,310,308
116.57,306,304
116.57,308,307
116.58,304,302
116.59,306,305
116.65,303,302
116.65,303,304
116.65,301,300
116.65,302,302
116.65,302,302
116.65,304,304
116.65,303,303
116.71,305,304
116.71,304,305
116.71,302,302
116.71,307,306
116.71,302,302
116.71,307,306
116.72,304,303
116.78,308,309
116.78,309,308
116.78,312,313
116.78,313,312
116.78,317,317
116.78,319,318
116.78,320,320
116.84,320,319
116.84,321,323
116.84,325,324
116.84,325,325
116.84,329,327
116.84,325,324
116.85,325,325
116.9,321,322
116.9,327,327
116.9,323,322
116.9,325,324
116.9,324,322
116.91,326,326
116.92,323,322
116.98,324,324
116.98,324,322
116.98,322,321
116.98,322,320
116.98,319,319
116.98,322,321
116.98,317,316
117.04,319,319
117.04,314,314
117.04,317,315
117.04,309,307
117.04,311,310
117.04,306,305
117.05,305,306
117.1,306,304
117.1,303,305
117.1,305,303
117.1,304,303
117.1,306,306
117.1,302,303
117.11,306,305
117.17,303,303
117.17,309,307
117.17,302,303
117.17,308,308
117.17,304,304
117.17,310,309
117.18,308,306
117.23,311,310
117.23,311,310
117.23,315,315
117.23,316,315
117.23,318,318
117.23,321,320
117.24,319,319
117.31,323,322
117.31,320,320
117.31,327,326
117.31,321,322
117.31,326,326
117.31,323,323
117.31,327,328
117.37,325,324
117.37,328,327
117.37,324,324
117.37,325,325
117.37,323,321
117.37,324,323
117.37,322,321
117.43,321,320
117.43,321,320
117.43,318,318
117.43,322,320
117.43,317,316
117.43,322,320
117.44,317,316
117.49,321,320
117.49,316,316
117.49,316,318
117.49,316,314
117.49,317,316
117.5,315,313
117.5,313,313
117.56,314,312
117.56,310,311
117.56,314,311
117.56,311,310
117.56,312,311
117.56,308,309
117.57,311,312
117.64,309,309
117.64,315,315
117.64,310,310
117.64,316,317
117.64,314,313
117.64,317,317
117.64,319,318
117.7,320,319
117.7,321,320
117.7,321,321
117.7,324,323
117.7,322,322
117.7,324,322
117.7,321,320
117.76,325,324
117.76,318,317
117.76,322,322
117.76,317,318
117.76,320,321
117.76,318,318
117.77,322,322
117.82,320,318
117.82,320,320
117.82,321,319
117.82,317,317
117.82,319,318
117.82,318,317
117.83,320,318
117.89,315,314
117.89,319,318
117.89,315,315
117.89,319,318
117.89,313,313
117.89,315,316
117.9,312,311
117.95,317,316
117.95,314,312
117.95,311,312
117.95,312,310
117.95,310,311
117.96,314,311
117.96,310,310
118.03,313,311
118.03,308,308
118.03,310,310
118.03,307,308
118.03,313,312
118.03,309,308
118.03,313,312
118.09,309,307
118.09,310,310
118.09,309,308
118.09,313,313
118.09,314,314
118.09,312,314
118.09,315,314
118.15,314,316
118.15,318,317
118.15,316,318
118.15,320,321
118.15,319,318
118.15,325,323
118.16,322,320
118.21,326,324
118.21,321,320
118.21,322,324
118.21,320,320
118.21,322,323
118.22,324,323
118.23,322,324
118.29,324,324
118.29,324,323
118.29,326,324
118.29,323,323
118.29,328,326
118.29,325,324
118.29,327,326
118.35,323,322
118.35,324,324
118.35,321,320
118.35,322,323
118.35,317,317
118.35,319,319
118.36,316,316
118.41,314,315
118.41,315,313
118.41,311,311
118.41,312,310
118.41,308,307
118.41,310,309
118.42,307,306
118.48,308,308
118.48,304,306
118.48,311,311
118.48,309,308
118.48,314,313
118.48,310,309
118.49,313,313
118.54,314,312
118.54,315,315
118.54,316,316
118.54,318,317
118.54,320,319
118.55,319,318
118.55,324,322
118.62,320,320
118.62,326,325
118.62,322,323
118.62,328,328
118.62,325,325
118.62,330,330
118.62,325,326
118.68,329,329
118.68,329,328
118.68,329,328
118.68,328,327
118.68,326,326
118.68,327,326
118.68,323,322
118.74,325,323
118.74,319,320
118.74,323,322
118.74,318,317
118.74,320,320
118.74,316,315
118.75,319,319
118.8,314,314
118.8,319,318
118.8,316,314
118.8,316,317
118.8,318,315
118.81,314,316
118.82,316,314
118.87,313,313
118.87,316,315
118.87,313,312
118.87,316,316
118.87,311,312
118.87,314,315
118.88,311,312
118.94,316,316
118.94,311,310
118.94,314,315
118.94,311,310
118.94,313,314
118.94,314,314
118.95,314,314
119.01,316,315
119.01,315,314
119.01,319,317
119.01,315,315
119.01,320,319
119.01,316,317
119.01,321,322
119.07,317,317
119.07,320,320
119.07,318,316
119.07,321,320
119.07,318,315
119.07,318,317
119.08,316,316
119.13,318,318
119.13,318,317
119.13,316,317
119.13,320,319
119.13,316,318
119.13,321,321
119.14,319,318
119.2,324,322
119.2,320,319
119.2,324,323
119.2,320,318
119.2,322,322
119.2,318,317
119.21,321,320
119.26,318,317
119.26,316,316
119.26,316,315
119.26,313,312
119.26,314,312
119.27,311,310
119.27,313,311
119.33,308,307
119.33,308,308
119.33,303,303
119.34,306,305
119.34,302,303
119.34,302,302
119.34,298,297
119.4,300,300
119.4,298,296
119.4,296,297
119.4,296,295
119.4,296,297
119.4,297,296
119.41,297,297
119.46,300,298
119.46,298,298
119.46,301,300
119.46,296,296
119.46,303,303
119.46,297,297
119.47,304,303
119.52,303,300
119.52,303,303
119.52,302,301
119.52,305,305
119.52,304,303
119.53,302,304
119.54,305,303
119.6,303,304
119.6,306,304
119.6,301,302
119.6,307,305
119.6,300,300
119.6,305,304
119.6,299,298
119.66,304,303
119.66,299,299
119.66,300,300
119.66,297,298
119.66,300,300
119.66,298,297
119.67,297,296
119.72,295,295
119.72,294,293
119.72,295,293
119.72,289,289
119.72,293,292
119.72,288,287
119.73,292,291
119.79,290,290
119.79,293,293
119.79,289,290
119.79,295,295
119.79,292,291
119.79,294,295
119.8,293,293
119.85,296,296
119.85,298,296
119.85,296,297
119.85,300,299
119.85,299,298
119.86,304,301
119.86,298,298
119.92,305,303
119.92,300,301
119.92,307,308
119.92,306,305
119.92,311,310
119.92,308,306
119.93,310,310
119.99,309,308
119.99,310,311
119.99,312,310
119.99,309,309
119.99,312,311
119.99,311,310
120.0,314,313
120.05,309,307
120.05,308,308
120.05,305,305
120.05,310,310
120.05,305,305
120.05,307,308
120.06,306,303
120.11,307,305
120.11,305,304
120.11,307,307
120.11,307,306
120.11,305,304
120.12,307,306
120.13,304,304
120.19,308,307
120.19,303,303
120.19,307,307
120.19,304,304
120.19,307,307
120.19,306,304
120.19,307,308
120.25,306,305
120.25,307,308
120.25,307,305
120.25,307,308
120.25,308,308
120.25,308,309
120.26,312,311
120.31,314,313
120.31,316,316
120.31,312,309
120.31,297,294
120.31,278,278
120.31,278,275
120.32,265,263
120.38,263,262
120.38,251,249
120.38,247,247
120.38,238,237
120.38,235,234
120.38,230,228
120.39,226,225
120.45,226,225
120.45,224,223
120.45,233,232
120.45,233,231
120.45,238,239
120.45,239,240
120.45,249,248
120.51,248,247
120.52,254,254
120.52,255,255
120.52,262,262
120.52,263,263
120.52,269,269
120.52,274,272
120.58,275,275
120.58,278,278
120.58,280,281
120.58,286,286
120.58,290,289
120.58,295,294
120.58,293,294
120.64,302,300
120.64,297,298
120.64,307,306
120.64,303,304
120.64,310,310
120.64,308,308
120.65,312,312
120.7,311,310
120.7,312,312
120.7,315,314
120.7,316,317
120.7,321,321
120.71,322,322
120.72,328,328
120.77,327,327
120.77,333,334
120.77,335,334
120.77,342,343
120.77,341,341
120.77,347,346
120.78,350,349
120.84,354,354
120.84,355,355
120.84,359,359
120.84,359,359
120.84,362,362
120.84,367,365
120.85,367,366
120.91,370,369
120.91,370,369
120.91,374,374
120.91,370,370
120.91,375,375
120.91,371,370
120.91,376,375
120.97,371,369
120.97,374,374
120.97,370,370
120.97,369,370
120.97,371,369
120.97,368,368
120.98,369,367
121.03,364,364
121.03,364,364
121.03,359,359
121.03,362,361
121.03,356,356
121.04,360,358
121.04,352,351
121.11,356,355
121.11,352,351
121.11,356,354
121.11,351,349
121.11,351,351
121.11,348,349
121.11,348,348
121.17,347,347
121.17,348,346
121.17,348,347
121.17,345,346
121.17,350,347
121.17,345,344
121.17,353,352
121.23,350,348
121.23,354,354
121.23,352,351
121.23,355,354
121.24,352,352
121.24,353,354
121.24,353,353
121.3,352,353
121.3,356,354
121.3,351,352
121.3,354,353
121.3,353,353
121.3,354,353
121.31,350,349
121.36,352,351
121.36,347,347
121.36,349,349
121.36,347,345
121.36,348,349
121.36,345,345
121.37,349,348
121.44,345,344
121.44,346,346
121.44,347,345
121.44,344,345
121.44,346,345
121.44,341,342
121.44,344,344
121.5,338,340
121.5,342,341
121.5,338,337
121.5,341,339
121.5,335,334
121.5,337,336
121.5,335,333
121.56,337,336
121.56,334,333
121.56,333,333
121.56,332,330
121.56,329,328
121.56,328,327
121.57,327,326
121.62,329,329
121.62,322,322
121.62,327,326
121.62,322,322
121.62,323,324
121.63,318,318
121.63,320,320
121.68,318,317
121.68,317,317
121.68,314,314
121.68,315,317
121.68,319,317
121.69,316,316
121.7,318,318
121.76,317,318
121.76,322,321
121.76,318,320
121.76,326,325
121.76,321,322
121.76,329,328
121.76,324,322
121.82,328,327
121.82,323,322
121.82,329,328
121.82,326,325
121.82,326,326
121.82,324,324
121.83,323,324
121.89,327,326
121.89,324,325
121.89,329,327
121.89,326,326
121.89,328,328
121.89,324,324
121.9,327,327
121.95,323,320
121.95,322,324
121.95,319,317
121.95,320,320
121.95,316,314
121.95,315,316
121.96,313,311
122.03,312,312
122.03,312,309
122.03,306,307
122.03,308,306
122.03,304,303
122.03,306,304
122.03,301,301
122.09,307,307
122.09,303,303
122.09,306,307
122.09,303,304
122.09,307,308
122.09,306,304
122.09,308,308
122.15,308,308
122.15,312,312
122.15,311,311
122.15,312,312
122.15,316,314
122.15,314,314
122.16,318,318
122.21,314,314
122.21,319,320
122.21,317,317
122.21,324,324
122.21,323,321
122.22,330,328
122.22,325,323
122.28,324,325
122.28,325,323
122.28,324,325
122.28,323,322
122.28,320,320
122.28,321,320
122.29,319,319
122.34,321,321
122.34,314,315
122.34,320,318
122.34,314,313
122.34,316,316
122.35,315,314
122.35,317,316
122.42,314,313
122.42,318,317
122.42,313,313
122.42,315,315
122.42,318,316
122.42,313,313
122.42,314,313
122.48,310,310
122.48,314,313
122.48,312,311
122.48,312,312
122.48,311,309
122.48,313,312
122.49,307,307
122.54,312,312
122.54,307,307
122.54,308,310
122.54,310,308
122.54,311,311
122.54,312,310
122.55,311,311
122.6,314,313
122.6,311,311
122.6,314,314
122.6,314,313
122.6,319,318
122.61,316,317
122.62,320,321
122.68,320,320
122.68,324,324
122.68,324,323
122.68,328,327
122.68,326,326
122.68,330,330
122.68,329,329
122.74,331,330
122.74,331,331
122.74,329,330
122.74,333,333
122.74,331,330
122.74,334,333
122.75,327,328
122.8,332,331
122.8,327,326
122.8,331,329
122.8,324,324
122.8,325,325
122.8,323,321
122.81,322,322
122.87,321,319
122.87,323,321
122.87,319,318
122.87,319,318
122.87,321,320
122.87,314,315
122.88,319,318
122.93,314,313
122.93,318,319
122.93,314,313
122.93,317,316
122.93,313,312
122.94,316,315
122.94,313,311
123.01,315,314
123.01,312,312
123.01,313,312
123.01,313,312
123.01,312,312
123.01,313,312
123.01,312,312
123.07,315,313
123.07,311,310
123.07,312,312
123.07,310,311
123.07,316,316
123.07,309,309
123.08,313,313
123.13,311,310
123.13,312,312
123.13,313,311
123.13,314,314
123.13,314,312
123.13,311,312
123.14,315,315
123.2,315,316
123.2,319,319
123.2,318,317
123.2,322,320
123.2,318,317
123.2,320,322
123.21,318,318
123.26,322,322
123.26,320,318
123.26,321,321
123.26,320,319
123.26,321,320
123.26,319,318
123.27,318,318
123.34,319,318
123.34,316,317
123.34,318,317
123.34,314,313
123.34,318,315
123.34,313,311
123.34,316,315
123.4,309,308
123.4,311,310
123.4,306,306
123.4,308,307
123.4,303,303
123.4,304,305
123.4,303,303
123.46,302,303
123.46,306,304
123.46,302,302
123.46,305,304
123.46,303,303
123.46,306,306
123.47,303,302
123.52,306,306
123.52,306,305
123.52,311,311
123.52,310,309
123.52,315,314
123.53,315,314
123.53,316,317
123.59,316,316
123.59,317,316
123.59,318,318
123.59,318,319
123.59,323,322
123.59,322,321
123.6,326,325
123.65,323,323
123.65,328,329
123.65,324,324
123.65,330,330
123.65,328,325
123.66,327,327
123.66,325,324
123.73,325,326
123.73,324,323
123.73,323,323
123.73,327,324
123.73,324,325
123.73,329,327
123.73,324,325
123.79,329,329
123.79,326,325
123.79,328,327
123.79,322,322
123.79,326,324
123.79,322,320
123.8,325,323
123.85,322,320
123.85,322,321
123.85,320,320
123.85,322,322
123.85,322,321
123.85,320,320
123.86,321,320
123.92,321,320
123.92,323,322
123.92,316,317
123.92,320,319
123.92,314,314
123.92,317,317
123.93,313,311
123.98,315,314
123.98,312,310
123.98,313,313
123.98,314,314
123.98,315,315
123.98,316,316
123.99,319,318
124.06,320,320
124.06,318,318
124.06,321,320
124.06,319,318
124.06,323,323
124.06,321,321
124.06,324,325
124.12,322,321
124.12,326,327
124.12,327,325
124.12,328,328
124.12,327,325
124.12,326,326
124.12,326,326
124.18,326,326
124.18,326,324
124.18,323,323
124.18,324,325
124.18,322,322
124.18,323,323
124.19,319,319
124.2,325,323
124.21,318,318
124.22,325,324
124.27,320,319
124.27,322,322
124.27,320,320
124.27,322,322
124.27,322,320
124.28,321,320
124.28,321,319
124.34,319,319
124.34,321,321
124.34,318,319
124.34,323,322
124.34,319,318
124.34,322,320
124.35,316,315
124.4,319,318
124.4,315,314
124.4,318,317
124.4,314,313
124.4,315,315
124.41,316,314
124.41,313,313
124.48,311,311
124.48,311,311
124.48,317,314
124.48,312,312
124.48,315,314
124.48,313,312
124.48,318,319
124.54,315,314
124.54,320,320
124.54,318,316
124.54,320,320
124.54,318,316
124.54,319,320
124.55,320,320
124.6,322,322
124.6,324,323
124.6,323,324
124.6,326,325
124.6,323,322
124.6,328,326
124.61,325,323
124.66,329,327
124.66,322,322
124.66,326,327
124.66,325,323
124.66,326,326
124.67,322,322
124.68,325,325
124.74,326,325
124.74,324,326
124.74,327,325
124.74,321,320
124.74,322,321
124.74,319,319
124.74,320,318
124.8,316,315
124.8,318,318
124.8,314,313
124.8,317,315
124.8,311,310
124.8,314,315
124.81,313,312
124.87,313,314
124.87,311,311
124.87,312,312
124.87,314,311
124.87,309,310
124.87,310,310
124.87,308,309
124.93,312,312
124.93,309,310
124.93,313,314
124.93,308,309
124.93,316,317
124.93,313,312
124.94,317,316
125.0,317,316
125.0,319,320
125.0,320,320
125.0,321,323
125.0,320,320
125.0,322,322
125.0,324,324
125.07,322,322
125.07,327,326
125.07,326,326
125.07,328,329
125.07,325,326
125.07,331,331
125.07,327,327
125.13,330,331
125.13,329,327
125.13,329,328
125.13,328,326
125.13,328,328
125.13,327,325
125.14,327,326
125.19,326,324
125.19,322,324
125.19,326,325
125.19,322,322
125.19,325,322
125.19,320,319
125.2,323,321
125.25,317,316
125.25,319,318
125.25,312,311
125.25,315,314
125.25,311,309
125.26,311,310
125.27,307,307
125.33,308,307
125.33,306,306
125.33,306,306
125.33,307,305
125.33,305,305
125.33,309,308
125.33,307,305
125.39,311,309
125.39,305,305
125.39,313,312
125.39,309,307
125.39,311,311
125.39,309,307
125.4,312,312
125.46,314,311
125.46,312,313
125.46,314,313
125.46,315,315
125.46,320,318
125.46,319,318
125.46,322,320
125.52,317,317
125.52,322,321
125.52,316,316
125.52,321,321
125.52,319,318
125.52,322,322
125.53,321,320
125.58,324,324
125.58,321,321
125.58,325,324
125.58,323,322
125.58,323,322
125.59,323,322
125.59,320,320
125.66,322,321
125.66,317,318
125.66,325,322
125.66,318,318
125.66,321,321
125.66,316,316
125.66,321,321
125.72,317,317
125.72,321,320
125.72,317,315
125.72,315,315
125.72,312,311
125.72,309,310
125.73,312,311
125.78,308,309
125.78,310,309
125.78,307,306
125.78,309,307
125.78,303,303
125.78,307,307
125.79,302,301
125.85,304,304
125.85,300,300
125.85,305,305
125.85,305,303
125.85,305,304
125.85,307,305
125.86,306,307
125.91,307,306
125.91,307,306
125.91,310,310
125.91,308,308
125.91,313,313
125.91,310,311
125.92,317,317
125.97,312,313
125.97,316,318
125.97,315,314
125.97,318,318
125.97,317,316
125.98,318,319
125.99,317,316
126.05,317,317
126.05,320,320
126.05,320,319
126.05,324,322
126.05,321,320
126.05,325,324
126.05,321,320
126.11,323,322
126.11,319,320
126.11,323,323
126.11,321,320
126.11,325,324
126.11,322,320
126.12,324,324
126.18,325,323
126.18,323,324
126.18,324,323
126.18,320,322
126.18,320,319
126.18,316,316
126.18,319,317
126.24,314,313
126.24,315,314
126.24,310,309
126.24,314,313
126.24,310,308
126.24,310,310
126.25,305,306
126.3,309,309
126.3,309,307
126.3,308,307
126.3,309,309
126.3,308,308
126.31,310,308
126.32,310,310
126.38,313,312
126.38,310,311
126.38,316,315
126.38,314,313
126.38,318,319
126.38,316,316
126.38,322,322
126.44,318,319
126.44,325,324
126.44,323,323
126.44,327,327
126.44,327,326
126.44,330,329
126.45,332,330
126.5,328,327
126.5,331,330
126.5,325,326
126.5,331,330
126.5,330,328
126.5,331,330
126.51,328,327
126.57,330,330
126.57,325,326
126.57,328,328
126.57,327,325
126.57,327,326
126.57,327,324
126.58,324,324
126.63,325,323
126.63,323,323
126.63,325,324
126.63,322,321
126.63,325,325
126.63,321,320
126.64,325,325
126.71,323,321
126.71,323,322
126.71,319,319
126.71,322,323
126.71,321,320
126.71,318,320
126.71,320,318
126.77,317,318
126.77,318,316
126.77,312,313
126.77,317,315
126.77,312,312
126.77,316,315
126.77,307,308
126.83,313,312
126.83,308,308
126.83,313,312
126.83,308,306
126.83,309,309
126.83,309,308
126.84,312,312
126.89,311,310
126.89,312,311
126.89,312,312
126.89,312,312
126.89,317,315
126.9,314,313
126.9,318,316
126.96,316,315
126.96,321,320
126.96,319,318
126.96,323,323
126.96,320,320
126.96,324,324
126.97,320,320
127.03,326,325
127.03,325,323
127.03,324,325
127.03,323,324
127.03,324,324
127.03,326,326
127.04,322,322
127.1,324,324
127.1,320,322
127.1,325,324
127.1,323,322
127.1,326,324
127.1,320,319
127.1,323,322
127.16,319,317
127.16,319,320
127.16,317,318
127.16,318,319
127.16,318,318
127.16,316,316
127.17,317,317
127.22,313,314
127.22,317,316
127.22,312,312
127.22,314,314
127.22,310,309
127.22,314,313
127.23,311,309
127.28,315,314
127.28,310,310
127.28,313,313
127.28,311,310
127.28,313,312
127.29,315,313
127.3,314,313
127.36,315,314
127.36,316,315
127.36,316,316
127.36,314,314
127.36,319,318
127.36,316,316
127.36,321,322
127.42,316,318
127.42,325,324
127.42,324,322
127.42,326,327
127.42,324,323
127.42,323,324
127.43,325,324
127.49,325,324
127.49,326,324
127.49,324,325
127.49,327,325
127.49,323,323
127.49,326,325
127.49,321,320
127.55,324,324
127.55,319,318
127.55,321,321
127.55,318,318
127.55,320,320
127.55,317,317
127.56,319,319
127.61,318,316
127.61,316,316
127.61,318,318
127.61,317,316
127.61,319,318
127.62,315,314
127.63,318,316
127.69,312,310
127.69,314,314
127.69,311,310
127.69,313,312
127.69,307,307
127.69,309,310
127.69,306,305
127.75,303,304
127.75,303,301
127.75,301,302
127.75,300,299
127.75,299,300
127.75,301,301
127.76,300,301
127.81,301,302
127.81,302,301
127.81,304,305
127.81,302,302
127.81,307,307
127.81,306,305
127.82,310,309
127.88,309,309
127.88,310,311
127.88,313,311
127.88,314,315
127.88,314,314
127.88,314,315
127.89,320,318
127.94,314,315
127.94,321,320
127.94,316,316
127.94,322,321
127.94,319,318
127.95,323,323
127.95,320,318
128.01,323,322
128.01,318,318
128.01,323,322
128.01,323,321
128.01,323,322
128.01,324,322
128.02,322,322
128.08,323,323
128.08,322,323
128.08,326,325
128.08,322,323
128.08,326,325
128.08,321,321
128.08,324,324
128.14,322,320
128.14,322,323
128.14,319,318
128.14,321,322
128.14,319,317
128.14,318,317
128.15,317,316
128.2,315,315
128.2,315,314
128.2,312,311
128.2,313,312
128.2,308,307
128.21,309,308
128.22,305,306
128.28,310,308
128.28,303,303
128.28,308,308
128.28,303,305
128.28,310,310
128.28,310,309
128.28,312,312
128.34,314,312
128.34,313,313
128.34,316,315
128.34,316,316
128.34,318,318
128.34,319,320
128.35,324,323
128.4,323,321
128.4,328,328
128.4,325,325
128.4,330,330
128.4,327,325
128.4,331,330
128.41,327,325
128.47,329,328
128.47,328,326
128.47,327,328
128.47,330,329
128.47,328,327
128.47,330,329
128.48,328,327
128.53,329,329
128.53,325,325
128.53,328,326
128.53,322,321
128.53,324,324
128.53,318,318
128.54,323,322
128.61,319,318
128.61,321,320
128.61,319,317
128.61,317,318
128.61,319,319
128.61,318,318
128.61,321,318
128.67,315,315
128.67,318,317
128.67,314,314
128.67,319,318
128.67,313,312
128.67,315,315
128.67,312,311
128.73,315,314
128.73,313,311
128.73,315,315
128.73,314,312
128.73,314,313
128.73,310,311
128.74,312,311
128.79,310,310
128.79,309,309
128.79,311,312
128.79,309,310
128.79,315,314
128.8,313,311
128.81,316,316
128.86,314,314
128.86,316,317
128.86,316,316
128.86,321,321
128.86,320,320
128.86,321,322
128.87,322,320
128.92,323,323
128.92,325,324
128.92,323,323
128.92,324,324
128.92,322,322
128.93,328,326
128.94,319,320
129.0,325,324
129.0,321,320
129.0,325,323
129.0,320,318
129.0,321,322
129.0,319,317
129.0,319,319
129.06,317,316
129.06,316,318
129.06,321,319
129.06,315,316
129.06,320,319
129.06,317,316
129.07,317,318
129.12,313,313
129.12,316,317
129.12,313,313
129.12,315,315
129.12,312,311
129.12,315,314
129.13,310,310
129.19,312,312
129.19,312,310
129.19,308,308
129.19,311,309
129.19,311,310
129.19,311,310
129.2,306,306
129.25,309,309
129.25,305,306
129.25,311,309
129.25,306,304
129.25,308,309
129.26,307,306
129.26,309,310
129.33,305,306
129.33,310,310
129.33,308,308
129.33,308,309
129.33,309,309
129.33,309,309
129.33,311,311
129.39,310,310
129.39,316,315
129.39,313,312
129.39,318,318
129.39,314,315
129.39,321,320
129.39,316,316
129.45,318,319
129.45,318,317
129.45,319,318
129.45,317,316
129.45,316,316
129.45,319,317
129.46,316,315
129.52,318,316
129.52,314,314
129.52,318,317
129.52,316,314
129.52,317,316
129.52,314,313
129.53,318,317
129.58,313,313
129.58,317,316
129.58,313,312
129.58,314,316
129.58,313,313
129.58,314,315
129.59,314,314
129.64,313,314
129.64,318,316
129.64,313,314
129.64,316,316
129.64,310,311
129.65,315,316
129.66,312,312
129.72,313,314
129.72,313,312
129.72,316,315
129.72,311,311
129.72,314,315
129.72,312,312
129.72,311,313
129.78,313,312
129.78,313,311
129.78,311,311
129.78,308,308
129.78,312,312
129.78,309,310
129.79,314,314
129.84,312,312
129.84,316,317
129.84,316,316
129.84,320,320
129.84,319,318
129.85,321,321
129.85,321,321
129.91,323,323
129.91,322,322
129.91,323,322
129.91,323,322
129.91,322,322
129.91,325,324
129.92,322,321
129.97,325,324
129.97,321,321
129.97,325,325
129.97,322,321
129.97,326,324
129.98,320,319
129.98,321,321
130.05,317,317
130.05,322,320
130.05,319,317
130.05,318,318
130.05,320,318
130.05,313,312
130.05,316,315
130.11,313,311
130.11,315,315
130.11,312,312
130.11,319,318
130.11,314,312
130.11,314,315
130.12,311,311
130.17,314,315
130.17,313,312
130.17,312,313
130.17,312,312
130.17,312,313
130.17,315,314
130.18,314,313
130.24,319,317
130.24,314,313
130.24,319,319
130.24,314,313
130.24,316,316
130.24,312,311
130.25,316,315
130.3,311,310
130.3,314,314
130.3,312,312
130.3,314,314
130.3,312,311
130.3,313,312
130.31,313,312
130.38,311,311
130.38,312,311
130.38,308,309
130.38,312,311
130.38,308,308
130.38,313,311
130.38,311,309
130.44,314,312
130.44,308,308
130.44,311,310
130.44,309,307
130.44,311,310
130.44,310,308
130.44,309,309
130.5,310,309
130.5,312,310
130.5,312,311
130.5,309,310
130.5,311,311
130.5,307,307
130.51,308,309
130.56,304,304
130.56,310,310
130.56,305,305
130.56,310,309
130.56,309,307
130.57,310,309
130.57,307,305
130.63,306,307
130.63,307,306
130.63,306,307
130.63,308,308
130.63,305,306
130.63,310,309
130.64,307,307
130.7,311,310
130.7,308,309
130.7,314,313
130.7,310,309
130.7,313,312
130.7,311,310
130.71,314,315
130.77,313,313
130.77,313,314
130.77,304,300
130.77,289,287
130.77,281,279
130.77,269,269
130.77,264,262
130.83,254,254
130.83,251,250
130.83,240,238
130.83,238,236
130.83,228,228
130.83,230,230
130.84,228,227
130.89,235,236
130.89,236,237
130.89,239,241
130.89,243,243
130.89,246,247
130.89,251,250
130.9,250,251
130.95,254,256
130.95,257,256
130.95,263,262
130.95,261,261
130.96,269,268
130.96,268,267
130.97,273,272
131.03,274,272
131.03,281,279
131.03,282,281
131.03,286,287
131.03,290,289
131.03,293,293
131.03,299,298
131.09,300,301
131.09,308,307
131.09,306,308
131.09,316,316
131.09,317,318
131.09,328,327
131.1,327,327
131.16,335,334
131.16,334,335
131.16,341,342
131.16,344,344
131.16,349,350
131.16,351,351
131.16,354,356
131.22,355,354
131.22,357,356
131.22,358,358
131.22,356,357
131.22,362,361
131.22,358,358
131.23,362,362
131.28,360,359
131.28,365,364
131.28,362,360
131.28,363,362
131.28,362,360
131.29,364,363
131.3,362,361
131.36,365,366
131.36,365,364
131.36,366,366
131.36,369,367
131.36,365,365
131.36,369,367
131.36,363,362
131.42,368,366
131.42,361,362
131.42,368,366
131.42,360,359
131.42,361,361
131.42,359,358
131.43,359,359
131.48,358,357
131.48,355,356
131.48,356,355
131.48,353,354
131.48,353,352
131.48,349,348
131.49,349,348
131.54,344,344
131.54,348,346
131.54,342,343
131.54,344,345
131.54,340,340
131.55,345,344
131.56,343,342
131.61,344,343
131.61,340,340
131.61,343,343
131.61,344,343
131.61,346,346
131.62,350,349
131.62,348,349
131.68,353,351
131.68,348,348
131.68,333,330
131.68,314,312
131.68,311,309
131.68,297,296
131.69,292,292
131.75,282,281
131.75,279,278
131.75,273,271
131.75,269,268
131.75,264,262
131.75,259,259
131.76,259,257
131.77,252,253
131.77,256,254
131.78,249,250
131.84,253,251
131.84,248,248
131.84,249,250
131.84,245,245
131.84,249,248
131.84,245,243
131.85,245,247
131.91,246,244
131.91,248,248
131.91,249,250
131.91,252,252
131.91,255,256
131.91,258,258
131.91,262,261
131.97,263,263
131.97,269,269
131.97,267,268
131.97,278,276
131.97,274,275
131.97,286,285
131.98,287,287
132.03,295,295
132.03,298,298
132.03,305,305
132.03,309,307
132.03,314,313
132.04,323,321
132.05,324,324
132.11,331,329
132.11,331,332
132.11,341,341
132.11,343,343
132.11,351,351
132.11,353,352
132.11,360,360
132.17,360,361
132.17,371,370
132.17,373,373
132.17,380,381
132.17,381,381
132.17,385,386
132.18,392,392
132.23,391,392
132.23,401,399
132.23,397,398
132.23,405,404
132.23,402,401
132.23,407,407
132.24,404,403
132.3,409,408
132.3,402,403
132.3,409,409
132.3,403,402
132.3,402,402
132.3,402,400
132.31,402,402
132.36,402,402
132.36,399,400
132.36,403,401
132.36,396,396
132.36,399,397
132.36,392,392
132.37,394,393
132.43,389,388
132.44,392,391
132.44,385,383
132.44,386,385
132.44,378,378
132.44,380,380
132.44,376,375
132.5,372,372
132.5,373,370
132.5,368,369
132.5,370,369
132.5,365,365
132.5,369,366
132.5,363,363
132.56,365,364
132.56,358,358
132.56,361,360
132.56,356,355
132.56,357,356
132.56,355,353
132.57,356,355
132.62,353,351
132.62,352,352
132.62,353,351
132.62,352,352
132.62,352,352
132.63,348,349
132.63,352,352
132.69,348,348
132.69,351,349
132.69,346,346
132.69,351,350
132.69,350,348
132.69,354,353
132.7,349,347
132.76,352,352
132.76,353,351
132.76,351,352
132.76,351,351
132.76,349,350
132.76,352,351
132.77,348,348
132.83,354,351
132.83,347,346
132.83,350,351
132.83,347,346
132.83,353,352
132.83,348,347
132.83,351,350
132.89,346,345
132.89,347,347
132.89,346,344
132.89,344,343
132.89,343,341
132.89,339,339
132.9,338,335
132.95,334,333
132.95,334,333
132.95,328,327
132.95,331,330
132.95,326,324
132.95,328,326
132.96,322,320
133.01,325,324
133.01,321,320
133.01,323,322
133.01,319,318
133.01,319,319
133.02,314,314
133.03,314,315
133.09,314,313
133.09,310,309
133.09,311,311
133.09,306,308
133.09,312,310
133.09,308,308
133.09,314,312
133.16,309,308
133.16,312,312
133.16,308,308
133.16,312,312
133.16,311,309
133.16,311,311
133.16,311,310
133.22,313,312
133.22,313,312
133.22,311,312
133.22,314,314
133.22,315,315
133.22,319,317
133.22,314,313
133.28,317,318
133.28,316,315
133.28,319,319
133.28,316,316
133.28,319,319
133.28,314,313
133.29,317,317
133.34,315,313
133.34,312,313
133.34,313,310
133.34,307,306
133.34,306,305
133.35,303,304
133.36,303,303
133.41,300,301
133.41,306,304
133.41,301,300
133.41,305,304
133.41,300,298
133.41,303,304
133.42,302,301
133.48,304,304
133.48,302,301
133.48,303,302
133.48,303,301
133.48,301,300
133.49,300,300
133.49,298,299
133.55,300,298
133.55,297,296
133.55,299,298
133.55,295,294
133.55,298,297
133.55,293,293
133.55,297,297
133.61,293,292
133.61,293,294
133.61,289,289
133.61,293,293
133.61,293,292
133.61,293,291
133.62,296,295
133.67,295,295
133.67,295,295
133.67,296,296
133.67,302,301
133.67,298,298
133.68,303,303
133.68,303,302
133.74,308,308
133.74,307,306
133.74,310,310
133.74,309,308
133.74,309,309
133.74,311,310
133.75,311,310
133.81,312,311
133.81,310,311
133.81,316,314
133.81,312,311
133.81,318,317
133.81,314,315
133.81,318,319
133.87,318,316
133.88,321,322
133.88,319,317
133.88,320,319
133.88,319,317
133.88,319,318
133.88,317,316
133.94,317,317
133.94,317,316
133.94,317,315
133.94,318,317
133.94,313,314
133.94,316,316
133.95,312,312
134.0,314,314
134.0,310,309
134.0,313,311
134.0,306,305
134.0,308,309
134.0,304,303
134.01,305,306
134.06,304,304
134.06,306,305
134.06,305,304
134.06,303,302
134.06,305,303
134.07,301,301
134.08,305,304
134.14,302,301
134.14,305,304
134.14,302,302
134.14,308,308
134.14,307,305
134.14,310,310
134.14,309,308
134.2,311,312
134.2,310,310
134.2,315,313
134.2,315,314
134.2,316,317
134.2,323,320
134.21,320,320
134.26,325,323
134.26,322,323
134.26,328,327
134.26,326,325
134.26,330,331
134.26,329,328
134.27,333,333
134.33,332,330
134.33,333,334
134.33,332,331
134.33,334,333
134.33,334,332
134.33,331,330
134.34,331,330
134.4,330,330
134.4,335,334
134.4,331,332
134.4,333,334
134.4,329,330
134.4,334,334
134.4,331,329
134.47,333,333
134.47,330,329
134.47,333,333
134.47,330,329
134.47,331,332
134.47,330,330
134.47,328,329
134.53,330,329
134.53,327,326
134.53,329,328
134.53,324,325
134.53,328,326
134.53,321,319
134.54,323,322
134.59,317,316
134.59,318,318
134.59,314,314
134.59,318,316
134.59,315,314
134.59,317,318
134.6,317,316
134.65,318,318
134.65,319,318
134.65,317,318
134.65,323,322
134.65,320,320
134.66,324,324
134.67,322,321
134.72,329,327
134.72,324,323
134.72,330,330
134.72,326,325
134.72,330,330
134.72,328,326
134.73,327,328
134.79,329,328
134.79,327,329
134.79,328,326
134.79,325,324
134.79,325,325
134.79,323,323
134.8,325,324
134.85,323,322
134.86,327,326
134.86,323,324
134.86,326,326
134.86,323,321
134.86,325,324
134.86,321,321
134.92,323,322
134.92,321,320
134.92,320,321
134.92,318,318
134.92,317,318
134.92,319,317
134.93,315,313
134.98,315,314
134.98,310,310
134.98,312,312
134.98,305,305
134.98,310,310
134.99,303,303
134.99,304,305
135.06,300,300
135.06,304,302
135.06,301,298
135.06,301,301
135.06,304,302
135.06,301,301
135.06,301,300
135.12,299,298
135.12,300,300
135.12,298,298
135.12,300,299
135.12,296,297
135.12,301,301
135.13,297,297
135.18,301,302
135.18,301,299
135.18,305,304
135.18,304,302
135.18,306,307
135.18,309,307
135.19,309,308
135.25,312,311
135.25,311,312
135.25,316,315
135.25,314,315
135.25,320,320
135.25,317,317
135.26,324,322
135.31,320,319
135.31,324,324
135.31,322,320
135.31,324,323
135.31,323,322
135.31,325,324
135.32,323,322
135.39,325,324
135.39,323,322
135.39,321,320
135.39,323,322
135.39,319,318
135.39,322,320
135.39,319,318
135.45,321,320
135.45,317,316
135.45,320,321
135.45,317,317
135.45,320,321
135.45,319,317
135.45,320,320
135.51,319,318
135.51,318,320
135.51,319,318
135.51,316,317
135.51,319,318
135.51,313,312
135.52,313,313
135.57,308,308
135.57,310,310
135.57,307,306
135.57,312,311
135.57,307,306
135.58,310,310
135.58,306,304
135.63,306,306
135.63,306,304
135.63,305,305
135.63,305,304
135.63,305,304
135.64,307,306
135.65,305,304
135.71,311,309
135.71,307,306
135.71,312,313
135.71,312,311
135.71,316,315
135.71,312,311
135.71,317,317
135.77,316,314
135.78,318,319
135.78,317,317
135.78,319,321
135.78,321,320
135.78,321,322
135.78,323,323
135.84,323,322
135.84,325,325
135.84,321,322
135.84,326,326
135.84,322,322
135.84,327,326
135.85,323,322
135.9,327,325
135.9,323,321
135.9,324,324
135.9,324,323
135.9,324,325
135.9,324,324
135.91,324,324
135.96,326,324
135.96,322,322
135.96,326,325
135.96,321,321
135.96,327,326
135.97,323,322
135.98,328,327
136.04,322,323
136.04,325,325
136.04,321,320
136.04,322,323
136.04,320,320
136.04,321,321
136.04,319,317
136.1,317,316
136.1,317,316
136.1,315,313
136.1,314,312
136.1,310,310
136.1,313,312
136.11,307,306
136.17,311,310
136.17,306,306
136.17,310,311
136.17,308,307
136.17,310,311
136.17,310,310
136.17,310,310
136.23,311,310
136.23,314,314
136.23,314,314
136.23,315,316
136.23,321,320
136.23,319,319
136.24,325,324
136.29,323,323
136.29,330,329
136.29,328,328
136.29,334,332
136.29,327,328
136.3,333,333
136.3,332,331
136.37,336,335
136.37,335,333
136.37,337,337
136.37,339,337
136.37,335,336
136.37,340,339
136.37,339,338
136.43,341,339
136.43,338,337
136.43,341,340
136.43,337,335
136.43,337,338
136.43,333,333
136.44,336,336
136.49,334,332
136.49,334,334
136.49,332,330
136.49,334,334
136.49,332,332
136.49,331,331
136.5,334,332
136.56,331,330
136.56,333,331
136.56,327,326
136.56,329,328
136.56,324,323
136.56,324,325
136.57,320,320
136.62,323,322
136.62,317,317
136.62,317,317
136.62,315,314
136.62,316,315
136.62,314,314
136.63,312,313
136.69,315,312
136.69,308,308
136.69,308,308
136.69,305,305
136.69,309,308
136.69,305,304
136.7,310,310
136.76,304,304
136.76,308,308
136.76,307,306
136.76,310,310
136.76,310,309
136.76,312,312
136.76,313,312
136.82,312,314
136.82,318,317
136.82,317,317
136.82,320,320
136.82,317,318
136.82,322,322
136.83,319,318
136.88,325,324
136.88,320,318
136.88,323,322
136.88,321,319
136.88,323,324
136.89,320,320
136.89,321,322
136.95,321,320
136.95,318,320
136.95,322,321
136.95,320,320
136.95,322,322
136.95,318,318
136.96,324,323
137.02,319,319
137.03,323,321
137.03,318,318
137.03,321,321
137.03,319,317
137.03,319,319
137.03,314,313
137.09,316,317
137.09,316,314
137.09,316,315
137.09,316,314
137.09,311,311
137.09,310,310
137.09,308,308
137.15,310,309
137.15,303,304
137.15,309,308
137.15,304,303
137.15,307,306
137.15,303,301
137.16,302,304
137.21,300,300
137.21,300,300
137.21,299,297
137.21,298,297
137.21,298,297
137.21,296,297
137.22,300,299
137.27,296,297
137.27,301,301
137.27,297,297
137.27,303,302
137.27,300,300
137.28,303,304
137.29,302,302
137.35,306,307
137.35,306,306
137.35,312,312
137.35,311,311
137.35,313,314
137.35,315,314
137.35,315,316
137.41,317,317
137.41,316,316
137.41,320,320
137.41,314,315
137.41,320,320
137.41,317,316
137.42,323,321
137.48,318,316
137.48,320,320
137.48,317,316
137.48,317,318
137.48,317,316
137.48,319,319
137.48,316,318
137.54,317,317
137.54,317,317
137.54,318,317
137.54,319,318
137.54,315,314
137.54,318,318
137.55,311,311
137.6,315,315
137.6,310,310
137.6,313,313
137.6,309,309
137.6,312,312
137.61,311,308
137.62,311,310
137.68,311,309
137.68,307,307
137.68,308,306
137.68,304,303
137.68,304,303
137.68,300,299
137.68,304,302
137.74,299,298
137.74,301,301
137.74,298,296
137.74,302,301
137.74,300,300
137.74,304,305
137.75,304,304
137.8,309,308
137.8,309,308
137.8,310,311
137.8,314,312
137.8,312,311
137.8,316,316
137.81,315,314
137.86,319,318
137.86,319,317
137.86,320,320
137.86,320,319
137.86,323,323
137.87,320,320
137.88,326,326
137.94,326,323
137.94,327,327
137.94,327,324
137.94,325,325
137.94,327,324
137.94,322,323
137.94,324,323
138.0,321,321
138.0,325,323
138.0,319,319
138.0,323,323
138.0,319,318
138.0,325,325
138.01,323,321
138.07,322,323
138.07,322,320
138.07,323,322
138.07,321,319
138.07,319,320
138.07,319,318
138.07,317,316
138.13,320,318
138.13,315,314
138.13,315,314
138.13,312,311
138.13,314,312
138.13,306,306
138.14,309,309
138.19,305,305
138.19,306,307
138.19,302,303
138.19,300,301
138.19,300,300
138.2,299,299
138.21,300,298
138.27,293,295
138.27,295,295
138.27,293,292
138.27,294,295
138.27,290,290
138.27,293,293
138.27,291,290
138.33,295,294
138.33,292,292
138.33,294,293
138.33,294,292
138.33,295,296
138.33,297,297
138.34,296,297
138.39,298,297
138.39,296,297
138.39,298,299
138.4,297,297
138.4,300,300
138.4,300,300
138.4,304,304
138.46,302,301
138.46,304,305
138.46,302,302
138.46,306,306
138.46,307,306
138.46,304,305
138.47,305,305
138.52,305,304
138.52,306,304
138.52,304,303
138.52,304,303
138.52,301,300
138.52,304,302
138.53,298,298
138.58,302,303
138.58,298,298
138.58,302,301
138.58,299,297
138.58,300,300
138.59,294,294
138.6,295,295
138.66,296,294
138.66,295,295
138.66,295,294
138.66,293,294
138.66,295,293
138.66,294,292
138.66,296,294
138.72,292,292
138.72,296,294
138.72,291,291
138.72,294,294
138.72,291,292
138.72,296,295
138.73,292,291
138.78,296,296
138.78,296,296
138.78,296,297
138.79,297,296
138.79,298,299
138.79,302,302
138.79,301,301
138.85,305,304
138.85,303,305
138.85,308,308
138.85,305,306
138.85,311,312
138.85,310,311
138.86,317,318
138.93,316,315
138.93,320,320
138.93,321,321
138.93,325,325
138.93,323,320
138.93,309,307
138.93,296,293
138.99,283,282
138.99,276,274
138.99,264,265
138.99,260,260
138.99,251,248
138.99,247,246
138.99,240,239
139.05,242,242
139.05,243,240
139.05,244,245
139.05,244,244
139.05,247,247
139.05,246,246
139.06,248,248
139.11,251,250
139.11,250,251
139.11,254,254
139.11,254,255
139.11,260,260
139.11,258,259
139.12,266,266
139.18,266,266
139.18,271,271
139.18,271,270
139.18,277,276
139.18,275,274
139.18,280,281
139.19,282,282
139.24,284,284
139.24,284,285
139.24,289,289
139.24,295,294
139.24,294,295
139.25,302,302
139.25,302,302
139.31,308,307
139.31,307,307
139.31,315,315
139.32,316,315
139.32,322,322
139.32,323,322
139.32,329,328
139.33,330,329
139.34,334,334
139.35,336,336
139.41,340,340
139.41,346,345
139.41,345,345
139.41,351,350
139.41,352,351
139.41,356,355
139.41,354,353
139.47,361,360
139.47,357,357
139.47,364,364
139.47,361,361
139.47,365,366
139.47,364,362
139.48,367,366
139.53,365,364
139.53,365,364
139.54,364,364
139.54,362,362
139.54,364,363
139.54,362,362
139.54,365,364
139.6,361,359
139.6,363,363
139.6,357,357
139.6,361,359
139.6,355,354
139.6,357,358
139.61,354,354
139.67,355,357
139.67,353,352
139.68,352,352
139.68,352,349
139.68,346,346
139.68,345,345
139.68,340,341
139.74,344,343
139.74,339,338
139.74,343,342
139.74,339,337
139.74,343,342
139.74,338,337
139.74,344,344
139.8,343,341
139.8,343,343
139.8,342,342
139.8,343,344
139.8,346,345
139.8,347,347
139.81,350,349
139.86,345,345
139.86,348,348
139.86,346,345
139.86,349,349
139.86,347,346
139.86,352,351
139.87,350,349
139.92,352,353
139.92,348,348
139.92,352,351
139.93,349,348
139.93,349,349
139.93,349,348
139.94,346,345
140.0,346,345
140.0,344,344
140.0,344,344
140.0,338,340
140.0,343,343
140.0,338,338
140.0,340,339
140.07,335,333
140.07,336,337
140.07,333,332
140.07,332,333
140.07,330,329
140.07,330,330
140.07,328,328
140.13,326,326
140.13,326,325
140.13,321,322
140.13,325,323
140.13,318,319
140.13,320,319
140.13,315,315
140.19,316,316
140.19,311,311
140.19,314,314
140.19,311,310
140.19,312,312
140.19,310,309
140.2,312,311
140.25,308,308
140.25,310,310
140.25,311,309
140.25,309,309
140.25,313,313
140.26,312,312
140.27,315,315
140.32,313,312
140.32,318,318
140.32,314,314
140.32,318,320
140.32,317,317
140.32,322,322
140.33,321,319
140.39,323,323
140.39,322,322
140.39,322,323
140.39,324,324
140.39,322,324
140.39,326,326
140.4,323,324
140.46,328,328
140.46,324,324
140.46,327,326
140.46,324,323
140.46,327,326
140.46,326,324
140.46,324,326
140.52,324,324
140.52,326,326
140.52,325,323
140.52,323,323
140.52,323,321
140.52,318,319
140.53,320,320
140.58,318,318
140.58,321,320
140.58,316,316
140.58,320,319
140.58,313,314
140.58,318,318
140.59,312,311
140.65,313,312
140.65,308,309
140.65,311,312
140.65,309,309
140.65,309,309
140.65,308,307
140.66,305,306
140.72,305,305
140.72,303,304
140.72,307,306
140.72,304,303
140.72,307,306
140.72,302,303
140.72,308,309
140.78,304,304
140.78,311,310
140.78,308,307
140.78,312,313
140.78,313,311
140.78,317,315
140.79,317,316
140.85,317,316
140.85,318,318
140.85,319,320
140.85,321,322
140.85,320,321
140.85,326,327
140.86,324,323
140.91,329,328
140.91,324,325
140.91,330,330
140.91,325,326
140.91,329,329
140.91,327,328
140.92,328,329
140.97,331,329
140.97,328,328
140.97,329,328
140.97,328,328
140.97,331,329
140.98,325,326
140.99,327,327
141.05,321,322
141.05,326,325
141.05,321,318
141.05,322,322
141.05,319,317
141.05,320,319
141.05,318,316
141.11,317,317
141.11,317,315
141.11,316,316
141.11,317,316
141.11,313,314
141.11,316,314
141.12,313,312
141.17,317,315
141.17,312,312
141.17,314,314
141.17,311,311
141.17,314,314
141.17,310,310
141.18,315,315
141.24,310,309
141.24,312,312
141.24,312,311
141.24,313,313
141.24,316,314
141.24,315,313
141.25,316,315
141.3,314,314
141.3,319,318
141.3,315,316
141.3,323,322
141.3,317,317
141.31,325,324
141.31,320,319
141.37,324,324
141.37,323,321
141.37,324,324
141.37,324,324
141.37,324,324
141.37,326,324
141.38,325,325
141.44,328,326
141.44,324,323
141.44,327,325
141.44,323,323
141.44,328,326
141.44,321,321
141.44,325,325
141.5,320,320
141.5,325,325
141.5,321,320
141.5,321,321
141.5,321,319
141.5,321,321
141.51,319,318
141.56,319,318
141.56,318,317
141.56,315,315
141.56,316,316
141.56,312,313
141.57,315,314
141.58,310,310
141.64,313,312
141.64,307,307
141.64,309,310
141.64,305,304
141.64,306,306
141.64,303,301
141.64,303,302
141.7,300,300
141.7,300,301
141.7,301,300
141.7,299,299
141.7,304,302
141.7,298,298
141.71,304,304
141.76,303,303
141.76,307,307
141.76,304,305
141.76,310,310
141.76,308,307
141.76,310,312
141.77,310,308
141.83,315,314
141.83,314,313
141.83,316,317
141.83,318,316
141.83,316,317
141.83,320,319
141.84,318,319
141.89,324,323
141.89,320,320
141.89,325,324
141.89,320,320
141.89,326,326
141.9,323,322
141.9,329,328
141.97,325,323
141.97,325,325
141.97,324,322
141.97,323,323
141.97,323,322
141.97,321,321
141.97,321,321
142.03,319,318
142.03,323,320
142.03,316,317
142.03,320,320
142.03,315,315
142.03,319,318
142.03,314,314
142.09,318,316
142.09,313,311
142.09,312,312
142.09,311,309
142.09,311,311
142.09,312,310
142.1,306,306
142.15,308,308
142.15,307,305
142.15,309,308
142.15,305,304
142.15,309,308
142.16,302,302
142.17,306,306
142.23,303,302
142.23,306,306
142.23,305,305
142.23,306,307
142.23,307,305
142.23,310,308
142.23,309,309
142.29,311,312
142.29,314,313
142.29,311,312
142.29,318,317
142.29,312,313
142.29,319,320
142.3,317,317
142.36,323,322
142.36,321,320
142.36,326,326
142.36,322,320
142.36,326,326
142.36,326,324
142.36,324,325
142.42,326,326
142.42,324,325
142.42,330,328
142.42,326,326
142.42,327,327
142.42,323,323
142.43,327,327
142.48,324,323
142.48,327,327
142.48,322,322
142.48,324,325
142.48,322,322
142.49,324,323
142.49,323,320
142.56,323,322
142.56,321,320
142.56,318,319
142.56,318,318
142.56,316,316
142.56,320,319
142.56,318,316
142.62,318,317
142.62,314,314
142.62,316,316
142.62,312,312
142.62,316,316
142.62,313,311
142.62,316,316
142.68,310,311
142.68,314,314
142.68,313,311
142.68,312,313
142.68,312,311
142.68,311,311
142.69,314,313
142.74,313,312
142.74,319,318
142.74,315,314
142.74,321,320
142.74,320,318
142.75,325,324
142.76,321,321
142.81,326,327
142.81,322,322
142.81,327,327
142.81,327,326
142.81,328,329
142.81,331,329
142.82,329,329
142.88,333,333
142.88,332,332
142.88,334,334
142.88,332,332
142.88,337,336
142.88,335,334
142.89,338,336
142.95,333,333
142.95,335,336
142.95,333,332
142.95,334,333
142.95,332,332
142.95,329,330
142.95,331,329
143.01,327,327
143.01,327,325
143.01,323,323
143.01,327,325
143.01,320,320
143.01,324,324
143.02,319,318
143.07,322,321
143.07,319,316
143.07,319,318
143.07,312,313
143.07,316,315
143.08,313,311
143.08,307,308
143.13,308,308
143.13,306,306
143.13,308,307
143.13,303,304
143.13,307,305
143.14,304,302
143.15,303,303
143.21,302,300
143.21,306,305
143.21,301,300
143.21,307,306
143.21,303,302
143.21,304,303
143.21,303,301
143.27,305,304
143.27,305,304
143.27,305,305
143.27,309,307
143.27,306,307
143.27,310,310
143.28,308,309
143.34,314,313
143.34,310,310
143.34,314,314
143.34,311,311
143.34,317,317
143.34,315,313
143.35,316,317
143.4,314,313
143.4,313,314
143.4,314,314
143.4,313,314
143.4,317,316
143.4,315,315
143.41,319,317
143.48,312,313
143.48,316,317
143.48,311,311
143.48,316,316
143.48,313,311
143.48,315,316
143.48,313,312
143.54,315,315
143.54,317,314
143.54,315,316
143.54,316,314
143.54,314,314
143.54,315,313
143.54,310,311
143.6,314,313
143.6,310,311
143.6,313,313
143.6,309,309
143.6,315,313
143.6,308,309
143.61,312,311
143.66,308,307
143.66,310,310
143.66,307,306
143.66,309,309
143.66,309,309
143.66,309,309
143.67,310,309
143.72,310,310
143.72,312,312
143.72,310,310
143.72,315,315
143.72,313,313
143.73,316,316
143.74,315,315
143.8,322,321
143.8,319,318
143.8,324,323
143.8,322,321
143.8,326,325
143.8,326,325
143.8,327,327
143.86,328,328
143.86,326,326
143.86,329,328
143.86,326,327
143.86,330,329
143.86,325,326
143.87,331,330
143.93,328,327
143.93,332,330
143.93,327,326
143.93,329,329
143.93,328,328
143.93,331,330
143.94,328,327
143.99,329,328
143.99,328,327
143.99,328,328
143.99,327,327
143.99,325,326
143.99,328,328
144.0,324,326
144.07,329,329
144.07,325,324
144.07,329,327
144.07,322,321
144.07,326,325
144.07,322,321
144.07,323,323
144.13,321,319
144.13,319,318
144.13,318,316
144.13,315,316
144.13,317,315
144.13,313,314
144.13,315,314
144.19,312,310
144.19,314,312
144.19,310,309
144.19,312,312
144.19,311,310
144.19,314,314
144.2,309,308
144.25,315,314
144.25,312,311
144.25,313,314
144.25,313,313
144.25,316,315
144.25,316,316
144.26,317,317
144.31,320,318
144.31,317,319
144.31,323,322
144.31,319,320
144.31,327,326
144.32,322,324
144.33,330,330
144.39,328,327
144.39,332,332
144.39,329,328
144.39,330,332
144.39,331,331
144.39,330,330
144.39,333,331
144.45,333,332
144.45,334,332
144.45,331,331
144.45,332,331
144.46,329,330
144.46,333,331
144.46,327,326
144.52,331,330
144.52,326,326
144.52,327,328
144.52,325,326
144.52,327,327
144.52,325,324
144.53,324,325
144.58,324,324
144.58,322,324
144.58,326,324
144.58,320,321
144.58,325,324
144.58,322,322
144.59,324,322
144.64,318,319
144.64,322,321
144.64,315,314
144.64,319,318
144.64,314,312
144.65,315,315
144.66,313,311
144.72,310,310
144.72,310,309
144.72,307,307
144.72,310,309
144.72,308,309
144.72,311,310
144.72,309,308
144.78,310,310
144.78,306,307
144.78,310,311
144.78,308,309
144.78,315,314
144.78,312,312
144.79,317,316
144.85,318,316
144.85,318,318
144.85,320,319
144.85,322,322
144.85,323,323
144.85,323,323
144.85,327,325
144.91,326,325
144.91,328,328
144.91,324,325
144.91,328,329
144.91,326,325
144.91,330,329
144.92,326,326
144.97,330,329
144.97,327,326
144.97,328,328
144.97,327,324
144.97,322,324
144.98,326,326
144.98,324,323
145.05,328,326
145.05,323,322
145.05,327,326
145.05,320,322
145.05,326,325
145.05,322,320
145.05,324,324
145.11,319,318
145.11,320,320
145.11,317,317
145.11,317,318
145.11,317,316
145.11,316,317
145.11,314,314
145.17,312,312
145.17,313,313
145.17,308,309
145.17,312,312
145.17,308,307
145.17,311,310
145.18,307,306
145.23,306,307
145.24,304,302
145.24,306,305
145.24,304,302
145.24,304,304
145.24,301,300
145.25,303,304
145.3,304,303
145.3,304,304
145.3,306,306
145.3,304,305
145.3,309,308
145.3,307,306
145.31,311,310
145.38,308,309
145.38,312,313
145.38,311,310
145.38,314,315
145.38,315,314
145.38,317,317
145.38,317,318
145.44,319,320
145.44,319,318
145.44,318,318
145.44,320,319
145.44,316,316
145.44,319,319
145.44,318,317
145.5,321,320
145.5,318,316
145.5,320,319
145.5,316,317
145.5,320,320
145.5,317,315
145.51,315,316
145.56,313,313
145.56,313,314
145.56,314,313
145.56,312,312
145.56,314,314
145.57,312,311
145.57,313,312
145.62,310,309
145.62,313,311
145.62,306,306
145.62,308,308
145.62,305,305
145.63,305,306
145.64,302,302
145.7,304,305
145.7,301,301
145.7,291,290
145.7,273,270
145.7,259,257
145.7,247,246
145.7,234,234
145.76,229,228
145.76,219,216
145.76,216,214
145.76,209,207
145.76,211,210
145.76,208,207
145.77,214,215
145.83,214,214
145.83,220,221
145.83,222,222
145.83,228,229
145.83,233,232
145.83,239,238
145.84,242,241
145.89,246,247
145.89,254,254
145.89,257,258
145.89,265,265
145.89,267,267
145.89,277,277
145.9,279,278
145.95,284,285
145.95,285,286
145.95,292,293
145.95,294,294
145.95,299,300
145.96,303,302
145.97,304,306
146.03,308,308
146.03,310,310
146.03,314,314
146.03,312,314
146.03,322,320
146.03,318,319
146.03,324,324
146.09,322,324
146.09,328,329
146.09,326,326
146.09,330,330
146.09,329,327
146.09,332,332
146.1,332,332
146.15,333,333
146.15,336,334
146.15,336,335
146.15,337,336
146.15,337,336
146.16,338,338
146.16,338,336
146.22,341,341
146.22,338,337
146.22,342,341
146.22,338,336
146.22,340,340
146.22,337,335
146.23,338,339
146.28,335,335
146.28,337,338
146.28,336,338
146.28,338,339
146.28,341,339
146.29,339,339
146.29,344,343
146.36,342,342
146.36,348,347
146.36,347,346
146.36,351,350
146.36,348,347
146.36,352,352
146.36,353,351
146.42,356,356
146.42,354,352
146.42,355,355
146.42,356,355
146.42,354,355
146.42,358,358
146.43,357,356
146.48,360,358
146.48,356,356
146.48,360,359
146.48,354,354
146.48,358,358
146.48,354,354
146.49,357,356
146.54,353,353
146.54,354,355
146.54,353,352
146.54,352,353
146.54,353,352
146.55,350,350
146.56,353,351
146.61,347,346
146.61,347,346
146.61,344,344
146.61,348,346
146.61,343,342
146.61,346,346
146.62,340,340
146.68,344,343
146.68,340,339
146.69,341,340
146.69,339,337
146.69,337,337
146.69,335,334
146.69,335,334
146.75,335,333
146.75,333,332
146.75,335,334
146.75,331,332
146.75,334,333
146.75,328,328
146.75,331,331
146.81,325,325
146.81,331,329
146.81,325,325
146.81,329,327
146.81,325,324
146.81,327,326
146.82,326,324
146.87,325,325
146.87,325,325
146.87,325,325
146.87,328,328
146.87,325,325
146.88,331,330
146.89,326,327
146.9,330,331
146.9,328,328
146.91,333,334
146.97,331,331
146.97,334,334
146.97,335,332
146.97,334,336
146.97,335,334
146.97,335,334
146.98,336,335
147.03,334,334
147.03,337,336
147.03,334,333
147.03,338,336
147.03,332,333
147.04,338,336
147.04,332,332
147.11,335,336
147.11,331,331
147.11,335,333
147.11,331,330
147.11,332,333
147.11,329,328
147.11,328,329
147.17,330,329
147.17,326,327
147.17,327,326
147.17,325,326
147.17,329,326
147.17,322,322
147.18,325,324
147.23,319,319
147.23,321,322
147.23,316,316
147.23,319,321
147.23,317,316
147.23,316,317
147.24,314,314
147.3,314,314
147.3,313,312
147.3,310,310
147.3,312,311
147.3,307,306
147.3,311,309
147.31,307,306
147.36,311,309
147.36,307,305
147.36,311,309
147.36,306,305
147.36,308,308
147.36,309,307
147.37,311,310
147.42,310,309
147.42,312,312
147.42,314,313
147.42,312,313
147.42,316,315
147.43,315,314
147.44,319,317
147.5,317,315
147.5,320,319
147.5,317,318
147.5,322,322
147.5,320,319
147.5,323,324
147.5,321,321
147.56,324,324
147.56,322,322
147.56,324,324
147.56,324,324
147.56,326,325
147.56,327,325
147.57,324,324
147.62,328,326
147.62,323,323
147.63,326,325
147.63,321,322
147.63,325,325
147.63,323,321
147.63,325,325
147.69,322,320
147.69,323,322
147.69,322,320
147.69,322,322
147.69,320,318
147.69,318,319
147.7,319,317
147.76,315,315
147.76,318,316
147.76,314,313
147.76,315,314
147.76,311,312
147.76,315,315
147.76,312,311
147.83,315,314
147.83,312,312
147.83,314,313
147.83,310,308
147.83,310,310
147.83,308,307
147.83,307,307
147.89,306,305
147.89,306,306
147.89,308,306
147.89,304,306
147.89,309,308
147.89,307,305
147.9,310,309
147.95,306,306
147.95,311,310
147.95,308,306
147.95,313,313
147.95,312,311
147.95,313,313
147.96,315,313
148.02,316,315
148.02,317,315
148.02,317,317
148.02,321,319
148.02,318,318
148.02,322,322
148.03,320,320
148.08,324,324
148.08,320,321
148.08,328,327
148.08,325,323
148.08,327,328
148.08,326,325
148.09,327,326
148.16,325,323
148.16,326,326
148.16,327,325
148.16,324,324
148.16,324,324
148.16,322,322
148.16,324,324
148.22,321,320
148.22,324,324
148.22,320,321
148.22,324,324
148.22,322,320
148.22,323,323
148.22,322,321
148.28,326,325
148.28,322,320
148.28,323,323
148.28,322,320
148.28,319,320
148.28,319,318
148.29,315,315
148.34,319,317
148.34,315,313
148.34,315,314
148.34,311,310
148.34,317,315
148.35,313,313
148.35,316,315
148.4,309,308
148.4,314,313
148.41,313,310
148.41,312,312
148.41,312,310
148.41,311,310
148.42,311,309
148.48,310,309
148.48,312,311
148.48,308,309
148.48,313,313
148.48,308,309
148.48,313,312
148.49,313,311
148.54,314,315
148.54,313,312
148.54,315,316
148.54,315,314
148.54,317,318
148.54,318,317
148.55,318,319
148.61,321,320
148.61,320,320
148.61,324,324
148.61,321,321
148.61,325,324
148.61,322,322
148.62,327,326
148.67,323,323
148.67,326,326
148.67,323,323
148.67,325,324
148.67,323,321
148.67,324,323
148.68,322,322
148.75,323,322
148.75,321,320
148.75,318,319
148.75,322,321
148.75,319,320
148.75,322,322
148.75,317,316
148.81,322,320
148.81,316,315
148.81,318,318
148.81,317,316
148.81,316,316
148.81,311,311
148.81,312,313
148.87,311,311
148.87,309,310
148.87,309,309
148.87,306,308
148.87,308,308
148.87,304,304
148.88,309,308
148.93,306,305
148.93,308,308
148.93,302,303
148.93,305,306
148.93,302,301
148.94,305,305
148.94,302,301
149.0,303,304
149.0,305,303
149.0,306,305
149.0,305,303
149.0,302,304
149.0,306,305
149.01,306,306
149.07,309,308
149.07,306,306
149.07,312,311
149.07,310,309
149.07,314,314
149.07,313,312
149.08,318,317
149.13,316,314
149.13,319,319
149.13,320,318
149.13,322,321
149.13,323,323
149.13,324,325
149.14,327,326
149.2,325,324
149.2,329,326
149.2,322,322
149.2,324,324
149.2,322,322
149.2,326,325
149.21,323,322
149.26,327,326
149.26,320,321
149.26,325,324
149.26,323,322
149.26,326,325
149.26,323,322
149.27,321,322
149.34,323,323
149.34,320,320
149.34,320,320
149.34,318,318
149.34,322,322
149.34,318,317
149.34,322,322
149.4,319,317
149.4,319,319
149.4,316,314
149.4,319,318
149.4,317,314
149.4,315,314
149.4,311,311
149.46,310,312
149.46,312,311
149.46,311,310
149.46,313,310
149.46,308,307
149.46,310,308
149.47,303,304
149.52,308,308
149.52,303,303
149.52,310,308
149.52,303,303
149.52,305,306
149.53,304,305
149.53,307,306
149.59,307,306
149.59,306,307
149.59,309,309
149.59,308,308
149.59,312,312
149.59,312,311
149.6,318,317
149.65,314,314
149.65,321,320
149.65,319,319
149.65,323,323
149.65,320,321
149.66,326,326
149.67,325,325
149.72,330,330
149.72,331,329
149.72,328,328
149.72,331,329
149.72,327,327
149.72,329,329
149.73,326,326
149.79,331,328
149.79,325,325
149.79,330,328
149.79,326,325
149.79,331,330
149.79,325,324
149.8,328,328
149.86,327,325
149.86,328,328
149.86,326,324
149.86,324,324
149.86,325,324
149.86,324,323
149.86,324,324
149.92,320,321
149.92,324,324
149.92,319,319
149.92,323,322
149.92,316,317
149.92,321,320
149.93,317,316
149.98,319,318
149.98,317,315
149.98,318,318
149.98,315,314
149.98,317,317
149.98,317,316
149.99,316,315
150.04,318,317
150.04,315,313
150.04,317,315
150.04,315,314
150.04,318,316
150.05,313,313
150.06,319,317
150.12,314,313
150.12,317,316
150.12,313,312
150.12,316,316
150.12,318,316
150.12,318,318
150.12,318,318
150.18,320,320
150.18,324,323
150.19,320,321
150.19,324,323
150.19,323,322
150.19,327,326
150.19,322,322
150.25,328,327
150.25,325,324
150.25,329,329
150.25,328,328
150.25,331,331
150.25,330,328
150.26,330,331
150.31,331,331
150.31,330,331
150.31,330,330
150.31,329,330
150.31,333,332
150.31,328,328
150.32,333,333
150.37,329,328
150.37,332,331
150.37,328,328
150.37,331,330
150.37,328,327
150.38,327,328
150.39,323,322
150.44,326,326
150.44,325,322
150.44,322,322
150.44,322,321
150.44,318,320
150.44,322,320
150.45,316,317
150.51,320,319
150.51,316,317
150.51,319,319
150.51,313,314
150.51,316,316
150.51,313,311
150.52,315,315
150.58,312,311
150.58,312,313
150.58,310,310
150.58,311,312
150.58,310,310
150.58,309,308
150.58,309,308
150.64,306,306
150.64,309,309
150.64,306,308
150.64,312,311
150.64,310,309
150.64,313,315
150.65,312,311
150.7,317,316
150.7,315,313
150.7,319,319
150.7,320,318
150.7,320,321
150.71,324,323
150.71,324,324
150.76,328,328
150.76,326,325
150.76,329,329
150.76,327,328
150.76,332,332
150.77,330,330
150.78,332,333
150.84,330,329
150.84,332,333
150.84,330,330
150.84,331,331
150.84,330,329
150.84,327,329
150.84,328,326
150.9,327,327
150.9,329,327
150.9,325,324
150.9,329,328
150.9,323,323
150.9,327,325
150.91,321,319
150.97,321,322
150.97,316,317
150.97,321,320
150.97,318,316
150.97,317,318
150.97,316,315
150.98,317,316
151.03,314,312
151.03,312,311
151.03,314,312
151.03,308,306
151.03,308,308
151.03,304,305
151.04,306,306
151.09,302,302
151.09,303,304
151.09,300,300
151.09,302,303
151.09,299,299
151.1,300,300
151.11,297,295
151.17,297,296
151.17,296,294
151.17,292,294
151.17,294,293
151.17,291,292
151.17,295,293
151.17,291,290
151.23,295,293
151.24,291,290
151.24,296,295
151.24,293,292
151.24,298,297
151.24,295,294
151.24,294,295
151.3,291,290
151.3,295,296
151.3,296,294
151.3,295,295
151.3,299,298
151.3,299,299
151.3,304,305
151.36,302,302
151.36,308,307
151.36,307,306
151.36,311,310
151.36,307,306
151.36,313,311
151.37,309,307
151.42,311,311
151.42,311,309
151.42,310,312
151.42,309,309
151.42,310,310
151.43,314,312
151.43,311,310
151.5,314,312
151.5,311,310
151.5,312,311
151.5,308,308
151.5,313,312
151.5,308,308
151.5,311,312
151.56,309,309
151.56,310,310
151.56,309,307
151.56,311,309
151.56,307,306
151.56,304,306
151.57,304,304
151.62,302,303
151.62,303,303
151.62,301,302
151.62,303,303
151.62,301,299
151.62,302,302
151.63,298,297
151.69,300,300
151.69,299,297
151.69,300,300
151.69,298,297
151.69,298,297
151.69,298,295
151.7,294,295
151.75,296,296
151.75,296,296
151.75,299,298
151.75,299,297
151.75,302,300
151.75,299,299
151.76,302,303
151.83,300,300
151.83,306,307
151.83,304,302
151.83,308,309
151.83,308,306
151.83,309,311
151.83,312,310
151.89,312,311
151.89,314,314
151.89,315,315
151.89,319,317
151.89,316,318
151.89,321,321
151.89,318,319
151.95,324,325
151.95,320,320
151.95,326,324
151.95,321,320
151.95,327,326
151.95,323,322
151.96,326,327
152.01,324,323
152.01,326,326
152.01,325,323
152.01,323,323
152.01,324,324
152.02,321,322
152.02,324,324
152.09,320,320
152.09,325,323
152.09,318,317
152.09,320,319
152.09,316,314
152.09,315,316
152.09,311,312
152.15,314,315
152.15,312,311
152.15,314,313
152.15,312,310
152.15,310,309
152.15,310,308
152.16,305,305
152.21,310,308
152.21,305,304
152.21,307,305
152.21,302,302
152.21,306,306
152.21,302,301
152.22,284,281
152.28,267,266
152.28,263,262
152.28,253,250
152.28,247,246
152.28,242,239
152.28,240,239
152.29,235,233
152.34,228,229
152.34,228,228
152.34,226,224
152.34,227,225
152.34,224,222
152.34,225,225
152.35,220,220
152.41,227,226
152.42,223,222
152.42,229,228
152.42,229,228
152.42,230,229
152.42,232,232
152.42,235,234
152.48,240,239
152.48,240,240
152.48,245,246
152.48,249,249
152.48,259,259
152.48,260,261
152.48,272,271
152.54,272,271
152.54,282,282
152.54,283,283
152.54,292,293
152.54,296,296
152.54,305,306
152.55,313,312
152.6,317,317
152.6,320,318
152.6,305,305
152.6,305,304
152.6,300,299
152.61,299,297
152.61,293,292
152.67,295,293
152.67,288,287
152.67,292,292
152.67,288,289
152.67,296,298
152.67,298,299
152.68,305,307
152.74,309,308
152.74,315,315
152.74,318,317
152.74,321,320
152.74,325,325
152.74,329,328
152.75,336,335
152.8,335,336
152.81,343,342
152.81,342,342
152.81,350,351
152.81,349,349
152.81,355,357
152.81,358,358
152.87,365,365
152.87,365,365
152.87,367,369
152.87,373,373
152.87,373,374
152.87,380,378
152.88,377,379
152.93,383,384
152.93,382,383
152.93,388,389
152.93,387,388
152.93,393,394
152.93,394,393
152.94,400,400
152.99,399,398
152.99,403,404
152.99,405,403
152.99,406,406
152.99,408,407
153.0,411,410
153.01,412,410
153.07,407,408
153.07,414,413
153.07,408,408
153.07,413,412
153.07,410,409
153.07,412,413
153.07,407,408
153.13,411,411
153.13,406,406
153.13,410,410
153.13,407,407
153.13,406,407
153.13,408,406
153.14,405,404
153.2,404,402
153.2,400,399
153.2,401,400
153.2,396,396
153.2,397,398
153.2,393,393
153.2,394,394
153.26,389,388
153.26,392,392
153.26,387,386
153.26,388,388
153.26,383,382
153.26,383,383
153.27,381,380
153.32,378,377
153.32,377,376
153.32,374,375
153.32,373,373
153.32,368,369
153.33,370,369
153.34,365,364
153.4,369,367
153.4,362,360
153.4,365,363
153.4,357,355
153.4,360,358
153.4,355,353
153.4,351,352
153.46,352,351
153.46,350,351
153.46,349,348
153.46,345,345
153.46,347,347
153.46,345,345
153.47,347,345
153.52,341,341
153.52,345,346
153.52,341,342
153.52,346,345
153.52,344,343
153.52,348,346
153.53,342,342
153.59,346,346
153.59,346,345
153.59,345,344
153.59,347,344
153.59,345,345
153.59,347,346
153.6,345,344
153.65,346,345
153.65,342,342
153.65,345,344
153.65,341,340
153.65,345,343
153.65,339,338
153.66,339,339
153.73,337,336
153.73,337,336
153.73,334,334
153.73,334,333
153.73,333,332
153.73,331,330
153.73,329,329
153.79,326,327
153.79,326,326
153.79,323,322
153.79,325,324
153.79,318,318
153.79,324,322
153.79,318,316
153.85,319,318
153.85,315,313
153.85,315,314
153.85,311,310
153.85,311,311
153.85,310,309
153.86,306,307
153.91,307,307
153.91,303,304
153.91,306,305
153.91,300,301
153.91,303,302
153.92,298,297
153.93,301,301
153.98,296,296
153.98,298,299
153.98,294,294
153.98,297,296
153.98,294,293
153.98,294,295
153.99,294,294
154.05,294,295
154.05,297,297
154.05,296,296
154.05,300,300
154.05,299,299
154.05,304,303
154.06,300,300
154.11,306,306
154.11,303,303
154.11,307,307
154.11,306,306
154.12,310,311
154.12,312,310
154.12,314,314
154.18,315,314
154.18,314,314
154.18,317,315
154.18,313,313
154.18,316,315
154.18,314,313
154.19,316,317
154.24,312,313
154.24,316,316
154.24,311,312
154.24,314,315
154.24,312,311
154.24,313,313
154.25,312,310
154.32,313,312
154.32,314,311
154.32,312,311
154.32,311,309
154.32,307,308
154.32,309,308
154.32,307,306
154.38,310,308
154.38,304,303
154.38,307,306
154.38,300,300
154.38,305,304
154.38,299,298
154.38,301,302
154.44,300,299
154.44,300,300
154.44,298,298
154.44,298,298
154.44,299,298
154.44,297,296
154.45,298,298
154.5,295,296
154.5,299,298
154.51,295,293
154.51,296,295
154.51,292,293
154.51,297,297
154.51,293,293
154.57,296,296
154.57,293,293
154.57,294,295
154.57,295,293
154.57,292,294
154.57,296,295
154.58,296,296
154.59,298,297
154.6,294,295
154.61,298,299
154.66,298,298
154.66,304,304
154.66,299,299
154.66,306,305
154.66,302,302
154.67,307,306
154.67,307,306
154.72,311,310
154.72,310,309
154.73,314,313
154.73,314,313
154.73,312,313
154.73,316,316
154.74,313,312
154.8,318,316
154.8,315,315
154.8,319,318
154.8,317,316
154.8,319,317
154.8,314,314
154.81,318,319
154.86,316,316
154.86,317,318
154.86,316,316
154.86,316,317
154.86,316,316
154.86,314,315
154.87,318,316
154.93,315,314
154.93,317,316
154.93,311,312
154.93,318,317
154.93,311,311
154.93,315,314
154.94,312,310
154.99,315,314
154.99,311,310
154.99,313,312
154.99,311,309
154.99,311,312
154.99,313,311
155.0,310,312
155.06,313,312
155.06,309,310
155.07,312,312
155.07,309,309
155.07,313,311
155.07,307,306
155.07,310,311
155.13,307,307
155.13,312,312
155.13,308,308
155.13,310,311
155.13,310,309
155.13,312,312
155.13,313,311
155.19,313,312
155.19,315,314
155.19,313,314
155.19,319,318
155.19,317,317
155.19,322,320
155.2,318,318
155.25,324,323
155.25,320,319
155.25,324,324
155.25,322,322
155.25,326,327
155.26,325,325
155.26,329,329
155.33,329,327
155.33,330,330
155.33,331,330
155.33,329,330
155.33,334,333
155.33,331,331
155.33,336,335
155.39,334,332
155.39,335,334
155.39,329,330
155.39,332,334
155.39,330,329
155.39,333,333
155.4,331,329
155.46,331,332
155.46,331,328
155.46,326,327
155.46,328,326
155.46,324,324
155.46,325,324
155.46,322,321
155.52,323,322
155.52,320,320
155.52,324,322
155.52,319,318
155.52,322,320
155.52,314,314
155.53,318,318
155.58,314,313
155.58,312,312
155.58,309,309
155.58,308,309
155.58,308,308
155.58,306,305
155.59,310,307
155.64,302,303
155.64,307,305
155.64,302,301
155.64,304,303
155.64,297,297
155.65,300,300
155.66,295,295
155.72,297,297
155.72,292,292
155.72,295,295
155.72,292,291
155.72,293,293
155.72,293,291
155.72,291,291
155.78,292,292
155.78,291,290
155.78,293,293
155.78,291,291
155.78,295,294
155.78,290,291
155.79,295,296
155.85,293,293
155.85,298,299
155.85,296,296
155.85,302,300
155.85,300,300
155.85,302,303
155.85,305,303
155.91,304,303
155.91,304,304
155.91,301,302
155.91,302,302
155.91,297,297
155.91,302,299
155.92,294,293
155.97,298,298
155.97,295,296
155.97,298,299
155.97,296,294
155.97,298,298
155.98,295,295
155.99,297,298
156.05,300,298
156.05,297,297
156.05,297,296
156.05,295,295
156.05,299,298
156.05,294,296
156.05,301,301
156.11,298,297
156.11,305,303
156.11,301,300
156.11,303,303
156.11,302,301
156.11,302,302
156.12,302,302
156.17,303,304
156.17,302,301
156.17,301,302
156.17,302,302
156.17,298,300
156.17,302,301
156.18,301,301
156.23,304,303
156.23,301,301
156.23,305,304
156.23,301,301
156.23,305,305
156.24,301,302
156.25,304,305
156.3,307,304
156.3,305,306
156.3,306,306
156.3,308,308
156.3,311,309
156.3,312,311
156.31,316,315
156.37,313,312
156.37,319,318
156.37,317,316
156.37,320,320
156.37,317,316
156.37,322,323
156.38,321,321
156.44,326,325
156.44,324,324
156.44,326,327
156.44,328,327
156.44,328,329
156.44,329,329
156.44,329,329
156.5,333,332
156.5,329,328
156.5,331,330
156.5,328,328
156.5,333,331
156.5,325,325
156.51,328,328
156.56,326,324
156.56,326,328
156.56,324,323
156.56,324,324
156.56,324,323
156.57,323,324
156.58,326,324
156.64,322,323
156.64,322,322
156.64,320,320
156.64,324,324
156.64,320,320
156.64,325,324
156.64,322,319
156.7,321,321
156.7,318,316
156.7,319,319
156.7,319,317
156.7,318,319
156.7,317,316
156.71,316,316
156.76,316,316
156.76,314,315
156.76,316,315
156.76,312,312
156.76,317,315
156.76,312,311
156.77,316,315
156.82,311,311
156.82,314,313
156.82,309,309
156.82,311,312
156.82,308,308
156.83,310,310
156.84,310,309
156.89,310,310
156.89,310,308
156.89,309,308
156.89,311,310
156.89,308,309
156.89,314,314
156.9,312,312
156.97,317,316
156.97,315,314
156.97,321,320
156.97,319,317
156.97,320,322
156.97,318,319
156.97,323,324
157.03,325,324
157.03,324,326
157.03,328,326
157.03,328,327
157.03,328,326
157.03,326,327
157.03,330,329
157.09,327,327
157.09,331,329
157.09,325,325
157.09,333,332
157.09,328,327
157.09,330,329
157.1,326,326
157.15,328,328
157.15,325,325
157.15,329,328
157.15,326,325
157.15,325,325
157.16,326,326
157.16,325,325
157.22,328,326
157.22,323,323
157.22,326,326
157.22,322,322
157.22,325,325
157.22,321,319
157.23,323,322
157.29,317,316
157.29,319,318
157.29,316,315
157.29,314,316
157.29,316,314
157.29,315,316
157.3,318,317
157.36,313,314
157.36,316,316
157.36,314,313
157.36,317,315
157.36,311,309
157.36,315,313
157.36,310,308
157.42,310,311
157.42,307,306
157.42,309,309
157.42,308,307
157.42,307,306
157.42,306,306
157.43,307,308
157.48,308,307
157.48,306,307
157.48,312,311
157.48,310,311
157.48,316,315
157.48,312,312
157.49,317,316
157.55,316,315
157.55,320,320
157.55,316,316
157.55,320,321
157.55,321,320
157.55,323,324
157.56,324,324
157.62,324,324
157.62,324,323
157.62,325,324
157.62,326,324
157.62,323,323
157.62,326,325
157.62,322,323
157.68,328,328
157.68,323,323
157.68,330,328
157.68,325,323
157.68,327,326
157.68,324,322
157.69,326,325
157.75,326,324
157.75,322,322
157.75,324,323
157.75,323,323
157.75,324,324
157.75,320,321
157.75,322,323
157.81,319,320
157.81,325,323
157.81,320,318
157.81,321,320
157.81,319,317
157.81,320,320
157.82,317,315
157.87,316,316
157.87,314,314
157.87,313,314
157.87,314,314
157.87,312,312
157.88,315,314
157.89,311,311
157.95,314,313
157.95,309,309
157.95,314,313
157.95,310,310
157.95,311,312
157.95,308,308
157.95,312,311
158.01,311,310
158.01,313,311
158.01,312,311
158.01,313,314
158.01,314,313
158.01,314,314
158.02,317,315
158.07,314,314
158.07,319,317
158.07,315,315
158.07,320,319
158.07,315,315
158.07,321,320
158.08,318,318
158.14,323,322
158.14,317,316
158.14,320,321
158.14,319,318
158.14,319,318
158.14,321,319
158.15,320,320
158.2,321,320
158.2,319,319
158.2,324,322
158.2,317,317
158.2,322,322
158.21,317,317
158.21,321,321
158.28,317,316
158.28,322,321
158.28,319,317
158.28,321,320
158.28,319,318
158.28,317,316
158.28,318,317
158.34,319,318
158.34,322,320
158.34,316,316
158.34,320,318
158.34,316,315
158.34,319,318
158.34,314,314
158.4,317,317
158.4,312,312
158.4,318,317
158.4,314,312
158.4,315,316
158.4,312,312
158.41,315,315
158.46,315,312
158.46,312,312
158.46,314,313
158.46,310,311
158.46,314,314
158.47,309,310
158.48,315,314
158.53,310,310
158.53,316,315
158.53,312,311
158.53,316,315
158.53,313,311
158.53,317,316
158.54,314,313
158.6,317,316
158.6,315,314
158.6,314,315
158.6,317,317
158.6,316,316
158.6,318,318
158.61,316,316
158.67,320,318
158.67,315,314
158.67,319,319
158.67,316,315
158.67,321,320
158.67,316,316
158.67,319,320
158.73,318,318
158.73,320,321
158.73,320,318
158.73,319,320
158.73,322,322
158.73,318,319
158.74,322,321
158.79,320,320
158.79,322,322
158.79,319,318
158.79,321,320
158.79,318,317
158.79,323,322
158.8,316,316
158.86,321,320
158.86,318,318
158.86,319,319
158.86,320,318
158.86,319,320
158.86,320,320
158.87,319,319
158.92,320,319
158.92,316,317
158.92,319,318
158.92,316,316
158.92,319,318
158.93,317,316
158.93,321,319
159.0,316,314
159.0,320,320
159.0,318,317
159.0,319,319
159.0,319,316
159.0,319,318
159.0,320,318
159.06,318,317
159.06,320,318
159.06,315,316
159.06,318,317
159.06,313,313
159.06,318,318
159.07,314,313
159.12,318,318
159.12,316,315
159.12,318,318
159.12,317,315
159.12,318,317
159.12,313,313
159.13,316,317
159.18,317,316
159.18,314,315
159.18,316,316
159.18,313,314
159.18,316,316
159.19,314,314
159.2,318,318
159.26,314,314
159.26,317,317
159.26,314,312
159.26,316,316
159.26,314,313
159.26,314,315
159.26,312,311
159.32,314,313
159.32,312,311
159.32,312,312
159.32,313,313
159.32,311,312
159.32,314,313
159.33,309,309
159.38,313,313
159.39,308,307
159.39,311,311
159.39,308,308
159.39,311,312
159.39,308,307
159.39,312,312
159.45,309,308
159.45,309,311
159.45,310,310
159.45,311,312
159.45,313,311
159.45,310,311
159.46,313,314
159.51,312,311
159.51,315,314
159.51,309,310
159.51,314,314
159.51,313,313
159.52,316,317
159.52,313,313
159.59,316,317
159.59,315,314
159.59,316,318
159.59,316,316
159.59,316,317
159.59,316,315
159.59,312,311
159.65,315,314
159.65,311,310
159.65,316,315
159.65,312,311
159.65,317,316
159.65,318,316
159.66,317,317
159.71,313,313
159.71,316,315
159.71,313,312
159.71,313,312
159.71,312,311
159.71,310,312
159.72,310,309
159.78,309,309
159.78,309,309
159.78,304,305
159.78,308,308
159.78,304,304
159.78,303,301
159.79,291,289
159.84,283,280
159.84,266,264
159.84,258,258
159.84,246,245
159.84,238,238
159.84,233,230
159.85,230,229
159.92,229,228
159.92,228,229
159.92,235,234
159.92,235,234
159.92,239,239
159.92,236,237
159.92,243,243
159.98,242,242
159.98,249,250
159.98,249,249
159.98,254,254
159.98,254,254
159.98,258,260
159.98,261,262
160.04,264,266
160.04,271,269
160.04,271,272
160.04,279,278
160.04,280,279
160.04,283,282
160.05,283,284
160.1,290,290
160.1,290,289
160.1,295,295
160.1,294,294
160.11,299,299
160.11,300,299
160.11,304,304
160.17,303,303
160.17,306,307
160.17,311,309
160.17,313,313
160.17,316,314
160.17,315,316
160.18,321,321
160.24,318,319
160.24,325,325
160.24,322,322
160.24,328,329
160.24,328,327
160.24,334,334
160.24,332,331
160.31,337,337
160.31,337,336
160.31,338,338
160.31,339,338
160.31,341,340
160.31,344,341
160.31,340,339
160.37,345,343
160.37,341,341
160.37,346,346
160.37,343,343
160.37,347,347
160.37,343,342
160.38,349,348
160.43,345,345
160.43,348,348
160.44,347,346
160.44,346,346
160.44,348,348
160.44,347,346
160.44,349,347
160.5,345,346
160.5,348,347
160.5,343,345
160.5,351,350
160.5,345,344
160.5,349,350
160.51,346,346
160.56,351,350
160.56,346,346
160.56,350,351
160.56,348,346
160.56,347,349
160.56,349,348
160.57,350,348
160.64,349,348
160.64,347,346
160.64,349,347
160.64,343,345
160.64,349,348
160.64,345,345
160.64,349,348
160.7,343,342
160.7,347,346
160.7,342,341
160.7,344,345
160.7,340,341
160.7,343,342
160.7,343,341
160.77,341,341
160.77,342,341
160.77,340,341
160.77,342,341
160.77,339,338
160.77,344,343
160.77,339,338
160.83,342,341
160.83,339,338
160.83,342,342
160.83,337,336
160.83,340,340
160.83,337,335
160.83,336,337
160.89,334,334
160.89,336,336
160.89,337,335
160.89,334,333
160.89,336,333
160.89,331,330
160.9,333,333
160.95,329,329
160.95,334,332
160.95,329,329
160.95,333,331
160.95,329,328
160.96,333,331
160.97,331,329
161.03,331,330
161.03,329,327
161.03,326,327
161.03,328,327
161.03,327,326
161.03,327,326
161.03,325,324
161.09,327,326
161.09,323,321
161.09,326,324
161.09,321,320
161.09,327,326
161.09,323,322
161.1,325,326
161.15,322,321
161.15,324,324
161.15,321,320
161.15,322,322
161.15,324,321
161.15,321,321
161.16,322,320
161.21,319,319
161.21,321,320
161.22,317,316
161.22,321,320
161.22,318,316
161.22,322,320
161.23,317,315
161.29,320,319
161.29,317,317
161.29,320,320
161.29,319,318
161.29,319,318
161.29,319,316
161.29,316,315
161.35,317,315
161.35,313,314
161.35,316,315
161.35,312,311
161.35,315,314
161.35,311,312
161.36,317,316
161.42,312,311
161.42,315,316
161.42,314,312
161.42,315,315
161.42,315,312
161.42,314,314
161.42,315,314
161.48,313,313
161.48,317,314
161.48,314,313
161.48,316,316
161.48,313,314
161.48,316,314
161.49,311,310
161.54,315,313
161.54,308,308
161.54,313,312
161.54,311,309
161.54,315,314
161.55,312,311
161.56,314,314
161.62,312,312
161.62,311,312
161.62,314,312
161.62,313,313
161.62,317,315
161.62,313,313
161.62,318,316
161.68,314,313
161.68,318,317
161.68,314,314
161.68,319,319
161.68,315,313
161.68,319,318
161.69,318,316
161.74,320,319
161.74,319,318
161.74,317,317
161.74,318,317
161.74,317,316
161.74,318,317
161.75,317,316
161.81,321,318
161.81,315,315
161.81,319,318
161.81,315,314
161.81,320,319
161.81,316,314
161.82,319,319
161.87,315,314
161.87,316,316
161.87,317,316
161.87,316,316
161.87,317,317
161.88,314,315
161.88,317,316
161.95,313,315
161.95,318,316
161.95,315,314
161.95,318,318
161.95,314,314
161.95,319,319
161.95,315,314
162.01,316,316
162.01,315,314
162.01,317,318
162.01,315,314
162.01,314,315
162.01,316,316
162.01,314,316
162.07,316,315
162.07,314,314
162.07,317,316
162.07,313,314
162.07,317,318
162.07,312,314
162.08,316,317
162.13,315,314
162.13,316,317
162.13,315,313
162.13,318,317
162.13,316,316
162.14,317,318
162.15,317,315
162.2,314,315
162.2,318,318
162.2,315,315
162.2,318,318
162.2,316,315
162.2,318,317
162.21,313,314
162.22,318,318
162.23,316,315
162.24,319,317
162.29,313,312
162.29,315,315
162.29,316,315
162.29,316,316
162.29,316,316
162.3,316,317
162.31,317,316
162.37,314,315
162.37,319,317
162.37,313,313
162.37,316,317
162.37,313,313
162.37,316,317
162.37,314,314
162.43,317,318
162.43,315,314
162.43,317,316
162.43,314,314
162.43,317,316
162.43,314,314
162.44,314,314
162.49,314,315
162.49,314,314
162.49,317,315
162.49,314,313
162.49,318,316
162.49,311,311
162.5,316,316
162.56,311,311
162.56,316,316
162.56,313,312
162.56,317,316
162.56,314,312
162.56,315,314
162.57,314,312
162.62,313,314
162.62,314,313
162.62,312,313
162.62,316,314
162.62,311,313
162.62,316,316
162.63,312,313
162.7,316,317
162.7,312,312
162.7,320,319
162.7,315,314
162.7,318,318
162.7,317,315
162.7,320,319
162.76,318,317
162.76,319,318
162.76,319,317
162.76,316,317
162.76,320,320
162.76,316,317
162.76,321,320
162.82,316,316
162.82,320,320
162.82,317,316
162.82,321,320
162.82,319,317
162.82,322,321
162.83,320,318
162.88,322,321
162.88,319,318
162.88,319,320
162.88,319,319
162.88,318,319
162.89,320,320
162.89,317,318
162.96,320,319
162.96,316,316
162.96,321,320
162.96,317,315
162.96,316,318
162.96,315,315
162.96,319,318
163.02,315,315
163.02,316,317
163.02,316,315
163.02,314,315
163.02,316,315
163.02,315,316
163.03,315,314
163.08,312,314
163.08,315,316
163.08,314,313
163.08,317,316
163.08,313,312
163.08,316,316
163.09,313,312
163.15,315,315
163.15,310,309
163.15,314,313
163.15,312,310
163.15,313,314
163.15,310,310
163.16,313,313
163.21,314,313
163.21,312,312
163.21,314,314
163.21,313,312
163.21,316,316
163.21,312,313
163.22,316,316
163.29,311,311
163.29,316,315
163.29,312,311
163.29,313,314
163.29,313,311
163.29,312,312
163.29,311,308
163.35,308,307
163.35,308,307
163.35,305,305
163.35,308,307
163.35,306,306
163.35,309,309
163.35,307,306
163.41,311,310
163.41,305,305
163.41,309,309
163.41,307,305
163.41,308,309
163.41,308,308
163.42,309,309
163.47,308,308
163.47,310,308
163.47,310,308
163.47,307,306
163.47,310,309
163.48,308,307
163.48,311,310
163.54,309,307
163.54,311,311
163.54,310,308
163.54,312,311
163.54,309,308
163.54,313,312
163.55,311,310
163.61,313,313
163.61,313,313
163.61,313,313
163.61,315,314
163.61,315,315
163.61,317,316
163.62,315,314
163.68,317,315
163.68,313,313
163.68,316,317
163.68,314,314
163.68,318,318
163.68,316,316
163.68,318,320
163.74,319,319
163.74,321,320
163.74,319,319
163.74,320,320
163.74,320,320
163.74,319,319
163.75,321,321
163.8,319,320
163.8,323,322
163.8,319,320
163.8,323,324
163.8,318,319
163.8,324,324
163.81,319,319
163.87,325,325
163.87,321,320
163.87,324,324
163.87,322,321
163.87,322,323
163.87,322,321
163.88,320,322
163.93,322,322
163.93,322,321
163.93,325,324
163.93,320,320
163.93,325,325
163.94,321,321
163.94,324,324
164.01,320,320
164.01,323,323
164.01,321,319
164.01,324,323
164.01,322,321
164.01,323,322
164.01,323,321
164.07,321,321
164.07,322,322
164.07,321,320
164.07,323,322
164.07,319,318
164.07,323,322
164.07,320,318
164.13,323,322
164.13,318,318
164.13,325,324
164.13,320,319
164.13,322,322
164.13,320,320
164.14,323,323
164.19,321,320
164.19,323,322
164.19,321,321
164.19,321,322
164.19,324,323
164.2,321,320
164.21,323,322
164.26,318,318
164.26,323,322
164.26,319,318
164.26,320,321
164.26,316,316
164.26,317,318
164.27,315,314
164.33,318,316
164.33,314,312
164.33,313,314
164.33,315,314
164.33,314,313
164.33,315,314
164.34,312,311
164.4,315,315
164.4,310,310
164.4,315,314
164.4,312,311
164.4,317,314
164.4,310,309
164.4,313,312
164.46,312,310
164.46,312,313
164.46,314,312
164.46,312,311
164.46,313,312
164.46,312,311
164.47,313,313
164.52,311,311
164.52,313,313
164.52,310,311
164.52,316,314
164.52,309,309
164.53,315,314
164.53,310,310
164.6,314,314
164.6,312,311
164.6,315,314
164.6,312,312
164.6,313,314
164.6,313,313
164.6,312,313
164.66,313,313
164.66,311,312
164.66,316,315
164.66,312,312
164.66,314,315
164.66,310,311
164.66,316,316
164.72,313,313
164.72,316,316
164.72,313,313
164.72,313,314
164.72,313,312
164.72,313,314
164.73,314,314
164.78,314,313
164.78,316,315
164.78,314,314
164.78,319,319
164.78,315,315
164.79,319,319
164.8,317,316
164.85,320,320
164.85,316,315
164.85,321,320
164.85,319,317
164.85,318,318
164.85,318,317
164.86,316,317
164.92,320,320
164.92,319,320
164.92,321,320
164.92,321,320
164.92,326,323
164.92,322,322
164.93,327,325
164.99,321,322
164.99,327,326
164.99,324,322
164.99,328,328
164.99,326,324
164.99,326,327
164.99,326,324
165.05,327,326
165.05,325,324
165.05,325,326
165.05,326,326
165.05,323,324
165.05,329,327
165.06,325,324
165.11,328,328
165.11,325,324
165.11,328,328
165.11,324,323
165.11,327,326
165.11,324,324
165.12,327,327
165.17,322,323
165.17,327,326
165.17,325,325
165.17,326,326
165.17,326,325
165.18,323,322
165.19,325,324
165.25,323,321
165.25,324,324
165.25,321,320
165.25,323,324
165.25,319,319
165.25,323,323
165.25,320,319
165.31,324,324
165.31,323,321
165.31,321,322
165.31,323,322
165.31,323,322
165.31,321,320
165.32,319,320
165.37,322,321
165.37,320,319
165.37,321,320
165.37,319,317
165.37,317,315
165.38,304,303
165.39,300,298
165.44,283,280
165.44,275,273
165.44,264,264
165.44,260,259
165.44,253,253
165.44,250,252
165.45,252,252
165.52,252,252
165.52,257,255
165.52,253,254
165.52,260,258
165.52,258,258
165.52,264,262
165.52,260,260
165.58,266,267
165.58,265,264
165.58,272,271
165.58,271,271
165.58,276,277
165.58,280,278
165.58,282,281
165.64,284,282
165.64,285,285
165.64,289,289
165.64,287,288
165.64,292,293
165.64,291,291
165.65,299,298
165.7,295,296
165.7,302,303
165.7,301,300
165.7,305,306
165.7,305,305
165.7,311,311
165.71,314,312
165.76,313,312
165.76,314,314
165.77,316,315
165.77,319,318
165.77,317,318
165.77,321,321
165.78,318,319
165.84,326,325
165.84,324,323
165.84,327,327
165.84,323,324
165.84,329,329
165.84,326,326
165.84,329,328
165.9,327,326
165.9,328,328
165.9,330,328
165.9,328,329
165.9,330,329
165.9,327,328
165.91,331,330
165.97,330,329
165.97,332,332
165.97,328,327
165.97,332,332
165.97,329,328
165.97,331,331
165.98,329,328
166.03,329,330
166.03,329,329
166.03,330,330
166.03,331,330
166.03,329,329
166.03,332,330
166.04,328,329
166.09,331,331
166.09,331,330
166.09,332,332
166.09,329,328
166.09,335,334
166.1,330,329
166.11,335,334
166.17,332,331
166.17,334,335
166.17,333,332
166.17,333,335
166.17,334,334
166.17,332,334
166.17,337,336
166.23,336,335
166.23,337,337
166.23,335,334
166.23,338,337
166.23,334,333
166.23,338,338
166.24,333,333
166.29,336,336
166.29,333,332
166.29,338,337
166.29,334,334
166.29,336,335
166.3,333,333
166.3,333,334
166.36,333,333
166.36,335,335
166.36,336,336
166.36,330,332
166.36,334,335
166.36,331,331
166.37,336,333
166.42,330,329
166.42,334,333
166.42,328,329
166.42,333,333
166.42,329,328
166.43,330,329
166.43,328,327
166.48,327,326
166.48,327,326
166.48,326,324
166.48,327,325
166.48,322,322
166.49,326,325
166.5,320,320
166.56,325,323
166.56,320,319
166.56,321,321
166.56,317,316
166.56,318,320
166.56,316,316
166.56,318,318
166.62,316,315
166.62,317,317
166.62,318,317
166.62,316,316
166.62,318,317
166.62,315,315
166.63,317,317
166.69,315,314
166.69,318,318
166.69,314,312
166.69,316,316
166.69,312,311
166.69,315,315
166.7,313,313
166.75,317,318
166.75,316,315
166.75,317,317
166.75,319,317
166.75,318,318
166.75,322,319
166.76,318,317
166.81,322,320
166.81,319,316
166.81,321,321
166.81,316,315
166.81,320,320
166.82,319,318
166.83,321,321
166.89,316,317
166.89,319,320
166.89,318,317
166.89,320,319
166.89,320,317
166.89,316,317
166.89,319,317
166.95,318,317
166.95,319,318
166.95,314,314
166.95,317,317
166.95,313,313
166.95,315,315
166.96,313,311
167.01,313,314
167.01,313,310
167.01,313,313
167.01,311,308
167.01,311,310
167.02,311,309
167.02,309,308
167.08,309,308
167.08,306,307
167.08,310,309
167.08,308,307
167.08,312,312
167.08,309,309
167.09,313,314
167.14,311,311
167.14,318,318
167.14,316,314
167.14,320,320
167.14,319,318
167.15,323,323
167.15,322,321
167.22,323,322
167.22,325,325
167.22,326,325
167.22,329,328
167.22,328,327
167.22,332,332
167.22,326,326
167.28,331,331
167.28,326,327
167.28,334,333
167.28,330,329
167.28,332,332
167.28,329,328
167.29,331,331
167.34,331,329
167.34,330,329
167.34,329,327
167.34,327,326
167.34,328,327
167.34,324,325
167.35,326,324
167.41,323,321
167.41,326,326
167.41,323,322
167.41,326,327
167.41,322,322
167.41,326,326
167.42,321,321
167.47,322,324
167.47,323,321
167.47,323,323
167.47,322,319
167.47,318,319
167.47,321,320
167.48,316,316
167.55,316,317
167.55,316,315
167.55,319,316
167.55,313,312
167.55,317,315
167.55,310,310
167.55,313,313
167.61,309,309
167.61,309,309
167.61,308,308
167.61,307,308
167.61,308,307
167.61,307,306
167.61,310,307
167.67,304,303
167.67,307,306
167.67,303,303
167.67,307,306
167.67,302,300
167.67,304,304
167.68,301,300
167.73,303,304
167.73,301,301
167.73,304,304
167.73,307,305
167.73,307,307
167.74,307,306
167.74,307,308
167.8,310,310
167.8,308,309
167.8,311,311
167.8,310,311
167.8,315,314
167.8,314,313
167.81,319,318
167.87,316,315
167.87,321,321
167.87,318,318
167.87,324,324
167.87,321,320
167.87,325,324
167.88,324,324
167.94,324,324
167.94,325,325
167.94,322,324
167.94,326,326
167.94,324,324
167.94,329,328
167.94,324,323
168.0,328,327
168.0,323,322
168.0,326,327
168.0,322,322
168.0,325,325
168.0,322,322
168.01,322,323
168.06,322,321
168.06,320,321
168.06,323,322
168.06,322,322
168.06,324,323
168.06,321,320
168.07,325,324
168.12,319,319
168.12,320,320
168.12,319,317
168.12,321,321
168.12,317,316
168.13,320,320
168.14,317,315
168.2,318,318
168.2,315,315
168.2,315,315
168.2,314,312
168.2,310,312
168.2,314,314
168.2,309,310
168.26,313,312
168.26,307,306
168.26,310,310
168.26,305,304
168.26,309,309
168.26,307,305
168.27,310,309
168.33,310,307
168.33,309,307
168.33,308,307
168.33,310,311
168.33,310,310
168.33,309,309
168.33,311,310
168.39,308,308
168.39,314,312
168.39,309,308
168.39,313,314
168.39,311,310
168.39,314,316
168.4,312,313
168.45,316,316
168.45,314,313
168.45,316,317
168.45,317,316
168.45,321,321
168.46,323,320
168.47,321,321
168.53,324,323
168.53,321,321
168.53,325,325
168.53,321,321
168.53,327,325
168.53,321,321
168.53,326,326
168.59,322,321
168.59,326,326
168.59,325,322
168.59,325,325
168.59,325,323
168.59,322,324
168.6,324,322
168.65,322,321
168.65,323,322
168.65,319,319
168.65,322,322
168.65,318,318
168.65,323,321
168.66,319,317
168.72,321,320
168.72,315,315
168.72,318,318
168.72,316,316
168.72,317,317
168.72,317,315
168.73,317,318
168.78,317,316
168.78,314,315
168.78,316,315
168.78,314,314
168.78,317,315
168.78,312,311
168.79,314,313
168.86,308,308
168.86,315,313
168.86,309,308
168.86,312,312
168.86,308,308
168.86,313,313
168.86,313,312
168.92,313,312
168.92,313,313
168.92,314,314
168.92,317,315
168.92,315,314
168.92,317,316
168.92,314,314
168.98,317,317
168.98,314,314
168.98,319,319
168.98,315,316
168.98,322,322
168.98,320,318
168.99,323,322
169.04,322,320
169.04,322,321
169.04,320,321
169.04,324,324
169.04,326,325
169.05,323,324
169.06,328,329
169.12,324,324
169.12,330,329
169.12,327,326
169.12,331,330
169.12,325,325
169.12,328,328
169.12,324,323
169.18,327,326
169.18,322,322
169.18,324,324
169.18,325,322
169.18,323,323
169.18,324,322
169.19,323,322
169.24,326,325
169.24,322,322
169.24,326,325
169.24,322,321
169.24,325,324
169.24,320,320
169.25,323,322
169.31,318,318
169.31,323,322
169.31,320,318
169.31,321,320
169.31,319,318
169.31,317,316
169.32,317,315
169.37,314,313
169.37,314,314
169.37,310,311
169.37,313,312
169.37,308,308
169.37,311,312
169.38,312,310
169.44,315,314
169.44,310,308
169.44,311,312
169.44,310,310
169.44,310,311
169.44,307,307
169.45,308,308
169.51,310,309
169.51,309,308
169.51,311,311
169.51,308,309
169.51,314,313
169.51,311,311
169.51,316,315
169.57,312,313
169.57,316,316
169.57,314,313
169.57,319,318
169.57,317,314
169.57,322,321
169.58,322,321
169.63,326,325
169.63,327,324
169.63,325,326
169.63,329,329
169.63,325,326
169.64,329,328
169.64,324,325
169.71,326,326
169.71,319,320
169.71,326,325
169.71,321,320
169.71,325,324
169.71,321,319
169.71,323,321
169.77,319,317
169.77,318,318
169.77,318,316
169.77,314,315
169.77,315,314
169.77,312,312
169.78,314,312
169.79,309,309
169.8,315,313
169.8,308,308
169.87,311,309
169.87,303,302
169.87,305,304
169.87,301,300
169.87,300,301
169.87,298,298
169.87,300,300
169.93,302,300
169.93,300,300
169.93,302,301
169.93,302,301
169.93,304,303
169.93,299,298
169.94,303,301
169.99,297,296
169.99,301,301
169.99,297,295
169.99,300,300
169.99,298,297
169.99,301,301
170.0,298,297
170.05,302,302
170.05,301,300
170.05,299,300
170.05,302,300
170.05,298,298
170.06,301,300
170.07,299,299
170.12,304,304
170.12,301,300
170.12,307,306
170.12,304,304
170.12,307,308
170.12,307,307
170.13,312,312
170.2,311,310
170.2,311,311
170.2,311,309
170.2,313,312
170.2,314,312
170.2,311,311
170.2,314,314
170.26,313,312
170.26,318,318
170.26,317,316
170.26,320,320
170.26,316,316
170.26,320,321
170.26,318,318
170.32,318,320
170.32,320,319
170.32,319,319
170.32,317,316
170.32,319,320
170.32,320,320
170.33,320,320
170.38,322,322
170.38,320,319
170.38,320,321
170.38,319,318
170.38,324,324
170.39,321,321
170.39,325,324
170.45,321,319
170.45,323,322
170.45,318,318
170.45,321,322
170.45,320,321
170.45,322,321
170.46,321,321
170.52,320,320
170.52,322,321
170.52,318,318
170.52,320,320
170.53,316,317
170.53,320,320
170.53,318,318
170.59,322,322
170.59,319,318
170.59,325,325
170.59,323,321
170.59,325,325
170.59,325,325
170.59,323,324
170.65,326,326
170.65,326,325
170.65,329,327
170.65,326,325
170.65,327,326
170.65,324,325
170.66,329,328
170.71,327,325
170.71,329,328
170.71,325,325
170.71,328,329
170.71,328,326
170.71,330,329
170.72,328,326
170.77,327,328
170.77,326,325
170.77,327,327
170.77,330,327
170.77,326,325
170.78,330,328
170.79,324,324
170.84,326,326
170.84,324,323
170.84,325,325
170.84,322,322
170.84,326,326
170.84,322,322
170.85,322,323
170.92,320,320
170.92,322,322
170.92,323,322
170.92,321,321
170.92,321,320
170.92,320,320
170.92,320,320
170.98,318,318
170.98,318,318
170.98,315,314
170.98,320,318
170.98,314,313
170.98,317,316
170.98,312,311
171.04,316,314
171.04,312,311
171.04,312,312
171.04,310,309
171.04,309,309
171.04,309,308
171.05,307,306
171.1,307,306
171.1,305,304
171.1,307,307
171.1,303,303
171.1,307,307
171.11,305,305
171.12,310,309
171.18,307,305
171.18,309,308
171.18,307,305
171.18,307,306
171.18,307,306
171.18,306,305
171.18,305,305
171.24,305,307
171.24,306,307
171.24,306,305
171.24,312,310
171.24,305,306
171.24,310,310
171.25,307,307
171.3,311,310
171.3,308,307
171.3,310,310
171.3,308,307
171.31,307,308
171.31,308,309
171.31,310,311
171.37,310,310
171.37,308,310
171.37,313,312
171.37,310,308
171.37,311,312
171.37,308,309
171.38,313,312
171.43,308,307
171.43,313,313
171.43,308,308
171.43,311,312
171.43,311,310
171.43,313,312
171.44,313,312
171.49,314,313
171.49,314,312
171.49,312,311
171.49,313,312
171.49,310,309
171.5,311,311
171.51,306,307
171.57,312,312
171.57,305,306
171.57,311,311
171.57,309,309
171.57,313,312
171.57,312,311
171.57,311,312
171.63,311,310
171.63,312,311
171.63,311,311
171.63,310,311
171.63,314,313
171.63,309,311
171.64,315,313
171.69,310,311
171.69,317,316
171.69,313,312
171.69,318,318
171.69,315,315
171.7,320,319
171.71,316,316
171.76,321,320
171.76,319,318
171.76,318,319
171.76,319,318
171.76,321,320
171.76,322,320
171.77,320,321
171.82,324,323
171.82,320,320
171.82,324,324
171.82,319,319
171.82,323,324
171.83,321,319
171.84,325,323
171.9,323,320
171.9,322,322
171.9,320,320
171.9,320,321
171.9,321,321
171.9,320,319
171.9,323,321
171.96,320,320
171.96,321,320
171.96,319,318
171.96,321,320
171.96,317,317
171.96,319,320
171.97,316,317
172.02,321,320
172.02,319,317
172.02,319,320
172.02,318,316
172.02,318,318
172.02,317,316
172.03,314,315
172.08,316,315
172.08,313,314
172.08,316,316
172.08,313,313
172.08,318,317
172.09,314,315
172.1,319,319
172.16,316,315
172.16,319,319
172.16,317,316
172.16,319,318
172.16,314,315
172.16,319,319
172.16,319,318
172.23,318,317
172.23,317,316
172.23,316,316
172.23,319,318
172.23,317,317
172.23,322,320
172.23,317,318
172.29,321,321
172.29,318,317
172.29,320,320
172.29,318,317
172.29,319,320
172.29,317,316
172.29,316,317
172.35,317,317
172.35,316,317
172.35,317,316
172.35,317,317
172.35,319,317
172.35,314,315
172.36,320,318
172.41,315,314
172.41,318,316
172.41,311,311
172.41,315,314
172.41,308,309
172.42,314,313
172.43,310,310
172.49,312,312
172.49,312,311
172.49,312,312
172.49,313,312
172.49,312,311
172.49,310,310
172.49,309,309
172.55,313,312
172.55,309,309
172.55,314,314
172.55,310,309
172.55,315,314
172.55,312,310
172.56,315,316
172.62,313,313
172.62,316,316
172.62,317,315
172.62,314,315
172.62,318,315
172.62,313,314
172.62,318,317
172.68,316,317
172.68,320,319
172.68,316,316
172.68,322,322
172.68,320,320
172.68,325,326
172.69,322,322
172.74,325,325
172.74,323,322
172.74,325,324
172.74,323,323
172.74,325,324
172.75,325,323
172.75,322,324
172.82,327,327
172.82,324,325
172.82,328,327
172.82,326,324
172.82,324,325
172.82,323,323
172.82,326,326
172.88,323,322
172.88,324,325
172.88,323,322
172.88,327,327
172.88,326,325
172.88,325,323
172.88,325,323
172.94,325,324
172.94,325,324
172.94,321,322
172.94,326,326
172.94,324,323
172.94,327,325
172.95,320,320
173.0,326,326
173.0,321,322
173.0,327,326
173.0,324,322
173.01,326,327
173.01,327,324
173.02,325,326
173.07,325,325
173.07,326,326
173.07,329,327
173.07,325,326
173.07,328,328
173.07,325,326
173.08,330,330
173.15,325,326
173.15,331,330
173.15,327,327
173.15,331,331
173.15,328,327
173.15,330,331
173.15,330,328
173.21,330,330
173.21,328,328
173.21,332,331
173.21,330,329
173.21,328,329
173.21,333,331
173.21,330,329
173.27,333,332
173.27,328,328
173.27,332,331
173.27,327,326
173.27,331,329
173.27,324,325
173.28,329,328
173.33,327,325
173.33,328,327
173.33,326,325
173.33,325,324
173.33,327,325
173.34,324,323
173.34,323,324
173.39,321,321
173.39,322,321
173.4,319,318
173.4,320,319
173.4,314,313
173.4,318,317
173.41,312,312
173.47,314,314
173.47,315,313
173.47,316,314
173.47,313,312
173.47,312,312
173.47,314,312
173.47,310,310
173.54,311,310
173.54,308,309
173.54,310,310
173.54,307,307
173.54,312,312
173.54,308,309
173.54,312,313
173.6,311,310
173.6,312,313
173.6,313,311
173.6,313,313
173.6,313,312
173.6,313,311
173.61,313,311
173.66,312,311
173.66,314,312
173.66,312,312
173.66,317,315
173.66,313,314
173.66,317,317
173.67,314,314
173.72,318,318
173.72,314,314
173.72,318,318
173.72,316,314
173.72,318,317
173.73,316,315
173.74,315,317
173.8,317,317
173.8,314,315
173.8,318,317
173.8,315,314
173.8,316,316
173.8,312,312
173.8,314,315
173.86,310,310
173.86,315,314
173.86,310,308
173.86,313,313
173.86,311,310
173.86,314,314
173.87,314,312
173.92,314,313
173.92,314,312
173.92,311,312
173.92,315,313
173.92,311,311
173.92,315,313
173.93,307,308
173.99,311,312
173.99,308,308
173.99,314,313
173.99,311,310
173.99,315,314
173.99,312,310
174.0,314,312
174.05,312,310
174.05,313,311
174.05,301,299
174.05,284,283
174.05,274,273
174.06,263,263
174.06,258,258
174.13,248,248
174.13,247,245
174.13,237,236
174.13,237,236
174.13,232,231
174.13,239,238
174.13,239,237
174.19,241,241
174.19,240,240
174.19,246,244
174.19,250,248
174.19,252,250
174.19,255,253
174.2,257,257
174.25,262,263
174.25,263,264
174.25,270,269
174.25,269,269
174.25,279,278
174.25,276,275
174.26,285,284
174.31,284,283
174.31,289,290
174.31,290,289
174.31,294,294
174.31,299,298
174.32,302,301
174.33,304,305
174.39,306,306
174.39,311,310
174.39,308,309
174.39,316,314
174.39,311,312
174.39,318,318
174.39,316,316
174.45,322,322
174.45,321,320
174.45,324,324
174.45,325,324
174.45,327,327
174.45,329,329
174.46,331,331
174.52,335,332
174.52,332,333
174.52,336,336
174.52,334,335
174.52,338,338
174.52,334,335
174.52,340,340
174.58,336,336
174.58,342,341
174.58,339,340
174.58,345,347
174.58,344,344
174.58,348,349
174.59,349,347
174.64,349,348
174.64,353,352
174.64,350,350
174.64,354,352
174.64,346,348
174.65,353,352
174.65,349,349
174.72,356,354
174.72,351,351
174.72,356,356
174.72,353,353
174.72,355,355
174.72,351,351
174.72,352,354
174.78,352,351
174.78,349,350
174.78,352,351
174.78,351,350
174.78,350,348
174.78,345,346
174.79,348,348
174.84,345,345
174.84,349,349
174.84,344,344
174.84,347,347
174.84,342,340
174.84,345,345
174.85,341,339
174.9,340,340
174.9,338,337
174.9,337,338
174.9,338,336
174.9,336,335
174.91,337,338
174.92,336,336
174.97,340,338
174.97,334,335
174.97,336,335
174.97,330,331
174.97,334,333
174.97,331,330
174.98,334,333
175.04,329,329
175.04,330,330
175.04,327,327
175.04,329,329
175.04,330,330
175.04,328,328
175.05,333,331
175.11,331,330
175.11,334,334
175.11,332,332
175.11,336,334
175.11,330,330
175.11,332,332
175.11,329,328
175.17,331,329
175.17,326,326
175.17,330,329
175.17,327,327
175.17,330,330
175.17,330,329
175.18,330,329
175.23,331,330
175.23,329,328
175.23,329,329
175.23,326,326
175.23,329,328
175.24,326,325
175.24,326,328
175.3,323,324
175.3,326,327
175.3,326,324
175.3,327,327
175.3,324,324
175.3,325,326
175.31,325,325
175.37,325,326
175.37,325,324
175.37,322,321
175.37,325,324
175.37,323,322
175.37,325,324
175.37,321,320
175.44,325,323
175.44,319,319
175.44,323,323
175.44,321,320
175.44,321,322
175.44,320,320
175.44,320,320
175.5,319,318
175.5,317,318
175.5,318,317
175.5,315,314
175.5,319,317
175.5,315,313
175.51,317,317
175.56,315,314
175.56,320,318
175.56,313,313
175.56,316,316
175.56,311,311
175.56,315,315
175.57,313,313
175.62,314,315
175.62,313,311
175.62,314,315
175.62,317,316
175.62,316,315
175.63,320,318
175.64,317,317
175.7,321,320
175.7,317,318
175.7,323,322
175.7,319,318
175.7,323,322
175.7,321,320
175.7,324,323
175.76,323,321
175.76,325,324
175.76,325,324
175.76,325,326
175.76,325,324
175.76,325,326
175.77,327,327
175.82,324,324
175.82,326,325
175.82,321,321
175.83,327,325
175.83,320,319
175.83,322,324
175.83,319,320
175.89,325,324
175.89,321,319
175.89,322,323
175.89,321,321
175.89,322,322
175.89,323,321
175.9,322,320
175.95,322,320
175.95,317,316
175.95,320,319
175.95,315,314
175.95,319,317
175.96,315,314
175.96,319,318
176.03,316,314
176.03,316,317
176.03,312,312
176.03,315,314
176.03,313,311
176.03,312,312
176.03,313,311
176.09,310,311
176.09,314,312
176.09,312,312
176.09,316,315
176.09,312,313
176.09,316,316
176.1,312,313
176.15,316,316
176.15,314,313
176.15,318,316
176.15,312,312
176.15,315,314
176.15,314,312
176.16,313,314
176.21,314,313
176.21,312,314
176.21,316,316
176.22,315,314
176.22,318,316
176.22,313,314
176.23,318,318
176.28,315,314
176.28,321,319
176.28,314,313
176.28,318,318
176.28,316,314
176.28,317,317
176.29,317,316
176.36,319,319
176.36,320,319
176.36,318,318
176.36,319,319
176.36,314,316
176.36,318,319
176.36,316,317
176.42,316,316
176.42,314,313
176.42,317,316
176.42,313,312
176.42,318,317
176.42,314,312
176.42,316,316
176.48,313,313
176.48,314,314
176.48,314,313
176.48,313,313
176.48,313,312
176.48,310,310
176.49,312,312
176.54,308,309
176.54,311,311
176.54,310,309
176.54,315,313
176.54,310,310
176.55,313,313
176.55,313,312
176.61,312,314
176.61,311,312
176.61,313,314
176.61,312,312
176.61,312,313
176.61,313,312
176.62,313,312
176.68,315,314
176.68,312,313
176.68,317,317
176.68,316,316
176.68,320,320
176.68,318,316
176.69,320,320
176.74,317,316
176.74,319,319
176.74,317,316
176.74,319,319
176.74,320,317
176.74,317,318
176.75,320,319
176.81,318,317
176.81,321,319
176.81,318,318
176.81,321,320
176.81,318,318
176.81,322,319
176.82,316,316
176.87,321,320
176.87,315,314
176.87,318,317
176.87,315,313
176.87,316,316
176.87,316,313
176.88,313,314
176.95,314,314
176.95,315,314
176.95,317,315
176.95,315,313
176.95,315,315
176.95,312,311
176.95,317,314
177.01,311,310
177.01,315,314
177.01,310,311
177.01,314,315
177.01,312,311
177.01,315,316
177.01,312,313
177.07,314,314
177.07,314,314
177.07,314,313
177.07,315,314
177.07,315,314
177.07,316,314
177.08,313,313
177.13,317,316
177.13,313,312
177.13,317,317
177.13,314,313
177.13,318,318
177.14,316,315
177.14,319,319
177.19,319,317
177.19,319,319
177.19,320,318
177.2,319,319
177.2,321,320
177.2,320,319
177.21,323,323
177.27,320,321
177.27,325,325
177.27,322,321
177.27,326,327
177.27,321,322
177.27,325,325
177.28,322,322
177.34,324,324
177.34,322,321
177.34,325,324
177.34,323,322
177.34,323,322
177.34,324,323
177.34,323,322
177.35,327,325
177.36,322,322
177.37,326,326
177.43,322,322
177.43,327,326
177.43,321,321
177.43,324,325
177.43,323,322
177.43,324,324
177.44,321,320
177.49,322,322
177.49,321,320
177.49,322,322
177.49,322,321
177.49,321,320
177.49,323,321
177.5,319,318
177.56,321,320
177.56,317,316
177.56,318,318
177.56,313,313
177.56,318,318
177.56,314,314
177.57,318,318
177.62,315,314
177.62,319,318
177.62,316,316
177.62,316,317
177.62,317,316
177.62,317,316
177.63,322,320
177.7,319,318
177.7,321,321
177.7,317,317
177.7,321,322
177.7,319,318
177.7,324,324
177.7,322,322
177.76,324,325
177.76,324,323
177.76,326,325
177.76,326,325
177.76,325,326
177.76,327,327
177.76,324,324
177.82,328,326
177.82,323,324
177.82,326,325
177.82,323,324
177.82,328,328
177.82,324,324
177.83,328,328
177.88,327,325
177.88,327,327
177.88,327,325
177.88,328,328
177.88,327,326
177.89,325,327
177.89,325,324
177.95,324,324
177.95,327,326
177.95,322,323
177.95,328,326
177.95,324,324
177.95,327,327
177.96,323,323
178.01,327,326
178.01,323,322
178.01,325,324
178.01,321,319
178.01,320,321
178.02,321,319
178.02,318,317
178.09,318,317
178.09,317,318
178.09,322,321
178.09,319,317
178.09,320,320
178.09,318,318
178.09,323,320
178.15,316,317
178.15,321,320
178.15,315,315
178.15,320,320
178.15,317,315
178.15,317,318
178.16,317,315
178.21,317,318
178.21,318,318
178.21,321,320
178.21,321,320
178.21,319,320
178.21,322,322
178.22,318,318
178.27,321,321
178.27,317,317
178.27,322,321
178.27,316,316
178.27,320,321
178.28,318,318
178.29,322,321
178.35,320,320
178.35,322,322
178.35,322,320
178.35,321,321
178.35,321,320
178.35,318,320
178.35,321,320
178.41,316,317
178.41,321,320
178.41,316,315
178.41,320,320
178.41,315,315
178.41,320,320
178.42,317,316
178.48,322,321
178.48,318,317
178.48,318,318
178.48,319,317
178.48,317,316
178.48,318,316
178.48,312,313
178.54,314,314
178.54,313,313
178.54,317,316
178.54,313,312
178.54,316,317
178.54,311,310
178.55,317,316
178.6,312,312
178.6,314,313
178.6,309,309
178.6,311,311
178.6,310,309
178.61,309,308
178.61,309,308
178.68,309,309
178.68,313,313
178.68,311,311
178.68,314,313
178.68,309,309
178.68,314,314
178.68,310,310
178.74,315,314
178.74,311,310
178.74,313,313
178.74,312,312
178.74,315,315
178.74,315,314
178.75,315,315
178.8,318,318
178.8,319,318
178.8,322,320
178.8,316,317
178.8,321,321
178.8,316,317
178.81,320,321
178.87,319,318
178.87,323,321
178.87,317,317
178.87,322,322
178.87,318,319
178.87,322,323
178.88,323,321
178.93,323,323
178.93,323,323
178.93,322,322
178.93,325,322
178.93,319,320
178.93,323,322
178.94,316,317
179.01,322,320
179.01,316,316
179.01,318,318
179.01,317,315
179.01,319,318
179.01,315,315
179.01,319,319
179.07,317,316
179.07,317,316
179.07,318,316
179.07,314,314
179.07,314,314
179.07,312,311
179.07,315,313
179.13,308,309
179.13,315,314
179.13,310,310
179.13,315,314
179.13,312,310
179.13,314,315
179.14,313,312
179.19,314,315
179.19,315,312
179.19,314,314
179.19,315,313
179.19,313,313
179.2,316,314
179.2,314,313
179.26,318,315
179.26,314,314
179.26,317,317
179.26,311,313
179.26,320,319
179.26,316,315
179.27,321,319
179.33,316,315
179.33,318,319
179.33,318,316
179.33,319,318
179.33,319,317
179.33,318,317
179.34,320,318
179.4,317,317
179.4,319,319
179.4,319,317
179.4,322,320
179.4,317,317
179.4,321,321
179.4,317,315
179.46,317,317
179.46,315,313
179.46,316,317
179.46,314,314
179.46,316,317
179.46,316,315
179.47,317,316
179.52,319,318
179.52,316,316
179.52,318,317
179.52,314,313
179.52,317,316
179.52,313,312
179.53,317,316
179.58,312,311
179.58,314,314
179.58,311,310
179.59,315,314
179.59,313,311
179.59,314,314
179.6,314,311
179.66,312,312
179.66,315,313
179.66,311,310
179.66,315,314
179.66,308,310
179.66,312,313
179.66,309,308
179.72,313,313
179.72,311,309
179.72,314,314
179.72,314,312
179.73,314,316
179.73,314,313
179.73,316,315
179.79,315,314
179.79,314,313
179.79,315,313
179.79,311,312
179.79,315,314
179.79,311,312
179.79,316,316
179.85,313,312
179.85,318,317
179.85,313,312
179.85,318,317
179.85,315,314
179.85,316,316
179.86,314,313
179.91,316,316
179.91,317,315
179.91,314,313
179.91,314,313
179.91,312,311
179.92,315,314
179.93,311,311
179.99,315,314
179.99,312,312
179.99,318,316
179.99,310,311
179.99,317,316
179.99,311,312
179.99,317,315
180.05,314,313
180.05,315,314
180.05,313,312
180.05,315,314
180.05,317,316
180.05,315,316
180.06,319,318
180.11,314,315
180.11,319,318
180.11,314,313
180.11,317,317
180.11,315,314
180.11,318,317
180.12,314,314
180.18,317,316
180.18,315,314
180.18,317,318
180.18,317,316
180.18,318,319
180.18,320,318
180.19,318,319
180.24,322,320
180.24,316,317
180.24,321,320
180.24,317,317
180.24,322,320
180.24,317,316
180.25,321,322
180.32,319,318
180.32,320,322
180.32,320,320
180.32,325,324
180.32,324,323
180.32,321,322
180.32,324,324
180.38,323,323
180.38,324,324
180.38,322,321
180.38,324,324
180.38,321,321
180.38,324,324
180.38,322,320
180.44,325,326
180.44,323,322
180.44,326,327
180.44,323,322
180.44,327,327
180.44,327,325
180.45,324,325
180.51,326,324
180.51,323,323
180.51,325,324
180.51,322,323
180.51,326,325
180.51,323,322
180.52,327,326
180.57,324,323
180.57,325,326
180.57,323,322
180.57,327,326
180.57,322,321
180.57,322,323
180.58,320,319
180.63,322,320
180.63,321,319
180.63,320,321
180.63,322,322
180.63,316,318
180.64,322,320
180.65,318,318
180.7,323,321
180.7,316,317
180.7,321,322
180.7,319,317
180.7,323,322
180.7,319,318
180.71,323,323
180.77,322,322
180.78,323,324
180.78,325,323
180.78,324,324
180.78,328,326
180.78,324,325
180.78,327,325
180.84,322,322
180.84,327,327
180.84,323,323
180.84,329,328
180.84,325,324
180.84,329,330
180.84,328,328
180.9,329,330
180.9,330,328
180.9,330,330
180.9,328,327
180.9,327,328
180.9,330,330
180.91,327,327
180.96,328,329
180.96,327,325
180.96,329,329
180.96,327,326
180.96,329,328
180.97,325,324
180.97,329,329
181.03,325,325
181.03,328,327
181.03,324,324
181.03,325,325
181.03,325,323
181.03,321,321
181.04,323,321
181.09,321,320
181.09,323,322
181.09,320,319
181.09,323,323
181.09,319,318
181.1,320,320
181.1,316,316
181.17,320,321
181.17,319,318
181.17,319,319
181.17,316,315
181.17,319,318
181.17,317,315
181.17,317,316
181.23,317,317
181.23,316,317
181.23,317,317
181.23,317,316
181.23,319,319
181.23,315,315
181.24,323,321
181.3,315,315
181.3,317,318
181.3,317,316
181.3,318,318
181.3,315,316
181.3,317,319
181.3,320,319
181.36,318,318
181.36,319,318
181.36,316,317
181.36,318,318
181.36,314,315
181.36,319,318
181.37,315,314
181.42,319,318
181.42,315,314
181.42,320,321
181.42,318,317
181.42,322,322
181.42,322,320
181.43,325,324
181.48,322,321
181.48,322,323
181.48,322,322
181.48,322,322
181.48,324,324
181.49,319,320
181.5,322,322
181.56,319,318
181.56,325,324
181.56,318,318
181.56,322,323
181.56,318,318
181.56,321,321
181.56,320,318
181.62,319,319
181.62,319,318
181.62,317,317
181.62,317,317
181.62,315,316
181.62,316,316
181.63,314,313
181.68,319,317
181.68,314,314
181.69,318,317
181.69,314,313
181.69,319,318
181.69,313,313
181.69,316,316
181.75,314,313
181.75,316,316
181.75,315,313
181.75,314,313
181.75,315,314
181.75,315,314
181.76,315,314
181.82,315,315
181.82,318,317
181.82,314,315
181.82,317,318
181.82,314,314
181.82,318,317
181.83,315,314
181.88,318,317
181.88,315,313
181.88,316,316
181.88,313,313
181.88,315,315
181.88,315,315
181.89,314,315
181.95,316,316
181.95,315,314
181.95,317,317
181.95,314,314
181.95,318,317
181.95,313,313
181.96,318,317
182.01,315,313
182.01,317,316
182.01,312,310
182.01,314,314
182.01,312,310
182.01,313,312
182.02,313,312
182.09,313,312
182.09,314,314
182.09,311,312
182.09,314,313
182.09,311,311
182.09,314,315
182.09,310,310
182.15,314,314
182.15,312,311
182.15,317,316
182.15,313,312
182.15,315,314
182.15,312,311
182.15,312,313
182.21,313,312
182.21,312,312
182.21,314,311
182.21,310,310
182.21,313,311
182.21,309,308
182.22,313,311
182.27,308,308
182.27,313,313
182.27,309,307
182.27,314,312
182.27,310,308
182.28,310,312
182.28,310,310
182.34,311,312
182.34,310,308
182.34,311,310
182.34,312,311
182.34,310,309
182.34,314,312
182.35,311,310
182.41,313,312
182.41,311,311
182.41,315,314
182.41,310,310
182.41,315,315
182.41,311,311
182.42,314,315
182.48,311,310
182.48,315,314
182.48,313,313
182.48,313,314
182.48,316,316
182.48,313,314
182.48,319,317
182.54,316,315
182.54,319,319
182.54,316,314
182.54,319,318
182.54,315,314
182.54,319,318
182.55,315,313
182.6,317,317
182.6,316,316
182.6,319,319
182.6,321,319
182.6,319,319
182.6,321,320
182.61,320,320
182.66,323,321
182.66,318,320
182.66,323,322
182.66,318,318
182.66,324,322
182.67,318,317
182.68,323,322
182.74,319,317
182.74,321,320
182.74,310,308
182.74,293,292
182.74,282,282
182.74,272,271
182.74,266,264
182.8,255,253
182.8,249,248
182.8,239,238
182.8,239,236
182.8,232,231
182.8,236,235
182.81,234,235
182.87,240,242
182.87,242,241
182.87,247,248
182.87,248,248
182.87,253,253
182.87,255,254
182.87,257,258
182.93,260,261
182.93,261,263
182.93,270,268
182.93,272,271
182.93,278,278
182.93,279,279
182.94,288,286
183.01,286,286
183.01,294,293
183.01,293,292
183.01,299,299
183.01,299,298
183.01,304,303
183.01,305,304
183.07,307,307
183.07,309,309
183.07,313,312
183.07,316,315
183.07,317,317
183.07,323,322
183.07,319,319
183.13,326,326
183.13,323,323
183.13,330,329
183.13,327,326
183.13,331,331
183.13,329,328
183.14,333,334
183.19,335,336
183.19,338,338
183.19,339,338
183.19,339,340
183.19,340,340
183.19,338,339
183.2,344,343
183.25,342,341
183.25,344,345
183.25,342,341
183.25,346,345
183.25,343,342
183.26,345,345
183.27,346,345
183.33,347,346
183.33,345,345
183.33,347,347
183.33,347,346
183.33,345,346
183.33,348,347
183.33,345,345
183.39,348,348
183.39,345,345
183.4,350,349
183.4,346,347
183.4,350,350
183.4,348,348
183.4,351,352
183.46,350,349
183.46,350,351
183.46,351,349
183.46,351,351
183.46,350,350
183.46,352,351
183.46,352,350
183.52,349,348
183.52,351,350
183.52,346,346
183.52,351,349
183.52,347,345
183.52,351,349
183.53,347,345
183.58,349,348
183.58,347,346
183.58,348,348
183.58,346,346
183.58,346,347
183.59,346,346
183.6,345,346
183.66,346,345
183.66,344,344
183.66,347,346
183.66,342,342
183.66,346,345
183.66,340,341
183.66,346,344
183.72,341,340
183.72,340,341
183.72,337,336
183.72,338,338
183.72,336,334
183.72,335,335
183.73,332,332
183.78,333,332
183.78,333,332
183.78,331,331
183.78,331,332
183.78,325,327
183.78,331,330
183.79,326,326
183.85,329,330
183.85,326,324
183.85,329,328
183.85,325,324
183.85,327,326
183.85,323,323
183.86,326,326
183.91,324,324
183.91,324,324
183.91,326,324
183.91,322,322
183.91,324,322
183.91,320,320
183.92,321,321
183.99,316,316
183.99,320,321
183.99,317,315
183.99,318,319
183.99,319,318
183.99,321,321
183.99,317,318
184.05,320,320
184.05,319,318
184.05,318,318
184.05,319,317
184.05,316,317
184.05,320,319
184.05,314,315
184.11,318,318
184.11,314,314
184.11,320,318
184.11,317,315
184.11,321,320
184.11,318,317
184.12,321,320
184.17,317,317
184.17,322,320
184.17,316,317
184.17,319,318
184.17,320,320
184.18,316,317
184.19,320,318
184.24,314,314
184.24,316,315
184.24,312,313
184.24,319,317
184.24,313,313
184.24,317,316
184.25,314,311
184.3,318,317
184.3,313,312
184.3,313,313
184.3,314,312
184.3,312,312
184.31,312,312
184.32,312,310
184.38,316,314
184.38,310,313
184.38,317,316
184.38,315,313
184.38,319,318
184.38,313,313
184.38,317,317
184.44,313,314
184.44,317,317
184.44,314,314
184.44,317,317
184.44,315,313
184.44,317,316
184.45,316,315
184.5,315,316
184.5,318,317
184.5,316,317
184.5,321,321
184.5,319,318
184.5,322,322
184.51,317,316
184.56,321,322
184.56,316,317
184.56,321,320
184.56,316,317
184.56,321,321
184.57,318,317
184.58,320,320
184.64,321,319
184.64,319,319
184.64,321,321
184.64,320,320
184.64,322,320
184.64,317,316
184.64,320,318
184.7,315,314
184.7,319,318
184.7,316,315
184.7,319,318
184.7,317,316
184.7,318,318
184.71,316,315
184.77,318,318
184.77,316,316
184.77,317,317
184.77,319,318
184.77,316,316
184.77,317,317
184.77,314,315
184.83,318,318
184.83,315,314
184.83,318,318
184.83,316,317
184.83,321,321
184.83,318,317
184.84,321,322
184.89,322,321
184.89,323,323
184.89,323,322
184.89,323,323
184.89,325,324
184.9,323,324
184.91,326,325
184.97,322,322
184.97,327,325
184.97,322,323
184.97,329,328
184.97,325,324
184.97,328,328
184.97,327,326
185.03,328,328
185.03,328,327
185.03,328,328
185.03,330,328
185.03,326,327
185.03,329,328
185.04,329,327
185.05,330,329
185.06,327,326
185.07,328,328
185.13,325,325
185.13,330,331
185.13,327,327
185.13,332,331
185.13,326,326
185.13,329,328
185.13,325,325
185.19,326,326
185.19,325,324
185.19,325,324
185.19,325,324
185.19,322,323
185.19,324,323
185.2,321,322
185.25,324,325
185.25,320,320
185.25,325,323
185.25,319,318
185.25,323,322
185.25,319,317
185.26,320,320
185.32,318,317
185.32,316,317
185.32,317,316
185.32,314,315
185.32,315,314
185.32,315,315
185.33,319,317
185.38,315,316
185.38,318,318
185.38,315,315
185.38,320,319
185.38,315,316
185.39,320,320
185.39,316,315
185.46,319,319
185.46,317,315
185.46,317,318
185.46,317,316
185.46,317,317
185.46,318,318
185.46,318,319
185.52,319,319
185.52,318,317
185.52,321,319
185.52,316,316
185.52,321,319
185.52,317,317
185.52,319,319
185.58,315,315
185.58,319,319
185.58,317,316
185.58,318,318
185.58,315,314
185.58,318,319
185.59,320,318
185.65,318,317
185.65,318,318
185.65,316,316
185.65,318,318
185.65,311,311
185.65,312,313
185.66,311,309
185.71,312,311
185.71,309,309
185.71,311,310
185.71,308,306
185.71,311,311
185.71,310,308
185.72,309,309
185.77,311,310
185.77,311,310
185.77,312,310
185.77,308,308
185.77,310,310
185.78,306,305
185.79,310,308
185.85,304,303
185.85,307,306
185.85,302,303
185.85,308,307
185.85,307,305
185.85,310,310
185.85,310,308
185.91,311,310
185.91,310,310
185.91,311,311
185.91,313,312
185.91,312,311
185.91,314,313
185.92,312,312
185.97,314,315
185.97,312,311
185.97,315,315
185.97,314,312
185.97,316,315
185.97,315,314
185.98,319,320
186.04,319,317
186.04,318,319
186.04,321,320
186.04,319,320
186.04,321,321
186.04,320,320
186.05,322,322
186.1,318,318
186.1,325,323
186.1,319,318
186.1,321,321
186.1,319,318
186.11,323,323
186.11,321,321
186.18,324,325
186.18,323,321
186.18,322,323
186.18,324,322
186.18,321,322
186.18,323,321
186.18,318,319
186.24,321,321
186.24,320,319
186.24,320,320
186.24,318,317
186.24,324,322
186.24,318,318
186.25,321,322
186.31,318,318
186.31,322,322
186.31,318,318
186.31,320,320
186.31,317,317
186.31,315,316
186.31,316,315
186.37,314,314
186.37,318,317
186.37,314,314
186.37,316,315
186.37,314,314
186.37,319,319
186.38,318,316
186.43,321,322
186.43,319,318
186.43,320,320
186.43,319,318
186.43,323,322
186.43,321,320
186.44,320,321
186.49,320,319
186.49,319,318
186.49,320,320
186.49,319,319
186.49,322,321
186.5,318,319
186.51,327,325
186.57,320,321
186.57,325,324
186.57,321,321
186.57,324,324
186.57,323,322
186.57,324,325
186.57,322,321
186.64,325,324
186.64,326,324
186.64,321,322
186.64,323,323
186.64,323,323
186.64,326,324
186.64,320,321
186.7,327,325
186.7,321,320
186.7,328,327
186.7,323,322
186.7,325,325
186.7,322,320
186.7,321,321
186.76,321,319
186.76,319,318
186.76,320,317
186.76,314,315
186.76,318,318
186.76,315,314
186.77,319,317
186.82,313,313
186.82,319,317
186.82,313,313
186.82,319,317
186.82,313,311
186.83,315,315
186.84,312,311
186.9,315,315
186.9,314,314
186.9,315,314
186.9,316,315
186.9,312,314
186.9,316,316
186.9,317,316
186.96,320,318
186.96,315,316
186.96,320,318
186.96,314,315
186.96,318,319
186.96,314,314
186.97,318,318
187.02,316,314
187.02,316,316
187.02,318,316
187.02,316,316
187.02,316,315
187.02,300,298
187.03,291,289
187.09,283,282
187.09,278,278
187.09,269,269
187.09,270,269
187.09,260,260
187.09,260,259
187.1,250,251
187.15,253,252
187.15,246,246
187.15,245,244
187.15,244,243
187.15,242,243
187.15,244,244
187.16,244,244
187.23,245,245
187.23,246,245
187.23,247,246
187.23,245,246
187.23,253,252
187.23,253,252
187.23,261,261
187.29,262,262
187.29,270,271
187.29,274,272
187.29,281,281
187.29,286,285
187.29,292,292
187.29,299,298
187.35,306,306
187.35,312,313
187.35,318,318
187.35,327,325
187.35,330,329
187.35,338,339
187.36,341,342
187.41,349,350
187.42,352,352
187.42,361,361
187.42,364,365
187.42,375,375
187.42,377,376
187.42,382,383
187.48,386,386
187.48,390,391
187.48,397,394
187.48,394,395
187.48,401,401
187.48,399,399
187.49,405,404
187.55,404,403
187.55,408,408
187.56,407,406
187.56,410,411
187.56,410,409
187.56,415,415
187.56,416,414
187.62,417,416
187.62,418,417
187.62,418,418
187.62,420,420
187.62,418,418
187.62,421,421
187.62,416,417
187.68,421,420
187.68,414,415
187.68,418,419
187.68,415,413
187.68,418,418
187.68,415,414
187.69,417,418
187.74,415,414
187.74,416,415
187.74,412,410
187.74,410,409
187.74,409,408
187.74,405,405
187.75,405,403
187.81,400,399
187.81,403,403
187.81,397,396
187.81,402,400
187.81,394,393
187.81,397,395
187.82,391,389
187.87,390,391
187.87,386,386
187.87,387,387
187.87,383,382
187.87,379,379
187.88,377,376
187.88,374,374
187.95,376,374
187.95,368,370
187.95,373,373
187.95,366,366
187.95,369,368
187.95,363,361
187.95,366,365
188.01,358,357
188.01,361,362
188.01,357,355
188.01,356,356
188.01,352,352
188.01,351,351
188.01,351,350
188.07,346,347
188.07,349,349
188.07,346,345
188.07,349,348
188.07,343,343
188.07,346,346
188.08,343,343
188.13,344,344
188.13,340,339
188.13,340,341
188.13,337,336
188.13,337,338
188.14,336,336
188.15,337,338
188.21,338,338
188.21,338,337
188.21,338,336
188.21,334,334
188.21,335,335
188.21,331,331
188.21,333,333
188.27,327,329
188.27,335,334
188.27,329,327
188.27,331,329
188.27,327,325
188.27,328,328
188.28,329,327
188.34,327,326
188.34,327,326
188.34,324,324
188.34,327,324
188.34,322,321
188.34,324,323
188.34,318,318
188.4,320,320
188.4,316,314
188.4,316,317
188.4,311,310
188.4,313,314
188.4,310,309
188.41,314,315
188.46,313,312
188.46,314,313
188.46,312,312
188.46,309,310
188.46,310,309
188.47,310,309
188.47,312,310
188.54,305,305
188.54,310,309
188.54,306,304
188.54,310,309
188.54,305,304
188.54,310,309
188.54,309,307
188.6,309,310
188.6,311,309
188.6,308,309
188.6,311,309
188.6,310,309
188.6,311,310
188.6,306,307
188.66,312,311
188.66,309,308
188.66,310,311
188.66,310,308
188.66,310,310
188.66,306,306
188.67,312,311
188.72,309,308
188.72,313,313
188.72,311,308
188.72,310,311
188.72,312,310
188.73,310,310
188.74,311,310
188.79,307,307
188.79,309,309
188.79,308,308
188.79,309,310
188.79,304,305
188.79,308,309
188.8,306,305
188.86,308,308
188.86,305,304
188.87,307,308
188.87,305,304
188.87,306,306
188.87,307,306
188.87,305,304
188.93,304,303
188.93,303,301
188.93,302,302
188.93,299,300
188.93,302,302
188.93,297,297
188.93,301,301
188.99,297,296
188.99,300,301
188.99,299,298
188.99,302,302
188.99,296,297
188.99,298,298
189.0,299,297
189.05,299,299
189.05,298,298
189.05,298,297
189.05,300,299
189.05,296,297
189.06,298,299
189.06,297,296
189.12,301,301
189.12,298,298
189.12,305,305
189.12,300,301
189.12,307,305
189.12,303,300
189.13,303,302
189.19,301,300
189.19,300,300
189.19,302,302
189.19,301,301
189.19,304,303
189.19,302,301
189.19,305,306
189.26,303,303
189.26,311,309
189.26,307,306
189.26,311,311
189.26,306,305
189.26,310,312
189.26,310,309
189.32,312,311
189.32,312,310
189.32,310,310
189.32,311,311
189.32,311,311
189.32,313,312
189.33,310,311
189.38,315,315
189.38,310,311
189.38,318,316
189.38,311,310
189.38,314,313
189.38,309,309
189.39,313,312
189.45,311,310
189.45,313,313
189.45,309,308
189.45,311,311
189.45,312,310
189.45,310,310
189.46,314,314
189.51,312,311
189.51,317,315
189.51,311,310
189.51,314,313
189.51,308,309
189.51,312,311
189.52,309,307
189.59,310,308
189.59,306,305
189.59,311,310
189.59,305,305
189.59,308,310
189.59,312,310
189.59,310,310
189.65,315,313
189.65,313,312
189.65,316,315
189.65,313,312
189.65,317,315
189.65,314,312
189.65,315,315
189.71,312,312
189.71,319,318
189.71,315,314
189.71,319,319
189.71,319,318
189.71,322,320
189.72,321,320
189.77,320,320
189.77,322,322
189.77,321,322
189.77,324,324
189.77,320,321
189.78,324,324
189.78,320,320
189.83,322,324
189.84,320,320
189.84,326,324
189.84,321,319
189.84,322,323
189.84,322,321
189.85,321,322
189.91,322,320
189.91,320,321
189.91,320,320
189.91,316,316
189.91,318,318
189.91,316,314
189.92,316,315
189.97,313,311
189.97,316,315
189.97,313,312
189.97,316,316
189.97,312,312
189.97,316,315
189.98,313,311
190.03,313,313
190.04,312,311
190.04,309,310
190.04,311,309
190.04,304,306
190.04,308,308
190.05,304,304
190.1,307,306
190.1,306,306
190.1,309,308
190.1,307,305
190.1,310,310
190.1,306,306
190.11,309,309
190.18,309,307
190.18,310,309
190.18,310,308
190.18,307,308
190.18,312,310
190.18,308,308
190.18,312,312
190.24,308,308
190.24,315,314
190.24,312,313
190.24,316,317
190.24,314,313
190.24,320,319
190.24,317,316
190.3,319,319
190.3,316,316
190.3,317,316
190.3,317,316
190.3,317,316
190.3,316,316
190.31,316,316
190.36,320,319
190.36,317,317
190.36,320,320
190.36,317,318
190.36,322,322
190.37,321,318
190.37,321,321
190.43,318,316
190.43,319,319
190.43,318,317
190.43,320,319
190.43,318,317
190.43,316,317
190.44,317,317
190.49,316,316
190.49,319,318
190.49,315,316
190.49,321,320
190.49,317,316
190.5,321,319
190.5,313,314
190.57,319,317
190.57,312,312
190.57,314,314
190.57,310,311
190.57,312,312
190.57,310,311
190.57,314,313
190.63,313,312
190.63,312,312
190.63,315,314
190.63,311,312
190.63,315,315
190.63,312,313
190.64,316,315
190.69,313,312
190.69,316,316
190.69,313,312
190.69,316,317
190.69,313,313
190.69,312,313
190.7,315,314
190.75,315,315
190.75,317,316
190.75,315,315
190.75,318,318
190.75,316,316
190.76,320,319
190.77,317,316
190.82,318,319
190.82,317,316
190.82,322,321
190.82,318,318
190.82,323,323
190.82,323,320
190.83,322,324
190.89,325,323
190.89,323,323
190.89,325,323
190.89,322,324
190.89,326,324
190.89,323,323
190.9,326,326
190.96,320,321
190.96,324,324
190.96,320,319
190.96,323,322
190.96,319,317
190.96,323,322
190.96,318,317
191.02,320,321
191.02,317,316
191.02,318,318
191.02,316,316
191.02,316,316
191.02,316,315
191.03,312,312
191.08,312,312
191.08,309,308
191.08,310,309
191.08,303,303
191.08,307,306
191.09,304,304
191.09,306,306
191.15,303,300
191.15,293,291
191.15,275,272
191.15,263,261
191.15,252,249
191.15,242,241
191.16,234,233
191.22,224,224
191.22,222,220
191.22,213,213
191.22,217,218
191.22,218,217
191.22,223,223
191.23,222,221
191.29,230,229
191.29,227,226
191.29,232,231
191.29,232,230
191.29,235,235
191.29,237,236
191.29,238,239
191.35,243,242
191.35,244,245
191.35,254,252
191.35,253,252
191.35,258,259
191.35,260,260
191.36,268,267
191.41,265,265
191.41,272,273
191.41,273,271
191.41,278,278
191.41,276,274
191.41,279,279
191.42,283,280
191.47,281,282
191.47,291,289
191.47,289,288
191.47,295,293
191.47,295,295
191.48,302,301
191.49,301,300
191.55,306,305
191.55,304,302
191.55,306,307
191.55,304,304
191.55,308,309
191.55,308,308
191.55,312,313
191.61,313,313
191.61,316,316
191.61,318,318
191.61,320,318
191.61,322,322
191.61,318,319
191.62,322,322
191.67,320,320
191.67,325,324
191.67,320,320
191.67,325,325
191.67,323,322
191.68,327,326
191.68,326,325
191.74,328,327
191.74,330,328
191.74,331,331
191.74,334,334
191.74,332,333
191.74,336,335
191.75,335,334
191.81,337,336
191.81,333,333
191.81,335,336
191.81,333,333
191.81,337,338
191.81,334,335
191.82,338,339
191.88,339,339
191.88,342,343
191.88,343,341
191.88,343,343
191.88,343,342
191.88,341,342
191.88,344,343
191.94,340,341
191.94,345,344
191.94,340,341
191.94,347,345
191.94,343,342
191.94,348,347
191.95,344,343
192.0,347,348
192.0,346,345
192.0,347,347
192.0,347,346
192.0,343,345
192.0,345,345
192.01,345,345
192.06,346,344
192.07,340,340
192.07,343,343
192.07,340,340
192.07,343,342
192.07,342,341
192.08,347,347
192.13,342,341
192.13,345,344
192.13,342,340
192.13,341,342
192.13,340,338
192.14,338,340
192.14,341,339
192.2,334,335
192.2,338,337
192.21,334,334
192.21,338,338
192.21,334,333
192.21,337,335
192.21,332,332
192.27,338,337
192.27,332,332
192.27,336,337
192.27,331,330
192.27,333,333
192.27,328,328
192.27,329,330
192.33,329,329
192.33,328,329
192.33,331,330
192.33,328,328
192.33,333,332
192.33,330,330
192.34,332,331
192.39,326,326
192.39,330,329
192.39,327,325
192.39,330,329
192.39,326,326
192.4,328,329
192.41,326,325
192.47,328,327
192.47,329,327
192.47,329,328
192.47,331,329
192.47,328,329
192.47,331,331
192.47,328,327
192.53,330,330
192.53,328,328
192.53,331,332
192.53,328,327
192.53,334,333
192.53,329,329
192.54,332,332
192.59,331,329
192.59,331,330
192.59,332,330
192.59,331,330
192.59,331,331
192.59,328,328
192.61,331,328
192.61,325,324
192.62,329,327
192.63,323,323
192.69,328,327
192.69,320,321
192.69,326,326
192.69,322,321
192.69,325,324
192.69,323,322
192.7,323,322
192.75,323,321
192.75,321,322
192.75,322,322
192.75,322,320
192.75,322,320
192.75,318,317
192.76,322,322
192.81,317,317
192.81,321,322
192.81,322,320
192.81,325,324
192.81,322,321
192.82,325,324
192.83,322,320
192.88,324,324
192.88,323,321
192.88,323,322
192.88,325,323
192.88,322,322
192.88,325,322
192.89,318,320
192.95,327,325
192.95,322,322
192.95,327,328
192.95,324,324
192.95,329,329
192.95,326,325
192.96,330,328
193.02,325,324
193.02,325,326
193.02,324,324
193.02,325,323
193.02,324,322
193.02,322,322
193.02,324,323
193.08,323,322
193.08,327,325
193.08,321,320
193.08,326,326
193.08,322,320
193.08,325,324
193.09,319,318
193.14,322,321
193.14,319,317
193.14,319,318
193.14,316,316
193.14,317,317
193.15,319,316
193.15,315,316
193.22,319,318
193.22,315,314
193.22,318,317
193.22,310,311
193.22,317,316
193.22,311,310
193.22,314,314
193.28,309,308
193.28,311,312
193.28,308,307
193.28,311,311
193.28,311,310
193.28,309,310
193.29,312,310
193.34,310,309
193.34,312,311
193.34,311,310
193.34,315,313
193.34,309,309
193.34,314,314
193.35,312,311
193.4,314,314
193.4,310,310
193.4,314,315
193.4,314,312
193.41,318,317
193.41,314,314
193.42,320,320
193.47,320,319
193.47,319,319
193.47,320,320
193.47,318,318
193.47,322,322
193.47,319,319
193.48,325,324
193.55,324,322
193.55,328,327
193.55,325,324
193.55,329,328
193.55,327,326
193.55,327,328
193.55,326,326
193.61,327,328
193.61,328,327
193.61,325,325
193.61,327,326
193.61,325,324
193.61,327,325
193.61,322,323
193.67,328,328
193.67,324,323
193.67,326,327
193.67,322,321
193.67,327,325
193.67,322,321
193.68,322,322
193.73,322,321
193.73,322,321
193.73,320,320
193.73,319,319
193.73,320,319
193.74,317,317
193.74,319,318
193.8,317,317
193.8,321,320
193.8,317,316
193.8,320,320
193.8,317,316
193.8,321,320
193.81,316,316
193.87,319,318
193.88,316,314
193.88,316,317
193.88,317,317
193.88,318,318
193.88,320,319
193.88,316,316
193.94,321,319
193.94,315,315
193.94,317,317
193.94,313,313
193.94,319,317
193.94,312,312
193.94,316,317
194.0,312,313
194.0,318,318
194.0,317,315
194.0,316,318
194.0,318,319
194.0,316,318
194.01,320,320
194.06,320,319
194.06,323,322
194.06,320,320
194.06,323,322
194.06,319,317
194.06,320,321
194.07,318,318
194.12,322,322
194.13,318,317
194.13,321,320
194.13,319,318
194.13,319,320
194.13,320,319
194.14,320,319
194.19,320,320
194.19,318,319
194.19,321,321
194.19,318,318
194.19,321,320
194.2,316,315
194.2,319,320
194.26,316,315
194.27,319,318
194.27,317,315
194.27,319,318
194.27,314,314
194.27,319,317
194.27,317,315
194.33,315,314
194.33,315,313
194.33,314,313
194.33,311,311
194.33,309,310
194.33,315,314
194.33,310,310
194.39,314,314
194.39,310,311
194.39,315,315
194.39,311,311
194.39,317,317
194.39,315,314
194.4,319,318
194.45,314,314
194.45,316,316
194.45,318,316
194.45,317,316
194.45,318,317
194.46,315,315
194.47,320,318
194.53,314,314
194.53,318,319
194.53,316,317
194.53,322,322
194.53,319,316
194.53,323,322
194.53,320,319
194.59,320,321
194.59,318,318
194.59,319,320
194.59,321,319
194.59,317,319
194.59,321,319
194.6,317,317
194.65,320,320
194.65,317,318
194.65,321,322
194.65,318,318
194.65,323,321
194.65,318,316
194.66,318,319
194.72,317,316
194.72,318,318
194.72,317,316
194.72,319,318
194.72,319,317
194.72,317,318
194.73,320,319
194.78,318,317
194.78,322,322
194.78,318,318
194.78,323,321
194.78,314,315
194.79,320,319
194.79,315,313
194.86,317,316
194.86,315,312
194.86,317,315
194.86,314,312
194.86,314,314
194.86,314,314
194.86,313,314
194.92,316,315
194.92,313,313
194.92,318,316
194.92,314,313
194.92,316,316
194.92,313,313
194.92,316,316
194.98,313,313
194.98,316,317
194.98,315,313
194.98,317,317
194.98,315,313
194.98,316,316
194.99,318,316
195.04,318,317
195.04,320,318
195.04,316,318
195.04,321,319
195.04,316,317
195.05,321,320
195.06,316,316
195.11,320,320
195.11,314,315
195.11,320,320
195.11,314,314
195.11,319,318
195.11,318,317
195.12,317,318
195.17,318,318
195.17,319,318
195.17,320,320
195.17,316,316
195.17,321,319
195.18,313,315
195.19,319,319
195.25,315,314
195.25,318,317
195.25,314,313
195.25,319,318
195.25,316,314
195.25,320,320
195.25,317,317
195.31,319,320
195.31,319,318
195.31,320,320
195.31,320,319
195.31,317,318
195.31,319,319
195.32,315,314
195.37,318,318
195.37,313,313
195.37,318,316
195.37,314,314
195.37,316,317
195.37,314,313
195.38,318,318
195.44,314,314
195.44,316,316
195.44,314,313
195.44,313,314
195.44,316,314
195.44,313,314
195.45,315,314
195.5,310,311
195.5,314,314
195.5,313,312
195.5,319,318
195.5,312,314
195.51,318,320
195.51,316,316
195.58,319,319
195.58,315,315
195.58,316,317
195.58,314,314
195.58,316,316
195.58,318,316
195.58,316,315
195.64,317,317
195.64,316,316
195.64,319,319
195.64,317,318
195.64,322,321
195.64,318,316
195.65,322,322
195.7,319,318
195.7,321,320
195.7,320,319
195.7,322,322
195.7,317,317
195.7,319,318
195.71,319,317
195.76,316,317
195.76,318,318
195.76,316,318
195.76,320,320
195.76,317,317
195.77,322,321
195.78,315,315
195.84,319,318
195.84,315,315
195.84,318,318
195.84,316,315
195.84,317,316
195.84,315,313
195.84,315,316
195.9,315,313
195.9,314,314
195.9,316,314
195.9,310,312
195.9,318,317
195.9,311,311
195.91,316,315
195.96,310,310
195.96,314,314
195.96,310,309
195.96,314,313
195.96,308,308
195.96,313,312
195.97,313,310
196.03,309,310
196.03,310,310
196.03,311,312
196.03,314,313
196.03,313,313
196.03,314,313
196.04,312,311
196.1,316,314
196.1,311,310
196.1,316,314
196.1,310,310
196.1,315,314
196.1,311,311
196.1,315,314
196.16,314,313
196.16,316,316
196.16,316,315
196.17,317,317
196.17,318,318
196.17,316,316
196.17,320,319
196.23,317,318
196.23,319,319
196.23,314,314
196.23,317,318
196.23,314,314
196.23,319,319
196.24,318,316
196.29,321,320
196.29,319,316
196.29,320,320
196.29,320,319
196.29,318,319
196.29,319,319
196.3,317,317
196.35,319,317
196.35,314,314
196.35,316,316
196.35,311,312
196.35,314,314
196.36,311,311
196.37,314,316
196.43,310,310
196.43,315,314
196.43,312,311
196.43,314,313
196.43,312,311
196.43,312,311
196.43,311,312
196.49,310,310
196.49,313,311
196.49,309,309
196.49,312,311
196.49,308,308
196.49,314,312
196.5,313,312
196.55,316,316
196.55,312,312
196.55,319,317
196.55,312,312
196.55,316,317
196.56,315,314
196.56,314,315
196.62,315,314
196.62,314,315
196.62,317,317
196.62,316,315
196.62,317,317
196.62,315,315
196.63,321,320
196.68,316,316
196.68,321,320
196.68,317,315
196.68,321,319
196.68,317,315
196.69,316,318
196.69,317,316
196.76,316,316
196.76,317,317
196.76,316,317
196.76,319,317
196.76,316,317
196.76,320,318
196.76,316,316
196.82,322,320
196.82,317,316
196.82,319,318
196.82,314,314
196.82,318,317
196.82,314,314
196.82,317,316
196.88,317,315
196.88,317,316
196.88,318,316
196.88,316,316
196.88,319,317
196.88,316,316
196.89,319,318
196.95,315,314
196.95,318,317
196.95,313,313
196.95,317,318
196.95,316,315
196.95,318,318
196.96,316,316
197.01,320,321
197.01,319,318
197.01,320,321
197.01,320,320
197.01,321,320
197.01,323,321
197.02,317,318
197.09,321,321
197.09,318,318
197.09,321,321
197.09,317,317
197.09,321,320
197.09,319,318
197.09,323,323
197.15,321,320
197.15,323,324
197.15,321,321
197.15,321,321
197.15,322,321
197.15,322,321
197.15,322,321
197.21,318,319
197.21,321,321
197.21,317,317
197.21,320,320
197.21,315,315
197.21,322,321
197.22,319,318
197.27,324,323
197.27,319,318
197.27,322,322
197.27,320,319
197.27,323,322
197.28,323,321
197.28,320,321
197.34,321,320
197.34,317,318
197.34,323,322
197.34,319,318
197.34,323,322
197.34,317,318
197.35,320,321
197.41,316,317
197.41,323,322
197.41,321,318
197.41,323,322
197.41,320,319
197.41,320,321
197.41,320,319
197.48,319,318
197.48,319,317
197.48,317,317
197.48,318,317
197.48,314,314
197.48,318,317
197.48,315,315
197.54,321,320
197.54,316,316
197.54,321,321
197.54,319,317
197.54,320,321
197.54,319,319
197.55,320,318
197.6,319,318
197.6,319,318
197.6,318,318
197.6,316,317
197.6,318,319
197.6,317,318
197.61,322,322
197.67,318,318
197.67,324,324
197.67,319,319
197.67,323,324
197.67,319,318
197.67,322,323
197.68,320,319
197.73,322,322
197.73,318,318
197.73,321,320
197.73,321,318
197.73,317,318
197.73,323,320
197.74,319,319
197.8,324,322
197.8,320,320
197.8,324,322
197.8,318,318
197.8,322,322
197.8,318,318
197.81,320,320
197.87,318,317
197.87,320,320
197.87,317,316
197.87,319,318
197.87,320,319
197.87,319,319
197.87,321,320
197.93,320,320
197.93,320,320
197.93,318,317
197.93,320,320
197.93,316,317
197.93,320,320
197.94,316,316
197.99,316,316
197.99,312,312
197.99,315,316
197.99,315,313
197.99,315,316
198.0,315,313
198.0,314,314
198.07,314,314
198.07,311,312
198.07,315,314
198.07,311,311
198.07,315,314
198.07,311,311
198.07,317,316
198.13,313,311
198.13,316,316
198.13,315,314
198.13,317,316
198.13,316,316
198.13,317,317
198.14,319,317
198.19,316,317
198.19,317,316
198.19,316,316
198.19,318,316
198.19,315,315
198.19,319,317
198.2,314,313
198.25,318,317
198.25,314,314
198.25,319,318
198.25,317,315
198.25,318,318
198.26,317,315
198.27,318,317
198.32,314,314
198.32,317,316
198.32,317,315
198.32,313,313
198.32,311,309
198.32,290,288
198.33,280,278
198.4,266,265
198.4,262,261
198.4,251,248
198.4,248,247
198.4,237,236
198.4,235,234
198.4,231,229
198.46,233,233
198.46,234,234
198.46,233,233
198.46,236,235
198.46,235,236
198.46,240,239
198.46,239,241
198.52,250,248
198.52,247,248
198.52,255,254
198.52,253,254
198.52,264,263
198.52,263,261
198.53,268,269
198.58,266,267
198.58,273,273
198.58,277,275
198.58,280,280
198.58,284,284
198.59,284,285
198.59,293,292
198.64,292,292
198.64,300,299
198.64,295,297
198.64,305,304
198.64,304,304
198.65,308,309
198.66,309,307
198.72,313,313
198.72,313,312
198.72,314,315
198.72,315,315
198.72,319,319
198.72,320,320
198.73,323,323
198.79,326,326
198.79,326,325
198.79,330,329
198.79,328,327
198.79,332,331
198.79,327,328
198.79,332,332
198.85,330,330
198.85,335,335
198.85,333,334
198.85,338,338
198.85,337,336
198.85,338,337
198.86,338,338
198.91,335,336
198.91,341,338
198.91,335,336
198.91,342,340
198.91,337,338
198.91,340,340
198.92,337,335
198.97,341,341
198.97,340,338
198.97,340,341
198.97,341,339
198.97,342,342
198.98,340,339
198.99,343,343
199.05,341,340
199.05,340,339
199.05,341,340
199.05,337,337
199.05,339,338
199.05,336,335
199.05,339,338
199.11,335,334
199.11,340,340
199.11,337,336
199.11,340,340
199.11,338,336
199.11,338,338
199.12,335,335
199.17,336,336
199.17,335,334
199.17,336,335
199.17,337,335
199.17,333,332
199.18,335,335
199.18,333,333
199.24,337,337
199.24,334,334
199.24,337,337
199.24,336,334
199.24,338,337
199.24,333,333
199.25,338,337
199.32,334,333
199.32,334,333
199.32,333,333
199.32,334,333
199.32,334,332
199.32,331,330
199.32,333,334
199.38,329,330
199.38,334,334
199.38,329,329
199.38,333,333
199.38,326,326
199.38,329,330
199.38,326,325
199.44,329,328
199.44,325,322
199.44,324,324
199.44,323,320
199.44,321,321
199.44,321,321
199.45,320,320
199.5,324,322
199.5,320,320
199.5,323,322
199.51,316,317
199.51,320,320
199.51,316,314
199.51,318,318
199.57,314,312
199.57,315,315
199.57,314,313
199.57,314,315
199.57,315,313
199.57,314,315
199.58,314,314
199.63,314,314
199.63,316,316
199.63,314,313
199.63,316,317
199.63,313,312
199.63,316,316
199.64,310,310
199.69,315,314
199.69,311,312
199.69,315,315
199.69,314,314
199.69,316,317
199.7,316,315
199.71,318,318
199.77,318,318
199.77,319,318
199.77,319,319
199.77,318,318
199.77,323,321
199.77,319,317
199.77,322,321
199.83,317,316
199.83,320,321
199.83,318,316
199.83,320,320
199.83,319,318
199.83,320,320
199.84,320,318
199.9,319,320
199.9,322,320
199.9,318,319
199.9,318,318
199.9,316,315
199.9,320,319
199.9,314,314
199.96,318,317
199.96,315,314
199.96,319,318
199.96,315,315
199.96,320,319
199.96,317,315
199.97,319,318
200.02,318,317
200.02,319,317
200.02,316,317
200.02,314,314
200.02,317,316
200.03,315,314
200.04,316,316
200.1,313,312
200.1,316,316
200.1,313,312
200.1,316,316
200.1,314,312
200.1,318,318
200.1,317,316
200.16,317,317
200.16,317,316
200.16,317,317
200.16,318,317
200.16,316,316
200.16,317,316
200.17,315,316
200.22,318,318
200.22,317,315
200.22,322,320
200.22,317,317
200.22,325,323
200.22,319,319
200.23,323,322
200.29,320,320
200.29,322,322
200.29,320,319
200.29,323,320
200.29,322,320
200.29,320,321
200.3,323,322
200.31,321,320
200.32,323,322
200.33,320,321
200.38,325,325
200.38,321,320
200.38,327,326
200.38,322,322
200.38,325,324
200.38,322,321
200.39,322,323
200.44,322,320
200.44,322,322
200.44,321,321
200.44,320,320
200.45,323,322
200.45,322,321
200.46,322,323
200.51,321,320
200.51,323,323
200.51,319,318
200.51,323,322
200.51,319,318
200.52,322,322
200.52,318,317
200.58,321,320
200.58,317,316
200.58,318,318
200.58,319,318
200.58,320,319
200.58,323,321
200.59,319,320
200.65,321,320
200.65,316,316
200.65,319,318
200.65,312,312
200.65,316,316
200.65,313,311
200.65,314,315
200.71,312,310
200.71,312,312
200.71,311,310
200.71,313,313
200.71,312,312
200.71,313,312
200.72,313,311
200.77,309,310
200.77,312,312
200.77,308,308
200.77,312,313
200.77,308,308
200.78,312,312
200.79,307,307
200.85,314,313
200.85,311,310
200.85,314,315
200.85,313,313
200.85,316,315
200.85,317,317
200.85,316,315
200.91,316,315
200.91,315,314
200.91,318,316
200.91,315,315
200.91,319,318
200.91,315,314
200.92,320,320
200.97,315,314
200.97,320,320
200.97,316,316
200.97,320,319
200.97,317,317
200.97,320,319
200.98,318,317
201.04,316,318
201.04,317,317
201.04,315,316
201.04,318,318
201.04,316,315
201.04,318,316
201.05,316,315
201.1,319,320
201.1,317,317
201.1,321,320
201.1,319,318
201.1,321,320
201.1,316,317
201.11,319,318
201.18,317,316
201.18,317,316
201.18,316,316
201.18,313,313
201.18,314,314
201.18,311,313
201.18,318,316
201.24,312,314
201.24,319,318
201.24,313,314
201.24,319,318
201.24,313,312
201.24,317,318
201.24,314,314
201.3,317,318
201.3,316,314
201.3,319,318
201.3,318,318
201.3,319,320
201.3,320,321
201.31,321,320
201.36,324,323
201.36,320,321
201.36,327,327
201.36,323,322
201.36,328,327
201.37,324,323
201.38,327,326
201.43,325,323
201.43,325,326
201.43,325,324
201.43,325,325
201.43,326,325
201.43,327,327
201.44,327,326
201.5,326,327
201.5,331,330
201.5,326,328
201.5,333,331
201.5,327,326
201.5,331,331
201.51,325,326
201.57,327,328
201.57,326,326
201.57,329,329
201.57,327,325
201.57,329,329
201.57,329,328
201.57,326,326
201.63,327,326
201.63,325,325
201.63,327,328
201.63,324,325
201.63,326,326
201.63,323,323
201.64,329,326
201.69,322,320
201.69,327,326
201.69,323,320
201.69,324,324
201.69,322,321
201.69,323,324
201.7,321,320
201.76,320,320
201.76,320,319
201.76,316,317
201.76,318,318
201.76,315,315
201.76,319,317
201.77,314,314
201.82,317,315
201.82,312,310
201.82,315,314
201.82,311,310
201.82,313,313
201.83,312,311
201.83,313,312
201.9,310,310
201.9,311,311
201.9,311,311
201.9,309,309
201.9,310,309
201.9,307,308
201.9,313,312
201.96,309,310
201.96,316,314
201.96,312,312
201.96,317,315
201.96,313,313
201.96,318,319
201.97,316,316
202.02,319,319
202.02,318,317
202.02,318,318
202.02,321,319
202.02,320,320
202.02,322,322
202.03,319,320
202.08,323,322
202.08,320,320
202.08,325,325
202.08,320,320
202.08,324,324
202.09,322,321
202.1,325,324
202.16,324,323
202.16,326,326
202.16,325,324
202.16,324,326
202.16,327,326
202.16,324,324
202.16,327,325
202.22,322,322
202.22,325,324
202.22,320,322
202.22,327,325
202.22,322,321
202.22,325,324
202.23,321,320
202.29,322,323
202.29,319,319
202.29,321,322
202.29,320,320
202.29,321,320
202.29,322,320
202.29,318,318
202.35,318,318
202.35,316,317
202.35,318,318
202.35,316,315
202.35,319,319
202.35,312,313
202.36,316,316
202.41,312,311
202.41,315,315
202.41,313,311
202.41,313,314
202.41,312,312
202.42,313,313
202.42,312,311
202.47,309,311
202.47,315,312
202.47,309,310
202.47,315,313
202.47,309,310
202.48,311,312
202.49,310,310
202.55,314,313
202.55,310,311
202.55,315,313
202.55,310,310
202.55,315,314
202.55,312,311
202.55,312,313
202.61,315,313
202.61,310,312
202.61,316,315
202.61,313,313
202.61,319,318
202.61,315,314
202.62,320,319
202.68,315,315
202.68,320,320
202.68,315,314
202.68,319,318
202.68,315,313
202.68,316,317
202.69,315,315
202.74,319,318
202.74,316,316
202.74,317,316
202.74,319,318
202.74,318,318
202.74,320,318
202.75,314,314
202.8,319,319
202.8,314,314
202.8,319,318
202.8,314,314
202.8,318,319
202.81,315,314
202.82,318,318
202.88,315,314
202.88,317,316
202.88,315,314
202.88,313,312
202.88,315,313
202.88,312,312
202.88,315,313
202.94,312,312
202.94,315,314
202.94,310,311
202.94,316,315
202.94,312,310
202.94,317,315
202.95,312,310
203.0,315,314
203.0,313,313
203.0,314,314
203.0,316,315
203.0,315,314
203.01,317,317
203.01,318,317
203.07,319,318
203.07,317,316
203.07,320,321
203.07,319,319
203.07,322,320
203.07,317,317
203.08,323,322
203.13,318,319
203.13,321,322
203.13,321,320
203.13,323,322
203.13,323,321
203.14,321,322
203.14,324,322
203.21,321,321
203.21,325,324
203.21,320,320
203.21,324,322
203.21,319,320
203.21,324,324
203.21,319,319
203.27,325,323
203.27,316,317
203.27,322,321
203.27,318,318
203.27,321,320
203.27,321,318
203.28,318,319
203.33,322,320
203.33,318,320
203.33,321,320
203.33,318,318
203.33,323,322
203.33,319,318
203.34,323,322
203.39,318,318
203.39,326,325
203.39,318,317
203.39,321,322
203.39,319,318
203.4,320,321
203.41,321,320
203.46,319,320
203.46,320,320
203.46,319,318
203.46,322,320
203.46,318,318
203.46,323,322
203.47,318,318
203.53,323,323
203.53,320,320
203.53,322,322
203.53,320,320
203.53,320,321
203.53,318,318
203.54,323,321
203.6,320,318
203.6,318,319
203.6,320,318
203.6,319,320
203.6,321,319
203.6,319,318
203.6,320,319
203.66,314,315
203.66,319,318
203.66,317,316
203.66,318,318
203.66,313,313
203.66,316,318
203.67,315,314
203.72,319,318
203.72,317,315
203.72,316,317
203.72,317,317
203.72,316,317
203.73,318,319
203.73,316,317
203.8,321,320
203.8,319,318
203.8,322,321
203.8,316,318
203.8,324,324
203.8,322,321
203.8,324,323
203.86,321,321
203.86,324,325
203.86,323,322
203.86,323,324
203.86,323,322
203.86,323,323
203.87,322,322
203.92,320,320
203.92,324,323
203.92,319,319
203.92,324,322
203.92,319,319
203.92,323,323
203.93,319,317
203.99,323,321
203.99,318,318
203.99,321,321
203.99,319,318
203.99,318,319
203.99,320,318
204.0,316,316
204.05,317,317
204.05,316,316
204.05,318,318
204.05,315,315
204.05,318,316
204.05,314,313
204.06,316,316
204.13,313,312
204.13,317,317
204.13,315,314
204.13,316,316
204.13,315,313
204.13,315,314
204.13,315,313
204.19,312,312
204.19,316,314
204.19,313,311
204.19,315,313
204.19,312,311
204.19,315,314
204.19,312,310
204.25,315,314
204.25,309,308
204.25,314,314
204.25,310,310
204.25,313,314
204.25,312,311
204.26,314,313
204.32,312,311
204.32,313,312
204.32,311,312
204.32,315,314
204.32,316,314
204.32,312,312
204.32,318,317
204.38,313,313
204.38,319,318
204.38,312,313
204.38,316,316
204.38,314,314
204.38,318,317
204.39,317,316
204.44,318,317
204.44,317,317
204.44,318,318
204.44,319,317
204.44,316,316
204.45,321,318
204.46,317,316
204.52,318,319
204.52,319,317
204.52,321,321
204.52,316,316
204.52,320,321
204.52,318,317
204.52,320,321
204.58,319,318
204.58,321,320
204.58,320,319
204.58,321,320
204.58,321,320
204.58,320,320
204.59,323,320
204.64,321,319
204.64,322,322
204.64,316,318
204.64,323,322
204.64,319,318
204.64,323,322
204.65,319,317
204.71,322,321
204.71,319,318
204.71,323,322
204.71,321,319
204.71,321,321
204.71,321,319
204.72,320,320
204.78,321,319
204.78,318,317
204.78,322,321
204.78,318,317
204.78,318,319
204.78,317,317
204.78,322,321
204.85,318,316
204.85,320,320
204.85,318,318
204.85,320,320
204.85,319,318
204.85,318,319
204.85,320,320
204.91,319,317
204.91,320,319
204.91,317,317
204.91,320,319
204.91,316,315
204.91,318,318
204.91,316,316
204.97,320,318
204.97,317,315
204.97,319,319
204.97,316,316
204.97,319,320
204.97,317,315
204.98,317,318
205.03,318,317
205.03,317,318
205.03,318,318
205.03,316,316
205.03,321,319
205.04,317,317
205.05,322,321
205.11,317,317
205.11,323,322
205.11,320,320
205.11,322,322
205.11,319,318
205.11,323,322
205.11,320,318
205.17,321,321
205.17,322,320
205.17,320,320
205.17,321,321
205.17,320,321
205.17,322,322
205.18,321,321
205.23,326,325
205.23,320,320
205.23,324,324
205.23,320,320
205.23,323,322
205.23,319,319
205.24,321,322
205.3,319,318
205.3,320,321
205.3,320,319
205.3,320,320
205.3,323,321
205.3,318,320
205.31,322,322
205.36,320,319
205.36,322,320
205.36,316,317
205.36,320,320
205.36,318,317
205.36,321,320
205.37,319,317
205.44,320,320
205.44,319,317
205.44,320,319
205.44,318,317
205.44,318,318
205.44,318,316
205.44,314,315
205.5,317,317
205.5,314,314
205.5,318,317
205.5,312,313
205.5,318,318
205.5,313,312
205.5,318,317
205.56,315,315
205.56,319,318
205.56,314,314
205.56,317,318
205.56,318,317
205.56,319,319
205.57,317,318
205.62,316,318
205.62,318,318
205.62,316,316
205.62,320,320
205.62,318,318
205.63,322,321
205.63,319,319
205.69,325,324
205.69,321,320
205.69,324,324
205.69,322,322
205.69,325,324
205.69,322,321
205.7,322,321
205.77,323,322
205.77,322,323
205.77,323,323
205.77,323,322
205.77,325,324
205.77,321,321
205.77,325,323
205.83,320,319
205.83,325,324
205.83,321,321
205.83,324,324
205.83,321,321
205.83,323,323
205.83,321,321
205.89,322,322
205.89,322,321
205.89,323,322
205.89,322,321
205.89,318,320
205.89,322,321
205.9,320,319
205.95,322,321
205.95,318,317
205.95,321,320
205.95,319,316
205.95,320,320
205.95,317,317
205.96,319,320
206.03,318,317
206.03,317,317
206.03,317,316
206.03,317,316
206.03,318,315
206.03,314,314
206.03,317,318
206.09,314,314
206.09,319,318
206.09,314,315
206.09,320,319
206.09,316,315
206.09,322,320
206.09,315,315
206.15,320,320
206.15,318,316
206.15,321,320
206.15,318,316
206.15,317,317
206.15,319,317
206.16,317,316
206.21,315,315
206.22,313,314
206.22,318,317
206.22,314,313
206.22,319,317
206.22,314,315
206.22,319,318
206.28,314,313
206.28,319,318
206.28,315,313
206.28,315,315
206.28,315,314
206.28,314,314
206.29,316,314
206.34,315,314
206.34,315,313
206.34,313,313
206.34,316,316
206.34,310,310
206.35,315,315
206.36,309,310
206.42,314,314
206.42,311,310
206.42,313,312
206.42,311,310
206.42,312,313
206.42,310,308
206.42,308,309
206.48,309,308
206.48,309,309
206.48,312,310
206.48,309,308
206.48,312,311
206.48,307,306
206.49,310,310
206.54,307,306
206.54,313,312
206.54,307,306
206.54,309,310
206.54,309,307
206.54,309,310
206.55,309,307
206.6,310,309
206.6,312,309
206.6,310,309
206.6,310,309
206.6,307,307
206.61,301,297
206.62,279,278
206.68,273,269
206.68,258,256
206.68,255,253
206.68,241,240
206.68,239,238
206.68,230,228
206.68,226,226
206.74,226,225
206.74,226,228
206.74,229,228
206.74,231,230
206.74,234,234
206.74,235,234
206.75,239,239
206.81,238,238
206.81,245,245
206.81,247,247
206.81,254,254
206.81,253,253
206.81,260,261
206.81,261,261
206.87,267,267
206.87,268,268
206.87,274,274
206.87,278,277
206.87,283,282
206.87,285,285
206.88,289,288
206.93,293,293
206.93,294,293
206.93,301,300
206.93,298,299
206.93,307,306
206.94,304,305
206.95,312,312
207.01,311,310
207.01,314,316
207.01,316,316
207.01,323,322
207.01,321,321
207.01,325,324
207.01,326,326
207.07,329,329
207.07,333,332
207.07,332,333
207.07,337,337
207.07,336,335
207.07,342,341
207.08,339,338
207.13,343,344
207.13,340,340
207.13,347,346
207.13,346,345
207.13,348,348
207.13,349,346
207.14,348,350
207.2,349,348
207.2,351,351
207.2,354,352
207.2,348,350
207.2,354,352
207.2,350,350
207.21,356,355
207.27,352,352
207.27,354,355
207.27,352,353
207.27,358,357
207.27,353,352
207.27,356,357
207.27,356,354
207.34,357,357
207.34,356,355
207.34,354,356
207.34,356,356
207.34,358,358
207.34,358,358
207.34,357,357
207.4,360,359
207.4,356,356
207.4,362,361
207.4,354,353
207.4,360,360
207.4,352,351
207.4,358,358
207.46,352,350
207.46,357,357
207.46,351,350
207.46,354,355
207.46,350,350
207.46,352,352
207.47,354,351
207.52,348,349
207.52,354,353
207.52,347,348
207.52,352,352
207.52,346,345
207.53,351,349
207.54,344,344
207.59,348,347
207.59,345,343
207.59,345,344
207.59,344,342
207.59,343,344
207.59,344,342
207.6,341,341
207.66,342,341
207.66,340,339
207.66,344,342
207.66,336,338
207.66,342,341
207.66,338,336
207.67,341,340
207.73,336,334
207.73,337,337
207.73,334,334
207.73,336,337
207.73,333,332
207.73,333,333
207.73,333,332
207.79,331,331
207.79,334,333
207.79,330,330
207.79,334,333
207.79,328,328
207.79,332,332
207.8,327,326
207.81,329,330
207.82,326,326
207.83,329,329
207.88,326,326
207.88,329,328
207.88,325,324
207.88,323,323
207.88,326,324
207.88,322,322
207.89,325,324
207.95,321,322
207.95,324,325
207.95,321,322
207.95,324,324
207.95,321,320
207.95,324,324
207.96,321,319
208.01,322,322
208.01,319,318
208.01,320,321
208.01,320,319
208.01,321,321
208.01,320,320
208.02,320,320
208.09,323,322
208.09,318,318
208.09,321,321
208.09,317,317
208.09,323,322
208.09,317,316
208.09,321,320
208.15,318,317
208.15,319,320
208.15,317,318
208.15,318,319
208.15,318,317
208.15,319,319
208.15,320,320
208.21,317,318
208.21,320,319
208.21,317,316
208.21,319,319
208.21,316,315
208.21,320,320
208.22,314,314
208.27,320,319
208.27,317,316
208.27,319,319
208.27,317,316
208.27,319,319
208.28,316,316
208.28,316,316
208.34,315,314
208.34,315,315
208.34,319,316
208.34,314,314
208.34,318,317
208.34,313,312
208.35,318,318
208.41,313,313
208.41,319,318
208.41,315,313
208.41,314,315
208.41,313,313
208.41,316,317
208.42,317,314
208.48,317,316
208.48,318,315
208.48,316,316
208.48,318,315
208.48,313,313
208.48,317,316
208.48,314,313
208.54,318,316
208.54,314,313
208.54,317,317
208.54,313,312
208.54,319,318
208.54,312,313
208.55,317,317
208.6,317,314
208.6,317,315
208.6,315,314
208.6,315,315
208.6,317,316
208.6,313,312
208.61,316,316
208.66,313,312
208.66,317,316
208.66,314,312
208.66,319,318
208.66,314,312
208.67,318,318
208.68,315,313
208.74,316,316
208.74,315,313
208.74,317,317
208.74,316,316
208.74,315,315
208.74,318,317
208.74,316,317
208.8,317,316
208.8,315,315
208.8,319,317
208.8,313,314
208.8,319,319
208.8,315,314
208.81,317,318
208.87,315,314
208.87,318,318
208.87,316,315
208.87,316,318
208.87,316,315
208.87,317,318
208.87,318,317
208.93,315,316
208.93,319,319
208.93,315,316
208.93,322,321
208.93,316,316
208.93,323,321
208.94,316,316
208.99,321,320
208.99,320,319
208.99,321,321
208.99,320,319
208.99,320,321
209.0,321,320
209.01,321,321
209.07,323,322
209.07,321,320
209.07,324,322
209.07,321,320
209.07,324,323
209.07,320,319
209.07,322,322
209.13,319,318
209.13,322,322
209.13,318,318
209.13,322,323
209.13,321,320
209.13,322,322
209.14,321,320
209.19,321,322
209.19,322,321
209.19,320,320
209.19,323,322
209.19,319,319
209.19,322,321
209.2,316,317
209.26,322,322
209.26,316,317
209.26,321,321
209.26,317,317
209.26,321,320
209.26,318,317
209.27,318,319
209.32,317,316
209.32,319,318
209.32,320,318
209.32,316,316
209.32,318,318
209.33,317,316
209.33,318,318
209.4,315,315
209.4,320,319
209.4,314,314
209.4,318,319
209.4,317,314
209.4,319,318
209.4,317,316
209.46,319,320
209.46,318,317
209.46,315,316
209.46,317,316
209.46,317,317
209.46,318,318
209.46,316,317
209.52,321,318
209.52,315,315
209.52,320,318
209.52,317,316
209.52,321,320
209.52,315,315
209.53,320,319
209.58,317,315
209.58,320,320
209.58,317,317
209.58,318,319
209.58,318,318
209.59,319,318
209.6,322,320
209.65,316,317
209.65,323,321
209.65,318,317
209.65,321,320
209.65,315,316
209.65,321,320
209.66,317,315
209.73,319,318
209.73,314,314
209.73,319,318
209.73,316,314
209.73,316,316
209.73,316,316
209.73,315,317
209.79,318,317
209.79,317,316
209.79,318,318
209.79,314,315
209.79,320,320
209.79,314,314
209.79,321,321
209.85,317,316
209.85,320,320
209.85,317,317
209.85,319,320
209.85,319,317
209.85,321,321
209.86,318,318
209.91,319,320
209.91,321,320
209.91,318,319
209.91,321,321
209.91,318,318
209.91,323,321
209.92,319,318
209.97,324,322
209.97,319,318
209.97,323,322
209.97,320,319
209.97,323,322
209.98,321,320
209.99,323,323
210.05,323,321
210.05,322,321
210.05,322,320
210.05,321,321
210.05,323,323
210.05,321,321
210.05,323,322
210.12,320,320
210.12,323,323
210.12,319,320
210.12,324,324
210.12,321,320
210.12,324,324
210.12,323,321
210.18,325,325
210.18,324,323
210.18,325,324
210.18,325,322
210.18,323,323
210.18,326,324
210.19,321,322
210.24,325,325
210.24,322,322
210.24,323,323
210.24,320,320
210.24,325,324
210.24,321,320
210.25,324,325
210.3,321,321
210.3,323,324
210.3,322,321
210.3,324,324
210.3,323,322
210.31,322,321
210.32,324,324
210.38,322,322
210.38,324,324
210.38,321,321
210.38,324,324
210.38,321,321
210.38,325,324
210.38,321,320
210.44,325,325
210.44,320,321
210.44,326,325
210.44,322,320
210.44,322,323
210.44,322,322
210.45,321,322
210.5,323,321
210.5,322,321
210.5,323,322
210.5,319,319
210.5,326,323
210.5,321,320
210.51,325,323
210.57,322,321
210.57,326,324
210.57,320,320
210.57,323,323
210.57,319,318
210.57,321,322
210.58,320,320
210.63,320,320
210.63,322,320
210.63,319,318
210.63,322,320
210.63,317,318
210.64,322,322
210.64,317,317
210.71,320,319
210.71,315,314
210.71,319,320
210.71,315,315
210.71,316,317
210.71,315,314
210.71,319,318
210.77,319,316
210.77,317,316
210.77,316,316
210.77,317,318
210.77,319,317
210.77,317,316
210.78,319,318
210.83,315,314
210.83,319,318
210.83,313,313
210.83,318,318
210.83,313,313
210.83,316,317
210.84,316,314
210.89,315,315
210.89,315,314
210.89,317,317
210.89,317,316
210.89,317,317
210.9,319,317
210.91,316,316
210.96,320,319
210.96,318,317
210.96,321,320
210.96,318,316
210.96,323,322
210.96,319,317
210.97,323,322
211.03,321,319
211.03,322,322
211.03,321,320
211.03,320,319
211.03,322,320
211.03,319,319
211.04,322,322
211.1,320,320
211.1,322,322
211.1,319,318
211.1,324,324
211.1,319,318
211.1,322,322
211.1,318,318
211.16,323,324
211.16,320,318
211.16,323,322
211.16,317,317
211.16,323,323
211.16,320,318
211.17,323,323
211.22,320,318
211.22,319,320
211.22,321,319
211.22,317,318
211.22,324,322
211.23,318,317
211.23,324,323
211.3,316,316
211.3,325,324
211.3,317,316
211.3,322,322
211.3,315,314
211.3,322,323
211.3,320,320
211.36,321,320
211.36,321,321
211.36,321,320
211.36,323,322
211.36,318,319
211.36,321,320
211.37,317,317
211.42,323,322
211.42,317,316
211.42,321,322
211.42,317,316
211.42,321,321
211.42,318,317
211.43,321,321
211.49,321,320
211.49,319,319
211.49,322,320
211.49,319,319
211.49,322,322
211.49,320,320
211.5,325,322
211.55,319,318
211.55,323,322
211.55,319,318
211.55,321,320
211.55,318,318
211.55,321,321
211.56,320,320
211.62,322,323
211.62,322,321
211.62,320,321
211.63,322,322
211.63,321,322
211.63,325,323
211.63,321,321
211.69,323,321
211.69,319,319
211.69,324,322
211.69,319,317
211.69,323,322
211.69,318,316
211.69,320,320
211.75,317,316
211.75,319,319
211.75,319,318
211.75,319,318
211.75,317,317
211.75,317,316
211.76,319,317
211.81,315,315
211.81,319,318
211.81,313,314
211.81,318,318
211.81,315,314
211.82,317,318
211.82,315,312
211.88,317,316
211.88,313,310
211.88,312,313
211.88,312,311
211.88,312,311
211.88,314,312
211.89,309,310
211.95,312,311
211.95,307,307
211.95,311,310
211.95,308,307
211.95,309,309
211.95,306,306
211.95,310,309
212.01,307,305
212.01,311,311
212.01,306,306
212.01,308,308
212.01,306,306
212.01,307,308
212.02,309,308
212.08,308,308
212.08,311,310
212.08,307,307
212.08,311,310
212.08,308,308
212.08,311,310
212.09,305,306
212.14,312,312
212.14,308,308
212.14,312,312
212.14,309,308
212.14,312,312
212.14,311,310
212.15,312,312
212.22,312,310
212.22,309,310
212.22,311,311
212.22,310,311
212.22,315,314
212.22,311,311
212.22,315,314
212.28,311,311
212.28,316,316
212.28,314,312
212.28,315,316
212.28,312,313
212.28,315,315
212.28,314,313
212.34,315,314
212.34,317,315
212.34,315,315
212.34,317,315
212.34,313,314
212.34,318,316
212.35,314,313
212.4,320,319
212.4,317,316
212.4,320,319
212.4,317,316
212.4,319,319
212.41,315,314
212.41,319,320
212.47,318,316
212.47,318,318
212.47,317,316
212.47,317,317
212.47,320,319
212.47,318,316
212.48,320,318
212.53,316,316
212.53,319,318
212.53,316,315
212.53,319,319
212.53,316,316
212.54,318,318
212.54,316,315
212.61,319,319
212.61,319,317
212.61,317,317
212.61,319,317
212.61,317,318
212.61,321,319
212.61,314,316
212.67,319,318
212.67,315,316
212.67,320,320
212.67,315,314
212.67,322,320
212.67,316,316
212.68,318,320
212.73,317,316
212.73,321,320
212.73,319,317
212.73,320,321
212.73,320,319
212.73,319,319
212.74,321,320
212.79,317,318
212.79,322,320
212.79,319,319
212.79,323,324
212.8,320,319
212.8,324,325
212.81,321,320
212.86,323,323
212.86,322,320
212.86,325,324
212.86,322,321
212.86,323,323
212.86,321,321
212.87,322,323
212.93,323,322
212.93,321,321
212.93,322,322
212.93,319,320
212.93,324,323
212.93,321,319
212.94,321,322
213.0,318,318
213.0,322,321
213.0,319,318
213.0,321,321
213.0,318,317
213.0,321,320
213.0,319,317
213.06,319,319
213.06,319,317
213.06,312,311
213.06,307,305
213.06,294,291
213.06,281,280
213.07,269,268
213.12,266,263
213.12,254,254
213.12,257,258
213.12,255,255
213.12,262,261
213.13,260,260
213.13,263,263
213.19,262,263
213.19,264,267
213.19,268,268
213.19,270,271
213.19,277,275
213.19,276,276
213.2,282,282
213.26,280,280
213.26,287,287
213.26,285,285
213.26,294,292
213.26,290,291
213.26,297,298
213.27,295,296
213.33,301,300
213.33,302,301
213.33,306,306
213.33,306,306
213.33,307,307
213.33,312,311
213.33,312,311
213.39,318,317
213.39,315,316
213.39,323,321
213.39,320,320
213.39,328,327
213.39,326,324
213.4,328,329
213.45,328,327
213.45,332,331
213.45,330,330
213.45,332,333
213.45,334,332
213.45,334,334
213.46,336,335
213.51,333,334
213.51,337,337
213.51,335,336
213.51,341,339
213.51,338,338
213.52,341,342
213.53,337,337
213.59,341,341
213.59,338,337
213.59,343,342
213.59,340,339
213.59,341,341
213.59,341,340
213.59,339,341
213.65,342,342
213.65,340,340
213.65,342,342
213.65,339,339
213.65,345,343
213.65,338,338
213.66,345,344
213.72,339,338
213.72,343,343
213.72,341,339
213.72,342,341
213.72,337,338
213.72,340,341
213.72,339,338
213.78,340,339
213.78,342,339
213.78,339,338
213.78,340,340
213.78,338,338
213.78,342,341
213.79,335,337
213.85,342,342
213.85,338,337
213.85,340,340
213.85,336,336
213.85,340,340
213.85,338,337
213.86,338,338
213.92,339,338
213.92,336,337
213.92,338,336
213.92,334,335
213.92,338,337
213.92,333,333
213.92,338,337
213.98,332,332
213.98,338,336
213.98,333,333
213.98,339,338
213.98,333,333
213.98,337,336
213.99,332,332
214.04,334,335
214.04,333,332
214.04,331,331
214.04,332,332
214.04,329,330
214.04,332,331
214.05,328,328
214.1,332,331
214.1,328,328
214.1,332,332
214.1,328,328
214.1,333,331
214.11,326,326
214.12,329,329
214.17,328,327
214.17,329,329
214.17,328,327
214.17,327,328
214.17,330,327
214.17,325,326
214.18,328,327
214.25,325,325
214.25,326,326
214.25,323,324
214.25,327,327
214.25,322,322
214.25,327,326
214.25,323,320
214.31,322,323
214.31,320,319
214.31,323,322
214.31,322,320
214.31,319,320
214.31,320,319
214.31,319,319
214.37,322,320
214.37,320,319
214.37,322,321
214.37,318,319
214.37,323,322
214.37,319,317
214.38,322,322
214.43,318,318
214.43,321,321
214.43,319,318
214.43,321,322
214.43,322,321
214.44,321,321
214.45,323,321
214.51,322,322
214.51,323,321
214.51,321,320
214.51,322,322
214.51,322,321
214.51,327,326
214.51,321,321
214.57,326,327
214.57,324,322
214.57,326,326
214.57,322,322
214.57,325,326
214.57,325,323
214.58,324,325
214.63,326,325
214.63,323,323
214.63,326,324
214.63,323,322
214.63,325,325
214.63,323,322
214.64,326,325
214.7,320,319
214.7,323,323
214.7,319,319
214.7,322,323
214.7,318,318
214.7,321,322
214.71,319,318
214.76,320,321
214.76,318,318
214.76,319,319
214.76,319,318
214.76,317,317
214.76,320,318
214.77,314,315
214.84,318,318
214.84,315,314
214.84,320,319
214.84,314,313
214.84,318,317
214.84,315,313
214.84,314,316
214.9,315,313
214.9,317,316
214.9,314,312
214.9,313,315
214.9,315,315
214.9,314,314
214.9,316,315
214.96,312,313
214.96,318,316
214.96,313,312
214.96,316,317
214.96,313,313
214.96,317,316
214.97,314,313
215.02,321,320
215.02,317,315
215.02,318,318
215.02,317,317
215.02,316,316
215.03,319,318
215.03,317,317
215.1,319,318
215.1,316,316
215.1,321,320
215.1,315,315
215.1,320,318
215.1,312,312
215.1,316,317
215.16,315,313
215.16,317,316
215.16,312,312
215.16,317,316
215.16,312,312
215.16,315,314
215.17,313,313
215.22,312,312
215.22,314,314
215.22,312,311
215.22,314,314
215.22,311,310
215.22,313,313
215.23,311,311
215.28,314,314
215.29,310,308
215.29,311,313
215.29,313,310
215.29,312,313
215.29,311,310
215.3,313,312
215.35,312,312
215.35,311,311
215.35,312,312
215.35,309,310
215.35,312,312
215.35,311,311
215.37,314,313
215.37,308,309
215.38,316,314
215.39,308,308
215.44,312,314
215.44,309,309
215.44,312,313
215.44,312,310
215.44,311,312
215.45,312,311
215.46,309,310
215.52,312,311
215.52,310,310
215.52,315,314
215.52,311,311
215.52,316,316
215.52,312,312
215.52,319,318
215.58,316,315
215.58,320,320
215.58,316,316
215.58,320,319
215.58,317,318
215.58,320,321
215.59,319,318
215.64,320,321
215.64,322,321
215.64,319,319
215.64,322,323
215.64,318,319
215.65,324,324
215.65,320,320
215.71,325,324
215.71,320,320
215.71,323,323
215.71,320,319
215.71,321,322
215.71,320,321
215.72,322,322
215.77,321,319
215.77,321,321
215.77,320,320
215.77,320,320
215.77,323,322
215.78,319,319
215.78,322,322
215.85,319,319
215.85,323,323
215.85,319,318
215.85,324,322
215.85,319,318
215.85,322,322
215.85,319,318
215.91,321,321
215.91,319,318
215.91,320,320
215.91,320,320
215.91,318,318
215.91,321,320
215.92,319,318
215.97,322,319
215.97,317,316
215.97,321,320
215.97,315,314
215.97,319,318
215.97,317,315
215.98,319,319
216.03,316,315
216.03,318,317
216.03,315,315
216.03,314,315
216.03,316,316
216.04,315,315
216.05,319,317
216.1,315,314
216.1,320,318
216.1,315,315
216.1,319,318
216.1,314,314
216.1,319,318
216.11,314,312
216.17,318,317
216.18,313,313
216.18,319,318
216.18,317,317
216.18,317,317
216.18,318,318
216.18,318,318
216.24,320,320
216.24,316,316
216.24,322,320
216.24,316,317
216.24,322,320
216.24,316,315
216.24,322,321
216.3,318,316
216.3,320,319
216.3,316,316
216.3,319,318
216.3,317,316
216.3,317,318
216.31,318,318
216.36,317,318
216.36,319,318
216.36,318,319
216.36,323,321
216.36,318,317
216.37,323,321
216.37,316,317
216.43,321,321
216.43,317,316
216.43,320,321
216.43,319,317
216.43,318,320
216.43,316,317
216.44,318,319
216.5,318,318
216.5,320,319
216.5,320,318
216.5,317,317
216.5,319,318
216.5,317,316
216.51,321,320
216.57,316,316
216.57,318,318
216.57,313,312
216.57,318,317
216.57,314,314
216.57,317,318
216.57,315,314
216.63,318,318
216.63,318,316
216.63,316,317
216.63,320,318
216.63,317,316
216.63,320,319
216.64,318,316
216.69,321,320
216.69,316,317
216.69,323,322
216.69,319,318
216.69,323,324
216.69,321,320
216.7,324,324
216.75,323,321
216.75,324,324
216.75,324,324
216.75,324,325
216.75,327,325
216.76,324,324
216.77,326,325
216.82,323,323
216.82,327,326
216.82,321,322
216.82,328,328
216.82,322,323
216.82,327,326
216.83,323,322
216.89,327,326
216.89,323,322
216.89,325,325
216.89,324,323
216.89,321,322
216.89,323,322
216.9,321,320
216.96,323,321
216.96,320,320
216.96,322,322
216.96,319,319
216.96,323,322
216.96,320,319
216.96,324,324
217.02,319,318
217.02,322,323
217.02,318,318
217.02,320,321
217.02,320,318
217.02,320,320
217.03,321,319
217.08,319,318
217.08,320,318
217.08,317,318
217.08,320,320
217.08,315,316
217.09,320,320
217.1,316,316
217.16,320,319
217.16,314,314
217.16,318,318
217.16,314,313
217.16,319,317
217.16,315,314
217.16,316,317
217.22,316,316
217.22,315,315
217.22,318,317
217.22,314,315
217.22,321,319
217.22,316,316
217.23,321,319
217.28,313,314
217.28,318,318
217.28,317,316
217.28,318,319
217.28,318,316
217.28,320,320
217.29,318,317
217.35,317,318
217.35,318,318
217.35,316,317
217.35,318,318
217.35,316,317
217.35,320,318
217.36,316,316
217.41,320,319
217.41,316,316
217.41,320,320
217.41,315,314
217.41,322,320
217.41,316,315
217.42,320,319
217.49,318,317
217.49,320,320
217.49,318,317
217.49,318,318
217.49,321,319
217.49,317,317
217.49,320,318
217.55,314,314
217.55,321,319
217.55,316,314
217.55,318,318
217.55,315,314
217.55,318,318
217.55,316,315
217.61,319,318
217.61,317,316
217.61,318,318
217.61,315,315
217.61,316,316
217.61,318,316
217.62,314,315
217.67,320,318
217.67,315,315
217.67,320,318
217.67,314,314
217.67,318,318
217.68,314,314
217.68,318,319
217.75,314,314
217.75,318,317
217.75,317,315
217.75,318,317
217.75,318,316
217.75,317,318
217.75,319,317
217.81,315,316
217.81,321,319
217.81,316,315
217.81,320,319
217.81,318,316
217.81,320,320
217.82,318,318
217.87,321,322
217.87,316,316
217.87,321,321
217.87,318,317
217.87,322,321
217.87,322,319
217.88,320,320
217.94,322,319
217.94,317,317
217.94,322,320
217.94,319,317
217.94,321,320
217.94,319,317
217.95,323,321
218.0,316,316
218.0,320,321
218.0,319,317
218.0,320,320
218.0,318,318
218.0,320,321
218.01,318,318
218.08,318,319
218.08,321,319
218.08,319,319
218.08,321,320
218.08,318,318
218.08,320,320
218.08,316,316
218.14,321,320
218.14,315,315
218.14,322,320
218.14,318,316
218.14,321,320
218.14,318,316
218.14,318,319
218.2,320,318
218.2,318,319
218.2,320,318
218.2,316,316
218.2,319,317
218.2,315,315
218.21,319,317
218.26,315,315
218.27,319,319
218.27,313,314
218.27,319,318
218.27,315,314
218.27,319,318
218.27,317,314
218.33,317,318
218.33,317,316
218.33,318,318
218.33,316,316
218.33,316,317
218.33,318,317
218.34,317,316
218.39,319,318
218.39,318,316
218.39,321,321
218.39,317,317
218.39,322,322
218.4,318,317
218.41,322,322
218.47,320,318
218.47,320,321
218.47,320,318
218.47,320,321
218.47,321,319
218.47,318,319
218.47,320,320
218.53,319,317
218.53,322,320
218.53,316,317
218.53,322,321
218.53,318,317
218.53,321,321
218.54,317,317
218.59,323,321
218.59,318,318
218.59,321,321
218.59,318,316
218.59,318,318
218.59,321,320
218.6,320,321
218.65,322,321
218.65,319,319
218.65,322,321
218.65,317,317
218.65,321,321
218.66,318,317
218.67,320,320
218.73,317,316
218.73,318,319
218.73,317,315
218.73,319,319
218.73,317,316
218.73,319,319
218.73,319,318
218.79,316,317
218.79,320,319
218.79,318,317
218.79,320,319
218.79,316,316
218.79,320,318
218.8,314,314
218.86,321,319
218.86,315,316
218.86,318,318
218.86,314,316
218.86,320,320
218.86,316,316
218.86,319,319
218.92,316,316
218.92,318,319
218.92,321,320
218.92,319,318
218.92,322,321
218.92,318,320
218.93,323,323
218.98,318,318
218.98,323,323
218.98,320,318
218.98,323,323
218.98,319,318
218.99,321,321
219.0,322,320
219.06,322,322
219.06,320,320
219.06,321,321
219.06,322,320
219.06,318,319
219.06,320,321
219.06,320,320
219.12,322,322
219.12,321,320
219.12,323,322
219.12,318,318
219.12,322,322
219.12,318,318
219.13,320,321
219.18,320,319
219.18,321,321
219.18,319,318
219.18,318,319
219.18,319,318
219.18,318,318
219.19,320,319
219.25,317,317
219.25,320,320
219.25,316,316
219.25,322,320
219.25,317,315
219.25,319,317
219.26,315,314
219.31,319,317
219.31,314,313
219.31,318,317
219.31,317,315
219.31,316,316
219.32,316,316
219.32,313,315
219.39,316,316
219.39,315,315
219.39,319,317
219.39,315,314
219.39,318,316
219.39,313,313
219.39,318,316
219.45,311,312
219.45,318,317
219.45,313,312
219.45,317,317
219.45,316,315
219.45,317,316
219.45,317,316
219.51,316,318
219.51,319,318
219.51,316,317
219.51,319,318
219.51,317,316
219.51,323,321
219.52,316,316
219.57,323,323
219.57,320,319
219.57,324,324
219.57,321,320
219.57,320,321
219.58,321,320
219.59,322,321
219.64,322,320
219.64,322,321
219.64,324,322
219.64,322,321
219.64,324,323
219.64,320,321
219.65,327,325
219.71,322,321
219.71,327,326
219.72,321,320
219.72,325,325
219.72,323,321
219.72,325,324
219.72,322,320
219.78,322,323
219.78,321,321
219.78,321,321
219.78,320,321
219.78,320,321
219.78,323,322
219.78,320,319
219.84,321,322
219.84,318,318
219.84,324,322
219.84,319,318
219.84,323,323
219.84,318,317
219.85,321,320
219.9,319,317
219.9,319,318
219.9,317,317
219.9,317,318
219.9,319,317
219.9,316,316
219.91,318,318
219.97,316,315
219.97,321,319
219.97,314,314
219.97,318,318
219.97,314,313
219.97,316,317
219.98,313,312
220.04,317,316
220.04,316,316
220.04,316,316
220.04,315,315
220.04,318,318
220.04,319,317
220.04,319,318
220.11,319,318
220.11,316,317
220.11,322,321
220.11,317,317
220.11,323,321
220.11,318,316
220.11,321,322
220.17,318,317
220.17,319,320
220.17,320,318
220.17,322,322
220.17,320,318
220.17,320,320
220.18,320,318
220.23,317,318
220.23,322,321
220.23,318,319
220.23,322,321
220.23,316,317
220.23,320,321
220.24,317,316
220.29,322,321
220.29,318,317
220.29,321,320
220.29,318,316
220.29,319,320
220.3,318,317
220.31,318,318
220.36,319,318
220.36,317,316
220.36,319,318
220.36,316,316
220.36,320,319
220.36,316,316
220.37,318,318
220.43,314,315
220.43,318,318
220.43,314,315
220.44,320,321
220.44,316,316
220.44,319,319
220.44,317,316
220.5,318,318
220.5,319,317
220.5,313,315
220.5,314,314
220.5,312,313
220.5,316,315
220.5,313,313
220.56,317,314
220.56,312,311
220.56,316,316
220.56,311,312
220.56,315,315
220.56,313,312
220.57,316,315
220.62,315,313
220.62,316,316
220.62,314,314
220.62,313,314
220.62,316,316
220.63,315,315
220.63,319,318
220.7,316,315
220.7,321,319
220.7,316,316
220.7,320,320
220.7,314,314
220.7,321,321
220.7,319,317
220.76,321,321
220.76,319,318
220.76,319,320
220.76,318,318
220.76,319,318
220.76,319,319
220.77,317,318
220.82,321,319
220.82,316,316
220.83,320,320
220.83,316,316
220.83,321,320
220.83,319,318
220.83,322,321
220.89,318,316
220.89,321,321
220.89,319,318
220.89,321,321
220.89,321,319
220.89,318,320
220.9,320,319
220.95,318,318
220.95,322,321
220.95,319,317
220.95,323,321
220.95,317,316
220.95,321,320
220.96,316,314
221.01,320,318
221.01,314,314
221.01,319,318
221.01,316,314
221.01,315,316
221.02,314,314
221.03,314,314
221.09,314,314
221.09,312,312
221.09,316,315
221.09,310,310
221.09,313,314
221.09,310,310
221.09,315,315
221.15,312,310
221.15,315,315
221.15,312,311
221.15,313,315
221.15,313,312
221.15,314,316
221.16,313,313
221.22,313,313
221.22,315,314
221.22,312,313
221.22,314,314
221.22,314,314
221.22,318,318
221.22,314,314
221.28,320,319
221.28,313,313
221.28,319,319
221.28,315,314
221.28,319,318
221.28,314,312
221.29,314,316
221.34,316,316
221.34,316,317
221.34,317,315
221.34,315,316
221.34,319,317
221.35,313,314
221.35,319,318
221.41,312,313
221.41,317,316
221.41,313,312
221.41,317,316
221.41,310,308
221.41,299,296
221.42,280,279
221.48,272,272
221.48,263,261
221.48,253,253
221.48,247,244
221.48,238,238
221.48,236,234
221.49,232,233
221.55,238,238
221.55,237,237
221.55,243,242
221.55,240,240
221.55,248,247
221.55,246,245
221.55,254,253
221.61,253,250
221.61,257,256
221.61,258,256
221.61,261,261
221.61,264,263
221.61,267,266
221.62,271,270
221.67,272,271
221.67,279,278
221.67,278,279
221.67,285,285
221.67,284,284
221.67,293,292
221.68,288,289
221.75,296,296
221.75,294,295
221.75,303,302
221.75,303,301
221.75,306,307
221.75,308,308
221.75,311,312
221.81,314,314
221.81,315,315
221.81,319,319
221.81,318,318
221.81,324,324
221.81,322,322
221.81,328,328
221.87,325,325
221.87,332,332
221.87,329,329
221.87,333,335
221.87,334,334
221.87,337,337
221.88,339,337
221.93,340,340
221.93,342,341
221.93,342,343
221.93,346,345
221.93,342,341
221.94,348,348
221.94,346,344
221.99,351,350
222.0,347,346
222.0,352,351
222.0,349,347
222.0,352,352
222.0,350,349
222.01,351,351
222.07,352,350
222.07,353,352
222.07,352,350
222.07,351,351
222.07,351,351
222.07,348,349
222.08,352,353
222.14,348,349
222.14,352,352
222.14,350,349
222.14,353,353
222.14,348,347
222.14,351,351
222.14,349,347
222.2,350,351
222.2,348,348
222.2,348,348
222.2,349,348
222.2,347,348
222.2,350,350
222.21,346,347
222.26,349,348
222.26,346,346
222.26,349,349
222.26,343,342
222.26,346,347
222.26,341,341
222.27,344,345
222.32,340,341
222.33,342,344
222.33,344,341
222.33,342,342
222.33,342,340
222.33,341,341
222.34,343,341
222.39,341,341
222.39,345,344
222.39,339,340
222.39,345,344
222.39,341,340
222.4,342,343
222.4,340,339
222.47,343,342
222.47,340,338
222.47,342,342
222.47,339,338
222.47,339,339
222.47,339,337
222.47,336,336
222.53,339,338
222.53,335,334
222.53,336,335
222.53,334,334
222.53,339,337
222.53,334,332
222.53,334,335
222.59,332,332
222.59,334,335
222.59,330,329
222.59,330,330
222.59,329,329
222.59,329,330
222.6,329,327
222.65,328,328
222.65,330,329
222.65,325,326
222.65,328,328
222.65,325,325
222.66,330,330
222.67,326,326
222.72,330,330
222.72,327,325
222.72,329,328
222.72,324,324
222.72,327,328
222.72,323,322
222.73,324,325
222.79,323,322
222.79,320,321
222.8,324,322
222.8,321,320
222.8,325,324
222.8,319,319
222.8,323,321
222.86,318,316
222.86,320,320
222.86,319,317
222.86,321,320
222.86,319,318
222.86,322,321
222.86,319,319
222.92,320,320
222.92,321,320
222.92,319,320
222.92,320,320
222.92,320,321
222.92,324,323
222.93,321,319
222.98,322,322
222.98,321,320
222.98,325,326
222.98,319,320
222.98,323,323
222.98,317,318
223.0,321,321
223.01,319,317
223.01,319,320
223.02,318,318
223.08,321,319
223.08,321,319
223.08,316,316
223.08,321,319
223.08,314,315
223.08,320,318
223.09,315,315
223.14,317,318
223.14,314,314
223.14,320,320
223.14,315,314
223.14,317,317
223.14,315,314
223.15,317,317
223.2,318,316
223.2,317,317
223.2,316,316
223.2,314,314
223.2,318,316
223.21,315,315
223.22,317,317
223.28,312,312
223.28,316,316
223.28,311,312
223.28,316,316
223.28,314,313
223.28,317,316
223.28,314,312
223.35,314,315
223.35,313,312
223.35,314,313
223.35,314,312
223.35,313,312
223.35,313,311
223.35,307,308
223.41,311,311
223.41,309,310
223.41,316,314
223.41,312,311
223.41,316,316
223.41,314,313
223.41,314,315
223.47,314,314
223.47,316,316
223.47,316,315
223.47,316,317
223.47,317,316
223.47,314,315
223.48,319,317
223.53,317,316
223.53,319,317
223.53,313,315
223.53,322,321
223.53,316,316
223.54,323,322
223.55,317,316
223.6,322,321
223.6,318,316
223.6,321,320
223.6,319,317
223.6,321,320
223.6,321,319
223.61,318,319
223.67,321,319
223.67,319,318
223.67,321,320
223.67,316,316
223.67,320,320
223.67,316,316
223.68,321,320
223.74,317,316
223.74,320,319
223.74,315,314
223.74,318,318
223.74,318,316
223.74,317,317
223.74,316,316
223.8,317,316
223.8,316,316
223.8,314,315
223.8,319,317
223.8,315,315
223.8,319,317
223.81,314,314
223.86,318,318
223.86,313,313
223.86,319,318
223.86,313,312
223.86,317,317
223.87,315,313
223.87,317,317
223.94,317,316
223.94,316,317
223.94,320,318
223.94,318,318
223.94,321,321
223.94,318,319
223.94,324,324
224.0,321,321
224.0,325,325
224.0,323,322
224.0,326,326
224.0,324,324
224.0,327,328
224.0,327,326
224.07,329,329
224.07,327,327
224.07,328,329
224.07,330,328
224.07,327,327
224.07,333,331
224.07,328,328
224.13,332,332
224.13,329,328
224.13,332,332
224.13,327,326
224.13,332,332
224.13,325,326
224.14,328,329
224.19,326,326
224.19,329,329
224.19,327,325
224.19,327,327
224.19,327,325
224.19,325,325
224.2,326,325
224.25,322,322
224.25,324,324
224.25,321,320
224.25,326,325
224.25,321,320
224.26,325,324
224.27,319,319
224.33,323,323
224.33,320,319
224.33,323,324
224.33,323,321
224.33,323,322
224.33,324,322
224.33,322,320
224.39,323,321
224.39,319,319
224.39,322,322
224.39,318,318
224.39,322,322
224.39,318,317
224.4,320,320
224.46,316,317
224.46,321,320
224.46,316,316
224.46,318,318
224.46,318,317
224.46,317,317
224.46,316,316
224.52,315,317
224.52,317,316
224.52,314,314
224.52,316,316
224.52,315,314
224.52,317,316
224.53,312,313
224.58,316,316
224.58,313,314
224.58,316,317
224.58,313,314
224.58,316,316
224.59,314,314
224.59,316,316
224.66,316,315
224.66,316,316
224.66,317,316
224.66,316,317
224.66,318,318
224.66,317,316
224.66,320,320
224.72,315,316
224.72,319,320
224.72,315,315
224.72,319,318
224.72,315,314
224.72,318,318
224.73,316,314
224.78,319,318
224.78,317,315
224.78,313,314
224.78,318,318
224.78,314,314
224.78,315,315
224.79,313,312
224.85,316,316
224.85,312,312
224.85,317,316
224.85,314,313
224.85,317,315
224.85,315,312
224.86,316,315
224.91,313,312
224.91,315,315
224.91,316,314
224.91,315,313
224.91,316,314
224.91,314,313
224.92,315,313
224.98,312,311
224.99,314,314
224.99,312,312
224.99,314,314
224.99,312,312
224.99,317,316
224.99,313,312
225.05,315,316
225.05,312,312
225.05,313,314
225.05,314,313
225.05,315,315
225.05,316,314
225.05,312,313
225.11,317,315
225.11,313,312
225.11,316,316
225.11,313,313
225.11,318,316
225.11,313,313
225.12,318,317
225.17,313,313
225.17,316,317
225.17,313,313
225.17,316,315
225.17,315,313
225.18,315,314
225.18,317,315
225.24,315,314
225.24,317,315
225.24,314,314
225.24,319,317
225.24,315,314
225.24,317,317
225.25,313,313
225.32,318,318
225.32,312,313
225.32,318,318
225.32,316,315
225.32,318,318
225.32,317,317
225.32,319,317
225.38,317,317
225.38,317,317
225.38,320,319
225.38,315,317
225.38,321,319
225.38,315,315
225.38,318,318
225.44,314,314
225.44,320,320
225.44,316,315
225.44,321,320
225.44,316,317
225.44,319,319
225.45,319,318
225.5,318,318
225.5,318,317
225.5,316,317
225.5,318,317
225.5,315,315
225.5,319,319
225.51,317,316
225.57,319,318
225.57,316,315
225.57,318,318
225.57,313,314
225.57,319,318
225.57,317,315
225.58,316,317
225.63,315,314
225.63,317,317
225.63,317,316
225.63,317,315
225.63,319,317
225.63,316,316
225.64,321,320
225.71,316,316
225.71,321,320
225.71,315,314
225.71,319,319
225.71,315,314
225.71,319,319
225.71,316,315
225.77,318,318
225.77,317,316
225.77,316,318
225.77,319,318
225.77,319,318
225.77,320,318
225.77,318,318
225.83,320,320
225.83,317,318
225.83,321,321
225.83,317,318
225.83,322,321
225.83,319,317
225.84,322,322
225.89,318,318
225.89,320,321
225.89,320,319
225.89,320,320
225.89,320,319
225.9,319,318
225.91,320,319
225.96,317,317
225.96,320,319
225.96,316,316
225.96,320,320
225.96,318,317
225.96,320,320
225.97,316,316
226.03,320,319
226.03,316,314
226.03,320,319
226.03,317,316
226.03,317,317
226.03,318,317
226.04,316,317
226.09,318,317
226.09,314,316
226.09,318,317
226.09,313,314
226.09,319,317
226.09,313,313
226.1,316,316
226.16,312,313
226.16,316,316
226.16,311,311
226.16,314,316
226.16,312,311
226.16,313,314
226.17,314,314
226.22,314,314
226.22,314,314
226.22,312,312
226.22,315,315
226.22,313,313
226.22,318,316
226.23,312,314
226.3,316,317
226.3,312,312
226.3,318,318
226.3,314,312
226.3,317,317
226.3,314,314
226.3,316,317
226.36,317,315
226.36,316,317
226.36,319,318
226.36,317,317
226.36,322,320
226.36,316,317
226.36,321,321
226.42,318,317
226.42,321,320
226.42,317,316
226.42,321,320
226.42,318,317
226.42,321,322
226.43,317,316
226.49,320,321
226.49,321,319
226.49,320,321
226.49,322,322
226.49,321,322
226.49,327,326
226.5,321,323
226.55,326,326
226.55,322,323
226.55,329,327
226.55,324,323
226.55,328,327
226.55,322,323
226.56,329,328
226.61,327,325
226.61,329,328
226.61,329,326
226.61,324,326
226.61,326,325
226.62,326,326
226.63,328,326
226.69,323,323
226.69,327,326
226.69,321,321
226.69,327,326
226.69,324,323
226.69,324,325
226.69,324,322
226.75,326,324
226.75,322,320
226.75,323,324
226.75,321,320
226.75,321,321
226.75,320,319
226.76,319,319
226.81,321,320
226.81,319,318
226.81,321,320
226.81,318,318
226.81,320,320
226.81,316,316
226.82,321,320
226.88,318,317
226.88,322,321
226.88,319,318
226.88,323,322
226.88,320,319
226.88,321,322
226.89,322,322
226.94,322,321
226.94,323,322
226.94,321,322
226.94,324,323
226.94,321,320
226.95,324,325
226.95,322,322
227.02,328,326
227.02,322,321
227.02,325,326
227.02,323,321
227.02,323,324
227.02,322,321
227.02,323,324
227.08,321,320
227.08,323,322
227.08,322,322
227.08,321,320
227.08,323,322
227.08,320,320
227.08,324,325
227.14,320,320
227.14,325,323
227.14,319,319
227.14,325,324
227.14,321,320
227.14,323,323
227.15,322,320
227.2,322,322
227.2,321,319
227.2,318,320
227.2,320,320
227.2,317,318
227.21,321,320
227.22,318,318
227.27,322,320
227.27,318,318
227.27,320,321
227.27,316,316
227.27,320,320
227.27,316,316
227.28,318,320
227.35,317,315
227.35,316,316
227.35,316,314
227.35,315,316
227.35,315,315
227.35,315,316
227.35,318,317
227.41,315,316
227.41,320,318
227.41,313,314
227.41,318,319
227.41,318,317
227.41,321,319
227.41,319,318
227.47,320,320
227.47,317,316
227.47,318,319
227.47,319,317
227.47,318,317
227.47,317,316
227.48,315,316
227.53,318,317
227.53,315,314
227.53,320,318
227.53,314,314
227.53,318,318
227.54,313,312
227.54,317,318
227.6,315,313
227.6,318,317
227.6,314,313
227.6,315,314
227.6,313,312
227.6,313,314
227.61,312,312
227.66,313,312
227.66,314,314
227.66,312,313
227.66,317,316
227.66,309,311
227.67,314,314
227.67,312,310
227.74,313,313
227.74,311,310
227.74,315,316
227.74,309,309
227.74,312,312
227.74,312,311
227.74,310,311
227.8,314,312
227.8,312,312
227.8,314,313
227.8,311,311
227.8,315,313
227.8,311,310
227.81,317,315
227.86,312,311
227.86,315,315
227.86,311,311
227.86,318,316
227.86,314,312
227.86,315,315
227.87,313,313
227.92,315,316
227.92,313,314
227.92,314,315
227.92,317,316
227.92,314,314
227.93,318,316
227.94,315,314
227.99,319,318
227.99,314,314
227.99,318,318
227.99,315,314
227.99,318,318
227.99,314,314
228.0,320,319
228.07,317,315
228.07,320,320
228.07,320,320
228.07,320,320
228.07,322,319
228.07,319,319
228.07,322,320
228.13,318,318
228.13,321,320
228.13,317,316
228.13,323,322
228.13,318,317
228.13,320,319
228.13,318,317
228.19,319,318
228.19,318,317
228.19,319,318
228.19,317,316
228.19,318,318
228.19,317,317
228.2,316,316
228.25,319,316
228.25,314,314
228.25,318,318
228.25,314,315
228.25,319,318
228.26,314,314
228.26,318,318
228.31,314,314
228.31,317,318
228.32,314,314
228.32,317,316
228.32,316,316
228.32,316,316
228.33,315,315
228.39,315,316
228.39,316,316
228.39,314,314
228.39,317,316
228.39,312,312
228.39,319,318
228.4,315,314
228.46,318,318
228.46,314,314
228.46,318,318
228.46,315,312
228.46,318,318
228.46,315,315
228.46,315,315
228.52,317,315
228.52,316,315
228.52,318,317
228.52,315,314
228.52,316,315
228.52,312,313
228.53,319,317
228.58,313,313
228.58,318,317
228.58,313,313
228.58,316,316
228.58,315,314
228.58,317,316
228.59,316,315
228.64,314,316
228.64,316,316
228.64,316,315
228.64,314,315
228.64,314,314
228.65,318,316
228.66,314,314
228.72,317,316
228.72,313,313
228.72,318,317
228.72,315,313
228.72,317,318
228.72,315,314
228.72,317,317
228.79,318,316
228.79,318,317
228.79,318,317
228.79,316,317
228.79,319,318
228.79,317,316
228.79,319,318
228.85,316,316
228.85,319,318
228.85,314,316
228.85,318,318
228.85,314,314
228.85,318,319
228.85,315,314
228.91,319,318
228.91,317,316
228.91,317,318
228.91,318,316
228.91,317,316
228.91,319,317
228.92,317,316
228.97,319,319
228.98,316,315
228.98,319,318
228.98,315,314
228.98,318,319
228.98,317,316
228.99,319,319
229.04,315,315
229.04,316,317
229.04,316,315
229.04,317,319
229.04,317,317
229.04,318,318
229.05,320,318
229.11,316,316
229.11,318,317
229.12,317,316
229.12,317,317
229.12,312,314
229.12,319,317
229.12,311,309
229.18,297,294
229.18,276,276
229.18,271,270
229.18,258,257
229.18,249,250
229.18,244,242
229.18,234,234
229.24,231,229
229.24,226,226
229.24,230,231
229.24,231,231
229.24,237,238
229.24,235,234
229.25,241,242
229.3,241,240
229.3,248,247
229.3,246,246
229.3,252,253
229.3,253,252
229.3,256,257
229.31,262,261
229.36,265,264
229.36,269,268
229.36,270,272
229.36,276,275
229.36,276,276
229.37,287,285
229.38,282,283
229.44,290,291
229.44,289,288
229.44,296,295
229.44,296,295
229.44,301,302
229.44,300,300
229.44,307,306
229.51,309,307
229.51,311,310
229.51,312,313
229.51,316,316
229.51,320,320
229.51,320,320
229.51,326,326
229.57,322,322
229.57,329,329
229.57,330,329
229.57,333,334
229.57,332,332
229.57,337,338
229.58,336,335
229.63,339,338
229.63,338,338
229.63,341,341
229.63,343,341
229.63,342,343
229.63,345,345
229.64,343,344
229.69,347,346
229.69,343,344
229.69,349,348
229.69,345,344
229.69,351,351
229.7,347,346
229.71,350,351
229.76,348,348
229.76,351,351
229.76,349,348
229.76,351,351
229.76,350,350
229.76,349,350
229.77,353,353
229.83,348,349
229.83,352,352
229.83,352,351
229.83,356,354
229.83,350,350
229.83,355,354
229.84,352,350
229.9,354,354
229.9,351,351
229.9,353,354
229.9,352,352
229.9,353,352
229.9,354,352
229.9,352,350
229.96,351,352
229.96,349,349
229.96,352,352
229.96,348,348
229.96,352,351
229.96,347,348
229.97,351,350
230.02,346,345
230.02,350,349
230.02,345,343
230.02,347,347
230.02,346,344
230.03,346,346
230.03,345,343
230.1,343,342
230.1,343,343
230.1,342,343
230.1,345,344
230.1,342,341
230.1,343,343
230.1,341,340
230.16,342,343
230.16,338,338
230.16,342,342
230.16,339,338
230.16,342,341
230.16,338,338
230.16,339,338
230.22,339,337
230.22,337,338
230.22,339,337
230.22,335,335
230.22,339,337
230.22,335,333
230.23,336,336
230.29,332,332
230.29,336,335
230.29,331,331
230.29,336,335
230.29,331,330
230.29,334,334
230.3,332,330
230.35,331,332
230.35,329,329
230.35,328,329
230.35,331,330
230.35,328,328
230.35,331,329
230.36,329,328
230.42,329,328
230.42,328,326
230.42,329,328
230.42,325,325
230.42,328,328
230.42,324,325
230.43,326,327
230.49,325,325
230.49,326,326
230.49,324,324
230.49,324,324
230.49,326,325
230.49,324,324
230.49,324,324
230.55,322,324
230.55,325,325
230.55,321,322
230.55,326,325
230.55,321,321
230.55,326,324
230.56,320,320
230.61,324,323
230.61,323,321
230.61,324,323
230.61,322,321
230.61,321,322
230.62,321,321
230.62,320,320
230.68,322,321
230.68,321,321
230.68,322,320
230.68,319,318
230.68,324,322
230.68,317,316
230.69,322,323
230.75,319,318
230.75,323,322
230.75,320,318
230.75,320,322
230.75,320,320
230.75,320,321
230.76,322,320
230.77,320,321
230.78,321,320
230.78,319,320
230.85,322,320
230.85,320,320
230.85,321,321
230.85,316,317
230.85,323,321
230.85,318,317
230.85,320,321
230.91,317,316
230.91,319,320
230.91,316,316
230.91,318,318
230.91,317,315
230.91,317,316
230.91,318,316
230.97,314,315
230.97,319,318
230.97,317,317
230.97,320,318
230.97,318,317
230.97,318,318
230.98,315,316
231.04,320,319
231.04,313,313
231.04,317,318
231.04,316,316
231.04,318,318
231.04,318,317
231.05,317,318
231.1,317,317
231.1,316,316
231.1,318,317
231.1,317,315
231.1,321,320
231.1,316,315
231.11,320,319
231.16,315,314
231.16,318,318
231.16,315,315
231.16,319,318
231.16,316,316
231.17,317,317
231.18,317,317
231.24,316,317
231.24,317,316
231.24,317,316
231.24,319,316
231.24,315,314
231.24,319,316
231.24,315,314
231.3,319,317
231.3,314,313
231.3,316,315
231.3,311,311
231.3,314,315
231.3,312,311
231.31,312,312
231.36,313,310
231.36,311,312
231.36,313,311
231.36,310,311
231.36,313,312
231.36,312,312
231.37,315,313
231.43,310,310
231.43,312,312
231.43,309,308
231.43,312,312
231.43,309,309
231.43,312,313
231.44,309,310
231.5,314,313
231.5,310,310
231.5,313,312
231.5,313,313
231.5,312,312
231.5,314,314
231.5,312,312
231.57,314,314
231.57,311,311
231.57,316,315
231.57,311,312
231.57,317,316
231.57,312,311
231.57,317,316
231.63,313,311
231.63,316,315
231.63,314,314
231.63,314,315
231.63,314,312
231.63,315,315
231.64,317,316
231.69,315,314
231.69,316,316
231.69,314,314
231.69,317,316
231.69,312,313
231.69,317,317
231.7,314,314
231.75,317,318
231.75,314,314
231.75,318,318
231.75,318,316
231.75,316,317
231.76,319,317
231.77,316,316
231.83,321,318
231.83,318,316
231.83,319,318
231.83,316,315
231.83,320,318
231.83,318,316
231.83,320,320
231.89,315,315
231.89,317,318
231.89,316,315
231.89,317,317
231.89,315,314
231.89,317,318
231.9,319,317
231.95,317,318
231.95,319,318
231.95,315,315
231.95,322,320
231.95,316,317
231.95,320,320
231.96,315,316
232.02,321,320
232.02,315,316
232.02,321,321
232.02,317,316
232.02,320,321
232.02,319,318
232.03,321,320
232.09,318,318
232.09,321,322
232.09,322,321
232.09,321,321
232.09,322,321
232.09,320,320
232.09,322,322
232.16,320,318
232.16,323,322
232.16,318,318
232.16,323,324
232.16,320,320
232.16,320,321
232.16,318,319
232.22,322,322
232.22,321,320
232.22,320,321
232.22,323,321
232.22,321,321
232.22,323,322
232.23,318,320
232.28,322,321
232.28,318,319
232.28,324,323
232.28,319,318
232.28,323,321
232.28,319,318
232.29,321,322
232.34,317,317
232.34,320,319
232.34,318,317
232.34,318,320
232.34,318,317
232.35,318,318
232.36,322,319
232.41,316,316
232.41,321,319
232.41,317,316
232.41,320,320
232.41,315,315
232.41,321,319
232.42,317,315
232.48,319,318
232.48,314,314
232.48,317,318
232.48,318,316
232.48,318,317
232.48,318,316
232.49,317,317
232.55,317,315
232.55,314,315
232.55,316,316
232.55,313,313
232.55,318,316
232.55,313,312
232.55,316,316
232.61,311,311
232.61,317,315
232.61,310,311
232.61,317,316
232.61,314,313
232.61,315,315
232.62,317,315
232.67,315,314
232.67,315,312
232.67,313,313
232.67,314,313
232.67,311,311
232.68,315,314
232.68,311,310
232.75,315,313
232.75,308,308
232.75,312,312
232.75,308,307
232.75,313,312
232.75,310,308
232.75,311,310
232.81,310,308
232.81,310,309
232.81,311,309
232.81,308,308
232.81,310,310
232.81,310,309
232.81,312,311
232.87,307,308
232.87,313,312
232.87,307,307
232.87,310,311
232.87,308,309
232.87,312,312
232.88,308,308
232.94,312,311
232.94,311,309
232.94,309,311
232.94,311,310
232.94,310,311
232.94,312,312
232.95,309,309
233.0,312,312
233.0,308,309
233.0,313,312
233.0,310,309
233.0,313,312
233.0,310,309
233.01,314,314
233.08,310,309
233.08,314,313
233.08,312,310
233.08,311,312
233.08,314,312
233.08,315,313
233.08,313,312
233.14,311,312
233.14,315,314
233.14,311,311
233.14,314,315
233.14,310,310
233.14,316,316
233.14,312,312
233.2,315,316
233.2,314,313
233.2,317,316
233.2,314,314
233.2,318,318
233.2,318,318
233.21,318,319
233.27,319,318
233.27,318,319
233.27,320,320
233.27,314,315
233.27,319,319
233.27,316,316
233.27,318,318
233.33,314,315
233.33,320,319
233.33,317,316
233.33,320,320
233.33,319,318
233.33,319,320
233.34,318,318
233.39,318,318
233.39,321,319
233.39,318,318
233.39,322,321
233.39,319,318
233.4,321,320
233.4,317,317
233.47,322,322
233.47,318,316
233.47,321,321
233.47,318,318
233.47,321,321
233.47,318,318
233.47,320,320
233.53,320,319
233.53,321,321
233.53,321,321
233.53,320,321
233.53,321,321
233.53,316,317
233.54,318,319
233.59,316,315
233.59,322,321
233.59,318,317
233.59,319,320
233.59,318,318
233.59,321,321
233.6,318,317
233.66,319,320
233.66,320,319
233.66,321,320
233.66,320,319
233.66,318,320
233.66,322,321
233.67,319,318
233.72,321,321
233.72,318,319
233.72,323,321
233.72,317,316
233.72,320,320
233.72,316,315
233.73,320,319
233.8,316,314
233.8,318,318
233.8,317,316
233.8,319,317
233.8,317,316
233.8,318,316
233.8,316,317
233.86,316,316
233.86,320,318
233.86,315,314
233.86,321,319
233.86,317,316
233.86,322,320
233.86,315,316
233.92,320,321
233.92,317,317
233.92,321,320
233.92,319,317
233.92,318,320
233.92,319,318
233.93,319,319
233.98,319,317
233.98,319,319
233.98,322,321
233.98,319,319
233.98,323,322
233.99,319,318
233.99,320,321
234.05,318,318
234.05,321,322
234.05,319,318
234.05,323,322
234.05,318,318
234.05,320,321
234.06,322,320
234.11,320,320
234.11,319,318
234.11,318,319
234.11,320,320
234.11,317,316
234.12,321,320
234.13,315,316
234.19,320,320
234.19,316,316
234.19,322,321
234.19,318,316
234.19,318,318
234.19,316,315
234.19,316,316
234.25,315,313
234.25,314,314
234.25,311,311
234.25,310,311
234.25,313,312
234.25,312,311
234.26,314,312
234.31,312,311
234.31,315,313
234.31,311,310
234.31,314,314
234.31,309,310
234.31,313,313
234.32,309,308
234.38,312,311
234.38,311,308
234.38,310,310
234.38,310,308
234.38,307,308
234.38,310,309
234.39,307,306
234.44,310,310
234.44,306,306
234.44,312,310
234.44,307,305
234.44,308,308
234.45,305,304
234.45,310,308
234.52,306,305
234.52,309,308
234.52,309,307
234.52,311,309
234.52,309,307
234.52,310,310
234.52,309,309
234.58,309,308
234.58,313,311
234.58,309,308
234.58,311,312
234.58,309,308
234.58,313,312
234.58,309,308
234.64,314,313
234.64,311,310
234.64,313,313
234.64,312,311
234.64,308,307
234.64,299,296
234.65,293,293
234.7,289,288
234.7,284,284
234.7,285,283
234.7,280,279
234.7,283,281
234.71,277,276
234.72,278,277
234.77,272,273
234.77,277,276
234.77,272,270
234.77,274,273
234.77,272,272
234.77,272,273
234.78,272,271
234.84,270,272
234.84,272,273
234.84,273,274
234.84,275,275
234.84,273,274
234.84,279,277
234.85,275,276
234.91,280,280
234.91,276,276
234.91,281,282
234.91,278,277
234.91,282,283
234.91,280,279
234.91,283,283
234.97,283,281
234.97,284,284
234.97,284,283
234.97,285,285
234.97,287,285
234.97,285,284
234.98,289,289
235.03,285,286
235.03,289,290
235.03,290,288
235.03,295,293
235.03,290,291
235.03,294,295
235.04,295,293
235.09,297,297
235.09,297,295
235.09,299,298
235.09,301,300
235.09,303,302
235.1,302,302
235.11,302,303
235.17,305,305
235.17,304,305
235.17,308,308
235.17,305,306
235.17,311,311
235.17,306,306
235.17,315,314
235.23,312,312
235.23,318,317
235.23,313,313
235.23,319,319
235.23,319,318
235.23,318,319
235.24,322,321
235.3,321,321
235.3,326,324
235.3,321,322
235.3,327,326
235.3,325,324
235.3,330,329
235.31,326,324
235.36,331,329
235.36,326,326
235.36,333,332
235.36,331,330
235.36,334,335
235.36,334,334
235.37,335,335
235.42,337,336
235.42,334,336
235.42,339,337
235.42,336,335
235.42,341,339
235.43,337,336
235.44,341,340
235.5,337,335
235.5,339,339
235.5,336,335
235.5,338,339
235.5,335,335
235.5,338,339
235.5,335,335
235.56,336,338
235.56,338,336
235.56,336,336
235.56,336,335
235.56,331,332
235.56,336,335
235.57,334,333
235.62,337,335
235.62,331,330
235.62,335,334
235.62,330,331
235.62,336,336
235.62,332,331
235.63,333,334
235.69,334,332
235.69,334,334
235.69,335,333
235.69,332,333
235.69,334,333
235.69,332,331
235.7,332,332
235.76,329,330
235.76,335,334
235.76,328,329
235.76,336,334
235.76,329,327
235.76,333,332
235.76,327,327
235.83,330,330
235.83,328,327
235.83,330,329
235.83,328,326
235.83,330,330
235.83,330,329
235.83,327,327
235.89,332,330
235.89,328,328
235.89,331,330
235.89,328,327
235.89,332,330
235.89,326,325
235.9,326,324
235.95,306,304
235.95,292,293
235.95,281,279
235.95,273,271
235.95,262,261
235.95,254,254
235.96,247,246
236.01,242,242
236.01,242,240
236.01,241,241
236.01,248,247
236.01,246,245
236.02,249,251
236.03,252,249
236.09,255,255
236.09,254,254
236.09,259,260
236.09,259,259
236.09,264,265
236.09,265,265
236.09,270,269
236.15,274,273
236.15,275,276
236.15,283,281
236.15,284,283
236.15,289,289
236.15,290,290
236.16,298,297
236.21,298,297
236.21,304,303
236.21,303,303
236.21,311,311
236.21,310,309
236.21,315,314
236.22,315,315
236.28,319,320
236.28,322,321
236.28,325,324
236.28,325,327
236.28,329,329
236.28,332,331
236.29,329,331
236.34,337,337
236.34,335,333
236.34,341,339
236.34,337,336
236.34,341,342
236.35,341,339
236.35,345,345
236.42,344,343
236.42,348,346
236.42,347,347
236.42,349,348
236.42,349,349
236.42,351,349
236.42,351,351
236.48,348,350
236.48,354,353
236.48,352,351
236.48,356,354
236.48,352,351
236.48,357,356
236.48,353,352
236.54,357,358
236.54,355,354
236.54,359,359
236.54,359,358
236.54,360,357
236.54,360,359
236.55,360,359
236.6,362,360
236.6,359,359
236.6,362,361
236.6,359,358
236.6,365,362
236.61,360,359
236.62,361,363
236.68,360,359
236.68,364,364
236.68,360,358
236.68,359,360
236.68,359,359
236.68,360,359
236.68,360,360
236.74,358,357
236.74,359,358
236.74,355,355
236.74,358,357
236.74,355,354
236.74,359,357
236.75,351,353
236.8,358,357
236.8,353,353
236.8,355,354
236.8,351,349
236.8,352,353
236.8,351,350
236.81,353,351
236.87,351,349
236.87,350,350
236.87,352,350
236.87,347,348
236.87,348,348
236.87,345,345
236.88,348,346
236.93,343,341
236.93,346,345
236.93,343,342
236.93,346,344
236.93,340,340
236.94,343,342
236.94,340,338
237.01,338,339
237.01,336,336
237.01,335,336
237.01,338,336
237.01,334,335
237.01,336,335
237.01,333,333
237.07,336,336
237.07,332,332
237.07,334,334
237.07,333,332
237.07,337,335
237.07,331,331
237.07,335,335
237.13,333,331
237.13,334,333
237.13,333,330
237.13,332,332
237.13,333,331
237.13,334,332
237.14,331,331
237.2,329,328
237.2,332,330
237.2,326,326
237.2,330,330
237.2,325,326
237.2,330,330
237.21,326,325
237.26,328,329
237.26,324,324
237.26,328,328
237.26,327,324
237.26,325,326
237.26,325,324
237.27,324,324
237.34,327,325
237.34,323,323
237.34,325,324
237.34,322,322
237.34,324,324
237.34,320,320
237.34,324,324
237.4,318,317
237.4,322,322
237.4,319,318
237.4,323,322
237.4,319,318
237.4,321,320
237.4,320,319
237.46,319,320
237.46,320,319
237.46,319,319
237.46,321,320
237.46,318,318
237.46,322,320
237.47,316,315
237.52,320,319
237.52,316,315
237.52,320,319
237.52,317,315
237.52,319,319
237.52,316,315
237.53,319,318
237.59,316,314
237.59,317,317
237.59,317,317
237.59,315,315
237.59,318,316
237.59,315,315
237.6,318,317
237.65,314,314
237.65,319,318
237.65,314,314
237.65,320,318
237.65,316,315
237.66,316,317
237.66,316,314
237.73,317,318
237.73,317,316
237.73,319,318
237.73,318,316
237.73,316,316
237.73,318,318
237.73,316,316
237.79,322,320
237.79,317,317
237.79,320,321
237.79,318,318
237.79,325,324
237.79,318,318
237.8,323,323
237.85,320,319
237.85,323,323
237.85,321,319
237.85,323,322
237.85,323,321
237.85,320,321
237.86,323,321
237.91,320,321
237.91,323,323
237.91,318,319
237.91,324,322
237.91,318,318
237.92,325,323
237.93,318,318
237.99,323,322
237.99,317,318
237.99,321,321
237.99,320,318
237.99,320,320
237.99,318,318
237.99,317,318
238.05,317,317
238.05,317,316
238.05,319,317
238.05,315,316
238.05,319,318
238.05,313,314
238.06,318,317
238.11,313,313
238.11,318,317
238.11,314,313
238.11,316,317
238.11,314,312
238.11,316,316
238.12,314,314
238.18,316,316
238.18,317,315
238.18,314,315
238.18,318,316
238.18,314,314
238.18,317,317
238.19,314,313
238.24,317,316
238.24,313,312
238.24,318,318
238.24,315,314
238.24,319,318
238.25,316,315
238.26,318,317
238.27,316,315
238.27,317,316
238.28,316,315
238.33,317,316
238.33,317,317
238.33,316,316
238.33,319,318
238.33,315,316
238.34,320,320
238.35,316,316
238.41,321,320
238.41,316,316
238.41,320,320
238.41,317,317
238.41,320,320
238.41,318,316
238.41,318,319
238.47,321,319
238.47,317,318
238.47,321,319
238.48,319,318
238.48,320,319
238.48,317,318
238.48,322,321
238.54,316,316
238.54,322,321
238.54,318,317
238.54,321,321
238.54,317,318
238.54,321,322
238.55,320,319
238.6,321,320
238.6,319,318
238.6,319,320
238.6,321,319
238.6,320,320
238.6,323,322
238.61,318,319
238.66,322,321
238.66,319,319
238.66,323,322
238.66,318,319
238.66,324,323
238.67,319,319
238.68,323,322
238.74,320,320
238.74,324,324
238.74,322,322
238.74,323,322
238.74,322,322
238.74,323,323
238.74,324,323
238.8,323,323
238.8,326,325
238.8,322,321
238.8,324,324
238.8,321,321
238.8,325,325
238.81,322,320
238.87,326,325
238.87,323,321
238.87,323,323
238.87,321,321
238.87,323,323
238.87,322,322
238.87,321,322
238.93,324,322
238.93,321,320
238.93,321,322
238.93,320,320
238.93,322,323
238.93,319,319
238.94,323,323
238.99,320,319
238.99,324,324
238.99,321,320
238.99,321,322
238.99,322,320
239.0,322,323
239.0,324,322
239.07,323,322
239.07,324,322
239.07,321,321
239.07,325,323
239.07,320,320
239.07,327,325
239.07,322,321
239.13,325,325
239.13,322,320
239.13,325,325
239.13,323,321
239.13,325,326
239.13,323,322
239.13,326,325
239.19,325,324
239.19,325,325
239.19,326,324
239.19,322,323
239.19,325,324
239.19,324,324
239.2,327,326
239.25,322,322
239.25,325,326
239.25,323,321
239.25,327,326
239.25,324,323
239.26,326,324
239.27,323,322
239.32,327,326
239.32,324,323
239.32,324,325
239.32,324,324
239.32,323,323
239.32,324,324
239.33,322,323
239.39,326,325
239.4,321,321
239.4,326,325
239.4,323,322
239.4,326,325
239.4,321,320
239.4,324,324
239.46,321,320
239.46,324,324
239.46,323,320
239.46,324,324
239.46,322,321
239.46,320,320
239.46,321,320
239.52,321,320
239.52,320,320
239.52,318,318
239.52,322,322
239.52,317,315
239.52,321,321
239.53,319,317
239.58,320,320
239.58,318,317
239.58,318,319
239.58,317,316
239.58,319,318
239.59,315,315
239.59,317,317
239.65,318,317
239.65,315,315
239.65,317,316
239.65,314,315
239.65,317,318
239.65,313,314
239.66,319,318
239.72,314,314
239.72,317,318
239.72,313,314
239.72,319,319
239.72,317,316
239.72,317,318
239.72,317,316
239.79,318,319
239.79,317,317
239.79,317,319
239.79,321,320
239.79,317,317
239.79,320,321
239.79,319,319
239.85,323,322
239.85,319,318
239.85,323,323
239.85,319,318
239.85,322,322
239.85,319,318
239.86,322,320
239.91,318,319
239.91,320,321
239.91,321,320
239.91,321,321
239.91,321,320
239.91,316,317
239.92,321,320
239.97,316,317
239.97,319,318
239.97,314,313
239.97,321,320
239.97,314,314
239.98,319,318
239.99,316,315
240.05,316,317
240.05,315,314
240.05,317,316
240.05,316,314
240.05,313,314
240.05,317,315
240.05,315,313
240.12,315,315
240.12,313,313
240.12,316,315
240.12,313,312
240.12,320,318
240.12,312,312
240.12,318,317
240.18,316,315
240.18,319,318
240.18,317,316
240.18,318,318
240.18,318,317
240.18,317,317
240.18,319,317
240.24,315,316
240.24,317,317
240.24,317,316
240.24,320,318
240.24,317,316
240.24,322,319
240.25,318,316
240.3,322,320
240.3,318,317
240.3,320,321
240.3,319,316
240.3,319,318
240.31,319,317
240.31,318,317
240.38,318,317
240.38,316,317
240.38,318,318
240.38,317,317
240.38,320,318
240.38,315,314
240.38,321,320
240.44,318,316
240.44,320,320
240.44,316,316
240.44,320,320
240.44,316,316
240.44,318,319
240.45,316,316
240.5,317,318
240.5,318,317
240.5,317,318
240.5,320,318
240.5,317,318
240.5,322,320
240.51,317,317
240.57,322,320
240.57,316,317
240.57,318,319
240.57,315,315
240.57,318,318
240.57,317,316
240.58,318,318
240.63,316,315
240.63,317,317
240.63,316,316
240.63,316,318
240.63,319,317
240.63,317,316
240.64,319,318
240.69,316,316
240.69,318,316
240.69,314,314
240.69,319,317
240.69,312,312
240.7,318,316
240.71,311,310
240.76,314,315
240.76,312,313
240.76,315,314
240.76,312,312
240.76,311,312
240.76,313,312
240.77,311,311
240.84,311,310
240.84,310,309
240.84,313,312
240.84,310,309
240.84,313,312
240.84,309,308
240.84,309,311
240.9,307,306
240.9,312,311
240.9,308,307
240.9,308,308
240.9,304,305
240.9,307,307
240.9,307,306
240.96,306,306
240.96,306,306
240.96,306,306
240.96,306,306
240.96,304,305
240.96,310,309
240.97,306,305
241.02,310,310
241.02,307,304
241.02,310,309
241.02,305,305
241.02,312,312
241.03,308,307
241.04,309,309
241.09,308,308
241.09,309,309
241.09,309,306
241.09,307,307
241.09,311,310
241.09,308,309
241.1,313,312
241.16,308,308
241.17,312,312
241.17,309,308
241.17,313,312
241.17,308,309
241.17,315,314
241.17,311,310
241.23,314,313
241.23,312,310
241.23,314,313
241.23,312,312
241.23,313,312
241.23,314,314
241.23,313,312
241.29,317,315
241.29,313,312
241.29,314,315
241.29,311,310
241.29,318,317
241.29,312,312
241.3,317,317
241.35,311,312
241.35,314,315
241.35,315,313
241.35,314,313
241.35,316,316
241.35,313,313
241.36,314,314
241.43,313,314
241.43,317,315
241.43,313,313
241.43,316,316
241.43,313,313
241.43,315,316
241.43,313,311
241.49,316,316
241.49,312,312
241.49,316,316
241.49,315,313
241.49,316,317
241.49,318,315
241.49,316,316
241.55,314,315
241.55,314,315
241.55,319,317
241.55,313,315
241.55,320,319
241.55,316,317
241.56,322,321
241.61,317,318
241.61,322,322
241.61,318,318
241.62,323,323
241.62,320,320
241.62,323,323
241.63,322,322
241.68,324,324
241.68,324,323
241.68,322,323
241.68,326,324
241.68,322,323
241.68,328,326
241.69,324,324
241.74,327,326
241.74,322,322
241.74,326,325
241.74,322,321
241.74,327,327
241.75,323,322
241.76,325,326
241.82,325,323
241.82,326,327
241.82,325,323
241.82,324,325
241.82,326,324
241.82,324,325
241.82,328,325
241.88,322,322
241.88,326,325
241.88,320,321
241.88,326,324
241.88,320,320
241.88,325,324
241.89,322,320
241.94,322,324
241.94,321,319
241.94,324,324
241.94,321,320
241.94,323,322
241.94,320,320
241.95,320,321
242.01,320,319
242.01,318,317
242.01,322,321
242.01,318,317
242.01,322,322
242.01,316,316
242.02,319,318
242.08,317,315
242.08,318,318
242.08,315,313
242.08,316,316
242.08,314,313
242.08,317,316
242.08,315,314
242.14,315,315
242.14,317,315
242.15,316,316
242.15,316,315
242.15,313,314
242.15,317,317
242.15,313,313
242.21,317,317
242.21,315,314
242.21,316,316
242.21,313,313
242.21,318,318
242.21,314,313
242.21,317,318
242.27,319,317
242.27,317,317
242.27,319,317
242.27,317,318
242.27,319,319
242.27,318,319
242.28,321,320
242.34,318,318
242.35,322,322
242.35,317,317
242.35,322,322
242.35,317,318
242.35,322,322
242.35,319,319
242.41,321,323
242.41,319,319
242.41,321,320
242.41,320,319
242.41,318,320
242.41,319,319
242.41,322,321
242.46,323,321
242.46,319,319
242.46,323,321
242.46,317,317
242.46,324,322
242.47,316,316
242.48,322,324
242.53,318,318
242.53,325,323
242.53,320,318
242.53,323,322
242.53,320,319
242.53,320,321
242.54,320,319
242.6,320,322
242.6,322,320
242.6,321,321
242.6,322,322
242.6,319,319
242.6,325,322
242.61,315,316
242.67,322,322
242.67,314,314
242.67,323,323
242.67,317,315
242.67,322,321
242.67,317,315
242.67,319,320
242.73,319,316
242.73,317,317
242.73,319,318
242.73,314,314
242.73,320,318
242.73,312,313
242.74,318,318
242.79,311,311
242.79,319,317
242.79,313,310
242.79,318,318
242.79,310,311
242.8,318,317
242.8,313,313
242.87,317,318
242.87,316,316
242.87,315,317
242.87,318,317
242.87,317,318
242.87,320,318
242.87,314,315
242.92,321,320
242.92,315,315
242.92,322,321
242.92,314,315
242.92,321,322
242.93,314,314
242.94,320,321
242.99,316,314
242.99,322,321
242.99,315,314
242.99,317,318
242.99,317,314
242.99,316,317
243.0,319,317
243.05,314,315
243.05,320,318
243.05,310,312
243.05,319,318
243.05,312,311
243.06,319,319
243.07,312,312
243.12,321,320
243.12,311,310
243.12,319,319
243.12,313,310
243.12,317,317
243.12,313,310
243.13,316,316
243.2,313,311
243.2,315,315
243.2,315,313
243.2,313,315
243.2,316,314
243.2,309,311
243.2,317,315
243.26,309,309
243.26,316,314
243.26,307,306
243.26,316,315
243.26,308,306
243.26,315,316
243.26,308,308
243.32,313,314
243.32,311,310
243.32,313,314
243.32,314,311
243.32,310,311
243.32,315,313
243.33,310,312
243.38,317,316
243.38,312,312
243.38,321,320
243.38,312,313
243.38,320,320
243.39,312,312
243.39,321,320
243.44,315,314
243.44,318,320
243.44,313,314
243.45,320,321
243.45,319,316
243.45,315,317
243.46,319,317
243.52,314,315
243.52,314,308
243.52,286,286
243.52,282,281
243.52,264,262
243.52,265,263
243.53,247,246
243.58,250,248
243.58,233,232
243.58,237,236
243.58,231,229
243.58,237,238
243.58,234,234
243.59,241,241
243.65,244,242
243.65,243,243
243.65,252,251
243.65,247,249
243.65,260,258
243.65,255,253
243.66,267,265
243.71,260,260
243.71,273,272
243.71,267,265
243.71,276,277
243.71,275,274
243.71,283,284
243.72,285,283
243.78,291,291
243.78,292,289
243.79,295,293
243.79,297,297
243.79,297,299
243.79,305,304
243.79,300,300
243.85,313,310
243.85,306,305
243.85,316,315
243.85,310,308
243.85,320,319
243.85,314,313
243.85,323,323
243.91,321,320
243.91,326,326
243.91,324,323
243.91,329,330
243.91,330,329
243.91,330,330
243.92,335,334
243.97,330,331
243.97,338,337
243.97,330,332
243.97,341,341
243.97,336,335
243.98,346,344
243.98,337,337
244.03,343,345
244.03,340,338
244.03,344,345
244.03,342,341
244.04,345,345
244.04,345,343
244.05,342,345
244.11,346,346
244.11,344,345
244.11,351,349
244.11,342,344
244.11,351,352
244.11,347,345
244.12,355,354
244.17,345,344
244.17,355,354
244.17,345,346
244.17,354,355
244.17,349,347
244.17,352,353
244.18,350,347
244.24,350,349
244.24,351,349
244.24,349,348
244.24,352,351
244.24,344,346
244.24,354,352
244.25,344,344
244.3,353,352
244.3,340,342
244.3,352,352
244.3,344,342
244.3,351,349
244.3,343,341
244.31,346,346
244.38,341,340
244.38,343,343
244.38,342,339
244.38,338,340
244.38,341,339
244.38,334,335
244.38,343,339
244.44,332,333
244.44,342,339
244.44,330,330
244.44,339,337
244.44,330,328
244.44,335,335
244.44,328,326
244.5,335,332
244.5,327,324
244.5,331,331
244.5,327,324
244.5,324,326
244.5,326,324
244.51,321,321
244.56,327,324
244.56,318,319
244.56,326,324
244.57,315,316
244.57,325,324
244.57,314,315
244.57,323,323
244.63,314,313
244.63,320,320
244.63,312,312
244.63,317,318
244.63,313,313
244.63,315,316
244.64,318,314
244.8,313,315
244.8,318,315
244.8,312,312
244.8,319,317
244.8,310,311
244.8,319,319
244.8,313,311
244.8,320,319
244.8,312,311
244.8,318,319
244.8,312,311
244.8,319,319
244.8,313,311
244.8,313,315
244.8,315,314
244.8,315,317
244.8,317,315
244.86,316,316
244.86,319,317
244.86,312,312
244.86,321,320
244.86,314,313
244.86,318,318
244.86,314,312
244.92,316,317
244.92,314,314
244.92,319,318
244.92,316,315
244.92,316,317
244.92,317,315
244.93,316,317
244.98,319,320
244.98,317,316
244.98,322,321
244.98,316,315
244.98,319,319
244.99,315,316
245.0,320,320
245.05,317,314
245.05,319,319
245.05,316,316
245.05,319,320
245.05,320,318
245.05,320,320
245.06,322,320
245.11,320,320
245.11,323,321
245.11,320,319
245.11,322,323
245.11,321,320
245.12,323,323
245.13,321,320
245.19,325,325
245.19,321,321
245.19,325,327
245.19,324,323
245.19,327,326
245.19,323,322
245.19,324,325
245.25,323,324
245.25,324,324
245.25,328,326
245.25,324,324
245.25,328,327
245.25,325,323
245.26,326,327
245.32,325,324
245.32,328,327
245.32,324,322
245.32,329,327
245.32,324,324
245.32,329,328
245.32,326,324
245.38,329,328
245.38,328,327
245.38,330,328
245.38,328,326
245.38,329,329
245.38,331,328
245.39,328,328
245.44,332,332
245.44,328,328
245.44,331,331
245.44,331,329
245.44,334,334
245.45,331,329
245.45,332,333
245.52,330,329
245.52,332,331
245.52,330,329
245.52,330,329
245.52,331,330
245.52,329,330
245.52,331,330
245.58,328,328
245.58,333,331
245.58,328,327
245.58,330,331
245.58,327,326
245.58,330,330
245.59,325,325
245.64,328,328
245.64,327,324
245.64,326,328
245.64,326,325
245.64,327,326
245.64,325,324
245.65,324,326
245.7,329,326
245.7,323,323
245.7,327,326
245.7,323,323
245.71,326,325
245.71,322,321
245.72,325,324
245.77,321,320
245.77,325,324
245.77,321,319
245.77,322,322
245.77,318,318
245.77,321,322
245.78,320,319
245.85,318,320
245.85,323,322
245.85,318,319
245.85,321,321
245.85,319,318
245.85,322,320
245.85,319,318
245.91,321,321
245.91,317,317
245.91,320,320
245.91,316,316
245.91,320,320
245.91,320,318
245.91,320,320
245.97,319,318
245.97,320,321
245.97,319,317
245.97,317,319
245.97,319,319
245.97,318,318
245.98,319,318
246.03,314,315
246.03,319,320
246.03,315,314
246.03,321,319
246.03,317,315
246.04,320,320
246.04,317,316
246.1,320,320
246.1,318,318
246.1,320,320
246.1,322,319
246.1,318,319
246.1,319,319
246.11,318,319
246.17,322,321
246.17,321,319
246.17,323,322
246.17,316,317
246.17,322,321
246.17,315,316
246.18,320,321
246.23,318,317
246.24,321,322
246.24,319,316
246.24,320,321
246.24,318,317
246.24,320,321
246.24,322,320
246.3,321,319
246.3,320,320
246.3,319,317
246.3,318,319
246.3,318,316
246.3,321,320
246.31,315,316
246.36,321,319
246.36,314,314
246.36,319,318
246.36,315,313
246.36,318,318
246.36,313,312
246.37,315,315
246.44,314,313
246.44,314,314
246.44,314,313
246.44,313,314
246.44,316,315
246.44,314,313
246.44,317,315
246.5,311,311
246.5,316,316
246.5,313,313
246.5,318,316
246.5,312,311
246.5,317,316
246.5,313,312
246.56,313,314
246.56,315,312
246.56,314,314
246.56,313,313
246.56,313,313
246.56,313,313
246.57,311,312
246.62,313,312
246.62,308,309
246.62,316,315
246.62,310,310
246.62,316,314
246.63,314,312
246.63,317,315
246.68,311,312
246.68,317,316
246.68,314,312
246.68,313,314
246.69,314,312
246.69,313,315
246.7,318,315
246.76,315,314
246.76,318,317
246.76,316,315
246.76,320,319
246.76,316,316
246.76,320,319
246.77,315,315
246.83,321,320
246.83,316,316
246.83,321,320
246.83,319,316
246.83,322,321
246.83,320,319
246.83,321,321
246.89,320,319
246.89,320,320
246.89,322,321
246.89,318,319
246.89,323,322
246.89,320,319
246.9,322,322
246.95,316,317
246.95,322,322
246.95,318,317
246.95,323,322
246.95,319,318
246.95,322,322
246.96,320,318
247.01,321,320
247.01,322,320
247.01,320,318
247.01,320,319
247.01,320,320
247.02,320,320
247.03,319,318
247.09,323,321
247.09,319,318
247.09,323,322
247.09,318,318
247.09,322,320
247.09,316,317
247.09,321,321
247.15,319,318
247.15,319,320
247.15,318,317
247.15,321,320
247.15,320,319
247.15,316,317
247.16,320,319
247.22,316,317
247.22,319,318
247.22,314,315
247.22,320,319
247.22,315,315
247.22,318,319
247.22,314,315
247.28,320,320
247.28,318,316
247.28,321,321
247.28,319,318
247.28,318,320
247.28,321,319
247.29,320,321
247.34,323,322
247.34,320,321
247.34,322,322
247.34,322,321
247.34,325,325
247.35,320,321
247.36,324,325
247.42,323,322
247.42,327,326
247.42,322,321
247.42,327,326
247.42,323,322
247.42,324,325
247.42,323,322
247.48,324,325
247.48,326,325
247.48,325,325
247.48,326,325
247.48,324,324
247.48,327,326
247.49,323,322
247.54,328,326
247.54,322,322
247.54,326,326
247.54,322,323
247.54,325,326
247.54,323,322
247.55,328,327
247.61,322,321
247.61,323,323
247.61,324,322
247.61,321,321
247.61,323,321
247.61,321,320
247.62,323,321
247.67,320,320
247.67,321,322
247.67,320,318
247.67,323,322
247.67,317,318
247.67,323,322
247.68,319,317
247.75,323,321
247.75,319,317
247.75,321,320
247.75,320,319
247.75,318,319
247.75,320,319
247.75,320,319
247.81,320,319
247.81,318,317
247.81,320,320
247.81,318,317
247.81,318,318
247.81,314,314
247.81,319,318
247.87,314,313
247.87,316,316
247.87,311,311
247.87,315,316
247.87,312,312
247.87,315,314
247.88,313,313
247.93,314,316
247.93,316,316
247.93,316,317
247.93,318,317
247.93,316,315
247.94,320,320
247.94,317,316
248.0,322,321
248.0,317,317
248.0,322,322
248.0,319,318
248.0,324,323
248.0,320,320
248.01,325,324
248.07,320,321
248.07,322,323
248.07,321,321
248.07,322,323
248.07,323,323
248.07,321,321
248.08,327,325
248.14,320,321
248.14,323,322
248.14,320,320
248.14,325,325
248.14,321,321
248.14,325,324
248.14,320,320
248.2,325,324
248.2,320,320
248.2,322,323
248.2,321,321
248.2,323,322
248.2,324,322
248.21,321,321
248.26,322,321
248.26,320,320
248.26,323,320
248.26,319,318
248.26,323,321
248.26,317,317
248.27,323,322
248.32,317,316
248.32,320,319
248.32,316,316
248.32,320,319
248.32,317,316
248.33,316,317
248.34,317,315
248.39,316,315
248.39,316,314
248.39,312,313
248.39,316,316
248.39,312,313
248.4,317,315
248.4,312,312
248.47,317,316
248.47,309,308
248.47,314,314
248.47,308,308
248.47,313,311
248.47,309,308
248.47,310,310
248.53,309,307
248.53,309,308
248.53,309,307
248.53,309,308
248.53,309,309
248.53,307,307
248.53,311,311
248.59,309,308
248.59,311,311
248.6,308,306
248.6,311,311
248.6,310,309
248.6,314,314
248.6,309,310
248.66,314,314
248.66,313,312
248.66,316,317
248.66,314,314
248.66,314,316
248.66,319,317
248.67,316,317
248.72,321,317
248.72,315,314
248.72,321,319
248.72,315,316
248.72,321,319
248.72,317,316
248.73,319,319
248.78,316,316
248.78,321,321
248.78,317,317
248.78,322,322
248.78,321,319
248.79,320,321
248.8,320,320
248.86,321,321
248.86,322,320
248.86,319,319
248.86,321,321
248.86,320,320
248.86,324,323
248.86,319,318
248.92,322,322
248.92,318,317
248.92,321,321
248.92,319,318
248.92,321,321
248.92,319,317
248.93,319,319
248.98,318,316
248.98,320,321
248.98,320,319
248.98,319,318
248.98,321,320
248.99,317,319
248.99,321,321
249.05,317,317
249.05,322,321
249.05,316,317
249.05,322,323
249.05,319,318
249.05,322,323
249.06,319,318
249.11,320,321
249.11,320,318
249.11,322,321
249.11,318,318
249.11,320,319
249.12,321,321
249.12,321,320
249.19,322,322
249.19,319,318
249.19,321,320
249.19,316,316
249.19,320,320
249.19,318,317
249.19,321,321
249.25,319,317
249.25,320,321
249.25,321,320
249.25,324,324
249.25,322,321
249.25,324,324
249.26,324,323
249.31,323,324
249.31,327,326
249.31,325,324
249.31,328,328
249.31,323,324
249.31,329,328
249.32,326,324
249.38,330,329
249.38,326,325
249.38,330,329
249.38,326,326
249.38,329,327
249.38,326,325
249.39,326,327
249.44,326,326
249.44,326,326
249.44,327,325
249.44,325,323
249.44,328,326
249.44,321,322
249.45,328,327
249.52,323,322
249.52,325,324
249.52,323,321
249.52,325,325
249.52,321,321
249.52,325,325
249.52,323,322
249.58,324,325
249.58,325,323
249.58,322,323
249.58,322,322
249.58,320,321
249.58,322,321
249.58,320,320
249.64,322,321
249.64,318,318
249.64,321,322
249.64,319,317
249.64,321,322
249.64,320,318
249.65,321,321
249.7,317,316
249.7,321,320
249.7,318,316
249.7,318,318
249.7,318,315
249.71,315,315
249.71,319,316
249.76,315,315
249.76,317,317
249.76,312,312
249.77,316,316
249.77,314,312
249.77,318,318
249.78,313,313
249.84,316,316
249.84,314,315
249.84,317,317
249.84,316,315
249.84,319,318
249.84,319,318
249.85,318,318
249.9,321,320
249.9,317,317
249.9,321,320
249.9,318,318
249.9,322,322
249.9,320,319
249.91,323,323
249.96,318,318
249.96,325,324
249.96,319,318
249.96,323,324
249.96,320,320
249.97,322,323
249.98,320,321
250.03,323,323
250.03,325,323
250.03,321,322
250.03,325,324
250.03,322,322
250.03,325,325
250.04,323,321
250.1,326,325
250.1,322,322
250.1,327,327
250.1,320,320
250.1,325,326
250.11,322,320
250.11,323,324
250.17,323,321
250.17,322,322
250.17,322,320
250.17,322,322
250.17,322,320
250.17,320,321
250.17,325,324
250.23,321,321
250.23,324,322
250.23,319,318
250.23,323,322
250.23,319,318
250.23,323,322
250.24,319,317
250.29,320,321
250.29,319,319
250.29,322,322
250.29,320,319
250.29,320,320
250.3,321,319
250.3,317,319
250.37,322,320
250.37,316,317
250.37,323,320
250.37,316,316
250.37,322,321
250.37,317,317
250.37,321,322
250.43,318,316
250.43,320,320
250.43,319,316
250.43,320,320
250.43,319,318
250.43,320,320
250.44,318,318
250.49,318,319
250.49,322,321
250.49,319,319
250.49,323,321
250.49,318,319
250.49,321,320
250.5,319,317
250.56,323,321
250.56,318,317
250.56,322,322
250.56,319,316
250.56,322,322
250.56,321,319
250.57,322,321
250.62,321,320
250.62,318,320
250.62,320,319
250.62,319,317
250.62,318,318
250.62,314,314
250.63,319,318
250.7,304,303
250.7,292,289
250.7,272,272
250.7,267,266
250.7,253,252
250.7,249,249
250.7,237,235
250.76,232,233
250.76,228,226
250.76,230,228
250.76,230,230
250.76,233,233
250.76,236,234
250.76,234,235
250.82,240,239
250.82,238,239
250.82,245,245
250.82,244,244
250.82,252,253
250.82,251,251
250.83,259,258
250.88,257,257
250.88,263,264
250.88,265,264
250.88,268,269
250.88,271,271
250.89,275,275
250.89,279,278
250.94,278,280
250.94,286,286
250.94,287,286
250.94,290,290
250.94,293,292
250.95,299,298
250.96,295,296
251.02,302,302
251.02,300,300
251.02,308,308
251.02,307,305
251.02,309,310
251.02,312,311
251.02,313,312
251.08,313,314
251.08,316,316
251.08,319,317
251.08,318,318
251.08,320,320
251.08,321,320
251.09,326,324
251.15,325,323
251.15,329,330
251.15,326,327
251.15,332,332
251.15,332,331
251.15,334,334
251.16,335,333
251.21,337,337
251.21,338,338
251.21,337,339
251.21,342,342
251.21,342,344
251.21,345,345
251.22,342,343
251.29,351,349
251.29,345,344
251.29,351,350
251.29,347,346
251.29,352,350
251.29,348,347
251.29,351,350
251.35,349,349
251.35,353,352
251.35,352,349
251.35,350,351
251.35,349,349
251.35,349,350
251.35,351,351
251.41,352,350
251.41,353,351
251.41,349,349
251.41,352,352
251.41,349,347
251.41,352,352
251.42,347,346
251.48,353,352
251.48,347,346
251.48,350,351
251.48,348,348
251.48,350,350
251.48,348,347
251.48,349,349
251.54,348,348
251.54,346,348
251.54,351,350
251.54,347,347
251.54,351,349
251.54,345,346
251.55,349,349
251.6,342,343
251.6,347,346
251.6,342,343
251.6,347,345
251.6,341,339
251.61,343,342
251.61,340,339
251.68,341,340
251.68,339,337
251.68,338,337
251.68,338,339
251.68,334,334
251.68,338,336
251.68,333,332
251.74,336,334
251.74,330,329
251.74,335,334
251.74,330,330
251.74,334,333
251.74,330,330
251.75,332,332
251.8,331,330
251.8,334,332
251.8,333,331
251.8,333,332
251.8,333,332
251.81,331,331
251.81,334,332
251.87,328,329
251.87,332,332
251.87,329,327
251.87,333,332
251.87,328,329
251.87,332,332
251.88,330,328
251.93,331,332
251.93,329,328
251.93,332,332
251.93,330,329
251.93,329,331
251.93,329,327
251.94,327,329
252.01,331,329
252.01,326,328
252.01,331,330
252.01,327,326
252.01,331,329
252.01,327,327
252.01,331,329
252.07,327,326
252.07,329,328
252.07,326,324
252.07,328,327
252.07,325,323
252.07,325,326
252.07,323,323
252.13,324,325
252.13,324,323
252.13,323,323
252.13,326,325
252.13,322,322
252.13,326,324
252.14,321,320
252.19,325,323
252.19,318,319
252.19,323,322
252.19,317,316
252.19,321,321
252.2,318,316
252.2,321,320
252.27,319,317
252.27,320,318
252.27,318,317
252.27,316,316
252.27,317,316
252.27,313,314
252.27,317,316
252.33,313,312
252.33,318,316
252.33,312,312
252.33,316,316
252.33,310,310
252.33,314,315
252.34,313,310
252.39,315,316
252.39,311,312
252.39,314,314
252.39,313,312
252.39,315,314
252.39,317,314
252.4,313,313
252.45,315,315
252.45,310,312
252.45,318,316
252.45,314,312
252.45,314,314
252.46,311,311
252.47,318,318
252.53,313,313
252.53,316,317
252.53,315,314
252.53,316,318
252.53,316,316
252.53,317,317
252.53,319,317
252.59,318,317
252.59,319,318
252.59,314,316
252.59,321,319
252.59,317,316
252.59,318,318
252.6,316,316
252.66,320,320
252.66,314,314
252.66,321,320
252.66,317,316
252.66,322,320
252.66,318,316
252.66,320,320
252.72,318,316
252.72,317,318
252.72,318,316
252.72,316,315
252.72,317,317
252.72,314,314
252.73,319,316
252.78,313,313
252.78,317,316
252.78,311,312
252.78,316,316
252.78,311,311
252.79,314,315
252.79,313,313
252.86,317,316
252.86,315,314
252.86,315,314
252.86,316,314
252.86,316,315
252.86,317,315
252.86,314,314
252.92,316,316
252.92,313,313
252.92,319,318
252.92,317,315
252.92,320,319
252.92,315,314
252.93,319,318
252.98,315,314
252.98,317,318
252.98,315,314
252.98,316,317
252.98,318,316
252.98,316,317
252.99,320,318
253.04,317,316
253.04,319,318
253.04,314,315
253.04,318,318
253.04,317,316
253.05,320,320
253.06,317,315
253.11,321,319
253.11,318,316
253.11,321,321
253.11,320,318
253.11,322,322
253.11,321,320
253.12,322,320
253.19,320,320
253.19,320,320
253.19,322,322
253.19,321,321
253.19,323,322
253.19,320,321
253.19,322,323
253.25,320,320
253.25,325,324
253.25,319,319
253.25,325,324
253.25,322,320
253.25,324,325
253.25,323,320
253.31,321,322
253.31,322,322
253.31,322,322
253.31,324,322
253.31,321,320
253.31,325,324
253.32,320,320
253.38,323,322
253.38,320,321
253.38,324,322
253.38,320,319
253.38,325,324
253.38,319,318
253.38,321,322
253.44,319,318
253.44,321,320
253.44,320,319
253.44,320,320
253.44,318,319
253.44,320,321
253.45,323,321
253.5,319,318
253.5,322,321
253.5,316,316
253.5,320,319
253.5,315,315
253.51,319,318
253.52,313,314
253.53,317,316
253.54,314,312
253.54,314,315
253.61,312,311
253.61,313,312
253.61,312,311
253.61,312,311
253.61,314,312
253.61,312,312
253.61,313,313
253.67,311,310
253.67,314,314
253.67,309,310
253.67,315,314
253.67,311,311
253.67,319,318
253.68,314,313
253.73,318,318
253.73,316,314
253.73,320,320
253.73,319,316
253.73,319,319
253.73,320,318
253.74,317,318
253.79,319,318
253.79,317,316
253.79,320,320
253.79,317,318
253.79,323,322
253.8,319,317
253.81,322,321
253.86,316,317
253.86,322,321
253.86,318,317
253.86,320,320
253.86,318,318
253.86,320,321
253.87,321,320
253.93,321,321
253.93,322,320
253.93,319,321
253.93,323,321
253.93,319,318
253.93,322,321
253.94,317,318
253.99,323,321
253.99,320,319
253.99,323,323
254.0,317,317
254.0,321,321
254.0,318,318
254.0,322,322
254.06,318,317
254.06,317,318
254.06,319,317
254.06,317,318
254.06,320,318
254.06,317,318
254.07,320,319
254.12,316,316
254.12,319,319
254.12,315,315
254.12,323,321
254.12,318,316
254.13,320,319
254.13,317,316
254.2,320,320
254.2,316,314
254.2,317,317
254.2,317,315
254.2,315,316
254.2,317,315
254.2,314,315
254.26,316,316
254.26,312,313
254.26,317,316
254.26,314,313
254.26,318,317
254.26,313,312
254.26,315,316
254.32,314,314
254.32,317,317
254.32,315,315
254.32,317,317
254.32,316,316
254.32,318,318
254.33,319,318
254.38,317,317
254.38,320,320
254.38,317,317
254.38,321,320
254.38,317,317
254.39,323,321
254.4,318,316
254.45,321,321
254.45,319,317
254.45,321,321
254.45,318,316
254.45,320,321
254.45,320,319
254.46,321,322
254.52,322,319
254.52,318,320
254.52,320,319
254.52,318,318
254.52,320,319
254.52,317,316
254.53,321,319
254.59,314,316
254.59,320,320
254.59,319,318
254.59,322,321
254.59,317,316
254.59,320,320
254.59,317,317
254.65,320,320
254.65,319,318
254.65,320,320
254.65,319,319
254.65,320,321
254.65,321,321
254.66,318,320
254.71,320,320
254.71,318,317
254.71,323,322
254.71,317,317
254.71,322,322
254.72,317,316
254.72,323,322
254.79,317,315
254.79,318,319
254.79,318,316
254.79,318,318
254.79,317,317
254.79,315,316
254.79,317,316
254.85,315,316
254.85,319,318
254.85,314,314
254.85,317,317
254.85,313,313
254.85,320,318
254.85,312,313
254.91,320,319
254.91,314,314
254.91,318,318
254.91,316,314
254.91,318,319
254.91,318,316
254.92,317,317
254.97,318,317
254.97,317,317
254.97,319,316
254.97,314,314
254.97,319,318
254.98,316,316
254.99,317,317
255.04,315,314
255.04,318,320
255.04,317,315
255.04,320,319
255.04,316,316
255.04,321,320
255.05,316,316
255.11,319,318
255.11,318,318
255.11,319,319
255.11,321,320
255.11,321,320
255.11,320,320
255.12,318,318
255.18,322,322
255.18,321,319
255.18,325,325
255.18,322,320
255.18,326,325
255.18,321,320
255.18,325,324
255.24,321,320
255.24,325,325
255.24,322,322
255.24,324,324
255.24,325,322
255.24,322,322
255.25,326,324
255.3,322,321
255.3,325,324
255.3,321,320
255.3,324,323
255.3,319,318
255.31,323,322
255.31,317,317
255.36,321,322
255.36,318,316
255.36,321,321
255.36,317,317
255.36,320,320
255.37,316,316
255.38,318,319
255.44,318,317
255.44,319,317
255.44,317,316
255.44,317,316
255.44,318,318
255.44,314,314
255.44,317,316
255.51,315,313
255.51,319,319
255.51,312,312
255.51,319,318
255.51,315,314
255.51,316,317
255.51,317,315
255.57,318,317
255.57,318,317
255.57,317,316
255.57,317,317
255.57,317,317
255.57,318,318
255.58,317,317
255.63,322,320
255.63,317,318
255.63,322,321
255.63,319,319
255.63,323,322
255.63,318,318
255.64,322,323
255.69,318,319
255.69,323,323
255.69,323,321
255.69,323,323
255.69,325,323
255.7,321,322
255.71,325,323
255.77,321,322
255.77,327,325
255.77,320,321
255.77,328,326
255.77,322,322
255.77,330,329
255.77,323,323
255.83,329,327
255.83,325,324
255.83,328,327
255.83,324,324
255.83,326,327
255.83,326,325
255.84,326,326
255.89,329,326
255.89,324,324
255.89,325,325
255.89,325,324
255.89,328,326
255.89,323,323
255.9,328,328
255.96,323,323
255.96,326,326
255.96,323,321
255.96,325,325
255.96,323,322
255.96,325,324
255.97,322,322
256.02,322,322
256.02,320,320
256.02,323,322
256.02,323,322
256.02,319,319
256.03,322,321
256.03,318,318
256.1,323,322
256.1,317,317
256.1,323,321
256.1,317,316
256.1,320,320
256.1,316,316
256.1,319,318
256.16,314,313
256.16,315,316
256.16,314,312
256.16,313,313
256.16,315,314
256.16,313,312
256.17,314,312
256.22,312,311
256.22,315,312
256.22,308,309
256.22,313,312
256.22,308,308
256.22,314,314
256.23,310,310
256.29,315,314
256.29,313,311
256.29,315,314
256.29,309,310
256.29,318,318
256.29,310,310
256.3,316,317
256.35,312,312
256.35,317,316
256.35,316,314
256.35,314,315
256.35,319,317
256.35,314,314
256.36,320,319
256.43,315,315
256.43,321,321
256.43,314,314
256.43,322,322
256.43,314,314
256.43,322,323
256.43,319,317
256.49,320,322
256.49,320,317
256.49,320,322
256.49,320,319
256.49,320,321
256.49,323,321
256.49,318,319
256.55,326,324
256.55,317,319
256.55,324,324
256.55,319,318
256.55,327,327
256.55,317,316
256.56,325,325
256.61,319,318
256.61,324,325
256.61,318,318
256.61,325,324
256.61,320,319
256.62,320,321
256.62,322,320
256.69,319,320
256.69,322,321
256.69,316,317
256.69,323,321
256.69,314,315
256.69,325,322
256.69,313,313
256.75,323,321
256.75,312,312
256.75,321,321
256.75,315,314
256.75,318,318
256.75,313,313
256.76,314,317
256.81,314,313
256.81,315,314
256.81,317,315
256.81,312,312
256.81,318,315
256.81,311,311
256.82,318,317
256.88,310,311
256.88,321,319
256.88,309,309
256.88,320,320
256.88,312,312
256.88,320,321
256.89,313,312
256.94,320,320
256.94,315,314
256.94,319,319
256.94,318,316
256.94,319,319
256.94,321,320
256.95,316,318
257.02,323,320
257.02,318,317
257.02,321,321
257.02,314,315
257.02,324,323
257.02,315,316
257.02,322,322
257.08,317,315
257.08,322,323
257.08,319,317
257.08,322,321
257.08,318,316
257.08,319,319
257.08,319,317
257.14,317,317
257.14,321,320
257.14,314,316
257.14,321,321
257.14,315,314
257.14,321,321
257.15,312,313
257.2,322,321
257.2,311,311
257.2,320,320
257.2,313,312
257.2,319,319
257.21,315,314
257.21,318,317
257.27,315,313
257.27,312,316
257.27,316,315
257.27,314,313
257.27,317,316
257.27,309,311
257.28,317,315
257.33,308,308
257.33,317,316
257.33,306,307
257.33,317,315
257.33,306,305
257.34,313,313
257.34,307,304
257.41,309,308
257.41,288,283
257.41,272,272
257.41,263,260
257.41,249,250
257.41,244,241
257.41,231,230
257.46,230,228
257.46,218,219
257.46,229,229
257.46,222,222
257.46,234,233
257.47,226,227
257.48,237,239
257.53,235,233
257.53,244,245
257.53,243,242
257.53,249,251
257.53,253,251
257.53,256,258
257.54,261,261
257.59,264,265
257.59,273,271
257.59,270,270
257.59,283,281
257.59,279,279
257.6,289,289
257.61,285,285
257.66,297,297
257.66,292,291
257.66,301,302
257.66,298,297
257.66,308,308
257.66,306,306
257.67,312,312
257.73,314,312
257.73,315,316
257.73,321,320
257.73,318,319
257.73,325,324
257.73,320,320
257.74,330,330
257.8,324,324
257.8,335,334
257.8,326,325
257.8,337,337
257.8,331,329
257.8,338,338
257.8,333,332
257.86,339,340
257.86,338,336
257.86,341,341
257.86,342,340
257.86,338,340
257.86,346,344
257.87,340,340
257.92,350,347
257.92,341,340
257.92,349,348
257.92,341,340
257.92,350,349
257.93,341,341
257.93,350,349
258.0,345,342
258.0,350,350
258.0,346,344
258.0,348,348
258.0,347,346
258.0,347,349
258.0,350,347
258.06,346,346
258.06,352,349
258.06,342,343
258.06,350,350
258.06,343,341
258.06,352,352
258.07,343,342
258.12,352,351
258.12,343,343
258.12,348,350
258.12,345,344
258.12,351,350
258.12,347,343
258.13,347,347
258.18,347,345
258.18,343,345
258.18,349,347
258.18,344,345
258.18,350,349
258.19,343,343
258.2,353,351
258.25,342,342
258.25,352,351
258.25,342,342
258.25,351,352
258.25,342,343
258.25,351,351
258.26,347,345
258.32,349,349
258.32,347,345
258.32,346,348
258.32,350,347
258.33,345,346
258.33,350,349
258.33,344,344
258.39,351,350
258.39,341,340
258.39,350,349
258.39,340,340
258.39,348,349
258.39,339,338
258.39,345,343
258.45,337,336
258.45,342,343
258.45,339,335
258.45,340,340
258.45,337,335
258.45,335,337
258.46,339,338
258.51,333,334
258.51,341,338
258.51,331,331
258.51,338,338
258.51,326,328
258.52,337,336
258.52,328,326
258.57,337,335
258.57,328,326
258.57,332,332
258.58,329,327
258.58,329,332
258.58,330,327
258.59,328,329
258.65,330,328
258.65,325,327
258.65,332,330
258.65,323,324
258.65,331,329
258.65,322,321
258.66,330,329
258.71,320,320
258.71,329,327
258.71,317,317
258.71,325,325
258.71,318,317
258.71,323,323
258.72,318,318
258.78,322,322
258.78,319,317
258.78,317,318
258.78,318,318
258.78,314,315
258.78,323,320
258.79,314,313
258.84,321,321
258.84,312,313
258.84,322,322
258.84,315,313
258.84,321,322
258.84,316,314
258.85,321,320
258.92,316,315
258.92,320,321
258.92,319,316
258.92,318,321
258.92,321,319
258.92,316,317
258.92,322,319
258.98,316,317
258.98,325,322
258.98,315,315
258.98,324,324
258.98,314,314
258.98,324,324
258.98,316,316
259.04,321,322
259.04,316,314
259.04,321,323
259.04,316,316
259.04,321,321
259.04,318,318
259.05,317,318
259.1,320,319
259.1,317,317
259.1,321,321
259.1,317,316
259.1,322,322
259.11,315,314
259.11,324,324
259.26,314,315
259.26,323,325
259.26,318,316
259.26,323,323
259.26,317,316
259.26,320,322
259.26,316,316
259.26,320,319
259.26,319,316
259.26,316,317
259.26,322,319
259.26,314,315
259.26,321,319
259.26,310,311
259.26,321,319
259.27,310,310
259.27,319,318
259.34,309,309
259.34,319,318
259.34,311,309
259.34,316,316
259.34,312,309
259.34,312,313
259.34,310,309
259.4,308,309
259.4,312,309
259.4,309,308
259.4,312,311
259.4,306,306
259.4,312,311
259.41,307,306
259.46,313,312
259.46,307,306
259.46,314,313
259.46,305,304
259.46,312,313
259.46,305,305
259.47,312,311
259.54,310,307
259.54,312,312
259.54,313,310
259.54,310,311
259.54,315,314
259.54,311,311
259.54,319,317
259.6,311,312
259.6,320,319
259.6,313,313
259.6,322,321
259.6,314,313
259.6,323,323
259.6,318,316
259.66,322,322
259.66,319,317
259.66,322,324
259.66,323,321
259.66,324,324
259.66,325,324
259.67,323,323
259.72,328,326
259.72,320,320
259.72,328,327
259.72,320,320
259.72,330,328
259.72,319,319
259.73,327,326
259.78,319,318
259.78,326,325
259.79,321,319
259.79,325,326
259.79,320,319
259.79,323,323
259.8,320,318
259.85,319,321
259.85,321,319
259.85,319,318
259.85,322,321
259.85,316,316
259.86,322,322
259.86,314,314
259.92,323,322
259.92,314,314
259.92,323,323
259.92,316,314
259.93,321,322
259.93,316,314
259.93,320,320
259.99,316,315
259.99,320,320
259.99,317,317
259.99,316,316
259.99,321,317
259.99,311,313
259.99,322,319
260.05,313,313
260.05,321,320
260.05,312,312
260.05,323,322
260.05,314,312
260.05,322,321
260.06,315,313
260.11,320,320
260.11,314,314
260.11,318,320
260.11,317,314
260.11,316,316
260.12,321,318
260.13,315,317
260.18,321,319
260.18,315,316
260.18,326,323
260.18,316,316
260.18,322,323
260.18,315,314
260.19,323,322
260.25,316,315
260.25,323,322
260.25,315,315
260.25,320,321
260.25,319,316
260.25,321,321
260.26,318,317
260.32,319,317
260.32,320,320
260.32,315,316
260.32,320,320
260.32,315,314
260.32,322,322
260.32,313,313
260.38,320,321
260.38,315,314
260.38,322,321
260.38,313,312
260.38,319,318
260.38,314,313
260.39,319,319
260.44,317,313
260.44,314,316
260.44,317,316
260.44,312,313
260.44,319,317
260.45,308,310
260.45,317,316
260.52,310,310
260.52,318,316
260.52,308,309
260.52,319,318
260.52,312,310
260.52,319,318
260.52,311,309
260.58,314,316
260.58,313,311
260.58,312,314
260.58,313,313
260.58,311,315
260.58,318,315
260.58,313,313
260.64,319,317
260.64,311,312
260.64,317,317
260.64,311,311
260.64,321,320
260.64,310,311
260.65,321,320
260.7,313,312
260.71,321,320
260.71,314,312
260.71,317,319
260.71,314,315
260.71,314,317
260.72,318,315
260.77,314,315
260.77,319,318
260.77,314,315
260.77,323,320
260.77,316,315
260.77,325,324
260.78,316,315
260.85,324,323
260.85,314,314
260.85,322,322
260.85,319,316
260.85,323,322
260.85,318,316
260.85,320,321
260.91,318,317
260.91,321,320
260.91,320,320
260.91,318,318
260.91,322,321
260.91,316,316
260.91,323,322
260.97,316,316
260.97,326,324
260.97,314,314
260.97,324,323
260.97,314,314
260.97,318,320
260.98,315,314
261.04,320,320
261.04,319,316
261.04,317,318
261.04,322,319
261.04,314,314
261.04,320,321
261.04,317,315
261.1,322,320
261.1,316,315
261.1,318,318
261.1,317,315
261.1,318,318
261.1,317,316
261.11,319,318
261.16,319,317
261.16,319,318
261.16,319,318
261.16,319,317
261.16,320,320
261.17,316,316
261.17,321,319
261.24,315,315
261.24,321,319
261.24,317,315
261.24,320,319
261.24,314,312
261.24,319,317
261.24,313,313
261.3,313,315
261.3,314,312
261.3,313,314
261.3,315,314
261.3,314,314
261.3,314,313
261.31,311,312
261.36,314,313
261.36,312,310
261.36,313,313
261.36,308,308
261.36,314,312
261.36,310,308
261.37,314,314
261.43,311,310
261.43,313,314
261.43,312,311
261.43,310,312
261.43,313,311
261.43,312,313
261.44,315,314
261.49,313,313
261.49,318,316
261.49,315,314
261.49,317,317
261.49,314,314
261.49,319,318
261.5,314,314
261.56,319,318
261.56,316,314
261.57,320,321
261.57,319,317
261.57,321,322
261.57,320,320
261.57,320,321
261.63,323,320
261.63,321,321
261.63,323,321
261.63,320,321
261.63,324,322
261.63,320,320
261.63,324,323
261.69,322,321
261.69,328,326
261.69,322,322
261.69,328,327
261.69,322,322
261.69,331,329
261.7,322,322
261.75,331,330
261.75,324,323
261.75,329,329
261.75,325,322
261.75,328,328
261.76,325,323
261.76,326,327
261.83,326,325
261.83,321,322
261.83,326,323
261.83,320,320
261.83,326,326
261.83,319,318
261.83,325,324
261.89,316,316
261.89,325,325
261.89,317,316
261.89,322,322
261.89,316,316
261.89,321,320
261.9,317,315
261.95,318,319
261.95,321,318
261.95,317,318
261.95,320,318
261.95,316,316
261.95,323,321
261.96,314,316
262.02,325,323
262.02,315,315
262.02,325,322
262.02,315,315
262.02,322,322
262.02,315,313
262.03,321,322
262.08,316,314
262.08,320,321
262.08,317,315
262.08,317,318
262.08,318,318
262.08,318,318
262.09,322,321
262.16,317,317
262.16,325,323
262.16,318,318
262.16,324,325
262.16,316,317
262.16,325,325
262.16,319,318
262.22,328,328
262.22,321,320
262.22,326,327
262.22,325,321
262.22,326,325
262.22,325,324
262.22,322,324
262.28,328,326
262.28,323,322
262.28,327,325
262.28,322,321
262.28,329,328
262.28,320,320
262.29,329,328
262.38,321,320
262.38,328,328
262.38,323,320
262.38,328,327
262.38,322,319
262.38,323,323
262.38,320,320
262.38,321,322
262.38,323,320
262.38,319,320
262.39,324,322
262.4,319,320
262.41,325,323
262.42,318,317
