time_s,raw,averaged
0.23,263,261
0.23,259,259
0.23,267,266
0.23,263,263
0.23,271,272
0.23,266,266
0.23,277,277
0.23,270,269
0.29,253,255
0.29,254,250
0.29,256,257
0.29,258,256
0.29,255,256
0.29,263,261
0.29,259,259
0.29,267,266
0.29,263,263
0.29,271,272
0.29,266,266
0.29,277,277
0.29,270,269
0.36,338,336
0.36,334,337
0.36,344,342
0.36,333,332
0.36,335,338
0.36,341,339
0.36,333,333
0.36,340,340
0.36,339,336
0.36,330,332
0.36,339,340
0.36,338,334
0.36,334,334
0.36,341,339
0.36,335,333
0.36,338,337
0.36,340,337
0.36,332,332
0.36,339,338
0.36,337,334
0.36,330,332
0.36,338,338
0.36,332,332
0.36,331,333
0.36,337,336
0.36,330,331
0.36,338,335
0.36,327,328
0.36,339,338
0.36,329,328
0.36,336,337
0.36,330,328
0.36,335,337
0.36,331,330
0.36,334,335
0.36,333,331
0.36,334,336
0.36,337,334
0.36,335,336
0.36,340,339
0.36,334,334
0.36,339,339
0.36,333,332
0.36,342,339
0.36,332,330
0.36,339,338
0.36,331,330
0.36,338,338
0.36,332,331
0.36,336,337
0.36,335,332
0.36,336,335
0.36,334,333
0.36,332,334
0.36,337,335
0.36,331,332
0.36,338,336
0.36,331,332
0.36,339,338
0.36,330,330
0.36,341,339
0.36,330,329
0.36,337,338
0.36,328,329
0.36,336,337
0.36,332,330
0.36,334,335
0.36,332,332
0.36,333,333
0.36,333,332
0.36,330,332
0.36,336,333
0.36,329,330
0.36,335,332
0.36,327,327
0.36,334,334
0.36,327,326
0.36,334,335
0.37,326,325
0.38,334,334
0.39,326,326
0.45,331,331
0.45,329,327
0.45,328,329
0.45,329,328
0.45,330,329
0.45,336,334
0.45,335,335
0.51,344,346
0.51,347,348
0.51,366,364
0.51,363,365
0.51,381,382
0.51,384,384
0.52,402,401
0.57,403,402
0.57,415,416
0.57,419,420
0.57,426,428
0.57,434,432
0.58,435,436
0.58,445,443
0.64,443,444
0.64,452,451
0.64,447,450
0.64,460,458
0.64,453,452
0.64,460,462
0.65,455,453
0.71,463,462
0.71,456,454
0.71,460,460
0.71,453,451
0.71,456,458
0.71,455,452
0.71,454,453
0.78,453,450
0.78,445,445
0.78,447,445
0.78,437,437
0.78,442,440
0.78,429,430
0.78,436,433
0.84,425,424
0.84,428,428
0.84,416,416
0.84,419,418
0.84,407,406
0.84,409,408
0.85,402,399
0.9,399,398
0.9,392,392
0.9,390,390
0.9,387,385
0.9,377,377
0.9,380,378
0.91,367,368
0.96,372,371
0.96,358,358
0.96,360,360
0.96,349,347
0.97,351,350
0.97,340,338
0.98,340,340
1.03,328,327
1.03,329,329
1.03,320,317
1.03,315,315
1.03,310,309
1.03,302,304
1.04,303,301
1.11,292,294
1.11,295,296
1.11,284,285
1.11,291,289
1.11,275,275
1.11,281,279
1.11,268,267
1.17,271,272
1.17,262,261
1.17,264,265
1.17,257,256
1.17,256,255
1.17,253,251
1.17,248,248
1.23,248,246
1.23,240,240
1.23,243,240
1.23,233,234
1.23,241,238
1.23,229,227
1.24,233,233
1.29,224,222
1.29,229,230
1.29,222,219
1.29,224,222
1.29,219,217
1.3,219,219
1.3,215,213
1.36,212,214
1.36,218,214
1.36,213,211
1.36,214,214
1.36,209,210
1.36,219,215
1.37,208,208
1.43,219,217
1.43,207,208
1.43,219,219
1.43,214,212
1.43,222,223
1.43,219,217
1.44,221,224
1.49,222,218
1.49,221,223
1.49,224,222
1.5,221,222
1.5,226,224
1.5,220,220
1.5,227,225
1.56,218,218
1.56,229,227
1.56,220,220
1.56,232,233
1.56,228,227
1.56,239,239
1.57,235,234
1.62,245,246
1.62,245,243
1.62,251,252
1.62,253,253
1.62,254,254
1.62,259,257
1.63,258,257
1.7,263,263
1.7,258,259
1.7,267,266
1.7,261,260
1.7,265,265
1.7,256,257
1.7,265,265
1.76,256,257
1.76,261,262
1.76,258,255
1.76,258,259
1.76,256,253
1.76,252,254
1.76,253,251
1.82,250,250
1.82,254,250
1.82,246,245
1.82,250,250
1.82,241,240
1.82,248,246
1.83,238,237
1.88,240,242
1.88,232,231
1.88,237,236
1.88,226,224
1.88,228,229
1.89,222,220
1.89,220,221
1.95,216,215
1.95,211,212
1.95,212,208
1.95,202,201
1.95,203,200
1.95,190,190
1.96,196,192
2.02,178,179
2.02,184,182
2.02,166,166
2.02,170,168
2.02,158,155
2.02,155,156
2.03,146,144
2.09,145,144
2.09,140,135
2.09,132,133
2.09,131,128
2.09,123,125
2.09,123,121
2.09,111,112
2.15,116,115
2.15,105,105
2.15,111,109
2.15,98,98
2.15,103,103
2.15,96,93
2.15,92,92
2.16,96,93
2.17,83,82
2.23,86,87
2.23,87,85
2.23,78,76
2.23,83,83
2.23,80,77
2.23,74,73
2.23,78,77
2.23,70,70
2.23,68,69
2.29,74,70
2.29,60,61
2.29,64,67
2.29,68,64
2.29,58,58
2.29,66,65
2.29,62,58
2.29,55,53
2.3,62,59
2.35,52,50
2.35,54,54
2.35,56,54
2.35,44,45
2.35,52,52
2.35,51,50
2.35,41,42
2.36,50,50
2.36,46,44
2.41,43,42
2.41,49,47
2.41,44,40
2.41,39,42
2.41,48,43
2.42,37,37
2.42,43,42
2.42,41,40
2.43,34,33
2.48,37,38
2.48,33,31
2.48,30,29
2.48,36,33
2.48,26,24
2.48,27,26
2.48,29,27
2.49,17,18
2.49,22,22
2.55,21,17
2.55,11,10
2.55,19,19
2.55,14,10
2.55,7,7
2.55,11,13
2.55,6,4
2.55,3,7
2.55,9,8
2.56,0,0
2.56,2,4
2.57,8,4
2.62,0,0
2.62,1,2
2.62,3,1
2.62,0,0
2.62,4,2
2.62,0,0
2.62,0,0
2.62,1,0
2.62,0,0
2.62,0,0
2.62,0,0
2.63,1,0
2.68,0,0
2.68,0,0
2.68,0,0
2.68,0,0
2.68,2,0
2.68,0,0
2.68,3,3
2.68,3,2
2.68,0,0
2.68,8,8
2.69,5,3
2.74,2,2
2.74,11,10
2.74,4,4
2.74,5,6
2.74,10,11
2.74,5,5
2.74,10,11
2.74,12,12
2.8,8,7
2.8,16,16
2.8,16,15
2.8,13,12
2.8,22,21
2.8,18,17
2.8,19,18
2.8,27,27
2.8,22,19
2.87,23,25
2.87,30,30
2.87,24,22
2.87,29,30
2.87,33,32
2.87,28,28
2.87,33,37
2.87,33,34
2.87,32,32
2.93,40,41
2.93,38,36
2.93,38,37
2.93,44,45
2.93,39,40
2.93,45,47
2.93,52,50
2.93,47,46
2.94,53,54
2.99,57,56
2.99,53,53
2.99,60,59
2.99,56,56
2.99,52,54
2.99,62,61
2.99,54,53
3.0,55,56
3.0,62,61
3.05,53,51
3.05,53,55
3.05,58,55
3.05,50,47
3.05,52,54
3.05,49,46
3.05,41,42
3.06,47,48
3.07,42,38
3.12,36,36
3.12,41,40
3.12,31,31
3.12,36,34
3.12,37,35
3.12,26,23
3.12,29,29
3.13,28,29
3.13,21,20
3.19,26,26
3.19,22,21
3.19,17,15
3.19,20,21
3.19,13,13
3.19,13,13
3.19,15,16
3.19,5,3
3.19,9,9
3.26,10,9
3.26,2,0
3.26,5,7
3.26,5,4
3.26,0,0
3.26,4,4
3.26,0,0
3.26,0,0
3.26,0,0
3.32,0,0
3.32,0,0
3.32,0,0
3.32,0,0
3.32,0,0
3.32,0,0
3.32,0,0
3.32,0,0
3.32,0,0
3.38,0,0
3.38,0,0
3.38,0,0
3.38,0,0
3.38,0,0
3.38,0,0
3.38,0,0
3.38,0,0
3.38,0,0
3.44,0,0
3.44,0,0
3.44,0,0
3.44,0,0
3.44,0,0
3.44,0,0
3.44,0,0
3.44,0,0
3.45,0,0
3.45,0,0
3.51,0,0
3.51,0,1
3.51,10,8
3.51,3,1
3.51,4,4
3.51,10,10
3.51,6,4
3.51,9,9
3.57,12,11
3.57,5,5
3.57,13,13
3.57,14,13
3.57,9,7
3.57,16,15
3.57,8,9
3.57,8,8
3.63,16,15
3.63,9,6
3.63,7,8
3.63,14,12
3.63,6,5
3.63,10,10
3.63,12,12
3.63,6,4
3.63,10,9
3.64,8,9
3.69,5,3
3.69,12,12
3.69,10,7
3.69,5,6
3.69,15,14
3.69,10,8
3.7,9,9
3.7,16,16
3.71,13,11
3.71,18,18
3.76,26,22
3.76,19,17
3.76,27,28
3.76,32,31
3.76,28,30
3.76,40,40
3.76,40,39
3.77,41,42
3.77,54,53
3.84,48,49
3.84,53,56
3.84,66,65
3.84,61,62
3.84,72,73
3.84,78,78
3.84,76,76
3.84,88,89
3.84,90,90
3.9,89,90
3.9,105,104
3.9,106,104
3.9,108,109
3.9,121,121
3.9,118,117
3.91,125,126
3.91,136,134
3.98,130,131
3.98,142,145
3.98,153,149
3.98,148,147
3.98,162,162
3.98,165,164
3.98,166,165
4.04,177,178
4.04,175,175
4.04,181,182
4.04,190,192
4.04,191,189
4.04,199,199
4.05,206,203
4.1,201,201
4.1,213,214
4.1,216,215
4.1,217,219
4.1,229,230
4.1,228,229
4.11,233,235
4.16,243,241
4.16,242,242
4.16,255,255
4.16,252,251
4.16,266,266
4.17,264,263
4.18,270,274
4.23,271,272
4.23,283,283
4.23,280,281
4.23,291,291
4.23,293,291
4.23,296,298
4.24,303,302
4.3,302,303
4.3,312,311
4.3,309,309
4.3,319,319
4.3,315,314
4.3,325,325
4.31,322,320
4.36,330,331
4.36,327,325
4.36,335,336
4.36,333,334
4.36,337,339
4.36,342,340
4.37,339,340
4.43,347,346
4.43,344,344
4.43,356,353
4.43,346,347
4.43,360,359
4.43,352,350
4.44,363,362
4.49,353,352
4.49,361,363
4.49,357,354
4.49,360,362
4.49,359,356
4.5,360,362
4.5,363,360
4.57,359,361
4.57,369,366
4.57,361,361
4.57,370,367
4.57,360,359
4.57,371,370
4.57,359,360
4.63,371,371
4.63,360,359
4.63,369,370
4.63,362,360
4.63,369,369
4.63,363,361
4.63,365,367
4.7,364,363
4.7,364,365
4.7,368,366
4.7,360,363
4.7,370,367
4.7,359,360
4.7,372,369
4.76,358,359
4.76,369,368
4.76,358,357
4.76,366,368
4.76,359,356
4.76,364,365
4.77,359,357
4.82,364,365
4.82,362,358
4.82,359,360
4.82,360,357
4.82,356,357
4.82,361,359
4.83,352,353
4.88,364,361
4.88,350,350
4.88,362,361
4.88,348,348
4.88,359,359
4.89,347,345
4.9,354,355
4.96,346,344
4.96,351,351
4.96,348,343
4.96,345,347
4.96,345,343
4.96,341,342
4.96,348,344
5.02,334,336
5.02,344,343
5.02,330,331
5.02,345,343
5.02,329,328
5.02,340,342
5.03,328,326
5.09,340,339
5.09,328,326
5.09,333,335
5.09,330,327
5.09,328,331
5.09,328,327
5.09,323,325
5.15,331,327
5.15,322,322
5.15,331,327
5.15,313,316
5.15,326,326
5.15,314,313
5.16,327,327
5.21,314,313
5.21,325,326
5.21,314,312
5.21,322,322
5.21,317,313
5.22,318,320
5.22,317,312
5.29,315,315
5.29,317,315
5.29,310,311
5.29,318,317
5.29,307,308
5.29,320,316
5.29,305,305
5.35,319,317
5.35,303,301
5.35,317,316
5.35,304,302
5.35,311,313
5.35,304,301
5.36,308,309
5.41,304,304
5.41,304,308
5.41,305,303
5.41,301,302
5.41,308,305
5.41,297,297
5.42,306,305
5.48,292,292
5.48,304,304
5.48,292,290
5.48,303,303
5.48,290,287
5.48,299,300
5.49,286,286
5.54,297,298
5.54,290,287
5.54,291,294
5.54,294,290
5.54,290,291
5.54,293,290
5.55,284,286
5.61,295,293
5.61,282,282
5.61,295,292
5.61,278,280
5.62,295,294
5.62,279,279
5.62,294,295
5.68,283,281
5.68,292,291
5.68,282,279
5.68,284,288
5.68,285,281
5.68,284,285
5.68,287,285
5.74,282,283
5.74,288,287
5.74,280,280
5.74,289,288
5.74,277,278
5.74,288,289
5.75,277,277
5.8,290,288
5.8,279,278
5.8,289,289
5.8,277,277
5.8,288,286
5.81,281,280
5.81,283,285
5.86,283,281
5.86,282,282
5.87,283,280
5.87,283,283
5.87,284,281
5.87,281,282
5.88,284,281
5.94,279,280
5.94,288,285
5.94,277,279
5.94,290,286
5.94,278,278
5.94,289,289
5.95,279,278
6.01,288,288
6.01,279,277
6.01,288,290
6.01,282,280
6.01,286,287
6.01,283,280
6.01,284,286
6.07,284,281
6.07,283,284
6.07,287,283
6.07,281,282
6.07,288,287
6.07,279,280
6.08,291,289
6.13,280,280
6.13,294,290
6.13,273,273
6.13,295,294
6.13,275,273
6.13,291,294
6.14,281,277
6.19,290,292
6.19,282,279
6.19,288,288
6.19,287,285
6.19,284,287
6.2,291,288
6.21,281,285
6.27,298,293
6.27,281,282
6.27,302,299
6.27,281,281
6.27,303,302
6.27,283,282
6.27,301,302
6.33,286,283
6.33,302,303
6.33,289,286
6.33,299,300
6.33,294,291
6.33,295,298
6.34,304,299
6.4,295,297
6.4,306,304
6.4,298,298
6.4,314,311
6.4,297,299
6.4,318,316
6.4,298,300
6.46,322,322
6.46,306,304
6.46,324,324
6.46,314,310
6.46,326,327
6.46,318,316
6.47,324,327
6.52,327,323
6.52,326,327
6.52,334,329
6.52,325,325
6.52,340,336
6.53,327,329
6.54,347,346
6.59,330,330
6.59,349,350
6.59,334,334
6.59,351,352
6.59,340,339
6.59,355,355
6.6,348,344
6.66,356,357
6.67,356,351
6.67,354,356
6.67,358,356
6.67,354,355
6.67,362,361
6.67,351,352
6.73,365,365
6.73,352,353
6.73,370,369
6.73,353,352
6.73,368,366
6.73,352,350
6.73,362,364
6.79,353,352
6.79,361,361
6.79,355,355
6.79,356,358
6.79,357,356
6.79,354,356
6.8,360,358
6.85,352,354
6.85,363,361
6.85,352,352
6.85,361,361
6.85,353,352
6.85,363,362
6.86,352,351
6.91,362,361
6.91,354,352
6.91,359,360
6.91,354,352
6.91,357,358
6.92,355,353
6.93,356,357
6.99,361,358
6.99,355,355
6.99,362,360
6.99,355,354
6.99,363,361
6.99,352,353
6.99,366,365
7.05,355,354
7.05,365,366
7.05,358,358
7.05,368,367
7.05,364,361
7.05,366,367
7.06,364,364
7.12,366,366
7.12,368,366
7.12,363,364
7.12,371,370
7.12,364,365
7.12,373,374
7.13,365,365
7.18,378,376
7.18,371,370
7.18,378,377
7.18,371,370
7.18,378,378
7.18,374,373
7.19,379,380
7.24,377,377
7.24,379,380
7.24,381,379
7.24,378,378
7.24,381,382
7.25,377,377
7.26,385,384
7.32,377,379
7.32,388,385
7.32,379,379
7.32,389,390
7.32,380,381
7.32,388,390
7.32,386,383
7.38,392,391
7.38,389,387
7.38,390,390
7.38,389,390
7.38,393,393
7.38,398,395
7.39,393,393
7.44,400,398
7.44,393,392
7.44,401,400
7.44,391,390
7.44,400,401
7.44,393,394
7.45,405,404
7.51,399,397
7.51,406,408
7.51,403,403
7.51,407,407
7.51,406,404
7.51,404,405
7.52,405,403
7.58,398,397
7.58,399,397
7.58,385,385
7.58,384,382
7.58,370,370
7.58,374,370
7.58,359,357
7.64,360,359
7.64,348,347
7.64,351,350
7.64,340,339
7.64,339,340
7.64,335,332
7.65,330,332
7.71,329,326
7.71,324,324
7.71,323,323
7.71,318,319
7.71,320,320
7.71,314,314
7.71,321,319
7.77,308,309
7.77,317,317
7.77,310,308
7.77,314,314
7.77,310,307
7.77,314,313
7.78,309,307
7.83,309,312
7.83,308,308
7.83,307,308
7.83,308,307
7.83,305,304
7.84,311,308
7.85,303,303
7.91,310,309
7.91,301,302
7.91,312,311
7.91,302,304
7.91,312,311
7.91,304,304
7.91,308,310
7.97,307,305
7.97,309,311
7.97,307,307
7.97,308,310
7.97,309,309
7.97,309,309
7.98,316,313
8.03,309,309
8.03,317,314
8.03,309,311
8.03,319,318
8.03,310,310
8.03,319,318
8.04,313,312
8.1,321,321
8.1,316,314
8.1,322,322
8.1,320,318
8.1,320,321
8.1,321,320
8.11,321,321
8.16,325,324
8.16,321,321
8.16,327,326
8.16,321,322
8.16,331,330
8.17,322,323
8.17,334,332
8.24,325,325
8.24,333,332
8.24,326,324
8.24,334,334
8.24,330,328
8.24,333,335
8.24,336,333
8.3,334,335
8.3,335,335
8.3,333,334
8.3,337,338
8.3,335,334
8.3,341,340
8.3,336,334
8.36,340,341
8.36,334,335
8.36,343,342
8.36,336,335
8.36,345,345
8.36,338,336
8.37,342,343
8.43,340,337
8.43,343,342
8.43,340,340
8.43,342,342
8.43,346,342
8.43,341,340
8.44,345,345
8.49,340,341
8.49,350,349
8.49,344,343
8.49,353,352
8.49,347,345
8.49,353,352
8.5,346,345
8.55,350,351
8.55,348,344
8.55,347,350
8.55,348,347
8.55,349,350
8.56,353,350
8.57,347,349
8.63,354,353
8.63,346,349
8.63,355,352
8.63,346,345
8.63,353,353
8.63,346,345
8.63,354,353
8.69,347,346
8.69,353,353
8.69,346,347
8.69,351,352
8.69,348,348
8.69,350,351
8.7,350,348
8.75,349,348
8.75,350,350
8.75,348,348
8.75,355,353
8.75,345,348
8.76,355,353
8.76,348,347
8.82,358,356
8.82,347,347
8.82,356,356
8.82,348,348
8.82,354,355
8.82,352,352
8.83,355,357
8.88,353,353
8.88,354,358
8.88,361,358
8.88,354,356
8.88,362,360
8.89,355,356
8.89,361,363
8.96,359,358
8.96,366,365
8.96,360,359
8.96,367,367
8.96,360,360
8.96,369,369
8.96,363,363
9.02,367,369
9.02,367,366
9.02,369,369
9.02,372,370
9.02,368,368
9.02,372,371
9.03,369,370
9.08,375,374
9.08,369,369
9.08,378,376
9.08,372,370
9.08,377,378
9.08,371,370
9.09,378,379
9.14,372,370
9.14,377,379
9.14,376,374
9.14,378,378
9.14,378,377
9.15,376,378
9.16,380,379
9.21,376,377
9.21,381,380
9.21,375,375
9.21,385,384
9.21,377,376
9.21,386,384
9.22,376,377
9.28,384,384
9.28,378,377
9.28,383,384
9.28,380,377
9.28,383,383
9.28,380,380
9.29,382,383
9.35,384,384
9.35,380,382
9.35,383,384
9.35,380,381
9.35,386,385
9.35,380,379
9.35,388,386
9.41,379,380
9.41,387,387
9.41,379,379
9.41,388,387
9.41,380,378
9.41,385,386
9.42,382,381
9.47,382,383
9.47,382,382
9.47,382,384
9.47,386,384
9.47,381,383
9.48,386,387
9.48,379,381
9.55,390,387
9.55,379,378
9.55,386,385
9.55,378,377
9.55,384,386
9.55,379,376
9.55,382,383
9.61,378,378
9.61,380,380
9.61,381,379
9.61,380,380
9.61,381,379
9.61,377,377
9.62,382,380
9.67,377,378
9.67,384,383
9.67,375,376
9.67,383,382
9.67,373,376
9.67,384,382
9.68,375,374
9.74,381,380
9.74,373,371
9.74,377,377
9.74,373,370
9.74,372,373
9.74,372,370
9.75,365,367
9.8,369,368
9.8,362,363
9.8,368,365
9.8,359,360
9.8,365,363
9.8,355,355
9.81,362,361
9.88,355,352
9.88,356,357
9.88,348,350
9.88,357,356
9.88,349,348
9.88,351,352
9.88,350,349
9.94,350,349
9.94,352,348
9.94,342,344
9.94,349,346
9.94,339,338
9.94,338,338
9.94,322,322
10.0,313,311
10.0,275,272
10.0,260,258
10.0,242,239
10.0,242,241
10.0,236,235
10.01,241,241
10.06,243,240
10.06,245,244
10.06,248,244
10.06,246,247
10.06,252,250
10.07,250,249
10.07,257,255
10.13,254,253
10.13,263,261
10.13,255,257
10.13,268,268
10.13,262,260
10.13,269,270
10.14,266,266
10.2,272,275
10.2,273,272
10.2,276,277
10.2,280,279
10.2,284,283
10.2,290,286
10.21,286,288
10.27,294,296
10.27,293,295
10.27,304,304
10.27,301,301
10.27,313,312
10.27,305,308
10.27,316,318
10.33,313,312
10.33,324,324
10.33,318,320
10.33,327,327
10.33,324,324
10.33,327,329
10.34,333,331
10.39,332,334
10.39,339,337
10.39,332,334
10.39,343,341
10.39,337,339
10.39,349,346
10.4,342,341
10.45,353,352
10.45,345,346
10.45,355,355
10.45,350,350
10.45,359,359
10.46,356,354
10.47,360,359
10.53,359,357
10.53,359,359
10.53,361,360
10.53,357,359
10.53,363,362
10.53,360,361
10.53,370,368
10.59,363,362
10.59,371,370
10.59,361,361
10.59,368,371
10.59,366,363
10.59,369,369
10.6,364,363
10.65,367,368
10.65,364,362
10.65,365,365
10.65,365,363
10.65,361,362
10.66,366,364
10.66,360,360
10.72,368,365
10.72,359,358
10.72,364,365
10.72,356,356
10.72,362,361
10.72,354,351
10.73,357,356
10.79,346,346
10.79,353,351
10.79,344,342
10.79,345,345
10.79,338,339
10.79,338,338
10.79,337,336
10.86,334,332
10.86,336,333
10.86,328,327
10.86,332,332
10.86,325,323
10.86,328,329
10.86,319,318
10.92,325,324
10.92,313,314
10.92,318,319
10.92,312,310
10.92,317,316
10.92,311,310
10.93,310,309
10.98,308,307
10.98,306,305
10.98,308,305
10.98,300,301
10.98,305,303
10.98,297,296
10.99,304,302
11.04,292,293
11.04,304,303
11.04,293,291
11.04,300,299
11.04,291,291
11.05,298,299
11.06,295,293
11.12,297,297
11.12,296,294
11.12,295,297
11.12,299,297
11.12,297,297
11.12,304,303
11.12,299,298
11.18,304,306
11.18,303,303
11.18,312,314
11.18,307,307
11.18,317,318
11.18,312,311
11.19,319,320
11.24,318,316
11.24,322,325
11.25,325,323
11.25,327,328
11.25,331,329
11.25,331,332
11.25,333,333
11.31,331,331
11.31,340,339
11.31,337,336
11.31,346,344
11.31,337,338
11.31,346,346
11.32,340,339
11.37,347,348
11.37,342,341
11.37,347,348
11.37,343,343
11.37,347,347
11.38,348,346
11.38,346,347
11.45,348,348
11.45,344,346
11.45,350,348
11.45,340,342
11.45,350,348
11.45,342,342
11.45,350,349
11.51,342,340
11.51,344,346
11.51,339,337
11.51,342,344
11.51,335,336
11.51,340,340
11.52,339,336
11.57,338,338
11.57,337,335
11.57,337,335
11.57,337,336
11.57,331,333
11.57,337,337
11.58,327,330
11.64,339,338
11.64,330,330
11.64,338,336
11.64,331,329
11.64,338,336
11.64,329,328
11.65,334,333
11.7,330,327
11.7,329,330
11.7,329,327
11.7,328,328
11.7,329,328
11.7,326,327
11.71,331,328
11.78,322,323
11.78,328,328
11.78,322,321
11.78,329,329
11.78,320,319
11.78,327,327
11.78,320,320
11.84,327,326
11.84,321,320
11.84,326,325
11.84,321,318
11.84,321,321
11.84,324,321
11.84,320,321
11.9,324,321
11.9,318,318
11.9,323,322
11.9,314,315
11.9,323,323
11.9,315,316
11.91,326,325
11.96,315,315
11.96,324,323
11.96,317,315
11.96,321,321
11.96,317,317
11.97,317,319
11.97,320,316
12.04,317,318
12.04,321,319
12.04,316,317
12.04,319,318
12.04,313,315
12.04,322,322
12.04,316,314
12.1,322,321
12.1,311,312
12.1,320,319
12.1,315,312
12.1,320,321
12.1,314,313
12.11,319,319
12.16,316,314
12.16,317,318
12.16,318,316
12.16,315,315
12.16,320,317
12.16,314,314
12.17,319,318
12.23,311,310
12.23,320,319
12.23,310,310
12.23,320,319
12.23,311,310
12.23,317,317
12.24,312,310
12.29,316,316
12.29,309,310
12.29,313,315
12.29,314,312
12.29,314,312
12.29,315,313
12.3,311,312
12.37,318,314
12.37,309,311
12.37,319,317
12.37,310,311
12.37,317,317
12.37,311,309
12.37,317,318
12.43,310,308
12.43,314,317
12.43,313,310
12.43,315,316
12.43,315,313
12.43,315,314
12.43,317,313
12.49,312,313
12.49,318,316
12.49,312,313
12.49,318,317
12.49,312,311
12.49,320,318
12.5,309,309
12.56,318,317
12.56,311,311
12.56,317,318
12.56,311,311
12.56,316,317
12.56,315,314
12.56,315,318
12.62,318,315
12.62,316,315
12.62,321,318
12.62,313,313
12.62,317,319
12.62,314,313
12.63,320,320
12.68,314,314
12.68,324,321
12.68,313,313
12.68,323,324
12.68,317,316
12.69,323,325
12.7,321,319
12.76,325,324
12.76,323,320
12.76,323,324
12.76,325,323
12.76,322,322
12.76,328,327
12.76,325,325
12.82,331,331
12.82,330,329
12.82,340,339
12.82,332,332
12.82,341,339
12.82,334,332
12.83,340,341
12.88,333,333
12.88,338,338
12.88,332,333
12.88,335,334
12.88,334,332
12.88,331,331
12.89,331,331
12.95,326,325
12.95,331,330
12.95,323,323
12.95,332,329
12.95,319,321
12.95,330,329
12.96,319,319
13.01,325,327
13.01,321,319
13.01,325,326
13.01,321,319
13.01,324,324
13.01,320,319
13.02,319,320
13.09,323,319
13.09,315,315
13.09,319,319
13.09,312,313
13.09,318,316
13.09,311,311
13.09,318,317
13.15,309,309
13.15,316,316
13.15,308,307
13.15,314,313
13.15,309,307
13.15,312,312
13.15,310,308
13.21,311,310
13.21,310,308
13.21,308,308
13.21,310,309
13.21,305,305
13.21,310,308
13.22,299,301
13.27,307,306
13.27,298,298
13.27,308,307
13.27,300,299
13.27,307,306
13.28,300,298
13.29,303,305
13.34,303,301
13.34,301,303
13.34,304,301
13.34,301,301
13.34,304,302
13.34,300,301
13.35,306,303
13.41,297,298
13.41,305,304
13.41,296,297
13.41,305,305
13.41,298,297
13.41,304,303
13.42,297,297
13.47,305,304
13.47,298,299
13.47,310,311
13.47,308,307
13.47,305,307
13.48,309,307
13.48,305,304
13.54,307,306
13.54,300,302
13.54,308,306
13.54,301,300
13.54,309,307
13.54,300,300
13.55,308,307
13.6,302,301
13.6,308,308
13.6,300,300
13.6,304,307
13.6,304,303
13.6,307,305
13.61,305,303
13.68,303,304
13.68,306,304
13.68,301,301
13.68,307,306
13.68,301,301
13.68,309,307
13.68,304,303
13.74,309,309
13.74,302,302
13.74,314,312
13.74,302,304
13.74,310,311
13.74,308,305
13.74,308,309
13.8,308,307
13.8,308,308
13.8,310,310
13.8,310,309
13.8,314,314
13.8,308,310
13.81,317,316
13.86,309,309
13.86,318,317
13.86,309,309
13.86,319,319
13.86,311,309
13.87,316,316
13.88,310,309
13.93,317,316
13.93,314,311
13.93,314,316
13.93,318,315
13.93,313,313
13.93,314,315
13.94,314,313
14.0,318,315
14.0,312,311
14.0,318,318
14.0,311,311
14.0,318,318
14.0,312,310
14.01,317,318
14.07,315,313
14.07,319,319
14.07,313,314
14.07,319,319
14.07,319,316
14.07,317,318
14.07,320,319
14.13,316,315
14.13,321,320
14.13,316,317
14.13,326,323
14.13,317,317
14.13,327,325
14.14,320,318
14.19,327,326
14.19,320,319
14.19,327,327
14.19,321,321
14.19,327,327
14.19,328,325
14.2,328,328
14.25,327,327
14.25,325,327
14.25,331,329
14.25,327,327
14.25,335,333
14.26,327,327
14.27,335,334
14.33,326,327
14.33,333,335
14.33,328,328
14.33,336,338
14.33,332,330
14.33,337,338
14.33,334,334
14.4,338,338
14.4,339,337
14.4,338,339
14.4,341,341
14.4,339,338
14.4,344,343
14.4,339,340
14.46,345,346
14.46,342,340
14.46,350,351
14.46,343,342
14.46,351,353
14.46,346,345
14.46,353,353
14.52,350,349
14.52,355,355
14.52,353,351
14.52,352,353
14.52,355,352
14.52,352,352
14.53,356,353
14.58,349,350
14.58,353,355
14.58,349,348
14.58,355,354
14.58,347,346
14.59,356,354
14.6,347,345
14.65,353,355
14.65,351,348
14.65,351,352
14.65,350,349
14.65,352,351
14.65,351,350
14.66,349,349
14.72,351,350
14.72,349,348
14.72,352,352
14.72,347,347
14.72,357,355
14.72,348,347
14.73,355,354
14.79,346,345
14.79,354,352
14.79,345,343
14.79,348,350
14.79,346,344
14.79,347,347
14.79,348,344
14.85,345,345
14.85,348,345
14.85,341,344
14.85,349,348
14.85,344,345
14.85,353,351
14.86,345,346
14.91,354,352
14.91,348,346
14.91,358,357
14.91,351,350
14.91,357,357
14.92,353,351
14.92,355,356
14.97,354,352
14.97,351,353
14.97,355,352
14.97,351,353
14.97,355,353
14.98,351,351
14.99,356,356
15.05,351,350
15.05,358,357
15.05,350,349
15.05,359,357
15.05,350,349
15.05,359,359
15.05,352,351
15.11,362,361
15.11,356,356
15.11,361,362
15.11,365,362
15.11,367,367
15.11,373,370
15.12,370,370
15.18,376,377
15.18,375,375
15.18,385,384
15.18,379,378
15.18,388,387
15.18,380,381
15.19,391,390
15.24,383,382
15.24,389,389
15.24,385,384
15.24,388,389
15.24,386,384
15.24,386,385
15.25,385,383
15.31,380,380
15.31,383,380
15.31,374,374
15.31,376,375
15.31,367,367
15.31,372,371
15.32,361,359
15.37,364,361
15.37,348,347
15.37,351,350
15.37,338,337
15.37,339,339
15.37,331,328
15.38,326,326
15.45,319,318
15.45,315,314
15.45,311,309
15.45,300,301
15.45,302,299
15.45,289,288
15.45,289,288
15.51,275,275
15.51,277,276
15.51,262,260
15.51,260,261
15.51,247,246
15.51,246,245
15.51,235,234
15.57,232,231
15.57,221,220
15.57,215,214
15.57,210,206
15.57,194,197
15.57,195,193
15.58,182,181
15.63,182,178
15.63,166,163
15.63,166,163
15.63,149,149
15.63,148,148
15.64,133,133
15.64,134,133
15.7,120,119
15.7,121,119
15.7,108,107
15.7,103,103
15.7,96,95
15.7,86,88
15.71,87,88
15.71,81,77
15.72,75,75
15.73,73,73
15.79,60,61
15.79,62,63
15.79,60,59
15.79,49,49
15.79,54,53
15.79,47,45
15.79,38,42
15.79,47,45
15.79,35,33
15.85,31,30
15.85,35,33
15.85,24,23
15.85,25,25
15.85,26,22
15.85,16,15
15.85,20,20
15.85,13,12
15.86,5,6
15.86,11,9
15.91,1,1
15.91,0,0
15.91,2,2
15.91,0,0
15.91,0,0
15.91,0,0
15.91,0,0
15.91,0,0
15.91,0,0
15.91,0,0
15.92,0,0
15.98,0,0
15.98,0,0
15.98,0,0
15.98,0,0
15.98,0,0
15.98,0,0
15.98,0,0
15.98,0,0
15.98,0,0
15.98,0,0
15.98,0,0
15.98,0,0
15.99,0,0
15.99,0,0
16.0,0,0
16.05,0,0
16.05,0,0
16.05,0,0
16.05,0,0
16.05,0,0
16.05,0,0
16.05,0,0
16.05,0,0
16.05,0,0
16.06,0,0
16.12,0,0
16.12,0,0
16.12,0,0
16.12,0,0
16.12,0,0
16.12,0,0
16.12,0,0
16.12,0,0
16.18,0,0
16.18,0,0
16.18,0,0
16.18,0,0
16.18,0,0
16.18,0,0
16.18,0,0
16.18,0,0
16.18,0,0
16.24,0,0
16.24,0,0
16.24,0,0
16.24,0,0
16.24,0,0
16.24,0,0
16.24,0,0
16.24,0,0
16.24,0,0
16.3,0,0
16.3,0,0
16.3,0,0
16.3,0,0
16.3,0,0
16.3,0,0
16.3,0,0
16.3,0,0
16.31,0,0
16.31,0,0
16.37,0,0
16.37,0,0
16.37,0,0
16.37,0,0
16.37,0,0
16.37,0,0
16.37,0,0
16.37,0,0
16.43,0,0
16.43,0,0
16.43,0,0
16.43,0,0
16.43,0,0
16.43,0,0
16.43,0,0
16.43,0,0
16.49,0,0
16.49,0,0
16.49,0,0
16.49,0,0
16.49,0,0
16.49,0,0
16.49,0,0
16.49,0,0
16.49,0,0
16.5,0,0
16.55,1,0
16.55,0,0
16.55,0,0
16.55,0,0
16.55,0,0
16.55,0,0
16.55,0,0
16.55,0,0
16.62,0,0
16.62,0,0
16.62,0,0
16.62,0,0
16.62,0,0
16.62,0,0
16.62,0,0
16.62,0,0
16.62,0,0
16.62,0,0
16.68,0,3
16.68,31,35
16.68,40,38
16.68,36,37
16.68,54,56
16.68,59,60
16.68,64,66
16.74,82,81
16.74,82,81
16.74,90,91
16.74,101,104
16.74,105,104
16.74,112,115
16.74,124,124
16.75,125,126
16.75,137,139
16.8,144,142
16.8,145,148
16.81,162,161
16.81,164,163
16.81,172,173
16.81,184,183
16.82,183,183
16.88,193,196
16.88,202,203
16.88,203,204
16.88,215,217
16.88,219,219
16.88,224,223
16.89,236,236
16.94,234,234
16.94,239,242
16.95,251,250
16.95,248,250
16.95,261,262
16.95,264,265
16.95,265,266
17.01,276,279
17.01,279,278
17.01,282,282
17.01,294,292
17.01,293,294
17.01,306,305
17.02,302,303
17.07,318,318
17.07,313,314
17.07,325,326
17.07,322,323
17.07,336,336
17.07,336,334
17.08,342,343
17.15,343,343
17.15,348,348
17.15,351,350
17.15,354,354
17.15,359,358
17.15,360,360
17.15,368,366
17.21,362,362
17.21,372,372
17.21,366,367
17.21,380,378
17.21,373,373
17.21,382,382
17.21,379,378
17.27,386,385
17.27,385,383
17.27,389,389
17.27,388,387
17.27,391,391
17.27,394,393
17.28,389,392
17.33,395,395
17.33,390,392
17.33,400,398
17.33,393,392
17.33,403,402
17.34,393,393
17.34,400,401
17.4,393,394
17.4,400,403
17.4,394,394
17.4,402,402
17.4,401,398
17.4,400,400
17.41,401,399
17.47,397,396
17.47,401,399
17.47,395,395
17.47,400,399
17.47,392,394
17.47,402,400
17.48,393,393
17.54,402,401
17.54,394,392
17.54,399,399
17.54,393,393
17.54,398,397
17.54,392,391
17.54,396,395
17.6,393,390
17.6,388,390
17.6,391,391
17.6,388,387
17.6,391,390
17.6,386,385
17.61,391,390
17.66,383,383
17.66,391,389
17.66,383,382
17.66,390,388
17.66,382,380
17.66,385,386
17.67,381,380
17.72,381,382
17.72,380,377
17.72,378,379
17.72,379,376
17.72,372,373
17.73,378,376
17.74,370,371
17.8,376,374
17.8,367,368
17.8,375,374
17.8,363,362
17.8,373,370
17.8,362,360
17.8,365,366
17.86,359,358
17.86,360,361
17.86,358,356
17.86,359,357
17.86,355,354
17.86,352,353
17.87,356,353
17.93,347,348
17.93,354,352
17.93,344,344
17.93,349,348
17.93,341,341
17.93,345,346
17.93,337,336
17.99,343,344
17.99,336,334
17.99,340,339
17.99,335,332
17.99,339,338
17.99,333,333
18.0,331,334
18.05,332,333
18.05,332,333
18.05,336,334
18.05,330,331
18.05,335,333
18.06,328,328
18.06,333,331
18.13,324,322
18.13,329,328
18.13,319,318
18.13,325,325
18.13,315,314
18.13,319,319
18.13,310,311
18.19,312,314
18.19,314,312
18.19,310,310
18.19,311,310
18.19,305,306
18.19,311,309
18.2,304,304
18.25,310,308
18.25,303,302
18.25,311,309
18.25,300,300
18.25,309,307
18.25,301,299
18.26,304,303
18.32,299,297
18.32,301,302
18.32,299,299
18.32,301,301
18.32,302,300
18.32,298,299
18.33,299,301
18.38,294,294
18.38,300,299
18.38,292,293
18.38,299,301
18.38,290,291
18.38,300,300
18.39,292,291
18.46,299,298
18.46,294,292
18.46,299,298
18.46,296,292
18.46,293,295
18.46,297,295
18.46,295,295
18.52,300,297
18.52,291,293
18.52,299,297
18.52,292,292
18.52,299,298
18.52,291,290
18.52,303,300
18.58,290,291
18.58,299,298
18.58,295,293
18.58,297,299
18.58,293,293
18.58,299,298
18.59,297,296
18.64,294,297
18.64,300,297
18.64,294,294
18.64,298,298
18.64,293,294
18.65,302,300
18.65,294,293
18.71,302,301
18.71,296,294
18.71,301,301
18.71,296,293
18.71,301,301
18.71,297,296
18.72,299,301
18.78,296,296
18.78,299,300
18.78,298,297
18.78,297,297
18.78,301,299
18.78,296,295
18.79,299,298
18.85,293,294
18.85,302,301
18.85,293,293
18.85,303,301
18.85,292,292
18.85,298,301
18.85,298,295
18.91,300,299
18.91,296,294
18.91,298,299
18.91,299,297
18.91,297,297
18.91,299,297
18.92,296,296
18.97,300,299
18.97,294,294
18.97,302,300
18.97,295,295
18.97,304,303
18.97,292,293
18.98,304,303
19.03,298,295
19.03,301,302
19.03,298,296
19.03,300,300
19.03,297,296
19.04,300,298
19.05,299,297
19.11,294,297
19.11,301,299
19.11,293,294
19.11,299,298
19.11,292,292
19.11,300,299
19.11,292,291
19.18,300,300
19.18,291,290
19.18,298,297
19.18,288,290
19.18,298,298
19.18,294,293
19.18,294,295
19.24,295,295
19.24,294,294
19.24,297,296
19.24,294,293
19.24,300,298
19.24,292,292
19.24,299,298
19.3,291,292
19.3,300,299
19.3,294,292
19.3,298,299
19.3,294,290
19.3,299,298
19.31,293,292
19.36,297,298
19.36,297,294
19.36,297,296
19.36,297,297
19.36,294,294
19.37,299,296
19.38,292,293
19.44,298,297
19.44,291,290
19.44,298,299
19.44,291,290
19.44,302,300
19.44,290,291
19.44,301,300
19.5,296,293
19.5,297,297
19.5,294,293
19.5,296,296
19.5,296,293
19.5,294,294
19.51,297,294
19.56,290,290
19.56,295,294
19.56,287,288
19.56,298,296
19.56,288,287
19.57,297,296
19.57,289,288
19.63,295,295
19.63,291,287
19.63,295,296
19.63,291,289
19.63,293,293
19.63,291,290
19.64,291,292
19.69,291,291
19.69,288,289
19.69,295,293
19.69,287,287
19.69,293,292
19.7,284,286
19.7,294,292
19.77,283,284
19.77,292,291
19.77,282,282
19.77,288,289
19.77,285,283
19.77,287,287
19.77,285,283
19.83,286,286
19.83,286,284
19.83,283,283
19.83,287,285
19.83,279,280
19.83,287,287
19.83,277,279
19.89,288,287
19.89,277,278
19.89,287,286
19.89,278,277
19.89,288,286
19.89,280,278
19.9,285,284
19.95,280,280
19.95,283,283
19.95,284,282
19.96,281,281
19.96,283,282
19.96,280,281
19.97,286,284
20.02,280,280
20.02,288,286
20.02,278,279
20.02,289,288
20.02,281,281
20.02,291,290
20.03,283,282
20.09,290,289
20.09,286,284
20.09,289,289
20.09,288,285
20.09,285,285
20.1,286,285
20.1,282,284
20.16,287,287
20.16,279,282
20.16,292,289
20.16,283,282
20.16,291,290
20.16,280,282
20.16,290,290
20.22,286,284
20.22,291,292
20.22,289,286
20.22,290,292
20.22,289,288
20.22,290,289
20.23,288,287
20.28,286,290
20.28,290,290
20.28,286,286
20.28,295,293
20.28,289,288
20.29,294,294
20.29,286,286
20.35,295,295
20.35,287,286
20.35,294,294
20.35,289,288
20.35,292,294
20.35,289,288
20.36,293,292
20.41,293,290
20.41,291,293
20.41,296,293
20.41,292,291
20.41,295,295
20.42,290,289
20.42,297,294
20.49,284,285
20.49,292,294
20.49,284,285
20.49,295,296
20.49,288,287
20.49,294,294
20.49,290,287
20.55,295,294
20.55,291,290
20.55,291,293
20.55,294,292
20.55,289,290
20.55,295,293
20.56,290,289
20.61,292,292
20.61,288,288
20.61,296,294
20.61,284,287
20.61,294,294
20.61,289,287
20.62,296,296
20.68,289,289
20.68,294,293
20.68,290,290
20.68,294,294
20.68,295,292
20.68,291,293
20.69,296,293
20.74,288,290
20.74,297,295
20.74,291,291
20.74,299,297
20.74,292,291
20.74,302,299
20.75,291,292
20.82,302,301
20.82,295,292
20.82,301,301
20.82,296,295
20.82,299,299
20.82,297,297
20.82,298,299
20.88,300,298
20.88,297,298
20.88,301,302
20.88,298,298
20.88,305,302
20.88,296,295
20.88,306,305
20.94,297,297
20.94,304,305
20.94,297,295
20.94,301,302
20.94,297,297
20.94,302,302
20.95,301,299
21.0,301,301
21.0,300,299
21.0,299,300
21.0,304,302
21.0,297,300
21.01,305,304
21.01,301,300
21.07,306,305
21.07,299,298
21.07,308,306
21.07,299,297
21.07,307,306
21.07,301,299
21.08,304,304
21.14,299,299
21.14,303,303
21.14,304,301
21.14,304,302
21.14,302,301
21.14,300,300
21.15,304,303
21.2,300,299
21.2,306,304
21.2,297,296
21.21,302,304
21.21,297,295
21.21,304,303
21.21,295,294
21.27,302,302
21.27,297,294
21.27,301,301
21.27,298,296
21.27,298,299
21.27,299,298
21.28,295,297
21.33,299,299
21.33,295,296
21.33,303,300
21.33,294,294
21.33,301,300
21.33,292,292
21.34,302,301
21.41,293,293
21.41,299,299
21.41,293,293
21.41,297,298
21.41,295,294
21.41,298,297
21.41,297,296
21.47,295,296
21.47,295,296
21.47,291,293
21.47,298,296
21.47,290,291
21.47,298,296
21.47,288,290
21.53,299,298
21.53,288,288
21.53,294,295
21.53,289,288
21.53,297,297
21.53,291,289
21.54,294,295
21.59,295,292
21.59,291,292
21.59,290,291
21.59,290,292
21.59,298,296
21.6,294,293
21.6,300,299
21.65,290,292
21.65,299,298
21.65,293,293
21.65,298,299
21.65,291,291
21.66,296,297
21.67,293,290
21.73,295,297
21.73,297,294
21.73,298,297
21.73,297,297
21.73,299,297
21.73,299,297
21.73,295,294
21.79,300,298
21.79,293,293
21.79,302,300
21.79,290,292
21.79,303,301
21.8,294,292
21.8,297,298
21.86,290,289
21.86,296,296
21.86,290,291
21.86,293,293
21.86,294,291
21.86,290,291
21.87,291,290
21.92,285,287
21.92,294,291
21.92,284,285
21.92,293,292
21.92,286,285
21.92,293,292
21.93,282,282
22.0,291,291
22.0,285,284
22.0,293,292
22.0,287,285
22.0,291,291
22.0,290,287
22.0,290,290
22.06,290,288
22.06,285,287
22.06,291,288
22.06,284,286
22.06,290,290
22.06,284,283
22.06,290,289
22.12,282,281
22.12,290,289
22.12,283,281
22.12,291,290
22.12,282,282
22.12,286,289
22.13,284,285
22.18,284,286
22.18,287,286
22.18,286,285
22.18,289,286
22.18,284,284
22.19,289,289
22.19,281,284
22.25,290,288
22.25,283,283
22.25,292,292
22.25,284,284
22.25,292,292
22.25,285,285
22.26,293,292
22.31,288,288
22.31,292,294
22.31,291,290
22.31,293,294
22.31,293,292
22.32,288,290
22.32,295,293
22.39,292,290
22.39,298,297
22.39,291,292
22.39,298,298
22.39,291,291
22.39,301,301
22.39,294,292
22.45,300,300
22.45,294,294
22.45,298,299
22.45,296,295
22.45,299,298
22.45,298,298
22.46,295,297
22.51,302,300
22.51,297,296
22.51,302,300
22.51,292,294
22.51,301,299
22.51,290,292
22.52,299,300
22.57,292,292
22.57,299,299
22.57,291,290
22.57,297,298
22.57,292,291
22.58,294,296
22.59,294,293
22.64,294,294
22.64,295,295
22.64,293,295
22.64,297,298
22.64,292,292
22.64,299,297
22.65,292,292
22.71,299,298
22.71,293,291
22.71,300,300
22.71,292,292
22.71,302,301
22.71,295,294
22.72,299,299
22.78,296,295
22.78,299,298
22.78,303,299
22.78,296,297
22.78,300,297
22.78,296,295
22.78,300,298
22.84,293,292
22.84,299,298
22.84,289,288
22.84,298,297
22.84,289,289
22.84,298,297
22.85,289,290
22.9,297,296
22.9,293,291
22.9,295,295
22.9,296,294
22.9,295,295
22.91,297,296
22.91,294,294
22.98,299,297
22.98,292,292
22.98,300,298
22.98,289,290
22.98,297,299
22.98,292,291
22.98,299,299
23.04,291,292
23.04,296,297
23.04,290,291
23.04,297,298
23.04,298,294
23.04,294,295
23.05,295,296
23.1,294,294
23.1,296,295
23.1,294,294
23.1,300,297
23.1,291,293
23.1,299,299
23.11,291,292
23.17,301,300
23.17,293,291
23.17,297,297
23.17,291,291
23.17,295,296
23.17,292,290
23.18,292,294
23.23,294,291
23.23,292,291
23.23,294,292
23.23,289,289
23.23,293,292
23.23,288,287
23.24,294,292
23.31,286,284
23.31,293,293
23.31,288,285
23.31,293,294
23.31,288,285
23.31,291,292
23.31,286,286
23.37,290,291
23.37,290,288
23.37,287,288
23.37,294,291
23.37,290,289
23.37,295,293
23.37,288,290
23.43,298,296
23.43,290,289
23.43,297,296
23.43,289,288
23.43,295,296
23.43,290,289
23.44,297,297
23.49,292,289
23.49,296,296
23.49,294,292
23.49,295,294
23.49,294,292
23.5,294,294
23.5,297,295
23.55,288,291
23.55,301,298
23.56,291,291
23.56,300,297
23.56,290,289
23.56,300,299
23.57,291,291
23.63,300,298
23.63,293,291
23.63,297,298
23.63,293,292
23.63,295,294
23.63,295,293
23.64,294,294
23.69,296,294
23.69,293,293
23.69,297,295
23.69,291,290
23.7,299,298
23.7,289,290
23.7,296,297
23.76,289,289
23.76,299,298
23.76,291,290
23.76,297,297
23.76,293,292
23.76,296,297
23.77,292,291
23.82,294,295
23.82,295,293
23.82,292,292
23.82,295,295
23.82,289,289
23.82,298,296
23.83,288,290
23.9,297,297
23.9,289,289
23.9,297,297
23.9,289,290
23.9,296,297
23.9,291,289
23.9,293,295
23.96,291,289
23.96,291,291
23.96,291,289
23.96,288,288
23.96,292,291
23.96,288,287
23.96,293,291
24.02,284,285
24.02,292,292
24.02,286,286
24.02,292,292
24.02,286,284
24.02,293,292
24.03,288,285
24.08,289,290
24.08,287,284
24.08,286,288
24.08,286,286
24.08,288,287
24.09,289,285
24.09,286,285
24.15,290,287
24.15,285,285
24.15,290,291
24.15,280,284
24.15,292,291
24.15,286,284
24.16,295,294
24.17,286,284
24.18,294,293
24.19,288,287
24.24,293,293
24.24,288,286
24.24,290,291
24.24,291,290
24.24,291,291
24.25,293,292
24.25,286,289
24.3,296,293
24.3,289,289
24.3,292,293
24.3,287,288
24.3,295,294
24.31,288,286
24.32,294,295
24.38,287,287
24.38,295,296
24.38,291,289
24.38,292,294
24.38,294,291
24.38,293,293
24.38,295,293
24.44,289,290
24.44,295,294
24.44,289,289
24.44,295,293
24.44,287,286
24.44,296,295
24.45,285,284
24.51,291,292
24.51,287,286
24.51,290,293
24.51,289,287
24.51,291,292
24.51,288,287
24.52,290,291
24.57,289,289
24.57,288,288
24.57,289,288
24.57,285,286
24.57,289,289
24.57,282,283
24.58,293,292
24.65,286,286
24.65,295,293
24.65,288,286
24.65,294,294
24.65,290,287
24.65,293,294
24.65,291,290
24.71,292,293
24.71,293,291
24.71,293,292
24.71,295,293
24.71,291,291
24.71,296,294
24.71,290,290
24.77,297,295
24.77,287,287
24.77,294,295
24.77,284,287
24.77,295,295
24.77,289,288
24.78,295,294
24.83,288,287
24.83,292,294
24.83,293,291
24.83,292,292
24.83,295,294
24.84,293,294
24.84,297,295
24.9,291,291
24.9,298,296
24.9,292,292
24.9,299,299
24.9,290,291
24.9,300,299
24.91,293,292
24.96,299,300
24.96,293,293
24.96,297,298
24.96,295,294
24.96,296,297
24.97,297,296
24.97,296,296
25.04,299,297
25.04,295,294
25.04,300,300
25.04,292,295
25.04,301,301
25.04,293,293
25.04,301,301
25.1,295,295
25.1,304,303
25.1,296,293
25.1,300,302
25.1,299,297
25.1,300,302
25.11,302,300
25.16,298,300
25.16,303,301
25.16,298,299
25.16,305,303
25.16,299,299
25.16,303,303
25.17,296,295
25.23,305,305
25.23,297,296
25.23,307,306
25.23,300,298
25.23,306,305
25.23,298,298
25.24,303,304
25.29,303,301
25.29,302,304
25.29,305,302
25.29,299,300
25.29,304,301
25.29,300,300
25.3,304,301
25.37,294,297
25.37,303,301
25.37,295,294
25.37,302,302
25.37,295,293
25.37,300,302
25.37,296,293
25.43,299,301
25.43,297,296
25.43,299,301
25.43,298,298
25.43,300,298
25.43,302,301
25.43,297,297
25.49,298,299
25.49,296,296
25.49,302,301
25.49,296,295
25.49,302,303
25.49,296,294
25.5,304,303
25.55,297,296
25.55,304,303
25.55,297,295
25.55,300,302
25.55,300,299
25.56,300,300
25.56,304,302
25.62,297,299
25.62,302,301
25.62,297,298
25.62,305,302
25.62,296,296
25.62,304,302
25.63,293,294
25.69,303,302
25.69,294,294
25.69,301,300
25.69,294,293
25.69,300,301
25.7,296,294
25.7,297,298
25.76,298,296
25.76,296,296
25.76,300,298
25.76,294,294
25.76,299,299
25.76,295,294
25.76,300,300
25.82,290,291
25.82,300,299
25.82,291,291
25.82,298,298
25.82,292,290
25.82,297,297
25.83,293,293
25.88,297,298
25.88,293,293
25.88,295,297
25.88,296,296
25.88,295,296
25.88,301,299
25.89,293,295
25.95,301,301
25.95,294,293
25.95,301,302
25.95,295,293
25.95,304,303
25.95,296,294
25.96,302,302
26.01,296,296
26.01,300,299
26.01,297,297
26.01,299,299
26.01,301,298
26.01,299,298
26.02,302,301
26.09,298,298
26.09,302,302
26.09,294,297
26.09,304,303
26.09,296,295
26.09,302,303
26.09,297,296
26.15,305,304
26.15,298,297
26.15,301,303
26.15,302,298
26.15,302,302
26.15,300,300
26.15,302,301
26.21,299,298
26.21,295,298
26.21,304,302
26.21,298,296
26.21,301,303
26.21,296,295
26.22,303,301
26.27,295,294
26.27,302,301
26.27,295,293
26.27,297,300
26.27,294,293
26.28,298,298
26.29,296,294
26.34,295,295
26.34,296,295
26.34,294,294
26.34,297,297
26.34,289,290
26.34,296,295
26.35,288,289
26.41,296,295
26.41,288,289
26.41,297,297
26.41,291,289
26.41,297,297
26.41,291,290
26.42,294,295
26.48,294,292
26.48,293,293
26.48,293,292
26.48,293,292
26.48,295,293
26.48,291,291
26.48,297,296
26.54,288,290
26.54,296,298
26.54,290,290
26.54,297,298
26.54,291,290
26.54,295,296
26.55,292,290
26.6,297,295
26.6,292,290
26.6,294,293
26.6,293,291
26.6,294,294
26.6,295,293
26.61,289,289
26.66,296,293
26.66,290,290
26.66,296,295
26.66,286,287
26.66,295,294
26.67,287,286
26.68,295,294
26.74,290,287
26.74,292,293
26.74,290,289
26.74,294,293
26.74,291,290
26.74,288,290
26.74,292,290
26.8,287,289
26.8,293,290
26.8,286,287
26.8,290,291
26.81,284,285
26.81,293,292
26.81,285,285
26.87,291,292
26.87,286,286
26.87,292,293
26.87,286,285
26.87,294,293
26.87,289,288
26.88,290,291
26.93,291,288
26.93,289,288
26.93,290,289
26.93,288,286
26.93,290,289
26.93,284,284
26.94,291,291
27.01,284,284
27.01,293,291
27.01,281,282
27.01,291,292
27.01,285,284
27.01,289,289
27.01,285,283
27.07,287,287
27.07,286,285
27.07,287,287
27.07,290,288
27.07,285,286
27.07,289,290
27.07,282,286
27.13,294,291
27.13,286,286
27.13,294,292
27.13,285,285
27.13,292,292
27.13,284,285
27.14,293,293
27.19,289,285
27.19,291,291
27.19,289,286
27.19,288,290
27.19,292,290
27.19,289,290
27.2,292,292
27.25,289,290
27.25,295,293
27.25,289,289
27.25,295,296
27.25,288,288
27.26,295,294
27.27,287,287
27.33,296,296
27.33,290,288
27.33,296,296
27.33,292,290
27.33,296,295
27.33,292,291
27.33,291,291
27.39,296,294
27.39,292,291
27.39,295,293
27.39,292,290
27.39,297,295
27.39,289,290
27.4,297,296
27.46,289,289
27.46,295,297
27.46,292,291
27.46,298,298
27.46,292,290
27.46,296,297
27.47,293,294
27.52,293,296
27.52,297,295
27.52,295,295
27.52,297,297
27.52,294,293
27.52,297,297
27.53,291,293
27.58,301,300
27.58,291,291
27.58,298,299
27.58,291,290
27.58,298,299
27.59,293,292
27.6,298,298
27.66,296,294
27.66,297,298
27.66,296,295
27.66,296,298
27.66,299,299
27.66,297,295
27.66,301,299
27.72,293,295
27.72,300,299
27.72,294,294
27.72,301,301
27.72,294,294
27.72,302,301
27.73,295,294
27.78,301,300
27.78,296,295
27.78,300,300
27.78,301,298
27.78,299,300
27.78,303,300
27.79,299,299
27.84,303,303
27.84,298,297
27.84,304,302
27.84,297,296
27.84,304,303
27.85,297,296
27.86,303,304
27.92,296,294
27.92,304,303
27.92,297,295
27.92,301,302
27.92,297,297
27.92,298,299
27.92,300,297
27.98,297,297
27.98,301,300
27.98,295,296
27.98,302,301
27.98,294,294
27.98,304,302
27.99,296,295
28.05,301,301
28.05,295,293
28.05,301,302
28.05,298,295
28.05,299,301
28.05,298,296
28.05,301,300
28.11,300,297
28.11,299,299
28.11,301,298
28.11,294,296
28.11,303,301
28.11,294,295
28.12,303,299
28.17,294,292
28.17,299,297
28.17,290,290
28.17,298,298
28.17,292,290
28.18,299,297
28.19,289,290
28.25,296,296
28.25,295,292
28.25,292,294
28.25,296,294
28.25,292,294
28.25,297,295
28.25,290,291
28.31,297,297
28.31,290,291
28.31,300,298
28.31,289,288
28.31,297,297
28.31,292,289
28.32,297,297
28.37,290,290
28.37,297,296
28.37,294,290
28.37,291,292
28.37,293,291
28.37,289,291
28.38,297,294
28.43,291,291
28.43,298,295
28.43,289,290
28.43,296,294
28.43,288,287
28.44,297,295
28.45,285,286
28.51,293,294
28.51,287,287
28.51,290,292
28.51,287,288
28.51,294,295
28.51,295,293
28.51,295,297
28.57,296,294
28.57,291,291
28.57,299,295
28.57,291,291
28.57,297,297
28.57,290,290
28.58,300,299
28.64,292,290
28.64,298,298
28.64,291,290
28.64,299,299
28.64,293,292
28.64,297,298
28.64,293,291
28.7,295,295
28.7,296,293
28.7,293,293
28.7,296,295
28.7,292,291
28.7,295,295
28.71,289,290
28.76,295,294
28.76,286,287
28.76,297,296
28.76,290,287
28.76,296,295
28.77,289,289
28.78,293,296
28.83,291,289
28.83,294,295
28.83,293,292
28.83,294,294
28.83,298,295
28.83,290,292
28.84,299,296
28.9,290,291
28.9,297,296
28.9,288,289
28.9,298,298
28.9,289,290
28.9,297,297
28.91,290,289
28.97,298,298
28.97,291,291
28.97,295,296
28.97,293,292
28.97,296,296
28.97,298,295
28.97,294,295
29.03,298,296
29.03,293,293
29.03,299,298
29.03,294,293
29.03,301,301
29.03,292,293
29.04,300,300
29.09,294,292
29.09,299,300
29.09,295,293
29.09,298,298
29.09,295,293
29.1,298,297
29.1,296,294
29.15,293,295
29.16,298,295
29.16,294,294
29.16,300,298
29.16,290,293
29.16,300,300
29.17,293,292
29.23,302,301
29.23,292,292
29.23,300,298
29.23,291,290
29.23,299,298
29.23,294,292
29.23,296,298
29.29,296,295
29.29,296,298
29.29,299,297
29.29,295,295
29.29,302,298
29.29,295,296
29.3,300,299
29.36,293,293
29.36,300,300
29.36,292,292
29.36,302,301
29.36,293,292
29.36,298,299
29.37,292,292
29.42,299,298
29.42,296,294
29.42,295,297
29.42,298,295
29.42,298,297
29.42,299,297
29.43,292,294
29.48,301,299
29.48,292,293
29.48,302,300
29.49,292,292
29.49,298,300
29.49,294,292
29.5,300,301
29.55,295,292
29.55,299,299
29.55,294,292
29.55,298,299
29.55,298,295
29.55,296,297
29.56,296,295
29.62,294,294
29.62,298,297
29.63,291,292
29.63,298,298
29.63,291,291
29.63,300,300
29.63,289,290
29.69,298,299
29.69,291,290
29.69,299,298
29.69,292,291
29.69,295,296
29.69,293,292
29.69,297,296
29.75,296,294
29.75,294,294
29.75,297,294
29.75,290,291
29.75,295,295
29.75,291,292
29.76,299,298
29.81,291,290
29.81,299,298
29.81,289,288
29.81,296,297
29.81,288,288
29.82,297,296
29.82,292,289
29.87,292,293
29.87,292,291
29.87,291,292
29.87,296,294
29.88,288,289
29.88,295,294
29.89,289,289
29.95,296,296
29.95,290,288
29.95,297,295
29.95,288,287
29.95,296,297
29.95,288,288
29.96,294,296
30.01,290,289
30.01,292,294
30.01,292,291
30.01,294,294
30.01,295,292
30.01,290,290
30.02,295,293
30.08,288,289
30.08,295,294
30.08,286,287
30.08,296,295
30.08,286,286
30.08,296,295
30.09,289,287
30.14,294,293
30.14,287,288
30.14,294,295
30.14,291,289
30.14,291,291
30.14,291,289
30.15,288,290
30.2,295,292
30.2,288,290
30.2,294,294
30.2,287,288
30.2,297,295
30.21,289,288
30.22,297,296
30.28,288,288
30.28,297,297
30.28,292,290
30.28,295,297
30.28,293,291
30.28,293,295
30.28,294,292
30.34,293,295
30.34,294,293
30.34,292,293
30.34,299,296
30.34,293,292
30.34,300,299
30.35,291,292
30.4,300,300
30.4,291,292
30.41,301,301
30.41,294,293
30.41,300,301
30.41,293,292
30.41,297,298
30.47,297,294
30.47,296,297
30.47,297,294
30.47,294,296
30.47,299,298
30.47,293,294
30.48,302,299
30.53,290,292
30.53,302,300
30.53,292,291
30.53,300,300
30.53,293,291
30.54,301,301
30.55,296,294
30.61,299,300
30.61,295,295
30.61,297,299
30.61,298,297
30.61,297,298
30.61,301,299
30.61,296,296
30.67,303,299
30.67,294,294
30.67,301,301
30.67,293,293
30.67,303,303
30.67,294,294
30.68,300,300
30.73,295,292
30.73,301,300
30.73,296,294
30.73,297,297
30.73,295,295
30.73,297,296
30.74,299,296
30.8,292,294
30.8,298,297
30.8,290,292
30.8,298,299
30.8,293,292
30.8,301,301
30.81,293,293
30.86,301,302
30.86,294,293
30.86,301,303
30.86,296,295
30.86,302,301
30.86,296,296
30.87,300,300
30.94,298,297
30.94,295,296
30.94,301,300
30.94,295,297
30.94,304,302
30.94,295,295
30.94,302,302
31.0,296,296
31.0,307,306
31.0,297,297
31.0,305,305
31.0,299,296
31.0,303,305
31.0,299,298
31.06,302,303
31.06,304,301
31.06,301,302
31.06,302,302
31.06,301,302
31.06,304,305
31.07,302,302
31.12,310,308
31.12,301,301
31.12,309,308
31.12,300,301
31.12,308,309
31.13,302,300
31.13,309,309
31.19,305,302
31.19,306,309
31.19,306,304
31.19,306,308
31.19,306,305
31.19,306,305
31.2,307,307
31.26,302,304
31.26,308,308
31.26,303,302
31.26,309,308
31.26,302,301
31.26,310,309
31.27,302,300
31.32,309,309
31.32,300,299
31.32,303,305
31.32,302,302
31.32,305,306
31.32,303,303
31.33,304,304
31.39,306,305
31.39,301,302
31.39,308,306
31.39,300,301
31.39,307,306
31.39,298,298
31.4,306,306
31.45,295,295
31.45,304,305
31.45,298,297
31.45,306,305
31.45,300,298
31.45,303,303
31.46,303,300
31.51,299,299
31.51,301,299
31.51,299,297
31.51,301,300
31.51,296,295
31.52,301,301
31.53,294,294
31.59,302,302
31.59,294,292
31.59,298,299
31.59,293,292
31.59,297,299
31.59,293,290
31.59,296,296
31.65,293,291
31.65,294,293
31.65,294,292
31.65,290,290
31.65,293,292
31.65,289,288
31.66,295,293
31.71,287,286
31.71,295,294
31.71,285,286
31.71,293,293
31.71,288,285
31.72,293,293
31.72,287,286
31.78,291,292
31.78,289,287
31.78,289,289
31.78,289,287
31.78,286,289
31.78,290,287
31.79,285,285
31.8,291,289
31.81,284,285
31.82,293,291
31.87,282,284
31.87,292,292
31.87,285,284
31.87,291,291
31.87,283,283
31.88,291,293
31.88,290,288
31.95,292,293
31.95,291,290
31.95,292,292
31.95,294,291
31.95,289,290
31.95,294,293
31.95,289,290
32.01,296,295
32.01,288,289
32.01,297,297
32.01,290,289
32.01,299,298
32.01,288,288
32.02,298,298
32.07,290,289
32.07,296,296
32.07,294,291
32.07,295,296
32.07,298,295
32.07,294,295
32.08,299,296
32.13,295,294
32.13,297,296
32.13,293,292
32.13,301,300
32.13,291,292
32.14,301,300
32.15,291,289
32.2,298,298
32.2,291,289
32.2,298,297
32.2,290,290
32.2,293,295
32.2,292,292
32.21,293,294
32.27,294,293
32.27,293,292
32.27,295,294
32.27,288,289
32.27,297,295
32.27,288,286
32.28,298,296
32.34,287,288
32.34,298,296
32.34,287,285
32.34,296,296
32.34,289,288
32.34,293,294
32.34,291,289
32.4,293,292
32.4,292,290
32.4,289,290
32.4,294,292
32.4,287,287
32.4,295,293
32.41,285,287
32.46,295,293
32.46,287,286
32.46,296,294
32.46,288,288
32.46,295,296
32.47,288,287
32.47,292,294
32.52,291,289
32.52,294,293
32.52,292,290
32.52,290,291
32.52,294,293
32.53,289,291
32.54,297,296
32.6,291,293
32.6,300,299
32.6,293,294
32.6,301,302
32.6,295,294
32.6,302,302
32.61,297,296
32.66,304,305
32.66,300,299
32.66,304,305
32.66,304,301
32.66,304,306
32.66,306,305
32.67,302,304
32.72,309,307
32.72,304,304
32.72,308,308
32.72,300,303
32.72,310,310
32.73,303,302
32.74,312,311
32.79,302,301
32.79,311,310
32.79,304,304
32.79,310,310
32.79,306,305
32.79,306,308
32.8,309,307
32.87,307,307
32.87,309,308
32.87,307,306
32.87,311,310
32.87,303,304
32.87,311,311
32.87,302,303
32.93,314,312
32.93,301,302
32.93,312,311
32.93,305,303
32.93,310,310
32.93,305,303
32.93,308,309
32.99,307,305
32.99,306,306
32.99,309,306
32.99,307,307
32.99,310,307
32.99,303,302
33.0,310,308
33.05,301,300
33.05,309,309
33.05,301,299
33.05,307,308
33.05,301,301
33.06,310,309
33.06,304,301
33.12,305,307
33.12,304,302
33.12,305,306
33.12,307,303
33.12,301,302
33.12,306,305
33.13,299,301
33.19,307,306
33.19,297,298
33.19,306,305
33.19,299,298
33.19,306,306
33.19,298,296
33.19,305,304
33.26,299,296
33.26,302,304
33.26,299,297
33.26,302,303
33.26,302,300
33.26,301,301
33.26,303,300
33.32,298,298
33.32,303,302
33.32,296,297
33.32,305,303
33.32,297,295
33.32,306,303
33.33,295,295
33.38,306,305
33.38,296,295
33.38,302,303
33.38,299,298
33.38,303,304
33.38,302,299
33.39,301,302
33.44,301,300
33.44,300,301
33.44,306,305
33.44,299,299
33.44,306,304
33.45,298,297
33.46,305,303
33.51,294,293
33.51,303,302
33.51,294,294
33.51,300,301
33.51,295,293
33.51,298,300
33.52,296,293
33.58,294,296
33.58,299,296
33.58,299,297
33.58,303,301
33.59,298,299
33.59,307,305
33.59,298,299
33.65,306,305
33.65,299,299
33.65,308,309
33.65,302,302
33.65,308,309
33.65,305,303
33.65,308,308
33.71,305,303
33.71,307,307
33.71,304,303
33.71,304,304
33.71,305,304
33.71,304,303
33.72,308,307
33.77,302,301
33.77,309,309
33.77,300,301
33.77,312,310
33.77,302,301
33.78,310,309
33.78,305,303
33.84,308,309
33.84,303,302
33.84,306,308
33.84,305,304
33.84,303,306
33.84,306,305
33.85,302,302
33.91,308,306
33.91,300,300
33.91,307,306
33.91,300,300
33.91,309,307
33.91,298,299
33.92,308,307
33.97,299,297
33.97,304,304
33.97,299,297
33.97,303,302
33.98,295,295
33.98,299,298
33.98,298,295
34.04,294,296
34.04,297,296
34.04,289,290
34.04,296,295
34.04,290,289
34.04,296,295
34.05,286,287
34.1,295,293
34.1,286,285
34.1,293,292
34.1,286,284
34.1,291,290
34.1,286,285
34.11,288,289
34.16,287,285
34.16,287,287
34.16,289,287
34.16,285,286
34.16,290,288
34.17,284,284
34.18,291,290
34.24,283,282
34.24,290,288
34.24,281,281
34.24,290,288
34.24,280,279
34.24,287,286
34.24,280,280
34.3,282,284
34.3,281,279
34.3,281,281
34.3,282,280
34.3,278,278
34.3,281,280
34.31,277,278
34.36,282,282
34.36,278,277
34.36,287,286
34.36,279,278
34.36,285,286
34.37,276,276
34.37,286,286
34.43,279,278
34.43,286,286
34.43,279,279
34.43,286,286
34.43,284,283
34.43,283,283
34.44,288,287
34.5,285,287
34.5,289,288
34.5,285,285
34.5,293,291
34.5,285,285
34.5,296,294
34.51,285,285
34.57,295,295
34.57,289,287
34.57,295,296
34.57,291,289
34.57,292,294
34.57,291,290
34.57,292,294
34.63,295,293
34.63,293,295
34.63,298,295
34.63,291,292
34.63,298,297
34.63,292,294
34.64,300,300
34.69,295,294
34.69,303,303
34.69,294,294
34.69,302,303
34.69,295,295
34.69,301,303
34.7,298,298
34.75,301,302
34.75,301,300
34.75,304,303
34.75,302,301
34.75,301,300
34.76,304,304
34.77,298,300
34.83,305,305
34.83,298,298
34.83,306,306
34.83,298,298
34.83,305,305
34.83,297,296
34.83,304,303
34.89,302,299
34.89,302,303
34.89,299,297
34.89,301,301
34.89,301,298
34.89,297,299
34.9,304,302
34.95,299,299
34.95,305,303
34.95,299,298
34.95,306,305
34.95,296,297
34.96,307,307
34.96,301,299
35.01,307,306
35.01,299,298
35.01,304,305
35.01,302,299
35.02,301,303
35.02,302,301
35.03,301,302
35.09,304,301
35.09,298,300
35.09,305,302
35.09,298,297
35.09,302,302
35.09,297,295
35.1,304,302
35.16,297,295
35.16,303,304
35.16,298,296
35.16,303,303
35.16,297,296
35.16,303,302
35.16,300,300
35.22,302,302
35.22,301,300
35.22,300,299
35.22,305,302
35.22,296,298
35.22,304,304
35.23,298,297
35.28,304,305
35.28,296,296
35.28,305,305
35.28,297,296
35.28,301,303
35.28,296,295
35.29,303,302
35.34,299,297
35.34,300,300
35.34,298,298
35.34,300,300
35.34,304,301
35.35,298,297
35.36,301,299
35.42,294,297
35.42,304,302
35.42,293,294
35.42,303,301
35.42,293,291
35.42,302,301
35.42,293,292
35.48,299,300
35.48,296,294
35.48,297,298
35.48,298,295
35.48,296,297
35.48,296,296
35.49,295,295
35.55,300,298
35.55,295,294
35.55,302,300
35.55,293,293
35.55,299,300
35.55,291,290
35.55,298,298
35.61,292,291
35.61,296,298
35.61,294,291
35.61,299,298
35.61,295,293
35.61,298,297
35.62,298,296
35.67,293,295
35.67,298,296
35.67,292,294
35.67,298,295
35.67,288,290
35.68,298,296
35.69,289,290
35.75,299,298
35.75,292,290
35.75,298,299
35.75,292,291
35.75,297,297
35.75,292,291
35.75,295,295
35.81,296,294
35.81,295,295
35.81,297,294
35.81,292,293
35.81,297,297
35.81,290,291
35.82,300,299
35.87,294,292
35.87,300,300
35.87,291,291
35.87,297,298
35.87,292,291
35.87,299,299
35.88,293,290
35.94,296,297
35.94,294,292
35.94,294,295
35.94,295,293
35.94,290,292
35.94,296,294
35.95,290,291
36.0,297,296
36.0,289,290
36.0,300,300
36.0,291,289
36.0,298,298
36.0,291,290
36.01,296,297
36.08,291,290
36.08,297,297
36.08,293,292
36.08,296,295
36.08,296,294
36.08,295,295
36.08,299,297
36.14,293,295
36.14,301,301
36.14,297,297
36.14,306,304
36.14,297,298
36.14,306,304
36.14,298,297
36.2,308,307
36.2,300,299
36.2,308,308
36.2,304,302
36.2,307,308
36.2,306,305
36.21,305,308
36.26,308,308
36.26,307,307
36.26,311,311
36.26,306,308
36.26,315,313
36.27,307,306
36.28,316,315
36.33,306,306
36.33,312,314
36.33,304,304
36.33,312,312
36.33,306,303
36.33,309,309
36.34,301,302
36.4,304,304
36.4,302,300
36.4,302,301
36.4,302,301
36.4,298,298
36.4,303,301
36.41,293,295
36.47,304,302
36.47,291,292
36.47,301,300
36.47,291,291
36.47,301,300
36.47,293,293
36.47,299,300
36.53,295,293
36.53,301,300
36.53,298,296
36.53,300,298
36.53,298,297
36.53,297,298
36.54,304,302
36.59,297,298
36.59,305,304
36.59,296,298
36.59,307,308
36.59,303,301
36.59,311,311
36.6,304,304
36.65,313,314
36.65,309,307
36.65,312,313
36.65,313,310
36.65,313,314
36.66,314,313
36.67,312,313
36.73,314,315
36.73,312,313
36.73,320,318
36.73,312,314
36.73,322,320
36.73,313,313
36.73,324,323
36.79,315,314
36.79,324,323
36.79,314,315
36.79,321,320
36.79,316,315
36.79,321,321
36.8,320,318
36.86,320,319
36.86,322,319
36.86,320,319
36.86,324,322
36.86,318,317
36.86,326,324
36.86,318,317
36.92,322,326
36.92,314,317
36.92,326,325
36.92,316,317
36.92,323,324
36.92,318,317
36.93,324,324
36.98,319,318
36.98,323,322
36.98,323,321
36.98,321,321
36.98,323,322
36.99,315,318
37.0,325,323
37.06,315,315
37.06,325,324
37.06,315,315
37.06,325,325
37.06,315,314
37.06,322,321
37.06,312,314
37.12,320,322
37.12,317,315
37.12,316,317
37.12,318,316
37.12,317,317
37.12,320,318
37.13,314,314
37.18,321,319
37.18,313,314
37.18,322,321
37.18,313,314
37.18,324,321
37.18,313,314
37.19,324,322
37.25,316,316
37.25,320,321
37.25,317,314
37.25,322,322
37.25,319,316
37.25,319,319
37.26,319,317
37.32,314,317
37.32,320,320
37.32,315,317
37.32,324,324
37.32,316,315
37.32,325,324
37.32,315,314
37.39,323,323
37.39,314,314
37.39,322,323
37.39,318,315
37.39,321,320
37.39,318,317
37.39,319,320
37.45,322,318
37.45,319,320
37.45,327,324
37.45,320,320
37.45,330,327
37.45,323,322
37.45,331,329
37.51,321,321
37.51,332,331
37.51,322,321
37.51,332,331
37.51,322,323
37.51,329,329
37.52,322,321
37.57,325,326
37.57,324,322
37.57,322,321
37.57,324,322
37.57,318,319
37.58,324,322
37.59,317,317
37.65,325,323
37.65,315,316
37.65,322,323
37.65,316,316
37.65,323,324
37.65,315,315
37.65,323,322
37.71,316,314
37.71,318,320
37.71,315,314
37.71,318,318
37.71,317,316
37.71,315,316
37.72,319,319
37.77,314,315
37.78,321,319
37.78,315,314
37.78,320,321
37.78,312,312
37.78,322,321
37.78,313,312
37.84,320,319
37.84,312,312
37.84,319,319
37.84,313,313
37.84,317,317
37.84,316,314
37.85,315,315
37.9,316,315
37.9,313,312
37.9,320,317
37.9,312,312
37.9,318,319
37.91,311,312
37.91,320,320
37.96,312,311
37.96,321,320
37.96,312,312
37.96,321,320
37.96,314,311
37.97,318,318
37.98,317,315
38.04,316,318
38.04,317,316
38.04,313,315
38.04,317,317
38.04,314,314
38.04,321,320
38.04,313,312
38.1,322,320
38.1,312,311
38.1,321,320
38.1,313,312
38.1,321,321
38.1,315,313
38.11,319,319
38.17,315,313
38.17,318,317
38.17,316,315
38.17,314,316
38.17,317,316
38.17,313,313
38.18,319,316
38.23,311,311
38.23,319,318
38.23,309,310
38.23,321,320
38.23,312,311
38.23,320,320
38.24,313,312
38.31,321,321
38.31,317,314
38.31,319,320
38.31,317,316
38.31,317,318
38.31,320,319
38.31,317,319
38.37,321,320
38.37,318,317
38.37,323,321
38.37,313,314
38.37,325,324
38.37,315,315
38.37,324,324
38.43,318,317
38.43,325,326
38.43,317,317
38.43,325,324
38.43,321,319
38.43,323,324
38.44,324,323
38.49,321,322
38.49,326,325
38.49,323,324
38.49,329,328
38.49,323,323
38.5,329,328
38.5,320,321
38.55,331,330
38.55,322,321
38.55,331,331
38.55,324,322
38.55,329,330
38.56,326,324
38.57,328,327
38.63,326,325
38.63,325,327
38.63,328,328
38.63,326,327
38.63,330,329
38.63,324,324
38.63,331,330
38.7,322,322
38.7,330,330
38.7,320,320
38.7,328,329
38.7,321,321
38.7,329,329
38.7,326,324
38.76,331,330
38.76,328,327
38.76,331,331
38.76,331,329
38.76,327,328
38.76,332,330
38.77,324,326
38.82,332,332
38.82,325,325
38.82,331,330
38.82,324,324
38.82,333,333
38.82,323,323
38.83,334,333
38.88,327,326
38.88,331,332
38.88,328,327
38.88,328,330
38.88,329,328
38.89,330,331
38.9,331,330
38.96,328,330
38.96,334,333
38.96,329,330
38.96,338,337
38.96,328,329
38.96,338,336
38.96,328,329
39.02,338,338
39.02,330,330
39.02,337,338
39.02,332,330
39.02,336,337
39.02,333,332
39.03,336,336
39.08,336,335
39.08,335,335
39.08,339,337
39.08,333,333
39.08,340,338
39.08,331,330
39.09,339,339
39.15,330,330
39.15,340,339
39.15,332,331
39.15,338,338
39.15,333,332
39.15,339,338
39.16,334,331
39.22,333,336
39.22,338,334
39.22,333,334
39.22,337,335
39.22,333,333
39.22,338,337
39.22,334,333
39.28,340,337
39.28,331,332
39.29,341,340
39.29,333,331
39.29,339,338
39.29,330,330
39.29,340,339
39.35,333,333
39.35,338,338
39.35,336,334
39.35,335,335
39.35,337,335
39.35,333,333
39.36,338,338
39.41,334,333
39.41,337,336
39.41,331,330
39.41,336,336
39.41,326,326
39.41,335,336
39.42,328,326
39.43,334,334
39.44,326,325
39.45,332,333
39.5,327,326
39.5,329,330
39.5,328,326
39.5,325,327
39.5,329,327
39.51,325,325
39.51,331,328
39.57,322,322
39.57,329,328
39.57,318,318
39.57,327,326
39.57,316,316
39.57,325,325
39.58,319,317
39.64,323,323
39.64,318,317
39.64,323,322
39.64,319,317
39.64,321,320
39.64,322,319
39.65,317,318
39.71,322,321
39.71,315,315
39.71,324,322
39.71,315,315
39.71,325,323
39.71,315,316
39.71,324,324
39.77,317,315
39.77,323,323
39.77,315,314
39.77,320,320
39.77,319,317
39.77,319,319
39.78,320,319
39.83,318,318
39.83,321,321
39.83,314,316
39.83,322,321
39.83,316,316
39.83,324,323
39.84,315,314
39.89,325,323
39.89,315,313
39.89,321,321
39.89,313,311
39.89,317,318
39.9,312,309
39.91,310,313
39.97,309,308
39.97,306,307
39.97,309,306
39.97,302,304
39.97,307,305
39.97,300,300
39.97,307,305
40.03,296,296
40.03,306,305
40.03,297,295
40.03,302,303
40.03,296,294
40.03,303,303
40.04,296,295
40.09,301,301
40.1,299,297
40.1,299,299
40.1,299,297
40.1,298,298
40.1,301,300
40.1,297,298
40.16,304,303
40.16,293,295
40.16,305,303
40.16,295,296
40.16,305,305
40.16,296,296
40.17,307,307
40.22,298,298
40.22,304,306
40.22,303,301
40.22,306,307
40.22,304,303
40.23,306,306
40.24,306,305
40.3,302,304
40.3,308,306
40.3,301,302
40.3,310,308
40.3,300,301
40.3,311,310
40.3,300,300
40.36,311,309
40.36,301,301
40.36,309,310
40.36,304,303
40.36,308,309
40.36,307,305
40.37,305,306
40.42,306,306
40.43,304,304
40.43,308,308
40.43,305,305
40.43,311,310
40.43,303,303
40.43,313,311
40.49,304,305
40.49,315,314
40.49,306,304
40.49,313,314
40.49,309,306
40.49,312,313
40.5,309,308
40.55,311,313
40.55,311,310
40.55,309,310
40.55,312,311
40.55,308,309
40.56,315,313
40.56,307,308
40.63,315,316
40.63,307,307
40.63,315,314
40.63,309,307
40.63,317,315
40.63,309,308
40.63,317,316
40.69,312,309
40.69,313,315
40.69,313,312
40.69,314,315
40.69,315,313
40.69,311,313
40.69,315,314
40.75,311,311
40.75,316,316
40.75,310,312
40.75,320,320
40.75,312,310
40.75,319,319
40.76,313,312
40.81,320,320
40.81,312,313
40.81,320,321
40.81,316,315
40.81,318,320
40.82,320,318
40.83,318,319
40.88,320,318
40.88,316,318
40.88,323,322
40.88,317,317
40.88,325,323
40.88,317,316
40.89,322,324
40.95,317,317
40.95,323,323
40.95,318,316
40.95,322,322
40.95,319,317
40.95,321,322
40.96,320,317
41.02,321,320
41.02,322,320
41.02,319,319
41.02,323,321
41.02,317,317
41.02,323,321
41.02,314,314
41.08,322,322
41.08,315,314
41.08,324,322
41.08,315,313
41.08,320,320
41.08,316,314
41.09,320,319
41.14,315,314
41.14,320,320
41.14,318,317
41.14,316,317
41.14,319,319
41.15,315,316
41.15,321,320
41.2,315,315
41.2,324,322
41.2,316,315
41.2,323,322
41.2,315,314
41.21,320,321
41.22,314,313
41.28,320,321
41.28,315,312
41.28,319,319
41.28,314,314
41.28,316,317
41.28,319,316
41.28,314,314
41.34,318,317
41.34,313,313
41.35,321,318
41.35,313,313
41.35,322,320
41.35,312,311
41.35,321,320
41.41,313,311
41.41,320,320
41.41,313,312
41.41,319,319
41.41,315,314
41.41,318,319
41.42,317,315
41.47,313,314
41.47,317,314
41.47,312,312
41.47,319,316
41.47,311,310
41.47,320,320
41.48,310,311
41.53,321,320
41.53,313,311
41.53,322,322
41.53,313,312
41.53,319,319
41.54,315,313
41.55,319,320
41.61,322,320
41.61,320,323
41.61,327,325
41.61,326,326
41.61,331,330
41.61,325,326
41.61,336,334
41.67,327,326
41.67,336,336
41.67,329,328
41.67,339,338
41.67,332,331
41.67,341,340
41.68,337,335
41.74,341,343
41.74,343,340
41.74,343,345
41.74,346,344
41.74,346,346
41.74,352,350
41.74,345,345
41.8,355,353
41.8,347,348
41.8,353,353
41.8,347,347
41.8,356,356
41.8,348,348
41.81,357,358
41.86,353,352
41.86,360,361
41.86,358,354
41.86,357,359
41.86,360,357
41.87,357,359
41.87,360,359
41.94,359,358
41.94,362,361
41.94,356,356
41.94,366,366
41.94,357,357
41.94,364,365
41.94,358,357
42.0,365,367
42.0,360,357
42.0,365,365
42.0,360,359
42.0,364,365
42.0,365,362
42.01,361,363
42.06,364,363
42.06,362,362
42.06,366,365
42.06,362,361
42.06,368,365
42.06,360,359
42.07,366,365
42.13,357,357
42.13,364,364
42.13,356,355
42.13,363,364
42.13,356,356
42.13,359,361
42.14,355,353
42.19,357,357
42.19,355,353
42.19,352,353
42.19,354,353
42.19,346,348
42.19,354,351
42.2,344,345
42.27,351,350
42.27,342,341
42.27,350,348
42.27,340,337
42.27,344,344
42.27,334,332
42.27,339,339
42.33,330,331
42.33,332,334
42.33,329,326
42.33,325,326
42.33,324,323
42.33,320,321
42.33,323,321
42.39,311,314
42.39,320,317
42.39,309,309
42.39,316,314
42.39,300,302
42.39,308,308
42.4,297,297
42.45,302,303
42.45,293,292
42.45,293,295
42.45,288,286
42.45,286,287
42.46,283,280
42.46,278,279
42.52,278,276
42.52,269,268
42.52,274,270
42.52,258,260
42.52,266,264
42.52,252,252
42.53,256,255
42.59,241,241
42.59,246,246
42.59,233,233
42.59,237,237
42.59,226,227
42.59,228,229
42.59,221,219
42.65,216,217
42.65,215,211
42.65,204,205
42.65,209,206
42.66,195,195
42.66,199,199
42.66,190,187
42.72,193,192
42.72,181,179
42.72,183,184
42.72,174,173
42.72,179,178
42.72,169,167
42.73,171,170
42.78,164,163
42.78,162,163
42.78,164,161
42.78,160,158
42.78,158,157
42.78,152,151
42.79,158,155
42.84,146,147
42.84,154,152
42.84,142,143
42.84,153,152
42.84,140,139
42.85,147,148
42.86,140,140
42.92,143,145
42.92,141,137
42.92,143,142
42.92,141,138
42.92,139,140
42.92,141,139
42.92,137,135
42.98,142,140
42.98,133,134
42.98,142,141
42.98,135,136
42.98,144,142
42.98,132,133
42.99,142,142
43.05,136,134
43.05,144,143
43.05,140,138
43.05,143,146
43.05,143,142
43.05,145,147
43.05,149,148
43.11,147,147
43.11,151,151
43.11,148,150
43.11,158,156
43.11,149,151
43.11,160,161
43.12,151,153
43.17,166,164
43.17,156,156
43.17,167,168
43.17,161,160
43.17,170,171
43.18,168,168
43.18,176,174
43.25,174,173
43.25,174,176
43.25,181,179
43.25,179,181
43.25,186,186
43.25,184,184
43.25,194,193
43.31,187,187
43.31,200,198
43.31,192,192
43.31,202,202
43.31,196,195
43.31,208,207
43.32,202,201
43.37,207,209
43.37,211,209
43.37,211,212
43.37,216,215
43.37,214,216
43.37,221,220
43.38,216,218
43.44,226,225
43.44,220,221
43.44,233,231
43.44,225,224
43.44,234,235
43.44,230,228
43.45,237,238
43.5,233,232
43.5,239,241
43.5,238,238
43.5,243,244
43.5,247,244
43.5,245,247
43.51,248,248
43.58,248,248
43.58,256,255
43.58,246,248
43.58,262,260
43.58,253,253
43.58,262,262
43.58,257,256
43.64,266,266
43.64,259,258
43.64,269,269
43.64,264,263
43.64,273,272
43.64,270,271
43.64,275,274
43.7,274,274
43.7,274,274
43.7,280,278
43.7,277,276
43.7,283,282
43.7,274,276
43.71,286,285
43.76,277,276
43.76,286,287
43.76,276,276
43.76,287,286
43.76,281,279
43.77,288,290
43.77,283,281
43.83,286,287
43.83,288,284
43.83,285,286
43.83,289,287
43.83,284,285
43.83,292,290
43.84,285,285
43.9,293,292
43.9,286,287
43.9,299,297
43.9,289,288
43.9,299,299
43.9,291,289
43.91,297,298
43.97,294,292
43.97,296,298
43.97,295,292
43.97,296,296
43.97,295,294
43.97,292,293
43.97,298,297
44.03,292,293
44.03,298,297
44.03,293,291
44.03,301,301
44.03,291,292
44.03,304,303
44.04,293,293
44.09,301,300
44.09,294,294
44.09,301,301
44.09,297,295
44.09,301,301
44.09,300,299
44.1,301,302
44.17,302,300
44.17,297,298
44.17,304,303
44.17,299,300
44.17,309,306
44.17,296,297
44.17,307,306
44.23,299,298
44.23,307,306
44.23,299,298
44.23,308,307
44.23,302,299
44.23,307,306
44.23,300,300
44.29,304,303
44.29,303,303
44.29,301,302
44.29,307,306
44.29,301,301
44.29,306,304
44.3,299,299
44.36,310,307
44.36,298,299
44.36,306,306
44.36,300,298
44.36,306,306
44.36,301,300
44.36,305,306
44.42,302,301
44.42,305,307
44.42,305,302
44.42,304,304
44.42,310,307
44.42,303,303
44.43,309,308
44.49,304,303
44.49,309,309
44.49,302,303
44.49,312,312
44.49,304,302
44.5,310,310
44.5,304,302
44.56,308,310
44.56,304,304
44.56,311,310
44.56,305,304
44.56,307,307
44.56,310,307
44.56,305,304
44.62,314,311
44.62,303,304
44.62,315,313
44.62,304,305
44.62,315,313
44.62,304,304
44.63,314,313
44.68,305,304
44.68,312,312
44.68,306,305
44.68,310,311
44.68,309,307
44.68,310,310
44.69,309,307
44.75,305,307
44.75,310,309
44.75,305,306
44.75,311,309
44.75,301,303
44.75,311,309
44.76,303,302
44.81,310,308
44.81,301,302
44.81,309,309
44.81,300,301
44.81,308,309
44.81,306,303
44.82,306,308
44.89,304,303
44.89,305,304
44.89,308,305
44.89,303,303
44.89,309,306
44.89,300,302
44.89,311,308
44.95,304,303
44.95,309,309
44.95,303,302
44.95,309,309
44.95,303,301
44.95,311,311
44.95,303,301
45.01,307,308
45.01,302,301
45.01,305,306
45.01,304,303
45.01,300,302
45.01,305,303
45.02,301,301
45.07,307,305
45.07,296,297
45.07,305,305
45.07,297,297
45.07,306,306
45.08,297,297
45.09,306,306
45.15,299,297
45.15,306,306
45.15,300,299
45.15,301,304
45.15,303,300
45.15,302,303
45.15,306,303
45.21,301,301
45.21,305,304
45.21,299,299
45.21,306,305
45.21,298,298
45.21,304,304
45.22,298,296
45.28,304,304
45.28,296,296
45.28,302,303
45.28,299,297
45.28,302,304
45.28,300,299
45.28,302,302
45.34,302,300
45.34,300,301
45.34,303,300
45.34,297,297
45.34,304,302
45.34,293,294
45.35,302,300
45.4,292,292
45.4,301,300
45.4,293,292
45.4,301,299
45.4,293,291
45.4,298,298
45.41,295,292
45.46,296,297
45.46,297,294
45.46,298,296
45.46,299,296
45.46,293,294
45.47,300,298
45.48,295,294
45.54,301,299
45.54,291,290
45.54,300,300
45.54,293,291
45.54,300,301
45.54,295,293
45.54,302,301
45.6,296,294
45.6,301,300
45.6,295,294
45.6,298,298
45.6,298,296
45.6,294,296
45.61,298,298
45.66,292,295
45.66,303,301
45.66,296,296
45.66,304,302
45.66,295,294
45.67,303,301
45.68,294,293
45.73,300,301
45.73,294,293
45.73,298,300
45.73,297,295
45.73,297,299
45.73,299,296
45.74,297,298
45.8,301,298
45.8,296,298
45.8,303,301
45.8,295,295
45.8,302,301
45.8,297,296
45.81,305,304
45.87,295,296
45.87,303,304
45.87,295,295
45.87,302,304
45.87,299,296
45.87,303,303
45.87,300,299
45.93,301,301
45.93,302,301
45.93,301,301
45.93,306,304
45.93,300,301
45.93,306,307
45.94,301,300
45.99,306,306
45.99,298,299
45.99,311,309
45.99,300,299
45.99,307,307
45.99,301,299
46.0,305,306
46.05,303,301
46.05,304,305
46.05,305,302
46.05,301,304
46.05,307,304
46.06,302,302
46.07,308,306
46.13,300,301
46.13,308,308
46.13,301,300
46.13,311,309
46.13,301,302
46.13,309,310
46.13,303,301
46.19,308,309
46.19,303,301
46.19,305,307
46.19,307,304
46.19,306,308
46.2,307,306
46.2,305,305
46.26,308,307
46.26,303,303
46.26,308,308
46.26,303,304
46.26,309,309
46.26,298,299
46.26,311,310
46.32,300,299
46.32,307,308
46.32,301,300
46.32,305,305
46.32,302,299
46.32,302,304
46.33,304,302
46.38,301,301
46.38,306,302
46.38,300,300
46.38,305,302
46.38,297,298
46.39,303,303
46.4,297,296
46.46,306,305
46.46,294,295
46.46,303,304
46.46,297,296
46.46,304,303
46.46,297,296
46.46,302,302
46.52,296,296
46.52,298,300
46.52,301,298
46.52,298,298
46.52,306,304
46.52,300,302
46.53,308,306
46.58,299,300
46.58,309,308
46.58,297,298
46.58,309,309
46.58,298,298
46.58,304,306
46.59,299,299
46.65,306,306
46.65,300,300
46.65,304,305
46.65,305,304
46.65,304,303
46.65,306,304
46.66,303,303
46.71,306,306
46.71,300,300
46.71,308,307
46.71,298,299
46.71,309,308
46.72,299,299
46.72,308,308
46.79,297,296
46.79,302,305
46.79,302,298
46.79,303,305
46.79,304,300
46.79,303,304
46.79,305,303
46.85,303,303
46.85,305,305
46.85,299,300
46.85,307,305
46.85,299,300
46.85,309,307
46.85,300,300
46.91,310,308
46.91,299,299
46.91,306,307
46.91,300,300
46.91,304,305
46.91,304,301
46.92,304,304
46.97,305,302
46.97,302,303
46.97,305,303
46.97,298,300
46.97,306,304
46.98,297,298
46.99,307,305
47.0,296,297
47.01,306,306
47.01,297,296
47.07,305,306
47.07,298,298
47.07,305,306
47.07,300,298
47.07,303,304
47.07,302,300
47.08,302,303
47.13,303,302
47.13,301,302
47.13,306,304
47.13,299,300
47.13,308,307
47.14,299,300
47.15,308,308
47.21,301,300
47.21,309,308
47.21,298,298
47.21,307,306
47.21,299,299
47.21,305,304
47.21,302,299
47.27,303,303
47.27,301,301
47.27,299,299
47.27,302,301
47.27,299,298
47.27,302,301
47.28,293,294
47.33,303,302
47.33,294,294
47.33,304,302
47.33,297,295
47.33,305,305
47.33,299,296
47.34,301,300
47.4,296,295
47.4,300,301
47.4,300,299
47.4,298,299
47.4,301,299
47.4,296,297
47.41,300,300
47.46,295,295
47.46,302,299
47.46,294,293
47.46,304,302
47.46,292,292
47.46,299,299
47.47,291,290
47.54,298,298
47.54,292,292
47.54,296,297
47.54,295,292
47.54,294,294
47.54,294,293
47.54,293,293
47.6,296,294
47.6,291,291
47.6,297,296
47.6,288,289
47.6,297,296
47.6,289,290
47.6,297,297
47.66,291,288
47.66,295,296
47.66,290,289
47.66,295,295
47.66,291,288
47.66,293,295
47.67,293,291
47.72,294,293
47.72,294,293
47.72,288,290
47.72,297,294
47.72,289,289
47.73,296,295
47.74,288,288
47.79,295,296
47.79,290,289
47.79,297,296
47.79,287,287
47.79,296,296
47.79,290,289
47.8,293,292
47.86,289,288
47.86,291,293
47.86,291,290
47.86,288,290
47.86,295,292
47.86,289,289
47.87,298,297
47.93,288,289
47.93,299,298
47.93,290,290
47.93,302,300
47.93,292,291
47.93,300,301
47.93,294,293
47.99,302,303
47.99,297,296
47.99,302,302
47.99,300,299
47.99,300,300
47.99,301,301
48.0,299,300
48.05,304,303
48.05,298,299
48.05,307,305
48.05,299,298
48.05,305,305
48.05,297,298
48.06,306,307
48.11,300,298
48.11,307,307
48.11,301,299
48.11,301,303
48.11,303,301
48.12,300,300
48.13,302,301
48.19,299,298
48.19,301,300
48.19,298,297
48.19,303,300
48.19,297,297
48.19,305,304
48.19,294,295
48.25,306,304
48.25,299,297
48.25,304,304
48.25,299,298
48.25,302,303
48.25,300,299
48.26,301,303
48.32,303,302
48.32,301,302
48.32,304,303
48.32,303,303
48.32,308,307
48.32,300,301
48.33,308,307
48.38,300,298
48.38,308,306
48.38,299,297
48.38,306,306
48.38,297,297
48.38,303,303
48.39,299,297
48.44,300,302
48.44,301,299
48.44,296,298
48.44,301,299
48.44,295,297
48.45,300,299
48.46,295,295
48.52,300,300
48.52,294,295
48.52,302,302
48.52,295,294
48.52,304,305
48.52,297,294
48.52,302,303
48.58,298,297
48.58,301,302
48.58,297,296
48.58,298,299
48.58,300,298
48.58,296,298
48.59,300,300
48.64,296,297
48.64,304,302
48.64,294,293
48.64,303,301
48.64,291,290
48.64,300,300
48.65,290,289
48.71,297,298
48.71,292,290
48.71,296,296
48.71,290,289
48.71,295,296
48.71,292,292
48.72,292,294
48.78,295,293
48.78,293,293
48.78,297,295
48.78,291,290
48.78,299,297
48.78,289,289
48.78,298,298
48.84,288,288
48.84,298,300
48.84,289,289
48.84,300,299
48.85,296,293
48.85,297,299
48.85,298,295
48.91,299,300
48.91,300,297
48.91,297,298
48.91,302,299
48.91,295,296
48.91,303,300
48.91,292,293
48.97,302,302
48.97,293,293
48.97,304,302
48.97,292,292
48.97,302,301
48.97,295,292
48.98,301,302
49.03,298,294
49.03,304,305
49.03,310,309
49.03,311,311
49.03,313,313
49.04,311,312
49.05,318,316
49.11,313,312
49.11,322,320
49.11,310,311
49.11,321,320
49.11,314,312
49.11,320,320
49.11,312,312
49.17,321,321
49.17,312,312
49.17,317,318
49.17,317,314
49.17,317,316
49.17,317,315
49.18,316,315
49.24,319,316
49.24,311,311
49.24,318,316
49.24,308,308
49.24,316,316
49.24,309,309
49.24,317,316
49.3,306,306
49.3,312,314
49.3,307,305
49.3,313,313
49.3,308,306
49.3,311,312
49.31,312,309
49.36,308,309
49.36,310,309
49.36,304,306
49.36,311,310
49.36,307,307
49.37,312,312
49.37,304,305
49.42,313,312
49.42,300,302
49.42,313,312
49.42,305,303
49.42,312,311
49.43,306,304
49.44,308,310
49.5,305,303
49.5,306,307
49.5,306,305
49.5,304,306
49.5,307,306
49.5,301,303
49.5,311,309
49.56,302,302
49.56,310,309
49.56,303,302
49.56,309,309
49.56,301,300
49.56,309,309
49.57,304,301
49.63,307,307
49.63,302,299
49.63,305,305
49.63,303,302
49.63,302,302
49.63,303,302
49.64,298,299
49.69,305,303
49.69,298,299
49.69,305,303
49.69,298,296
49.69,304,304
49.69,296,296
49.7,302,303
49.77,298,296
49.77,305,304
49.77,296,296
49.77,303,302
49.77,297,297
49.77,301,301
49.77,301,298
49.83,297,298
49.83,301,298
49.83,294,295
49.83,302,299
49.83,292,293
49.83,301,300
49.83,293,292
49.89,301,301
49.89,291,291
49.89,301,301
49.89,292,292
49.89,299,300
49.89,292,292
49.9,297,298
49.95,297,295
49.95,294,296
49.95,299,297
49.95,293,294
49.95,298,297
49.96,293,293
49.96,301,299
50.02,292,293
50.02,298,298
50.02,290,290
50.02,300,300
50.02,291,290
50.02,299,298
50.03,292,292
50.08,299,299
50.08,296,293
50.08,296,296
50.08,298,297
50.08,296,297
50.09,301,298
50.09,292,292
50.16,300,299
50.16,293,292
50.16,301,298
50.16,292,292
50.16,298,298
50.16,291,292
50.16,299,300
50.22,294,293
50.22,302,301
50.22,298,296
50.22,298,300
50.22,299,297
50.22,297,299
50.23,300,297
50.28,293,295
50.28,303,301
50.28,293,295
50.28,301,300
50.28,293,293
50.28,300,301
50.29,295,293
50.35,301,302
50.35,294,294
50.35,302,304
50.35,299,297
50.35,302,303
50.35,299,298
50.36,301,302
50.41,303,300
50.41,299,300
50.41,305,304
50.41,301,301
50.41,307,306
50.41,298,300
50.42,309,308
50.47,301,300
50.47,310,310
50.47,301,301
50.47,308,308
50.47,302,301
50.48,309,309
50.49,304,303
50.55,307,308
50.55,306,305
50.55,305,306
50.55,308,307
50.55,304,303
50.55,310,308
50.55,304,303
50.61,311,311
50.61,302,303
50.61,311,310
50.61,305,302
50.61,312,312
50.61,305,303
50.62,308,310
50.68,306,304
50.68,309,309
50.68,307,304
50.68,306,305
50.68,306,306
50.68,304,303
50.68,309,305
50.74,302,302
50.74,310,306
50.74,299,300
50.74,309,307
50.74,297,298
50.74,306,306
50.75,300,300
50.81,308,309
50.81,303,301
50.81,305,306
50.82,303,302
50.82,303,305
50.82,307,304
50.82,302,303
50.88,306,305
50.88,300,302
50.88,307,307
50.88,300,300
50.88,309,308
50.88,303,302
50.88,308,308
50.94,300,300
50.94,306,307
50.94,303,301
50.94,309,309
50.94,303,302
50.94,307,307
50.95,304,303
51.0,305,305
51.0,307,305
51.0,301,302
51.0,304,305
51.0,302,302
51.0,307,307
51.01,301,301
51.07,308,307
51.07,301,300
51.07,307,309
51.07,301,299
51.07,309,310
51.07,303,302
51.08,307,308
51.13,305,304
51.13,306,307
51.13,306,306
51.13,304,305
51.13,307,305
51.13,304,304
51.14,308,307
51.21,301,301
51.21,310,309
51.21,301,300
51.21,309,309
51.21,301,301
51.21,308,309
51.21,303,302
51.27,310,309
51.27,304,302
51.27,308,308
51.27,305,303
51.27,303,305
51.27,305,305
51.27,302,303
51.33,309,306
51.33,301,302
51.33,310,308
51.33,300,302
51.33,307,309
51.33,301,301
51.34,311,310
51.39,302,301
51.39,309,309
51.39,303,302
51.39,307,308
51.39,307,304
51.4,306,308
51.41,308,305
51.46,303,304
51.46,308,307
51.46,303,303
51.46,308,306
51.46,299,299
51.46,307,306
51.47,295,295
51.53,307,305
51.53,297,297
51.53,303,304
51.53,296,294
51.53,304,303
51.53,297,295
51.54,301,301
51.59,299,296
51.59,298,299
51.59,301,301
51.59,299,298
51.59,305,302
51.59,296,297
51.6,304,302
51.66,294,294
51.66,304,303
51.66,298,296
51.66,302,303
51.66,295,293
51.66,301,302
51.67,295,293
51.72,298,300
51.72,295,293
51.72,294,296
51.72,297,296
51.72,295,296
51.72,298,297
51.73,293,293
51.78,299,298
51.78,291,292
51.78,300,300
51.78,291,291
51.78,300,299
51.79,291,290
51.8,302,301
51.86,295,294
51.86,297,299
51.86,296,294
51.86,299,298
51.86,298,295
51.86,296,296
51.86,299,296
51.92,294,296
51.92,302,299
51.92,294,294
51.92,303,300
51.92,293,292
51.92,303,301
51.93,294,292
51.98,301,300
51.99,296,294
51.99,302,301
51.99,294,294
51.99,299,300
51.99,298,295
52.0,298,299
52.05,300,299
52.05,296,297
52.05,301,299
52.05,297,297
52.05,304,302
52.05,297,296
52.06,305,303
52.11,296,296
52.11,306,305
52.11,297,295
52.11,303,303
52.11,296,294
52.12,301,302
52.13,298,297
52.19,300,301
52.19,300,297
52.19,298,300
52.19,301,299
52.19,297,298
52.19,301,301
52.19,295,295
52.25,303,301
52.25,294,296
52.25,305,304
52.25,296,295
52.25,305,305
52.25,297,297
52.26,304,305
52.31,299,297
52.31,306,305
52.31,301,300
52.31,304,304
52.31,305,303
52.31,304,303
52.32,307,306
52.38,304,303
52.38,309,307
52.38,300,301
52.38,308,308
52.38,298,299
52.38,309,308
52.39,300,299
52.44,308,309
52.44,303,300
52.44,310,309
52.44,308,305
52.44,309,309
52.45,312,310
52.45,309,310
52.5,315,312
52.5,311,311
52.5,316,315
52.5,310,311
52.5,319,316
52.51,308,309
52.52,319,318
52.58,310,311
52.58,321,319
52.58,312,312
52.58,318,320
52.58,316,314
52.58,319,321
52.58,319,318
52.64,320,320
52.64,323,321
52.64,319,320
52.64,324,324
52.64,317,319
52.64,324,324
52.65,314,317
52.7,326,326
52.71,317,316
52.71,325,326
52.71,321,319
52.71,325,325
52.71,319,317
52.72,323,324
52.77,318,318
52.77,321,321
52.77,320,318
52.77,321,320
52.77,320,319
52.77,318,318
52.78,324,322
52.85,316,316
52.85,321,320
52.85,313,313
52.85,323,321
52.85,309,310
52.85,322,320
52.85,313,310
52.91,319,318
52.91,312,311
52.91,316,318
52.91,314,312
52.91,315,315
52.91,314,314
52.91,312,312
52.97,317,317
52.97,312,315
52.97,322,321
52.97,312,313
52.97,321,321
52.97,313,312
52.98,320,321
53.03,313,313
53.03,325,324
53.03,316,316
53.03,323,324
53.03,320,319
53.04,322,324
53.04,324,324
53.1,327,328
53.1,332,331
53.1,328,329
53.1,336,334
53.1,328,330
53.1,339,337
53.11,330,330
53.17,340,340
53.17,334,331
53.17,338,340
53.17,336,333
53.17,341,342
53.17,335,334
53.17,339,340
53.24,335,334
53.24,337,337
53.24,338,337
53.24,334,336
53.24,339,338
53.24,332,334
53.24,338,338
53.3,333,332
53.3,340,339
53.3,329,329
53.3,339,338
53.3,330,330
53.3,336,338
53.31,333,331
53.36,339,339
53.36,334,331
53.36,336,337
53.36,339,336
53.36,335,337
53.36,339,338
53.37,336,336
53.42,343,341
53.42,337,338
53.42,351,349
53.42,341,341
53.42,353,354
53.43,349,347
53.44,358,359
53.5,353,352
53.5,363,362
53.5,358,357
53.5,366,366
53.5,365,364
53.5,366,367
53.5,371,369
53.56,369,370
53.56,377,375
53.56,369,371
53.56,382,379
53.56,371,371
53.56,383,382
53.57,373,374
53.62,382,383
53.62,374,375
53.63,384,384
53.63,377,374
53.63,382,382
53.63,378,377
53.63,382,382
53.69,382,380
53.69,380,381
53.69,384,381
53.69,379,379
53.69,387,385
53.69,381,380
53.7,386,387
53.75,379,379
53.75,389,389
53.75,381,380
53.75,391,390
53.75,383,382
53.76,388,387
53.76,383,381
53.83,387,387
53.83,385,384
53.83,385,385
53.83,388,387
53.83,388,388
53.83,391,388
53.83,388,388
53.89,395,395
53.89,390,391
53.89,401,402
53.89,395,395
53.89,409,408
53.89,402,400
53.9,411,412
53.95,411,407
53.95,416,416
53.95,416,414
53.95,418,421
53.95,422,421
53.95,422,422
53.96,428,426
54.02,424,425
54.02,435,433
54.02,430,430
54.02,438,438
54.02,432,432
54.02,443,444
54.03,440,438
54.08,448,447
54.08,443,441
54.08,449,449
54.08,447,444
54.08,449,450
54.08,449,447
54.09,450,450
54.16,455,452
54.16,450,449
54.16,456,455
54.16,448,450
54.16,456,456
54.16,448,449
54.16,458,458
54.22,450,449
54.22,460,461
54.22,451,449
54.22,459,460
54.22,452,451
54.22,460,460
54.22,457,456
54.28,461,461
54.28,460,459
54.28,462,461
54.28,463,462
54.28,458,458
54.28,463,462
54.29,455,457
54.34,464,463
54.34,455,455
54.34,465,463
54.34,454,454
54.34,461,460
54.35,452,451
54.35,457,457
54.41,448,447
54.41,453,453
54.41,450,447
54.41,447,447
54.41,448,447
54.41,442,443
54.42,444,444
54.48,439,440
54.48,445,443
54.48,433,434
54.48,444,442
54.48,431,432
54.48,443,442
54.49,433,432
54.54,441,441
54.55,434,433
54.55,436,437
54.55,436,434
54.55,438,438
54.55,435,435
54.55,434,435
54.61,439,436
54.61,430,432
54.61,438,436
54.61,430,430
54.61,438,436
54.61,429,428
54.62,438,437
54.67,427,427
54.67,437,436
54.67,430,427
54.67,435,435
54.67,430,428
54.67,433,433
54.68,431,429
54.74,430,431
54.74,433,430
54.74,426,427
54.74,433,431
54.74,427,427
54.74,435,432
54.75,422,424
54.76,436,434
54.77,424,424
54.78,433,434
54.83,426,426
54.83,434,434
54.83,428,428
54.83,431,433
54.83,433,431
54.83,433,433
54.84,434,433
54.91,434,434
54.91,438,437
54.91,432,434
54.91,441,440
54.91,434,434
54.91,446,443
54.91,435,436
54.97,445,447
54.97,441,439
54.97,449,449
54.97,442,440
54.97,449,450
54.97,448,447
54.97,451,452
55.03,453,451
55.03,451,454
55.03,459,457
55.03,454,456
55.03,463,461
55.03,458,457
55.04,464,464
55.09,459,459
55.09,470,468
55.09,461,460
55.09,474,473
55.09,464,462
55.1,471,472
55.1,465,465
55.15,472,472
55.15,469,468
55.15,473,472
55.15,472,470
55.15,468,470
55.16,473,473
55.17,468,469
55.23,474,474
55.23,467,468
55.23,478,476
55.23,469,468
55.23,476,476
55.23,467,466
55.23,474,475
55.3,467,466
55.3,470,472
55.3,465,464
55.3,469,469
55.3,468,467
55.3,466,466
55.3,470,468
55.36,463,465
55.36,468,467
55.36,462,462
55.36,468,467
55.36,458,458
55.36,468,468
55.37,458,457
55.42,465,465
55.42,457,455
55.42,464,463
55.42,455,454
55.42,458,461
55.42,456,454
55.43,456,457
55.48,456,455
55.48,453,454
55.48,456,454
55.48,448,450
55.49,457,455
55.49,447,446
55.5,454,453
55.55,442,443
55.55,450,450
55.55,441,440
55.55,448,448
55.55,441,439
55.55,444,446
55.56,440,437
55.63,442,442
55.63,443,440
55.63,437,439
55.63,442,440
55.63,436,438
55.63,443,440
55.63,434,434
55.69,441,441
55.69,434,433
55.69,443,442
55.69,432,431
55.69,440,439
55.69,430,430
55.69,437,437
55.75,432,430
55.75,432,433
55.75,430,428
55.75,428,430
55.75,430,428
55.75,425,426
55.76,429,427
55.81,421,421
55.81,426,426
55.81,416,417
55.81,426,425
55.81,415,415
55.82,420,421
55.82,411,410
55.88,420,419
55.88,409,409
55.88,414,415
55.88,410,407
55.88,408,410
55.88,408,405
55.89,402,404
55.95,407,404
55.95,399,400
55.95,404,403
55.95,397,397
55.95,403,402
55.95,391,392
55.96,401,401
56.02,393,391
56.02,399,398
56.02,391,389
56.02,394,395
56.02,391,388
56.02,392,392
56.02,388,386
56.08,386,386
56.08,388,386
56.08,384,383
56.08,385,384
56.08,380,380
56.08,383,384
56.09,377,376
56.14,386,384
56.14,375,375
56.14,386,384
56.14,373,372
56.14,378,379
56.14,371,369
56.15,374,375
56.2,371,369
56.2,369,370
56.2,365,364
56.2,363,364
56.2,366,365
56.21,360,361
56.22,367,364
56.28,356,357
56.28,361,361
56.28,352,353
56.28,362,361
56.28,350,349
56.28,358,358
56.28,350,347
56.34,355,355
56.34,347,346
56.34,349,351
56.34,350,347
56.34,348,349
56.34,348,345
56.35,343,344
56.41,350,346
56.41,339,340
56.41,347,344
56.41,336,337
56.41,343,341
56.41,334,333
56.41,341,341
56.47,331,330
56.47,339,338
56.47,332,330
56.47,334,335
56.47,331,327
56.47,333,333
56.48,330,331
56.53,330,330
56.53,331,329
56.53,325,326
56.53,332,329
56.53,320,321
56.54,328,328
56.55,318,319
56.61,328,326
56.61,318,316
56.61,323,323
56.61,316,316
56.61,321,322
56.61,317,315
56.61,320,319
56.67,316,314
56.67,318,318
56.67,319,316
56.67,315,315
56.67,322,319
56.67,313,315
56.68,320,319
56.73,314,313
56.73,322,320
56.73,313,312
56.73,322,321
56.73,312,312
56.73,322,321
56.74,314,314
56.8,319,320
56.8,316,315
56.8,318,320
56.8,316,315
56.8,317,317
56.8,321,319
56.81,316,317
56.86,322,321
56.86,314,315
56.86,325,322
56.86,315,315
56.86,325,324
56.86,314,315
56.87,324,324
56.94,316,315
56.94,322,323
56.94,318,317
56.94,323,322
56.94,322,318
56.94,321,321
56.94,323,321
57.0,318,319
57.0,325,323
57.0,319,321
57.0,326,324
57.0,317,318
57.0,327,325
57.0,317,315
57.06,326,324
57.06,315,315
57.06,325,325
57.06,319,318
57.06,323,323
57.06,320,319
57.07,323,324
57.13,321,321
57.13,320,321
57.13,326,323
57.13,319,319
57.13,326,324
57.13,316,318
57.14,325,325
57.19,317,317
57.19,327,328
57.19,319,317
57.19,324,325
57.19,319,317
57.19,325,324
57.2,318,317
57.26,323,323
57.26,322,320
57.26,322,324
57.26,323,321
57.26,320,321
57.26,325,324
57.27,322,321
57.33,328,327
57.33,321,321
57.33,330,328
57.33,321,320
57.33,332,331
57.33,320,320
57.33,329,330
57.39,326,322
57.39,328,329
57.39,327,324
57.39,328,328
57.39,326,325
57.39,326,327
57.4,331,329
57.45,324,325
57.45,329,329
57.45,322,324
57.45,333,331
57.45,322,322
57.45,330,330
57.46,324,321
57.53,327,328
57.53,323,322
57.53,330,329
57.53,322,322
57.53,324,327
57.53,327,323
57.53,322,325
57.59,327,324
57.59,322,324
57.59,328,325
57.59,321,322
57.59,331,329
57.59,319,320
57.59,332,330
57.65,319,318
57.65,327,328
57.65,322,321
57.65,327,329
57.65,320,320
57.65,328,327
57.66,322,320
57.72,324,325
57.72,323,322
57.72,321,322
57.72,325,324
57.72,321,321
57.72,324,324
57.73,316,317
57.78,326,326
57.78,319,318
57.78,328,327
57.78,317,316
57.78,324,325
57.78,320,318
57.79,324,325
57.85,321,319
57.85,324,324
57.85,321,320
57.86,321,321
57.86,321,320
57.86,319,321
57.86,323,322
57.92,318,318
57.92,324,323
57.92,316,315
57.92,324,323
57.92,315,314
57.92,325,324
57.92,315,312
57.98,322,323
57.98,317,314
57.98,322,322
57.98,318,315
57.98,319,319
57.98,319,317
57.99,319,318
58.04,318,317
58.04,312,315
58.04,321,319
58.04,315,315
58.04,321,321
58.04,312,313
58.05,322,322
58.11,313,313
58.11,321,321
58.11,313,311
58.11,318,319
58.11,312,312
58.11,317,316
58.12,314,313
58.17,315,316
58.17,318,315
58.17,313,313
58.17,316,315
58.17,310,311
58.18,316,314
58.18,308,309
58.25,318,317
58.25,309,307
58.25,316,317
58.25,307,306
58.25,313,315
58.25,310,309
58.25,314,316
58.31,312,310
58.31,310,312
58.31,312,308
58.31,308,310
58.31,313,310
58.31,307,308
58.31,315,312
58.37,304,305
58.37,313,312
58.37,305,304
58.37,313,312
58.37,304,304
58.37,313,312
58.38,306,304
58.43,312,312
58.43,307,305
58.43,309,309
58.43,306,304
58.43,305,306
58.44,308,307
58.45,304,306
58.5,311,309
58.5,302,303
58.5,312,310
58.5,302,302
58.5,310,308
58.5,299,299
58.51,308,309
58.57,301,301
58.57,308,308
58.57,301,300
58.57,304,306
58.57,300,300
58.57,306,306
58.58,302,301
58.64,303,303
58.64,303,302
58.64,297,299
58.64,305,303
58.64,294,295
58.64,304,303
58.64,295,296
58.7,303,302
58.7,293,292
58.7,302,301
58.7,290,290
58.7,296,297
58.7,291,289
58.71,293,292
58.76,290,287
58.76,287,288
58.76,287,286
58.76,280,282
58.76,285,283
58.77,278,279
58.77,282,280
58.82,274,274
58.82,282,280
58.82,272,269
58.82,278,278
58.82,269,268
58.83,274,276
58.84,266,266
58.9,271,271
58.9,265,262
58.9,265,265
58.9,263,261
58.9,259,258
58.9,260,257
58.9,250,252
58.96,257,255
58.96,246,245
58.96,253,249
58.96,237,238
58.96,245,243
58.96,231,232
58.97,237,236
59.03,224,224
59.03,226,229
59.03,217,215
59.03,218,218
59.03,210,207
59.03,204,204
59.04,202,201
59.09,194,193
59.09,194,190
59.09,178,178
59.09,180,178
59.09,163,163
59.09,167,166
59.1,148,149
59.17,152,150
59.17,133,131
59.17,132,132
59.17,119,116
59.17,116,116
59.17,104,102
59.17,99,99
59.17,96,94
59.18,82,80
59.23,85,84
59.23,78,75
59.23,67,65
59.23,69,67
59.23,54,53
59.23,48,47
59.23,49,47
59.24,34,33
59.24,31,31
59.31,29,28
59.31,18,17
59.31,18,20
59.31,15,11
59.31,3,5
59.31,8,9
59.31,0,0
59.31,0,0
59.31,0,0
59.31,0,0
59.31,0,0
59.37,0,0
59.37,0,0
59.37,0,0
59.37,0,0
59.37,0,0
59.37,0,0
59.37,0,0
59.37,0,0
59.37,0,0
59.37,0,0
59.37,0,0
59.43,0,0
59.43,0,0
59.43,0,0
59.43,0,0
59.43,0,0
59.43,0,0
59.43,0,0
59.43,0,0
59.43,0,0
59.43,0,0
59.43,0,0
59.43,0,0
59.44,0,0
59.44,0,0
59.45,0,0
59.45,0,0
59.51,0,0
59.51,0,0
59.51,0,0
59.51,0,0
59.51,0,0
59.51,0,0
59.51,0,0
59.51,0,0
59.57,0,0
59.57,0,0
59.57,0,0
59.57,0,0
59.57,0,0
59.57,0,0
59.57,0,0
59.57,0,0
59.58,0,0
59.58,0,0
59.63,0,0
59.63,0,0
59.64,0,0
59.64,0,0
59.64,0,0
59.64,0,0
59.64,0,0
59.64,0,0
59.7,0,0
59.7,0,0
59.7,0,0
59.7,0,0
59.7,0,0
59.7,0,0
59.7,0,0
59.7,0,0
59.76,0,0
59.76,0,0
59.76,0,0
59.76,0,0
59.76,0,0
59.76,0,1
59.76,14,15
59.76,15,11
59.76,9,11
59.77,24,24
59.78,23,20
59.78,21,23
59.84,35,33
59.84,29,28
59.84,35,34
59.84,40,41
59.84,35,36
59.84,45,46
59.84,48,48
59.84,45,46
59.85,58,59
59.9,58,57
59.9,56,57
59.9,69,69
59.9,64,64
59.9,68,69
59.9,77,76
59.9,72,72
59.91,80,81
59.91,87,84
59.98,80,80
59.98,90,92
59.98,93,92
59.98,89,89
59.98,99,101
59.98,100,97
59.98,100,102
59.98,111,112
59.99,109,107
60.04,113,113
60.04,122,121
60.04,118,115
60.04,126,125
60.04,128,126
60.04,124,124
60.05,136,137
60.1,135,133
60.1,135,134
60.1,147,145
60.1,141,140
60.1,144,146
60.11,155,153
60.12,146,148
60.18,158,158
60.18,161,158
60.18,154,156
60.18,169,168
60.18,164,164
60.18,167,167
60.18,178,177
60.24,172,170
60.24,176,176
60.24,183,183
60.24,177,178
60.24,190,190
60.24,186,184
60.25,195,195
60.3,193,192
60.3,199,202
60.3,199,198
60.3,205,206
60.3,210,207
60.31,207,210
60.31,213,213
60.37,213,214
60.37,222,220
60.37,219,219
60.37,228,227
60.37,223,221
60.37,234,233
60.38,228,227
60.43,236,238
60.43,234,232
60.43,239,240
60.43,240,238
60.43,244,245
60.44,245,243
60.44,247,247
60.51,253,250
60.51,247,249
60.51,256,253
60.51,249,250
60.51,259,258
60.51,253,254
60.51,265,263
60.57,257,255
60.57,266,267
60.57,258,259
60.57,267,268
60.57,264,262
60.57,272,272
60.58,268,266
60.63,271,272
60.63,273,271
60.63,270,273
60.63,280,277
60.63,274,275
60.63,282,280
60.64,273,275
60.7,287,284
60.7,275,276
60.7,289,287
60.7,278,279
60.7,290,289
60.7,283,282
60.71,293,293
60.72,288,288
60.73,293,292
60.74,292,289
60.79,293,293
60.79,298,294
60.79,292,294
60.79,298,297
60.79,293,295
60.79,301,300
60.8,295,294
60.85,304,304
60.85,296,297
60.85,306,306
60.85,300,299
60.85,310,310
60.86,304,301
60.87,309,311
60.93,309,306
60.93,309,311
60.93,312,309
60.93,309,308
60.93,312,311
60.93,310,310
60.93,315,315
60.99,310,312
60.99,318,318
60.99,312,312
60.99,321,320
60.99,315,313
60.99,323,323
61.0,316,314
61.06,323,323
61.06,319,317
61.06,322,323
61.06,322,320
61.06,323,323
61.06,324,323
61.06,321,322
61.12,329,326
61.12,322,322
61.12,331,328
61.12,323,322
61.12,333,333
61.12,325,325
61.13,335,334
61.18,325,326
61.18,336,335
61.18,328,325
61.18,330,332
61.18,328,327
61.19,330,331
61.19,331,328
61.26,328,329
61.26,334,331
61.26,328,329
61.26,332,331
61.26,325,326
61.26,336,334
61.26,327,326
61.32,337,336
61.32,328,327
61.32,337,336
61.32,326,326
61.32,335,334
61.32,327,326
61.33,332,333
61.38,332,329
61.38,328,330
61.38,330,329
61.38,326,327
61.39,331,330
61.39,326,326
61.39,332,330
61.45,323,323
61.45,331,331
61.45,320,320
61.45,329,330
61.45,322,320
61.45,327,328
61.46,322,321
61.51,325,324
61.51,321,320
61.51,320,323
61.51,323,319
61.51,319,319
61.51,321,319
61.52,315,317
61.57,322,322
61.57,314,315
61.57,322,319
61.57,312,313
61.57,321,320
61.58,312,312
61.59,320,320
61.65,311,309
61.65,318,318
61.65,311,310
61.65,317,317
61.65,313,312
61.65,314,315
61.65,318,314
61.71,312,312
61.71,316,313
61.71,308,309
61.71,315,314
61.71,307,307
61.71,316,315
61.72,309,307
61.77,316,316
61.77,307,305
61.77,318,316
61.77,311,308
61.78,314,314
61.78,308,307
61.78,312,313
61.84,309,309
61.84,308,310
61.84,314,311
61.84,306,308
61.84,314,313
61.84,309,308
61.85,318,315
61.9,308,306
61.9,318,315
61.9,307,307
61.9,316,316
61.9,307,305
61.91,314,314
61.92,307,304
61.98,310,310
61.98,308,307
61.98,310,309
61.98,311,309
61.98,307,308
61.98,310,311
61.98,309,308
62.04,312,310
62.04,305,304
62.04,314,311
62.04,304,302
62.04,311,311
62.04,300,301
62.05,308,309
62.1,302,301
62.1,306,308
62.1,300,301
62.1,302,303
62.1,302,302
62.1,304,304
62.11,306,303
62.16,302,301
62.16,306,306
62.16,297,298
62.16,307,306
62.16,297,297
62.17,307,307
62.18,298,296
62.24,307,305
62.24,298,297
62.24,304,305
62.24,299,297
62.24,304,304
62.24,302,300
62.24,302,303
62.3,303,301
62.3,301,301
62.3,303,303
62.3,295,297
62.3,304,303
62.3,296,296
62.31,306,304
62.37,294,295
62.37,304,304
62.37,295,295
62.37,303,304
62.37,298,296
62.37,302,302
62.37,296,296
62.43,300,302
62.43,298,295
62.43,297,297
62.43,299,298
62.43,293,294
62.43,299,298
62.44,293,292
62.49,301,299
62.49,292,292
62.49,300,300
62.49,290,290
62.49,301,301
62.5,292,291
62.5,300,300
62.56,293,291
62.56,299,298
62.56,296,295
62.56,296,297
62.56,297,295
62.56,296,298
62.57,302,299
62.64,294,295
62.64,303,300
62.64,294,294
62.64,302,301
62.64,294,293
62.64,302,302
62.64,295,293
62.7,302,302
62.7,295,293
62.7,300,301
62.7,296,294
62.7,297,298
62.7,295,295
62.7,295,296
62.76,299,297
62.76,295,295
62.76,301,298
62.76,292,294
62.76,300,300
62.76,291,293
62.77,300,300
62.82,290,290
62.82,301,300
62.82,293,290
62.82,299,300
62.82,294,292
62.82,297,298
62.83,296,294
62.88,297,297
62.88,295,293
62.88,292,293
62.88,294,295
62.88,293,293
62.89,298,297
62.9,289,289
62.96,299,297
62.96,292,290
62.96,296,297
62.96,291,289
62.96,295,296
62.96,288,288
62.96,292,295
63.02,291,289
63.02,293,293
63.02,293,289
63.02,292,293
63.02,294,292
63.02,290,291
63.03,294,293
63.09,290,289
63.09,298,296
63.09,285,288
63.09,296,295
63.09,287,288
63.09,294,296
63.09,290,289
63.15,298,297
63.15,290,289
63.15,295,295
63.15,291,289
63.15,292,293
63.15,295,293
63.16,293,294
63.21,297,294
63.21,291,292
63.21,298,296
63.21,289,290
63.21,296,296
63.22,288,288
63.23,297,298
63.29,291,289
63.29,296,297
63.29,289,288
63.29,296,297
63.29,293,290
63.29,293,295
63.29,292,291
63.35,295,294
63.35,294,292
63.35,293,293
63.35,298,295
63.35,289,290
63.35,299,297
63.36,288,289
63.41,300,298
63.41,291,290
63.41,299,299
63.41,291,290
63.41,299,298
63.41,294,292
63.42,296,298
63.48,294,293
63.48,295,297
63.48,295,294
63.48,293,295
63.48,297,296
63.48,294,294
63.49,298,298
63.54,293,292
63.54,300,300
63.54,290,291
63.54,300,300
63.54,291,292
63.55,300,302
63.55,293,292
63.62,301,301
63.62,294,293
63.62,297,298
63.62,296,294
63.62,295,295
63.62,298,295
63.62,294,296
63.68,301,297
63.68,291,293
63.68,302,300
63.68,292,294
63.68,304,301
63.68,295,293
63.68,300,300
63.74,293,292
63.74,299,301
63.74,292,292
63.74,298,300
63.74,298,295
63.74,296,299
63.75,298,297
63.8,297,298
63.8,301,299
63.8,296,296
63.8,300,300
63.8,295,295
63.81,305,303
63.82,295,294
63.87,305,304
63.87,295,294
63.87,303,303
63.87,297,296
63.87,301,303
63.87,298,297
63.88,301,302
63.94,301,300
63.94,299,299
63.94,301,300
63.94,298,299
63.94,303,301
63.94,298,299
63.95,303,303
64.01,297,298
64.01,305,306
64.01,298,297
64.01,305,304
64.01,299,297
64.01,304,305
64.01,299,298
64.07,304,304
64.07,300,299
64.07,301,302
64.07,300,300
64.07,300,301
64.07,302,301
64.08,295,298
64.13,306,303
64.13,298,297
64.13,303,303
64.13,295,294
64.13,305,305
64.14,296,296
64.14,302,304
64.19,295,296
64.19,303,302
64.19,298,297
64.2,301,302
64.2,299,297
64.2,298,299
64.21,301,299
64.27,296,297
64.27,301,301
64.27,297,296
64.27,306,303
64.27,297,296
64.27,305,304
64.27,297,297
64.34,307,306
64.34,295,296
64.34,306,305
64.34,299,297
64.34,303,303
64.34,299,298
64.34,299,301
64.4,303,299
64.4,299,300
64.4,303,301
64.4,297,298
64.4,303,303
64.4,296,297
64.41,307,305
64.46,297,298
64.46,306,305
64.46,297,295
64.46,306,306
64.46,298,298
64.46,305,307
64.47,302,300
64.52,303,304
64.52,302,301
64.52,302,303
64.52,304,303
64.52,302,301
64.53,303,303
64.54,298,299
64.6,307,305
64.6,299,298
64.6,306,306
64.6,299,296
64.6,305,306
64.6,299,297
64.6,305,306
64.66,301,297
64.66,303,304
64.66,301,299
64.66,304,303
64.66,305,302
64.66,302,302
64.67,307,305
64.72,301,300
64.72,304,303
64.72,298,299
64.72,306,305
64.72,298,298
64.72,308,308
64.73,298,299
64.78,306,308
64.78,300,300
64.78,306,307
64.78,304,301
64.78,305,305
64.79,304,303
64.8,302,304
64.86,306,304
64.86,302,304
64.86,308,306
64.86,302,302
64.86,308,307
64.86,298,299
64.86,308,308
64.92,300,300
64.92,308,308
64.92,298,299
64.92,306,306
64.92,302,301
64.92,307,306
64.93,304,300
64.99,305,306
64.99,304,303
64.99,300,301
64.99,307,304
64.99,300,301
64.99,307,306
65.0,297,298
65.05,305,305
65.05,297,298
65.05,308,307
65.05,298,296
65.05,307,308
65.05,300,299
65.06,307,307
65.11,303,301
65.11,305,306
65.11,305,302
65.11,301,303
65.11,305,302
65.12,299,300
65.13,304,303
65.19,297,298
65.19,303,303
65.19,297,296
65.19,304,301
65.19,293,292
65.19,299,299
65.19,290,290
65.25,296,296
65.25,286,285
65.25,289,289
65.25,284,282
65.25,282,283
65.25,278,277
65.26,277,276
65.32,277,276
65.32,272,273
65.32,282,279
65.32,272,272
65.32,281,278
65.32,272,271
65.32,281,280
65.38,273,271
65.38,281,280
65.38,272,273
65.38,280,281
65.38,277,275
65.38,282,281
65.39,278,277
65.44,280,280
65.44,281,280
65.44,279,279
65.44,284,282
65.44,279,278
65.45,286,284
65.45,278,278
65.5,287,286
65.5,280,280
65.5,288,288
65.5,282,281
65.5,289,290
65.51,284,285
65.52,288,289
65.58,287,286
65.58,291,292
65.58,289,289
65.58,291,292
65.58,296,292
65.58,290,290
65.58,298,296
65.65,292,292
65.65,301,300
65.65,293,292
65.65,303,302
65.65,294,295
65.65,303,302
65.65,294,293
65.71,303,303
65.71,299,297
65.71,304,304
65.71,301,300
65.71,303,302
65.71,303,302
65.72,302,301
65.77,306,305
65.77,298,300
65.77,306,306
65.77,298,300
65.77,307,306
65.77,300,299
65.78,306,306
65.83,300,300
65.83,308,308
65.83,303,300
65.83,307,308
65.83,303,302
65.84,307,307
65.85,306,305
65.91,304,306
65.91,310,308
65.91,303,305
65.91,311,309
65.91,302,304
65.91,313,310
65.91,302,302
65.97,312,310
65.97,303,301
65.97,312,311
65.97,304,302
65.97,311,310
65.97,306,304
65.98,309,308
66.04,306,305
66.04,304,307
66.04,306,306
66.04,306,307
66.04,310,309
66.04,303,305
66.04,312,311
66.1,303,304
66.1,311,310
66.1,302,303
66.1,310,310
66.1,304,302
66.1,310,311
66.11,305,303
66.16,311,311
66.16,305,302
66.16,306,308
66.16,307,305
66.16,306,306
66.17,309,307
66.17,305,306
66.23,310,308
66.23,305,304
66.23,310,309
66.23,303,302
66.23,312,311
66.23,304,302
66.24,312,312
66.3,304,303
66.3,310,311
66.3,305,304
66.3,310,309
66.3,304,304
66.3,305,307
66.31,308,305
66.36,302,303
66.36,307,306
66.36,303,303
66.36,310,308
66.36,300,300
66.36,308,307
66.37,299,298
66.43,309,308
66.43,299,298
66.43,310,308
66.43,303,300
66.43,305,306
66.43,302,300
66.44,303,305
66.49,303,302
66.49,303,304
66.49,305,303
66.49,301,303
66.49,308,307
66.49,303,302
66.5,309,309
66.57,301,301
66.57,310,308
66.57,300,300
66.57,305,306
66.57,301,298
66.57,304,306
66.57,301,298
66.63,304,303
66.63,298,297
66.63,300,302
66.63,300,298
66.63,297,297
66.63,301,300
66.63,296,296
66.69,301,300
66.69,295,295
66.69,303,301
66.69,293,292
66.69,304,302
66.69,292,293
66.7,303,302
66.75,295,294
66.75,303,302
66.75,294,295
66.75,300,300
66.75,298,298
66.76,298,299
66.76,302,300
66.81,297,299
66.82,303,302
66.82,295,297
66.82,305,304
66.82,298,299
66.82,310,307
66.83,298,298
66.89,308,308
66.89,299,298
66.89,306,307
66.89,302,300
66.89,307,307
66.89,303,302
66.9,304,306
66.96,306,305
66.96,303,305
66.96,306,307
66.96,301,304
66.96,312,309
66.96,302,302
66.96,313,310
67.02,300,301
67.02,309,310
67.02,304,303
67.02,312,312
67.02,305,304
67.02,309,310
67.03,305,304
67.08,309,308
67.08,308,305
67.08,306,307
67.08,309,307
67.08,304,305
67.08,310,309
67.09,303,303
67.14,312,311
67.14,305,305
67.14,313,312
67.14,304,304
67.14,312,313
67.15,306,304
67.16,312,313
67.22,308,305
67.22,308,311
67.22,308,306
67.22,309,308
67.22,308,307
67.22,305,305
67.22,309,308
67.28,306,306
67.28,310,310
67.28,304,304
67.28,311,312
67.28,303,301
67.28,314,312
67.29,305,304
67.34,309,310
67.35,303,303
67.35,310,312
67.35,307,305
67.35,308,309
67.35,308,307
67.35,306,308
67.41,309,308
67.41,306,307
67.41,312,310
67.41,307,307
67.41,312,312
67.41,304,305
67.42,315,314
67.48,305,304
67.48,314,312
67.49,304,304
67.49,310,312
67.49,305,304
67.49,308,309
67.49,306,306
67.55,307,309
67.55,307,306
67.55,305,306
67.55,306,306
67.55,304,303
67.55,311,308
67.55,302,302
67.61,309,308
67.61,300,301
67.61,309,308
67.61,300,300
67.61,308,309
67.61,301,299
67.62,307,309
67.67,304,302
67.67,307,308
67.67,307,304
67.67,307,307
67.67,308,306
67.67,304,304
67.68,309,309
67.73,306,305
67.73,313,311
67.73,306,305
67.73,313,311
67.73,304,304
67.74,311,312
67.75,305,303
67.81,312,312
67.81,307,305
67.81,309,311
67.81,307,306
67.81,308,309
67.81,306,306
67.81,305,306
67.87,309,307
67.87,305,304
67.87,310,310
67.87,302,303
67.87,311,309
67.87,300,301
67.88,310,310
67.93,301,301
67.93,311,311
67.93,302,302
67.93,308,308
67.93,304,302
67.94,308,307
67.94,305,303
68.0,305,305
68.0,308,305
68.0,302,304
68.0,309,307
68.0,303,303
68.0,310,309
68.01,300,301
68.06,310,309
68.06,301,300
68.06,308,308
68.06,301,300
68.06,308,308
68.07,301,301
68.08,308,309
68.14,305,303
68.14,307,308
68.14,307,305
68.14,306,307
68.14,308,307
68.14,301,303
68.14,309,305
68.2,300,302
68.2,311,308
68.2,299,299
68.2,306,306
68.2,299,299
68.2,307,307
68.21,301,299
68.26,308,308
68.26,303,301
68.26,304,306
68.26,302,302
68.26,305,304
68.26,306,304
68.28,302,304
68.28,310,307
68.29,300,300
68.3,308,307
68.35,300,300
68.35,308,306
68.35,299,300
68.35,309,307
68.35,300,300
68.36,306,308
68.37,302,300
68.42,305,306
68.42,303,302
68.42,304,305
68.42,305,302
68.42,304,304
68.42,306,304
68.43,301,303
68.49,306,305
68.49,298,300
68.49,306,306
68.49,298,300
68.49,307,306
68.49,297,298
68.5,306,307
68.56,301,300
68.56,306,308
68.56,300,300
68.56,305,305
68.56,304,303
68.56,304,304
68.56,304,304
68.62,303,305
68.62,307,306
68.62,302,302
68.62,308,307
68.62,302,301
68.62,310,308
68.63,301,299
68.68,308,307
68.68,301,300
68.68,310,309
68.68,301,299
68.68,307,308
68.69,304,301
68.69,302,305
68.75,303,302
68.75,305,306
68.75,308,305
68.75,302,302
68.75,307,305
68.75,302,301
68.76,308,308
68.82,298,299
68.82,310,308
68.82,298,298
68.82,309,309
68.82,303,301
68.82,309,310
68.82,304,304
68.89,312,313
68.89,311,308
68.89,315,316
68.89,319,317
68.89,317,316
68.89,320,319
68.89,316,318
68.95,327,325
68.95,321,321
68.95,331,329
68.95,324,324
68.95,332,333
68.95,329,328
68.96,338,339
69.01,335,333
69.01,345,346
69.01,342,341
69.01,348,350
69.01,352,350
69.01,353,354
69.02,359,358
69.07,358,359
69.07,368,366
69.07,365,365
69.07,377,375
69.07,372,372
69.08,382,384
69.09,378,378
69.15,390,391
69.15,385,384
69.15,397,397
69.15,392,392
69.15,401,401
69.15,401,398
69.15,403,403
69.21,402,399
69.21,385,384
69.21,372,367
69.21,357,356
69.21,352,348
69.21,333,332
69.22,330,330
69.27,313,314
69.27,316,316
69.27,300,300
69.27,304,304
69.27,291,290
69.28,293,294
69.28,285,282
69.34,284,285
69.34,280,278
69.34,276,276
69.34,278,275
69.34,269,270
69.34,272,270
69.35,262,264
69.41,271,268
69.41,260,259
69.41,266,265
69.41,254,256
69.41,266,265
69.41,256,254
69.41,262,263
69.48,255,254
69.48,258,259
69.48,256,255
69.48,257,257
69.48,256,255
69.48,252,255
69.48,258,257
69.54,252,253
69.54,260,257
69.54,252,252
69.54,259,257
69.54,250,251
69.54,259,258
69.55,252,251
69.6,260,259
69.6,255,254
69.6,259,260
69.6,258,255
69.6,261,261
69.6,261,259
69.61,261,261
69.66,263,261
69.66,262,261
69.66,267,266
69.66,261,261
69.66,271,269
69.67,260,261
69.68,272,270
69.74,265,264
69.74,275,273
69.74,267,266
69.74,274,275
69.74,269,268
69.74,271,273
69.74,270,269
69.8,273,275
69.8,275,272
69.8,271,272
69.8,278,275
69.8,274,276
69.8,280,280
69.81,276,276
69.86,283,282
69.86,276,276
69.86,285,286
69.86,279,278
69.86,286,287
69.87,282,280
69.87,291,291
69.93,286,284
69.93,290,291
69.93,289,286
69.93,286,289
69.93,292,290
69.93,289,291
69.94,295,295
69.99,292,293
69.99,301,298
69.99,294,294
69.99,304,302
69.99,293,294
70.0,304,303
70.0,297,295
70.07,306,303
70.07,297,295
70.07,304,304
70.07,302,299
70.07,300,302
70.07,301,300
70.07,302,300
70.13,302,301
70.13,300,301
70.13,307,304
70.13,299,300
70.13,307,305
70.13,298,297
70.14,304,305
70.19,300,298
70.19,307,306
70.19,299,297
70.19,306,305
70.19,298,298
70.19,303,304
70.2,301,300
70.25,303,302
70.25,301,301
70.25,300,302
70.25,306,303
70.25,298,300
70.26,305,305
70.27,297,299
70.33,309,307
70.33,298,299
70.33,307,308
70.33,300,300
70.33,308,308
70.33,302,301
70.33,309,308
70.39,304,302
70.39,306,307
70.39,305,303
70.39,304,304
70.39,307,306
70.39,302,304
70.4,308,308
70.46,305,304
70.46,308,307
70.46,295,296
70.46,302,300
70.46,291,290
70.46,296,297
70.46,285,284
70.52,291,292
70.52,286,285
70.52,288,289
70.52,286,285
70.52,288,287
70.52,289,286
70.53,283,285
70.58,288,286
70.58,281,282
70.58,287,286
70.58,282,282
70.58,289,289
70.59,281,281
70.59,292,289
70.66,282,282
70.66,288,290
70.66,281,280
70.66,290,291
70.66,285,282
70.66,286,289
70.66,285,284
70.72,285,286
70.72,289,288
70.72,284,286
70.72,290,290
70.72,285,287
70.72,296,294
70.73,288,287
70.78,296,296
70.78,288,288
70.78,298,298
70.78,291,289
70.78,299,299
70.78,293,292
70.79,299,299
70.85,298,295
70.85,301,300
70.85,300,298
70.85,299,299
70.85,302,301
70.85,298,299
70.86,304,304
70.91,300,300
70.91,308,308
70.91,300,300
70.91,310,309
70.91,300,300
70.91,308,309
70.92,303,302
70.97,309,312
70.97,308,306
70.97,308,310
70.97,310,308
70.97,310,311
70.98,314,311
70.99,307,309
71.05,315,312
71.05,309,310
71.05,318,317
71.05,310,310
71.05,318,317
71.05,310,309
71.05,321,320
71.11,311,309
71.11,320,320
71.11,312,309
71.11,318,319
71.11,315,313
71.11,316,316
71.12,319,316
71.17,316,317
71.17,319,318
71.17,315,315
71.17,321,320
71.17,313,314
71.18,322,321
71.18,313,314
71.24,322,320
71.24,313,313
71.24,323,322
71.24,314,313
71.24,320,322
71.24,317,316
71.25,319,321
71.31,318,317
71.31,317,320
71.31,321,320
71.31,317,317
71.31,323,321
71.31,317,317
71.32,324,325
71.38,318,318
71.38,326,327
71.38,319,317
71.38,327,327
71.38,321,319
71.38,328,327
71.38,320,320
71.44,325,326
71.44,322,321
71.44,325,326
71.44,323,323
71.44,323,323
71.44,327,326
71.45,324,324
71.5,330,328
71.5,320,321
71.5,330,329
71.5,322,320
71.5,331,330
71.5,321,319
71.51,328,328
71.56,322,320
71.56,327,328
71.56,323,320
71.56,326,326
71.56,324,322
71.57,324,324
71.58,325,323
71.64,322,323
71.64,327,326
71.64,318,319
71.64,328,327
71.64,320,320
71.64,326,327
71.64,318,319
71.7,329,328
71.7,319,318
71.7,328,328
71.7,320,319
71.7,324,327
71.7,322,323
71.71,326,325
71.77,326,324
71.77,324,324
71.77,326,324
71.77,323,322
71.77,328,327
71.77,320,321
71.77,329,327
71.83,321,320
71.83,331,330
71.83,321,321
71.83,329,331
71.83,322,322
71.83,330,330
71.84,327,325
71.89,329,330
71.89,327,327
71.89,329,330
71.89,329,328
71.89,328,328
71.9,334,331
71.9,325,326
71.97,330,329
71.97,323,324
71.97,332,333
71.97,324,323
71.97,330,330
71.97,324,323
71.97,331,331
72.03,324,322
72.03,329,329
72.03,325,325
72.03,327,329
72.03,327,327
72.03,327,327
72.04,330,329
72.09,330,329
72.09,335,333
72.09,331,330
72.09,336,336
72.09,331,331
72.1,341,340
72.1,334,332
72.16,344,344
72.16,338,337
72.16,346,347
72.16,341,341
72.16,351,351
72.16,353,352
72.17,356,357
72.22,361,360
72.22,361,363
72.22,368,368
72.22,365,366
72.22,376,374
72.22,372,372
72.23,385,384
72.29,377,378
72.29,391,390
72.29,385,385
72.29,398,399
72.29,394,394
72.29,402,405
72.3,404,403
72.35,408,410
72.35,414,411
72.35,414,417
72.35,424,422
72.35,424,425
72.36,434,432
72.36,431,432
72.43,443,443
72.43,440,440
72.43,454,453
72.43,449,448
72.43,462,462
72.43,455,455
72.43,468,468
72.49,466,466
72.49,472,473
72.49,476,474
72.49,476,478
72.49,481,480
72.49,483,484
72.49,487,487
72.55,487,487
72.55,496,494
72.55,489,489
72.55,501,499
72.55,493,493
72.55,503,505
72.56,497,495
72.61,506,507
72.61,502,501
72.61,509,508
72.62,504,502
72.62,507,507
72.62,506,504
72.63,505,506
72.68,509,507
72.68,502,503
72.68,509,507
72.68,501,502
72.68,509,507
72.68,501,500
72.69,510,508
72.75,498,497
72.75,504,505
72.75,497,494
72.75,501,502
72.75,492,492
72.75,495,497
72.76,491,489
72.82,493,492
72.82,491,488
72.82,486,486
72.82,486,485
72.82,481,481
72.82,484,483
72.82,473,475
72.88,482,481
72.88,471,469
72.88,477,476
72.88,466,463
72.88,471,471
72.88,463,461
72.89,465,464
72.94,456,456
72.94,459,460
72.94,456,453
72.94,453,453
72.94,457,455
72.95,448,449
72.95,451,450
73.01,445,443
73.01,450,448
73.01,439,438
73.01,446,446
73.01,436,436
73.01,443,443
73.02,431,432
73.07,437,437
73.07,428,428
73.07,430,432
73.07,426,424
73.07,424,425
73.08,422,421
73.08,416,419
73.15,418,418
73.15,413,415
73.15,419,416
73.15,407,406
73.15,413,412
73.15,403,402
73.15,409,409
73.21,399,397
73.21,405,404
73.21,394,392
73.21,397,398
73.21,392,390
73.21,392,392
73.22,389,388
73.27,387,387
73.27,386,385
73.27,380,381
73.27,384,383
73.27,375,375
73.27,378,379
73.28,373,373
73.34,380,378
73.34,370,370
73.34,380,378
73.34,366,367
73.34,375,375
73.34,365,365
73.35,371,371
73.4,370,366
73.4,366,368
73.4,368,367
73.4,366,368
73.4,371,369
73.4,367,366
73.41,374,372
73.47,366,367
73.47,375,374
73.47,368,366
73.47,375,376
73.47,371,369
73.47,377,376
73.48,369,369
73.54,377,377
73.54,373,371
73.54,377,379
73.54,379,376
73.54,377,379
73.54,383,380
73.54,380,380
73.6,383,383
73.6,379,379
73.6,384,384
73.6,380,379
73.6,388,388
73.6,381,382
73.61,393,391
73.66,384,384
73.66,395,394
73.66,386,387
73.66,393,394
73.66,392,390
73.67,395,394
73.67,394,391
73.72,394,394
73.72,396,395
73.72,394,395
73.72,402,400
73.72,393,393
73.73,403,402
73.74,395,394
73.8,405,403
73.8,396,395
73.8,404,404
73.8,397,396
73.8,405,406
73.8,398,398
73.81,402,403
73.86,401,400
73.86,402,402
73.86,403,400
73.86,400,400
73.86,404,402
73.86,396,398
73.87,403,401
73.92,394,396
73.92,406,404
73.92,394,395
73.92,403,403
73.92,396,394
73.93,403,403
73.94,395,394
73.99,399,400
73.99,398,396
73.99,398,399
73.99,396,395
73.99,393,395
73.99,396,395
74.0,390,391
74.06,396,396
74.06,389,389
74.06,395,394
74.06,387,386
74.06,396,396
74.07,385,386
74.07,395,394
74.13,387,386
74.13,392,392
74.13,385,384
74.13,388,389
74.13,387,385
74.13,386,386
74.13,386,384
74.19,383,384
74.19,386,384
74.19,380,381
74.19,386,385
74.19,379,378
74.19,384,384
74.2,377,375
74.25,380,381
74.25,374,372
74.25,378,379
74.25,374,371
74.25,377,376
74.26,370,368
74.26,372,372
74.31,370,367
74.31,366,368
74.31,369,367
74.31,363,364
74.31,370,366
74.32,361,360
74.33,368,366
74.39,358,358
74.39,366,365
74.39,357,356
74.39,364,364
74.39,356,356
74.39,360,362
74.4,356,353
74.46,359,360
74.46,355,353
74.46,356,356
74.46,356,355
74.46,353,353
74.46,355,353
74.46,349,349
74.52,355,353
74.52,347,349
74.52,358,356
74.52,345,346
74.52,356,355
74.52,346,345
74.53,351,351
74.58,346,344
74.58,347,348
74.58,343,341
74.58,344,345
74.58,342,341
74.58,342,342
74.59,340,340
74.64,336,338
74.64,341,340
74.64,333,333
74.64,339,338
74.64,330,332
74.65,337,337
74.66,330,329
74.72,336,335
74.72,328,327
74.72,334,334
74.72,327,325
74.72,330,332
74.72,327,326
74.72,328,327
74.78,327,326
74.78,324,325
74.78,329,327
74.78,323,323
74.78,330,328
74.78,321,321
74.79,327,327
74.85,318,317
74.85,327,326
74.85,317,318
74.85,325,326
74.85,320,318
74.85,322,324
74.85,319,316
74.91,320,322
74.91,322,318
74.91,317,320
74.91,320,318
74.91,317,317
74.91,320,318
74.92,313,313
74.97,321,319
74.97,308,311
74.97,319,316
74.97,313,311
74.97,317,318
74.98,308,308
74.98,314,314
75.04,308,307
75.04,313,313
75.04,310,308
75.04,310,312
75.04,310,310
75.04,308,309
75.05,311,311
75.12,309,308
75.12,316,313
75.12,303,306
75.12,317,314
75.12,305,305
75.12,313,314
75.12,305,305
75.18,315,313
75.18,307,304
75.18,313,313
75.18,306,305
75.18,310,310
75.18,310,306
75.18,309,309
75.24,310,309
75.24,307,307
75.24,314,310
75.24,304,304
75.24,313,310
75.24,302,303
75.25,313,310
75.3,304,303
75.3,311,312
75.3,304,303
75.3,310,311
75.3,305,304
75.3,309,310
75.31,308,306
75.37,310,310
75.37,306,306
75.37,306,308
75.37,310,308
75.37,303,305
75.37,310,310
75.38,303,304
75.44,313,311
75.44,303,301
75.44,311,309
75.44,301,299
75.44,308,310
75.44,302,301
75.44,308,308
75.51,304,304
75.51,304,305
75.51,304,304
75.51,305,304
75.51,303,302
75.51,301,299
75.51,303,300
75.57,294,294
75.57,301,298
75.57,288,290
75.57,300,300
75.57,292,291
75.57,300,301
75.57,294,293
75.63,301,300
75.63,295,293
75.63,301,301
75.63,296,295
75.63,296,297
75.63,297,295
75.64,291,292
75.69,298,296
75.69,292,293
75.69,298,298
75.69,292,294
75.69,303,300
75.7,294,292
75.71,304,302
75.76,295,294
75.76,300,300
75.76,292,292
75.76,301,301
75.76,292,291
75.76,296,296
75.77,294,292
75.83,294,294
75.84,293,292
75.84,286,287
75.84,292,290
75.84,287,286
75.84,293,290
75.84,283,283
75.9,292,291
75.9,282,281
75.9,288,289
75.9,283,282
75.9,288,289
75.9,285,282
75.9,290,289
75.96,287,285
75.96,289,288
75.96,289,286
75.96,286,288
75.96,291,289
75.96,284,285
75.97,290,290
75.98,283,283
75.99,291,291
76.0,282,283
76.05,293,292
76.05,283,281
76.05,291,290
76.05,285,282
76.05,288,289
76.05,284,283
76.06,288,289
76.11,289,286
76.11,286,287
76.11,288,287
76.11,286,287
76.11,290,289
76.12,286,284
76.13,292,292
76.19,286,286
76.19,293,294
76.19,286,286
76.19,294,292
76.19,285,285
76.19,293,293
76.19,288,286
76.25,294,293
76.25,289,288
76.25,291,292
76.25,292,290
76.25,289,290
76.25,293,292
76.26,289,290
76.32,297,294
76.32,290,290
76.32,297,296
76.32,288,289
76.32,297,296
76.32,291,289
76.32,295,296
76.38,292,292
76.38,298,298
76.38,294,293
76.38,295,297
76.38,295,293
76.38,294,295
76.39,298,296
76.44,295,295
76.44,299,298
76.44,295,295
76.44,301,298
76.44,293,293
76.45,300,300
76.46,292,292
76.52,303,302
76.52,292,292
76.52,301,301
76.52,295,294
76.52,302,302
76.52,296,294
76.52,297,299
76.58,302,298
76.58,298,298
76.58,301,300
76.58,300,299
76.58,303,301
76.58,296,297
76.59,305,304
76.64,298,297
76.64,305,306
76.64,299,298
76.64,307,307
76.64,298,297
76.64,304,306
76.65,299,298
76.71,305,305
76.71,304,301
76.71,304,304
76.71,306,304
76.71,300,302
76.71,306,304
76.72,300,300
76.77,308,306
76.77,300,300
76.77,309,308
76.77,297,299
76.77,309,309
76.77,301,299
76.78,307,306
76.83,301,300
76.83,305,306
76.83,302,301
76.83,304,306
76.83,305,302
76.84,300,303
76.85,305,306
76.91,300,301
76.91,307,305
76.91,299,301
76.91,306,307
76.91,297,296
76.91,306,306
76.91,299,297
76.97,304,304
76.97,298,296
76.97,302,304
76.97,299,296
76.97,300,301
76.97,298,296
76.98,296,298
77.04,298,297
77.04,293,294
77.04,297,295
77.04,289,289
77.04,296,294
77.04,286,286
77.05,293,292
77.1,282,282
77.1,290,290
77.1,280,279
77.1,286,286
77.1,279,277
77.1,281,284
77.11,279,277
77.18,279,281
77.18,276,278
77.18,276,277
77.18,279,275
77.18,273,274
77.18,278,276
77.18,269,270
77.24,278,276
77.24,270,269
77.24,276,276
77.24,266,266
77.24,276,276
77.24,265,265
77.24,271,273
77.3,267,266
77.3,272,273
77.3,269,266
77.3,268,270
77.3,270,269
77.3,268,268
77.31,273,270
77.36,265,265
77.36,270,270
77.36,262,263
77.36,271,271
77.36,263,262
77.36,272,270
77.37,261,260
77.42,268,267
77.42,259,258
77.42,265,264
77.42,259,258
77.42,263,264
77.43,261,258
77.44,259,258
77.5,258,257
77.5,253,253
77.5,257,256
77.5,250,251
77.5,257,255
77.5,248,248
77.5,256,254
77.56,243,242
77.56,251,250
77.56,241,239
77.56,246,247
77.56,238,237
77.56,240,242
77.57,239,236
77.63,235,236
77.63,234,232
77.63,229,231
77.63,231,229
77.63,223,223
77.63,230,227
77.63,217,217
77.69,223,223
77.69,213,212
77.69,219,218
77.69,209,207
77.69,214,214
77.69,205,202
77.7,208,208
77.75,202,200
77.75,203,203
77.75,199,196
77.75,197,197
77.75,197,195
77.76,191,192
77.77,193,192
77.83,187,185
77.83,190,190
77.83,181,182
77.83,188,187
77.83,176,176
77.83,186,185
77.83,174,173
77.89,183,182
77.89,173,172
77.89,177,177
77.89,170,169
77.89,172,173
77.89,172,170
77.9,168,169
77.95,169,167
77.95,164,165
77.95,170,169
77.95,160,162
77.95,168,168
77.95,158,157
77.96,168,166
78.01,156,156
78.01,165,164
78.01,154,152
78.01,157,159
78.01,154,152
78.02,155,154
78.03,153,150
78.09,150,152
78.09,150,150
78.09,145,148
78.09,153,149
78.09,144,142
78.09,146,145
78.09,137,136
78.15,144,143
78.15,133,131
78.16,138,139
78.16,126,126
78.16,132,133
78.16,125,125
78.16,128,127
78.22,121,120
78.22,121,122
78.22,117,115
78.22,112,112
78.22,116,116
78.22,110,108
78.22,115,112
78.28,105,104
78.28,113,111
78.28,104,103
78.28,111,109
78.28,98,98
78.28,105,106
78.29,101,99
78.3,102,102
78.31,104,102
78.31,97,99
78.32,106,106
78.39,98,98
78.39,107,107
78.39,103,101
78.39,107,107
78.39,105,103
78.39,105,105
78.39,110,108
78.4,107,108
78.4,112,113
78.46,107,108
78.46,117,117
78.46,108,111
78.46,122,122
78.46,114,114
78.46,127,127
78.47,120,119
78.52,130,131
78.52,124,124
78.52,129,131
78.52,133,131
78.52,135,136
78.53,139,138
78.54,140,141
78.6,145,144
78.6,143,145
78.6,152,153
78.6,149,149
78.6,159,158
78.6,150,154
78.6,166,167
78.66,160,159
78.66,171,172
78.66,167,166
78.66,176,176
78.66,176,174
78.66,178,181
78.67,181,180
78.72,182,185
78.72,192,190
78.72,188,189
78.72,198,197
78.72,195,194
78.72,208,205
78.73,198,199
78.79,211,212
78.79,210,209
78.79,221,222
78.79,218,217
78.79,229,230
78.79,227,226
78.8,235,236
78.85,234,234
78.85,242,243
78.85,245,244
78.85,249,249
78.85,252,251
78.86,252,252
78.86,263,261
78.93,256,256
78.93,268,267
78.93,261,261
78.93,272,272
78.93,266,266
78.93,277,278
78.93,270,269
78.99,280,280
78.99,278,275
78.99,283,283
78.99,283,281
78.99,285,285
78.99,288,288
78.99,285,285
79.05,292,291
79.05,286,287
79.05,297,295
79.05,287,288
79.05,298,296
79.05,288,288
79.06,301,300
79.11,292,292
79.11,299,299
79.11,294,292
79.11,298,300
79.11,299,297
79.12,299,300
79.13,299,298
79.18,300,301
79.18,304,301
79.18,298,299
79.18,304,304
79.18,299,299
79.18,311,310
79.19,300,301
79.26,309,310
79.26,302,303
79.26,314,313
79.26,305,304
79.26,311,314
79.26,309,308
79.26,312,314
79.32,314,312
79.32,313,313
79.32,316,315
79.32,314,313
79.32,320,317
79.32,312,314
79.32,323,321
79.38,314,314
79.38,322,321
79.38,313,312
79.38,322,320
79.38,312,310
79.38,320,320
79.39,310,310
79.44,319,320
79.44,314,312
79.44,316,317
79.44,317,316
79.44,313,314
79.45,318,316
79.45,311,313
79.51,319,317
79.51,311,311
79.51,316,316
79.51,310,309
79.51,320,319
79.51,308,309
79.52,319,317
79.58,308,308
79.58,315,317
79.58,314,310
79.58,312,315
79.58,314,314
79.58,316,318
79.58,322,321
79.65,320,321
79.65,326,325
79.65,324,325
79.65,334,334
79.65,328,330
79.65,341,341
79.65,334,334
79.71,346,345
79.71,339,338
79.71,350,350
79.71,345,343
79.71,353,353
79.71,353,352
79.72,360,363
79.77,366,365
79.77,369,371
79.77,376,376
79.77,376,378
79.77,386,384
79.77,381,381
79.78,392,391
79.83,384,385
79.83,396,395
79.83,387,386
79.83,397,397
79.83,390,389
79.84,401,402
79.85,399,398
79.91,405,407
79.91,408,407
79.91,410,413
79.91,415,415
79.91,414,416
79.91,422,420
79.91,413,414
79.97,422,421
79.97,412,413
79.97,421,421
79.97,412,412
79.97,423,421
79.97,412,410
79.98,415,415
80.04,392,387
80.04,373,372
80.04,354,351
80.04,339,339
80.04,327,323
80.04,310,309
80.04,304,299
80.1,288,287
80.1,284,280
80.1,266,266
80.1,269,266
80.1,251,251
80.1,256,253
80.11,236,236
80.16,240,240
80.16,229,226
80.16,228,230
80.16,220,219
80.16,222,220
80.17,214,213
80.17,210,212
80.24,207,206
80.24,205,206
80.24,210,207
80.24,200,201
80.24,206,204
80.24,196,196
80.24,205,203
80.3,195,194
80.3,199,200
80.3,193,192
80.3,202,201
80.3,195,192
80.3,199,199
80.31,196,195
80.36,199,198
80.36,200,197
80.36,196,199
80.36,203,202
80.36,199,199
80.36,208,205
80.37,201,200
80.43,209,208
80.43,200,201
80.43,210,211
80.43,205,203
80.43,213,214
80.43,208,206
80.44,216,216
80.49,215,212
80.49,217,218
80.49,219,218
80.49,220,221
80.49,223,223
80.49,226,225
80.5,229,229
80.57,226,229
80.57,237,236
80.57,230,231
80.57,243,242
80.57,234,233
80.57,244,245
80.57,238,237
80.63,247,249
80.63,244,242
80.63,251,251
80.63,249,247
80.63,252,252
80.63,253,250
80.63,252,254
80.69,258,257
80.69,254,255
80.69,263,262
80.69,256,258
80.69,268,266
80.69,258,258
80.7,270,269
80.75,262,262
80.75,273,272
80.75,265,264
80.75,276,277
80.75,269,267
80.76,274,275
80.76,272,271
80.81,277,277
80.81,280,277
80.81,278,280
80.81,285,283
80.81,281,281
80.82,287,287
80.83,281,282
80.89,291,290
80.89,282,283
80.89,293,294
80.89,286,285
80.89,294,296
80.89,289,287
80.9,296,296
80.95,294,290
80.95,296,296
80.96,294,293
80.96,292,294
80.96,295,295
80.96,294,295
80.96,300,298
81.02,293,293
81.02,300,300
81.02,293,292
81.02,302,300
81.02,293,292
81.02,303,302
81.03,296,294
81.08,303,303
81.08,298,296
81.08,302,303
81.08,299,298
81.08,300,302
81.08,302,300
81.09,300,300
81.16,304,303
81.16,298,299
81.16,308,306
81.16,297,299
81.16,306,306
81.16,296,298
81.16,308,308
81.22,301,298
81.22,306,306
81.22,301,298
81.22,307,308
81.22,305,303
81.22,305,305
81.22,303,302
81.28,305,306
81.28,307,305
81.28,304,305
81.28,312,309
81.28,303,304
81.28,314,311
81.29,304,304
81.34,315,314
81.34,305,304
81.34,313,314
81.34,307,306
81.34,317,316
81.35,308,308
81.35,312,315
81.41,313,310
81.41,313,313
81.41,313,311
81.41,309,311
81.41,315,314
81.41,309,309
81.42,318,314
81.47,308,308
81.47,317,315
81.47,307,306
81.47,316,316
81.47,306,306
81.48,317,317
81.49,309,306
81.55,314,314
81.55,309,308
81.55,312,313
81.55,311,310
81.55,314,313
81.55,315,312
81.55,309,310
81.61,316,314
81.61,309,309
81.61,316,315
81.61,310,309
81.61,316,316
81.61,309,308
81.62,316,317
81.67,310,308
81.67,315,317
81.67,309,309
81.67,314,316
81.67,312,309
81.67,311,312
81.68,313,312
81.74,309,312
81.74,314,313
81.74,309,309
81.74,315,313
81.74,303,306
81.74,317,315
81.75,306,306
81.8,314,314
81.8,306,306
81.8,317,316
81.8,309,308
81.8,314,315
81.8,308,307
81.81,310,312
81.86,311,309
81.86,309,311
81.86,312,310
81.86,309,309
81.86,315,311
81.87,304,307
81.88,314,313
81.94,305,306
81.94,316,314
81.94,303,304
81.94,315,314
81.94,306,304
81.94,312,313
81.94,307,306
82.0,313,313
82.0,309,307
82.0,308,310
82.0,310,308
82.0,307,307
82.0,311,309
82.01,307,306
82.06,313,310
82.07,304,304
82.07,312,311
82.07,301,301
82.07,313,312
82.07,301,301
82.07,308,309
82.13,300,300
82.13,309,309
82.13,305,303
82.13,308,309
82.13,307,304
82.13,305,305
82.14,307,305
82.2,305,304
82.2,308,307
82.2,300,301
82.2,310,308
82.2,300,300
82.2,306,306
82.21,299,298
82.27,308,308
82.27,298,299
82.27,306,308
82.27,300,300
82.27,305,307
82.27,303,300
82.27,305,305
82.33,306,303
82.33,300,303
82.33,306,305
82.33,300,301
82.33,307,305
82.33,302,301
82.34,305,305
82.39,297,296
82.39,306,306
82.39,298,298
82.39,305,306
82.39,300,300
82.39,304,305
82.4,301,299
82.45,304,304
82.45,302,299
82.45,302,302
82.45,305,303
82.45,302,302
82.46,306,303
82.47,297,298
82.53,303,304
82.53,296,297
82.53,307,305
82.53,298,297
82.53,304,304
82.53,296,296
82.53,304,304
82.59,299,296
82.59,302,302
82.59,300,297
82.59,298,301
82.59,300,298
82.59,296,298
82.6,302,300
82.66,295,297
82.66,302,300
82.66,294,296
82.66,303,302
82.66,292,291
82.66,303,302
82.66,291,291
82.72,302,303
82.72,295,293
82.72,301,301
82.72,296,294
82.72,298,299
82.72,297,294
82.73,295,296
82.78,300,298
82.78,294,295
82.78,299,298
82.78,295,295
82.78,303,300
82.79,294,293
82.8,303,301
82.86,293,292
82.86,303,302
82.86,295,293
82.86,301,302
82.86,295,293
82.86,300,301
82.86,299,296
82.92,298,299
82.92,299,297
82.92,297,299
82.92,303,301
82.92,296,296
82.92,300,300
82.93,297,296
82.99,304,303
82.99,294,293
82.99,306,306
82.99,297,295
82.99,301,302
82.99,296,296
82.99,304,303
83.05,299,298
83.05,303,303
83.05,302,298
83.05,301,301
83.05,302,300
83.05,296,298
83.06,302,299
83.11,296,296
83.11,302,301
83.11,294,296
83.11,305,304
83.11,293,293
83.11,304,304
83.12,296,294
83.18,304,305
83.19,298,297
83.19,300,303
83.19,297,295
83.19,299,300
83.19,301,298
83.19,297,299
83.25,301,299
83.25,297,297
83.25,304,302
83.25,294,296
83.25,304,303
83.25,294,294
83.25,306,305
83.31,297,295
83.31,305,305
83.31,296,295
83.31,305,304
83.31,299,296
83.31,301,303
83.32,299,298
83.37,298,300
83.37,302,300
83.37,300,301
83.37,303,303
83.37,299,299
83.38,305,305
83.39,298,299
83.45,306,306
83.45,299,298
83.45,306,306
83.45,299,298
83.45,306,307
83.45,300,298
83.45,305,306
83.51,300,298
83.51,302,304
83.51,303,301
83.51,302,302
83.51,307,304
83.51,301,300
83.52,307,305
83.57,299,298
83.57,308,306
83.57,297,298
83.57,306,307
83.58,298,296
83.58,305,306
83.58,299,296
83.64,306,305
83.64,298,297
83.64,303,303
83.64,301,297
83.64,300,301
83.64,303,301
83.65,299,300
83.7,304,303
83.7,301,300
83.7,303,303
83.7,294,295
83.7,306,304
83.7,294,295
83.71,306,306
83.78,298,296
83.78,304,305
83.78,298,297
83.78,304,303
83.78,299,298
83.78,301,302
83.78,301,299
83.84,299,300
83.84,302,299
83.84,294,297
83.84,302,302
83.84,297,295
83.84,303,301
83.84,292,294
83.9,305,302
83.9,294,292
83.9,304,303
83.9,293,292
83.9,302,302
83.9,296,295
83.91,302,301
83.96,298,295
83.96,298,298
83.96,301,298
83.96,296,296
83.96,301,300
83.97,292,295
83.98,298,299
84.03,290,293
84.03,302,301
84.03,290,291
84.03,302,303
84.03,293,294
84.03,300,301
84.04,296,293
84.1,299,300
84.1,296,295
84.1,301,301
84.1,301,298
84.1,297,299
84.1,300,299
84.11,297,298
84.17,301,301
84.17,298,298
84.17,303,303
84.17,297,295
84.17,304,303
84.17,295,296
84.17,303,304
84.23,295,296
84.23,302,303
84.23,296,295
84.23,301,302
84.23,299,297
84.23,301,302
84.24,303,300
84.29,298,299
84.29,304,301
84.29,297,297
84.29,304,304
84.29,296,296
84.29,303,304
84.3,298,297
84.35,304,305
84.35,299,298
84.35,306,305
84.35,299,297
84.35,305,306
84.36,301,299
84.37,303,304
84.43,306,303
84.43,301,303
84.43,306,303
84.43,301,303
84.43,309,306
84.43,300,301
84.43,307,307
84.49,300,300
84.49,308,308
84.49,299,299
84.49,310,309
84.49,299,298
84.49,308,308
84.5,302,300
84.56,307,307
84.56,304,302
84.56,304,305
84.56,306,304
84.56,303,303
84.56,308,305
84.57,302,303
84.62,311,310
84.62,300,301
84.62,310,310
84.62,301,300
84.62,308,309
84.62,300,300
84.63,309,308
84.68,304,300
84.68,308,308
84.68,304,302
84.68,306,305
84.68,307,304
84.69,306,305
84.7,307,305
84.76,302,303
84.76,307,306
84.76,301,301
84.76,310,309
84.76,297,298
84.76,309,308
84.76,299,299
84.82,307,306
84.82,297,296
84.82,306,305
84.82,300,299
84.82,304,304
84.82,301,300
84.83,306,304
84.88,303,302
84.88,298,300
84.88,304,303
84.88,298,300
84.88,304,304
84.88,297,297
84.89,303,305
84.95,296,295
84.95,303,304
84.95,297,297
84.95,306,306
84.95,297,297
84.95,306,306
84.96,302,299
85.02,304,304
85.02,302,300
85.02,303,304
85.02,305,302
85.02,301,301
85.02,307,306
85.02,298,299
85.08,308,306
85.08,299,299
85.08,307,306
85.08,299,300
85.08,306,308
85.08,298,298
85.09,305,305
85.15,300,300
85.15,306,306
85.15,305,302
85.15,304,305
85.15,306,303
85.15,302,303
85.15,306,304
85.21,299,300
85.21,306,305
85.21,302,300
85.21,307,308
85.21,300,300
85.21,308,308
85.22,298,298
85.27,310,308
85.27,300,300
85.27,306,307
85.27,302,302
85.27,305,306
85.28,302,302
85.29,304,306
85.35,307,304
85.35,301,302
85.35,307,306
85.35,301,301
85.35,308,307
85.35,299,300
85.35,309,307
85.41,300,300
85.41,309,309
85.41,299,298
85.41,306,308
85.41,300,300
85.41,307,307
85.42,303,302
85.47,305,306
85.47,307,304
85.47,303,304
85.47,304,304
85.47,301,302
85.47,310,307
85.48,299,300
85.53,309,307
85.53,300,301
85.53,308,308
85.53,300,300
85.53,308,308
85.54,302,300
85.55,308,308
85.61,302,301
85.61,305,306
85.61,304,303
85.61,303,304
85.61,307,304
85.61,303,305
85.61,309,307
85.68,301,303
85.68,308,308
85.68,298,299
85.68,311,310
85.68,302,301
85.68,310,310
85.68,300,300
85.74,308,308
85.74,302,301
85.74,307,308
85.74,305,303
85.74,307,307
85.74,307,304
85.74,304,303
85.8,307,305
85.8,301,302
85.8,309,307
85.8,303,302
85.8,309,309
85.8,300,301
85.81,311,310
85.86,303,301
85.86,312,311
85.86,301,301
85.86,309,308
85.86,303,303
85.87,306,307
85.88,305,304
85.93,305,306
85.93,305,305
85.93,303,306
85.93,308,308
85.93,300,302
85.93,312,309
85.94,302,303
86.0,310,310
86.0,303,301
86.0,308,309
86.0,301,302
86.0,309,309
86.0,302,301
86.01,306,308
86.07,304,302
86.07,305,306
86.07,306,305
86.07,302,304
86.07,309,306
86.07,304,303
86.07,311,309
86.13,303,302
86.13,311,310
86.13,300,302
86.13,310,310
86.13,300,301
86.13,309,310
86.14,302,301
86.19,309,308
86.19,303,303
86.19,308,308
86.19,306,306
86.19,306,306
86.2,309,306
86.2,304,304
86.25,310,307
86.25,304,304
86.25,309,308
86.25,300,302
86.25,314,311
86.26,301,301
86.27,311,310
86.33,306,303
86.33,308,310
86.33,304,301
86.33,308,310
86.33,305,304
86.33,307,307
86.33,308,305
86.4,304,305
86.4,308,307
86.4,304,304
86.4,308,305
86.4,299,300
86.4,310,307
86.4,302,300
86.46,311,309
86.46,298,298
86.46,306,307
86.46,300,299
86.46,304,305
86.46,303,300
86.47,305,305
86.52,301,299
86.52,302,303
86.52,305,302
86.52,298,299
86.52,303,302
86.52,297,298
86.53,303,302
86.58,294,295
86.58,305,304
86.58,293,294
86.58,305,304
86.58,296,295
86.59,304,304
86.6,298,297
86.66,301,303
86.66,301,298
86.66,300,301
86.66,302,301
86.66,298,300
86.66,303,302
86.66,299,299
86.72,304,303
86.72,295,297
86.72,305,304
86.72,295,297
86.72,309,310
86.72,300,300
86.73,308,309
86.78,304,301
86.78,311,312
86.78,305,303
86.78,308,309
86.78,309,306
86.78,307,308
86.79,306,306
86.85,304,305
86.85,308,306
86.85,300,302
86.85,311,308
86.85,300,300
86.85,310,310
86.86,301,300
86.91,310,310
86.91,301,300
86.91,306,309
86.91,304,301
86.91,305,308
86.92,302,302
86.92,307,306
86.98,306,303
86.98,303,303
86.98,305,304
86.98,298,301
86.99,307,304
86.99,299,299
86.99,306,306
87.0,297,298
87.01,308,308
87.02,299,297
87.08,307,307
87.08,297,299
87.08,304,305
87.08,300,299
87.08,303,304
87.08,303,300
87.08,302,304
87.14,305,303
87.14,300,301
87.14,307,305
87.14,299,300
87.14,309,307
87.14,301,300
87.15,308,308
87.2,300,300
87.2,308,307
87.2,300,299
87.2,308,309
87.2,301,301
87.21,307,308
87.21,305,304
87.27,306,307
87.27,306,304
87.27,304,306
87.27,309,307
87.27,306,304
87.27,311,309
87.28,304,304
87.34,313,311
87.34,302,301
87.35,310,310
87.35,303,302
87.35,309,310
87.35,304,301
87.35,309,308
87.41,305,303
87.41,307,309
87.41,305,304
87.41,305,305
87.41,305,305
87.41,301,302
87.41,307,304
87.47,297,297
87.47,304,303
87.47,296,295
87.47,306,305
87.47,295,294
87.47,303,304
87.48,297,296
87.53,304,303
87.53,298,297
87.53,304,303
87.53,302,299
87.53,304,304
87.53,305,302
87.54,303,302
87.59,306,303
87.59,301,301
87.59,306,305
87.59,299,298
87.59,307,305
87.6,299,299
87.61,308,308
87.67,301,299
87.67,310,310
87.67,301,300
87.67,309,310
87.67,307,304
87.67,308,310
87.67,309,308
87.73,308,309
87.73,313,310
87.73,308,309
87.73,317,314
87.73,309,308
87.73,318,316
87.74,311,310
87.8,321,320
87.8,313,312
87.8,321,321
87.8,314,313
87.8,320,322
87.8,316,315
87.8,322,323
87.86,318,318
87.86,323,323
87.86,321,321
87.86,320,321
87.86,325,324
87.86,320,320
87.87,324,325
87.92,317,318
87.92,324,323
87.92,314,314
87.92,325,323
87.92,314,314
87.93,321,322
87.94,313,313
88.0,316,319
88.0,314,311
88.0,315,315
88.0,311,311
88.0,313,312
88.0,315,312
88.0,308,308
88.06,314,311
88.06,304,305
88.06,309,307
88.06,299,299
88.06,305,304
88.06,293,292
88.07,298,298
88.12,289,287
88.12,290,292
88.12,284,281
88.12,287,288
88.12,282,281
88.12,282,282
88.13,282,279
88.18,277,278
88.18,282,279
88.18,275,276
88.19,282,280
88.19,273,273
88.19,281,279
88.2,272,271
88.26,280,281
88.26,271,272
88.26,279,281
88.26,276,276
88.26,282,283
88.26,281,279
88.26,285,285
88.33,283,281
88.33,284,285
88.33,287,285
88.33,285,285
88.33,292,290
88.33,286,287
88.33,296,294
88.39,285,286
88.39,297,297
88.39,290,289
88.39,299,299
88.39,292,290
88.39,300,301
88.39,295,292
88.45,302,302
88.45,299,296
88.45,301,302
88.45,301,299
88.45,300,301
88.45,307,304
88.46,299,300
88.51,308,308
88.51,301,302
88.51,310,310
88.51,303,303
88.51,311,311
88.52,305,304
88.53,310,312
88.59,305,306
88.59,315,314
88.59,308,305
88.59,313,314
88.59,312,308
88.59,311,313
88.59,312,311
88.65,311,311
88.65,318,314
88.65,308,310
88.65,315,314
88.65,309,309
88.65,316,315
88.66,308,309
88.72,316,317
88.72,307,307
88.72,316,317
88.72,311,309
88.72,314,315
88.72,310,309
88.72,312,312
88.78,312,309
88.78,309,310
88.78,312,310
88.78,308,309
88.78,315,312
88.78,307,307
88.79,311,311
88.84,305,304
88.84,314,313
88.84,304,303
88.84,312,312
88.84,303,303
88.85,309,310
88.85,305,304
88.9,307,308
88.9,305,303
88.9,306,307
88.9,309,305
88.9,303,305
88.91,308,306
88.92,303,303
88.98,308,308
88.98,300,301
88.98,309,309
88.98,299,299
88.98,308,307
88.98,300,299
88.98,304,304
89.04,299,296
89.04,304,305
89.04,300,298
89.04,304,304
89.04,304,301
89.04,303,302
89.05,305,304
89.11,300,301
89.11,306,304
89.11,297,297
89.11,304,304
89.11,298,297
89.11,307,306
89.12,298,296
89.17,304,305
89.17,299,297
89.17,305,305
89.17,298,297
89.17,303,303
89.17,300,298
89.18,300,301
89.23,300,300
89.23,298,298
89.23,303,302
89.23,296,297
89.23,304,302
89.24,296,297
89.25,305,304
89.31,295,295
89.31,304,303
89.31,295,294
89.31,305,304
89.31,295,295
89.31,302,303
89.31,298,297
89.37,301,302
89.37,299,297
89.37,301,301
89.37,303,301
89.37,300,301
89.37,306,303
89.38,298,301
89.44,307,306
89.44,296,297
89.44,304,304
89.44,296,296
89.44,304,305
89.44,297,296
89.44,305,305
89.5,297,296
89.5,302,304
89.5,300,300
89.5,303,303
89.5,300,299
89.5,302,302
89.51,305,303
89.56,298,300
89.56,305,304
89.56,300,300
89.56,306,305
89.56,295,297
89.57,306,306
89.57,298,298
89.62,306,306
89.63,298,298
89.63,304,306
89.63,302,300
89.63,304,305
89.63,305,302
89.64,302,304
89.7,307,304
89.7,302,302
89.7,304,303
89.7,298,300
89.7,307,306
89.7,296,297
89.71,307,306
89.76,299,298
89.76,305,304
89.76,301,299
89.76,305,306
89.76,295,295
89.76,303,305
89.77,302,300
89.83,303,304
89.83,302,302
89.83,303,303
89.83,307,305
89.83,301,301
89.83,310,307
89.84,301,301
89.89,309,309
89.89,301,301
89.89,310,312
89.89,302,302
89.89,312,312
89.89,307,305
89.9,314,313
89.95,309,306
89.95,308,311
89.95,312,310
89.95,309,309
89.95,312,310
89.96,310,309
89.97,315,312
90.03,308,308
90.03,314,315
90.03,308,307
90.03,316,316
90.03,307,306
90.03,317,315
90.03,310,308
90.09,315,315
90.09,308,308
90.09,313,314
90.09,312,311
90.09,315,316
90.09,317,315
90.1,315,316
90.16,320,318
90.16,313,313
90.16,319,317
90.16,310,310
90.16,318,318
90.16,310,310
90.16,319,318
90.22,310,308
90.22,316,316
90.22,309,307
90.22,313,314
90.22,308,308
90.22,309,312
90.23,308,306
90.28,310,310
90.28,312,309
90.28,306,306
90.28,312,310
90.28,304,305
90.29,311,310
90.3,302,304
90.35,312,312
90.35,301,302
90.35,313,311
90.35,302,303
90.35,311,311
90.35,304,302
90.36,306,307
90.42,304,303
90.42,305,307
90.42,307,305
90.42,306,306
90.42,310,308
90.42,301,302
90.43,309,308
90.49,301,302
90.49,311,310
90.49,302,301
90.49,312,310
90.49,302,301
90.49,310,309
90.49,303,302
90.55,311,311
90.55,304,303
90.55,305,307
90.55,303,302
90.55,304,305
90.55,307,305
90.56,304,304
90.61,309,308
90.61,302,304
90.61,311,310
90.61,305,304
90.61,313,311
90.61,303,303
90.62,310,311
90.67,303,302
90.67,311,311
90.67,304,302
90.67,309,309
90.67,305,303
90.68,305,306
90.69,303,302
90.75,303,303
90.75,307,305
90.75,302,302
90.75,307,306
90.75,302,301
90.75,310,307
90.75,299,300
90.81,307,308
90.81,296,297
90.81,305,306
90.81,298,296
90.81,305,305
90.82,298,297
90.82,303,304
90.88,301,299
90.88,300,302
90.88,303,301
90.88,301,301
90.88,306,303
90.88,295,297
90.88,305,304
90.94,297,297
90.94,303,304
90.94,295,296
90.94,302,303
90.94,295,294
90.94,304,304
90.95,297,295
91.0,303,303
91.0,301,297
91.0,301,301
91.0,301,300
91.0,299,300
91.01,304,301
91.02,296,299
91.08,306,304
91.08,296,298
91.08,304,303
91.08,295,294
91.08,304,304
91.08,295,295
91.08,306,306
91.14,298,298
91.14,307,306
91.14,301,300
91.14,305,306
91.14,304,303
91.14,304,304
91.15,304,303
91.21,302,302
91.21,305,305
91.21,300,301
91.21,307,306
91.21,298,301
91.21,310,309
91.21,300,300
91.27,311,309
91.27,302,301
91.27,313,312
91.27,305,304
91.27,310,310
91.27,307,305
91.28,307,308
91.33,308,305
91.33,304,306
91.33,308,307
91.33,305,304
91.33,310,309
91.34,304,304
91.34,312,310
91.39,301,301
91.39,311,311
91.39,301,300
91.39,311,311
91.39,303,302
91.4,311,310
91.41,307,305
91.47,311,311
91.47,308,306
91.47,306,309
91.47,308,307
91.47,306,306
91.47,310,309
91.47,307,307
91.53,312,311
91.53,304,304
91.53,313,313
91.53,303,304
91.53,312,311
91.53,304,302
91.54,312,312
91.6,305,303
91.6,310,312
91.6,307,305
91.6,308,309
91.6,310,307
91.6,307,309
91.61,310,308
91.66,303,305
91.66,310,309
91.66,303,302
91.66,308,308
91.66,299,299
91.66,308,307
91.67,300,298
91.72,309,308
91.72,300,299
91.72,307,306
91.72,301,300
91.72,304,306
91.73,304,301
91.74,302,303
91.8,305,301
91.8,299,300
91.8,304,303
91.8,297,298
91.8,303,303
91.8,296,297
91.8,305,304
91.86,294,294
91.86,305,304
91.86,298,296
91.86,304,304
91.86,299,297
91.86,303,303
91.87,300,300
91.92,301,302
91.92,303,300
91.92,298,301
91.92,304,301
91.92,299,299
91.93,304,303
91.93,296,298
91.98,306,303
91.98,296,297
91.98,306,305
91.99,297,295
91.99,304,304
91.99,297,295
92.0,305,305
92.06,301,298
92.06,303,303
92.06,301,300
92.06,301,302
92.06,306,303
92.06,299,301
92.06,305,302
92.13,298,299
92.13,307,304
92.13,298,298
92.13,309,306
92.13,297,297
92.13,306,306
92.13,297,297
92.19,307,307
92.19,298,297
92.19,306,306
92.19,302,301
92.19,301,303
92.19,301,300
92.2,301,303
92.25,306,302
92.25,297,299
92.25,306,304
92.25,299,299
92.25,307,305
92.25,295,296
92.26,305,305
92.31,296,296
92.31,307,306
92.31,299,298
92.31,305,307
92.31,300,299
92.32,304,303
92.33,304,301
92.39,302,304
92.39,304,301
92.39,301,300
92.39,305,303
92.39,297,298
92.39,302,303
92.39,296,296
92.45,305,303
92.45,294,295
92.45,305,305
92.45,296,295
92.45,305,304
92.45,297,297
92.46,304,304
92.51,301,300
92.51,302,304
92.51,304,301
92.51,302,301
92.51,303,302
92.52,300,301
92.52,305,306
92.58,299,299
92.58,311,308
92.58,299,298
92.58,307,307
92.58,299,298
92.58,306,306
92.59,301,298
92.64,306,306
92.64,303,300
92.64,306,306
92.64,303,302
92.64,304,305
92.65,307,305
92.65,302,304
92.72,309,306
92.72,303,304
92.72,310,309
92.72,301,301
92.72,311,309
92.72,300,299
92.72,310,309
92.78,298,298
92.78,308,308
92.78,300,299
92.78,305,306
92.78,305,303
92.78,307,307
92.79,307,304
92.84,303,305
92.84,307,305
92.84,302,303
92.84,310,307
92.84,302,302
92.84,311,309
92.85,300,301
92.9,308,308
92.9,300,299
92.9,307,307
92.9,300,298
92.9,306,307
92.91,302,301
92.92,304,306
92.98,303,300
92.98,302,302
92.98,305,302
92.98,301,301
92.98,305,304
92.98,300,300
92.98,305,305
93.04,299,300
93.04,308,307
93.04,298,298
93.04,308,307
93.04,297,296
93.04,305,306
93.05,299,298
93.1,305,306
93.1,303,301
93.1,305,304
93.1,304,302
93.1,303,303
93.1,307,304
93.11,299,299
93.17,305,304
93.17,302,302
93.17,310,307
93.17,297,297
93.17,309,308
93.17,298,297
93.18,307,307
93.23,300,299
93.23,306,308
93.23,302,300
93.23,304,305
93.23,303,302
93.24,305,305
93.24,305,304
93.31,303,302
93.31,310,307
93.31,302,302
93.31,312,311
93.31,300,301
93.31,308,308
93.31,299,299
93.37,308,308
93.37,298,298
93.37,307,306
93.37,300,299
93.37,306,306
93.37,301,299
93.38,301,303
93.43,303,300
93.43,301,303
93.43,303,303
93.43,298,301
93.43,308,306
93.43,302,301
93.44,308,308
93.49,301,300
93.49,309,308
93.49,298,299
93.49,309,309
93.49,300,300
93.5,310,309
93.51,302,301
93.56,307,307
93.56,304,302
93.56,305,305
93.56,305,304
93.56,302,303
93.56,309,307
93.57,304,303
93.63,311,308
93.63,303,302
93.63,311,310
93.63,301,299
93.63,312,310
93.63,301,300
93.64,310,309
93.69,303,303
93.7,309,309
93.7,305,303
93.7,306,308
93.7,306,305
93.7,305,307
93.7,309,307
93.76,304,305
93.76,309,309
93.76,304,303
93.76,312,311
93.76,302,303
93.76,313,312
93.77,302,303
93.82,315,315
93.82,307,306
93.82,312,313
93.82,309,305
93.82,314,314
93.83,308,307
93.83,311,311
93.9,313,310
93.9,308,310
93.9,315,314
93.9,310,310
93.9,318,315
93.9,308,307
93.9,317,317
93.96,306,307
93.96,316,316
93.96,308,309
93.96,320,321
93.96,316,314
93.96,318,319
93.96,314,313
94.02,315,316
94.02,315,313
94.02,312,313
94.02,316,313
94.02,311,310
94.02,315,314
94.03,308,309
94.09,317,315
94.09,307,306
94.09,318,316
94.09,304,305
94.09,315,314
94.09,305,305
94.1,314,313
94.15,307,305
94.15,310,311
94.15,307,306
94.15,305,307
94.15,310,306
94.15,305,305
94.16,310,308
94.21,305,303
94.21,312,310
94.21,301,302
94.21,310,308
94.21,301,302
94.22,311,310
94.23,302,300
94.29,308,308
94.29,305,302
94.29,308,310
94.29,307,304
94.29,306,305
94.29,305,304
94.29,303,304
94.35,307,305
94.35,302,303
94.35,308,308
94.35,301,302
94.35,312,310
94.35,301,302
94.36,312,312
94.41,303,302
94.41,312,311
94.41,305,304
94.41,311,312
94.42,307,304
94.42,310,310
94.42,306,306
94.48,307,309
94.48,311,310
94.48,307,307
94.48,311,310
94.48,306,306
94.48,314,312
94.49,305,306
94.54,314,313
94.54,304,305
94.54,314,315
94.54,308,306
94.54,311,313
94.55,308,307
94.55,310,311
94.62,308,306
94.62,308,310
94.62,311,308
94.62,308,308
94.62,312,309
94.62,306,307
94.62,313,312
94.63,304,304
94.64,312,311
94.65,306,304
94.71,314,313
94.71,304,303
94.71,314,312
94.71,306,303
94.71,312,312
94.71,306,305
94.71,310,311
94.77,310,306
94.77,309,308
94.77,309,308
94.77,306,306
94.77,309,308
94.77,305,304
94.78,310,310
94.83,301,302
94.83,311,310
94.83,300,300
94.83,311,310
94.83,302,302
94.84,308,309
94.85,303,301
94.9,306,307
94.9,303,303
94.9,307,307
94.9,306,304
94.9,302,303
94.9,307,305
94.91,304,304
94.98,308,307
94.98,298,300
94.98,309,307
94.98,299,300
94.98,311,310
94.98,298,300
94.98,308,308
95.04,303,300
95.04,308,308
95.04,304,302
95.04,306,307
95.04,305,303
95.04,302,304
95.04,306,304
95.1,300,302
95.1,307,305
95.1,299,299
95.1,307,306
95.1,298,297
95.1,307,305
95.11,298,298
95.16,306,307
95.16,298,298
95.16,305,306
95.16,301,298
95.16,302,304
95.17,301,299
95.17,302,303
95.22,305,301
95.22,300,302
95.22,305,302
95.22,299,299
95.22,303,304
95.23,295,295
95.24,303,302
95.3,293,295
95.3,305,303
95.3,296,294
95.3,304,302
95.3,297,295
95.3,302,302
95.3,298,296
95.37,298,300
95.37,300,298
95.37,300,301
95.37,301,300
95.37,297,297
95.37,303,301
95.37,296,296
95.43,304,302
95.43,295,295
95.43,303,304
95.43,295,295
95.43,307,306
95.43,299,297
95.44,307,307
95.49,298,296
95.49,303,305
95.49,301,299
95.49,302,303
95.49,303,302
95.49,300,300
95.5,305,304
95.55,301,301
95.55,306,305
95.55,298,300
95.55,309,308
95.55,297,298
95.56,306,307
95.57,299,297
95.63,306,307
95.63,299,297
95.63,306,306
95.63,302,301
95.63,305,307
95.63,304,302
95.63,303,303
95.69,307,305
95.69,304,303
95.69,311,308
95.69,304,304
95.69,311,310
95.69,302,303
95.7,311,311
95.76,306,304
95.76,313,314
95.76,305,305
95.76,315,315
95.76,308,306
95.76,311,313
95.76,313,311
95.82,312,312
95.82,313,311
95.82,310,311
95.82,314,313
95.82,311,311
95.82,317,317
95.83,310,311
95.88,318,318
95.88,309,308
95.88,315,315
95.88,305,303
95.88,312,311
95.89,304,303
95.89,308,309
95.96,302,303
95.96,307,308
95.96,306,305
95.96,305,304
95.96,307,306
95.96,304,303
95.96,309,308
96.02,300,302
96.02,310,310
96.02,304,302
96.02,313,312
96.02,304,304
96.02,312,314
96.03,306,306
96.08,315,315
96.08,312,311
96.08,316,317
96.08,317,316
96.08,318,320
96.08,325,322
96.09,320,321
96.15,327,324
96.15,320,321
96.15,329,328
96.15,319,320
96.15,330,329
96.15,316,317
96.16,326,325
96.21,318,315
96.21,322,320
96.21,314,311
96.21,313,314
96.21,309,305
96.21,305,306
96.22,304,301
96.27,295,294
96.27,297,294
96.27,286,287
96.27,291,288
96.27,276,278
96.28,282,282
96.29,274,272
96.35,279,278
96.35,268,268
96.35,277,276
96.35,268,268
96.35,275,276
96.35,270,270
96.35,274,274
96.41,271,270
96.41,270,272
96.41,276,274
96.41,269,270
96.41,276,275
96.41,268,269
96.42,280,278
96.47,269,270
96.47,283,281
96.47,273,273
96.47,282,283
96.47,274,274
96.48,288,287
96.48,279,279
96.54,287,287
96.54,285,282
96.54,288,288
96.54,290,289
96.54,289,290
96.54,296,293
96.55,290,290
96.61,299,297
96.61,290,291
96.61,302,300
96.61,290,292
96.61,303,302
96.61,295,294
96.61,304,303
96.67,296,296
96.67,303,302
96.67,300,298
96.68,304,303
96.68,300,300
96.68,300,302
96.68,306,304
96.74,300,301
96.74,307,305
96.74,300,302
96.74,310,311
96.74,302,302
96.74,312,311
96.75,306,304
96.8,313,312
96.8,303,304
96.8,313,313
96.8,308,307
96.8,313,312
96.8,312,309
96.81,312,312
96.86,311,310
96.86,308,310
96.86,314,313
96.86,311,311
96.86,318,316
96.87,307,308
96.88,317,316
96.94,308,309
96.94,319,318
96.94,311,310
96.94,319,319
96.94,313,311
96.94,318,319
96.94,316,313
97.0,316,318
97.0,320,316
97.0,319,320
97.0,320,318
97.0,318,317
97.0,322,320
97.01,315,315
97.06,323,321
97.07,316,315
97.07,325,323
97.07,315,313
97.07,325,324
97.07,317,315
97.07,325,324
97.13,316,314
97.13,322,321
97.13,316,316
97.13,320,320
97.13,319,318
97.13,318,320
97.14,323,321
97.2,317,318
97.2,323,321
97.2,315,315
97.2,322,322
97.2,313,313
97.2,324,324
97.2,314,314
97.27,321,321
97.27,314,312
97.27,321,320
97.27,313,312
97.27,316,318
97.27,318,313
97.27,315,315
97.33,317,316
97.33,312,314
97.33,318,318
97.33,312,313
97.33,320,319
97.33,312,312
97.34,322,321
97.39,310,310
97.39,319,318
97.39,311,308
97.39,317,317
97.39,311,308
97.39,314,315
97.4,311,309
97.45,312,311
97.45,311,309
97.45,309,310
97.45,314,311
97.45,307,308
97.46,313,312
97.47,306,306
97.53,318,315
97.53,306,305
97.53,313,314
97.53,305,305
97.53,315,314
97.53,305,304
97.53,310,312
97.59,306,305
97.59,308,309
97.59,305,305
97.59,306,306
97.59,308,305
97.59,305,305
97.6,312,309
97.65,303,303
97.65,311,309
97.65,301,301
97.65,311,309
97.65,300,301
97.66,308,308
97.66,298,298
97.72,307,307
97.72,300,299
97.72,306,307
97.72,302,300
97.72,305,305
97.72,305,304
97.73,304,304
97.79,308,305
97.79,300,302
97.79,306,306
97.79,299,300
97.79,308,308
97.79,298,300
97.79,310,309
97.86,299,298
97.86,308,308
97.86,301,298
97.86,306,307
97.86,304,302
97.86,304,306
97.86,305,303
97.92,303,304
97.92,306,304
97.92,300,302
97.92,308,306
97.92,300,302
97.92,309,309
97.93,302,301
97.98,311,310
97.98,302,300
97.98,309,309
97.98,302,301
97.98,308,309
97.98,302,301
97.99,305,307
98.04,304,303
98.04,306,306
98.04,307,305
98.04,304,305
98.04,308,308
98.05,303,303
98.06,310,309
98.12,303,303
98.12,311,310
98.12,300,300
98.12,310,310
98.12,301,300
98.12,310,309
98.12,303,301
98.18,309,309
98.18,303,302
98.18,307,308
98.18,306,305
98.18,307,308
98.18,307,306
98.19,304,306
98.25,309,308
98.25,301,303
98.25,308,307
98.25,300,301
98.25,312,310
98.25,300,300
98.25,310,310
98.31,303,301
98.31,309,308
98.31,304,302
98.31,304,306
98.31,305,303
98.31,305,305
98.32,309,305
98.37,302,304
98.37,308,305
98.37,301,302
98.37,309,307
98.37,299,299
98.38,309,308
98.38,298,298
98.44,311,311
98.44,301,300
98.44,309,309
98.44,302,299
98.44,307,307
98.44,302,300
98.45,307,306
98.51,304,301
98.51,303,305
98.51,305,304
98.51,304,304
98.51,308,308
98.51,303,302
98.52,309,308
98.58,301,300
98.58,310,309
98.58,302,300
98.58,310,309
98.58,302,301
98.58,309,308
98.58,302,300
98.64,306,308
98.64,307,304
98.64,305,306
98.64,309,307
98.64,302,305
98.64,309,306
98.65,302,302
98.7,308,308
98.7,304,303
98.7,312,312
98.7,301,301
98.7,310,310
98.7,301,301
98.71,311,311
98.78,304,303
98.78,308,309
98.78,303,302
98.78,304,306
98.78,305,303
98.78,303,305
98.78,308,305
98.84,304,303
98.84,307,306
98.84,303,303
98.84,311,309
98.84,301,300
98.84,309,309
98.84,302,301
98.9,308,310
98.9,303,300
98.9,309,308
98.9,303,301
98.9,309,308
98.9,304,303
98.91,305,307
98.96,307,305
98.96,304,304
98.96,308,307
98.96,304,304
98.96,310,309
98.97,302,303
98.97,313,311
99.03,300,301
99.03,311,311
99.03,303,302
99.03,311,312
99.03,303,303
99.03,309,310
99.04,304,304
99.1,309,309
99.1,307,304
99.1,306,307
99.11,309,308
99.11,305,304
99.11,310,307
99.11,303,303
99.17,311,309
99.17,300,300
99.17,309,308
99.17,298,299
99.17,312,312
99.17,302,301
99.17,310,310
99.23,304,302
99.23,308,309
99.23,308,306
99.23,310,308
99.23,308,306
99.23,303,305
99.24,309,309
99.29,303,304
99.29,310,308
99.29,300,301
99.29,311,310
99.29,302,302
99.29,310,311
99.3,303,301
99.35,312,310
99.35,304,302
99.35,309,311
99.35,306,304
99.35,308,308
99.36,306,304
99.37,304,305
99.43,310,307
99.43,304,305
99.43,311,309
99.43,304,303
99.43,314,311
99.43,303,304
99.43,312,312
99.49,301,302
99.49,312,313
99.49,306,304
99.49,312,311
99.49,305,303
99.49,310,310
99.5,308,306
99.55,309,310
99.55,311,309
99.55,306,308
99.55,311,310
99.55,307,307
99.56,315,313
99.56,304,305
99.62,315,313
99.62,305,306
99.62,316,315
99.62,306,306
99.62,314,315
99.62,309,307
99.63,315,316
99.68,309,307
99.68,312,312
99.68,312,310
99.68,311,311
99.68,312,309
99.69,307,307
99.7,313,311
99.76,307,306
99.76,313,312
99.76,305,305
99.76,316,316
99.76,305,305
99.76,315,314
99.76,306,306
99.82,314,314
99.82,310,308
99.82,313,313
99.82,314,310
99.82,310,312
99.82,312,311
99.83,306,308
99.88,315,313
99.88,309,309
99.88,314,314
99.88,309,307
99.88,318,316
99.88,308,307
99.89,317,316
99.95,305,306
99.95,317,317
99.95,308,307
99.95,312,314
99.95,309,308
99.95,312,313
99.96,310,309
100.01,308,310
100.01,309,308
100.01,307,308
100.01,311,312
100.01,307,307
100.01,314,313
100.02,303,304
100.09,315,312
100.09,303,302
100.09,313,313
100.09,305,304
100.09,310,311
100.09,306,304
100.09,311,311
100.15,308,306
100.15,310,310
100.15,309,307
100.15,307,307
100.15,314,310
100.15,307,306
100.15,313,312
100.21,306,305
100.21,315,312
100.21,304,303
100.21,314,312
100.21,304,303
100.21,312,312
100.22,304,303
100.27,309,310
100.27,307,304
100.27,308,309
100.27,310,306
100.27,306,306
100.28,311,308
100.28,307,307
100.34,313,312
100.34,305,305
100.34,311,313
100.34,305,305
100.34,313,313
100.34,304,303
100.35,313,313
100.41,305,305
100.41,312,313
100.41,308,306
100.41,313,312
100.41,308,306
100.41,308,310
100.42,312,310
100.48,311,310
100.48,316,312
100.48,305,308
100.48,316,314
100.48,306,306
100.48,314,314
100.48,305,306
100.54,314,315
100.54,305,305
100.54,313,314
100.54,306,305
100.54,311,311
100.54,307,305
100.55,309,310
100.6,311,308
100.6,306,309
100.6,310,309
100.6,303,304
100.6,313,311
100.6,303,305
100.61,312,310
100.66,303,304
100.66,313,313
100.66,305,303
100.66,312,312
100.66,307,304
100.67,310,311
100.68,305,303
100.74,308,310
100.74,307,305
100.74,307,307
100.74,310,309
100.74,308,309
100.74,309,309
100.74,306,306
100.8,313,311
100.8,305,305
100.8,314,314
100.8,304,303
100.8,314,315
100.8,304,302
100.81,310,311
100.87,306,305
100.87,310,311
100.87,310,306
100.87,308,309
100.87,308,306
100.87,309,308
100.87,311,308
100.93,306,306
100.93,310,309
100.93,302,303
100.93,312,309
100.93,303,301
100.93,311,311
100.94,301,300
100.99,307,308
100.99,300,300
100.99,310,309
100.99,304,301
100.99,307,307
101.0,304,303
101.01,305,307
101.07,305,303
101.07,303,304
101.07,309,306
101.07,303,303
101.07,312,310
101.07,301,302
101.07,310,310
101.13,300,300
101.13,313,312
101.13,302,302
101.13,311,312
101.13,306,303
101.13,309,308
101.14,305,302
101.2,309,309
101.2,311,308
101.2,306,307
101.2,311,308
101.2,304,305
101.2,309,308
101.2,305,305
101.26,312,311
101.26,300,301
101.26,312,311
101.26,302,302
101.26,312,313
101.26,305,304
101.27,312,312
101.32,306,303
101.32,310,309
101.32,307,306
101.32,308,308
101.32,308,306
101.33,303,304
101.33,310,308
101.38,304,304
101.39,311,308
101.39,301,302
101.39,312,310
101.39,301,301
101.39,310,310
101.4,300,300
101.46,311,310
101.46,302,301
101.46,308,308
101.46,306,304
101.46,307,309
101.46,307,306
101.46,306,307
101.53,311,308
101.53,304,304
101.53,310,309
101.53,305,304
101.53,311,309
101.53,302,303
101.53,314,312
101.59,301,301
101.59,312,311
101.59,304,302
101.59,308,310
101.59,305,303
101.59,306,307
101.6,303,303
101.65,305,305
101.65,307,305
101.65,304,304
101.65,310,309
101.65,302,303
101.65,311,309
101.66,301,302
101.73,312,311
101.73,305,304
101.73,313,312
101.73,306,304
101.73,312,313
101.73,306,305
101.73,312,312
101.79,309,305
101.79,309,309
101.79,307,304
101.79,306,306
101.79,309,308
101.79,305,306
101.79,311,309
101.85,304,303
101.85,312,309
101.85,303,301
101.85,308,309
101.85,300,300
101.85,310,310
101.86,303,301
101.91,307,308
101.91,302,301
101.91,307,307
101.91,306,303
101.91,305,306
101.91,308,305
101.92,302,303
101.97,308,308
101.97,301,302
101.97,310,308
101.97,301,300
101.98,310,310
101.98,300,300
101.99,311,310
102.05,300,300
102.05,312,311
102.05,303,302
102.05,310,309
102.05,307,304
102.05,307,308
102.05,305,304
102.12,304,306
102.12,309,307
102.12,303,304
102.12,312,309
102.12,304,303
102.12,313,311
102.12,302,302
102.18,309,310
102.18,303,302
102.18,313,313
102.18,305,304
102.18,312,312
102.18,307,305
102.19,308,309
102.24,308,306
102.24,307,307
102.24,308,308
102.24,307,307
102.24,313,311
102.24,307,306
102.26,315,313
102.26,306,305
102.27,314,312
102.28,306,304
102.33,312,313
102.33,304,305
102.33,313,313
102.33,306,304
102.33,312,312
102.34,307,304
102.35,308,310
102.4,308,305
102.4,305,304
102.4,308,307
102.4,302,303
102.4,309,308
102.4,301,301
102.41,308,309
102.47,301,300
102.47,309,309
102.47,300,298
102.47,308,308
102.47,299,297
102.47,306,306
102.48,302,301
102.54,305,305
102.54,304,303
102.54,302,304
102.54,304,302
102.54,300,301
102.54,305,304
102.54,298,300
102.6,307,305
102.6,297,296
102.6,308,306
102.6,297,296
102.6,307,308
102.6,299,298
102.61,305,306
102.66,299,298
102.66,303,304
102.66,301,299
102.66,301,302
102.66,305,301
102.66,300,301
102.67,305,301
102.72,299,299
102.72,303,302
102.72,296,296
102.72,305,304
102.72,295,294
102.73,303,304
102.74,295,294
102.8,304,304
102.8,296,296
102.8,302,304
102.8,297,295
102.8,301,301
102.8,303,299
102.8,300,300
102.86,302,300
102.86,296,297
102.86,302,301
102.86,298,297
102.87,304,303
102.87,296,295
102.87,305,303
102.93,296,295
102.93,304,303
102.93,296,293
102.93,301,302
102.93,296,294
102.93,301,301
102.93,300,297
102.99,301,300
102.99,303,300
102.99,296,298
102.99,303,302
102.99,295,297
102.99,304,303
103.0,298,298
103.05,306,305
103.05,297,296
103.05,307,306
103.05,299,297
103.05,305,306
103.06,296,297
103.07,307,307
103.13,303,301
103.13,304,306
103.13,304,303
103.13,303,304
103.13,304,305
103.13,300,301
103.13,306,304
103.19,298,298
103.19,307,305
103.19,298,297
103.19,304,304
103.19,297,295
103.19,307,306
103.2,298,298
103.25,304,305
103.25,302,299
103.25,306,305
103.25,300,299
103.25,300,303
103.25,302,301
103.26,301,301
103.31,305,303
103.31,298,300
103.31,305,305
103.31,297,297
103.31,308,307
103.32,299,298
103.33,307,306
103.39,300,298
103.39,305,306
103.39,301,299
103.39,306,307
103.39,303,300
103.39,304,305
103.39,304,304
103.46,305,305
103.46,309,306
103.46,305,306
103.46,313,311
103.46,305,305
103.46,315,313
103.46,304,304
103.52,313,313
103.52,305,303
103.52,312,311
103.52,305,303
103.52,313,312
103.52,306,305
103.52,312,311
103.58,309,308
103.58,311,311
103.58,312,311
103.58,309,310
103.58,314,313
103.58,311,311
103.59,317,315
103.64,309,308
103.64,318,318
103.64,310,310
103.64,321,321
103.64,316,316
103.65,329,329
103.66,326,324
103.71,333,334
103.71,333,332
103.71,338,341
103.71,347,344
103.71,349,350
103.71,357,355
103.72,358,359
103.78,368,368
103.78,367,368
103.78,381,379
103.78,376,377
103.78,391,390
103.78,385,385
103.79,399,400
103.84,395,394
103.84,406,407
103.84,406,405
103.84,413,414
103.84,415,413
103.84,418,419
103.85,425,424
103.91,422,423
103.91,430,429
103.91,427,428
103.91,440,438
103.91,433,434
103.91,447,446
103.92,438,438
103.97,452,453
103.97,444,443
103.97,456,457
103.97,450,450
103.97,459,460
103.98,459,458
103.98,463,464
104.05,466,465
104.05,466,466
104.05,469,469
104.05,466,468
104.05,474,474
104.05,467,469
104.05,480,478
104.11,471,472
104.11,482,483
104.11,475,474
104.11,484,486
104.11,477,477
104.11,486,487
104.11,481,480
104.17,483,485
104.17,485,484
104.17,485,487
104.17,491,487
104.17,487,487
104.17,493,493
104.18,488,487
104.23,493,494
104.23,487,487
104.23,498,498
104.23,490,489
104.23,500,500
104.24,491,491
104.25,502,502
104.31,496,494
104.31,504,503
104.31,502,500
104.31,505,506
104.31,511,510
104.31,511,513
104.31,521,520
104.37,524,525
104.37,540,539
104.37,540,540
104.37,558,557
104.37,559,560
104.37,579,580
104.38,580,579
104.43,596,597
104.43,599,598
104.43,611,612
104.43,615,615
104.43,624,624
104.43,627,627
104.44,630,630
104.5,631,631
104.5,632,632
104.5,632,632
104.5,633,632
104.5,632,633
104.5,632,633
104.51,636,634
104.56,635,635
104.56,636,635
104.56,636,634
104.56,634,635
104.56,636,635
104.57,634,634
104.57,636,634
104.64,634,634
104.64,636,635
104.64,637,636
104.64,635,635
104.64,634,635
104.64,636,636
104.64,635,635
104.7,636,636
104.7,636,635
104.7,637,635
104.7,637,636
104.7,636,636
104.7,636,635
104.7,635,635
104.76,638,635
104.76,636,635
104.76,635,636
104.76,638,636
104.76,635,636
104.76,634,635
104.77,636,636
104.83,637,636
104.83,637,636
104.83,636,636
104.83,635,636
104.83,635,636
104.83,637,636
104.84,635,637
104.89,637,636
104.89,638,636
104.89,638,637
104.89,638,637
104.89,639,637
104.89,635,637
104.9,637,637
104.95,637,636
104.95,636,637
104.95,637,637
104.95,637,636
104.95,635,636
104.96,635,635
104.97,635,636
105.03,637,636
105.03,638,636
105.03,638,636
105.03,638,637
105.03,637,637
105.03,637,636
105.03,635,637
105.09,637,637
105.09,637,637
105.09,638,636
105.09,636,635
105.09,637,635
105.09,635,636
105.1,634,636
105.16,635,636
105.16,635,635
105.16,637,637
105.16,637,636
105.16,636,635
105.16,637,636
105.16,636,635
105.22,636,636
105.22,635,637
105.22,636,636
105.22,635,635
105.22,636,635
105.22,638,636
105.23,637,636
105.28,636,636
105.28,636,635
105.28,636,635
105.28,634,636
105.28,637,635
105.29,635,635
105.29,633,635
105.34,637,635
105.35,633,635
105.35,636,634
105.35,635,633
105.35,636,634
105.35,633,633
105.36,634,633
105.42,636,634
105.42,634,634
105.42,635,633
105.42,633,633
105.42,633,632
105.42,631,631
105.43,630,628
105.49,626,624
105.49,622,621
105.49,613,612
105.49,615,613
105.49,606,605
105.49,607,608
105.49,606,604
105.55,604,604
105.55,604,604
105.55,594,594
105.55,596,594
105.55,583,582
105.55,588,586
105.56,573,571
105.61,576,576
105.61,563,562
105.61,569,568
105.61,558,557
105.61,564,564
105.61,558,557
105.62,567,567
105.67,567,567
105.67,567,567
105.67,570,570
105.67,566,565
105.67,574,572
105.68,567,567
105.69,572,570
105.75,561,561
105.75,570,568
105.75,556,557
105.75,563,562
105.75,552,549
105.75,555,556
105.75,550,547
105.81,549,550
105.81,547,546
105.81,544,545
105.81,545,542
105.81,540,540
105.81,541,540
105.82,532,534
105.87,538,539
105.87,533,531
105.87,541,539
105.87,530,531
105.87,539,541
105.88,532,532
105.88,541,542
105.94,537,536
105.94,544,544
105.94,538,537
105.94,542,544
105.94,543,541
105.94,542,542
105.95,546,544
106.01,541,541
106.01,549,547
106.01,540,540
106.02,548,547
106.02,539,540
106.02,551,550
106.02,539,537
106.08,550,548
106.08,544,542
106.08,551,550
106.08,544,542
106.08,549,549
106.08,547,544
106.08,545,547
106.14,552,549
106.14,544,546
106.14,551,548
106.14,543,544
106.14,551,549
106.14,543,542
106.15,550,550
106.2,538,538
106.2,547,547
106.2,540,538
106.21,545,545
106.21,536,536
106.21,543,543
106.21,536,535
106.27,538,541
106.27,541,538
106.27,537,539
106.27,542,539
106.27,532,534
106.27,542,540
106.28,533,534
106.33,544,543
106.33,534,534
106.33,548,546
106.33,537,535
106.33,546,546
106.33,541,540
106.34,547,548
106.41,544,543
106.41,551,551
106.41,551,549
106.41,553,554
106.41,559,557
106.41,555,558
106.41,564,562
106.47,561,561
106.47,569,569
106.47,563,564
106.47,576,575
106.47,567,567
106.47,583,580
106.47,572,572
106.53,584,584
106.53,578,577
106.53,587,588
106.53,585,585
106.53,590,591
106.53,592,590
106.54,593,594
106.59,599,597
106.59,595,595
106.59,604,600
106.59,597,598
106.59,607,606
106.6,599,599
106.6,612,611
106.66,602,603
106.66,614,615
106.66,609,608
106.66,618,619
106.66,614,614
106.66,620,622
106.67,623,621
106.73,626,625
106.73,625,625
106.73,625,625
106.73,627,626
106.73,627,627
106.73,629,628
106.74,627,627
106.8,629,629
106.8,630,629
106.8,631,630
106.8,630,630
106.8,631,631
106.8,631,631
106.8,633,632
106.86,633,632
106.86,634,633
106.86,633,632
106.86,632,633
106.86,632,632
106.86,634,632
106.87,631,632
106.92,632,631
106.92,631,631
106.92,629,629
106.92,630,629
106.92,627,626
106.92,626,626
106.93,621,619
106.98,624,623
106.98,620,617
106.98,620,621
106.98,618,616
106.98,618,619
106.99,620,618
107.0,618,618
107.06,620,618
107.06,614,614
107.06,621,619
107.06,612,612
107.06,620,619
107.06,612,611
107.06,622,619
107.12,614,612
107.12,619,619
107.12,612,611
107.12,617,617
107.12,612,611
107.12,614,615
107.13,615,613
107.19,613,614
107.19,618,617
107.19,613,616
107.19,621,620
107.19,615,616
107.19,627,624
107.19,622,621
107.25,627,627
107.25,626,626
107.25,629,629
107.25,627,627
107.25,631,629
107.25,633,631
107.26,630,630
107.31,632,631
107.31,631,632
107.31,633,632
107.31,634,633
107.31,633,633
107.32,632,634
107.33,635,634
107.39,634,634
107.39,633,634
107.39,636,635
107.39,635,635
107.39,636,634
107.39,633,634
107.39,636,634
107.45,633,634
107.45,635,634
107.45,635,633
107.45,633,633
107.45,633,632
107.45,631,631
107.46,631,631
107.51,631,631
107.51,631,629
107.51,629,629
107.51,631,629
107.51,630,629
107.51,630,629
107.52,631,630
107.58,631,630
107.58,632,631
107.58,632,631
107.58,633,632
107.58,632,631
107.58,632,632
107.59,633,632
107.64,633,633
107.64,633,633
107.64,634,633
107.64,634,633
107.64,636,634
107.65,635,634
107.65,633,634
107.72,635,635
107.72,634,634
107.72,634,634
107.72,635,634
107.72,633,634
107.72,633,633
107.72,636,635
107.78,636,636
107.78,637,636
107.78,636,636
107.78,636,635
107.78,635,636
107.78,637,636
107.78,638,635
107.84,636,635
107.84,636,634
107.84,635,636
107.84,636,635
107.84,633,635
107.84,635,635
107.85,636,635
107.9,635,634
107.9,636,635
107.9,635,634
107.9,635,635
107.9,634,635
107.91,635,635
107.92,635,634
107.97,636,635
107.97,636,635
107.97,635,635
107.97,635,635
107.97,636,634
107.97,635,635
107.98,634,635
108.04,635,634
108.04,636,635
108.04,635,634
108.04,635,634
108.04,634,634
108.04,635,635
108.05,636,635
108.11,637,635
108.11,635,634
108.11,635,634
108.11,635,635
108.11,633,634
108.11,635,635
108.11,633,634
108.17,634,635
108.17,635,634
108.17,635,634
108.17,636,635
108.17,636,635
108.17,635,635
108.18,634,634
108.23,636,634
108.23,635,634
108.23,636,634
108.23,632,634
108.23,635,634
108.23,636,634
108.24,632,633
108.3,635,634
108.3,635,634
108.3,635,635
108.3,633,634
108.3,633,633
108.3,634,634
108.31,634,634
108.36,633,633
108.36,634,633
108.36,635,633
108.36,631,633
108.36,633,632
108.37,632,631
108.37,632,630
108.44,631,630
108.44,629,628
108.44,626,627
108.44,618,616
108.44,619,618
108.44,608,606
108.44,607,608
108.5,603,600
108.5,602,600
108.5,595,594
108.5,589,589
108.5,587,585
108.5,576,576
108.51,577,576
108.56,567,566
108.56,569,567
108.56,556,556
108.56,561,558
108.56,543,543
108.56,550,548
108.57,534,533
108.62,536,537
108.62,525,524
108.62,525,525
108.62,520,517
108.62,516,515
108.63,511,508
108.64,503,504
108.69,503,502
108.69,492,492
108.69,494,492
108.69,483,482
108.69,486,485
108.69,473,472
108.7,478,478
108.77,467,464
108.77,471,472
108.77,464,460
108.77,467,466
108.77,461,459
108.77,464,464
108.77,462,460
108.83,456,458
108.83,458,456
108.83,452,451
108.83,459,456
108.83,449,448
108.83,456,455
108.83,445,444
108.89,455,452
108.89,443,442
108.89,451,451
108.89,440,440
108.89,449,448
108.89,440,438
108.9,442,443
108.95,437,437
108.95,435,437
108.95,438,435
108.95,431,431
108.95,435,433
108.96,426,428
108.96,433,432
109.01,424,425
109.01,433,433
109.01,423,424
109.01,430,431
109.01,419,419
109.02,430,430
109.03,420,418
109.09,423,423
109.09,419,417
109.09,420,422
109.09,420,416
109.09,414,417
109.09,417,417
109.09,415,415
109.16,419,417
109.16,411,411
109.16,418,417
109.16,409,409
109.16,417,416
109.16,407,407
109.16,415,416
109.22,407,406
109.22,411,413
109.22,406,406
109.22,412,413
109.22,409,408
109.22,408,411
109.23,413,410
109.28,409,409
109.28,413,412
109.28,408,408
109.28,413,413
109.28,405,406
109.28,416,416
109.29,409,408
109.34,417,417
109.34,409,407
109.34,419,418
109.34,410,410
109.34,419,419
109.35,415,413
109.36,417,418
109.41,418,417
109.41,419,419
109.41,421,419
109.41,418,418
109.41,423,422
109.41,417,419
109.42,427,426
109.48,422,421
109.48,431,429
109.48,424,424
109.48,435,434
109.48,431,428
109.48,438,439
109.49,436,434
109.55,443,442
109.55,439,439
109.55,443,445
109.55,449,446
109.55,445,448
109.55,455,452
109.55,450,450
109.61,459,458
109.61,452,452
109.61,463,461
109.61,453,454
109.61,464,463
109.61,456,456
109.62,465,465
109.67,460,459
109.67,466,467
109.67,463,461
109.67,466,467
109.67,468,466
109.68,465,466
109.68,466,468
109.75,466,466
109.75,470,469
109.75,463,464
109.75,472,471
109.75,463,464
109.75,473,471
109.75,465,464
109.81,473,473
109.81,467,466
109.81,473,475
109.81,470,468
109.81,474,474
109.81,471,470
109.82,475,476
109.87,477,475
109.87,474,474
109.87,480,477
109.87,474,474
109.87,483,481
109.87,475,474
109.88,482,482
109.93,476,476
109.93,486,486
109.93,477,476
109.93,484,485
109.93,477,477
109.94,483,483
109.95,480,477
109.96,480,480
109.97,480,479
109.98,481,480
110.03,480,479
110.03,478,479
110.03,482,482
110.03,475,476
110.03,485,485
110.03,476,477
110.04,485,484
110.1,476,476
110.1,486,487
110.1,481,479
110.1,486,487
110.1,485,483
110.11,485,487
110.11,487,485
110.17,487,489
110.17,489,488
110.17,488,490
110.17,494,494
110.17,490,491
110.17,500,499
110.17,493,494
110.23,504,502
110.23,495,495
110.23,507,507
110.23,499,498
110.23,507,508
110.23,503,501
110.24,508,511
110.29,506,504
110.29,506,510
110.29,509,508
110.29,507,510
110.29,513,512
110.3,509,509
110.3,514,511
110.35,506,507
110.35,515,514
110.35,507,506
110.35,516,516
110.35,506,506
110.36,516,514
110.37,506,504
110.43,513,512
110.43,504,502
110.43,508,508
110.43,504,503
110.43,503,505
110.43,505,502
110.43,498,499
110.49,501,500
110.49,494,494
110.49,498,498
110.5,491,490
110.5,497,497
110.5,487,486
110.5,495,493
110.56,484,483
110.56,490,491
110.56,482,482
110.56,487,488
110.56,481,479
110.56,481,483
110.57,484,481
110.62,481,480
110.62,482,479
110.62,475,475
110.62,480,478
110.62,470,470
110.62,479,477
110.63,467,466
110.68,475,474
110.68,463,463
110.68,472,471
110.68,464,461
110.68,469,470
110.69,461,460
110.7,464,465
110.76,461,458
110.76,457,458
110.76,456,456
110.76,452,454
110.76,459,456
110.76,448,449
110.76,456,454
110.82,446,446
110.82,453,452
110.82,442,442
110.82,451,449
110.82,440,438
110.82,446,445
110.83,436,435
110.88,440,439
110.88,431,431
110.88,432,433
110.88,429,426
110.88,426,426
110.88,424,422
110.89,417,418
110.95,422,420
110.95,410,411
110.95,416,415
110.95,404,404
110.95,409,410
110.95,400,399
110.96,404,405
111.01,395,395
111.01,399,400
111.01,394,391
111.01,397,396
111.01,393,390
111.02,390,391
111.02,389,388
111.09,386,387
111.09,388,388
111.09,381,382
111.09,390,389
111.09,380,381
111.09,389,387
111.09,376,377
111.15,385,384
111.15,378,375
111.15,382,382
111.15,375,373
111.15,378,380
111.15,373,372
111.16,375,376
111.21,373,371
111.21,372,372
111.21,373,371
111.21,370,368
111.21,372,372
111.21,364,365
111.22,375,373
111.27,365,364
111.27,377,376
111.27,366,366
111.27,375,375
111.27,370,368
111.28,375,376
111.29,372,371
111.35,377,377
111.35,377,375
111.35,379,378
111.35,383,381
111.35,381,381
111.35,386,386
111.35,384,384
111.41,393,393
111.41,389,390
111.41,400,400
111.41,394,393
111.41,405,405
111.41,400,398
111.42,409,410
111.48,405,405
111.48,415,415
111.48,412,412
111.48,416,419
111.48,422,420
111.48,423,424
111.48,428,427
111.54,426,429
111.54,436,434
111.54,432,431
111.54,440,438
111.54,432,433
111.54,443,442
111.55,435,435
111.6,443,445
111.6,439,436
111.6,444,445
111.6,439,438
111.6,442,443
111.61,438,437
111.61,440,441
111.68,438,438
111.68,436,437
111.68,440,439
111.68,435,435
111.68,441,439
111.68,432,432
111.68,440,439
111.74,431,431
111.74,439,439
111.74,431,430
111.74,437,437
111.74,431,428
111.74,435,434
111.75,430,428
111.8,429,431
111.8,427,427
111.8,426,426
111.81,428,426
111.81,423,423
111.81,428,426
111.81,419,419
111.87,425,425
111.87,415,416
111.87,424,422
111.87,410,411
111.87,417,416
111.87,406,406
111.88,410,412
111.93,405,404
111.93,405,406
111.93,401,400
111.93,399,399
111.93,399,396
111.93,390,391
111.94,394,391
111.99,381,382
111.99,390,387
111.99,377,379
111.99,385,383
111.99,371,370
112.0,377,377
112.01,365,366
112.07,371,372
112.07,362,361
112.07,366,367
112.07,362,360
112.07,361,361
112.07,361,358
112.07,356,358
112.13,360,358
112.13,352,354
112.13,359,357
112.13,349,349
112.13,356,355
112.13,344,346
112.14,356,354
112.19,343,342
112.19,350,351
112.19,345,342
112.19,346,348
112.19,343,341
112.2,344,344
112.2,341,338
112.26,341,342
112.26,343,340
112.26,340,340
112.26,342,341
112.26,336,335
112.26,342,342
112.27,336,336
112.33,346,345
112.33,335,336
112.33,348,347
112.33,337,336
112.33,346,346
112.33,342,339
112.34,345,347
112.4,342,342
112.4,347,347
112.4,346,347
112.4,346,348
112.4,351,351
112.4,351,350
112.4,358,356
112.46,353,352
112.46,363,362
112.46,356,355
112.46,368,368
112.46,360,360
112.46,373,373
112.47,369,367
112.52,377,377
112.52,373,372
112.53,380,380
112.53,380,377
112.53,380,382
112.53,385,384
112.53,386,386
112.59,392,392
112.59,387,389
112.59,398,397
112.59,392,393
112.59,405,404
112.59,400,399
112.6,410,410
112.65,404,404
112.65,416,416
112.65,409,408
112.65,417,418
112.65,416,415
112.65,421,421
112.66,425,422
112.71,421,421
112.71,428,426
112.71,424,424
112.71,431,429
112.71,425,425
112.72,433,432
112.73,425,424
112.79,434,436
112.79,428,427
112.79,437,437
112.79,429,429
112.79,436,438
112.79,433,431
112.79,434,436
112.85,434,433
112.85,432,433
112.85,434,433
112.85,431,432
112.85,437,434
112.85,430,431
112.86,439,437
112.92,430,430
112.92,440,438
112.92,431,430
112.92,440,440
112.92,432,431
112.92,439,439
112.92,433,432
112.98,440,438
112.98,437,435
112.98,439,439
112.98,441,439
112.98,439,439
112.98,443,442
112.99,438,438
113.04,445,443
113.04,438,439
113.04,448,447
113.04,438,438
113.04,448,446
113.05,438,436
113.06,444,446
113.12,436,437
113.12,444,444
113.12,439,437
113.12,440,440
113.12,439,438
113.12,438,439
113.12,439,438
113.18,437,437
113.18,444,442
113.18,434,436
113.18,441,441
113.18,434,433
113.18,438,438
113.19,429,429
113.24,437,437
113.24,428,426
113.24,433,433
113.24,425,423
113.24,429,429
113.24,424,422
113.25,423,423
113.31,422,421
113.31,417,417
113.31,420,418
113.31,410,411
113.31,416,416
113.31,407,407
113.32,414,413
113.37,402,402
113.37,409,408
113.37,400,397
113.37,403,403
113.37,395,394
113.38,400,400
113.38,393,390
113.45,394,395
113.45,391,388
113.45,385,386
113.45,387,385
113.45,380,380
113.45,382,381
113.45,373,374
113.51,379,378
113.51,369,369
113.51,375,375
113.51,367,367
113.51,379,378
113.51,370,368
113.51,376,375
113.57,369,366
113.57,371,372
113.57,369,367
113.57,369,369
113.57,370,367
113.57,366,365
113.58,367,366
113.63,361,362
113.63,367,366
113.63,358,358
113.63,367,366
113.63,358,358
113.64,369,367
113.65,358,356
113.71,363,364
113.71,359,357
113.71,363,364
113.71,358,358
113.71,363,364
113.71,361,359
113.71,360,362
113.77,362,361
113.77,360,360
113.77,367,365
113.77,357,359
113.77,366,367
113.78,359,360
113.78,367,367
113.84,360,359
113.84,369,369
113.84,362,360
113.84,368,368
113.84,361,361
113.84,366,368
113.84,365,363
113.9,366,365
113.9,364,364
113.9,365,365
113.9,367,367
113.9,363,364
113.9,370,368
113.91,362,363
113.96,370,370
113.96,361,362
113.96,371,371
113.96,364,364
113.96,371,371
113.97,365,363
113.97,368,369
114.02,366,365
114.02,369,368
114.02,368,365
114.02,365,367
114.02,371,367
114.03,367,366
114.04,373,370
114.1,362,364
114.1,371,370
114.1,360,362
114.1,371,370
114.1,361,360
114.1,369,369
114.1,361,362
114.16,368,370
114.16,366,363
114.16,369,369
114.16,367,365
114.16,367,367
114.16,370,368
114.17,367,367
114.23,369,369
114.23,364,364
114.23,374,371
114.23,361,362
114.23,373,372
114.23,365,365
114.24,373,373
114.29,365,363
114.29,372,374
114.29,367,365
114.29,370,373
114.29,371,368
114.29,371,373
114.3,368,369
114.35,368,371
114.35,371,370
114.35,367,368
114.35,376,373
114.35,366,367
114.36,372,373
114.37,364,364
114.43,372,373
114.43,365,363
114.43,371,372
114.43,365,363
114.43,368,370
114.43,364,362
114.43,367,368
114.49,364,363
114.49,363,364
114.49,364,362
114.49,361,362
114.49,365,362
114.49,361,359
114.5,365,363
114.56,356,355
114.56,366,364
114.56,355,355
114.56,365,363
114.56,355,354
114.56,363,362
114.56,355,353
114.62,356,358
114.62,352,351
114.62,355,354
114.62,351,350
114.62,349,349
114.62,349,347
114.63,344,346
114.68,348,347
114.68,341,341
114.68,348,346
114.68,338,337
114.68,344,343
114.69,335,335
114.69,345,344
114.74,334,333
114.74,341,342
114.75,336,334
114.75,337,338
114.75,337,336
114.75,336,336
114.76,336,335
114.82,333,334
114.82,339,337
114.82,331,332
114.82,339,338
114.82,331,332
114.82,340,340
114.83,330,330
114.89,340,341
114.89,332,332
114.89,339,340
114.89,332,332
114.89,338,339
114.89,336,335
114.89,339,339
114.95,339,338
114.95,336,338
114.95,342,339
114.95,334,335
114.95,344,342
114.95,336,338
114.96,348,346
115.01,339,338
115.01,348,347
115.01,340,341
115.01,348,349
115.01,341,342
115.01,351,352
115.02,348,348
115.07,352,352
115.07,351,350
115.07,354,353
115.07,354,353
115.07,351,352
115.08,358,357
115.09,354,353
115.15,358,359
115.15,353,353
115.15,363,362
115.15,354,354
115.15,366,364
115.15,356,354
115.15,365,364
115.21,360,358
115.21,364,364
115.21,363,361
115.21,364,366
115.21,366,365
115.21,365,366
115.22,368,367
115.27,362,364
115.27,372,370
115.27,365,365
115.27,375,374
115.27,365,365
115.28,375,374
115.28,367,366
115.34,375,375
115.34,370,368
115.34,376,376
115.34,374,371
115.34,375,376
115.34,375,374
115.35,374,376
115.4,378,376
115.4,375,375
115.4,378,378
115.4,375,375
115.4,384,382
115.41,376,376
115.41,385,384
115.48,375,374
115.48,385,386
115.48,377,376
115.48,384,384
115.48,379,377
115.48,384,385
115.48,382,381
115.54,382,383
115.54,384,383
115.54,381,382
115.54,384,383
115.54,380,381
115.54,390,388
115.55,380,380
115.6,388,388
115.6,384,382
115.6,392,392
115.6,384,383
115.6,391,392
115.6,383,383
115.61,390,391
115.66,387,384
115.66,389,389
115.66,386,387
115.66,388,389
115.66,389,388
115.67,388,387
115.68,391,391
115.73,387,386
115.73,393,392
115.73,385,386
115.73,394,393
115.73,387,384
115.73,393,392
115.74,387,385
115.8,394,393
115.8,387,385
115.8,390,392
115.8,391,388
115.8,390,392
115.8,393,391
115.81,390,391
115.86,392,392
115.86,388,390
115.86,398,395
115.87,388,389
115.87,396,395
115.87,387,388
115.87,398,397
115.93,391,389
115.93,397,397
115.93,392,392
115.93,396,396
115.93,393,391
115.93,397,397
115.94,396,393
116.0,394,395
116.0,399,397
116.0,396,395
116.0,401,400
116.0,393,393
116.0,402,401
116.0,395,393
116.07,403,402
116.07,392,393
116.07,402,403
116.07,394,394
116.07,402,401
116.07,396,394
116.07,400,400
116.13,395,394
116.13,394,397
116.13,397,396
116.13,396,396
116.13,400,399
116.13,394,393
116.14,399,398
116.19,392,392
116.19,400,398
116.19,391,390
116.19,397,398
116.19,390,390
116.19,399,398
116.2,390,388
116.25,395,395
116.25,392,391
116.25,395,395
116.25,394,393
116.25,391,393
116.26,395,393
116.27,391,392
116.33,399,397
116.33,388,390
116.33,398,396
116.33,387,388
116.33,399,397
116.33,387,386
116.33,395,396
116.39,391,389
116.39,397,397
116.39,391,390
116.39,396,396
116.39,392,391
116.39,395,395
116.4,396,394
116.46,394,393
116.46,397,396
116.46,392,393
116.46,399,397
116.46,388,390
116.46,398,398
116.46,389,389
116.52,397,397
116.52,388,388
116.52,394,396
116.52,388,387
116.52,393,394
116.52,389,388
116.53,393,393
116.58,392,390
116.58,392,393
116.58,395,394
116.58,389,390
116.58,395,393
116.59,389,390
116.59,397,396
116.65,389,390
116.65,401,400
116.65,391,389
116.65,400,400
116.65,392,390
116.65,396,397
116.66,393,392
116.72,397,397
116.72,394,393
116.72,396,396
116.72,396,395
116.72,395,395
116.72,400,398
116.73,393,393
116.78,400,399
116.78,392,393
116.78,402,401
116.78,393,392
116.78,403,402
116.78,395,393
116.79,401,402
116.85,396,396
116.85,403,403
116.85,399,397
116.85,401,401
116.85,400,400
116.85,398,401
116.86,404,401
116.91,398,399
116.91,406,404
116.91,398,398
116.91,407,406
116.91,398,399
116.91,410,409
116.92,401,400
116.97,406,407
116.97,399,399
116.97,407,408
116.97,403,400
116.97,408,408
116.98,402,403
116.99,405,406
117.05,407,405
117.05,402,405
117.05,407,406
117.05,401,404
117.05,411,408
117.05,402,403
117.05,411,411
117.11,401,401
117.11,411,411
117.11,402,401
117.11,410,411
117.11,406,404
117.11,410,411
117.12,409,406
117.17,406,409
117.17,408,407
117.17,408,410
117.17,413,410
117.17,409,410
117.18,413,413
117.18,409,409
117.24,416,415
117.24,408,407
117.24,418,417
117.24,406,407
117.24,416,415
117.24,409,408
117.25,415,416
117.31,408,408
117.31,415,414
117.31,412,410
117.31,414,412
117.31,412,412
117.31,411,411
117.32,415,413
117.38,406,407
117.38,416,414
117.38,406,407
117.38,416,415
117.38,406,406
117.38,416,415
117.38,410,406
117.44,413,414
117.44,409,406
117.44,412,413
117.44,410,407
117.44,409,411
117.44,412,410
117.45,409,409
117.5,412,411
117.5,405,406
117.5,414,411
117.5,405,406
117.5,416,413
117.5,405,404
117.52,412,412
117.52,404,404
117.53,413,412
117.54,407,406
117.6,411,410
117.6,405,403
117.6,408,409
117.6,406,404
117.6,406,405
117.6,405,405
117.61,400,401
117.66,407,405
117.66,399,399
117.66,404,403
117.66,395,395
117.66,401,402
117.66,394,393
117.67,401,400
117.74,391,391
117.74,398,399
117.74,392,391
117.74,398,397
117.74,395,392
117.74,394,396
117.74,395,393
117.8,392,394
117.8,398,397
117.8,392,394
117.8,399,397
117.8,392,393
117.8,400,400
117.8,395,394
117.86,403,403
117.86,397,394
117.86,403,403
117.86,398,395
117.86,403,403
117.86,398,397
117.87,404,404
117.92,400,399
117.92,399,399
117.92,403,400
117.92,399,399
117.92,405,403
117.93,396,398
117.93,406,404
117.99,397,396
117.99,406,403
117.99,397,396
117.99,402,404
117.99,397,396
117.99,401,404
118.0,396,397
118.06,403,404
118.06,400,397
118.06,399,399
118.06,399,398
118.06,396,398
118.06,401,398
118.06,396,396
118.13,402,400
118.13,394,394
118.13,402,400
118.13,395,393
118.13,401,400
118.13,393,392
118.13,401,400
118.19,394,391
118.19,396,397
118.19,394,392
118.19,397,397
118.19,392,391
118.19,394,394
118.2,396,393
118.25,390,392
118.25,397,395
118.25,388,389
118.25,395,394
118.25,389,389
118.25,397,396
118.26,389,389
118.32,397,396
118.32,390,387
118.32,394,394
118.32,385,385
118.32,391,393
118.32,390,388
118.33,389,390
118.38,390,389
118.38,390,389
118.38,394,391
118.38,388,389
118.38,394,393
118.38,389,389
118.39,397,395
118.46,390,389
118.46,398,396
118.46,388,387
118.46,397,397
118.46,389,389
118.46,396,397
118.46,392,390
118.52,393,395
118.52,392,392
118.52,393,393
118.52,395,393
118.52,392,390
118.52,391,391
118.52,389,388
118.58,395,394
118.58,386,385
118.58,392,392
118.58,385,384
118.58,395,394
118.58,384,385
118.59,395,394
118.64,389,390
118.64,399,399
118.64,399,397
118.64,400,401
118.64,403,401
118.65,400,403
118.65,406,406
118.72,400,402
118.72,408,408
118.72,401,401
118.72,409,407
118.72,398,398
118.72,408,407
118.72,398,395
118.78,403,402
118.78,396,395
118.78,398,399
118.78,394,393
118.78,397,397
118.78,394,391
118.79,391,392
118.84,393,391
118.84,386,387
118.84,389,388
118.84,383,383
118.84,387,387
118.84,380,381
118.85,386,386
118.91,377,377
118.91,384,384
118.91,377,374
118.91,382,382
118.91,375,372
118.91,375,378
118.92,372,372
118.97,371,373
118.97,374,372
118.97,371,370
118.97,373,371
118.97,367,368
118.97,373,372
118.98,364,365
119.03,370,369
119.03,361,362
119.03,369,368
119.03,361,359
119.03,368,368
119.04,361,360
119.05,365,365
119.11,360,360
119.11,364,364
119.11,360,360
119.11,360,362
119.11,364,362
119.11,360,360
119.11,365,363
119.17,357,358
119.17,366,365
119.17,357,356
119.17,366,366
119.17,360,359
119.17,365,366
119.18,360,358
119.23,367,366
119.23,361,360
119.23,367,367
119.23,365,363
119.24,366,366
119.24,367,365
119.24,364,365
119.3,368,366
119.3,364,362
119.3,367,368
119.3,362,363
119.3,371,370
119.3,363,363
119.31,370,370
119.37,364,364
119.37,373,372
119.37,366,365
119.37,370,372
119.38,368,366
119.38,369,371
119.38,371,369
119.44,370,370
119.44,372,370
119.44,366,369
119.44,373,373
119.44,368,369
119.44,377,375
119.44,368,368
119.5,379,379
119.5,372,370
119.5,381,380
119.5,373,371
119.5,380,380
119.5,374,373
119.51,381,382
119.56,380,379
119.56,380,381
119.56,381,380
119.56,380,381
119.56,387,385
119.56,383,382
119.57,389,388
119.62,383,382
119.62,390,389
119.62,383,383
119.62,391,391
119.62,384,383
119.63,394,393
119.64,387,386
119.7,394,394
119.7,388,388
119.7,390,392
119.7,390,390
119.7,390,392
119.7,394,392
119.7,389,391
119.76,396,395
119.76,391,390
119.76,398,397
119.76,389,390
119.76,397,398
119.76,390,390
119.77,400,398
119.82,392,390
119.82,399,399
119.82,394,391
119.82,396,397
119.83,396,394
119.83,395,396
119.83,397,396
119.89,394,396
119.89,399,398
119.89,394,395
119.89,399,399
119.89,396,394
119.89,401,400
119.9,394,394
119.95,402,401
119.95,393,392
119.95,400,401
119.95,394,394
119.95,401,401
119.96,395,393
119.97,396,398
120.03,398,398
120.03,397,397
120.03,398,397
120.03,392,395
120.03,399,399
120.03,392,393
120.03,402,401
120.09,392,393
120.09,399,401
120.09,394,393
120.09,401,401
120.09,395,394
120.09,399,400
120.1,394,394
120.15,399,400
120.15,397,396
120.15,399,399
120.15,400,397
120.15,395,396
120.15,399,398
120.16,395,395
120.22,401,399
120.22,395,394
120.22,402,400
120.22,394,395
120.22,403,402
120.22,395,394
120.23,402,403
120.28,396,396
120.28,402,402
120.28,400,397
120.28,401,401
120.28,400,397
120.28,399,399
120.29,401,400
120.36,397,398
120.36,403,402
120.36,396,396
120.36,404,403
120.36,393,395
120.36,403,404
120.36,396,395
120.42,403,401
120.42,397,394
120.42,403,402
120.42,395,395
120.42,400,400
120.42,398,396
120.42,397,397
120.48,398,397
120.48,393,395
120.48,396,396
120.48,392,392
120.48,396,394
120.48,389,389
120.49,396,394
120.54,384,385
120.54,392,392
120.54,381,382
120.54,388,389
120.54,381,380
120.55,385,384
120.56,380,378
120.61,381,380
120.61,378,376
120.61,378,376
120.61,378,376
120.61,373,373
120.61,376,374
120.62,371,370
120.68,376,374
120.68,367,367
120.68,375,372
120.68,363,364
120.68,372,372
120.68,366,364
120.69,373,373
120.75,368,366
120.75,372,372
120.75,369,367
120.75,369,369
120.75,370,368
120.75,367,368
120.75,368,368
120.81,363,365
120.81,369,368
120.81,359,360
120.81,366,366
120.81,357,357
120.81,366,366
120.82,357,354
120.87,362,361
120.87,352,352
120.87,356,355
120.87,351,348
120.87,351,352
120.87,347,346
120.88,345,346
120.94,346,345
120.94,341,341
120.94,344,343
120.94,338,336
120.94,340,340
120.94,334,334
120.95,340,340
121.01,332,331
121.01,337,337
121.01,327,328
121.01,334,335
121.01,330,328
121.01,332,333
121.01,327,326
121.08,328,329
121.08,330,327
121.08,328,327
121.08,328,327
121.08,323,323
121.08,327,327
121.08,320,322
121.14,328,327
121.14,321,321
121.14,329,328
121.14,319,319
121.14,326,326
121.14,320,317
121.14,326,325
121.2,320,319
121.2,322,322
121.2,322,321
121.2,320,322
121.2,320,321
121.2,320,320
121.21,324,323
121.26,318,320
121.26,326,324
121.26,316,316
121.26,325,323
121.26,315,314
121.27,323,323
121.28,314,315
121.33,323,323
121.33,314,314
121.33,320,321
121.33,319,316
121.33,319,319
121.33,320,318
121.34,319,318
121.4,322,320
121.4,316,317
121.4,322,322
121.4,316,316
121.4,322,322
121.4,317,315
121.41,325,323
121.47,317,316
121.47,326,325
121.47,319,317
121.47,325,323
121.47,320,319
121.47,322,324
121.47,323,321
121.53,322,323
121.53,326,324
121.53,325,324
121.53,328,328
121.53,324,324
121.53,331,330
121.54,322,322
121.59,332,331
121.59,323,323
121.59,332,333
121.59,325,324
121.59,333,334
121.6,329,328
121.6,334,335
121.66,330,329
121.66,336,335
121.66,334,333
121.66,332,334
121.66,335,335
121.66,333,335
121.67,341,340
121.73,337,336
121.73,343,343
121.73,336,336
121.73,345,344
121.73,339,338
121.73,349,347
121.73,342,340
121.79,349,349
121.79,345,345
121.79,348,349
121.79,348,346
121.79,350,349
121.79,351,350
121.8,348,349
121.86,352,352
121.86,349,349
121.86,357,356
121.86,350,349
121.86,358,357
121.86,349,349
121.87,360,359
121.92,350,349
121.92,358,360
121.92,351,350
121.92,358,358
121.92,352,352
121.92,356,357
121.93,357,355
121.98,353,355
121.98,358,356
121.98,353,353
121.98,359,359
121.98,353,354
121.99,362,361
122.0,352,353
122.05,361,360
122.05,353,351
122.05,361,361
122.05,352,352
122.05,359,360
122.05,353,353
122.06,359,359
122.13,358,356
122.13,359,360
122.13,363,361
122.13,361,362
122.13,366,364
122.13,363,363
122.13,368,367
122.19,363,363
122.19,369,370
122.19,363,362
122.19,370,370
122.19,363,362
122.19,369,369
122.19,363,361
122.25,368,370
122.25,364,363
122.25,365,367
122.25,367,364
122.25,365,365
122.25,365,364
122.26,362,361
122.31,367,366
122.31,362,361
122.31,369,367
122.31,360,360
122.31,366,367
122.32,360,361
122.32,368,368
122.39,359,358
122.39,364,365
122.39,360,359
122.39,362,364
122.39,359,359
122.39,359,361
122.39,359,359
122.45,355,356
122.45,361,358
122.45,356,356
122.45,361,360
122.45,350,351
122.45,362,360
122.46,352,350
122.51,359,358
122.51,351,350
122.51,358,357
122.51,350,349
122.51,354,356
122.51,350,350
122.52,353,353
122.58,353,350
122.58,350,349
122.58,352,350
122.58,348,348
122.58,353,351
122.58,345,346
122.59,353,353
122.64,345,344
122.64,352,353
122.64,346,345
122.64,353,354
122.64,346,345
122.64,353,352
122.65,348,346
122.72,351,352
122.72,348,348
122.72,349,349
122.72,351,350
122.72,345,347
122.72,352,350
122.72,346,346
122.78,354,353
122.78,345,345
122.78,352,351
122.78,344,344
122.78,353,352
122.78,343,342
122.78,350,351
122.84,343,343
122.84,350,350
122.84,343,344
122.84,348,349
122.84,348,346
122.84,348,349
122.85,353,351
122.9,346,349
122.9,355,352
122.9,350,349
122.9,357,356
122.9,348,349
122.91,357,357
122.91,350,348
122.97,356,358
122.97,351,350
122.97,356,357
122.97,352,351
122.97,357,358
122.97,358,354
122.98,357,357
123.03,356,356
123.03,354,355
123.03,359,358
123.03,354,354
123.03,363,360
123.04,353,354
123.05,364,362
123.11,353,353
123.11,362,363
123.11,353,353
123.11,364,364
123.11,359,356
123.11,363,363
123.11,360,358
123.17,361,363
123.17,363,362
123.17,363,362
123.17,367,364
123.17,361,362
123.17,366,365
123.18,361,362
123.23,370,369
123.23,361,361
123.23,370,370
123.23,362,362
123.23,371,371
123.23,364,364
123.24,371,371
123.3,366,364
123.3,370,371
123.3,370,368
123.3,369,370
123.3,372,371
123.3,370,370
123.31,374,372
123.36,367,368
123.36,375,373
123.36,367,367
123.36,378,375
123.36,366,367
123.36,378,377
123.37,368,367
123.42,377,375
123.42,370,369
123.42,372,375
123.42,373,370
123.42,374,375
123.43,374,372
123.44,370,373
123.5,374,374
123.5,372,372
123.5,377,374
123.5,369,369
123.5,378,376
123.5,369,369
123.5,379,377
123.56,367,368
123.56,376,377
123.56,368,368
123.56,373,374
123.56,371,369
123.56,373,374
123.57,370,370
123.63,373,372
123.63,372,371
123.63,369,369
123.63,371,370
123.63,368,369
123.63,373,371
123.64,365,364
123.69,374,374
123.69,362,363
123.69,374,372
123.69,362,362
123.69,371,370
123.69,362,361
123.7,367,368
123.76,362,361
123.76,366,365
123.76,362,362
123.76,363,363
123.76,365,362
123.76,361,360
123.77,365,362
123.83,357,358
123.83,366,363
123.83,356,355
123.83,362,361
123.83,355,353
123.83,363,361
123.83,352,351
123.89,357,358
123.89,354,351
123.89,356,357
123.89,353,351
123.89,353,353
123.89,352,351
123.9,349,349
123.95,354,351
123.95,348,349
123.95,355,354
123.95,346,346
123.95,355,353
123.95,346,346
123.96,354,354
124.02,346,346
124.02,350,352
124.02,347,345
124.02,351,352
124.02,346,345
124.02,351,351
124.03,350,347
124.08,346,347
124.08,348,348
124.08,346,346
124.08,351,350
124.08,344,345
124.09,350,350
124.09,341,341
124.16,350,349
124.16,342,341
124.16,351,351
124.16,342,341
124.16,349,349
124.16,344,342
124.16,349,348
124.22,346,343
124.22,343,345
124.22,345,344
124.22,342,345
124.22,347,346
124.22,341,342
124.22,348,347
124.28,341,342
124.28,350,348
124.28,341,341
124.28,349,348
124.28,344,342
124.28,349,350
124.29,343,340
124.34,346,347
124.34,344,342
124.34,346,345
124.34,345,343
124.34,344,345
124.35,348,345
124.36,344,344
124.42,350,348
124.42,343,342
124.42,351,349
124.42,341,342
124.42,347,348
124.42,342,341
124.42,349,349
124.48,342,341
124.48,349,349
124.48,344,343
124.48,349,350
124.48,347,345
124.48,346,350
124.49,349,347
124.55,345,347
124.55,352,350
124.55,346,346
124.55,350,350
124.55,343,344
124.55,352,350
124.55,344,344
124.61,354,352
124.61,345,344
124.61,352,351
124.61,345,343
124.61,349,350
124.61,344,345
124.62,350,352
124.67,348,347
124.67,349,350
124.67,351,350
124.67,350,349
124.67,351,351
124.68,349,350
124.68,355,353
124.75,348,347
124.75,354,354
124.75,347,346
124.75,355,354
124.75,344,343
124.75,352,352
124.75,347,345
124.81,350,352
124.81,349,348
124.81,352,352
124.81,350,349
124.81,348,349
124.81,352,351
124.81,350,349
124.87,353,351
124.87,345,346
124.87,353,353
124.87,346,347
124.87,353,353
124.87,347,346
124.88,354,355
124.94,346,346
124.94,354,353
124.94,349,346
124.94,350,350
124.94,348,346
124.94,348,349
124.95,347,347
125.0,347,348
125.0,351,350
125.0,346,346
125.0,352,351
125.0,345,345
125.0,353,352
125.01,344,345
125.06,353,352
125.06,346,344
125.06,352,353
125.06,347,346
125.06,352,352
125.07,351,348
125.08,352,352
125.14,350,350
125.14,351,352
125.14,354,352
125.14,350,351
125.14,357,354
125.14,350,351
125.14,357,356
125.2,353,352
125.2,359,359
125.2,353,352
125.2,361,361
125.2,354,354
125.2,360,360
125.21,356,355
125.26,360,359
125.26,357,355
125.26,358,358
125.26,358,355
125.26,355,356
125.27,359,356
125.28,352,354
125.29,360,359
125.29,353,352
125.3,360,358
125.36,353,352
125.36,360,359
125.36,352,351
125.36,359,359
125.36,351,350
125.36,358,357
125.37,354,352
125.43,355,355
125.43,355,353
125.43,354,354
125.43,355,353
125.43,351,352
125.43,355,353
125.43,349,349
125.5,356,354
125.5,348,348
125.5,355,354
125.5,347,346
125.5,355,354
125.5,345,345
125.5,353,352
125.56,347,344
125.56,348,350
125.56,346,344
125.56,349,348
125.56,348,346
125.56,346,346
125.56,348,348
125.62,342,344
125.62,348,347
125.62,341,342
125.62,352,349
125.62,341,341
125.62,353,352
125.63,348,346
125.68,355,356
125.68,351,350
125.68,355,357
125.68,354,353
125.68,357,357
125.69,359,356
125.7,356,358
125.76,359,357
125.76,357,356
125.76,363,361
125.76,357,355
125.76,362,361
125.76,354,354
125.76,363,361
125.82,354,353
125.82,362,362
125.82,355,355
125.82,363,362
125.82,354,353
125.82,359,360
125.83,356,354
125.88,356,358
125.89,358,355
125.89,355,355
125.89,358,357
125.89,355,355
125.89,359,359
125.89,350,351
125.95,360,358
125.95,352,352
125.95,358,358
125.95,350,349
125.95,361,359
125.95,349,349
125.96,355,355
126.01,349,349
126.01,354,354
126.01,352,350
126.01,349,351
126.01,352,351
126.01,348,348
126.02,351,350
126.09,345,344
126.09,350,349
126.09,344,345
126.09,351,350
126.09,340,342
126.09,351,349
126.09,341,340
126.15,349,348
126.15,343,341
126.15,350,349
126.15,345,343
126.15,346,347
126.15,348,347
126.15,347,346
126.21,349,347
126.21,345,345
126.21,350,349
126.21,343,343
126.21,352,350
126.21,340,341
126.22,349,350
126.27,343,342
126.27,350,349
126.27,344,342
126.27,349,349
126.27,342,342
126.28,346,345
126.29,344,343
126.34,345,345
126.34,346,345
126.34,342,342
126.34,347,345
126.34,341,341
126.34,349,347
126.35,341,340
126.41,349,348
126.41,337,338
126.41,348,347
126.41,339,338
126.41,346,347
126.42,341,340
126.42,346,347
126.48,343,341
126.48,345,346
126.48,347,344
126.48,342,344
126.48,347,345
126.48,341,343
126.48,348,347
126.54,342,341
126.54,348,348
126.54,341,341
126.54,348,348
126.54,341,340
126.54,348,349
126.55,342,339
126.6,346,347
126.6,341,340
126.6,344,345
126.6,343,340
126.6,342,342
126.6,343,342
126.61,340,341
126.66,346,343
126.66,338,340
126.66,346,344
126.66,338,339
126.66,345,346
126.67,339,338
126.68,347,346
126.74,339,338
126.74,347,346
126.74,340,340
126.74,344,346
126.74,340,339
126.74,342,342
126.74,343,340
126.8,341,342
126.8,344,342
126.8,340,340
126.8,344,343
126.8,339,338
126.81,344,345
126.81,336,336
126.87,346,345
126.87,336,335
126.87,345,344
126.87,336,336
126.87,342,342
126.87,339,336
126.88,343,343
126.93,341,338
126.93,340,342
126.93,342,341
126.93,337,339
126.93,344,342
126.93,337,336
126.94,345,343
126.99,336,335
126.99,344,343
126.99,335,335
126.99,342,343
126.99,334,334
127.0,342,342
127.01,335,334
127.07,343,343
127.07,340,337
127.07,337,340
127.07,339,338
127.07,340,340
127.07,342,340
127.07,338,339
127.13,344,341
127.13,334,335
127.13,342,342
127.13,332,333
127.13,341,340
127.13,332,332
127.14,343,342
127.19,335,334
127.2,340,340
127.2,334,333
127.2,339,340
127.2,337,335
127.2,337,337
127.2,339,336
127.26,336,337
127.26,339,338
127.26,334,335
127.26,337,336
127.26,332,333
127.26,340,339
127.27,330,330
127.32,340,339
127.32,332,331
127.32,337,339
127.32,331,331
127.32,337,338
127.33,334,332
127.33,336,335
127.4,334,332
127.4,333,335
127.4,338,336
127.4,332,333
127.4,340,338
127.4,333,334
127.4,340,340
127.46,333,334
127.46,340,340
127.46,333,332
127.46,341,342
127.46,336,334
127.46,339,340
127.46,334,334
127.52,340,341
127.52,335,334
127.52,337,339
127.52,338,338
127.52,339,339
127.52,338,338
127.53,337,336
127.59,342,340
127.59,335,334
127.59,342,341
127.59,333,333
127.59,343,342
127.59,333,334
127.6,345,344
127.65,337,334
127.65,343,342
127.65,338,335
127.65,340,339
127.65,338,336
127.65,337,338
127.66,340,338
127.73,335,337
127.73,341,339
127.73,335,334
127.73,340,339
127.73,334,334
127.73,340,339
127.73,334,333
127.79,342,340
127.79,332,331
127.79,338,339
127.79,333,332
127.79,338,340
127.79,337,335
127.79,338,337
127.85,339,337
127.85,337,336
127.85,339,337
127.85,333,335
127.85,342,339
127.85,335,333
127.86,341,340
127.92,333,332
127.92,338,339
127.92,331,332
127.92,339,340
127.92,332,332
127.92,339,338
127.92,333,332
127.98,336,337
127.98,335,334
127.98,336,336
127.98,339,336
127.98,332,334
127.98,341,339
127.99,334,334
128.04,340,340
128.04,333,335
128.04,342,342
128.04,335,334
128.04,342,342
128.05,330,331
128.05,340,341
128.12,335,334
128.12,341,341
128.12,337,336
128.12,338,339
128.12,337,336
128.12,336,337
128.12,340,339
128.18,334,335
128.18,338,339
128.18,336,335
128.18,343,341
128.18,335,334
128.18,342,340
128.19,333,333
128.24,343,342
128.24,335,335
128.24,342,342
128.24,337,336
128.24,341,342
128.24,338,337
128.25,341,340
128.31,340,339
128.31,338,339
128.31,341,340
128.31,337,337
128.31,342,341
128.31,337,337
128.32,343,344
128.39,336,335
128.39,346,345
128.39,334,334
128.39,344,342
128.39,339,336
128.39,340,341
128.39,338,336
128.39,339,339
128.4,336,334
128.41,334,336
128.49,337,336
128.49,333,334
128.49,338,336
128.49,331,331
128.49,339,336
128.49,331,329
128.49,340,338
128.49,330,330
128.5,339,338
128.51,330,330
128.51,339,337
128.59,328,328
128.59,333,335
128.59,332,331
128.59,333,333
128.59,333,330
128.59,329,331
128.59,333,332
128.59,326,328
128.6,334,334
128.61,327,327
128.67,336,334
128.67,328,328
128.67,335,335
128.67,328,327
128.67,335,335
128.67,327,327
128.67,333,334
128.73,327,327
128.73,328,330
128.73,331,328
128.73,328,329
128.73,331,330
128.73,326,328
128.74,332,330
128.79,327,327
128.79,334,332
128.79,324,324
128.79,333,332
128.79,325,323
128.8,334,333
128.8,327,325
128.87,332,332
128.87,328,326
128.87,332,333
128.87,330,328
128.87,332,332
128.87,332,329
128.87,328,328
128.93,332,331
128.93,327,328
128.93,333,333
128.93,327,327
128.93,336,334
128.93,326,326
128.94,334,335
128.99,326,327
128.99,336,336
128.99,329,327
128.99,336,335
128.99,332,329
128.99,332,333
129.0,330,329
129.05,331,331
129.05,331,331
129.05,329,330
129.05,335,333
129.05,331,329
129.06,336,334
129.07,328,329
129.12,335,335
129.12,330,328
129.12,337,336
129.12,329,328
129.12,336,336
129.12,328,328
129.13,336,336
129.19,333,331
129.19,335,334
129.19,333,332
129.19,330,332
129.19,334,332
129.2,330,330
129.2,335,334
129.26,329,329
129.26,338,336
129.26,326,328
129.26,336,335
129.26,326,327
129.26,337,336
129.26,329,327
129.32,334,333
129.32,328,328
129.32,333,333
129.32,328,328
129.32,331,331
129.32,332,331
129.33,328,329
129.38,334,334
129.38,330,328
129.38,334,334
129.38,328,327
129.38,336,334
129.39,328,326
129.39,335,335
129.45,327,327
129.45,335,335
129.45,329,326
129.45,332,334
129.45,330,328
129.45,330,331
129.46,331,330
129.52,328,330
129.52,333,331
129.52,327,328
129.52,335,333
129.52,327,328
129.52,335,334
129.52,327,326
129.59,335,335
129.59,327,326
129.59,334,335
129.59,328,327
129.59,333,336
129.59,329,328
129.59,332,333
129.65,330,329
129.65,331,331
129.65,332,330
129.65,329,328
129.65,332,332
129.65,327,328
129.66,334,334
129.71,328,327
129.71,337,336
129.71,326,326
129.71,334,335
129.71,328,327
129.71,332,333
129.72,328,326
129.77,332,333
129.77,330,328
129.77,332,332
129.77,331,330
129.77,330,331
129.78,334,332
129.79,330,329
129.85,335,333
129.85,326,328
129.85,335,335
129.85,327,327
129.85,335,336
129.85,328,328
129.85,336,336
129.91,330,328
129.91,334,334
129.91,330,328
129.91,332,334
129.91,331,330
129.91,329,331
129.92,332,331
129.97,330,331
129.97,334,334
129.97,327,328
129.97,336,336
129.97,328,328
129.98,337,335
129.98,329,328
130.04,336,335
130.04,328,327
130.04,335,336
130.04,330,329
130.04,335,335
130.04,333,330
130.05,334,334
130.11,332,331
130.11,331,331
130.11,333,332
130.11,331,330
130.11,336,334
130.11,329,328
130.11,335,335
130.18,328,328
130.18,335,335
130.18,327,327
130.18,335,336
130.18,327,326
130.18,334,334
130.18,330,328
130.24,332,333
130.24,329,327
130.24,331,331
130.24,332,329
130.24,326,328
130.24,333,332
130.25,329,328
130.3,335,334
130.3,326,326
130.3,333,332
130.3,324,325
130.3,335,333
130.3,326,326
130.31,333,332
130.37,325,325
130.37,329,331
130.37,329,326
130.37,331,330
130.37,332,330
130.37,330,329
130.38,331,328
130.43,327,327
130.43,330,330
130.43,327,327
130.43,334,332
130.43,326,325
130.43,334,334
130.44,326,325
130.51,332,333
130.51,326,326
130.51,334,333
130.51,326,325
130.51,330,332
130.51,330,327
130.51,329,330
130.57,329,328
130.57,326,327
130.57,330,329
130.57,325,327
130.57,333,331
130.57,325,324
130.57,332,332
130.63,325,325
130.63,336,334
130.63,326,325
130.63,334,334
130.63,328,326
130.63,332,333
130.64,330,328
130.69,330,332
130.69,331,329
130.69,328,330
130.7,335,332
130.7,328,329
130.7,333,332
130.7,327,327
130.76,335,333
130.76,328,327
130.76,334,335
130.76,328,326
130.76,335,335
130.76,328,327
130.77,334,334
130.83,328,328
130.83,332,333
130.83,331,329
130.83,332,331
130.83,330,330
130.83,328,329
130.84,331,330
130.9,326,327
130.9,332,332
130.9,326,326
130.9,336,334
130.9,326,326
130.9,334,333
130.9,326,327
130.96,332,333
130.96,328,327
130.96,332,333
130.96,329,327
130.96,330,332
130.96,330,329
130.97,327,329
131.02,330,329
131.02,327,326
131.02,331,330
131.02,325,326
131.02,335,332
131.02,323,323
131.03,333,331
131.08,323,322
131.08,330,330
131.08,323,322
131.08,331,331
131.08,325,324
131.09,329,329
131.1,327,326
131.16,328,329
131.16,329,328
131.16,326,327
131.16,329,329
131.16,327,327
131.16,333,330
131.16,324,325
131.22,333,332
131.22,326,324
131.23,333,332
131.23,326,325
131.23,333,332
131.23,324,323
131.23,331,331
131.29,326,325
131.29,329,330
131.29,330,329
131.29,329,328
131.29,330,328
131.29,325,327
131.29,331,330
131.35,325,327
131.35,334,332
131.35,324,325
131.35,334,332
131.35,325,324
131.35,334,334
131.36,326,326
131.41,333,333
131.41,329,326
131.41,332,332
131.41,330,329
131.41,331,332
131.42,330,330
131.43,329,329
131.48,333,330
131.48,325,327
131.48,333,332
131.48,326,325
131.48,333,333
131.48,326,326
131.49,334,333
131.56,324,325
131.56,333,332
131.56,327,325
131.56,332,332
131.56,327,326
131.56,331,330
131.56,328,327
131.62,328,329
131.62,330,329
131.62,327,327
131.62,332,330
131.62,325,326
131.62,334,332
131.62,324,324
131.68,334,332
131.68,327,326
131.68,333,334
131.68,327,325
131.68,334,335
131.68,329,327
131.69,329,332
131.74,328,328
131.74,330,332
131.74,333,330
131.74,328,330
131.74,334,333
131.74,331,330
131.75,336,335
131.81,329,328
131.81,338,336
131.81,325,326
131.81,336,334
131.81,328,326
131.81,334,333
131.82,328,327
131.87,332,333
131.87,327,327
131.87,331,331
131.87,333,330
131.87,331,331
131.88,332,331
131.88,327,329
131.95,332,331
131.95,328,327
131.95,334,333
131.95,328,327
131.95,334,333
131.95,326,325
131.95,334,334
132.01,325,323
132.01,331,333
132.01,327,325
132.01,330,332
132.01,328,327
132.01,330,332
132.02,334,331
132.07,329,329
132.07,333,332
132.07,326,328
132.07,334,333
132.07,324,325
132.07,336,334
132.08,324,326
132.13,336,334
132.13,328,327
132.13,332,333
132.13,327,325
132.13,330,332
132.14,327,327
132.15,331,332
132.2,330,328
132.2,328,330
132.2,333,331
132.2,329,329
132.2,333,331
132.2,327,327
132.21,335,333
132.27,324,325
132.27,333,333
132.27,325,324
132.27,333,333
132.27,325,324
132.27,332,333
132.28,330,326
132.33,332,332
132.33,329,327
132.33,331,330
132.33,331,329
132.34,329,329
132.34,332,330
132.34,325,327
132.4,333,332
132.4,324,326
132.4,334,332
132.4,325,325
132.4,334,334
132.4,326,325
132.41,333,333
132.46,327,326
132.46,333,333
132.46,328,327
132.46,330,331
132.46,331,328
132.47,327,330
132.47,330,329
132.54,325,326
132.54,331,327
132.54,322,324
132.54,332,330
132.54,321,322
132.54,333,331
132.54,324,324
132.6,330,330
132.6,323,321
132.6,327,328
132.6,323,322
132.6,326,328
132.6,325,323
132.6,325,326
132.66,325,324
132.66,322,324
132.66,327,326
132.66,323,323
132.66,329,328
132.66,322,322
132.67,329,330
132.72,322,322
132.72,331,329
132.72,320,320
132.72,330,329
132.72,322,320
132.73,327,327
132.74,323,321
132.79,326,327
132.79,324,323
132.79,326,325
132.79,328,325
132.79,320,322
132.79,330,327
132.8,321,322
132.87,330,329
132.87,320,321
132.87,330,328
132.87,321,320
132.87,331,329
132.87,322,321
132.87,328,328
132.93,322,321
132.93,327,326
132.93,323,321
132.93,322,324
132.93,326,324
132.93,323,323
132.93,326,325
132.99,321,321
132.99,328,326
132.99,320,321
132.99,329,328
132.99,321,320
132.99,331,330
133.0,320,319
133.05,327,329
133.05,323,321
133.05,326,327
133.05,323,323
133.05,327,326
133.06,325,323
133.06,323,324
133.12,326,325
133.12,322,322
133.12,328,326
133.12,322,323
133.12,329,327
133.12,320,320
133.13,329,329
133.19,320,321
133.19,327,327
133.19,320,320
133.19,327,327
133.19,321,319
133.19,325,325
133.19,324,322
133.26,322,323
133.26,324,323
133.26,320,322
133.26,326,324
133.26,320,320
133.26,326,325
133.26,319,319
133.32,327,327
133.32,320,319
133.32,329,328
133.32,319,318
133.32,326,328
133.32,322,320
133.33,326,326
133.38,323,321
133.38,327,326
133.38,324,323
133.38,323,323
133.38,329,326
133.38,323,323
133.39,330,327
133.44,320,322
133.44,328,328
133.44,323,323
133.44,330,328
133.44,320,320
133.45,329,330
133.46,323,321
133.52,329,330
133.52,325,324
133.52,329,330
133.52,328,325
133.52,327,328
133.52,329,327
133.52,327,327
133.59,330,329
133.59,326,326
133.59,332,331
133.59,324,325
133.59,332,332
133.59,325,324
133.59,331,331
133.65,325,323
133.65,331,331
133.65,322,322
133.65,329,330
133.65,325,323
133.65,328,329
133.65,326,325
133.71,326,326
133.71,329,327
133.71,323,322
133.71,327,326
133.71,321,320
133.71,328,327
133.72,320,320
133.77,329,329
133.77,321,321
133.77,327,328
133.77,322,320
133.77,325,326
133.78,321,320
133.78,324,325
133.84,324,321
133.84,323,324
133.84,324,322
133.84,323,323
133.84,329,326
133.84,322,322
133.85,328,327
133.9,321,321
133.9,331,330
133.9,322,322
133.9,329,329
133.9,322,321
133.91,330,329
133.92,326,323
133.98,328,330
133.98,327,325
133.98,329,328
133.98,327,325
133.98,327,327
133.98,329,326
133.98,324,325
134.04,329,328
134.04,323,324
134.04,330,330
134.04,323,322
134.04,332,331
134.04,323,321
134.05,330,329
134.11,324,323
134.11,328,328
134.11,324,323
134.11,327,326
134.11,327,325
134.11,326,325
134.11,326,326
134.21,325,325
134.21,329,328
134.21,323,323
134.21,329,328
134.21,321,322
134.21,331,329
134.21,320,320
134.22,329,330
134.22,325,322
134.22,329,329
134.22,322,321
134.23,325,327
134.24,324,322
134.24,325,326
134.38,325,323
134.38,324,324
134.38,330,326
134.38,320,322
134.38,329,327
134.38,321,320
134.38,331,328
134.38,320,320
134.38,330,329
134.38,320,320
134.38,330,330
134.38,321,321
134.38,330,329
134.38,323,322
134.39,326,328
134.4,324,324
134.4,327,327
134.42,328,328
134.42,326,325
134.43,328,327
134.44,325,324
134.58,331,330
134.58,320,321
134.58,332,331
134.58,323,322
134.58,331,330
134.58,324,322
134.58,329,330
134.58,326,324
134.58,329,329
134.58,326,323
134.58,325,327
134.59,329,326
134.59,327,326
134.59,330,328
134.59,322,323
134.59,333,329
134.6,325,324
134.74,334,333
134.74,322,323
134.74,332,332
134.74,323,323
134.74,332,332
134.74,325,323
134.74,332,332
134.74,327,324
134.74,330,331
134.74,330,328
134.74,328,328
134.75,332,329
134.75,327,327
134.75,333,332
134.75,325,324
134.75,333,332
134.76,325,324
134.77,334,333
134.92,325,323
134.92,335,334
134.92,325,324
134.92,336,335
134.92,327,325
134.92,330,332
134.92,330,327
134.92,328,331
134.92,329,327
134.92,327,327
134.92,333,329
134.92,323,324
134.92,334,331
134.92,322,321
134.92,333,331
134.92,320,320
134.93,329,330
135.07,320,319
135.07,329,330
135.07,321,321
135.07,330,329
135.07,324,321
135.07,327,327
135.07,327,324
135.08,323,325
135.08,327,325
135.08,321,320
135.08,329,326
135.08,319,320
135.08,329,328
135.08,318,319
135.08,328,329
135.08,319,317
135.09,329,328
135.1,320,318
135.24,328,327
135.24,321,320
135.25,326,326
135.25,322,321
135.25,323,324
135.25,325,324
135.25,319,321
135.25,327,324
135.25,318,317
135.25,330,327
135.25,316,318
135.25,328,328
135.25,316,317
135.25,330,329
135.25,318,319
135.25,330,329
135.26,323,320
135.41,328,328
135.41,322,322
135.41,324,326
135.41,327,324
135.42,320,323
135.42,328,326
135.42,319,318
135.42,326,327
135.42,316,317
135.42,329,328
135.42,315,315
135.42,330,330
135.42,316,315
135.42,329,328
135.42,319,317
135.42,324,326
135.42,320,317
135.42,324,324
135.59,322,319
135.59,319,320
135.59,324,322
135.59,317,317
135.59,327,326
135.59,317,316
135.6,332,330
135.6,314,316
135.6,331,331
135.6,318,316
135.6,330,331
135.6,319,316
135.6,330,331
135.6,323,319
135.6,324,327
135.6,329,325
135.6,320,322
135.6,331,327
135.6,312,316
135.61,334,331
135.62,309,312
135.77,336,335
135.77,314,313
135.77,334,333
135.77,316,314
135.78,333,333
135.78,317,315
135.78,330,332
135.78,318,316
135.78,326,328
135.78,324,320
135.78,323,325
135.78,328,324
135.78,316,319
135.78,331,328
135.78,313,315
135.78,332,331
135.78,308,311
135.94,338,337
135.94,309,309
135.94,337,336
135.94,314,311
135.94,333,336
135.94,317,313
135.94,329,332
135.94,323,318
135.95,325,328
135.95,327,323
135.95,321,324
135.95,333,330
135.95,311,317
135.95,339,334
135.95,310,311
135.95,337,335
135.95,309,309
135.95,334,335
135.96,309,307
135.97,333,333
135.98,311,310
136.13,328,331
136.13,318,313
136.13,323,326
136.13,320,317
136.13,317,322
136.13,326,322
136.13,311,316
136.13,333,327
136.13,304,309
136.13,333,329
136.13,303,305
136.13,333,331
136.13,305,304
136.13,330,332
136.13,307,305
136.13,327,329
136.14,311,306
136.14,321,323
136.29,314,311
136.29,317,320
136.29,321,315
136.29,310,315
136.29,326,323
136.29,306,309
136.29,330,327
136.29,303,306
136.29,332,331
136.3,304,304
136.3,331,332
136.3,307,303
136.3,330,331
136.3,311,306
136.3,326,330
136.3,316,312
136.3,324,326
136.44,322,317
136.44,319,322
136.44,329,325
136.45,315,318
136.45,334,330
136.45,309,312
136.45,338,334
136.45,308,309
136.45,336,336
136.45,310,309
136.45,338,337
136.45,314,311
136.45,333,334
136.45,317,313
136.45,328,331
136.46,322,319
136.46,321,326
136.47,327,323
136.56,316,320
136.56,333,328
136.56,314,316
136.56,338,335
136.56,312,314
136.56,340,337
136.56,311,313
136.56,339,339
136.56,314,311
136.57,337,337
136.64,316,312
136.64,331,333
136.64,319,317
136.64,326,331
136.64,328,323
136.64,323,326
136.64,334,328
136.65,316,320
136.65,337,332
136.66,314,316
136.67,339,336
136.75,312,311
136.75,338,337
136.75,312,312
136.75,338,338
136.75,314,313
136.75,335,338
136.75,321,318
136.75,332,336
136.75,324,321
136.76,324,330
136.85,333,327
136.85,321,325
136.85,337,332
136.85,316,319
136.85,340,337
136.85,314,317
136.85,342,341
136.85,316,315
136.85,340,342
136.86,318,315
136.86,341,341
136.96,320,317
136.97,334,338
136.97,324,320
136.97,329,333
136.97,329,326
136.97,324,327
136.97,335,331
136.97,320,323
136.97,342,337
136.97,319,319
136.97,345,342
136.98,317,316
136.99,344,343
137.0,317,315
137.14,341,344
137.14,322,319
137.14,342,343
137.14,325,322
137.14,337,339
137.14,331,326
137.14,331,333
137.14,336,331
137.14,324,327
137.14,340,336
137.14,321,325
137.14,343,342
137.14,320,321
137.14,347,345
137.14,320,320
137.15,344,345
137.16,323,322
137.29,344,344
137.29,330,326
137.3,341,341
137.3,328,327
137.3,335,337
137.3,334,331
137.3,331,334
137.3,338,336
137.3,327,329
137.3,344,339
137.3,326,325
137.3,345,343
137.3,325,323
137.3,347,345
137.3,322,322
137.31,342,344
137.32,323,322
137.32,340,341
137.46,328,325
137.46,338,338
137.46,332,329
137.46,330,334
137.46,335,331
137.47,327,330
137.47,336,333
137.47,324,325
137.47,340,337
137.47,319,320
137.47,340,339
137.47,319,319
137.47,339,339
137.47,318,318
137.47,337,338
137.47,320,319
137.48,333,335
137.62,323,320
137.62,329,332
137.62,328,324
137.63,324,328
137.63,335,329
137.63,322,323
137.63,335,332
137.63,317,319
137.63,339,336
137.63,318,317
137.63,338,337
137.63,314,314
137.63,336,334
137.63,314,313
137.63,331,333
137.63,319,315
137.64,327,329
137.65,320,318
137.8,323,324
137.8,325,321
137.8,315,319
137.8,330,325
137.8,312,314
137.8,329,327
137.8,308,310
137.8,330,330
137.8,308,309
137.8,332,331
137.8,312,310
137.8,329,330
137.8,310,310
137.8,325,328
137.8,318,313
137.8,322,324
137.81,323,318
138.01,317,321
138.01,325,321
138.01,312,315
138.01,329,327
138.02,309,312
138.02,332,329
138.02,309,309
138.02,329,331
138.02,310,308
138.02,329,329
138.02,312,310
138.02,328,329
138.02,315,311
138.02,323,325
138.02,319,315
138.02,318,321
138.02,324,320
138.02,315,317
138.02,330,327
138.02,308,311
138.02,335,330
138.02,306,309
138.03,333,333
138.04,307,306
138.04,333,335
