time_s,raw,averaged
0.17,6,421
0.17,417,419
0.17,429,428
0.17,419,419
0.17,429,427
0.17,415,416
0.17,421,419
0.17,429,429
0.17,420,419
0.17,427,428
0.17,414,414
0.17,424,426
0.17,420,415
0.17,417,420
0.17,426,421
0.17,417,419
0.17,429,428
0.17,419,419
0.17,429,427
0.17,415,416
0.23,433,435
0.23,423,422
0.23,432,433
0.23,436,431
0.23,418,421
0.23,435,436
0.23,428,424
0.23,420,420
0.23,433,432
0.23,423,420
0.23,415,417
0.23,420,419
0.23,407,407
0.23,417,418
0.23,417,414
0.23,407,407
0.23,418,420
0.23,410,406
0.23,402,406
0.23,416,417
0.23,405,402
0.23,407,410
0.23,417,414
0.24,404,402
0.24,415,415
0.24,401,401
0.24,411,413
0.24,402,400
0.24,413,414
0.24,408,404
0.24,404,407
0.24,412,407
0.24,398,401
0.24,410,408
0.24,396,397
0.24,408,407
0.24,395,395
0.24,410,409
0.24,394,394
0.24,407,405
0.24,394,393
0.24,406,406
0.24,396,395
0.24,406,405
0.24,398,396
0.24,405,405
0.24,398,394
0.24,393,398
0.24,406,401
0.24,393,397
0.24,409,404
0.24,391,391
0.24,407,405
0.24,391,392
0.24,405,405
0.24,392,390
0.24,406,407
0.24,397,395
0.24,404,405
0.24,394,394
0.24,401,403
0.24,398,395
0.24,399,401
0.24,400,397
0.24,392,393
0.3,401,398
0.3,386,388
0.3,400,398
0.3,388,387
0.3,397,398
0.3,390,391
0.3,401,399
0.36,381,380
0.36,394,395
0.36,385,383
0.36,396,397
0.36,386,382
0.36,386,390
0.37,389,385
0.42,385,387
0.42,390,387
0.42,379,380
0.42,386,387
0.42,375,374
0.43,387,385
0.43,377,376
0.5,390,388
0.5,374,373
0.5,386,387
0.5,370,370
0.5,386,386
0.5,371,370
0.5,381,383
0.56,372,370
0.56,374,375
0.56,377,373
0.56,369,371
0.56,379,375
0.56,367,367
0.57,375,375
0.62,365,364
0.62,374,374
0.62,357,357
0.62,373,373
0.62,357,357
0.62,369,372
0.63,358,355
0.68,360,362
0.69,355,352
0.69,359,359
0.69,355,353
0.69,353,355
0.69,358,353
0.7,346,348
0.75,355,353
0.75,347,345
0.75,355,355
0.75,342,340
0.75,356,356
0.75,339,336
0.76,349,350
0.83,342,338
0.83,349,350
0.83,334,333
0.83,339,341
0.83,335,333
0.83,335,337
0.83,337,334
0.89,330,332
0.89,336,335
0.89,326,329
0.89,342,340
0.89,328,327
0.89,340,339
0.89,327,328
0.95,346,345
0.95,331,330
0.95,344,345
0.95,329,328
0.95,342,343
0.95,338,334
0.96,342,343
1.01,339,336
1.01,337,340
1.01,342,338
1.01,334,336
1.01,345,341
1.02,332,333
1.02,343,344
1.08,328,329
1.08,345,341
1.08,330,330
1.08,347,347
1.08,331,330
1.08,345,345
1.09,330,329
1.16,340,340
1.16,336,334
1.16,343,343
1.16,344,341
1.16,343,346
1.16,349,346
1.16,343,347
1.22,356,354
1.22,344,343
1.22,361,359
1.22,345,345
1.22,361,362
1.22,350,349
1.22,361,362
1.28,347,347
1.28,356,358
1.28,349,347
1.28,358,359
1.28,355,353
1.28,354,356
1.29,358,353
1.34,345,349
1.34,357,354
1.34,341,342
1.34,355,353
1.34,336,335
1.34,352,352
1.35,344,342
1.4,352,349
1.4,332,330
1.4,345,344
1.4,329,325
1.4,339,340
1.41,331,327
1.42,338,338
1.48,330,326
1.48,326,329
1.48,332,328
1.48,322,322
1.48,333,330
1.48,318,317
1.48,332,331
1.54,317,317
1.54,332,331
1.54,317,317
1.54,332,330
1.54,320,319
1.54,335,336
1.55,323,322
1.61,333,334
1.61,329,326
1.61,332,334
1.61,333,332
1.61,332,333
1.61,341,340
1.61,335,336
1.67,348,346
1.67,336,337
1.67,352,351
1.67,338,339
1.67,351,352
1.67,343,342
1.68,359,359
1.73,353,351
1.73,356,358
1.73,352,350
1.73,359,362
1.73,353,350
1.74,355,358
1.75,361,358
1.81,357,359
1.81,356,354
1.81,343,345
1.81,358,357
1.81,344,343
1.81,360,358
1.81,345,344
1.87,349,350
1.87,335,335
1.87,349,352
1.87,339,336
1.87,348,349
1.87,342,339
1.88,342,343
1.94,346,341
1.94,336,339
1.94,341,339
1.94,334,335
1.94,346,344
1.94,329,329
1.94,344,342
2.0,327,329
2.0,340,341
2.0,330,329
2.0,343,342
2.0,329,327
2.0,342,342
2.01,334,331
2.06,338,341
2.06,338,336
2.06,339,343
2.06,346,342
2.06,338,338
2.07,350,347
2.07,342,341
2.14,349,347
2.14,339,340
2.14,353,353
2.14,340,341
2.14,360,356
2.14,342,342
2.14,361,362
2.2,356,356
2.2,380,380
2.2,372,370
2.2,383,384
2.2,386,383
2.2,382,384
2.2,392,389
2.26,376,379
2.26,386,386
2.26,373,375
2.26,390,387
2.26,378,377
2.26,391,389
2.27,375,376
2.33,396,395
2.33,379,378
2.33,393,393
2.33,384,383
2.33,398,399
2.33,383,378
2.34,386,387
2.39,381,380
2.39,373,377
2.39,382,381
2.39,368,370
2.39,380,377
2.39,354,355
2.4,367,365
2.47,353,353
2.47,364,363
2.47,346,348
2.47,358,358
2.47,343,342
2.47,354,353
2.47,338,339
2.53,344,347
2.53,339,334
2.53,331,331
2.53,332,327
2.53,320,320
2.53,318,316
2.53,305,306
2.59,312,309
2.59,292,295
2.59,308,306
2.59,287,288
2.59,294,297
2.59,285,284
2.6,290,293
2.65,273,270
2.65,281,282
2.65,274,269
2.65,265,269
2.65,264,262
2.65,249,251
2.66,252,251
2.71,242,241
2.71,244,242
2.71,224,225
2.71,236,234
2.71,218,218
2.72,227,226
2.73,212,210
2.79,223,221
2.79,208,207
2.79,215,216
2.79,199,195
2.79,198,200
2.79,191,188
2.79,185,185
2.85,184,181
2.85,176,177
2.85,182,177
2.85,166,168
2.85,181,179
2.85,167,165
2.86,177,178
2.92,163,162
2.92,179,177
2.92,163,162
2.92,178,176
2.92,165,165
2.92,173,175
2.93,164,163
2.98,175,175
2.98,169,166
2.98,166,168
2.98,173,170
2.98,162,162
2.98,169,166
2.99,155,156
3.04,168,166
3.04,151,151
3.04,166,163
3.04,151,151
3.04,170,171
3.05,159,156
3.06,169,169
3.12,163,161
3.12,172,173
3.12,169,167
3.12,169,170
3.12,176,176
3.12,170,171
3.12,182,179
3.18,171,172
3.18,189,187
3.18,176,177
3.18,196,195
3.18,184,185
3.18,202,200
3.19,193,193
3.24,211,212
3.24,201,200
3.24,213,217
3.24,214,213
3.24,220,221
3.24,217,215
3.25,221,222
3.31,233,228
3.31,221,223
3.31,235,233
3.31,227,228
3.31,247,245
3.31,230,230
3.32,254,254
3.38,239,239
3.38,253,253
3.38,247,245
3.38,269,268
3.38,252,252
3.38,267,269
3.38,264,262
3.45,275,277
3.45,273,269
3.45,269,272
3.45,286,283
3.45,272,272
3.45,287,287
3.45,281,280
3.51,292,292
3.51,283,284
3.51,307,306
3.51,293,295
3.51,312,310
3.51,304,303
3.52,319,321
3.57,311,309
3.57,317,319
3.57,318,314
3.57,320,322
3.57,321,318
3.57,317,319
3.58,328,326
3.63,318,318
3.63,327,325
3.63,318,317
3.63,324,320
3.63,308,307
3.64,320,318
3.65,307,306
3.71,326,325
3.71,308,307
3.71,320,321
3.71,311,309
3.71,318,320
3.71,319,317
3.71,318,322
3.77,326,324
3.77,317,320
3.77,327,325
3.77,322,323
3.77,333,331
3.77,319,319
3.78,332,330
3.84,322,321
3.84,335,336
3.84,336,334
3.84,346,346
3.84,343,339
3.84,338,338
3.84,334,332
3.9,340,344
3.9,338,337
3.9,337,338
3.9,335,331
3.9,318,321
3.9,329,327
3.91,317,316
3.96,332,329
3.96,321,320
3.96,333,332
3.96,325,324
3.96,334,333
3.97,325,324
3.97,342,341
4.04,330,329
4.04,340,344
4.04,334,333
4.04,328,327
4.04,315,311
4.04,313,315
4.04,314,309
4.1,300,300
4.1,322,321
4.1,323,326
4.1,348,347
4.1,347,349
4.1,375,375
4.1,371,374
4.16,395,396
4.16,388,388
4.16,407,408
4.16,400,401
4.16,419,420
4.16,420,417
4.17,428,432
4.23,435,433
4.23,437,438
4.23,455,453
4.23,442,446
4.23,460,458
4.23,454,455
4.24,471,469
4.29,457,457
4.29,468,469
4.29,457,457
4.29,464,465
4.29,457,455
4.29,463,464
4.3,459,459
4.35,463,465
4.35,460,459
4.35,456,461
4.35,467,464
4.35,461,463
4.36,467,465
4.37,449,449
4.43,465,462
4.43,441,441
4.43,454,453
4.43,430,429
4.43,445,445
4.43,430,427
4.43,433,434
4.49,419,418
4.49,420,422
4.49,415,411
4.49,406,410
4.49,406,402
4.49,392,391
4.5,391,388
4.55,373,374
4.55,379,378
4.55,359,359
4.55,365,364
4.55,347,347
4.56,355,353
4.56,338,336
4.62,343,342
4.62,327,324
4.62,326,326
4.62,318,315
4.62,311,313
4.62,316,310
4.63,302,303
4.69,306,301
4.69,284,286
4.69,299,297
4.69,274,272
4.69,286,283
4.69,266,265
4.69,277,277
4.76,260,259
4.76,265,263
4.76,245,244
4.76,255,255
4.76,240,237
4.76,244,245
4.76,238,234
4.82,226,226
4.82,232,228
4.82,216,219
4.82,227,224
4.82,206,208
4.82,220,219
4.83,199,200
4.88,215,214
4.88,190,189
4.88,202,200
4.88,182,181
4.88,195,193
4.88,187,185
4.89,186,189
4.94,185,183
4.94,179,183
4.94,192,187
4.94,173,174
4.94,193,189
4.95,167,166
4.96,185,184
5.02,169,167
5.02,186,186
5.02,167,164
5.02,175,177
5.02,161,162
5.02,178,181
5.02,171,166
5.08,170,172
5.08,167,165
5.08,162,164
5.08,172,168
5.08,160,160
5.08,173,171
5.09,156,159
5.15,172,168
5.15,141,141
5.15,164,164
5.15,143,139
5.15,158,160
5.15,136,132
5.15,150,151
5.21,136,133
5.21,138,139
5.21,136,131
5.21,132,135
5.21,135,130
5.21,121,124
5.22,140,135
5.27,111,112
5.27,140,137
5.27,114,112
5.27,124,121
5.27,95,94
5.28,111,114
5.28,94,90
5.33,90,96
5.33,117,115
5.33,87,88
5.33,96,95
5.33,79,75
5.33,64,70
5.33,90,89
5.4,59,54
5.4,45,49
5.4,51,46
5.4,9,6
5.4,9,10
5.4,4,1
5.4,0,0
5.4,0,0
5.4,0,0
5.4,0,0
5.4,0,0
5.4,0,0
5.46,0,0
5.46,0,0
5.46,0,0
5.46,0,0
5.46,0,0
5.46,0,0
5.46,0,0
5.46,0,0
5.46,0,0
5.46,0,0
5.46,0,0
5.52,0,0
5.52,0,0
5.52,0,0
5.52,0,0
5.52,0,0
5.52,0,0
5.52,0,0
5.52,0,0
5.52,0,0
5.52,0,0
5.52,0,0
5.53,0,0
5.53,0,0
5.53,0,0
5.59,0,0
5.59,0,0
5.59,0,0
5.59,0,0
5.59,0,0
5.59,0,0
5.59,0,0
5.65,0,0
5.65,0,0
5.65,0,0
5.65,0,0
5.65,0,0
5.65,0,0
5.65,0,0
5.65,0,0
5.65,0,0
5.71,0,0
5.71,0,0
5.71,0,0
5.71,0,0
5.71,0,0
5.71,0,0
5.71,0,0
5.71,1,0
5.77,0,0
5.77,0,0
5.77,0,0
5.77,0,0
5.77,0,0
5.77,0,0
5.77,0,0
5.77,0,0
5.77,0,0
5.78,0,0
5.84,0,0
5.84,0,0
5.84,0,0
5.84,0,0
5.84,0,0
5.84,0,0
5.84,0,0
5.84,0,0
5.9,0,0
5.9,0,0
5.9,0,0
5.9,0,0
5.9,0,0
5.9,0,0
5.9,0,0
5.9,0,0
5.9,0,0
5.9,0,0
5.96,0,0
5.96,0,0
5.96,0,0
5.96,0,0
5.96,0,0
5.96,0,0
5.96,0,0
5.96,0,0
6.02,0,0
6.02,0,0
6.02,0,0
6.02,0,0
6.02,0,0
6.02,0,0
6.02,12,13
6.02,6,0
6.03,1,4
6.03,23,25
6.04,6,1
6.1,16,20
6.1,35,30
6.1,2,0
6.1,22,26
6.1,36,29
6.1,10,9
6.1,37,42
6.1,37,31
6.1,21,23
6.16,49,50
6.16,28,26
6.16,26,31
6.16,52,48
6.16,16,15
6.16,31,36
6.16,54,49
6.16,22,20
6.17,43,47
6.23,43,38
6.23,12,15
6.23,47,49
6.23,32,27
6.23,15,21
6.23,52,55
6.23,31,27
6.23,37,43
6.23,66,61
6.29,34,30
6.29,53,59
6.29,67,61
6.29,35,34
6.29,64,69
6.29,64,60
6.29,45,48
6.3,75,76
6.3,53,48
6.35,44,47
6.35,66,64
6.35,33,29
6.35,39,43
6.35,55,50
6.35,25,23
6.35,51,55
6.36,54,49
6.37,28,33
6.43,62,65
6.43,52,48
6.43,37,40
6.43,62,60
6.43,33,30
6.43,34,38
6.43,52,47
6.43,11,7
6.43,19,22
6.44,25,18
6.44,0,0
6.51,10,10
6.51,5,1
6.51,0,0
6.51,13,17
6.51,16,12
6.51,5,10
6.51,26,27
6.51,0,0
6.51,0,0
6.57,3,1
6.57,0,0
6.57,0,0
6.57,0,0
6.57,0,0
6.57,0,0
6.57,0,0
6.57,0,0
6.57,0,0
6.57,0,0
6.63,0,0
6.63,0,0
6.63,0,0
6.63,0,0
6.63,0,0
6.63,0,0
6.63,0,0
6.63,0,0
6.7,0,0
6.7,0,0
6.7,0,0
6.7,0,0
6.7,0,0
6.7,0,0
6.7,0,0
6.7,0,0
6.7,0,0
6.7,0,0
6.76,0,0
6.76,0,0
6.76,0,0
6.76,0,0
6.76,0,0
6.76,0,0
6.76,0,0
6.76,0,0
6.82,0,0
6.82,0,0
6.82,0,0
6.82,0,0
6.82,0,0
6.82,0,0
6.82,0,0
6.82,0,0
6.82,0,0
6.88,0,0
6.88,0,0
6.88,0,0
6.88,0,0
6.88,0,0
6.88,0,0
6.88,0,0
6.88,0,0
6.89,0,0
6.94,0,0
6.94,0,0
6.94,0,0
6.94,0,0
6.94,0,0
6.94,0,0
6.94,0,0
6.94,0,0
7.01,0,0
7.01,0,0
7.01,0,0
7.01,0,0
7.01,0,0
7.01,0,0
7.01,0,0
7.01,0,0
7.01,0,0
7.07,0,0
7.07,0,0
7.07,0,0
7.07,0,0
7.07,0,0
7.07,0,0
7.07,0,0
7.07,0,0
7.07,0,0
7.13,0,0
7.13,0,0
7.13,0,0
7.13,0,0
7.13,0,0
7.13,0,0
7.13,0,0
7.13,0,0
7.14,0,0
7.19,0,0
7.19,0,0
7.19,0,0
7.19,0,0
7.19,0,0
7.19,0,0
7.19,0,0
7.19,0,0
7.26,0,0
7.26,0,0
7.26,0,0
7.26,0,0
7.26,0,0
7.26,0,0
7.26,0,0
7.26,0,0
7.26,0,0
7.32,0,0
7.32,0,0
7.32,0,0
7.32,0,0
7.32,0,0
7.32,0,0
7.32,0,0
7.32,0,0
7.32,0,0
7.38,0,0
7.38,0,0
7.38,0,0
7.38,0,0
7.38,0,0
7.38,0,0
7.38,0,0
7.38,0,0
7.44,0,0
7.44,0,0
7.44,0,0
7.44,0,0
7.44,0,0
7.44,0,0
7.44,0,0
7.44,0,0
7.44,0,0
7.45,0,0
7.51,0,0
7.51,0,0
7.51,0,0
7.51,0,0
7.51,0,0
7.51,0,0
7.51,0,0
7.51,0,0
7.57,0,0
7.57,0,0
7.57,0,0
7.57,0,0
7.57,0,0
7.57,0,0
7.57,0,0
7.57,0,0
7.57,0,0
7.57,0,0
7.63,0,0
7.63,0,0
7.63,0,0
7.63,0,0
7.63,14,10
7.63,0,0
7.63,15,19
7.64,21,15
7.64,2,2
7.7,32,32
7.7,20,15
7.7,6,13
7.7,40,40
7.7,15,13
7.7,18,24
7.7,50,49
7.7,27,25
7.76,48,50
7.76,64,58
7.76,40,40
7.76,69,72
7.76,68,62
7.76,48,49
7.76,80,82
7.76,63,59
7.76,52,57
7.82,81,79
7.82,55,49
7.82,58,60
7.82,76,72
7.82,49,46
7.82,69,72
7.82,77,76
7.82,60,63
7.83,96,97
7.88,90,88
7.88,79,84
7.88,116,116
7.88,99,95
7.88,98,102
7.88,127,123
7.89,98,96
7.89,112,115
7.94,121,117
7.95,91,94
7.95,119,123
7.95,116,111
7.95,101,105
7.95,135,137
7.96,124,119
7.97,127,132
8.02,157,155
8.02,138,134
8.02,158,162
8.02,171,166
8.02,143,147
8.02,179,182
8.03,178,174
8.09,169,169
8.09,202,205
8.09,186,181
8.09,186,190
8.09,215,211
8.09,193,190
8.1,213,218
8.15,227,222
8.15,208,208
8.15,240,243
8.15,236,232
8.15,235,240
8.16,253,248
8.16,238,244
8.23,267,263
8.23,246,250
8.23,284,282
8.23,258,259
8.23,291,289
8.23,250,248
8.23,276,274
8.29,245,240
8.29,265,269
8.29,257,254
8.29,278,284
8.29,284,280
8.29,289,294
8.29,295,289
8.35,282,286
8.35,303,299
8.35,282,289
8.35,314,310
8.35,290,291
8.35,321,317
8.36,283,285
8.41,315,317
8.41,290,289
8.41,322,325
8.41,303,302
8.42,325,329
8.42,316,312
8.43,320,324
8.48,319,314
8.48,315,319
8.48,328,326
8.48,320,324
8.48,346,342
8.48,326,327
8.49,349,349
8.56,323,325
8.56,354,354
8.56,327,326
8.56,364,364
8.56,341,339
8.56,367,369
8.56,349,345
8.62,361,364
8.62,357,353
8.62,364,368
8.62,377,372
8.62,373,377
8.62,391,385
8.62,370,373
8.68,393,390
8.68,370,372
8.68,396,394
8.68,366,365
8.68,399,397
8.68,367,364
8.69,390,395
8.74,370,367
8.74,393,396
8.74,381,379
8.74,395,398
8.74,389,385
8.75,390,392
8.75,385,382
8.8,371,374
8.8,384,379
8.8,356,357
8.8,382,377
8.8,353,356
8.81,382,379
8.82,351,352
8.88,384,384
8.88,358,355
8.88,387,389
8.88,370,365
8.88,383,385
8.88,371,366
8.88,363,366
8.95,357,354
8.95,352,356
8.95,363,359
8.95,356,360
8.95,384,381
8.95,357,358
8.95,380,374
9.01,342,342
9.01,373,371
9.01,339,338
9.01,362,363
9.01,336,331
9.01,345,345
9.02,318,316
9.07,328,329
9.07,318,314
9.07,324,327
9.07,338,334
9.07,330,333
9.07,346,339
9.08,319,323
9.13,343,338
9.13,309,311
9.13,340,337
9.13,307,306
9.13,335,334
9.14,297,295
9.15,321,326
9.21,301,300
9.21,328,331
9.21,325,321
9.21,341,345
9.21,344,340
9.21,343,347
9.21,349,345
9.27,330,332
9.28,342,338
9.28,314,315
9.28,343,340
9.28,311,314
9.28,347,347
9.28,320,320
9.34,357,362
9.34,340,337
9.34,369,371
9.34,358,355
9.34,371,377
9.34,363,358
9.34,361,363
9.4,358,353
9.4,345,348
9.4,356,349
9.4,333,338
9.4,359,357
9.4,336,339
9.41,370,368
9.46,339,340
9.46,375,374
9.46,340,336
9.46,365,367
9.46,339,336
9.47,359,360
9.47,342,339
9.52,353,358
9.53,350,349
9.53,351,355
9.53,360,353
9.53,349,352
9.53,368,363
9.54,345,348
9.6,369,365
9.6,336,337
9.6,367,363
9.6,334,332
9.6,364,366
9.6,337,336
9.61,368,372
9.67,348,343
9.67,364,367
9.67,347,343
9.67,348,352
9.67,343,340
9.67,334,338
9.67,344,337
9.73,319,322
9.73,332,329
9.73,304,305
9.73,330,325
9.73,297,297
9.73,333,334
9.74,304,303
9.79,338,339
9.79,310,305
9.79,330,332
9.79,309,305
9.79,320,323
9.79,313,307
9.8,311,314
9.85,311,305
9.85,294,298
9.85,307,301
9.85,280,285
9.85,311,307
9.86,280,283
9.87,319,317
9.93,282,282
9.93,314,314
9.93,281,276
9.93,299,301
9.93,274,268
9.93,289,293
9.93,277,273
9.99,282,287
9.99,282,277
9.99,275,280
9.99,287,282
9.99,269,273
9.99,290,286
10.0,265,270
10.06,302,299
10.06,265,269
10.06,304,303
10.06,274,272
10.06,308,308
10.06,282,279
10.06,302,306
10.12,282,278
10.12,293,294
10.12,280,274
10.12,273,277
10.12,273,267
10.12,261,266
10.13,274,272
10.18,259,264
10.18,291,287
10.18,270,273
10.18,309,307
10.18,280,281
10.19,313,313
10.2,278,275
10.26,292,295
10.26,256,252
10.26,264,267
10.26,243,236
10.26,245,249
10.26,243,239
10.26,249,254
10.32,272,268
10.32,264,269
10.32,290,287
10.32,271,275
10.32,296,292
10.32,262,263
10.33,285,282
10.38,243,243
10.38,266,266
10.38,232,228
10.38,253,254
10.38,238,234
10.38,262,267
10.39,266,264
10.44,286,290
10.44,293,291
10.44,289,294
10.45,299,294
10.45,276,280
10.45,291,287
10.46,259,262
10.51,283,279
10.51,248,248
10.51,273,275
10.51,250,249
10.51,283,287
10.51,271,268
10.52,299,303
10.59,290,285
10.59,305,307
10.59,297,292
10.59,290,292
10.59,288,282
10.59,274,276
10.59,280,276
10.65,264,269
10.65,297,293
10.65,271,276
10.65,313,309
10.65,287,289
10.65,326,326
10.65,300,298
10.71,326,328
10.71,303,298
10.71,315,317
10.71,300,295
10.71,304,307
10.71,299,296
10.72,300,304
10.77,317,312
10.77,305,311
10.77,328,323
10.77,306,308
10.77,334,330
10.78,300,302
10.79,331,329
10.84,293,290
10.84,317,318
10.84,289,284
10.84,312,314
10.84,290,287
10.84,304,308
10.85,300,296
10.91,300,302
10.91,301,295
10.91,285,290
10.91,298,293
10.91,274,281
10.91,302,299
10.92,274,277
10.97,302,301
10.97,269,269
10.97,304,304
10.97,274,273
10.97,304,306
10.97,287,285
10.98,306,307
11.04,293,288
11.04,296,298
11.04,288,283
11.04,286,289
11.04,290,285
11.04,277,280
11.05,291,287
11.1,268,270
11.1,289,286
11.1,259,260
11.1,286,286
11.1,261,260
11.1,295,295
11.11,269,266
11.18,294,297
11.18,273,270
11.18,288,288
11.18,268,266
11.18,276,279
11.18,273,267
11.18,264,270
11.24,276,270
11.24,259,261
11.24,275,269
11.24,252,255
11.24,280,275
11.24,250,253
11.24,282,282
11.3,254,252
11.3,277,279
11.3,253,249
11.3,270,271
11.3,252,248
11.3,265,267
11.31,258,256
11.36,268,269
11.36,267,262
11.36,262,267
11.36,275,270
11.36,260,266
11.37,286,280
11.37,266,268
11.43,291,289
11.43,262,263
11.43,288,286
11.43,260,261
11.43,282,286
11.43,266,266
11.44,285,286
11.49,271,268
11.49,284,284
11.49,274,269
11.49,276,279
11.49,277,277
11.5,284,285
11.51,289,286
11.57,282,284
11.57,294,290
11.57,277,278
11.57,291,289
11.57,270,268
11.57,285,285
11.57,268,266
11.63,280,280
11.63,264,262
11.63,275,274
11.63,264,262
11.63,271,273
11.63,267,265
11.64,276,277
11.69,272,271
11.69,275,277
11.69,280,278
11.69,275,278
11.69,285,282
11.69,273,277
11.7,288,286
11.75,274,273
11.75,286,285
11.75,273,272
11.75,288,286
11.75,277,275
11.76,286,287
11.77,279,278
11.83,290,289
11.83,282,282
11.83,291,292
11.83,287,285
11.83,291,292
11.83,292,291
11.83,289,290
11.89,297,295
11.89,287,288
11.89,299,296
11.89,285,285
11.89,296,297
11.89,285,286
11.9,297,297
11.95,286,286
11.95,297,297
11.95,287,287
11.95,301,300
11.96,294,291
11.96,293,298
11.96,298,294
12.02,297,297
12.02,303,300
12.02,290,293
12.02,301,299
12.02,291,291
12.02,302,301
12.03,290,290
12.09,305,303
12.09,293,293
12.09,305,307
12.09,293,293
12.1,306,305
12.1,296,294
12.1,302,302
12.16,300,297
12.16,302,303
12.16,301,299
12.16,298,301
12.16,310,308
12.16,300,300
12.16,313,311
12.22,302,301
12.22,313,312
12.22,305,303
12.22,317,318
12.22,305,304
12.22,317,317
12.23,306,305
12.28,315,317
12.28,307,306
12.28,314,316
12.28,313,311
12.28,309,311
12.28,315,313
12.29,306,309
12.34,317,315
12.35,306,307
12.35,318,318
12.35,307,306
12.35,319,316
12.35,305,305
12.36,318,318
12.42,304,306
12.42,317,316
12.42,308,305
12.42,315,317
12.42,309,306
12.42,312,313
12.42,316,312
12.48,310,312
12.48,319,314
12.48,304,309
12.48,322,320
12.48,311,310
12.48,320,319
12.49,307,307
12.55,321,320
12.55,308,309
12.55,324,323
12.55,314,314
12.55,326,326
12.55,320,319
12.55,322,325
12.61,325,322
12.61,323,325
12.61,327,324
12.61,320,322
12.61,330,326
12.61,319,318
12.62,330,329
12.67,317,316
12.67,330,329
12.67,318,316
12.67,328,329
12.67,322,321
12.68,331,332
12.69,321,319
12.74,328,329
12.74,321,320
12.74,328,329
12.74,327,323
12.74,324,324
12.74,328,324
12.75,321,321
12.8,331,329
12.8,318,318
12.8,331,329
12.8,319,317
12.8,331,330
12.81,320,318
12.82,331,331
12.88,322,319
12.88,330,330
12.88,322,320
12.88,329,330
12.88,330,327
12.88,330,331
12.88,334,330
12.94,329,331
12.94,341,339
12.94,331,332
12.94,345,343
12.94,335,334
12.94,348,347
12.95,337,336
13.0,347,348
13.0,337,336
13.0,348,349
13.0,341,338
13.0,347,349
13.01,340,341
13.01,350,351
13.07,346,344
13.07,341,345
13.07,348,346
13.07,339,341
13.07,350,349
13.07,340,340
13.08,352,351
13.14,340,338
13.14,352,352
13.14,340,338
13.14,351,351
13.14,340,339
13.14,352,351
13.14,343,341
13.21,350,351
13.21,343,343
13.21,345,346
13.21,342,340
13.21,340,342
13.21,349,345
13.21,335,338
13.27,349,346
13.27,335,333
13.27,346,345
13.27,331,331
13.27,343,342
13.27,328,328
13.28,339,340
13.33,329,328
13.33,339,339
13.33,330,330
13.33,338,338
13.33,333,332
13.33,334,336
13.34,339,336
13.39,332,333
13.39,343,340
13.39,330,331
13.39,344,341
13.39,329,328
13.4,338,339
13.41,330,328
13.47,338,339
13.47,329,327
13.47,337,337
13.47,328,327
13.47,338,337
13.47,329,327
13.47,332,334
13.53,333,331
13.53,333,336
13.53,341,340
13.53,334,336
13.53,342,342
13.53,333,333
13.54,344,343
13.6,329,329
13.6,342,341
13.6,325,325
13.6,337,338
13.6,329,327
13.6,337,337
13.6,326,324
13.66,332,332
13.66,328,327
13.66,331,334
13.66,339,335
13.66,334,336
13.66,343,342
13.67,337,337
13.72,351,350
13.72,346,344
13.72,355,355
13.72,347,346
13.72,360,360
13.73,350,350
13.73,360,363
13.8,353,351
13.8,362,361
13.8,350,351
13.8,357,359
13.8,356,353
13.8,353,356
13.8,361,358
13.86,353,355
13.86,368,365
13.86,353,355
13.86,370,367
13.86,353,355
13.86,370,370
13.87,358,358
13.92,372,372
13.92,358,359
13.92,371,371
13.92,364,363
13.92,375,376
13.92,373,370
13.93,375,375
13.99,378,375
13.99,374,376
13.99,384,381
13.99,373,374
13.99,387,386
13.99,374,374
14.0,382,380
14.05,364,364
14.05,371,372
14.05,355,354
14.05,359,361
14.05,345,344
14.05,351,354
14.06,342,339
14.11,343,344
14.11,338,336
14.11,338,338
14.11,337,335
14.11,326,329
14.12,334,333
14.13,321,321
14.19,333,330
14.19,316,315
14.19,323,323
14.19,312,310
14.19,324,322
14.19,310,308
14.19,319,318
14.25,303,302
14.25,311,312
14.25,303,304
14.25,306,309
14.25,306,302
14.25,300,302
14.26,309,304
14.32,298,298
14.32,307,305
14.32,292,292
14.32,303,303
14.32,293,292
14.32,306,307
14.32,299,297
14.38,310,310
14.38,299,297
14.38,307,308
14.38,301,300
14.38,308,308
14.38,305,303
14.39,305,307
14.44,310,305
14.44,302,303
14.44,311,307
14.44,300,300
14.44,309,309
14.45,296,296
14.46,308,306
14.52,292,294
14.52,305,304
14.52,291,290
14.52,304,303
14.52,294,290
14.52,300,301
14.52,289,289
14.58,290,293
14.58,288,284
14.58,284,284
14.58,288,283
14.58,275,277
14.58,289,285
14.59,275,274
14.64,288,285
14.64,272,272
14.64,286,285
14.64,273,274
14.64,284,285
14.64,275,273
14.65,283,283
14.71,275,274
14.71,283,283
14.71,279,277
14.71,281,282
14.71,283,279
14.71,276,279
14.72,288,284
14.77,278,278
14.77,290,289
14.77,276,279
14.77,293,291
14.77,278,277
14.77,291,291
14.78,276,277
14.85,286,288
14.85,280,277
14.85,286,286
14.85,278,276
14.85,279,283
14.85,280,277
14.85,279,280
14.91,283,279
14.91,272,272
14.91,282,280
14.91,271,272
14.91,282,284
14.91,271,271
14.91,287,286
14.97,278,276
14.97,285,286
14.97,278,276
14.97,286,285
14.97,278,276
14.97,284,286
14.98,278,279
15.03,284,286
15.03,283,280
15.03,281,282
15.03,287,283
15.03,274,276
15.04,285,284
15.04,271,272
15.1,286,285
15.1,272,271
15.1,282,284
15.1,275,272
15.1,283,282
15.1,269,272
15.11,282,281
15.18,273,273
15.18,279,280
15.18,272,273
15.18,276,279
15.18,279,276
15.18,275,276
15.18,285,282
15.24,274,275
15.24,287,286
15.24,275,275
15.24,286,284
15.24,268,269
15.24,281,283
15.24,270,268
15.3,277,279
15.3,267,266
15.3,273,274
15.3,268,265
15.3,266,269
15.3,267,265
15.31,266,268
15.36,270,268
15.36,262,263
15.36,269,268
15.36,258,257
15.36,268,268
15.36,258,255
15.37,268,269
15.42,256,256
15.42,267,267
15.42,256,256
15.42,267,268
15.42,259,258
15.43,266,268
15.44,259,258
15.5,258,262
15.5,263,261
15.5,258,261
15.5,270,267
15.5,261,262
15.5,274,272
15.5,260,261
15.56,276,275
15.56,265,263
15.56,279,279
15.56,266,267
15.56,280,280
15.56,267,269
15.57,278,276
15.62,270,266
15.62,274,275
15.62,269,266
15.62,267,269
15.62,274,271
15.63,262,267
15.63,276,273
15.69,263,264
15.69,278,275
15.69,264,262
15.69,275,274
15.69,263,262
15.69,273,273
15.7,263,262
15.76,274,272
15.76,264,262
15.76,272,272
15.77,265,264
15.77,265,267
15.77,265,263
15.77,257,262
15.83,265,264
15.83,251,252
15.83,261,261
15.83,251,250
15.83,261,261
15.83,247,249
15.83,258,260
15.89,252,249
15.89,261,261
15.89,249,249
15.89,259,260
15.89,251,247
15.89,253,255
15.9,250,247
15.95,247,248
15.95,250,247
15.95,239,241
15.95,250,247
15.95,238,238
15.95,250,247
15.96,235,235
16.02,245,245
16.02,233,231
16.02,243,243
16.02,231,229
16.02,239,239
16.02,228,227
16.03,239,238
16.09,234,231
16.09,236,235
16.09,234,232
16.09,234,235
16.09,240,236
16.09,231,233
16.09,244,240
16.16,229,230
16.16,242,243
16.16,230,229
16.16,244,244
16.16,231,229
16.16,240,241
16.16,231,230
16.22,240,239
16.22,232,230
16.22,239,239
16.22,235,232
16.22,233,237
16.22,240,237
16.22,230,234
16.28,245,240
16.28,231,232
16.28,246,244
16.28,233,232
16.28,243,242
16.28,232,230
16.29,241,242
16.34,227,227
16.34,242,241
16.34,230,229
16.34,238,238
16.34,231,229
16.35,237,238
16.36,237,233
16.41,236,236
16.41,240,236
16.41,229,234
16.41,241,238
16.41,230,229
16.41,244,242
16.42,231,232
16.47,246,244
16.47,233,232
16.47,246,245
16.47,234,232
16.47,244,243
16.48,232,232
16.49,238,241
16.55,234,234
16.55,237,238
16.55,240,238
16.55,237,238
16.55,247,244
16.55,235,235
16.55,248,246
16.61,235,235
16.61,246,246
16.61,237,234
16.61,246,245
16.61,234,234
16.61,244,245
16.62,233,234
16.67,248,247
16.67,237,235
16.67,243,244
16.67,240,237
16.67,239,241
16.67,243,240
16.68,234,236
16.74,242,243
16.74,232,233
16.74,244,244
16.74,230,230
16.74,246,245
16.74,235,233
16.75,246,247
16.8,237,235
16.8,248,250
16.8,238,239
16.8,249,251
16.8,246,243
16.81,249,251
16.81,254,251
16.88,250,253
16.88,258,256
16.88,249,251
16.88,266,263
16.88,253,254
16.88,268,268
16.88,257,257
16.94,270,271
16.94,259,259
16.94,273,274
16.94,262,263
16.94,271,273
16.94,264,263
16.95,270,270
17.0,267,264
17.0,267,270
17.0,270,269
17.0,265,266
17.0,275,272
17.0,265,264
17.01,277,278
17.07,268,267
17.07,278,281
17.07,272,270
17.07,282,282
17.07,273,272
17.07,283,283
17.08,274,273
17.13,283,284
17.13,275,274
17.13,282,283
17.13,282,278
17.13,279,280
17.13,285,282
17.14,276,280
17.2,290,287
17.2,275,276
17.2,289,291
17.2,280,278
17.2,295,295
17.2,283,283
17.21,293,295
17.27,281,282
17.27,290,293
17.27,281,281
17.27,287,291
17.27,283,281
17.27,286,287
17.27,287,284
17.33,282,284
17.33,291,288
17.33,278,278
17.33,289,289
17.33,277,278
17.33,291,290
17.34,279,278
17.39,292,289
17.39,278,277
17.39,292,291
17.39,282,280
17.39,288,292
17.4,285,282
17.4,289,291
17.47,289,285
17.47,285,287
17.47,290,287
17.47,280,281
17.47,290,289
17.47,279,280
17.47,292,292
17.53,279,279
17.53,292,292
17.53,280,279
17.53,293,291
17.53,283,280
17.53,293,292
17.54,282,280
17.59,290,290
17.59,286,284
17.59,287,288
17.59,288,284
17.59,279,284
17.59,291,288
17.6,280,281
17.65,291,289
17.65,278,277
17.65,290,288
17.65,273,272
17.65,281,282
17.66,267,267
17.67,275,276
17.73,262,261
17.73,269,270
17.73,260,259
17.73,264,265
17.73,259,259
17.73,258,261
17.73,262,261
17.79,253,254
17.79,262,262
17.79,252,253
17.79,265,265
17.79,252,250
17.79,263,262
17.8,250,248
17.85,261,262
17.85,250,249
17.85,258,259
17.85,248,247
17.85,254,257
17.85,246,244
17.86,247,248
17.92,245,242
17.92,239,242
17.92,247,243
17.92,237,237
17.92,245,245
17.92,236,236
17.93,245,245
17.98,236,235
17.98,245,246
17.98,238,235
17.98,250,249
17.98,235,237
17.99,246,247
17.99,237,234
18.06,240,242
18.06,238,234
18.06,235,238
18.06,242,237
18.06,235,236
18.06,244,240
18.06,231,232
18.12,246,244
18.12,233,232
18.12,247,247
18.12,236,235
18.12,251,249
18.12,241,239
18.12,253,252
18.18,239,239
18.18,253,253
18.18,249,246
18.18,254,257
18.18,256,253
18.18,254,257
18.19,264,261
18.24,256,256
18.24,265,265
18.24,258,257
18.24,269,269
18.24,257,256
18.25,268,270
18.26,256,258
18.31,270,270
18.31,259,258
18.31,269,270
18.31,260,258
18.31,267,269
18.31,263,262
18.32,263,267
18.39,269,265
18.39,260,264
18.39,271,270
18.39,260,262
18.39,276,273
18.39,263,262
18.39,277,276
18.45,266,264
18.45,275,276
18.45,266,266
18.45,279,279
18.45,270,268
18.45,279,281
18.45,273,271
18.51,277,279
18.51,278,274
18.51,279,281
18.51,286,282
18.51,278,277
18.51,288,287
18.52,278,279
18.57,294,292
18.57,280,281
18.57,295,295
18.57,280,282
18.57,296,295
18.58,285,284
18.58,293,295
18.64,286,284
18.64,293,293
18.64,288,284
18.64,289,292
18.64,292,289
18.64,286,289
18.65,293,292
18.71,287,287
18.71,297,298
18.71,287,286
18.71,299,299
18.71,288,287
18.71,302,301
18.71,289,287
18.78,304,305
18.78,294,293
18.78,303,306
18.78,302,298
18.78,307,308
18.78,305,302
18.78,304,306
18.84,305,302
18.84,299,302
18.84,311,307
18.84,296,297
18.84,310,308
18.84,296,297
18.85,310,310
18.9,298,298
18.9,311,309
18.9,300,299
18.9,312,312
18.9,303,301
18.9,310,312
18.91,305,302
18.96,306,310
18.96,309,304
18.96,303,304
18.96,311,309
18.96,301,302
18.97,312,310
18.98,297,298
19.03,310,312
19.03,299,298
19.03,311,311
19.03,299,298
19.03,310,310
19.03,301,297
19.04,307,307
19.11,297,296
19.11,304,304
19.11,298,295
19.11,298,298
19.11,297,294
19.11,290,292
19.11,297,294
19.17,282,284
19.17,293,292
19.17,279,279
19.17,292,290
19.17,275,276
19.17,288,286
19.17,274,272
19.23,284,283
19.23,272,271
19.23,279,281
19.23,272,271
19.23,276,278
19.23,275,272
19.24,272,274
19.29,276,274
19.29,267,269
19.29,277,275
19.29,264,264
19.29,278,277
19.3,263,263
19.3,278,278
19.35,264,264
19.35,276,277
19.36,262,262
19.36,271,272
19.36,260,262
19.36,272,271
19.37,264,260
19.43,264,266
19.43,268,263
19.43,259,262
19.43,268,267
19.43,262,262
19.43,274,272
19.44,262,260
19.49,274,272
19.49,258,258
19.49,272,271
19.49,258,258
19.49,270,270
19.49,261,258
19.5,269,270
19.56,262,259
19.56,266,269
19.56,268,263
19.56,266,267
19.56,268,266
19.56,260,264
19.57,276,273
19.62,264,265
19.62,278,277
19.62,265,265
19.62,280,280
19.62,268,269
19.62,282,282
19.63,271,271
19.7,286,285
19.7,278,275
19.7,286,287
19.7,282,278
19.7,286,285
19.7,285,281
19.7,281,284
19.76,291,288
19.76,282,282
19.76,296,293
19.76,281,282
19.76,296,296
19.76,285,285
19.76,299,298
19.82,287,286
19.82,300,299
19.82,289,287
19.82,298,300
19.82,291,289
19.82,298,298
19.83,295,293
19.88,292,297
19.88,299,295
19.88,290,292
19.88,304,301
19.88,291,292
19.89,305,304
19.89,290,291
19.95,304,304
19.95,293,290
19.95,304,303
19.95,292,292
19.95,304,305
19.95,291,290
19.96,300,300
20.01,292,291
20.01,295,296
20.01,296,292
20.01,290,291
20.01,296,293
20.02,284,286
20.03,296,294
20.09,283,282
20.09,296,296
20.09,279,280
20.09,295,294
20.09,281,280
20.09,294,293
20.09,282,280
20.15,289,291
20.15,282,279
20.15,289,290
20.15,286,282
20.15,283,287
20.15,287,284
20.16,280,282
20.21,290,287
20.21,278,277
20.21,286,287
20.21,278,275
20.21,288,289
20.21,276,275
20.22,287,287
20.27,276,276
20.27,290,290
20.27,278,276
20.27,287,289
20.27,282,279
20.28,284,286
20.29,283,279
20.3,279,282
20.31,285,282
20.32,275,278
20.37,289,285
20.37,272,275
20.37,288,288
20.37,273,273
20.37,290,287
20.37,272,273
20.38,287,287
20.45,275,274
20.45,285,284
20.45,275,274
20.45,284,285
20.45,280,276
20.45,279,282
20.45,280,279
20.51,279,280
20.51,285,283
20.51,277,276
20.51,291,288
20.51,278,277
20.51,289,289
20.51,274,277
20.57,288,289
20.57,277,277
20.57,291,289
20.57,276,276
20.57,290,289
20.57,280,278
20.58,288,287
20.63,283,280
20.63,280,284
20.63,286,283
20.63,276,280
20.63,291,287
20.64,274,277
20.64,291,290
20.69,278,276
20.69,288,288
20.69,273,275
20.69,289,289
20.69,277,275
20.7,289,288
20.71,278,278
20.77,288,290
20.77,281,281
20.77,286,287
20.77,286,283
20.77,284,284
20.77,293,289
20.77,281,283
20.84,293,292
20.84,284,284
20.84,297,297
20.84,283,282
20.84,299,298
20.84,286,285
20.84,298,298
20.9,289,286
20.9,298,299
20.9,291,289
20.9,296,298
20.9,291,288
20.9,292,294
20.91,296,294
20.96,288,289
20.96,298,295
20.96,287,287
20.96,298,297
20.96,283,284
20.96,295,297
20.97,282,284
21.02,297,298
21.02,285,285
21.02,293,296
21.02,288,284
21.02,294,296
21.03,285,285
21.04,292,292
21.1,289,289
21.1,290,291
21.1,298,293
21.1,285,288
21.1,299,297
21.1,286,286
21.1,300,300
21.16,288,286
21.16,300,299
21.16,286,284
21.16,298,298
21.16,288,284
21.16,297,298
21.17,288,288
21.23,293,296
21.23,291,289
21.23,294,296
21.23,293,290
21.23,289,290
21.23,296,295
21.23,287,287
21.29,300,297
21.29,281,280
21.29,294,292
21.29,282,281
21.29,293,292
21.29,278,278
21.3,294,295
21.35,283,281
21.35,292,293
21.35,287,285
21.35,290,292
21.35,291,287
21.36,286,290
21.36,293,290
21.41,283,285
21.41,293,291
21.42,282,282
21.42,294,294
21.42,281,281
21.42,295,294
21.43,281,283
21.49,294,294
21.49,282,284
21.49,296,296
21.49,286,283
21.49,294,296
21.49,290,287
21.5,292,293
21.56,294,290
21.56,287,290
21.56,298,295
21.56,290,290
21.56,298,296
21.56,283,285
21.56,298,297
21.62,284,284
21.62,298,299
21.62,284,283
21.62,295,298
21.62,286,284
21.62,296,295
21.63,287,285
21.68,290,292
21.68,291,287
21.68,289,291
21.68,295,291
21.68,287,288
21.68,296,294
21.69,287,286
21.74,300,297
21.74,284,284
21.74,298,297
21.74,285,283
21.74,298,297
21.75,283,281
21.76,286,285
21.81,271,269
21.81,272,273
21.81,261,257
21.81,256,260
21.81,257,253
21.82,246,248
21.82,254,250
21.89,240,241
21.89,251,248
21.89,236,236
21.89,251,250
21.89,239,238
21.89,251,250
21.89,239,238
21.95,249,250
21.95,238,238
21.95,251,251
21.95,243,241
21.95,250,250
21.95,246,244
21.95,248,249
22.01,253,249
22.01,244,246
22.01,255,254
22.01,248,246
22.01,260,259
22.01,244,247
22.02,263,264
22.08,253,252
22.08,269,268
22.08,256,255
22.08,267,269
22.08,263,262
22.08,274,274
22.09,268,267
22.14,274,276
22.14,276,272
22.14,273,276
22.14,280,278
22.14,271,274
22.14,284,284
22.15,273,274
22.2,288,287
22.2,275,276
22.2,292,291
22.2,277,277
22.2,289,289
22.21,276,277
22.22,289,290
22.28,283,280
22.28,287,289
22.28,284,282
22.28,284,287
22.28,288,287
22.28,284,287
22.28,294,292
22.34,286,286
22.34,298,296
22.34,285,284
22.34,297,296
22.34,286,285
22.34,297,298
22.35,287,284
22.4,296,296
22.4,286,285
22.4,298,299
22.4,295,292
22.4,297,298
22.4,297,293
22.41,293,295
22.47,301,299
22.47,293,294
22.47,303,300
22.47,289,290
22.47,301,297
22.47,286,284
22.48,296,297
22.53,284,282
22.53,297,298
22.53,282,285
22.53,295,297
22.53,287,285
22.54,294,294
22.54,289,288
22.59,289,292
22.59,294,289
22.59,285,287
22.59,292,290
22.59,280,282
22.6,293,290
22.61,282,281
22.67,296,295
22.67,279,280
22.67,293,293
22.67,281,280
22.67,292,292
22.67,282,279
22.68,289,291
22.73,283,282
22.74,289,290
22.74,286,282
22.74,284,285
22.74,290,285
22.74,281,282
22.74,291,290
22.8,282,281
22.8,294,292
22.8,280,279
22.8,294,293
22.8,282,280
22.8,292,293
22.81,278,278
22.86,292,291
22.86,279,278
22.86,287,287
22.86,276,277
22.86,283,286
22.86,287,282
22.87,282,282
22.94,289,285
22.94,274,277
22.94,285,285
22.94,275,274
22.94,288,286
22.94,273,274
22.94,290,289
23.0,274,272
23.0,286,285
23.0,273,272
23.0,283,283
23.0,273,272
23.0,281,283
23.0,282,279
23.06,282,284
23.06,286,283
23.06,280,282
23.06,289,288
23.06,280,278
23.06,289,289
23.07,277,275
23.12,290,288
23.12,275,274
23.12,285,285
23.12,273,271
23.12,287,288
23.13,278,277
23.13,285,287
23.19,280,279
23.19,284,288
23.19,287,284
23.19,285,286
23.19,289,286
23.19,283,283
23.2,293,291
23.26,281,280
23.26,293,293
23.26,281,280
23.26,292,293
23.26,281,281
23.26,296,295
23.26,288,286
23.33,300,298
23.33,288,286
23.33,296,299
23.33,291,289
23.33,294,299
23.33,296,294
23.33,291,294
23.39,300,298
23.39,290,292
23.39,304,303
23.39,293,292
23.39,303,303
23.39,294,292
23.4,306,304
23.45,292,291
23.45,303,304
23.45,291,291
23.45,300,300
23.45,289,287
23.45,296,296
23.46,291,289
23.51,291,295
23.51,298,294
23.51,291,293
23.51,301,298
23.51,287,287
23.52,300,300
23.53,291,290
23.59,301,301
23.59,286,287
23.59,300,301
23.59,288,288
23.59,302,302
23.59,293,291
23.59,303,303
23.65,296,292
23.65,299,301
23.65,303,298
23.65,294,298
23.65,301,298
23.65,292,294
23.66,303,302
23.72,292,291
23.72,302,301
23.72,290,288
23.72,304,303
23.72,288,286
23.72,297,298
23.72,287,284
23.78,296,297
23.78,287,285
23.78,293,295
23.78,292,287
23.78,290,291
23.78,293,291
23.79,286,288
23.84,295,291
23.84,282,283
23.84,294,295
23.84,282,282
23.84,294,292
23.85,283,283
23.85,300,298
23.92,289,287
23.92,300,302
23.92,288,290
23.92,301,303
23.92,298,294
23.92,302,306
23.92,305,301
23.98,304,306
23.98,311,307
23.98,302,305
23.98,318,315
23.98,305,306
23.98,320,321
23.99,310,311
24.04,326,324
24.04,310,309
24.04,323,323
24.04,314,312
24.04,324,325
24.04,318,315
24.05,327,327
24.11,319,316
24.11,326,327
24.11,327,323
24.11,321,324
24.11,331,327
24.11,320,320
24.12,335,332
24.17,322,323
24.17,336,335
24.17,323,322
24.17,338,336
24.17,326,324
24.17,337,338
24.18,323,325
24.25,338,339
24.25,329,326
24.25,331,336
24.25,332,328
24.25,332,334
24.25,340,335
24.25,335,336
24.31,344,342
24.31,333,332
24.31,345,342
24.31,330,329
24.31,343,340
24.31,323,323
24.31,335,335
24.37,319,318
24.37,328,329
24.37,316,314
24.37,325,325
24.37,317,314
24.37,319,321
24.38,318,315
24.43,316,317
24.43,320,317
24.43,308,308
24.43,315,314
24.43,303,302
24.44,310,311
24.44,298,297
24.5,306,304
24.5,288,288
24.5,299,300
24.5,282,281
24.5,294,294
24.5,281,278
24.51,285,289
24.57,283,281
24.57,285,288
24.57,288,285
24.57,286,288
24.57,296,293
24.57,286,286
24.58,299,297
24.63,290,288
24.63,301,300
24.63,288,289
24.63,303,303
24.63,290,289
24.63,304,303
24.64,290,287
24.7,299,299
24.7,287,285
24.7,292,292
24.7,287,282
24.7,281,283
24.7,283,279
24.71,272,274
24.76,283,280
24.76,270,270
24.76,285,283
24.76,271,271
24.76,284,283
24.76,273,271
24.77,288,286
24.82,275,274
24.82,289,288
24.82,279,276
24.82,288,287
24.82,281,279
24.83,282,284
24.84,288,283
24.9,281,284
24.9,293,289
24.9,280,282
24.9,295,294
24.9,281,282
24.9,298,296
24.9,283,283
24.96,297,297
24.96,285,285
24.96,300,299
24.96,287,287
24.96,299,301
24.96,290,288
24.97,297,297
25.03,295,292
25.03,290,295
25.03,301,297
25.03,295,295
25.03,306,303
25.03,295,295
25.03,310,307
25.09,294,293
25.09,308,307
25.09,295,293
25.09,305,305
25.09,294,291
25.09,304,304
25.1,294,291
25.15,300,301
25.15,294,290
25.15,293,296
25.15,297,292
25.15,288,292
25.16,300,297
25.17,285,286
25.23,296,298
25.23,286,285
25.23,300,298
25.23,284,284
25.23,300,300
25.23,283,284
25.23,297,297
25.29,283,283
25.29,296,297
25.29,290,288
25.29,297,298
25.29,294,292
25.29,294,298
25.3,301,300
25.36,295,296
25.36,306,303
25.36,291,293
25.36,307,305
25.36,293,292
25.36,307,307
25.36,293,292
25.42,305,306
25.42,294,293
25.42,306,306
25.42,293,291
25.42,302,303
25.42,294,292
25.43,295,299
25.48,297,296
25.48,295,297
25.48,305,301
25.48,291,293
25.48,306,304
25.48,291,291
25.49,308,306
25.54,291,291
25.54,305,304
25.54,289,289
25.54,301,302
25.54,290,287
25.55,302,302
25.56,293,290
25.62,299,301
25.62,298,293
25.62,296,298
25.62,302,297
25.62,289,291
25.62,299,295
25.62,285,284
25.68,295,294
25.68,278,280
25.68,295,294
25.69,278,277
25.69,294,292
25.69,275,277
25.69,292,292
25.75,282,281
25.75,293,293
25.75,286,282
25.75,290,292
25.75,289,287
25.75,287,289
25.76,297,293
25.81,287,287
25.81,298,299
25.81,289,288
25.81,303,302
25.81,289,288
25.81,305,305
25.82,293,291
25.87,305,305
25.87,292,291
25.87,305,305
25.87,295,293
25.87,307,309
25.88,303,303
25.89,306,308
25.95,311,308
25.95,306,308
25.95,320,316
25.95,307,307
25.95,323,321
25.95,309,310
25.95,326,326
26.01,312,312
26.01,327,327
26.01,314,311
26.01,327,328
26.01,315,314
26.01,324,326
26.02,317,314
26.08,322,322
26.08,316,313
26.08,313,316
26.08,319,315
26.08,311,313
26.08,323,321
26.08,307,306
26.14,320,319
26.14,305,304
26.14,319,318
26.14,304,302
26.14,317,315
26.14,302,300
26.15,313,314
26.2,302,302
26.2,313,315
26.2,307,304
26.2,308,310
26.2,312,308
26.21,305,308
26.21,315,313
26.28,306,305
26.28,321,319
26.28,307,307
26.28,322,321
26.28,309,308
26.28,324,325
26.28,310,311
26.34,325,325
26.34,311,311
26.34,323,324
26.34,316,312
26.34,321,322
26.34,320,316
26.35,318,320
26.4,323,321
26.4,314,316
26.4,326,324
26.4,313,314
26.4,328,326
26.4,313,311
26.41,324,325
26.46,310,308
26.46,322,323
26.46,310,309
26.46,322,322
26.46,310,308
26.47,320,320
26.48,313,310
26.53,315,317
26.53,317,312
26.53,310,311
26.53,319,314
26.53,304,306
26.53,319,316
26.54,302,304
26.6,317,315
26.6,303,302
26.6,316,316
26.6,298,300
26.6,316,314
26.6,302,301
26.61,309,310
26.67,301,298
26.67,305,306
26.67,300,299
26.67,300,304
26.67,306,301
26.67,294,295
26.67,305,304
26.73,297,296
26.73,307,306
26.73,293,293
26.73,309,307
26.73,293,293
26.73,307,305
26.74,290,291
26.79,303,306
26.79,292,292
26.79,303,303
26.79,295,293
26.79,298,301
26.8,301,297
26.8,296,298
26.85,301,299
26.85,289,291
26.85,302,300
26.85,290,290
26.85,304,301
26.86,289,289
26.87,303,304
26.93,292,290
26.93,309,309
26.93,293,294
26.93,309,309
26.93,300,298
26.93,308,309
26.94,305,302
26.99,306,308
26.99,307,304
26.99,302,305
26.99,316,312
26.99,302,304
26.99,319,318
27.0,303,304
27.06,319,319
27.06,305,305
27.06,322,321
27.06,306,305
27.06,320,320
27.06,310,309
27.07,322,322
27.12,313,310
27.12,319,320
27.12,315,310
27.12,309,312
27.12,317,313
27.12,306,307
27.13,316,314
27.18,302,304
27.18,317,316
27.18,305,303
27.18,319,317
27.18,303,304
27.19,318,318
27.2,304,304
27.26,318,317
27.26,305,303
27.26,315,317
27.26,307,305
27.26,312,313
27.26,312,307
27.26,307,308
27.32,316,312
27.32,305,305
27.32,318,316
27.32,304,306
27.32,318,318
27.32,304,304
27.33,319,317
27.38,305,303
27.38,317,317
27.38,305,303
27.38,317,317
27.38,305,303
27.39,312,315
27.39,309,305
27.45,308,311
27.45,312,308
27.45,303,303
27.45,311,308
27.45,297,299
27.45,308,308
27.46,297,298
27.52,306,307
27.52,294,293
27.52,307,306
27.52,292,290
27.52,302,303
27.52,287,286
27.52,296,295
27.59,287,285
27.59,287,290
27.59,287,282
27.59,283,285
27.59,285,281
27.59,274,277
27.59,282,283
27.65,270,271
27.65,283,282
27.65,270,269
27.65,282,281
27.65,266,266
27.65,282,281
27.66,266,266
27.67,279,277
27.68,266,263
27.68,273,275
27.74,265,264
27.74,268,271
27.74,270,266
27.74,263,264
27.74,272,269
27.74,260,262
27.75,272,271
27.8,259,260
27.8,275,272
27.8,258,259
27.8,273,271
27.8,256,257
27.81,270,271
27.82,260,258
27.87,268,270
27.87,259,256
27.87,264,264
27.87,259,256
27.87,255,259
27.87,263,259
27.88,253,255
27.94,262,260
27.94,248,250
27.94,261,261
27.94,248,247
27.94,261,259
27.94,244,244
27.95,258,255
28.01,241,242
28.01,256,255
28.01,242,242
28.01,253,253
28.01,243,243
28.01,248,250
28.01,246,243
28.07,241,242
28.07,247,243
28.07,238,238
28.07,248,247
28.07,236,237
28.07,248,246
28.08,232,233
28.13,248,248
28.13,235,233
28.13,248,248
28.13,236,234
28.13,248,249
28.14,239,235
28.14,245,245
28.19,240,235
28.19,241,243
28.19,245,242
28.19,239,240
28.19,249,247
28.2,237,239
28.21,251,251
28.27,240,241
28.27,257,255
28.27,241,242
28.27,258,257
28.27,249,247
28.27,261,260
28.27,249,249
28.33,261,264
28.34,256,255
28.34,263,264
28.34,263,259
28.34,259,262
28.34,267,266
28.34,260,262
28.4,273,269
28.4,258,259
28.4,271,271
28.4,259,258
28.4,274,273
28.4,261,260
28.41,274,274
28.46,260,260
28.46,272,273
28.46,266,264
28.46,272,275
28.46,270,268
28.46,272,275
28.47,277,272
28.52,274,274
28.52,282,276
28.52,267,269
28.52,281,279
28.52,267,268
28.53,283,281
28.54,267,267
28.6,280,280
28.6,267,265
28.6,278,278
28.6,265,264
28.6,276,276
28.6,266,264
28.6,271,272
28.66,269,265
28.66,267,269
28.66,270,268
28.66,263,264
28.66,274,272
28.66,264,265
28.67,276,274
28.72,265,264
28.73,279,277
28.73,265,265
28.73,280,278
28.73,267,264
28.73,277,278
28.73,270,269
28.79,279,281
28.79,274,272
28.79,277,279
28.79,283,279
28.79,277,278
28.79,289,287
28.8,279,278
28.85,289,288
28.85,278,278
28.85,292,292
28.85,279,281
28.85,298,296
28.86,282,282
28.86,296,297
28.93,286,286
28.93,300,301
28.93,291,289
28.93,299,301
28.93,297,294
28.93,298,301
28.93,304,301
28.99,297,298
28.99,308,306
28.99,298,300
28.99,312,312
28.99,301,301
28.99,312,313
29.0,301,302
29.05,318,318
29.05,306,306
29.05,319,320
29.05,306,306
29.05,319,320
29.05,312,310
29.06,315,317
29.11,318,315
29.11,313,315
29.11,323,319
29.11,312,313
29.11,324,323
29.12,312,313
29.13,325,324
29.19,313,313
29.19,326,324
29.19,311,312
29.19,326,325
29.19,314,312
29.19,322,324
29.19,314,312
29.25,320,322
29.25,317,314
29.25,317,321
29.25,322,320
29.25,318,318
29.25,330,326
29.26,318,317
29.32,329,327
29.32,315,316
29.32,330,328
29.32,317,315
29.32,329,329
29.32,315,315
29.32,329,328
29.38,315,313
29.38,325,326
29.38,318,315
29.38,320,324
29.38,323,318
29.38,316,319
29.39,322,319
29.44,314,315
29.44,323,322
29.44,312,312
29.44,327,326
29.44,314,313
29.45,327,326
29.45,315,314
29.51,330,329
29.51,315,314
29.51,330,332
29.51,321,320
29.51,329,330
29.51,324,323
29.52,325,327
29.58,330,327
29.58,323,324
29.58,332,329
29.58,318,319
29.58,331,329
29.58,318,319
29.58,330,330
29.64,319,318
29.64,331,329
29.64,316,316
29.65,331,331
29.65,317,316
29.65,326,328
29.65,318,315
29.71,323,325
29.71,321,318
29.71,318,321
29.71,326,322
29.71,317,318
29.71,324,325
29.72,318,317
29.77,325,325
29.77,310,312
29.77,325,324
29.77,312,312
29.77,325,325
29.77,312,310
29.78,322,323
29.83,310,308
29.83,318,318
29.83,313,310
29.83,312,313
29.83,314,313
29.84,310,313
29.85,319,316
29.91,308,309
29.91,322,320
29.91,309,309
29.91,322,321
29.91,309,308
29.91,323,321
29.91,310,309
29.97,324,324
29.97,309,308
29.97,322,324
29.97,314,313
29.97,320,323
29.97,320,317
29.98,319,320
30.03,322,321
30.03,314,316
30.03,325,322
30.03,314,314
30.03,327,325
30.04,317,315
30.04,328,326
30.1,315,314
30.1,326,326
30.1,314,312
30.1,324,325
30.1,316,314
30.1,326,326
30.11,320,317
30.17,322,324
30.17,327,322
30.17,319,320
30.17,332,327
30.17,314,317
30.17,329,328
30.17,314,315
30.24,330,328
30.24,315,314
30.24,326,328
30.24,314,314
30.24,327,328
30.24,316,314
30.24,322,324
30.3,316,314
30.3,321,322
30.3,321,318
30.3,319,322
30.3,328,324
30.3,315,318
30.31,329,328
30.36,316,317
30.36,332,330
30.36,317,316
30.36,330,330
30.36,314,314
30.36,327,327
30.37,314,313
30.42,325,327
30.42,316,314
30.42,323,325
30.42,320,318
30.42,323,325
30.43,327,324
30.44,320,323
30.49,332,330
30.49,321,323
30.49,337,335
30.49,320,320
30.49,336,336
30.49,322,321
30.5,335,335
30.56,323,321
30.56,333,334
30.56,321,321
30.56,331,333
30.56,322,321
30.56,329,331
30.57,330,325
30.63,323,326
30.63,331,329
30.63,321,324
30.63,337,336
30.63,321,321
30.63,337,336
30.63,323,322
30.69,339,338
30.69,322,323
30.69,338,339
30.69,324,325
30.69,338,340
30.69,330,327
30.7,334,337
30.75,333,329
30.75,333,336
30.75,340,336
30.75,331,334
30.75,346,342
30.76,333,335
30.76,348,346
30.82,333,333
30.82,352,349
30.82,336,336
30.82,353,353
30.82,341,339
30.82,354,356
30.83,345,343
30.89,356,358
30.89,350,347
30.89,354,357
30.89,355,352
30.89,355,357
30.89,363,358
30.9,355,356
30.96,370,369
30.96,357,357
30.96,372,372
30.96,358,358
30.96,373,373
30.96,361,360
30.96,373,374
31.02,360,361
31.02,376,376
31.02,369,366
31.02,379,379
31.02,375,372
31.02,377,378
31.03,379,376
31.08,372,375
31.08,386,381
31.08,372,373
31.08,387,386
31.08,373,374
31.08,388,388
31.09,376,376
31.14,392,390
31.14,379,376
31.14,393,394
31.14,381,380
31.14,393,395
31.15,389,387
31.16,397,398
31.22,397,395
31.22,397,400
31.22,406,403
31.22,398,400
31.22,413,411
31.22,398,400
31.22,418,416
31.28,401,401
31.28,420,418
31.28,404,403
31.28,419,420
31.28,409,408
31.28,422,423
31.29,414,413
31.35,424,426
31.35,420,417
31.35,422,425
31.35,425,421
31.35,417,418
31.35,428,423
31.35,414,414
31.41,430,428
31.41,414,413
31.41,428,426
31.41,414,413
31.41,428,427
31.41,411,412
31.42,427,428
31.48,412,411
31.48,426,427
31.48,418,416
31.48,423,426
31.48,425,420
31.48,423,424
31.49,430,427
31.55,418,421
31.55,433,430
31.55,416,418
31.55,435,434
31.55,416,417
31.55,431,431
31.55,416,416
31.61,433,433
31.61,417,416
31.61,433,433
31.61,420,418
31.61,428,430
31.61,422,420
31.62,425,426
31.67,427,423
31.67,421,424
31.67,432,427
31.67,419,420
31.67,432,431
31.67,419,418
31.68,432,432
31.73,418,416
31.73,432,433
31.73,418,418
31.73,434,433
31.73,418,417
31.74,432,434
31.75,423,422
31.81,430,432
31.81,429,425
31.81,426,429
31.81,431,427
31.81,422,426
31.81,438,435
31.81,424,425
31.87,438,437
31.87,422,422
31.87,437,437
31.87,424,422
31.88,436,436
31.88,423,421
31.88,436,436
31.94,424,423
31.94,436,437
31.94,431,427
31.94,433,435
31.94,434,430
31.94,429,431
31.94,438,434
32.0,425,427
32.0,439,435
32.0,422,424
32.0,438,438
32.0,422,422
32.0,441,440
32.01,426,424
32.06,441,440
32.06,425,424
32.06,439,440
32.06,428,426
32.06,438,440
32.07,437,432
32.08,435,438
32.13,441,437
32.13,432,436
32.13,447,444
32.13,431,435
32.13,450,449
32.13,434,435
32.14,450,450
32.2,435,435
32.2,450,451
32.2,438,439
32.2,454,456
32.2,445,443
32.2,455,456
32.21,448,447
32.27,457,459
32.27,458,455
32.27,458,460
32.27,467,464
32.27,456,460
32.27,474,472
32.27,461,461
32.33,478,478
32.33,464,464
32.33,482,481
32.33,470,469
32.33,486,487
32.33,474,472
32.34,488,488
32.39,480,477
32.39,487,487
32.39,483,479
32.39,481,484
32.39,485,482
32.39,478,482
32.4,491,489
32.45,480,481
32.45,497,495
32.45,483,482
32.45,499,499
32.45,486,485
32.46,504,503
32.47,488,488
32.53,507,507
32.53,494,492
32.53,502,503
32.53,495,493
32.53,499,500
32.53,499,496
32.53,499,501
32.59,506,501
32.59,497,499
32.59,512,509
32.59,498,499
32.59,519,516
32.59,502,502
32.6,521,521
32.66,508,507
32.66,524,524
32.66,514,513
32.66,530,531
32.66,521,518
32.66,532,533
32.67,530,526
32.72,532,534
32.72,536,532
32.72,529,529
32.72,539,537
32.72,528,529
32.72,544,542
32.73,529,528
32.78,545,546
32.78,530,531
32.78,551,550
32.78,538,538
32.78,554,553
32.79,543,542
32.8,558,559
32.85,550,549
32.85,560,563
32.85,563,560
32.85,565,568
32.85,578,576
32.85,570,573
32.86,593,589
32.92,581,582
32.92,602,602
32.92,592,592
32.92,614,614
32.92,604,605
32.92,625,625
32.93,618,617
32.99,630,628
32.99,628,629
32.99,631,631
32.99,630,632
32.99,632,633
32.99,634,633
32.99,634,634
33.05,634,633
33.05,636,634
33.05,635,635
33.05,633,634
33.05,635,634
33.05,636,634
33.06,633,634
33.11,635,635
33.11,636,635
33.11,635,635
33.11,637,635
33.11,636,635
33.12,635,635
33.12,636,635
33.17,636,635
33.17,637,636
33.17,637,636
33.17,637,635
33.17,637,636
33.18,637,636
33.19,635,636
33.25,636,635
33.25,635,635
33.25,637,637
33.25,635,635
33.25,636,635
33.25,636,635
33.25,637,636
33.31,637,637
33.31,636,636
33.31,637,635
33.31,635,636
33.31,636,635
33.32,635,636
33.32,638,637
33.38,637,636
33.38,636,636
33.38,637,637
33.38,637,636
33.38,636,637
33.38,637,636
33.39,636,635
33.44,636,636
33.44,636,636
33.44,637,636
33.44,637,636
33.44,635,636
33.44,637,636
33.45,637,636
33.5,638,635
33.5,636,635
33.5,635,636
33.5,635,635
33.5,637,636
33.51,636,636
33.52,636,636
33.58,636,636
33.58,636,635
33.58,638,634
33.58,636,636
33.58,636,635
33.58,636,636
33.58,636,635
33.64,637,635
33.64,636,635
33.64,636,634
33.64,635,635
33.64,634,634
33.64,634,634
33.65,632,632
33.71,631,631
33.71,608,604
33.71,591,591
33.71,569,568
33.71,570,569
33.71,549,545
33.71,541,541
33.77,528,523
33.77,514,516
33.77,508,503
33.77,490,491
33.77,492,488
33.77,465,466
33.78,473,469
33.83,446,446
33.83,453,451
33.83,428,426
33.83,434,433
33.83,410,407
33.84,416,415
33.84,394,392
33.91,394,394
33.91,379,376
33.91,376,377
33.91,368,364
33.91,356,358
33.91,359,355
33.91,339,341
33.97,349,345
33.97,324,325
33.97,334,333
33.97,313,313
33.97,324,322
33.97,301,300
33.98,314,314
34.03,293,292
34.03,301,300
34.03,287,284
34.03,290,292
34.03,278,277
34.03,275,278
34.04,274,271
34.09,264,266
34.09,270,268
34.09,256,255
34.09,265,264
34.09,250,247
34.1,260,259
34.11,241,241
34.16,258,257
34.16,241,238
34.16,249,249
34.16,234,234
34.16,246,246
34.16,236,234
34.17,240,240
34.24,236,233
34.24,235,236
34.24,240,235
34.24,226,229
34.24,242,238
34.24,225,225
34.24,239,237
34.3,221,221
34.3,237,237
34.3,220,220
34.3,237,236
34.3,220,220
34.3,232,233
34.3,223,221
34.36,229,232
34.36,226,222
34.36,226,228
34.36,227,222
34.36,219,222
34.36,229,225
34.37,216,218
34.42,233,230
34.42,217,216
34.42,232,231
34.42,217,217
34.42,235,235
34.43,222,221
34.43,237,236
34.5,224,222
34.5,235,237
34.5,226,225
34.5,234,237
34.5,235,231
34.5,233,236
34.5,241,236
34.56,229,231
34.56,243,242
34.56,229,230
34.56,248,246
34.56,233,232
34.56,249,248
34.57,236,236
34.63,250,252
34.63,238,239
34.63,252,255
34.63,243,241
34.63,254,256
34.63,246,243
34.63,248,251
34.69,249,245
34.69,242,245
34.69,254,251
34.69,242,244
34.69,261,258
34.69,245,245
34.7,266,264
34.75,249,249
34.75,264,265
34.75,251,251
34.75,267,267
34.75,251,250
34.75,264,266
34.76,255,253
34.81,261,265
34.81,262,258
34.81,262,266
34.81,270,266
34.81,262,265
34.82,274,272
34.83,261,262
34.89,277,277
34.89,264,263
34.89,283,280
34.89,268,267
34.89,286,284
34.89,271,271
34.89,288,288
34.95,276,274
34.95,286,289
34.95,280,278
34.95,287,289
34.95,289,286
34.95,288,290
34.96,295,293
35.02,282,285
35.02,298,295
35.02,281,282
35.02,299,297
35.02,281,279
35.02,296,295
35.02,279,277
35.08,296,295
35.08,281,280
35.08,294,295
35.08,284,282
35.08,293,296
35.08,289,286
35.09,291,293
35.14,296,291
35.14,286,288
35.14,296,294
35.14,283,282
35.14,295,295
35.15,283,282
35.16,299,298
35.17,283,283
35.18,300,300
35.18,285,285
35.23,300,301
35.23,287,287
35.23,300,301
35.23,293,290
35.23,299,302
35.24,300,297
35.25,293,297
35.31,302,300
35.31,290,293
35.31,305,303
35.31,294,293
35.31,305,306
35.31,293,292
35.32,310,310
35.37,294,294
35.37,309,310
35.37,296,295
35.37,309,311
35.38,298,297
35.38,307,310
35.38,306,304
35.44,310,312
35.44,313,309
35.44,306,310
35.44,317,316
35.44,307,307
35.44,322,319
35.45,306,305
35.5,324,322
35.5,308,307
35.5,322,322
35.5,308,307
35.5,323,322
35.5,311,309
35.51,323,325
35.58,315,311
35.58,320,323
35.58,322,318
35.58,321,323
35.58,327,322
35.58,314,316
35.58,331,328
35.64,315,316
35.64,332,332
35.64,319,319
35.64,334,335
35.64,319,319
35.64,337,338
35.64,326,324
35.7,337,338
35.7,328,327
35.7,337,340
35.7,334,330
35.7,335,337
35.7,339,334
35.71,330,334
35.76,343,340
35.76,331,332
35.76,347,345
35.76,331,331
35.76,349,348
35.77,333,332
35.77,348,348
35.83,332,332
35.83,346,346
35.83,333,331
35.83,342,343
35.83,333,328
35.83,333,335
35.84,327,324
35.9,322,323
35.9,322,320
35.9,313,316
35.9,328,324
35.9,313,315
35.9,329,328
35.9,316,315
35.97,332,332
35.97,316,317
35.97,332,332
35.97,317,315
35.97,329,330
35.97,317,316
35.97,328,330
36.03,321,318
36.03,321,324
36.03,327,322
36.03,320,323
36.03,331,329
36.03,318,321
36.04,333,330
36.09,318,319
36.09,334,335
36.09,321,320
36.09,334,335
36.09,318,318
36.09,334,335
36.1,322,320
36.15,329,331
36.15,322,319
36.15,327,329
36.15,324,319
36.15,322,325
36.16,328,326
36.17,318,322
36.23,332,328
36.23,318,318
36.23,331,330
36.23,317,316
36.23,333,331
36.23,318,318
36.23,334,334
36.29,317,317
36.29,333,332
36.29,320,319
36.29,332,332
36.29,326,322
36.29,326,331
36.3,328,323
36.35,320,325
36.35,332,328
36.35,318,322
36.35,333,331
36.35,318,319
36.36,332,332
36.36,317,316
36.42,332,331
36.42,315,313
36.42,328,329
36.42,319,316
36.42,329,329
36.42,317,314
36.43,326,326
36.49,318,315
36.49,319,322
36.49,325,322
36.49,317,320
36.49,330,327
36.49,316,318
36.49,332,330
36.56,316,316
36.56,332,332
36.56,317,317
36.56,336,335
36.56,321,321
36.56,334,336
36.56,326,324
36.62,333,336
36.62,327,323
36.62,329,331
36.62,331,327
36.62,327,329
36.62,334,330
36.63,320,322
36.68,331,330
36.68,318,317
36.68,329,330
36.68,316,317
36.68,334,332
36.68,318,317
36.69,332,333
36.74,319,317
36.74,331,330
36.74,318,315
36.74,325,327
36.74,321,318
36.75,318,321
36.76,320,318
36.82,313,316
36.82,328,323
36.82,308,311
36.82,323,323
36.82,308,309
36.82,323,323
36.82,308,306
36.89,322,321
36.89,303,303
36.89,319,317
36.89,307,305
36.89,315,316
36.89,310,306
36.89,310,313
36.95,310,307
36.95,306,310
36.95,312,310
36.95,303,304
36.95,315,312
36.95,302,302
36.95,315,314
37.01,297,298
37.01,312,311
37.01,296,296
37.01,309,309
37.01,296,296
37.01,306,308
37.02,298,296
37.07,306,308
37.07,303,301
37.07,305,308
37.07,309,306
37.07,300,305
37.08,316,315
37.08,307,308
37.13,321,320
37.14,308,309
37.14,326,324
37.14,311,310
37.14,326,327
37.14,314,314
37.15,328,329
37.21,315,313
37.21,327,329
37.21,323,318
37.21,325,326
37.21,321,318
37.21,320,323
37.22,327,322
37.28,315,317
37.28,328,327
37.28,314,313
37.28,329,328
37.28,315,314
37.28,326,327
37.28,312,312
37.34,330,328
37.34,314,312
37.34,326,327
37.34,315,314
37.34,324,325
37.34,320,316
37.35,318,322
37.4,326,320
37.4,317,319
37.4,326,323
37.4,311,314
37.4,330,327
37.4,313,312
37.41,328,328
37.46,313,314
37.46,327,327
37.46,313,314
37.46,329,328
37.46,314,313
37.47,326,326
37.48,319,316
37.54,324,327
37.54,321,317
37.54,316,320
37.54,322,319
37.54,311,314
37.54,323,320
37.54,311,311
37.6,322,321
37.6,306,306
37.6,322,320
37.61,303,304
37.61,321,320
37.61,305,304
37.61,316,318
37.67,309,306
37.67,316,318
37.67,312,309
37.67,316,318
37.67,315,312
37.67,309,312
37.67,319,316
37.73,304,306
37.73,320,319
37.73,303,306
37.73,320,320
37.73,303,304
37.73,321,320
37.74,307,306
37.79,321,322
37.79,309,306
37.79,320,321
37.79,308,308
37.79,313,313
37.8,306,303
37.81,300,302
37.87,303,299
37.87,291,294
37.87,303,300
37.87,289,289
37.87,299,298
37.87,287,286
37.87,301,299
37.93,280,280
37.93,298,296
37.93,281,279
37.93,293,294
37.93,281,281
37.93,291,292
37.94,285,283
37.99,289,290
37.99,284,282
37.99,277,280
37.99,284,280
37.99,269,272
37.99,283,282
38.0,269,271
38.06,284,284
38.06,268,270
38.06,288,287
38.06,273,271
38.06,286,286
38.06,272,272
38.07,287,287
38.12,277,277
38.12,287,290
38.12,285,282
38.12,287,290
38.12,294,290
38.12,287,290
38.13,297,296
38.2,288,289
38.2,302,301
38.2,290,290
38.2,307,306
38.2,294,292
38.2,308,308
38.2,295,294
38.26,310,310
38.26,296,296
38.26,307,308
38.26,300,298
38.26,309,310
38.26,309,304
38.26,304,306
38.32,312,309
38.32,302,305
38.32,316,315
38.32,307,307
38.32,321,318
38.32,305,305
38.33,323,321
38.38,305,306
38.38,320,320
38.38,309,308
38.38,323,322
38.38,313,313
38.39,324,326
38.4,319,317
38.45,325,328
38.45,327,324
38.45,326,326
38.45,335,331
38.45,324,326
38.45,338,337
38.46,324,325
38.52,339,338
38.52,327,328
38.52,345,344
38.52,333,331
38.52,349,348
38.52,337,336
38.53,348,348
38.59,338,336
38.59,346,348
38.59,342,340
38.59,342,344
38.59,346,343
38.59,342,344
38.59,350,348
38.65,340,341
38.65,352,352
38.65,341,342
38.65,358,356
38.65,343,343
38.65,357,356
38.66,345,343
38.71,358,357
38.71,346,345
38.71,356,357
38.71,347,345
38.71,352,355
38.71,352,350
38.72,354,357
38.77,360,355
38.77,351,353
38.77,365,362
38.77,352,353
38.77,364,363
38.78,348,349
38.79,363,362
38.85,350,349
38.85,364,364
38.85,349,351
38.85,368,367
38.85,357,355
38.85,367,369
38.85,360,357
38.91,366,368
38.91,368,364
38.91,363,366
38.91,371,369
38.91,364,366
38.91,373,371
38.92,362,363
38.98,375,373
38.98,362,362
38.98,374,374
38.98,360,362
38.98,375,374
38.98,361,360
38.99,373,373
39.04,366,364
39.04,372,373
39.04,368,365
39.04,368,371
39.04,373,369
39.04,364,365
39.05,371,369
39.1,363,363
39.1,369,368
39.1,356,358
39.1,371,370
39.1,355,355
39.11,368,368
39.12,354,353
39.18,365,367
39.18,355,351
39.18,361,363
39.18,350,348
39.18,355,356
39.18,355,350
39.18,351,351
39.24,351,349
39.24,342,345
39.24,349,349
39.24,338,341
39.24,350,350
39.24,338,337
39.25,348,348
39.31,332,333
39.31,346,345
39.31,330,330
39.31,343,344
39.31,330,328
39.31,337,340
39.31,333,330
39.37,334,334
39.37,336,332
39.37,329,332
39.37,339,336
39.37,327,329
39.37,340,338
39.38,330,329
39.43,343,341
39.43,329,330
39.43,344,342
39.43,330,328
39.43,343,345
39.44,330,329
39.44,343,343
39.49,335,331
39.49,339,340
39.49,335,331
39.49,331,335
39.49,339,336
39.5,332,332
39.51,340,337
39.57,330,331
39.57,341,340
39.57,328,328
39.57,344,343
39.57,328,329
39.57,343,341
39.57,325,325
39.63,337,337
39.63,326,325
39.63,333,335
39.63,329,328
39.63,330,332
39.63,330,328
39.64,325,326
39.7,333,329
39.7,323,322
39.7,331,329
39.7,318,319
39.7,331,330
39.7,317,318
39.71,330,330
39.76,314,315
39.76,331,330
39.76,315,314
39.76,328,327
39.76,317,315
39.76,319,321
39.77,315,312
39.82,312,314
39.82,315,311
39.82,309,309
39.82,314,314
39.82,303,303
39.83,314,314
39.84,303,302
39.9,312,312
39.9,297,298
39.9,311,312
39.9,296,295
39.9,308,308
39.9,296,295
39.9,305,305
39.96,297,292
39.96,297,299
39.96,297,294
39.96,293,295
39.96,301,299
39.96,291,293
39.97,303,300
40.03,290,288
40.03,303,301
40.03,288,288
40.03,300,301
40.03,285,285
40.03,299,298
40.03,287,286
40.09,298,300
40.09,287,285
40.09,293,294
40.09,292,288
40.09,288,292
40.09,296,294
40.1,287,288
40.15,299,296
40.15,287,287
40.15,299,298
40.15,288,286
40.15,301,298
40.16,286,286
40.16,299,298
40.23,282,282
40.23,296,297
40.23,282,282
40.23,291,293
40.23,282,280
40.23,285,286
40.23,284,281
40.29,277,278
40.29,279,278
40.29,267,269
40.29,279,277
40.29,264,264
40.29,277,277
40.3,261,260
40.35,277,275
40.35,261,260
40.35,273,272
40.35,258,257
40.35,271,271
40.35,259,256
40.36,266,267
40.41,263,259
40.41,260,263
40.41,266,263
40.41,259,260
40.41,274,270
40.42,261,260
40.43,270,270
40.48,259,258
40.48,273,273
40.48,256,256
40.48,273,273
40.48,257,256
40.48,272,273
40.49,261,259
40.55,273,273
40.55,265,261
40.55,263,268
40.55,268,265
40.56,263,264
40.56,270,268
40.56,260,261
40.62,272,271
40.62,258,259
40.62,274,272
40.62,258,258
40.62,274,274
40.62,258,258
40.62,274,274
40.68,261,261
40.68,273,273
40.68,265,262
40.68,270,273
40.68,270,265
40.68,267,271
40.69,273,269
40.74,264,268
40.74,278,276
40.74,265,264
40.74,282,280
40.74,265,264
40.75,281,280
40.75,267,266
40.82,287,286
40.82,272,270
40.82,282,285
40.82,276,274
40.82,287,287
40.82,283,279
40.82,283,286
40.88,287,283
40.88,282,283
40.88,294,291
40.88,279,280
40.88,296,296
40.88,280,281
40.89,297,298
40.94,282,280
40.94,299,300
40.94,289,287
40.94,301,302
40.94,291,288
40.94,302,302
40.95,296,292
41.01,296,298
41.01,296,294
41.01,291,293
41.01,305,301
41.01,288,290
41.01,306,304
41.02,287,287
41.07,309,308
41.07,288,289
41.07,304,306
41.07,291,290
41.07,307,306
41.07,292,289
41.08,302,305
41.13,299,296
41.13,299,302
41.13,304,299
41.13,298,299
41.13,307,302
41.14,290,294
41.15,312,310
41.21,290,291
41.21,313,314
41.21,291,290
41.21,315,314
41.21,296,293
41.21,313,316
41.21,300,298
41.27,314,315
41.27,305,300
41.27,308,311
41.27,308,305
41.27,302,307
41.27,310,306
41.28,296,300
41.33,317,312
41.33,291,294
41.33,316,315
41.33,293,293
41.33,316,317
41.34,296,294
41.34,315,317
41.4,298,295
41.4,315,316
41.4,302,299
41.4,310,313
41.4,309,305
41.4,310,313
41.41,315,310
41.47,304,308
41.47,322,317
41.47,300,304
41.47,329,325
41.47,303,302
41.47,331,329
41.48,304,304
41.54,328,329
41.54,306,305
41.54,327,328
41.54,311,307
41.54,323,325
41.54,311,309
41.54,318,321
41.6,320,317
41.6,317,320
41.6,327,322
41.6,310,316
41.6,330,326
41.6,306,310
41.61,336,332
41.66,307,306
41.66,332,332
41.66,306,306
41.66,328,330
41.66,312,309
41.66,327,329
41.67,312,311
41.72,323,325
41.72,317,314
41.72,318,321
41.72,323,319
41.72,316,318
41.73,328,322
41.74,307,312
41.79,331,327
41.79,304,304
41.79,331,329
41.79,303,301
41.79,329,329
41.79,302,301
41.8,324,325
41.87,307,304
41.87,323,323
41.87,311,307
41.87,315,317
41.87,316,312
41.87,312,316
41.87,321,317
41.93,309,311
41.93,327,324
41.93,307,308
41.93,333,329
41.93,302,303
41.93,330,330
41.93,304,302
41.99,328,329
41.99,309,307
41.99,326,328
41.99,310,308
41.99,323,325
41.99,314,311
42.0,317,319
42.06,317,314
42.06,310,315
42.06,327,322
42.06,305,310
42.06,330,325
42.06,304,305
42.06,330,329
42.12,302,302
42.12,327,327
42.12,307,304
42.12,324,326
42.12,306,303
42.12,322,324
42.13,308,308
42.2,317,320
42.2,313,310
42.2,309,312
42.2,315,311
42.2,305,306
42.2,322,317
42.2,297,301
42.26,325,321
42.26,298,299
42.26,322,321
42.26,296,296
42.26,321,321
42.26,295,294
42.26,315,317
42.32,303,299
42.32,312,315
42.32,304,299
42.32,307,310
42.32,310,304
42.32,304,305
42.33,313,308
42.38,292,297
42.38,315,309
42.38,287,289
42.38,312,311
42.38,282,282
42.38,308,309
42.39,283,280
42.44,307,307
42.44,290,286
42.44,305,306
42.44,290,288
42.44,300,304
42.45,296,291
42.46,296,300
42.52,300,296
42.52,288,292
42.52,308,302
42.52,282,285
42.52,307,305
42.52,278,280
42.52,308,308
42.59,282,281
42.59,310,310
42.59,287,284
42.59,303,307
42.59,288,286
42.59,303,306
42.59,295,291
42.65,301,302
42.65,300,297
42.65,299,301
42.65,310,305
42.65,295,298
42.65,313,309
42.66,291,292
42.67,316,315
42.68,292,290
42.68,319,318
42.74,292,290
42.74,319,319
42.74,299,296
42.74,316,320
42.74,305,301
42.74,315,317
42.75,308,306
42.8,309,313
42.8,313,307
42.8,301,305
42.8,319,313
42.8,297,303
42.81,326,321
42.81,296,299
42.87,327,326
42.87,298,297
42.87,324,326
42.87,301,299
42.87,323,324
42.87,305,302
42.88,321,322
42.94,308,303
42.94,310,313
42.94,310,305
42.94,305,310
42.94,312,308
42.94,296,301
42.95,318,314
43.01,293,297
43.01,321,319
43.01,292,294
43.01,322,321
43.01,295,292
43.01,320,321
43.01,296,294
43.07,315,317
43.07,300,298
43.07,311,314
43.07,307,302
43.07,305,309
43.07,308,304
43.08,299,302
43.13,315,309
43.13,294,297
43.13,319,314
43.13,291,291
43.13,320,318
43.13,293,292
43.14,319,320
43.19,293,292
43.19,316,317
43.19,298,294
43.19,314,318
43.19,300,297
43.2,312,314
43.21,307,303
43.27,304,308
43.27,313,308
43.27,299,302
43.27,319,314
43.27,296,298
43.27,320,316
43.27,290,291
43.33,316,316
43.33,290,288
43.33,314,314
43.33,289,287
43.33,306,308
43.33,292,288
43.34,303,305
43.4,295,290
43.4,295,299
43.4,296,292
43.4,288,292
43.4,298,296
43.4,285,288
43.4,304,300
43.46,278,281
43.46,304,302
43.46,278,279
43.46,303,302
43.46,281,280
43.46,303,302
43.47,284,283
43.52,297,300
43.52,287,284
43.52,294,296
43.52,287,284
43.52,289,291
43.53,288,284
43.54,285,287
43.6,289,286
43.6,280,283
43.6,293,290
43.6,278,280
43.6,295,294
43.6,283,282
43.6,296,296
43.66,281,282
43.66,298,299
43.66,286,284
43.66,301,300
43.66,288,285
43.66,298,297
43.67,288,286
43.72,295,296
43.72,291,288
43.72,291,293
43.72,295,290
43.72,287,289
43.73,301,296
43.73,284,286
43.79,300,300
43.79,289,288
43.79,303,303
43.79,291,290
43.79,307,306
43.79,292,292
43.8,307,307
43.85,294,293
43.85,306,305
43.85,296,294
43.85,303,304
43.85,305,300
43.85,298,301
43.86,304,302
43.93,294,296
43.93,307,305
43.93,292,294
43.93,307,306
43.93,292,293
43.93,308,308
43.93,292,292
43.99,307,305
43.99,290,289
43.99,301,301
43.99,292,290
43.99,300,302
43.99,294,291
43.99,294,298
44.05,296,294
44.05,291,293
44.05,304,300
44.05,288,289
44.05,301,299
44.05,284,284
44.06,301,299
44.11,285,286
44.11,300,299
44.11,284,284
44.11,300,300
44.11,286,284
44.12,297,297
44.13,290,287
44.18,295,296
44.18,292,289
44.18,289,292
44.18,297,292
44.18,286,288
44.18,298,295
44.19,282,284
44.25,303,300
44.25,284,284
44.25,301,301
44.25,288,286
44.25,302,301
44.25,287,285
44.26,299,299
44.32,288,285
44.32,295,296
44.32,287,285
44.32,289,289
44.32,290,284
44.32,282,285
44.32,291,288
44.38,276,278
44.38,291,289
44.38,273,274
44.38,292,289
44.38,270,272
44.38,285,286
44.39,269,267
44.44,285,284
44.44,269,266
44.44,277,278
44.44,266,263
44.44,270,272
44.44,264,260
44.45,260,263
44.5,266,263
44.5,256,259
44.5,268,265
44.5,257,257
44.5,270,269
44.51,256,255
44.52,273,272
44.58,259,257
44.58,273,274
44.58,256,256
44.58,271,272
44.58,256,256
44.58,266,268
44.58,258,258
44.64,263,265
44.64,265,261
44.64,258,261
44.64,269,265
44.64,254,257
44.65,270,268
44.65,251,252
44.71,270,270
44.71,252,253
44.71,270,268
44.71,252,252
44.71,271,270
44.71,257,257
44.71,272,271
44.77,263,260
44.77,270,273
44.77,268,265
44.77,267,269
44.77,274,271
44.77,266,270
44.78,283,279
44.83,266,268
44.83,285,285
44.83,271,270
44.83,288,288
44.83,271,271
44.84,288,288
44.85,274,272
44.91,286,287
44.91,275,273
44.91,286,285
44.91,278,276
44.91,282,285
44.91,284,279
44.91,281,283
44.97,288,285
44.97,274,276
44.97,289,285
44.97,276,278
44.97,293,292
44.97,278,278
44.98,297,296
45.04,283,282
45.04,299,300
45.04,280,280
45.04,299,299
45.04,288,285
45.04,296,299
45.04,292,289
45.1,292,295
45.1,299,294
45.1,290,292
45.1,302,298
45.1,289,289
45.1,303,302
45.11,288,289
45.16,305,306
45.16,291,291
45.16,309,309
45.16,292,292
45.16,309,307
45.17,294,293
45.17,307,309
45.24,301,298
45.24,307,307
45.24,305,300
45.24,302,305
45.24,310,305
45.24,298,300
45.24,310,308
45.3,294,296
45.3,310,309
45.3,292,293
45.3,310,310
45.3,296,296
45.3,311,310
45.3,295,293
45.36,308,309
45.36,295,293
45.36,303,303
45.36,297,293
45.36,300,302
45.36,300,297
45.37,298,300
45.43,307,305
45.43,297,297
45.43,311,308
45.43,298,298
45.43,310,311
45.43,296,297
45.44,313,313
45.49,298,296
45.49,314,312
45.49,295,296
45.49,310,311
45.49,298,296
45.49,309,310
45.5,303,300
45.55,303,305
45.55,305,302
45.55,296,298
45.55,305,303
45.55,295,295
45.56,306,305
45.57,293,294
45.63,307,307
45.63,292,292
45.63,309,307
45.63,288,288
45.63,304,305
45.63,295,292
45.63,304,305
45.69,299,295
45.69,303,306
45.69,301,297
45.69,301,303
45.69,307,304
45.69,299,301
45.7,308,307
45.75,294,296
45.75,309,308
45.75,294,294
45.75,312,310
45.75,295,295
45.76,310,310
45.76,296,294
45.81,309,309
45.81,296,295
45.81,307,309
45.81,301,297
45.81,301,303
45.82,301,299
45.83,296,299
45.89,306,302
45.89,293,294
45.89,308,306
45.89,293,292
45.89,307,305
45.89,290,290
45.89,305,305
45.96,288,288
45.96,305,303
45.96,288,288
45.96,302,302
45.96,290,288
45.96,296,298
45.96,295,290
46.02,292,293
46.02,292,290
46.02,284,288
46.02,297,295
46.02,285,285
46.02,301,298
46.03,281,282
46.08,296,296
46.08,282,280
46.08,297,297
46.08,280,279
46.08,294,294
46.08,281,278
46.09,289,290
46.14,283,281
46.14,286,290
46.14,288,283
46.14,281,285
46.14,293,288
46.15,281,281
46.16,293,291
46.22,278,279
46.22,295,294
46.22,279,278
46.22,297,296
46.22,278,278
46.22,297,296
46.22,282,279
46.28,297,296
46.28,284,283
46.28,293,293
46.28,290,285
46.28,287,291
46.28,291,287
46.29,285,286
46.34,294,292
46.34,280,282
46.34,293,293
46.34,278,279
46.34,293,292
46.34,274,276
46.35,291,291
46.41,272,273
46.41,288,288
46.41,276,274
46.41,283,286
46.41,277,274
46.41,282,282
46.42,279,278
46.47,278,281
46.47,285,282
46.47,276,278
46.47,288,287
46.47,274,276
46.48,291,290
46.48,275,274
46.55,290,290
46.55,278,275
46.55,290,291
46.55,279,276
46.55,288,289
46.55,279,277
46.55,286,289
46.61,282,277
46.61,282,284
46.61,286,282
46.61,279,281
46.61,291,286
46.61,274,276
46.62,288,286
46.67,271,271
46.67,286,285
46.67,267,269
46.67,285,283
46.67,266,266
46.67,282,285
46.68,269,266
46.73,279,281
46.73,266,264
46.73,273,276
46.73,266,263
46.73,267,268
46.74,272,269
46.75,260,261
46.81,271,268
46.81,258,257
46.81,267,265
46.81,249,249
46.81,262,260
46.81,240,240
46.81,256,255
46.87,237,237
46.87,248,249
46.87,235,231
46.87,243,244
46.87,235,230
46.87,235,238
46.88,235,230
46.94,226,227
46.94,234,231
46.94,218,220
46.94,233,230
46.94,215,217
46.94,231,229
46.94,213,213
47.0,230,230
47.0,213,211
47.0,227,226
47.0,211,210
47.0,223,225
47.0,214,212
47.01,217,220
47.06,218,214
47.06,218,222
47.06,224,221
47.06,217,218
47.06,226,225
47.07,213,214
47.07,230,231
47.14,215,216
47.14,234,233
47.14,220,219
47.14,238,236
47.14,222,221
47.14,238,240
47.14,227,226
47.2,240,242
47.2,237,233
47.2,242,246
47.2,244,241
47.2,243,245
47.2,255,251
47.21,245,247
47.26,260,259
47.26,248,249
47.26,265,264
47.26,256,256
47.26,275,273
47.26,259,259
47.27,279,279
47.33,267,264
47.33,281,283
47.33,272,270
47.33,283,285
47.33,280,277
47.33,282,285
47.34,289,285
47.39,283,286
47.39,297,294
47.39,287,288
47.39,304,302
47.39,288,289
47.39,305,306
47.4,292,292
47.47,311,309
47.47,294,292
47.47,310,310
47.47,298,296
47.47,309,310
47.47,304,300
47.47,307,308
47.53,306,302
47.53,303,307
47.53,310,308
47.53,302,304
47.53,315,313
47.53,302,302
47.53,318,316
47.59,304,303
47.59,318,317
47.59,300,302
47.59,318,318
47.59,305,304
47.59,320,320
47.6,309,306
47.65,317,318
47.65,310,308
47.65,312,315
47.65,318,313
47.65,311,313
47.66,320,317
47.66,306,308
47.72,320,318
47.72,305,305
47.72,323,321
47.72,306,306
47.72,321,322
47.72,306,306
47.73,323,324
47.79,310,306
47.79,319,320
47.79,310,309
47.79,316,319
47.79,314,311
47.79,313,316
47.79,320,315
47.86,307,310
47.86,320,319
47.86,308,309
47.86,323,322
47.86,307,308
47.86,323,321
47.86,305,306
47.92,320,322
47.92,309,307
47.92,321,323
47.92,309,307
47.92,320,322
47.92,313,310
47.93,319,322
47.98,318,315
47.98,315,318
47.98,320,320
47.98,313,314
47.98,326,323
47.98,310,312
47.99,327,325
48.04,309,309
48.04,325,325
48.04,308,308
48.04,323,324
48.04,309,308
48.05,321,323
48.06,314,310
48.11,320,321
48.11,314,312
48.11,318,319
48.11,322,319
48.11,314,314
48.11,321,319
48.12,311,311
48.19,323,321
48.19,307,306
48.19,322,321
48.19,306,305
48.19,322,321
48.19,305,304
48.19,318,318
48.25,302,301
48.25,312,313
48.25,300,298
48.25,306,307
48.25,306,301
48.25,298,302
48.25,308,305
48.31,297,299
48.31,308,305
48.31,297,296
48.31,309,308
48.31,290,292
48.31,305,305
48.32,290,290
48.37,304,305
48.37,292,292
48.37,303,304
48.37,293,290
48.37,298,301
48.38,295,293
48.38,298,299
48.45,299,294
48.45,290,292
48.45,304,300
48.45,290,290
48.45,305,302
48.45,289,289
48.45,304,303
48.51,288,287
48.51,304,302
48.51,285,286
48.51,303,303
48.51,287,286
48.51,298,300
48.52,289,286
48.58,294,297
48.58,293,290
48.58,290,293
48.58,299,295
48.58,291,291
48.58,301,298
48.58,289,289
48.64,303,300
48.64,286,287
48.64,301,302
48.64,288,287
48.64,303,302
48.64,287,286
48.65,302,301
48.7,293,289
48.7,301,301
48.7,292,290
48.7,294,296
48.7,297,293
48.7,287,290
48.71,298,296
48.78,288,288
48.78,300,299
48.78,287,288
48.78,304,303
48.78,290,288
48.78,303,303
48.78,290,290
48.84,304,304
48.84,290,289
48.84,300,303
48.84,292,291
48.84,300,304
48.84,300,298
48.84,301,303
48.9,305,301
48.9,295,297
48.9,309,306
48.9,297,299
48.9,313,310
48.9,297,298
48.91,313,313
48.96,296,297
48.96,316,313
48.96,298,298
48.96,315,314
48.96,302,299
48.97,311,313
48.97,306,302
49.03,306,308
49.03,307,304
49.03,303,306
49.03,311,307
49.03,299,300
49.03,314,312
49.04,298,298
49.1,310,310
49.1,294,296
49.1,310,311
49.1,296,294
49.1,308,309
49.1,296,293
49.11,307,308
49.17,295,293
49.17,305,306
49.17,304,299
49.17,299,302
49.17,307,303
49.17,298,301
49.17,310,306
49.23,298,298
49.23,313,310
49.23,298,297
49.23,314,314
49.23,298,297
49.23,315,315
49.24,298,299
49.29,313,314
49.29,300,298
49.29,311,312
49.29,302,300
49.29,306,308
49.29,305,301
49.3,300,304
49.36,311,307
49.36,299,301
49.36,310,308
49.36,297,296
49.36,312,309
49.36,293,293
49.37,312,311
49.42,292,292
49.42,308,309
49.42,298,296
49.42,311,310
49.42,302,297
49.43,309,310
49.43,305,301
49.49,305,307
49.5,306,304
49.5,301,303
49.5,312,309
49.5,298,301
49.5,314,313
49.5,299,300
49.56,314,315
49.56,299,299
49.56,315,315
49.56,303,302
49.56,319,318
49.56,304,302
49.56,315,317
49.62,308,304
49.62,313,315
49.62,310,307
49.62,307,310
49.62,316,313
49.62,306,307
49.63,316,315
49.68,306,305
49.68,320,318
49.68,303,303
49.68,321,320
49.68,305,305
49.69,321,322
49.7,306,306
49.76,321,323
49.76,310,310
49.76,319,321
49.76,314,312
49.76,318,319
49.76,317,315
49.76,311,313
49.82,324,321
49.82,310,312
49.82,326,323
49.82,311,310
49.82,326,325
49.82,310,311
49.83,327,326
49.89,311,310
49.89,328,327
49.89,313,310
49.89,322,324
49.89,314,310
49.89,319,321
49.89,315,313
49.95,313,314
49.95,321,317
49.95,310,312
49.95,323,321
49.95,308,310
49.95,324,323
49.96,307,306
50.01,321,321
50.01,305,305
50.01,321,319
50.01,302,301
50.01,316,317
50.01,303,300
50.02,307,309
50.09,298,297
50.09,300,304
50.09,304,299
50.09,296,299
50.09,305,302
50.09,291,293
50.09,304,304
50.15,290,291
50.15,304,304
50.15,286,288
50.15,305,304
50.15,287,287
50.15,305,304
50.15,291,290
50.21,300,301
50.21,292,289
50.21,298,302
50.21,297,293
50.21,295,299
50.21,300,297
50.22,293,296
50.23,303,301
50.24,288,291
50.25,302,303
50.31,290,290
50.31,307,305
50.31,289,290
50.31,304,305
50.31,291,288
50.31,305,306
50.31,290,289
50.37,303,303
50.37,290,289
50.37,297,299
50.37,296,294
50.37,295,296
50.37,302,299
50.38,291,292
50.44,304,303
50.44,289,290
50.44,305,304
50.44,291,290
50.44,309,307
50.44,292,292
50.45,309,309
50.5,293,292
50.5,307,308
50.5,300,297
50.5,310,310
50.5,305,303
50.5,305,308
50.51,310,307
50.58,302,305
50.58,314,312
50.58,300,302
50.58,318,316
50.58,304,304
50.58,320,320
50.58,306,304
50.64,318,319
50.64,304,302
50.64,318,316
50.64,304,301
50.64,317,317
50.64,306,303
50.64,310,313
50.7,309,306
50.7,305,308
50.7,312,309
50.7,304,305
50.7,316,314
50.7,301,303
50.71,317,316
50.76,301,301
50.76,319,317
50.76,303,300
50.76,317,316
50.76,302,302
50.76,313,314
50.77,300,300
50.83,313,313
50.83,302,300
50.83,306,309
50.83,308,305
50.83,301,304
50.83,314,309
50.84,298,301
50.9,317,314
50.9,298,299
50.9,314,314
50.9,299,298
50.9,312,313
50.9,298,297
50.9,312,311
50.96,295,294
50.96,309,308
50.96,296,295
50.96,305,307
50.96,303,299
50.96,300,304
50.97,307,303
51.03,294,297
51.03,307,306
51.03,296,297
51.03,308,308
51.03,294,294
51.03,308,308
51.03,292,292
51.09,309,308
51.09,297,295
51.09,308,309
51.09,297,294
51.09,305,307
51.09,297,295
51.1,301,306
51.15,306,302
51.15,302,304
51.15,312,309
51.15,299,301
51.15,317,315
51.16,302,304
51.17,318,318
51.23,304,302
51.23,319,319
51.23,302,303
51.23,320,320
51.23,305,304
51.23,318,319
51.23,308,305
51.29,312,316
51.29,310,308
51.29,314,314
51.29,316,312
51.29,309,310
51.29,320,316
51.3,306,308
51.35,322,320
51.35,306,304
51.35,319,319
51.35,305,303
51.35,319,319
51.35,304,302
51.36,317,318
51.42,305,303
51.42,316,318
51.42,308,306
51.42,315,317
51.42,315,309
51.42,308,312
51.43,319,316
51.48,309,312
51.48,322,320
51.48,307,306
51.48,322,322
51.48,305,305
51.49,323,320
51.49,304,305
51.56,322,321
51.56,306,305
51.56,318,319
51.56,308,307
51.56,319,320
51.56,313,308
51.56,315,317
51.62,320,316
51.62,308,311
51.62,322,317
51.62,307,308
51.62,321,319
51.62,304,304
51.62,320,321
51.68,305,304
51.68,320,320
51.68,303,303
51.68,317,318
51.68,304,303
51.68,317,318
51.69,307,303
51.74,312,315
51.74,310,307
51.74,309,311
51.74,314,310
51.74,305,306
51.75,319,315
51.76,302,304
51.81,318,317
51.81,298,299
51.81,316,315
51.81,297,298
51.81,312,312
51.81,297,296
51.82,310,311
51.88,298,296
51.88,309,310
51.88,300,298
51.88,304,305
51.88,305,301
51.88,297,299
51.89,306,303
51.95,292,294
51.95,304,303
51.95,292,291
51.95,307,304
51.95,286,287
51.95,301,302
51.95,284,284
52.01,301,300
52.01,286,286
52.01,299,300
52.01,288,286
52.01,294,297
52.01,291,287
52.02,290,295
52.07,297,291
52.07,286,287
52.07,299,294
52.07,282,283
52.07,298,296
52.08,281,282
52.08,298,297
52.13,283,282
52.13,299,300
52.13,284,282
52.13,298,299
52.13,286,284
52.14,296,297
52.15,290,287
52.21,295,296
52.21,293,288
52.21,289,293
52.21,298,295
52.21,285,288
52.21,301,299
52.21,288,288
52.28,303,301
52.28,286,287
52.28,303,304
52.28,290,288
52.28,306,305
52.28,293,292
52.28,305,306
52.34,293,292
52.34,302,305
52.34,301,297
52.34,299,302
52.34,305,301
52.34,296,298
52.35,306,303
52.4,292,293
52.4,307,305
52.4,292,294
52.4,307,307
52.4,290,290
52.4,308,308
52.41,292,292
52.47,309,310
52.47,294,293
52.47,305,306
52.47,298,294
52.47,299,302
52.47,299,295
52.48,295,299
52.53,304,299
52.53,293,294
52.53,305,303
52.53,291,290
52.53,302,303
52.53,286,288
52.54,304,302
52.61,283,284
52.61,301,302
52.61,288,286
52.61,295,296
52.61,283,280
52.61,293,293
52.61,281,278
52.67,282,286
52.67,286,283
52.67,277,280
52.67,286,284
52.67,271,274
52.67,288,287
52.67,273,272
52.73,290,288
52.73,271,271
52.73,290,290
52.73,273,272
52.73,287,288
52.73,274,272
52.74,286,288
52.8,276,274
52.8,285,286
52.8,280,278
52.8,279,281
52.8,285,281
52.8,276,279
52.8,291,287
52.86,272,273
52.86,289,287
52.86,273,272
52.86,287,287
52.86,272,270
52.86,287,286
52.87,272,270
52.92,285,285
52.92,272,269
52.92,281,282
52.92,275,273
52.92,277,279
52.93,277,273
52.94,272,276
53.0,282,280
53.0,271,274
53.0,288,286
53.0,273,272
53.0,287,287
53.0,270,270
53.0,287,286
53.06,270,270
53.06,286,287
53.06,268,269
53.06,286,285
53.06,270,270
53.06,281,283
53.07,276,273
53.12,276,279
53.12,281,277
53.12,272,275
53.12,284,283
53.12,272,272
53.12,288,285
53.13,270,271
53.18,286,285
53.18,266,267
53.18,284,285
53.18,271,269
53.18,283,285
53.19,272,270
53.2,283,283
53.26,275,271
53.26,280,282
53.26,277,275
53.26,275,277
53.26,283,279
53.26,271,273
53.26,284,282
53.32,271,271
53.32,287,285
53.32,268,269
53.32,284,284
53.33,270,269
53.33,287,287
53.33,270,269
53.39,283,285
53.39,270,270
53.39,281,282
53.39,276,273
53.39,278,281
53.39,283,278
53.39,276,280
53.45,287,284
53.45,275,277
53.45,294,291
53.45,274,276
53.45,292,292
53.45,276,277
53.46,292,292
53.51,276,276
53.51,294,294
53.51,280,277
53.51,288,290
53.51,283,280
53.52,291,293
53.53,288,285
53.59,288,292
53.59,297,293
53.59,287,290
53.59,301,299
53.59,288,289
53.59,302,303
53.59,290,290
53.65,307,305
53.65,291,288
53.65,304,304
53.65,288,288
53.65,305,303
53.65,291,287
53.66,299,302
53.71,293,289
53.71,295,297
53.71,295,292
53.71,290,293
53.71,299,295
53.71,287,288
53.72,301,298
53.78,283,282
53.78,298,298
53.78,283,284
53.78,299,299
53.78,283,283
53.78,298,300
53.79,285,282
53.84,298,299
53.84,287,285
53.84,293,296
53.84,289,287
53.84,290,294
53.84,295,292
53.85,286,291
53.9,300,298
53.9,286,286
53.9,301,299
53.9,286,287
53.9,305,305
53.91,291,291
53.92,310,309
53.98,293,293
53.98,310,309
53.98,298,295
53.98,308,311
53.98,302,300
53.98,307,308
53.98,308,302
54.04,304,307
54.04,312,307
54.04,301,302
54.04,311,311
54.04,297,296
54.04,313,309
54.05,298,296
54.11,310,310
54.11,293,295
54.11,310,312
54.11,292,292
54.11,304,307
54.11,297,293
54.12,304,305
54.17,296,293
54.17,299,301
54.17,300,296
54.17,292,294
54.17,301,299
54.17,290,290
54.18,304,301
54.23,287,288
54.23,304,302
54.23,290,289
54.23,304,304
54.23,290,288
54.24,305,305
54.25,290,289
54.31,304,304
54.31,292,291
54.31,298,302
54.31,299,297
54.31,298,302
54.31,306,304
54.31,298,301
54.37,310,308
54.37,296,296
54.37,313,312
54.37,297,297
54.37,314,312
54.37,296,297
54.38,313,313
54.43,299,297
54.43,313,312
54.43,301,300
54.43,315,317
54.43,310,306
54.43,315,317
54.44,318,316
54.49,316,319
54.49,328,326
54.49,318,319
54.49,332,331
54.49,320,322
54.5,337,336
54.51,322,323
54.57,343,342
54.57,326,327
54.57,343,344
54.57,331,328
54.57,342,345
54.57,334,332
54.57,345,346
54.63,343,339
54.63,340,343
54.63,348,343
54.63,340,343
54.63,352,349
54.63,338,340
54.64,352,351
54.7,336,337
54.7,355,353
54.7,338,338
54.7,357,356
54.7,341,341
54.7,355,356
54.7,340,338
54.76,353,354
54.76,344,341
54.76,348,350
54.76,351,347
54.76,343,346
54.76,352,348
54.77,340,342
54.82,352,349
54.82,335,337
54.82,352,350
54.82,336,337
54.82,353,352
54.83,336,336
54.84,351,351
54.9,335,334
54.9,350,350
54.9,339,336
54.9,347,348
54.9,341,339
54.9,342,345
54.9,344,342
54.96,340,341
54.96,347,344
54.96,335,334
54.96,348,346
54.96,333,333
54.96,347,346
54.97,330,331
55.02,345,345
55.02,326,325
55.02,343,342
55.02,328,326
55.02,339,340
55.02,328,327
55.03,334,337
55.08,332,330
55.08,329,331
55.08,335,330
55.08,324,326
55.08,336,333
55.09,321,320
55.1,333,332
55.15,321,319
55.15,335,334
55.15,317,317
55.15,332,334
55.15,316,315
55.16,331,331
55.16,317,313
55.23,324,327
55.23,318,315
55.23,320,322
55.23,318,315
55.23,313,317
55.23,321,319
55.23,311,312
55.29,326,323
55.29,306,307
55.29,322,321
55.29,305,304
55.29,322,321
55.29,305,303
55.29,319,318
55.35,303,303
55.35,316,318
55.35,304,303
55.35,311,314
55.35,308,305
55.35,304,308
55.36,311,306
55.41,299,301
55.41,312,308
55.41,295,297
55.41,310,309
55.41,295,294
55.42,310,310
55.43,293,292
55.49,309,308
55.49,291,290
55.49,304,305
55.49,293,290
55.49,305,308
55.49,298,294
55.49,299,300
55.55,299,296
55.55,296,300
55.55,306,302
55.55,294,295
55.55,307,304
55.55,292,292
55.56,308,307
55.62,293,292
55.62,308,307
55.62,291,290
55.62,307,307
55.62,294,291
55.62,307,307
55.62,294,291
55.68,304,305
55.68,298,296
55.68,302,303
55.68,302,299
55.68,295,297
55.68,308,303
55.69,296,295
55.74,308,307
55.74,292,291
55.74,307,307
55.74,290,291
55.74,307,306
55.75,295,293
55.75,308,308
55.8,293,292
55.8,304,307
55.8,295,292
55.8,298,303
55.8,298,295
55.81,298,300
55.82,302,300
55.88,293,295
55.88,305,304
55.88,294,293
55.88,307,307
55.88,292,294
55.88,312,310
55.88,293,293
55.95,309,309
55.95,294,292
55.95,307,308
55.95,294,291
55.95,303,304
55.95,297,292
55.95,299,303
56.01,300,297
56.01,292,295
56.01,301,298
56.01,289,290
56.01,302,299
56.01,286,287
56.02,301,302
56.07,287,287
56.07,301,300
56.07,284,285
56.07,301,301
56.07,285,283
56.07,297,298
56.08,287,284
56.13,292,295
56.13,290,287
56.13,291,292
56.13,296,291
56.13,286,287
56.14,296,295
56.15,283,284
56.21,297,297
56.21,281,282
56.21,298,297
56.21,281,281
56.21,299,298
56.21,285,284
56.21,299,298
56.27,284,283
56.27,295,297
56.27,289,285
56.27,293,295
56.27,294,291
56.27,288,292
56.28,297,294
56.33,290,290
56.33,300,299
56.33,287,288
56.33,305,303
56.33,289,288
56.33,304,303
56.34,289,288
56.4,304,304
56.4,291,290
56.4,304,303
56.4,293,291
56.4,299,302
56.4,296,294
56.41,297,301
56.47,304,299
56.47,294,296
56.47,304,302
56.47,293,294
56.47,310,307
56.47,297,296
56.47,312,310
56.54,293,294
56.54,311,309
56.54,296,294
56.54,310,309
56.54,295,293
56.54,308,310
56.54,296,295
56.6,302,304
56.6,299,297
56.6,298,300
56.6,307,302
56.6,295,297
56.6,307,304
56.61,292,294
56.66,308,307
56.66,294,292
56.66,306,307
56.66,291,290
56.66,307,306
56.66,294,292
56.67,306,305
56.72,294,290
56.72,300,302
56.72,295,291
56.72,296,298
56.72,299,293
56.73,289,292
56.74,299,295
56.8,288,288
56.8,303,299
56.8,285,285
56.8,301,299
56.8,282,283
56.8,300,299
56.8,283,283
56.86,297,298
56.86,283,283
56.86,293,295
56.86,282,281
56.86,291,292
56.86,290,284
56.87,287,289
56.93,291,287
56.93,283,284
56.93,292,290
56.93,278,279
56.93,294,294
56.93,278,279
56.93,296,294
56.99,280,278
56.99,297,295
56.99,281,280
56.99,298,298
56.99,283,282
56.99,294,296
57.0,285,284
57.05,289,292
57.05,291,288
57.05,286,289
57.05,296,291
57.05,284,286
57.06,297,296
57.06,284,285
57.11,299,297
57.11,283,282
57.11,298,297
57.11,283,282
57.11,302,301
57.12,288,285
57.13,299,300
57.19,290,289
57.19,299,300
57.19,294,290
57.19,295,296
57.19,298,294
57.19,291,294
57.19,305,301
57.25,291,292
57.25,304,304
57.25,289,289
57.26,304,302
57.26,286,287
57.26,305,303
57.26,287,287
57.32,303,304
57.32,289,288
57.32,300,301
57.32,291,288
57.32,296,299
57.32,296,292
57.33,290,294
57.38,300,296
57.38,287,289
57.38,302,299
57.38,286,286
57.38,300,301
57.38,285,286
57.39,302,302
57.44,287,286
57.44,303,303
57.44,289,288
57.44,303,304
57.44,293,292
57.45,304,305
57.46,299,295
57.52,300,302
57.52,305,301
57.52,297,301
57.52,310,307
57.52,296,299
57.52,310,307
57.52,296,296
57.58,312,309
57.58,296,295
57.58,314,312
57.58,299,299
57.58,317,316
57.58,302,302
57.59,317,317
57.65,304,301
57.65,313,314
57.65,313,308
57.65,312,314
57.65,316,313
57.65,307,308
57.66,319,318
57.67,304,306
57.67,319,317
57.68,303,304
57.74,321,321
57.74,304,304
57.74,322,320
57.74,303,304
57.74,320,322
57.74,310,309
57.75,318,321
57.8,314,312
57.8,316,321
57.8,318,314
57.8,313,314
57.8,320,318
57.81,306,309
57.81,321,319
57.88,309,308
57.88,322,321
57.88,307,305
57.88,322,320
57.88,307,306
57.88,321,322
57.88,307,305
57.94,319,321
57.94,313,309
57.94,317,318
57.94,315,311
57.94,313,316
57.94,320,316
57.94,312,313
58.0,321,319
58.0,307,308
58.0,322,321
58.0,307,308
58.0,322,323
58.0,306,306
58.01,324,323
58.06,309,309
58.06,323,323
58.06,311,309
58.06,327,327
58.06,318,315
58.07,320,323
58.08,322,319
58.14,318,321
58.14,323,320
58.14,315,315
58.14,327,324
58.14,313,312
58.14,327,326
58.14,312,313
58.2,331,331
58.2,312,311
58.2,327,326
58.2,310,310
58.2,321,322
58.2,313,310
58.21,320,322
58.27,317,313
58.27,316,320
58.27,320,317
58.27,310,314
58.27,321,319
58.27,308,311
58.27,327,325
58.33,308,309
58.33,324,322
58.33,306,305
58.33,321,320
58.33,304,302
58.33,318,319
58.34,305,303
58.39,316,316
58.39,307,302
58.39,311,313
58.39,308,304
58.39,303,307
58.4,309,305
58.4,301,302
58.47,311,309
58.47,295,296
58.47,312,311
58.47,297,296
58.47,311,311
58.47,294,294
58.47,311,312
58.53,297,296
58.53,310,311
58.53,298,297
58.53,310,311
58.53,304,299
58.53,306,309
58.53,306,303
58.59,300,302
58.59,309,305
58.59,296,298
58.59,309,307
58.59,296,295
58.59,311,310
58.6,295,294
58.65,311,312
58.65,295,294
58.65,306,308
58.65,293,291
58.65,304,306
58.66,297,294
58.67,303,304
58.72,297,294
58.72,296,299
58.72,300,297
58.72,290,293
58.72,302,299
58.72,290,290
58.73,304,304
58.8,286,287
58.8,303,303
58.8,286,286
58.8,301,300
58.8,286,284
58.8,299,299
58.8,287,285
58.86,297,297
58.86,291,289
58.86,291,293
58.86,293,289
58.86,288,292
58.86,294,291
58.86,282,284
58.92,296,295
58.92,281,282
58.92,296,296
58.92,283,282
58.92,298,297
58.92,283,282
58.93,299,297
58.98,283,281
58.98,297,298
58.98,285,283
58.98,296,298
58.98,293,288
58.98,292,296
58.99,299,296
59.05,292,294
59.05,305,302
59.05,291,292
59.05,308,306
59.05,291,293
59.05,310,309
59.06,293,295
59.11,314,314
59.11,298,297
59.11,314,314
59.11,299,298
59.11,313,314
59.12,305,302
59.12,308,312
59.19,310,307
59.19,305,307
59.19,313,310
59.19,305,307
59.19,317,315
59.19,302,304
59.19,316,316
59.25,303,302
59.25,319,317
59.25,300,300
59.25,317,316
59.25,301,301
59.25,315,317
59.26,302,300
59.31,312,314
59.31,306,303
59.31,309,312
59.31,315,311
59.31,305,307
59.31,318,314
59.32,302,304
59.38,319,317
59.38,300,302
59.38,320,317
59.38,299,300
59.38,317,316
59.38,300,299
59.39,313,315
59.44,301,298
59.44,310,312
59.44,304,301
59.44,309,311
59.44,306,302
59.44,304,306
59.45,310,305
59.5,298,301
59.5,315,311
59.5,297,297
59.5,312,312
59.5,299,297
59.51,313,313
59.52,292,293
59.58,312,313
59.58,295,296
59.58,310,312
59.58,299,295
59.58,309,310
59.58,305,300
59.58,305,306
59.64,307,303
59.64,300,303
59.64,311,307
59.64,298,299
59.64,313,310
59.64,296,297
59.65,312,310
59.7,294,295
59.7,312,311
59.7,296,294
59.7,311,310
59.7,294,293
59.71,305,306
59.71,293,292
59.77,301,303
59.77,297,292
59.77,295,299
59.77,302,298
59.77,292,295
59.77,306,303
59.78,290,292
59.84,307,303
59.84,290,289
59.84,305,303
59.84,289,289
59.84,305,305
59.84,288,286
59.84,303,303
59.91,291,287
59.91,298,301
59.91,293,290
59.91,298,298
59.91,297,293
59.91,293,294
59.91,301,297
59.97,286,290
59.97,303,300
59.97,287,287
59.97,305,303
59.97,287,288
59.97,304,303
59.98,288,288
60.03,303,304
60.03,288,285
60.03,299,299
60.03,288,285
60.03,299,300
60.03,295,291
60.04,292,295
60.09,295,292
60.09,288,289
60.09,298,295
60.09,282,284
60.09,299,297
60.1,284,285
60.11,300,300
60.17,284,285
60.17,304,303
60.17,286,287
60.17,302,304
60.17,291,288
60.17,298,302
60.17,290,288
60.23,295,296
60.23,295,292
60.23,291,293
60.23,300,295
60.23,289,289
60.23,301,300
60.24,290,290
60.29,305,304
60.29,288,288
60.29,303,303
60.29,288,288
60.29,305,303
60.3,286,286
60.3,301,302
60.36,293,290
60.36,300,302
60.36,295,293
60.36,296,300
60.36,300,298
60.36,293,297
60.37,304,302
60.42,290,292
60.42,304,305
60.42,290,290
60.42,306,306
60.42,289,289
60.43,305,306
60.43,291,292
60.5,308,308
60.5,292,290
60.5,307,307
60.5,295,294
60.5,301,304
60.5,302,298
60.5,301,303
60.56,309,305
60.56,296,298
60.56,309,307
60.56,293,295
60.56,313,311
60.56,297,297
60.57,314,313
60.62,298,298
60.62,316,316
60.62,301,300
60.62,313,314
60.62,302,301
60.63,314,317
60.63,308,306
60.69,311,313
60.69,313,308
60.69,304,308
60.69,317,313
60.69,302,304
60.69,316,315
60.7,302,301
60.75,317,316
60.75,301,300
60.75,317,316
60.75,303,301
60.75,314,316
60.75,301,299
60.76,315,315
60.81,302,300
60.81,310,313
60.81,306,303
60.81,302,306
60.81,308,305
60.82,303,305
60.83,317,313
60.89,301,303
60.89,320,318
60.89,303,302
60.89,320,320
60.89,304,303
60.89,319,319
60.89,304,303
60.95,319,318
60.95,306,303
60.95,315,316
60.95,308,305
60.95,309,311
60.95,310,306
60.96,302,306
61.01,313,309
61.01,300,302
61.01,314,312
61.01,299,299
61.01,314,312
61.02,297,296
61.02,313,312
61.08,297,295
61.08,309,309
61.08,296,294
61.08,310,311
61.08,298,296
61.08,306,307
61.09,302,299
61.15,300,303
61.15,304,301
61.15,292,296
61.15,306,304
61.15,294,296
61.15,308,307
61.16,295,295
61.22,313,311
61.22,295,294
61.22,313,313
61.22,297,297
61.22,313,314
61.22,301,299
61.22,314,314
61.28,303,302
61.28,309,311
61.28,310,306
61.28,302,307
61.28,315,310
61.28,298,301
61.29,312,310
61.34,296,297
61.34,313,313
61.34,295,295
61.34,312,311
61.34,296,296
61.34,314,312
61.35,294,294
61.4,311,311
61.4,299,296
61.4,306,308
61.4,300,298
61.4,300,304
61.41,304,301
61.42,300,302
61.48,313,310
61.48,299,299
61.48,313,310
61.48,296,296
61.48,311,312
61.48,292,293
61.48,308,308
61.54,295,293
61.54,309,309
61.54,293,292
61.54,305,307
61.54,297,293
61.54,299,302
61.55,300,297
61.6,295,299
61.6,301,298
61.6,288,292
61.6,305,301
61.6,288,289
61.61,304,303
61.61,287,287
61.67,303,301
61.67,284,283
61.67,300,301
61.67,288,286
61.67,301,302
61.67,287,285
61.68,295,296
61.75,290,288
61.75,295,297
61.75,296,293
61.75,288,291
61.75,300,297
61.75,286,288
61.75,300,299
61.81,285,286
61.81,304,302
61.81,286,286
61.81,303,301
61.81,285,284
61.81,300,301
61.81,287,285
61.87,301,302
61.87,291,287
61.87,293,295
61.87,290,287
61.87,288,290
61.87,293,289
61.88,285,286
61.94,292,290
61.94,276,278
61.94,294,292
61.94,276,276
61.94,293,291
61.94,273,271
61.94,290,289
62.0,272,272
62.0,284,285
62.0,269,267
62.0,279,279
62.0,272,269
62.0,274,278
62.01,274,270
62.06,266,269
62.06,274,272
62.06,263,264
62.06,276,276
62.06,263,261
62.06,275,274
62.07,260,261
62.12,276,277
62.12,262,260
62.12,276,277
62.12,263,263
62.12,278,280
62.13,265,263
62.14,274,277
62.2,272,269
62.2,271,274
62.2,275,271
62.2,267,268
62.2,279,277
62.2,263,265
62.2,281,280
62.26,265,265
62.26,282,282
62.26,268,268
62.26,286,286
62.26,271,271
62.26,290,290
62.27,277,274
62.32,286,287
62.32,277,273
62.32,280,284
62.32,281,277
62.32,277,280
62.33,285,281
62.34,273,274
62.39,289,288
62.39,276,277
62.39,292,292
62.39,274,275
62.39,291,291
62.39,273,274
62.4,292,292
62.46,277,275
62.46,291,291
62.46,279,277
62.46,286,289
62.46,284,281
62.46,289,291
62.47,294,291
62.53,285,288
62.53,299,295
62.53,283,284
62.53,299,296
62.53,281,281
62.53,298,296
62.53,280,280
62.59,298,298
62.59,280,280
62.59,297,298
62.59,284,286
62.59,298,302
62.59,291,287
62.6,297,299
62.65,299,294
62.65,293,296
62.65,300,296
62.65,291,292
62.65,303,303
62.65,290,292
62.66,304,304
62.73,288,286
62.73,301,301
62.73,284,284
62.73,302,304
62.73,289,288
62.73,302,304
62.73,290,288
62.79,299,300
62.79,291,288
62.79,290,293
62.79,293,289
62.79,287,289
62.79,298,294
62.79,283,284
62.85,297,295
62.85,281,281
62.85,298,298
62.85,285,284
62.85,302,302
62.85,284,284
62.86,304,302
62.91,288,287
62.91,304,306
62.91,296,293
62.91,300,303
62.91,301,296
62.92,296,300
62.93,304,302
62.98,300,300
62.98,310,309
62.98,299,299
62.98,314,313
62.98,298,298
62.98,315,314
62.99,297,297
63.06,315,314
63.06,296,296
63.06,313,313
63.06,304,303
63.06,316,317
63.06,310,307
63.06,315,316
63.12,316,312
63.12,309,312
63.12,318,316
63.12,307,307
63.12,324,321
63.12,308,308
63.12,325,323
63.18,308,308
63.18,328,327
63.18,311,311
63.18,326,328
63.18,314,313
63.18,326,328
63.19,315,313
63.24,326,327
63.24,321,317
63.24,318,321
63.24,326,322
63.24,315,318
63.24,328,325
63.25,312,312
63.3,324,325
63.3,309,309
63.3,328,328
63.3,313,312
63.3,328,326
63.31,311,309
63.32,326,326
63.38,311,310
63.38,321,324
63.38,314,311
63.38,318,320
63.38,316,313
63.38,310,315
63.38,324,321
63.44,310,312
63.44,323,321
63.44,305,307
63.44,323,322
63.44,304,304
63.44,321,321
63.45,302,302
63.51,318,318
63.51,302,302
63.51,317,317
63.51,304,300
63.51,310,312
63.51,304,301
63.51,305,308
63.57,308,305
63.57,301,303
63.57,312,309
63.57,297,297
63.57,311,308
63.57,294,293
63.58,306,307
63.63,290,290
63.63,306,307
63.63,288,288
63.63,305,305
63.63,288,286
63.64,301,302
63.65,291,287
63.71,297,300
63.71,295,291
63.71,293,295
63.71,306,301
63.71,293,295
63.71,309,307
63.71,296,296
63.77,311,311
63.77,296,297
63.77,316,316
63.77,300,301
63.77,316,315
63.77,300,299
63.78,315,316
63.83,302,299
63.83,311,312
63.83,305,302
63.83,303,307
63.83,309,303
63.83,303,305
63.84,315,312
63.9,300,302
63.9,315,314
63.9,297,298
63.9,318,315
63.9,302,300
63.9,316,316
63.91,299,299
63.96,314,315
63.96,298,297
63.96,308,310
63.96,300,298
63.96,305,308
63.97,306,302
63.97,303,307
64.04,313,308
64.04,302,303
64.04,315,311
64.04,297,298
64.04,317,316
64.04,300,300
64.04,316,316
64.1,299,298
64.1,317,316
64.1,299,297
64.1,313,313
64.1,300,298
64.1,310,311
64.1,305,300
64.16,304,306
64.16,305,300
64.16,295,299
64.16,309,304
64.16,294,297
64.16,309,308
64.17,293,292
64.22,306,305
64.22,286,287
64.22,307,306
64.22,291,290
64.22,304,305
64.23,288,288
64.24,303,305
64.29,293,290
64.29,299,300
64.29,299,294
64.29,292,296
64.29,297,292
64.29,287,289
64.3,299,294
64.36,282,284
64.36,296,297
64.36,283,282
64.36,297,297
64.36,281,282
64.36,297,297
64.37,279,280
64.43,296,297
64.43,279,279
64.43,294,294
64.43,284,282
64.43,291,294
64.43,290,287
64.43,288,290
64.49,295,293
64.49,285,286
64.49,301,298
64.49,282,283
64.49,300,300
64.49,282,282
64.5,302,301
64.55,286,284
64.55,300,300
64.55,284,284
64.55,297,299
64.55,289,285
64.56,296,299
64.56,293,289
64.62,293,294
64.62,296,293
64.62,286,290
64.62,303,299
64.62,285,287
64.62,304,302
64.63,287,286
64.69,305,303
64.69,288,288
64.69,303,303
64.69,288,287
64.69,303,303
64.69,290,288
64.69,302,305
64.76,294,292
64.76,298,302
64.76,300,296
64.76,297,299
64.76,308,304
64.76,297,299
64.76,312,310
64.82,298,299
64.82,314,314
64.82,297,298
64.82,317,318
64.82,301,301
64.82,319,318
64.83,302,302
64.88,320,320
64.88,309,306
64.88,319,321
64.88,317,312
64.88,315,318
64.88,318,314
64.89,313,317
64.94,324,321
64.94,313,314
64.94,329,327
64.94,311,312
64.94,331,329
64.95,313,313
64.96,332,331
65.02,314,313
65.02,328,330
65.02,314,313
65.02,330,331
65.02,322,319
65.02,329,331
65.02,328,324
65.08,325,328
65.08,333,329
65.08,321,324
65.08,338,334
65.08,320,323
65.08,339,336
65.09,321,321
65.1,336,336
65.11,318,317
65.12,334,333
65.18,315,313
65.18,329,330
65.18,315,313
65.18,323,326
65.18,319,316
65.18,321,323
65.18,322,318
65.24,317,319
65.24,327,324
65.24,313,316
65.24,330,327
65.24,311,310
65.24,328,328
65.25,309,310
65.3,327,328
65.3,308,308
65.3,323,323
65.3,308,307
65.3,321,323
65.3,312,309
65.31,317,317
65.37,310,307
65.37,309,312
65.37,315,311
65.37,304,305
65.37,317,313
65.37,302,302
65.38,318,317
65.44,299,300
65.44,315,314
65.44,296,294
65.44,311,310
65.44,295,294
65.44,309,309
65.44,294,292
65.51,302,305
65.51,296,292
65.51,301,303
65.51,304,299
65.51,296,297
65.51,302,299
65.51,289,290
65.57,302,300
65.57,286,287
65.57,302,300
65.57,284,284
65.57,300,300
65.57,283,283
65.58,299,298
65.64,283,282
65.64,297,299
65.64,286,286
65.64,298,301
65.64,290,289
65.64,292,295
65.64,295,293
65.7,288,291
65.7,300,297
65.7,289,290
65.7,304,304
65.7,291,291
65.7,308,308
65.71,295,296
65.76,312,313
65.76,295,295
65.76,312,312
65.76,298,298
65.76,312,314
65.76,303,301
65.77,307,310
65.82,306,303
65.82,301,306
65.82,311,306
65.82,302,303
65.82,314,309
65.83,296,296
65.84,311,310
65.9,292,293
65.9,310,309
65.9,294,293
65.9,305,305
65.9,289,290
65.9,302,304
65.9,288,287
65.96,298,300
65.96,292,290
65.96,294,298
65.96,299,296
65.96,291,293
65.96,300,297
65.97,287,289
66.02,303,302
66.02,288,287
66.02,305,303
66.02,286,285
66.02,304,303
66.03,288,287
66.03,304,303
66.09,288,287
66.09,300,301
66.09,289,286
66.09,296,298
66.09,294,290
66.09,291,294
66.1,298,295
66.17,289,293
66.17,305,303
66.17,291,291
66.17,307,305
66.17,293,291
66.17,310,308
66.17,291,292
66.23,309,309
66.23,292,292
66.23,307,307
66.23,298,295
66.23,306,309
66.23,299,296
66.23,306,307
66.29,306,302
66.29,301,304
66.29,312,308
66.29,297,299
66.29,310,310
66.29,296,297
66.3,314,313
66.35,296,296
66.35,313,311
66.35,297,295
66.35,312,313
66.35,298,296
66.35,311,312
66.36,301,299
66.41,308,312
66.41,306,302
66.41,305,308
66.42,309,304
66.42,299,301
66.42,313,309
66.43,299,300
66.48,314,313
66.48,295,296
66.48,315,314
66.48,297,297
66.48,315,314
66.48,297,298
66.49,315,315
66.56,303,300
66.56,313,314
66.56,304,302
66.56,308,312
66.56,311,305
66.56,303,307
66.56,312,309
66.62,301,303
66.62,314,314
66.62,301,300
66.62,314,314
66.62,298,298
66.62,316,316
66.62,295,296
66.68,311,311
66.68,297,297
66.68,314,315
66.68,300,299
66.68,309,309
66.68,305,300
66.69,301,305
66.74,306,301
66.74,292,296
66.74,306,304
66.74,291,293
66.74,307,305
66.75,291,292
66.75,312,310
66.81,293,293
66.81,309,310
66.81,290,289
66.81,309,311
66.81,295,291
66.81,305,305
66.82,296,295
66.89,302,304
66.89,302,298
66.89,298,302
66.89,313,308
66.89,300,303
66.89,310,309
66.89,296,296
66.95,315,313
66.95,300,302
66.95,317,316
66.95,299,297
66.95,315,314
66.95,301,300
66.95,315,316
67.01,301,298
67.01,309,312
67.01,305,300
67.01,305,308
67.01,312,307
67.01,302,305
67.02,314,311
67.07,299,300
67.07,317,314
67.07,299,298
67.07,317,315
67.07,299,298
67.07,318,318
67.08,299,298
67.13,314,315
67.14,301,298
67.14,312,314
67.14,305,302
67.14,311,313
67.14,308,304
67.15,304,309
67.21,313,310
67.21,301,304
67.21,315,313
67.21,300,301
67.21,319,316
67.21,299,299
67.21,317,315
67.28,302,301
67.28,317,317
67.28,301,301
67.28,316,318
67.28,306,302
67.28,316,318
67.28,309,306
67.34,310,313
67.34,314,311
67.34,307,310
67.34,318,314
67.34,305,306
67.34,319,317
67.34,302,303
67.4,321,319
67.4,302,304
67.4,323,323
67.4,308,306
67.4,322,322
67.4,308,307
67.41,320,322
67.46,312,311
67.46,321,322
67.46,321,317
67.46,321,322
67.46,324,321
67.47,315,318
67.48,331,327
67.54,315,315
67.54,329,328
67.54,314,314
67.54,329,329
67.54,313,312
67.54,329,328
67.54,311,312
67.6,328,329
67.6,313,313
67.6,325,328
67.6,319,315
67.6,322,325
67.6,325,320
67.61,319,322
67.66,330,327
67.66,316,319
67.66,336,332
67.66,316,318
67.66,335,334
67.66,317,318
67.67,337,335
67.73,319,319
67.73,334,334
67.73,316,317
67.73,333,335
67.73,321,320
67.73,331,334
67.74,328,324
67.8,327,328
67.8,333,328
67.8,321,324
67.8,334,330
67.8,321,323
67.8,334,334
67.8,319,320
67.86,335,335
67.86,318,318
67.86,334,335
67.86,321,318
67.87,335,334
67.87,320,319
67.87,334,335
67.93,325,322
67.93,327,330
67.93,326,322
67.93,320,324
67.93,329,326
67.93,318,319
67.93,334,330
67.99,317,317
67.99,331,330
67.99,312,313
67.99,333,331
67.99,312,311
67.99,329,330
68.0,314,312
68.05,327,328
68.05,315,312
68.05,324,326
68.05,322,316
68.05,319,320
68.06,322,317
68.07,314,315
68.13,325,321
68.13,309,311
68.13,325,322
68.13,308,308
68.13,324,323
68.13,305,305
68.13,321,321
68.19,301,300
68.19,315,316
68.19,299,299
68.19,313,314
68.19,300,298
68.19,307,310
68.2,310,305
68.25,305,308
68.25,314,310
68.25,304,305
68.25,315,314
68.25,301,302
68.25,317,318
68.26,302,301
68.32,318,318
68.32,304,302
68.32,321,320
68.32,305,302
68.32,320,320
68.32,305,303
68.33,311,314
68.38,306,303
68.38,309,312
68.38,311,307
68.38,303,306
68.38,314,311
68.38,304,305
68.39,318,315
68.46,302,302
68.46,321,319
68.46,304,304
68.46,321,320
68.46,302,302
68.46,318,319
68.46,302,302
68.52,318,320
68.52,312,308
68.52,314,317
68.52,312,307
68.52,311,312
68.52,317,313
68.52,307,309
68.58,322,317
68.58,307,307
68.58,323,321
68.58,308,308
68.58,326,325
68.58,307,306
68.59,327,326
68.64,308,308
68.64,325,326
68.64,314,312
68.64,325,326
68.64,316,314
68.65,323,325
68.66,323,319
68.71,318,320
68.71,328,323
68.71,313,315
68.71,328,326
68.71,312,311
68.71,329,328
68.72,311,311
68.78,329,330
68.78,311,310
68.78,327,327
68.78,312,312
68.78,324,326
68.78,315,313
68.79,323,325
68.85,319,314
68.85,316,319
68.85,321,317
68.85,313,315
68.85,325,322
68.85,310,311
68.85,325,323
68.91,306,305
68.91,321,320
68.91,304,304
68.91,321,321
68.91,304,302
68.91,318,319
68.92,303,302
68.97,315,317
68.97,306,303
68.97,308,311
68.97,309,305
68.97,304,306
68.97,309,306
68.98,300,302
69.03,312,310
69.03,295,295
69.03,315,312
69.03,295,294
69.03,312,310
69.04,293,294
69.05,309,309
69.11,292,292
69.11,306,307
69.11,292,290
69.11,296,299
69.11,292,290
69.11,295,298
69.11,300,296
69.17,291,294
69.17,304,300
69.17,286,288
69.17,302,300
69.17,286,285
69.17,301,299
69.18,283,282
69.24,300,300
69.24,283,282
69.24,298,298
69.24,285,284
69.24,298,298
69.24,285,282
69.24,289,292
69.3,289,284
69.3,284,287
69.3,290,288
69.3,279,283
69.3,294,293
69.3,280,281
69.31,298,296
69.38,279,278
69.38,295,294
69.38,278,278
69.38,297,296
69.38,280,278
69.38,296,296
69.38,283,281
69.44,292,293
69.44,286,282
69.44,287,290
69.44,288,284
69.44,280,281
69.44,289,285
69.44,276,278
69.5,291,290
69.5,275,274
69.5,292,290
69.5,274,274
69.5,289,289
69.5,271,270
69.51,288,287
69.56,271,269
69.56,285,286
69.56,275,272
69.56,283,285
69.56,278,276
69.56,279,281
69.57,289,283
69.62,280,282
69.62,294,291
69.62,280,280
69.62,299,297
69.62,279,281
69.63,299,297
69.64,283,282
69.7,301,300
69.7,283,282
69.7,297,297
69.7,286,286
69.7,298,301
69.7,291,287
69.7,293,294
69.76,292,286
69.76,285,286
69.76,293,290
69.76,280,281
69.76,294,293
69.76,282,281
69.77,299,297
69.83,279,278
69.83,299,298
69.83,277,277
69.83,292,293
69.83,279,278
69.83,294,296
69.83,282,279
69.89,291,293
69.89,285,282
69.89,286,289
69.89,290,287
69.89,280,283
69.89,294,291
69.9,277,279
69.95,294,293
69.95,278,278
69.95,294,294
69.95,277,277
69.95,293,293
69.96,277,276
69.97,292,293
70.03,279,276
70.03,291,292
70.03,283,280
70.03,284,287
70.03,285,282
70.03,280,282
70.03,290,284
70.09,278,278
70.09,291,287
70.09,275,275
70.09,290,290
70.09,274,274
70.09,292,292
70.1,278,276
70.16,293,294
70.16,278,277
70.16,293,292
70.16,283,280
70.16,293,294
70.16,286,285
70.16,292,295
70.22,294,290
70.22,289,292
70.22,301,297
70.22,286,287
70.22,303,301
70.22,284,284
70.23,302,301
70.28,284,284
70.28,300,301
70.28,284,285
70.28,300,302
70.28,286,284
70.29,299,301
70.29,292,289
70.35,298,300
70.35,297,293
70.35,290,295
70.35,300,297
70.35,290,292
70.35,303,300
70.36,286,287
70.42,303,301
70.42,284,285
70.42,300,302
70.42,285,286
70.42,305,303
70.42,287,287
70.42,303,305
70.49,295,290
70.49,301,304
70.49,299,295
70.49,301,302
70.49,301,297
70.49,297,300
70.49,307,305
70.55,296,298
70.55,312,310
70.55,299,298
70.55,312,313
70.55,297,295
70.55,314,311
70.56,294,292
70.61,306,308
70.61,292,292
70.61,305,307
70.61,296,293
70.61,303,305
70.61,299,296
70.62,296,300
70.67,304,299
70.67,295,296
70.67,308,304
70.67,292,293
70.67,310,308
70.68,294,294
70.69,310,310
70.75,296,296
70.75,314,314
70.75,300,297
70.75,315,315
70.75,302,301
70.75,315,318
70.75,306,303
70.81,311,314
70.81,312,307
70.81,306,310
70.81,316,313
70.81,304,307
70.81,321,319
70.82,307,306
70.87,323,322
70.87,306,306
70.87,324,323
70.87,304,304
70.87,323,323
70.87,308,307
70.88,323,325
70.94,315,311
70.94,319,321
70.94,315,311
70.94,313,317
70.94,320,314
70.94,309,312
70.95,320,317
71.0,307,307
71.0,325,322
71.0,306,306
71.0,324,324
71.0,305,304
71.01,318,318
71.01,305,303
71.08,317,318
71.08,299,297
71.08,309,310
71.08,300,299
71.08,306,308
71.08,307,303
71.08,301,303
71.14,309,305
71.14,297,300
71.14,314,311
71.14,296,296
71.14,313,311
71.14,294,294
71.15,311,309
71.2,291,291
71.2,307,308
71.2,289,287
71.2,305,305
71.2,295,291
71.2,299,300
71.21,289,288
71.26,292,295
71.26,294,291
71.26,291,294
71.26,302,298
71.26,286,286
71.27,297,296
71.28,280,280
71.34,294,294
71.34,277,276
71.34,293,292
71.34,275,273
71.34,294,293
71.34,277,274
71.34,291,292
71.4,280,277
71.4,285,286
71.4,284,279
71.4,280,282
71.4,284,282
71.4,276,278
71.41,290,287
71.46,273,274
71.46,287,286
71.46,271,272
71.46,290,289
71.46,273,271
71.46,290,291
71.47,275,273
71.53,288,289
71.53,279,276
71.53,288,290
71.53,281,279
71.53,285,289
71.53,289,285
71.54,285,287
71.59,294,291
71.59,280,282
71.59,297,294
71.59,281,280
71.59,298,296
71.6,279,280
71.6,299,299
71.67,280,278
71.67,295,296
71.67,283,280
71.67,295,294
71.67,283,281
71.67,291,293
71.67,288,284
71.73,287,290
71.73,292,288
71.73,278,282
71.73,288,287
71.73,277,277
71.73,290,289
71.74,270,271
71.79,288,288
71.79,269,269
71.79,285,286
71.79,269,268
71.79,285,285
71.79,270,269
71.8,282,284
71.86,272,271
71.86,276,280
71.86,280,276
71.86,275,277
71.86,284,279
71.86,269,272
71.87,282,279
71.92,265,266
71.92,282,281
71.92,260,263
71.92,282,279
71.92,263,263
71.92,281,280
71.93,265,263
71.98,280,281
71.98,268,266
71.98,279,281
71.98,275,271
71.98,276,279
71.99,280,277
72.0,274,275
72.06,288,283
72.06,271,272
72.06,283,281
72.06,262,263
72.06,280,280
72.06,263,261
72.06,278,279
72.12,261,258
72.12,275,276
72.12,258,257
72.12,270,271
72.12,259,257
72.12,264,267
72.13,263,259
72.18,259,262
72.19,265,261
72.19,252,256
72.19,267,265
72.19,250,253
72.19,272,270
72.19,257,256
72.25,275,273
72.25,258,257
72.25,278,276
72.25,263,260
72.25,272,275
72.25,264,261
72.26,272,275
72.32,267,263
72.32,268,271
72.32,273,268
72.32,266,266
72.32,275,272
72.32,262,262
72.32,276,272
72.39,258,260
72.39,278,277
72.39,264,263
72.39,281,281
72.39,266,265
72.39,284,283
72.39,268,267
72.45,280,282
72.45,270,266
72.45,279,282
72.45,274,272
72.45,272,276
72.45,281,277
72.46,274,276
72.51,285,282
72.51,271,271
72.51,287,286
72.51,271,272
72.51,288,289
72.51,272,273
72.52,290,291
72.57,274,273
72.57,288,290
72.57,276,275
72.57,289,291
72.57,280,278
72.58,286,288
72.59,287,282
72.6,282,284
72.61,291,288
72.62,277,279
72.67,295,292
72.67,278,279
72.67,293,293
72.67,277,278
72.67,292,292
72.67,276,276
72.68,292,293
72.73,277,275
72.73,289,288
72.73,278,276
72.73,287,288
72.73,281,279
72.74,281,284
72.75,285,280
72.81,277,281
72.81,294,289
72.81,278,281
72.81,296,294
72.81,280,280
72.81,296,296
72.81,283,281
72.87,299,299
72.87,283,283
72.87,300,300
72.87,288,284
72.87,298,298
72.87,288,284
72.88,296,297
72.93,291,287
72.93,291,292
72.93,298,294
72.93,286,289
72.93,298,296
72.94,282,283
72.94,296,295
73.0,280,278
73.0,297,296
73.0,280,278
73.0,296,297
73.0,283,282
73.0,297,298
73.01,285,284
73.06,298,299
73.06,289,288
73.06,295,296
73.06,295,290
73.06,289,292
73.07,300,295
73.07,287,288
73.14,303,300
73.14,285,285
73.14,300,299
73.14,281,282
73.14,296,296
73.14,280,279
73.14,294,294
73.2,277,277
73.2,294,293
73.2,282,280
73.2,289,292
73.2,289,284
73.2,287,290
73.21,295,289
73.26,287,289
73.26,302,297
73.26,285,287
73.26,305,303
73.26,289,288
73.26,307,306
73.27,291,291
73.32,309,309
73.32,294,293
73.32,311,312
73.32,298,296
73.32,311,311
73.33,303,299
73.34,307,309
73.39,311,306
73.39,309,310
73.39,316,314
73.39,307,309
73.39,322,320
73.39,308,311
73.4,325,325
73.46,310,309
73.46,329,327
73.47,311,310
73.47,326,327
73.47,312,310
73.47,327,329
73.47,315,313
73.53,326,327
73.53,321,317
73.53,322,325
73.53,326,322
73.53,319,322
73.53,331,327
73.53,316,318
73.59,336,333
73.59,320,320
73.59,334,335
73.59,319,318
73.59,338,337
73.59,319,318
73.6,334,336
73.65,321,319
73.65,333,335
73.65,320,319
73.65,329,331
73.65,329,325
73.66,328,329
73.66,332,329
73.73,320,324
73.73,336,334
73.73,321,324
73.73,339,338
73.73,323,324
73.73,341,339
73.73,325,323
73.79,341,341
73.79,323,323
73.79,341,341
73.79,326,325
73.79,338,340
73.79,330,328
73.8,336,338
73.85,337,333
73.85,333,337
73.85,345,340
73.85,330,332
73.85,345,344
73.85,331,331
73.86,347,344
73.92,327,328
73.92,345,344
73.92,328,327
73.92,343,344
73.92,330,327
73.92,341,344
73.93,327,326
73.98,337,340
73.98,334,330
73.98,333,335
73.98,337,333
73.98,326,330
73.98,339,336
73.99,326,326
74.06,337,337
74.06,321,322
74.06,337,336
74.06,318,320
74.06,337,337
74.06,318,318
74.06,338,336
74.12,323,321
74.12,334,335
74.12,325,322
74.12,331,332
74.12,328,323
74.12,326,329
74.12,330,326
74.18,317,319
74.18,331,326
74.18,315,315
74.18,332,330
74.18,311,313
74.18,329,327
74.19,311,309
74.25,327,328
74.25,310,309
74.25,322,324
74.25,312,309
74.25,321,321
74.25,311,310
74.25,315,318
74.31,317,313
74.31,311,313
74.31,319,315
74.31,303,306
74.31,318,318
74.31,302,304
74.32,320,318
74.37,303,302
74.37,316,317
74.37,300,298
74.37,319,319
74.37,301,299
74.38,315,316
74.39,306,301
74.45,308,310
74.45,304,302
74.45,300,304
74.45,305,300
74.45,293,295
74.45,305,302
74.45,288,290
74.51,306,303
74.51,286,287
74.51,305,304
74.51,286,287
74.51,306,305
74.51,284,284
74.52,300,301
74.57,285,283
74.57,296,297
74.57,284,282
74.57,290,292
74.57,289,285
74.57,282,285
74.58,290,286
74.63,279,281
74.63,294,291
74.63,275,275
74.63,291,290
74.63,274,274
74.64,291,290
74.65,272,272
74.71,293,292
74.71,276,273
74.71,288,290
74.71,278,275
74.71,285,288
74.71,278,275
74.71,280,282
74.77,283,279
74.77,277,279
74.77,287,284
74.77,275,276
74.77,291,288
74.77,270,271
74.78,289,289
74.84,273,272
74.84,290,288
74.84,272,272
74.84,292,293
74.84,277,275
74.84,287,288
74.84,279,276
74.9,285,286
74.9,283,280
74.9,281,284
74.9,288,282
74.9,274,277
74.9,290,286
74.91,275,275
74.96,290,290
74.96,277,277
74.96,295,293
74.96,278,275
74.96,293,293
74.97,278,277
74.97,289,290
75.04,277,276
75.04,291,294
75.04,283,279
75.04,286,288
75.04,286,283
75.04,279,283
75.04,293,289
75.1,281,284
75.1,297,294
75.1,278,280
75.1,298,297
75.1,280,281
75.1,297,297
75.11,279,280
75.17,299,298
75.17,284,282
75.17,298,297
75.17,286,284
75.17,295,297
75.17,292,288
75.17,291,293
75.23,294,290
75.23,287,290
75.23,299,296
75.23,284,286
75.23,300,298
75.23,283,283
75.24,301,301
75.29,284,284
75.29,303,301
75.29,286,286
75.29,301,302
75.29,285,284
75.29,297,299
75.3,290,288
75.36,295,297
75.36,296,290
75.36,290,292
75.36,298,296
75.36,289,290
75.36,297,295
75.37,279,281
75.43,296,295
75.43,279,279
75.43,295,296
75.43,279,278
75.43,295,296
75.43,278,278
75.43,294,295
75.49,280,277
75.49,290,292
75.49,281,280
75.49,284,287
75.49,289,283
75.49,276,280
75.5,290,286
75.56,275,276
75.56,291,290
75.56,273,273
75.56,289,287
75.56,270,272
75.56,290,290
75.56,274,275
75.62,293,292
75.62,276,274
75.62,289,289
75.62,279,276
75.62,283,286
75.62,280,278
75.63,281,285
75.68,287,284
75.68,278,280
75.68,290,287
75.68,274,277
75.68,293,291
75.69,278,279
75.7,297,296
75.76,277,277
75.76,294,295
75.76,279,280
75.76,296,298
75.76,283,282
75.76,295,296
75.76,286,284
75.82,292,294
75.82,289,285
75.82,285,287
75.82,294,290
75.82,283,286
75.82,298,295
75.83,280,282
75.88,298,297
75.88,279,280
75.88,298,299
75.88,282,281
75.88,299,298
75.88,283,280
75.89,293,294
75.95,283,281
75.95,289,291
75.95,285,282
75.95,284,289
75.95,291,286
75.95,280,283
75.96,290,288
76.01,277,278
76.01,292,291
76.01,275,274
76.01,292,290
76.01,272,273
76.02,290,291
76.02,275,273
76.09,290,291
76.09,277,274
76.09,285,286
76.09,275,273
76.09,279,282
76.09,274,272
76.09,270,274
76.15,281,276
76.15,268,270
76.15,281,279
76.15,267,267
76.15,281,281
76.15,265,264
76.15,281,280
76.21,260,259
76.21,272,274
76.21,258,257
76.21,273,273
76.21,260,258
76.21,270,271
76.22,263,260
76.27,260,264
76.27,265,262
76.27,256,260
76.27,272,268
76.27,259,260
76.28,274,274
76.29,258,261
76.34,276,275
76.34,258,259
76.34,277,278
76.34,264,263
76.34,281,282
76.34,266,266
76.35,282,284
76.41,276,274
76.41,284,286
76.41,283,280
76.41,283,285
76.41,289,285
76.41,282,284
76.42,295,293
76.48,282,281
76.48,296,296
76.48,282,282
76.48,298,297
76.48,283,281
76.48,299,299
76.48,281,280
76.54,296,296
76.54,282,279
76.54,291,293
76.54,284,281
76.54,285,288
76.54,284,280
76.55,277,281
76.6,289,285
76.6,275,277
76.6,288,284
76.6,268,269
76.6,284,282
76.61,266,266
76.61,282,282
76.66,263,262
76.66,280,282
76.66,264,263
76.66,280,280
76.66,267,265
76.67,277,279
76.68,272,269
76.74,270,272
76.74,274,269
76.74,262,265
76.74,276,274
76.74,266,266
76.74,279,277
76.74,261,262
76.8,277,276
76.8,260,258
76.8,277,275
76.8,260,258
76.8,272,273
76.8,258,256
76.81,268,268
76.87,257,254
76.87,261,264
76.87,262,257
76.87,255,259
76.87,263,258
76.87,248,249
76.88,259,258
76.93,244,245
76.93,261,258
76.93,241,242
76.93,261,259
76.93,243,242
76.93,258,256
76.94,238,236
76.99,251,251
76.99,237,235
76.99,244,247
76.99,238,236
76.99,241,245
77.0,245,240
77.01,234,239
77.07,248,244
77.07,230,232
77.07,245,244
77.07,226,226
77.07,243,242
77.07,228,227
77.07,243,241
77.13,220,221
77.13,238,237
77.13,221,218
77.13,233,232
77.13,221,218
77.13,228,230
77.14,225,222
77.19,222,225
77.19,225,221
77.19,212,216
77.19,227,224
77.19,210,211
77.19,227,225
77.2,209,208
77.26,227,226
77.26,209,208
77.26,225,224
77.26,209,207
77.26,222,224
77.26,206,205
77.27,217,220
77.33,209,206
77.33,212,214
77.33,212,209
77.33,206,209
77.33,215,212
77.33,203,205
77.33,215,215
77.39,199,199
77.4,214,214
77.4,196,197
77.4,216,214
77.4,195,194
77.4,210,211
77.4,195,192
77.46,206,208
77.46,194,192
77.46,203,206
77.46,199,196
77.46,198,200
77.46,204,199
77.47,193,195
77.52,205,200
77.52,188,190
77.52,206,201
77.52,183,183
77.52,201,199
77.52,184,183
77.53,199,199
77.58,181,181
77.58,196,198
77.58,183,183
77.58,193,194
77.58,187,182
77.59,188,191
77.6,191,187
77.66,193,195
77.66,201,196
77.66,187,190
77.66,204,200
77.66,190,190
77.66,205,205
77.66,191,190
77.72,206,206
77.72,192,190
77.72,209,208
77.72,195,192
77.72,209,210
77.72,197,196
77.73,208,210
77.78,201,199
77.78,204,207
77.78,205,202
77.78,200,202
77.78,212,208
77.78,197,199
77.79,214,213
77.85,196,199
77.85,217,215
77.85,200,199
77.85,217,216
77.85,201,200
77.85,217,218
77.86,206,203
77.91,216,218
77.91,209,207
77.91,216,218
77.91,213,210
77.91,212,215
77.92,217,214
77.92,206,210
77.99,221,218
77.99,206,209
77.99,224,222
77.99,208,207
77.99,227,224
77.99,208,208
77.99,229,228
78.05,213,212
78.05,229,230
78.05,216,216
78.05,228,231
78.05,220,219
78.05,227,231
78.06,229,224
78.11,224,228
78.11,238,232
78.11,223,227
78.11,241,238
78.11,226,225
78.11,239,239
78.12,224,226
78.18,245,244
78.18,224,225
78.18,246,244
78.18,231,228
78.18,244,244
78.18,230,229
78.19,242,243
78.24,239,235
78.24,240,242
78.24,246,242
78.24,237,240
78.24,250,248
78.24,238,240
78.25,253,252
78.32,239,238
78.32,256,254
78.32,241,240
78.32,259,258
78.32,243,242
78.32,259,261
78.32,247,244
78.38,257,259
78.38,248,246
78.38,253,255
78.38,251,248
78.38,248,251
78.38,256,252
78.38,247,248
78.44,259,257
78.44,247,247
78.44,264,260
78.44,246,245
78.44,263,262
78.44,249,248
78.45,266,265
78.5,249,248
78.5,263,263
78.5,252,250
78.5,261,263
78.5,257,253
78.51,259,261
78.51,260,256
78.57,256,258
78.57,267,262
78.57,251,253
78.57,267,264
78.57,251,252
78.57,267,267
78.58,249,250
78.64,269,270
78.64,249,250
78.64,269,270
78.64,254,252
78.64,268,270
78.64,257,255
78.64,266,268
78.71,264,259
78.71,264,267
78.71,272,266
78.71,261,265
78.71,273,271
78.71,260,261
78.71,275,274
78.77,259,259
78.77,274,274
78.77,259,257
78.77,277,276
78.77,258,258
78.77,273,274
78.78,261,257
78.83,273,274
78.83,263,262
78.83,268,272
78.83,271,266
78.83,266,269
78.83,273,270
78.84,265,266
78.9,279,275
78.9,263,263
78.9,279,279
78.9,265,263
78.9,283,281
78.9,264,264
78.91,281,280
78.97,265,264
78.97,278,280
78.97,265,263
78.97,274,277
78.97,270,266
78.97,270,273
78.97,274,270
79.03,266,269
79.03,278,273
79.03,262,264
79.03,279,278
79.03,262,262
79.03,280,279
79.04,260,261
79.09,281,280
79.09,262,261
79.09,282,280
79.09,265,264
79.1,279,279
79.1,268,266
79.1,277,280
79.16,273,270
79.16,272,276
79.16,280,275
79.16,271,272
79.16,286,282
79.16,271,271
79.17,288,285
79.22,272,271
79.22,289,288
79.22,271,269
79.22,290,288
79.22,271,271
79.23,289,288
79.23,277,274
79.3,286,287
79.3,276,274
79.3,282,286
79.3,282,278
79.3,277,280
79.3,285,282
79.3,275,276
79.36,288,285
79.36,271,271
79.36,288,287
79.36,271,270
79.36,287,286
79.36,270,269
79.37,289,287
79.42,272,269
79.42,284,286
79.42,272,271
79.42,281,282
79.42,277,273
79.42,275,278
79.43,279,276
79.49,272,274
79.49,284,280
79.49,269,270
79.49,287,285
79.49,270,270
79.49,288,287
79.5,271,270
79.55,289,289
79.55,270,270
79.55,285,287
79.55,272,269
79.55,282,286
79.55,275,272
79.56,280,283
79.63,280,276
79.63,278,279
79.63,286,281
79.63,274,274
79.63,288,286
79.63,272,273
79.63,289,287
79.69,271,272
79.69,290,290
79.69,273,273
79.69,289,289
79.69,272,272
79.69,288,288
79.69,273,270
79.75,288,287
79.75,277,273
79.75,282,284
79.75,284,279
79.75,278,280
79.75,286,283
79.76,273,275
79.82,289,288
79.82,275,276
79.82,292,292
79.82,274,275
79.82,292,291
79.82,274,274
79.82,291,292
79.88,276,274
79.88,288,290
79.88,278,275
79.88,282,283
79.88,278,275
79.88,277,279
79.89,282,279
79.94,271,274
79.94,282,280
79.94,267,267
79.94,281,281
79.94,268,268
79.95,283,282
79.96,266,267
80.02,282,283
80.02,268,268
80.02,283,282
80.02,272,269
80.02,280,281
80.02,273,269
80.02,273,275
80.08,272,269
80.08,263,267
80.08,272,269
80.08,257,259
80.08,271,269
80.08,254,254
80.09,266,265
80.14,250,249
80.14,264,264
80.14,252,253
80.14,266,266
80.14,252,252
80.14,264,265
80.16,256,253
80.16,264,264
80.17,261,258
80.18,261,264
80.24,267,264
80.24,259,262
80.24,271,269
80.24,257,260
80.24,273,273
80.24,258,260
80.25,274,275
80.3,263,262
80.3,278,279
80.3,265,265
80.3,278,280
80.3,267,266
80.3,279,280
80.31,271,269
80.36,276,278
80.36,274,272
80.36,272,275
80.36,282,277
80.36,266,269
80.37,283,280
80.38,269,268
80.44,282,282
80.44,268,268
80.44,286,285
80.44,270,269
80.44,287,287
80.44,273,271
80.44,286,286
80.5,277,274
80.5,286,288
80.5,279,279
80.5,286,287
80.5,286,284
80.5,280,283
80.51,291,288
80.56,276,277
80.56,290,289
80.56,276,276
80.56,292,291
80.56,276,276
80.57,294,292
80.57,278,277
80.63,294,292
80.63,280,280
80.63,293,295
80.63,284,282
80.63,290,292
80.63,290,286
80.64,289,292
80.7,296,293
80.71,285,287
80.71,296,293
80.71,284,285
80.71,298,297
80.71,286,283
80.71,299,298
80.77,281,280
80.77,294,294
80.77,282,280
80.77,293,294
80.77,282,281
80.77,291,291
80.77,285,282
80.83,288,289
80.83,288,283
80.83,279,283
80.83,288,284
80.83,275,278
80.83,290,289
80.84,275,275
80.89,289,289
80.89,274,274
80.89,289,288
80.89,272,272
80.89,284,284
80.89,273,271
80.9,285,284
80.95,271,269
80.95,280,281
80.95,273,271
80.95,275,278
80.95,281,276
80.96,269,271
80.97,281,277
81.03,267,269
81.03,281,280
81.03,268,269
81.03,284,283
81.03,266,267
81.03,281,281
81.03,267,266
81.09,278,279
81.09,264,264
81.09,277,277
81.09,266,263
81.09,269,270
81.09,266,264
81.1,265,267
81.16,271,266
81.16,259,261
81.16,270,268
81.16,257,256
81.16,272,270
81.16,253,252
81.16,268,268
81.22,253,254
81.22,266,268
81.22,255,253
81.22,265,265
81.22,255,252
81.22,262,265
81.23,254,253
81.28,259,261
81.28,259,255
81.28,255,258
81.28,264,262
81.28,250,253
81.29,265,264
81.29,251,251
81.36,267,266
81.36,250,250
81.36,268,268
81.36,253,253
81.36,267,267
81.36,253,252
81.36,266,268
81.42,256,255
81.42,262,264
81.42,263,258
81.42,262,263
81.42,264,262
81.42,257,261
81.43,269,267
81.49,256,256
81.49,273,271
81.49,258,256
81.49,273,271
81.49,256,255
81.49,272,273
81.49,259,257
81.55,271,273
81.55,262,261
81.55,273,274
81.55,267,264
81.55,269,272
81.55,270,267
81.56,269,271
81.61,277,272
81.61,264,266
81.61,278,277
81.61,266,265
81.61,282,280
81.61,267,266
81.62,283,282
81.68,267,267
81.68,283,282
81.68,269,267
81.68,284,285
81.68,272,271
81.68,283,284
81.69,277,273
81.74,277,280
81.74,281,278
81.74,274,276
81.74,282,279
81.74,269,271
81.75,283,282
81.75,266,266
81.8,282,283
81.8,270,268
81.8,283,283
81.8,270,271
81.8,285,284
81.81,270,269
81.82,283,283
81.88,276,272
81.88,277,278
81.88,274,272
81.88,276,278
81.88,282,278
81.88,271,273
81.89,282,281
81.95,268,270
81.95,285,284
81.95,271,270
81.95,287,284
81.95,272,270
81.95,283,282
81.95,266,266
82.01,283,284
82.01,271,268
82.01,280,281
82.01,275,271
82.01,278,280
82.01,276,272
82.02,270,275
82.07,283,278
82.07,268,270
82.07,282,281
82.07,270,267
82.07,280,281
82.07,265,266
82.08,282,282
82.13,267,266
82.13,283,282
82.13,267,266
82.13,281,281
82.13,272,268
82.14,278,279
82.15,274,272
82.2,273,276
82.2,277,273
82.2,271,273
82.2,284,281
82.2,271,271
82.2,284,282
82.21,269,269
82.27,285,284
82.27,268,269
82.28,283,283
82.28,269,268
82.28,286,284
82.28,270,268
82.28,282,281
82.34,272,270
82.34,276,279
82.34,274,272
82.34,273,278
82.34,283,278
82.34,269,272
82.34,284,281
82.4,268,270
82.4,284,285
82.4,270,271
82.4,289,286
82.4,271,270
82.4,288,287
82.41,273,272
82.47,286,286
82.47,273,273
82.47,284,285
82.47,278,277
82.47,281,284
82.47,283,279
82.47,274,277
82.53,287,283
82.53,275,278
82.53,289,286
82.53,272,273
82.53,290,288
82.53,272,272
82.54,286,286
82.59,270,270
82.59,285,286
82.59,271,270
82.59,283,284
82.59,275,272
82.6,280,282
82.61,276,274
82.66,276,279
82.66,282,278
82.66,275,276
82.66,284,283
82.66,272,273
82.66,288,287
82.67,273,273
82.73,288,288
82.73,272,272
82.73,287,288
82.73,273,272
82.73,286,288
82.73,277,275
82.74,285,287
82.79,279,276
82.79,282,285
82.79,285,281
82.79,278,280
82.79,287,282
82.79,272,275
82.8,287,285
82.85,273,272
82.85,287,288
82.85,275,275
82.85,288,288
82.85,272,271
82.86,285,286
82.87,270,270
82.93,284,286
82.93,274,273
82.93,282,284
82.93,276,272
82.93,276,279
82.93,283,278
82.93,275,279
82.99,287,283
82.99,275,276
82.99,289,287
82.99,275,274
82.99,290,288
82.99,273,274
83.0,291,292
83.06,277,276
83.06,290,289
83.06,278,277
83.06,291,291
83.06,281,279
83.06,288,288
83.06,286,280
83.12,282,285
83.12,292,287
83.12,280,282
83.12,293,289
83.12,277,279
83.12,294,293
83.13,277,278
83.18,292,292
83.18,277,275
83.18,292,291
83.18,276,276
83.18,290,290
83.19,278,277
83.2,287,288
83.26,281,279
83.26,288,288
83.26,288,284
83.26,284,286
83.26,291,288
83.26,280,280
83.26,295,293
83.32,278,279
83.32,293,293
83.32,278,278
83.32,296,294
83.32,276,277
83.32,296,296
83.33,280,279
83.38,294,293
83.38,283,281
83.38,291,295
83.38,288,286
83.38,288,291
83.38,292,289
83.39,283,287
83.44,296,293
83.44,281,282
83.44,295,294
83.44,280,280
83.44,295,297
83.45,280,281
83.46,295,295
83.52,279,280
83.52,294,294
83.52,283,282
83.52,293,295
83.52,287,283
83.52,290,291
83.52,289,285
83.59,286,287
83.59,292,287
83.59,283,285
83.59,297,292
83.59,278,279
83.59,292,291
83.59,277,276
83.65,289,289
83.65,273,273
83.65,287,288
83.65,273,272
83.65,288,289
83.65,278,277
83.65,288,289
83.71,283,279
83.71,282,283
83.71,282,279
83.71,276,279
83.71,284,283
83.71,273,273
83.72,288,284
83.77,270,271
83.77,288,288
83.77,273,272
83.77,287,289
83.77,275,272
83.78,287,287
83.79,276,273
83.85,286,287
83.85,279,276
83.85,283,286
83.85,283,280
83.85,281,284
83.85,289,284
83.85,280,282
83.91,291,289
83.91,277,279
83.91,292,292
83.91,278,278
83.91,295,294
83.91,279,279
83.92,294,294
83.97,280,280
83.97,292,293
83.97,279,279
83.97,290,292
83.97,286,282
83.97,289,291
83.98,291,287
84.04,286,287
84.04,295,291
84.04,283,283
84.04,298,295
84.04,279,281
84.04,296,296
84.05,282,281
84.1,297,296
84.1,280,279
84.1,295,296
84.1,281,279
84.1,296,296
84.1,287,285
84.11,289,291
84.18,286,283
84.18,284,287
84.18,289,284
84.18,280,282
84.18,292,290
84.18,279,279
84.18,293,292
84.24,281,280
84.24,296,295
84.24,280,280
84.24,294,296
84.24,281,280
84.24,294,294
84.24,279,280
84.3,295,294
84.3,284,281
84.3,287,291
84.3,289,284
84.3,284,287
84.3,293,290
84.31,286,288
84.36,299,297
84.36,282,284
84.36,302,301
84.36,289,288
84.36,302,302
84.37,288,286
84.37,302,302
84.44,287,287
84.44,302,303
84.44,292,290
84.44,300,302
84.44,298,295
84.44,300,302
84.44,300,297
84.5,295,297
84.5,303,301
84.5,292,293
84.5,306,305
84.5,292,293
84.5,310,309
84.51,297,296
84.56,309,310
84.56,294,295
84.56,309,310
84.56,299,297
84.56,309,310
84.56,300,299
84.57,308,309
84.63,302,299
84.63,303,305
84.63,308,303
84.63,297,299
84.63,308,306
84.63,294,295
84.64,311,309
84.69,292,293
84.69,311,309
84.69,295,294
84.69,311,310
84.69,294,293
84.69,307,308
84.7,294,293
84.76,307,309
84.76,298,296
84.76,304,307
84.76,304,300
84.76,299,301
84.77,308,305
84.77,297,299
84.83,309,306
84.83,292,292
84.83,305,305
84.83,290,290
84.83,302,303
84.83,290,288
84.83,301,302
84.89,287,287
84.89,302,302
84.89,290,288
84.89,297,298
84.89,290,288
84.89,292,294
84.9,294,291
84.95,284,288
84.95,299,295
84.95,284,285
84.95,299,296
84.95,285,285
84.96,303,301
84.96,287,286
85.03,302,301
85.03,285,285
85.03,302,300
85.03,288,285
85.03,298,300
85.03,290,289
85.03,294,297
85.09,289,287
85.09,287,290
85.09,293,290
85.09,289,290
85.09,298,296
85.09,285,286
85.1,300,299
85.15,288,288
85.15,303,302
85.15,288,287
85.15,303,305
85.15,287,287
85.15,302,301
85.16,291,288
85.22,299,301
85.22,291,289
85.22,293,298
85.22,295,292
85.22,291,293
85.22,301,297
85.23,287,290
85.28,304,302
85.28,286,286
85.28,300,301
85.28,288,287
85.28,303,304
85.28,287,288
85.29,302,303
85.34,288,286
85.34,301,302
85.34,289,288
85.34,297,300
85.34,293,289
85.35,294,295
85.36,299,294
85.42,289,291
85.42,301,299
85.42,285,287
85.42,299,298
85.42,284,285
85.42,301,300
85.42,284,284
85.48,299,299
85.48,283,282
85.48,297,298
85.48,287,285
85.48,297,297
85.48,287,284
85.49,291,293
85.55,293,288
85.55,289,290
85.55,297,292
85.55,285,287
85.55,296,294
85.55,283,285
85.55,298,298
85.61,284,285
85.61,304,302
85.61,288,286
85.61,301,302
85.61,289,286
85.61,301,300
85.62,291,289
85.67,300,301
85.67,295,293
85.67,295,300
85.67,301,297
85.67,291,293
85.68,304,300
85.69,291,292
85.75,304,302
85.75,288,288
85.75,303,302
85.75,288,289
85.75,303,304
85.75,290,290
85.75,309,307
85.81,296,295
85.81,305,307
85.81,298,296
85.81,305,308
85.81,301,297
85.81,299,303
85.82,303,300
85.87,295,298
85.87,307,305
85.87,293,294
85.87,308,308
85.87,297,296
85.87,313,311
85.88,297,295
85.94,310,311
85.94,297,296
85.94,312,313
85.94,300,298
85.94,309,308
85.94,303,299
85.95,303,306
86.0,307,303
86.0,300,305
86.0,311,307
86.0,297,299
86.0,313,311
86.01,298,299
86.01,315,315
86.08,302,300
86.08,318,317
86.08,301,302
86.08,318,316
86.08,303,302
86.08,318,318
86.08,305,303
86.14,313,315
86.14,311,306
86.14,307,310
86.14,313,307
86.14,302,306
86.14,316,311
86.14,300,301
86.2,317,315
86.2,297,298
86.2,312,311
86.2,294,294
86.2,311,311
86.2,295,293
86.21,306,308
86.26,294,293
86.26,305,306
86.26,298,294
86.26,300,302
86.26,296,294
86.27,296,298
86.28,303,300
86.34,294,295
86.34,306,302
86.34,290,292
86.34,305,305
86.34,288,288
86.34,305,304
86.34,290,290
86.4,307,306
86.4,289,288
86.4,303,303
86.4,292,291
86.4,302,302
86.4,295,293
86.41,300,302
86.47,302,296
86.47,294,298
86.47,303,300
86.47,292,294
86.47,306,303
86.47,289,289
86.47,307,304
86.53,288,289
86.53,302,303
86.53,288,289
86.53,306,306
86.53,293,291
86.53,306,306
86.54,297,295
86.59,304,305
86.59,299,296
86.59,302,302
86.59,302,299
86.59,294,296
86.6,305,301
86.6,293,293
86.65,309,308
86.65,293,293
86.65,307,306
86.65,290,290
86.65,309,308
86.66,292,292
86.67,307,308
86.73,294,293
86.73,307,308
86.73,300,296
86.73,305,307
86.73,306,302
86.73,301,303
86.73,307,304
86.79,296,298
86.79,309,308
86.79,296,297
86.79,314,312
86.79,298,298
86.79,314,313
86.8,298,296
86.85,312,312
86.85,299,297
86.85,313,314
86.85,303,301
86.85,311,312
86.86,307,303
86.87,308,311
86.92,310,306
86.92,303,305
86.92,315,311
86.92,301,302
86.92,315,315
86.92,302,302
86.93,315,315
86.99,301,299
87.0,315,315
87.0,303,301
87.0,317,317
87.0,305,303
87.0,317,316
87.0,304,304
87.06,312,314
87.06,310,308
87.06,309,311
87.06,312,309
87.06,302,306
87.06,317,314
87.06,304,303
87.12,319,317
87.12,303,303
87.12,320,318
87.12,304,302
87.12,320,320
87.12,304,302
87.13,317,318
87.18,306,304
87.18,318,320
87.18,315,311
87.18,317,320
87.18,318,314
87.18,315,316
87.19,319,315
87.25,304,308
87.25,321,319
87.25,307,307
87.25,321,320
87.25,305,305
87.25,321,320
87.26,306,305
87.31,318,319
87.31,304,304
87.31,320,320
87.31,307,305
87.31,315,317
87.32,313,309
87.32,313,316
87.39,316,312
87.39,309,311
87.39,316,313
87.39,304,307
87.39,320,319
87.39,304,303
87.39,319,317
87.45,303,302
87.45,319,317
87.45,300,300
87.45,313,314
87.45,300,300
87.45,314,313
87.46,303,299
87.51,308,311
87.51,304,302
87.51,303,305
87.51,311,305
87.51,302,302
87.51,313,309
87.52,298,298
87.57,313,312
87.57,299,298
87.57,314,313
87.57,296,297
87.57,315,316
87.58,300,300
87.59,316,316
87.64,304,303
87.64,315,316
87.64,309,305
87.64,308,312
87.64,310,308
87.64,307,309
87.66,316,313
87.66,303,304
87.67,317,316
87.68,301,302
87.73,317,316
87.73,301,302
87.73,318,318
87.73,300,300
87.73,316,317
87.74,305,304
87.75,316,318
87.81,308,305
87.81,316,317
87.81,315,310
87.81,313,316
87.81,318,315
87.81,310,314
87.81,323,320
87.87,309,311
87.87,325,325
87.87,311,311
87.87,326,326
87.87,309,310
87.87,325,326
87.88,308,309
87.93,326,327
87.93,311,309
87.93,320,323
87.93,315,313
87.93,322,325
87.93,321,316
87.94,316,320
88.0,327,323
88.0,315,318
88.0,330,328
88.0,315,316
88.0,331,331
88.0,314,314
88.01,330,330
88.07,311,313
88.07,329,330
88.07,318,316
88.07,330,332
88.07,321,318
88.07,329,329
88.07,322,319
88.14,325,326
88.14,323,320
88.14,316,320
88.14,328,324
88.14,312,313
88.14,327,325
88.14,311,311
88.2,330,328
88.2,312,311
88.2,330,328
88.2,309,310
88.2,326,327
88.2,313,311
88.2,325,326
88.26,316,314
88.26,323,323
88.26,320,316
88.26,316,320
88.26,324,321
88.26,313,316
88.27,326,324
88.32,311,313
88.32,327,324
88.32,310,310
88.32,324,324
88.32,307,306
88.33,321,321
88.34,306,306
88.39,321,321
88.39,309,307
88.39,320,320
88.39,313,310
88.39,319,322
88.39,319,315
88.4,312,316
88.47,322,318
88.47,309,311
88.47,325,322
88.47,311,312
88.47,328,326
88.47,311,311
88.47,325,325
88.53,309,309
88.53,322,322
88.53,310,308
88.53,322,322
88.53,310,309
88.53,320,321
88.53,315,312
88.59,316,319
88.59,321,317
88.59,313,317
88.59,325,321
88.59,311,313
88.59,328,327
88.6,315,314
88.65,331,330
88.65,315,314
88.65,332,331
88.65,316,316
88.65,330,330
88.66,315,314
88.66,329,331
88.72,318,317
88.72,326,327
88.72,323,319
88.72,321,323
88.72,328,323
88.72,318,320
88.73,331,329
88.79,313,315
88.79,332,330
88.79,316,316
88.79,330,330
88.79,317,316
88.79,332,332
88.79,314,313
88.85,328,329
88.85,318,317
88.86,324,325
88.86,320,316
88.86,321,324
88.86,323,320
88.86,316,321
88.92,326,324
88.92,318,319
88.92,331,327
88.92,315,315
88.92,331,330
88.92,317,316
88.93,334,332
88.98,315,314
88.98,328,329
88.98,317,314
88.98,328,329
88.98,317,315
88.98,324,326
88.99,321,318
89.04,323,325
89.04,325,322
89.04,316,320
89.04,329,326
89.04,314,315
89.05,331,329
89.06,311,313
89.12,329,328
89.12,311,311
89.12,328,327
89.12,312,312
89.12,328,329
89.12,312,312
89.12,325,325
89.18,315,312
89.18,319,322
89.18,318,315
89.18,313,316
89.18,322,317
89.18,310,312
89.19,323,321
89.25,309,309
89.25,324,324
89.25,308,309
89.25,324,322
89.25,307,307
89.25,322,322
89.25,307,305
89.31,322,321
89.31,307,305
89.31,316,317
89.31,311,308
89.31,313,316
89.31,315,312
89.32,309,310
89.37,319,316
89.37,307,308
89.37,320,317
89.37,306,305
89.37,321,320
89.38,305,304
89.38,320,319
89.43,304,302
89.43,320,320
89.43,305,303
89.43,317,317
89.43,307,304
89.44,311,314
89.45,306,304
89.51,306,310
89.51,309,305
89.51,302,304
89.51,312,309
89.51,296,298
89.51,312,311
89.52,294,296
89.58,312,310
89.58,294,294
89.58,311,311
89.58,296,295
89.58,312,311
89.58,297,296
89.58,308,308
89.64,301,298
89.64,306,307
89.64,301,298
89.64,302,302
89.64,307,303
89.64,294,297
89.65,306,305
89.7,293,292
89.7,305,305
89.7,292,291
89.7,306,306
89.7,291,290
89.7,308,308
89.71,290,290
89.76,304,306
89.76,293,292
89.76,304,304
89.76,299,296
89.76,300,303
89.77,301,297
89.78,295,299
89.84,305,303
89.84,292,295
89.84,308,306
89.84,294,293
89.84,312,312
89.84,295,295
89.84,314,312
89.91,297,296
89.91,313,313
89.91,300,298
89.91,313,314
89.91,303,302
89.91,311,313
89.91,308,306
89.97,310,312
89.97,315,312
89.97,306,309
89.97,324,320
89.97,309,309
89.97,323,322
89.97,306,307
90.03,322,322
90.03,306,306
90.03,325,323
90.03,307,305
90.03,321,321
90.03,311,309
90.04,320,323
90.09,312,309
90.09,315,319
90.09,317,314
90.09,312,315
90.09,320,317
90.1,308,311
90.11,323,321
90.17,311,310
90.17,324,323
90.17,309,308
90.17,327,325
90.17,311,310
90.17,325,325
90.17,309,308
90.23,323,324
90.23,313,311
90.23,321,322
90.23,319,315
90.23,319,322
90.23,321,317
90.24,315,317
90.29,324,322
90.29,309,312
90.29,329,327
90.29,311,312
90.29,329,329
90.29,313,312
90.3,326,327
90.36,312,311
90.36,328,327
90.36,314,313
90.36,328,330
90.36,316,315
90.36,322,324
90.37,323,318
90.42,317,320
90.42,324,321
90.42,313,316
90.42,325,323
90.42,310,309
90.42,325,323
90.43,306,307
90.5,323,322
90.5,305,304
90.5,321,320
90.5,305,302
90.5,316,316
90.5,303,302
90.5,309,312
90.56,301,299
90.56,304,308
90.56,305,302
90.56,301,303
90.56,308,305
90.56,296,298
90.56,310,307
90.62,294,295
90.62,308,307
90.62,293,292
90.62,308,307
90.62,291,290
90.62,306,305
90.63,290,290
90.68,303,303
90.68,292,289
90.68,299,300
90.68,294,290
90.68,294,297
90.69,300,295
90.69,288,291
90.75,300,298
90.75,288,289
90.75,303,303
90.75,287,288
90.75,304,304
90.75,288,288
90.76,304,304
90.82,288,288
90.82,303,304
90.82,287,286
90.82,301,301
90.82,290,290
90.82,297,300
90.83,297,294
90.89,293,296
90.89,300,297
90.89,288,291
90.89,305,302
90.89,291,290
90.89,306,304
90.89,291,291
90.95,307,306
90.95,294,293
90.95,311,310
90.95,294,293
90.95,309,308
90.95,295,294
90.96,304,307
91.01,299,297
91.01,302,305
91.01,302,299
91.01,299,301
91.01,307,304
91.01,295,296
91.02,308,307
91.07,294,294
91.07,308,308
91.07,292,292
91.07,309,307
91.07,292,293
91.08,311,311
91.09,297,293
91.15,308,309
91.15,300,297
91.15,303,306
91.15,303,298
91.15,301,304
91.15,304,300
91.15,295,298
91.21,307,303
91.21,294,295
91.21,309,308
91.21,296,295
91.21,311,309
91.21,295,294
91.22,311,311
91.28,296,295
91.28,312,312
91.28,299,297
91.28,308,311
91.28,303,299
91.28,307,309
91.28,307,304
91.34,303,307
91.34,311,308
91.34,300,302
91.34,313,310
91.34,299,300
91.34,314,314
91.35,299,299
91.4,315,315
91.4,299,300
91.4,317,316
91.4,302,300
91.4,314,316
91.41,307,304
91.42,314,317
91.48,310,307
91.48,313,315
91.48,315,312
91.48,311,312
91.48,322,317
91.48,307,307
91.48,320,319
91.54,304,305
91.54,321,320
91.54,304,305
91.54,321,320
91.54,306,304
91.54,314,316
91.55,304,302
91.61,314,316
91.61,306,303
91.61,311,313
91.61,309,305
91.61,306,309
91.61,313,308
91.61,302,306
91.67,315,313
91.67,304,303
91.67,316,316
91.67,302,300
91.67,317,316
91.67,300,299
91.68,316,316
91.73,302,300
91.73,314,315
91.73,305,302
91.73,312,315
91.73,307,304
91.74,310,312
91.74,310,306
91.79,307,309
91.79,314,309
91.79,303,305
91.79,319,317
91.79,301,303
91.8,318,317
91.81,302,303
91.87,318,318
91.87,301,301
91.87,319,319
91.87,305,303
91.87,318,318
91.87,306,303
91.87,313,316
91.94,308,305
91.94,309,311
91.94,312,307
91.94,305,308
91.94,316,312
91.94,303,304
91.94,319,317
92.0,303,302
92.0,316,316
92.0,301,301
92.0,317,316
92.0,302,301
92.0,316,318
92.01,302,301
92.06,311,315
92.06,305,303
92.06,310,312
92.06,310,305
92.06,307,311
92.06,312,309
92.07,303,304
92.12,313,312
92.12,303,302
92.12,318,317
92.12,301,302
92.12,317,317
92.13,302,301
92.14,321,319
92.2,303,301
92.2,316,317
92.2,304,301
92.2,313,313
92.2,306,304
92.2,311,311
92.2,308,307
92.26,302,306
92.26,313,309
92.26,301,302
92.26,315,313
92.26,301,300
92.26,315,313
92.27,296,297
92.33,314,313
92.33,299,297
92.33,313,312
92.33,299,297
92.33,310,310
92.33,300,298
92.33,307,308
92.39,301,299
92.39,303,305
92.39,307,302
92.39,298,302
92.39,310,306
92.39,296,297
92.4,311,308
92.45,294,294
92.45,308,308
92.45,292,294
92.45,311,310
92.45,296,295
92.46,309,310
92.46,297,294
92.53,307,307
92.53,298,295
92.53,304,305
92.53,303,300
92.53,299,301
92.53,308,302
92.53,295,297
92.59,305,302
92.59,291,290
92.59,307,305
92.59,291,290
92.59,306,304
92.59,290,288
92.6,301,302
92.65,287,286
92.65,302,301
92.65,288,287
92.65,297,300
92.65,292,289
92.65,292,296
92.66,297,293
92.72,290,292
92.72,299,294
92.72,287,287
92.72,299,298
92.72,285,285
92.72,301,300
92.73,286,284
92.78,300,300
92.78,283,284
92.78,301,300
92.78,286,285
92.78,296,298
92.78,290,286
92.79,297,299
92.86,292,289
92.86,292,295
92.86,298,295
92.86,289,293
92.86,302,298
92.86,288,288
92.86,303,300
92.92,288,287
92.92,301,301
92.92,287,287
92.92,303,302
92.92,287,287
92.92,302,302
92.92,288,286
92.98,299,299
92.98,290,287
92.98,296,297
92.98,294,291
92.98,288,292
92.98,298,294
92.99,286,289
93.04,297,296
93.04,283,283
93.04,296,296
93.04,281,281
93.04,297,297
93.05,280,280
93.05,294,296
93.1,282,281
93.1,292,294
93.1,283,280
93.1,291,292
93.11,285,283
93.11,285,289
93.12,287,285
93.18,283,285
93.18,291,288
93.18,278,281
93.18,295,292
93.18,277,278
93.18,294,295
93.19,282,280
93.25,296,294
93.25,279,277
93.25,293,294
93.25,283,279
93.25,291,292
93.25,282,281
93.25,290,290
93.31,285,282
93.31,284,286
93.31,290,284
93.31,278,281
93.31,290,288
93.31,276,276
93.32,288,288
93.37,272,273
93.37,290,288
93.37,273,271
93.37,288,287
93.37,272,272
93.37,287,287
93.38,274,272
93.43,284,287
93.43,279,276
93.43,282,284
93.43,280,277
93.43,277,279
93.44,285,279
93.45,270,274
93.51,287,286
93.51,273,273
93.51,289,289
93.51,273,272
93.51,291,290
93.51,275,274
93.51,291,290
93.57,274,274
93.57,288,290
93.57,279,276
93.57,287,287
93.57,281,279
93.57,282,285
93.58,287,281
93.63,279,282
93.63,288,286
93.63,278,278
93.63,290,289
93.63,276,276
93.64,293,292
93.64,276,277
93.69,293,292
93.69,277,276
93.69,292,293
93.69,276,276
93.69,288,290
93.7,281,279
93.71,288,290
93.77,285,282
93.77,282,286
93.77,288,285
93.77,280,281
93.77,291,288
93.77,277,277
93.77,291,290
93.83,275,275
93.83,291,290
93.83,275,276
93.83,291,291
93.83,276,276
93.83,290,291
93.84,279,276
93.9,287,289
93.9,282,279
93.9,285,287
93.9,284,280
93.9,281,283
93.9,288,284
93.91,276,277
93.96,287,288
93.96,271,273
93.96,286,287
93.96,273,272
93.96,288,288
93.96,274,273
93.97,286,286
94.04,270,269
94.04,285,285
94.04,275,271
94.04,280,283
94.04,279,276
94.04,276,281
94.04,284,279
94.1,274,276
94.1,285,283
94.1,270,273
94.1,288,286
94.1,273,274
94.1,289,289
94.1,272,273
94.16,291,291
94.16,274,274
94.16,290,291
94.16,280,278
94.16,291,292
94.16,282,279
94.17,287,289
94.22,286,282
94.22,281,285
94.22,288,286
94.22,278,281
94.22,292,291
94.23,280,280
94.23,298,296
94.29,282,281
94.29,297,297
94.29,279,281
94.29,298,298
94.29,282,282
94.29,296,296
94.3,285,284
94.36,293,295
94.36,287,284
94.36,290,294
94.36,292,290
94.36,290,293
94.36,300,296
94.36,290,290
94.43,303,301
94.43,288,289
94.43,304,304
94.43,289,290
94.43,305,306
94.43,291,290
94.43,308,307
94.49,294,293
94.49,305,306
94.49,296,293
94.49,303,306
94.49,298,295
94.49,298,300
94.5,301,297
94.55,294,298
94.55,306,303
94.55,295,295
94.55,308,308
94.55,294,295
94.55,310,309
94.56,294,294
94.63,310,309
94.63,292,292
94.63,311,310
94.63,296,294
94.63,307,308
94.63,299,296
94.63,304,307
94.69,305,300
94.69,302,303
94.69,308,305
94.69,299,301
94.69,313,310
94.69,299,301
94.69,313,313
94.75,298,299
94.75,318,316
94.75,300,300
94.75,317,317
94.75,300,300
94.75,316,317
94.76,303,303
94.81,314,315
94.81,309,305
94.81,310,312
94.81,313,309
94.81,303,308
94.82,315,311
94.82,302,305
94.88,317,315
94.88,302,302
94.88,318,316
94.88,302,302
94.88,319,317
94.88,302,301
94.89,319,318
94.94,303,304
94.94,317,316
94.94,305,304
94.94,313,316
94.94,311,307
94.95,310,311
94.95,317,312
95.02,304,308
95.02,319,315
95.02,305,305
95.02,319,318
95.02,303,304
95.02,320,319
95.02,302,303
95.08,319,320
95.08,305,304
95.08,319,320
95.08,306,306
95.08,321,324
95.08,318,313
95.09,320,324
95.14,325,320
95.14,321,324
95.14,331,327
95.14,321,323
95.14,337,336
95.14,325,324
95.16,339,338
95.16,325,324
95.17,340,340
95.18,326,328
95.24,343,343
95.24,329,328
95.24,342,344
95.24,331,330
95.24,344,345
95.24,337,334
95.25,338,342
95.3,344,339
95.3,335,338
95.3,346,343
95.3,333,335
95.3,349,348
95.3,333,333
95.31,348,349
95.36,333,334
95.36,348,348
95.36,333,331
95.36,349,348
95.36,332,332
95.37,344,346
95.38,332,330
95.44,336,340
95.44,334,331
95.44,333,335
95.44,338,334
95.44,327,330
95.44,340,337
95.44,324,325
95.51,340,337
95.51,321,321
95.51,336,337
95.51,320,319
95.51,334,334
95.51,318,318
95.51,332,333
95.57,318,316
95.57,327,328
95.57,320,317
95.57,323,325
95.57,321,316
95.57,315,317
95.57,322,319
95.63,308,312
95.63,322,319
95.63,308,307
95.63,323,320
95.63,303,304
95.63,321,320
95.64,303,303
95.7,317,318
95.7,301,300
95.7,315,314
95.7,300,299
95.7,310,310
95.7,301,298
95.7,302,305
95.76,307,302
95.76,299,300
95.76,309,305
95.76,295,297
95.76,308,308
95.76,295,293
95.77,308,308
95.83,289,292
95.83,306,307
95.83,291,289
95.83,305,304
95.83,291,289
95.83,300,302
95.83,291,289
95.9,296,298
95.9,293,290
95.9,290,293
95.9,296,293
95.9,288,290
95.9,297,295
95.9,285,285
95.96,298,298
95.96,283,282
95.96,298,299
95.96,286,284
95.96,301,299
95.96,284,284
95.97,297,298
96.02,285,283
96.02,295,294
96.02,285,283
96.02,290,291
96.02,289,286
96.02,281,284
96.03,290,287
96.08,276,279
96.08,291,288
96.08,272,273
96.08,291,290
96.08,275,273
96.09,289,288
96.1,272,272
96.16,287,287
96.16,272,271
96.16,284,286
96.16,275,273
96.16,282,284
96.16,279,275
96.16,277,278
96.22,280,275
96.22,270,273
96.22,283,280
96.22,270,270
96.22,283,281
96.22,267,265
96.23,279,277
96.28,260,258
96.28,277,276
96.28,262,260
96.28,273,273
96.28,258,255
96.29,269,269
96.29,256,254
96.35,259,261
96.35,258,255
96.35,253,256
96.35,257,254
96.35,247,249
96.35,257,256
96.36,242,243
96.41,255,255
96.41,241,240
96.41,256,254
96.41,238,238
96.41,251,252
96.42,234,233
96.43,250,249
96.49,234,232
96.49,242,244
96.49,236,233
96.49,238,240
96.49,237,234
96.49,231,233
96.49,238,236
96.55,225,228
96.55,240,237
96.55,220,223
96.55,239,239
96.55,224,222
96.55,240,240
96.56,224,224
96.61,240,239
96.61,224,224
96.61,240,240
96.61,231,228
96.61,240,241
96.61,237,234
96.62,238,242
96.67,244,241
96.68,237,240
96.68,251,248
96.68,240,240
96.68,255,253
96.68,241,240
96.69,257,257
96.74,245,244
96.74,262,262
96.74,248,248
96.74,267,266
96.74,255,252
96.74,268,269
96.75,261,258
96.82,268,270
96.82,270,267
96.82,268,271
96.82,280,276
96.82,270,274
96.82,286,286
96.82,277,277
96.88,295,293
96.88,280,280
96.88,298,297
96.88,282,283
96.88,301,302
96.88,288,286
96.88,301,302
96.94,290,289
96.94,303,304
96.94,299,297
96.94,302,304
96.94,305,301
96.94,298,302
96.95,311,307
97.01,299,299
97.01,312,311
97.01,298,299
97.01,318,316
97.01,303,303
97.01,322,321
97.01,307,304
97.07,321,322
97.07,309,306
97.07,320,322
97.07,314,311
97.07,319,321
97.07,318,315
97.08,316,320
97.15,323,319
97.15,313,316
97.15,325,323
97.15,311,312
97.15,330,327
97.15,315,313
97.15,328,327
97.21,311,311
97.21,328,328
97.21,311,310
97.21,326,327
97.21,313,310
97.21,321,323
97.21,315,312
97.27,317,319
97.27,318,314
97.27,313,315
97.27,322,317
97.27,309,311
97.27,323,321
97.28,308,311
97.33,327,324
97.33,309,309
97.33,326,325
97.33,309,308
97.33,325,325
97.33,310,309
97.34,322,324
97.39,314,311
97.39,320,322
97.39,317,313
97.39,316,320
97.39,321,316
97.4,312,313
97.41,320,317
97.47,306,309
97.47,322,320
97.47,307,306
97.47,323,321
97.47,303,303
97.47,320,320
97.47,305,303
97.54,316,317
97.54,304,302
97.54,315,317
97.54,306,304
97.54,311,314
97.54,309,305
97.54,307,309
97.6,312,308
97.6,302,305
97.6,316,314
97.6,302,302
97.6,316,315
97.6,300,301
97.6,315,315
97.66,299,299
97.66,313,312
97.66,297,296
97.66,312,312
97.66,298,297
97.66,307,308
97.67,301,297
97.72,302,304
97.72,302,299
97.72,296,299
97.72,307,303
97.72,295,297
97.73,310,308
97.74,294,295
97.8,309,309
97.8,294,293
97.8,309,310
97.8,295,294
97.8,308,308
97.8,292,292
97.8,304,306
97.86,296,294
97.86,302,305
97.86,301,297
97.86,300,301
97.86,305,300
97.86,294,298
97.87,306,304
97.92,292,293
97.92,309,306
97.92,291,292
97.92,310,308
97.92,290,291
97.92,311,309
97.93,292,291
97.98,307,308
97.98,294,292
97.98,305,306
97.98,293,292
97.98,301,303
97.99,300,296
98.0,294,298
98.06,303,299
98.06,293,294
98.06,304,303
98.06,290,290
98.06,304,304
98.06,289,290
98.06,307,306
98.12,290,290
98.12,304,306
98.12,293,291
98.12,303,305
98.12,293,292
98.12,304,306
98.13,297,295
98.18,300,303
98.18,300,297
98.18,294,296
98.18,304,300
98.18,288,290
98.19,301,300
98.19,287,287
98.25,303,301
98.25,284,284
98.25,302,301
98.25,283,282
98.25,298,299
98.25,286,283
98.26,298,297
98.31,285,283
98.31,293,295
98.31,291,286
98.31,288,290
98.31,292,289
98.32,285,287
98.33,295,292
98.39,282,282
98.39,295,295
98.39,281,281
98.39,297,297
98.39,281,280
98.39,295,295
98.39,280,281
98.45,296,295
98.45,282,281
98.45,294,294
98.45,283,280
98.45,287,289
98.45,287,282
98.46,283,286
98.52,290,287
98.52,277,280
98.52,295,292
98.52,280,280
98.52,296,295
98.52,280,281
98.52,298,296
98.58,284,282
98.58,298,298
98.58,281,280
98.58,296,297
98.58,285,283
98.58,294,297
98.59,288,286
98.64,291,295
98.64,295,291
98.64,288,291
98.64,300,297
98.64,286,288
98.64,300,300
98.65,285,286
98.7,304,302
98.7,286,286
98.7,302,303
98.7,287,285
98.7,302,302
98.71,288,288
98.72,302,303
98.78,291,289
98.78,301,303
98.78,299,296
98.78,299,301
98.78,303,298
98.78,293,296
98.78,306,303
98.84,290,293
98.84,309,307
98.84,294,292
98.84,310,309
98.84,294,294
98.84,312,312
98.85,297,295
98.91,312,312
98.91,298,296
98.91,307,309
98.91,302,298
98.91,305,307
98.91,306,302
98.92,301,304
98.97,308,306
98.97,299,301
98.97,312,309
98.97,294,296
98.97,312,310
98.97,294,295
98.98,313,313
99.04,296,295
99.04,311,312
99.04,297,296
99.04,311,311
99.05,299,297
99.05,308,310
99.05,301,297
99.11,304,307
99.11,306,302
99.11,296,300
99.11,309,306
99.11,294,297
99.11,311,308
99.11,293,293
99.17,311,309
99.17,294,294
99.17,308,309
99.17,292,293
99.17,308,308
99.17,295,294
99.18,309,308
99.23,298,294
99.23,305,307
99.23,301,297
99.23,301,302
99.23,306,301
99.23,294,296
99.24,305,304
99.29,294,293
99.29,306,307
99.29,292,292
99.29,307,307
99.29,291,290
99.3,307,307
99.31,291,289
99.37,304,305
99.37,291,289
99.37,300,302
99.37,293,290
99.37,297,298
99.37,296,294
99.37,294,295
99.43,300,296
99.43,288,291
99.43,303,300
99.44,289,288
99.44,305,303
99.44,288,288
99.44,303,303
99.5,289,287
99.5,302,303
99.5,287,287
99.5,304,303
99.5,291,288
99.5,300,301
99.5,292,290
99.56,296,298
99.56,299,295
99.56,291,293
99.56,304,299
99.56,288,290
99.56,300,301
99.57,286,287
99.62,302,302
99.62,287,286
99.62,304,303
99.62,287,285
99.62,301,300
99.63,288,286
99.64,301,301
99.7,290,288
99.7,298,300
99.7,294,292
99.7,294,297
99.7,303,298
99.7,292,294
99.7,303,301
99.76,292,292
99.76,306,305
99.76,290,291
99.76,306,305
99.76,288,288
99.76,307,306
99.77,290,290
99.83,307,306
99.83,292,290
99.83,302,303
99.83,295,293
99.83,298,301
99.83,299,296
99.83,296,298
99.89,303,300
99.89,294,296
99.89,307,305
99.89,292,291
99.89,308,307
99.89,291,291
99.9,309,308
99.95,292,293
99.95,308,308
99.95,293,294
99.95,308,309
99.95,294,294
99.96,304,307
99.96,301,298
100.01,301,303
100.01,303,300
100.01,297,299
100.01,308,305
100.01,295,296
100.02,306,306
100.03,294,292
100.09,309,307
100.09,293,292
100.09,309,307
100.09,290,290
100.09,305,305
100.09,290,290
100.09,302,304
100.15,294,292
100.15,302,305
100.15,300,297
100.15,298,301
100.15,303,300
100.15,296,298
100.16,306,303
100.21,293,292
100.21,307,307
100.21,293,292
100.22,308,307
100.22,292,292
100.22,307,307
100.23,295,294
100.28,309,308
100.28,296,293
100.28,307,307
100.28,299,296
100.28,302,305
100.28,302,300
100.29,301,303
100.35,306,304
100.35,296,297
100.35,308,307
100.35,295,295
100.35,309,309
100.35,293,292
100.36,306,307
100.42,291,292
100.42,307,307
100.42,293,290
100.42,305,306
100.42,290,289
100.42,299,301
100.42,293,290
100.48,293,296
100.48,298,295
100.48,288,292
100.48,300,297
100.48,287,289
100.48,302,301
100.49,287,287
100.54,302,302
100.54,286,286
100.54,305,304
100.54,286,286
100.54,301,301
100.55,287,285
100.55,299,300
100.62,291,287
100.62,293,294
100.62,290,288
100.62,290,292
100.62,296,293
100.62,284,289
100.62,300,296
100.68,289,288
100.68,302,301
100.68,284,286
100.68,303,303
100.68,289,289
100.68,305,306
100.68,291,292
100.74,304,307
100.74,295,294
100.74,309,309
100.74,300,298
100.74,305,305
100.74,304,302
100.75,299,302
100.81,309,306
100.81,298,299
100.81,312,310
100.81,295,297
100.81,312,310
100.81,295,294
100.82,312,310
100.87,292,292
100.87,306,308
100.87,292,292
100.87,303,305
100.87,293,291
100.87,298,302
100.88,297,292
100.93,296,299
100.93,302,297
100.93,293,294
100.93,305,301
100.93,289,291
100.94,304,303
100.95,290,289
101.01,306,304
101.01,290,288
101.01,304,304
101.01,289,289
101.01,304,304
101.01,292,289
101.01,304,304
101.07,293,291
101.07,297,299
101.07,299,296
101.07,295,300
101.07,303,300
101.07,293,296
101.08,307,305
101.13,292,293
101.13,309,307
101.13,293,292
101.13,310,308
101.13,293,293
101.14,311,309
101.14,295,294
101.2,308,308
101.2,295,293
101.2,303,304
101.2,295,293
101.2,300,302
101.2,300,296
101.21,296,298
101.26,304,300
101.26,294,294
101.26,307,305
101.26,293,293
101.26,311,308
101.27,294,295
101.27,311,311
101.34,297,296
101.34,313,314
101.34,298,298
101.34,310,312
101.34,302,300
101.34,309,310
101.34,304,302
101.4,306,307
101.4,310,305
101.4,299,302
101.4,313,310
101.4,298,298
101.4,311,312
101.41,298,296
101.46,313,313
101.46,297,298
101.46,313,312
101.46,299,298
101.46,314,313
101.46,303,301
101.47,313,314
101.52,303,302
101.52,308,311
101.52,308,303
101.52,304,307
101.52,312,308
101.53,300,302
101.54,310,307
101.59,294,296
101.59,310,310
101.59,297,295
101.59,312,311
101.59,295,295
101.59,310,311
101.6,296,296
101.66,310,311
101.66,300,298
101.66,310,311
101.67,301,299
101.67,304,308
101.67,307,303
101.67,300,304
101.73,313,308
101.73,298,300
101.73,316,312
101.73,296,298
101.73,315,314
101.73,299,299
101.73,316,315
101.79,301,300
101.79,315,316
101.79,302,302
101.79,317,317
101.79,306,303
101.79,313,314
101.8,309,305
101.85,308,310
101.85,314,309
101.85,304,307
101.85,315,312
101.85,300,302
101.86,314,315
101.86,299,299
101.92,315,314
101.92,298,298
101.92,313,313
101.92,298,298
101.92,312,314
101.92,303,300
101.93,315,315
101.99,307,303
101.99,310,311
101.99,310,307
101.99,303,306
101.99,312,309
101.99,301,303
102.0,315,314
102.06,301,301
102.06,315,313
102.06,299,300
102.06,316,314
102.06,299,298
102.06,314,314
102.06,301,300
102.12,313,313
102.12,301,300
102.12,310,312
102.12,306,302
102.12,307,309
102.12,308,306
102.13,302,305
102.18,313,309
102.18,302,302
102.18,312,312
102.18,300,299
102.18,312,312
102.18,300,300
102.19,316,315
102.24,300,300
102.24,316,315
102.24,299,298
102.24,312,314
102.24,301,300
102.25,308,310
102.26,305,303
102.32,307,309
102.32,309,307
102.32,302,304
102.32,315,311
102.32,301,301
102.32,315,314
102.32,300,299
102.39,315,314
102.39,302,301
102.39,318,316
102.39,302,302
102.39,317,318
102.39,304,301
102.39,314,316
102.45,306,304
102.45,310,313
102.45,312,307
102.45,307,310
102.45,317,312
102.45,305,306
102.45,318,316
102.51,303,303
102.51,315,315
102.51,299,299
102.51,318,317
102.51,302,300
102.51,314,316
102.52,300,299
102.57,313,313
102.57,301,300
102.57,309,311
102.57,304,301
102.57,304,307
102.58,307,303
102.59,301,302
102.64,309,305
102.64,295,299
102.64,312,311
102.64,296,297
102.64,313,311
102.64,294,294
102.65,311,312
102.66,297,296
102.67,310,312
102.68,296,296
102.73,310,312
102.73,303,299
102.73,307,309
102.73,303,302
102.73,303,306
102.74,310,307
102.74,302,304
102.81,313,311
102.81,299,300
102.81,313,313
102.81,296,297
102.81,313,314
102.81,299,298
102.81,316,315
102.87,299,296
102.87,312,312
102.87,297,294
102.87,307,308
102.87,299,296
102.87,304,305
102.88,302,298
102.93,298,300
102.93,307,302
102.93,295,294
102.93,307,304
102.93,294,293
102.93,307,308
102.94,292,294
103.0,309,310
103.0,294,294
103.0,308,309
103.0,294,294
103.0,309,309
103.0,296,293
103.01,304,306
103.06,301,296
103.06,299,302
103.06,303,300
103.06,297,299
103.06,306,304
103.06,294,294
103.07,307,305
103.12,291,292
103.12,307,306
103.12,290,290
103.12,307,307
103.12,290,290
103.13,306,306
103.14,292,289
103.2,304,304
103.2,296,293
103.2,300,302
103.2,300,296
103.2,299,300
103.2,303,299
103.2,294,297
103.27,308,305
103.27,293,294
103.27,310,308
103.27,292,294
103.27,309,309
103.27,290,292
103.27,309,308
103.33,291,290
103.33,305,306
103.33,295,293
103.33,304,305
103.33,297,295
103.33,298,303
103.33,300,297
103.39,294,298
103.39,305,302
103.39,290,292
103.39,307,304
103.39,290,290
103.39,305,303
103.4,288,287
103.47,304,304
103.47,288,287
103.47,304,303
103.47,288,288
103.47,304,303
103.47,294,291
103.47,302,305
103.53,299,295
103.53,296,299
103.53,302,298
103.53,292,296
103.53,306,304
103.53,294,294
103.53,307,306
103.59,292,292
103.59,310,310
103.59,295,292
103.59,309,309
103.59,295,296
103.59,313,312
103.6,298,296
103.65,310,311
103.65,303,300
103.65,307,309
103.65,307,302
103.65,301,305
103.65,310,307
103.66,300,302
103.71,313,311
103.71,298,298
103.71,315,313
103.71,299,300
103.71,317,315
103.72,300,301
103.73,316,316
103.79,301,300
103.79,313,314
103.79,302,297
103.79,310,311
103.79,303,301
103.79,306,309
103.79,307,303
103.85,298,303
103.85,312,309
103.85,297,298
103.85,313,310
103.85,297,296
103.85,314,314
103.86,298,298
103.92,315,316
103.92,298,298
103.92,315,316
103.92,301,301
103.92,313,316
103.92,304,303
103.92,312,314
103.98,309,305
103.98,307,310
103.98,313,309
103.98,305,309
103.98,321,317
103.98,305,306
103.99,321,320
104.04,305,307
104.04,320,320
104.04,303,304
104.04,320,320
104.04,306,306
104.05,323,323
104.06,309,306
104.12,316,319
104.12,311,308
104.12,317,318
104.12,315,311
104.12,310,315
104.12,320,317
104.12,310,312
104.18,322,320
104.18,308,308
104.18,323,323
104.18,309,308
104.18,324,323
104.18,307,307
104.19,325,324
104.24,309,309
104.24,323,322
104.25,312,310
104.25,321,322
104.25,313,310
104.25,317,320
104.25,318,315
104.31,312,315
104.31,323,319
104.31,309,311
104.31,324,322
104.31,307,308
104.31,324,324
104.32,310,308
104.37,323,323
104.37,309,308
104.37,324,324
104.37,310,308
104.37,322,324
104.38,313,310
104.38,319,321
104.45,316,313
104.45,313,316
104.45,319,315
104.45,309,312
104.45,321,320
104.45,309,310
104.45,325,324
104.51,311,310
104.51,328,327
104.51,307,307
104.51,324,324
104.51,308,307
104.51,318,321
104.51,311,308
104.57,319,320
104.57,312,308
104.57,315,316
104.57,311,309
104.57,308,310
104.57,317,313
104.58,305,306
104.64,319,315
104.64,303,303
104.64,319,318
104.64,300,300
104.64,318,317
104.64,300,300
104.65,317,316
104.7,301,300
104.7,316,316
104.7,307,303
104.7,313,314
104.7,309,304
104.7,309,311
104.71,312,309
104.76,305,308
104.76,316,313
104.76,305,305
104.76,318,316
104.76,303,303
104.77,320,319
104.78,305,304
104.84,322,322
104.84,306,307
104.84,323,324
104.84,311,309
104.84,320,323
104.84,314,311
104.84,317,321
104.9,320,316
104.9,317,320
104.9,325,320
104.9,311,315
104.9,329,326
104.9,314,314
104.91,328,328
104.96,314,313
104.96,328,328
104.96,313,312
104.96,328,329
104.96,314,314
104.96,329,330
104.97,317,314
105.03,327,327
105.03,321,317
105.03,321,324
105.03,323,318
105.03,317,319
105.03,326,321
105.04,313,313
105.09,329,326
105.09,310,311
105.09,328,326
105.09,311,310
105.09,325,324
105.1,307,306
105.1,318,320
105.17,303,304
105.17,318,318
105.17,305,304
105.17,310,314
105.17,308,305
105.17,309,312
105.17,314,311
105.23,305,307
105.23,316,312
105.23,300,301
105.23,316,313
105.23,297,298
105.23,315,313
105.23,296,296
105.29,314,313
105.29,295,294
105.29,310,308
105.29,296,292
105.29,304,307
105.29,296,295
105.3,303,304
105.36,301,298
105.36,299,302
105.36,304,301
105.36,294,295
105.36,307,305
105.36,293,294
105.37,309,306
105.42,292,291
105.42,305,305
105.42,291,289
105.42,305,304
105.42,290,289
105.42,303,303
105.43,290,288
105.48,299,300
105.48,292,290
105.48,297,298
105.48,296,291
105.48,290,293
105.49,300,297
105.5,289,290
105.56,304,300
105.56,285,287
105.56,304,302
105.56,286,286
105.56,305,303
105.56,289,288
105.56,302,303
105.62,287,286
105.62,302,302
105.62,291,289
105.62,298,299
105.62,292,290
105.62,296,297
105.63,301,296
105.69,291,293
105.69,304,300
105.69,290,290
105.69,304,303
105.69,288,291
105.69,307,306
105.69,292,292
105.75,308,308
105.75,292,292
105.75,309,308
105.75,297,294
105.75,306,308
105.75,299,296
105.76,302,305
105.81,304,300
105.81,300,303
105.81,308,303
105.81,296,298
105.81,310,308
105.82,295,295
105.82,312,310
105.89,295,295
105.89,309,308
105.89,295,294
105.89,312,311
105.89,295,294
105.89,307,309
105.89,299,296
105.95,305,307
105.95,303,299
105.95,302,305
105.95,306,303
105.95,301,303
105.95,314,309
105.96,299,300
106.01,314,313
106.01,299,299
106.01,315,314
106.01,299,299
106.01,315,314
106.01,301,299
106.02,313,314
106.08,300,298
106.08,313,315
106.08,306,302
106.08,311,312
106.08,310,307
106.08,307,310
106.09,315,311
106.14,305,308
106.14,319,316
106.14,305,307
106.14,322,321
106.14,307,306
106.14,322,321
106.15,306,306
106.22,321,321
106.22,305,305
106.22,322,323
106.22,310,309
106.22,320,322
106.22,318,313
106.22,318,321
106.28,319,315
106.28,314,317
106.28,322,318
106.28,311,312
106.28,323,320
106.28,305,307
106.28,322,322
106.34,307,307
106.34,325,322
106.34,306,306
106.34,322,322
106.34,309,307
106.34,322,321
106.35,311,307
106.4,317,319
106.4,312,310
106.4,314,317
106.4,316,312
106.4,307,311
106.41,318,316
106.41,306,307
106.47,319,318
106.47,305,305
106.47,319,319
106.47,303,304
106.47,320,320
106.47,306,306
106.48,318,320
106.54,306,305
106.54,316,317
106.54,309,305
106.54,313,315
106.54,312,308
106.54,310,312
106.55,317,312
106.6,306,307
106.6,317,315
106.6,301,304
106.6,320,318
106.6,305,304
106.6,321,319
106.61,304,302
106.67,318,318
106.67,302,301
106.67,316,316
106.67,307,304
106.67,315,316
106.67,309,304
106.68,310,314
106.73,313,308
106.73,306,309
106.73,316,313
106.73,306,306
106.73,318,316
106.73,301,302
106.74,319,318
106.81,301,302
106.81,320,319
106.81,300,300
106.81,318,320
106.81,302,301
106.81,316,317
106.81,305,304
106.87,314,316
106.87,308,305
106.87,309,312
106.87,312,309
106.87,302,307
106.87,316,314
106.87,301,304
106.93,319,316
106.93,302,301
106.93,321,319
106.93,303,302
106.93,321,320
106.93,303,303
106.94,321,321
106.99,303,303
106.99,319,320
106.99,308,306
106.99,315,318
106.99,316,312
107.0,310,316
107.0,320,316
107.06,311,312
107.06,326,321
107.06,311,311
107.06,327,325
107.06,310,309
107.06,324,324
107.07,309,308
107.12,325,325
107.12,309,309
107.12,324,325
107.12,311,310
107.12,320,323
107.13,314,309
107.14,316,320
107.2,318,315
107.2,313,314
107.2,323,319
107.2,308,310
107.2,325,322
107.2,307,308
107.2,323,323
107.26,306,306
107.26,324,324
107.26,307,306
107.26,322,322
107.26,306,306
107.26,320,322
107.27,311,309
107.32,318,321
107.32,315,311
107.32,315,317
107.32,319,314
107.32,309,313
107.32,325,320
107.33,306,307
107.38,323,322
107.38,305,306
107.38,324,323
107.38,308,307
107.38,324,323
107.39,307,307
107.4,326,326
107.46,310,310
107.46,324,326
107.46,316,312
107.46,320,322
107.46,319,315
107.46,319,321
107.46,325,323
107.52,315,316
107.52,327,326
107.52,313,315
107.52,329,328
107.52,315,313
107.52,330,330
107.53,313,314
107.58,329,329
107.58,313,313
107.58,328,330
107.58,316,315
107.58,329,330
107.59,323,319
107.59,325,327
107.65,329,324
107.65,325,327
107.65,335,330
107.65,320,322
107.65,337,336
107.65,322,322
107.66,340,337
107.71,320,320
107.71,337,336
107.71,320,319
107.71,337,336
107.71,322,320
107.72,334,335
107.73,320,319
107.79,328,331
107.79,325,321
107.79,323,325
107.79,328,323
107.79,318,320
107.79,331,328
107.79,318,318
107.85,332,330
107.85,313,313
107.85,331,329
107.85,313,312
107.85,331,330
107.85,315,312
107.86,328,328
107.91,313,310
107.91,325,325
107.91,313,310
107.91,317,319
107.91,316,313
107.91,310,314
107.92,319,313
107.97,304,307
107.97,321,318
107.97,302,303
107.97,318,317
107.97,301,302
107.98,320,319
107.99,300,301
108.05,319,318
108.05,303,302
108.05,318,318
108.05,305,303
108.05,313,314
108.05,306,301
108.05,305,309
108.11,309,306
108.11,301,304
108.11,312,309
108.11,296,299
108.11,310,310
108.11,297,295
108.12,311,311
108.18,293,293
108.18,312,311
108.18,294,293
108.18,308,308
108.18,287,286
108.18,298,300
108.18,287,285
108.24,290,294
108.24,292,289
108.24,293,296
108.24,303,298
108.24,296,299
108.24,314,311
108.25,301,303
108.3,323,322
108.3,311,311
108.3,331,331
108.3,318,318
108.3,337,336
108.31,324,324
108.32,342,344
108.38,332,330
108.38,346,348
108.38,340,337
108.38,346,349
108.38,348,343
108.38,344,346
108.38,354,351
108.44,344,344
108.44,359,356
108.44,343,343
108.44,360,359
108.44,345,344
108.44,361,361
108.45,344,344
108.5,361,361
108.5,346,343
108.5,359,360
108.5,346,344
108.5,356,358
108.5,351,347
108.51,350,352
108.57,355,351
108.57,343,346
108.57,353,350
108.57,340,342
108.57,355,353
108.57,338,337
108.58,353,352
108.63,337,337
108.63,352,352
108.63,333,334
108.63,350,350
108.63,335,333
108.63,345,347
108.64,334,331
108.71,340,342
108.71,336,333
108.71,335,337
108.71,337,334
108.71,328,330
108.71,337,335
108.71,323,323
108.77,339,337
108.77,319,320
108.77,336,336
108.77,318,317
108.77,334,334
108.77,318,318
108.77,333,333
108.83,321,318
108.83,326,330
108.83,321,318
108.83,326,327
108.83,324,322
108.83,320,323
108.84,329,324
108.89,316,318
108.89,329,327
108.89,313,313
108.89,329,326
108.89,312,312
108.9,328,328
108.9,310,310
108.96,326,326
108.96,309,308
108.96,324,326
108.96,311,310
108.96,318,321
108.96,315,311
108.97,315,317
109.03,317,314
109.03,309,311
109.03,321,318
109.03,309,308
109.03,321,319
109.03,304,303
109.04,319,318
109.09,304,303
109.09,319,318
109.09,302,302
109.1,318,319
109.1,303,302
109.1,315,317
109.1,307,304
109.16,312,313
109.16,308,305
109.16,303,307
109.16,312,307
109.16,300,303
109.16,317,313
109.17,300,301
109.22,316,316
109.22,302,301
109.22,319,318
109.22,300,301
109.22,320,319
109.22,302,302
109.23,319,318
109.28,306,303
109.28,314,317
109.28,308,305
109.28,311,313
109.28,312,309
109.29,308,311
109.3,318,315
109.36,305,306
109.36,320,318
109.36,303,303
109.36,322,319
109.36,303,302
109.36,320,320
109.36,305,304
109.42,318,320
109.42,305,305
109.42,319,319
109.42,307,305
109.42,316,319
109.42,313,309
109.43,311,314
109.48,318,313
109.48,308,310
109.49,320,318
109.49,310,309
109.49,322,322
109.49,305,305
109.49,323,322
109.55,304,304
109.55,321,322
109.55,305,305
109.55,322,322
109.55,309,306
109.55,318,320
109.56,312,309
109.63,315,319
109.63,314,311
109.63,311,315
109.63,322,317
109.63,309,311
109.63,325,321
109.63,308,308
109.69,325,323
109.69,309,308
109.69,327,325
109.69,306,306
109.69,324,324
109.69,307,306
109.69,322,323
109.75,309,307
109.75,318,320
109.75,310,308
109.75,312,316
109.75,317,313
109.75,312,315
109.76,324,320
109.81,309,311
109.81,325,323
109.81,308,308
109.81,325,322
109.81,307,305
109.81,322,322
109.82,305,304
109.87,321,322
109.87,306,305
109.87,321,322
109.87,309,308
109.87,318,321
109.88,314,311
109.89,316,319
109.95,321,318
109.95,313,314
109.95,325,321
109.95,312,313
109.95,327,325
109.95,311,312
109.95,326,327
110.02,311,310
110.02,329,329
110.02,313,311
110.02,327,329
110.02,314,312
110.02,326,329
110.02,319,316
110.03,325,327
110.04,325,319
110.05,319,322
110.11,331,326
110.11,318,321
110.11,333,331
110.11,318,319
110.11,334,332
110.11,315,314
110.11,334,333
110.17,312,312
110.17,330,329
110.17,315,312
110.17,325,327
110.17,314,311
110.17,323,325
110.18,316,313
110.23,318,320
110.23,319,314
110.23,309,312
110.23,320,317
110.23,307,308
110.24,320,319
110.24,304,303
110.3,320,320
110.3,303,303
110.3,321,321
110.3,302,302
110.3,318,319
110.3,303,300
110.31,316,317
110.36,305,303
110.36,311,315
110.36,309,307
110.36,309,314
110.36,317,313
110.37,307,311
110.38,321,318
110.44,306,308
110.44,324,322
110.44,307,306
110.44,326,324
110.44,307,306
110.44,327,326
110.44,311,310
110.5,327,329
110.5,315,312
110.5,326,329
110.5,319,315
110.5,326,327
110.5,326,320
110.51,320,323
110.56,328,325
110.56,317,318
110.56,329,327
110.56,312,314
110.56,333,330
110.56,313,313
110.57,334,332
110.62,315,314
110.62,329,330
110.62,314,312
110.62,327,328
110.62,317,314
110.63,324,326
110.64,319,316
110.7,320,324
110.7,325,320
110.7,317,319
110.7,325,322
110.7,315,315
110.7,328,327
110.7,312,312
110.76,329,327
110.76,312,312
110.76,328,327
110.76,310,310
110.76,325,325
110.76,312,310
110.77,322,324
110.83,315,311
110.83,320,322
110.83,317,312
110.83,315,316
110.83,322,317
110.83,310,313
110.83,324,321
110.89,307,307
110.89,325,323
110.89,308,309
110.89,326,325
110.89,307,307
110.89,325,326
110.9,311,310
110.95,325,325
110.95,313,310
110.95,325,325
110.95,316,314
110.95,321,323
110.96,321,318
110.97,317,319
111.03,326,321
111.03,310,312
111.03,328,324
111.03,308,310
111.03,326,325
111.03,309,308
111.03,328,327
111.09,310,308
111.09,327,328
111.09,310,308
111.09,326,326
111.09,312,310
111.09,320,322
111.1,315,312
111.16,318,320
111.16,318,314
111.16,312,314
111.16,324,320
111.16,308,311
111.16,324,325
111.16,308,310
111.22,329,326
111.22,311,311
111.22,331,329
111.22,309,308
111.22,327,328
111.22,314,312
111.23,326,328
111.28,316,315
111.28,325,326
111.28,320,316
111.28,318,321
111.28,323,319
111.28,313,316
111.29,326,323
111.36,309,310
111.36,324,324
111.36,307,308
111.36,323,324
111.36,306,306
111.36,323,322
111.36,303,303
111.42,320,320
111.42,304,303
111.42,315,317
111.42,307,304
111.42,308,312
111.42,312,307
111.42,304,308
111.48,312,309
111.48,300,301
111.48,315,312
111.48,298,299
111.48,315,314
111.48,299,299
111.49,314,315
111.54,296,297
111.54,315,315
111.54,299,296
111.54,313,313
111.54,300,297
111.55,311,312
111.56,305,300
111.61,306,308
111.61,310,304
111.61,302,303
111.61,311,309
111.61,298,299
111.61,315,313
111.62,297,298
111.68,314,314
111.68,298,298
111.68,317,316
111.68,296,297
111.68,317,317
111.68,300,298
111.69,314,316
111.75,306,304
111.75,311,314
111.75,311,306
111.75,310,312
111.75,318,312
111.75,302,305
111.75,316,314
111.81,303,303
111.81,320,318
111.81,300,302
111.81,320,320
111.81,303,304
111.81,322,322
111.82,306,304
111.87,321,322
111.87,309,305
111.87,320,323
111.87,315,311
111.87,321,323
111.87,322,317
111.88,314,319
111.95,326,322
111.95,313,315
111.95,325,324
111.95,311,312
111.95,329,328
111.95,310,311
111.95,328,328
112.01,309,309
112.01,327,328
112.01,311,311
112.01,325,325
112.01,315,311
112.01,323,324
112.01,316,312
112.07,316,319
112.07,319,315
112.07,309,311
112.07,320,318
112.07,307,308
112.07,324,322
112.08,304,305
112.13,320,320
112.13,303,301
112.13,318,318
112.13,302,302
112.13,320,321
112.14,305,303
112.14,317,318
112.21,310,306
112.21,314,318
112.21,313,310
112.21,311,315
112.21,320,315
112.21,306,309
112.21,320,319
112.27,303,305
112.27,321,319
112.27,302,302
112.27,319,318
112.27,303,302
112.27,319,320
112.28,302,302
112.34,318,317
112.34,306,302
112.34,316,315
112.34,307,304
112.34,310,314
112.34,312,308
112.34,307,309
112.4,316,312
112.4,304,305
112.4,319,316
112.4,302,302
112.4,319,318
112.4,303,303
112.41,317,317
112.46,303,303
112.46,321,320
112.46,304,303
112.46,317,316
112.46,298,297
112.46,306,307
112.47,302,298
112.52,302,304
112.52,309,306
112.52,301,304
112.52,313,310
112.52,301,302
112.53,318,316
112.54,300,301
112.6,318,318
112.6,302,302
112.6,318,318
112.6,301,302
112.6,321,320
112.6,306,303
112.6,318,320
112.66,310,307
112.66,312,316
112.66,312,310
112.66,307,311
112.66,314,311
112.66,305,306
112.67,318,316
112.73,304,303
112.73,317,316
112.73,302,301
112.73,318,317
112.73,302,300
112.73,319,317
112.73,302,301
112.79,318,318
112.79,305,302
112.79,315,317
112.79,306,304
112.79,312,314
112.79,312,308
112.8,302,306
112.85,313,310
112.85,300,302
112.85,318,314
112.85,301,301
112.85,318,317
112.86,302,300
112.87,319,318
112.93,302,301
112.93,316,317
112.93,301,300
112.93,312,316
112.93,303,302
112.93,312,314
112.93,309,305
112.99,307,310
112.99,313,308
112.99,304,305
112.99,317,315
112.99,302,303
112.99,319,318
113.0,304,303
113.06,318,318
113.06,304,302
113.06,320,320
113.06,302,300
113.06,318,318
113.06,303,302
113.06,314,316
113.12,307,304
113.12,309,313
113.12,310,308
113.12,305,308
113.12,315,311
113.12,300,305
113.13,316,315
113.18,301,302
113.18,317,317
113.18,302,300
113.18,318,317
113.18,300,300
113.19,317,317
113.19,301,301
113.26,316,317
113.26,305,302
113.26,314,315
113.26,310,306
113.26,311,314
113.26,313,310
113.26,310,311
113.32,319,316
113.32,304,306
113.32,319,317
113.32,307,306
113.32,323,321
113.32,306,305
113.32,323,322
113.38,305,304
113.38,321,321
113.38,307,305
113.38,318,319
113.38,307,306
113.38,313,316
113.39,312,307
113.44,309,313
113.44,317,311
113.44,303,307
113.44,317,314
113.44,302,303
113.45,318,318
113.46,302,303
113.51,318,318
113.51,300,300
113.51,318,320
113.51,307,305
113.51,321,323
113.51,309,308
113.52,323,324
113.59,317,313
113.59,319,321
113.59,319,316
113.59,314,316
113.59,321,317
113.59,308,310
113.59,321,319
113.65,305,306
113.65,320,320
113.65,302,303
113.65,323,321
113.65,303,304
113.65,321,321
113.65,305,304
113.71,322,322
113.71,309,306
113.71,317,319
113.71,312,310
113.71,314,317
113.71,318,313
113.72,309,313
113.77,321,319
113.77,309,309
113.77,325,323
113.77,309,310
113.77,327,327
113.77,312,312
113.78,330,331
113.84,316,314
113.84,332,333
113.84,319,316
113.84,332,334
113.84,324,321
113.84,331,333
113.85,330,327
113.91,326,329
113.91,335,330
113.91,324,325
113.91,336,333
113.91,323,322
113.91,338,336
113.91,320,321
113.97,336,337
113.97,320,319
113.98,335,335
113.98,317,317
113.98,333,333
113.98,318,317
113.98,328,330
114.04,320,318
114.04,324,327
114.04,327,321
114.04,320,323
114.04,329,327
114.04,317,319
114.05,331,329
114.1,314,315
114.1,333,332
114.1,316,314
114.1,331,332
114.1,316,315
114.1,328,329
114.11,315,313
114.16,327,328
114.16,314,312
114.16,321,324
114.16,316,313
114.16,317,318
114.17,320,317
114.18,310,314
114.24,323,319
114.24,307,308
114.24,321,321
114.24,306,307
114.24,324,323
114.24,303,304
114.24,322,323
114.31,306,305
114.31,318,320
114.31,308,306
114.31,318,320
114.31,311,308
114.31,313,317
114.31,315,311
114.37,310,313
114.37,319,315
114.37,307,310
114.37,321,319
114.37,307,306
114.37,323,321
114.37,304,305
114.43,323,322
114.43,305,303
114.43,321,319
114.43,306,304
114.43,317,319
114.43,307,304
114.44,315,315
114.49,310,306
114.49,311,313
114.49,310,309
114.49,304,308
114.49,314,312
114.5,304,304
114.5,318,315
114.56,300,302
114.56,318,318
114.56,301,300
114.56,318,316
114.56,299,298
114.56,313,314
114.57,300,299
114.63,312,314
114.63,301,299
114.63,310,313
114.63,307,302
114.63,304,308
114.63,312,307
114.63,301,303
114.7,311,310
114.7,301,301
114.7,316,315
114.7,301,300
114.7,317,315
114.7,299,299
114.7,318,316
114.76,301,298
114.76,317,317
114.76,302,300
114.76,316,317
114.76,307,304
114.76,313,316
114.77,311,308
114.82,309,312
114.82,319,314
114.82,307,307
114.82,320,319
114.82,307,307
114.82,324,324
114.83,306,306
114.88,322,322
114.88,305,305
114.88,322,322
114.88,306,306
114.88,322,323
114.89,308,306
114.9,319,320
114.96,315,310
114.96,316,319
114.96,316,313
114.96,308,313
114.96,323,318
114.96,308,309
114.96,324,324
115.02,310,310
115.02,328,328
115.02,312,310
115.02,329,329
115.02,312,310
115.02,331,330
115.03,313,312
115.08,326,328
115.08,313,311
115.08,322,323
115.08,316,312
115.09,316,318
115.09,320,317
115.09,312,315
115.15,325,321
115.15,309,310
115.15,326,325
115.15,309,308
115.15,326,327
115.15,307,308
115.16,325,325
115.21,309,306
115.21,322,323
115.21,307,305
115.21,320,321
115.21,310,308
115.22,318,320
115.22,314,311
115.29,311,315
115.29,320,315
115.29,305,308
115.29,323,320
115.29,306,309
115.29,327,325
115.29,309,308
115.35,326,326
115.35,309,308
115.35,327,328
115.35,311,310
115.35,325,327
115.35,313,311
115.36,322,325
115.41,316,314
115.41,319,322
115.41,324,319
115.41,312,316
115.41,326,324
115.41,314,315
115.42,327,327
115.48,312,313
115.48,330,329
115.48,312,314
115.48,331,330
115.48,315,316
115.48,330,330
115.49,316,314
115.54,330,330
115.54,319,317
115.54,324,327
115.54,322,320
115.54,321,325
115.54,329,325
115.55,319,321
115.61,331,329
115.62,323,322
115.62,333,332
115.62,317,318
115.62,335,335
115.62,318,319
115.62,336,335
115.68,322,320
115.68,335,334
115.68,322,321
115.68,331,331
115.68,321,318
115.68,320,323
115.68,316,313
115.74,310,315
115.74,317,315
115.74,304,307
115.74,319,315
115.74,302,303
115.74,317,316
115.75,304,304
115.8,321,321
115.8,306,306
115.8,324,325
115.8,312,313
115.8,326,327
115.81,318,315
115.81,326,329
115.88,323,319
115.88,325,328
115.88,330,325
115.88,324,326
115.88,334,331
115.88,322,323
115.88,334,334
115.94,320,321
115.94,334,334
115.94,320,319
115.94,333,331
115.94,316,315
115.94,330,332
115.95,314,317
116.0,334,334
116.0,324,321
116.0,332,335
116.0,330,327
116.0,330,334
116.0,338,335
116.01,334,336
116.06,347,344
116.06,336,337
116.06,351,350
116.06,340,340
116.06,356,355
116.07,336,336
116.08,346,344
116.14,320,321
116.14,329,327
116.14,304,300
116.14,302,304
116.14,288,286
116.14,285,287
116.14,278,275
116.2,274,277
116.2,282,280
116.2,276,278
116.2,293,290
116.2,280,283
116.2,298,297
116.21,289,288
116.27,306,306
116.27,291,293
116.27,311,311
116.27,298,296
116.27,312,312
116.27,303,301
116.27,313,314
116.33,310,305
116.33,310,314
116.33,313,308
116.33,310,312
116.33,318,316
116.33,307,308
116.34,320,319
116.39,309,310
116.39,324,323
116.39,309,309
116.39,324,324
116.39,308,309
116.4,325,324
116.4,313,312
116.47,326,327
116.47,318,314
116.47,326,327
116.47,322,319
116.47,322,325
116.47,326,323
116.47,321,322
116.53,330,328
116.53,316,318
116.53,331,328
116.53,317,317
116.53,332,330
116.53,315,315
116.54,329,328
116.59,315,314
116.59,329,329
116.59,313,312
116.59,327,329
116.59,321,317
116.59,325,328
116.6,324,321
116.65,318,323
116.66,326,324
116.66,317,317
116.66,330,327
116.66,316,316
116.66,328,328
116.67,315,314
116.72,326,326
116.72,311,311
116.72,324,325
116.72,312,311
116.72,322,324
116.72,312,310
116.73,322,322
116.79,313,311
116.79,315,317
116.79,318,314
116.8,310,313
116.8,321,317
116.8,306,307
116.8,320,317
116.86,305,305
116.86,321,318
116.86,304,302
116.86,319,319
116.86,305,303
116.86,318,319
116.86,307,304
116.92,317,316
116.92,307,303
116.92,313,315
116.92,316,312
116.92,311,315
116.92,323,319
116.93,312,315
116.98,327,325
116.98,315,314
116.98,329,327
116.98,314,315
116.98,332,330
116.99,318,316
116.99,332,331
117.05,319,317
117.05,331,332
117.05,321,320
117.05,331,332
117.05,324,321
117.05,328,331
117.06,331,327
117.12,326,327
117.12,334,331
117.12,322,325
117.12,337,335
117.12,323,322
117.12,339,338
117.13,323,322
117.19,339,337
117.19,323,322
117.19,340,340
117.19,324,324
117.19,338,338
117.19,330,326
117.19,333,335
117.25,331,327
117.25,330,331
117.25,337,332
117.25,326,329
117.25,339,336
117.25,324,326
117.26,339,338
117.31,324,324
117.31,337,337
117.31,321,321
117.31,335,336
117.31,318,319
117.31,332,332
117.32,319,316
117.37,328,329
117.37,320,317
117.37,320,323
117.37,321,319
117.37,315,318
117.38,324,322
117.39,313,314
117.45,325,324
117.45,310,312
117.45,327,326
117.45,311,310
117.45,326,326
117.45,309,308
117.45,320,322
117.52,309,309
117.52,319,320
117.52,307,304
117.52,318,319
117.52,312,308
117.52,314,315
117.52,313,308
117.53,308,311
117.54,318,315
117.55,305,306
117.61,322,319
117.61,304,303
117.61,315,315
117.61,303,304
117.61,321,320
117.61,302,303
117.61,318,319
117.67,303,303
117.67,315,315
117.67,306,303
117.67,312,314
117.67,308,304
117.67,309,311
117.68,315,311
117.73,305,309
117.73,322,319
117.73,309,308
117.73,321,320
117.73,304,304
117.74,316,317
117.74,302,301
117.8,319,319
117.8,303,303
117.8,318,319
117.8,306,305
117.8,317,319
117.8,308,306
117.81,313,316
117.86,316,313
117.86,312,314
117.86,320,318
117.86,308,311
117.86,323,322
117.87,310,309
117.87,325,323
117.94,309,307
117.94,322,322
117.94,305,305
117.94,324,323
117.94,310,308
117.94,322,323
117.94,311,310
118.0,320,322
118.0,315,311
118.0,313,317
118.0,319,315
118.0,312,313
118.0,323,319
118.01,311,311
118.06,322,320
118.06,308,308
118.06,325,324
118.06,307,306
118.06,318,319
118.06,309,308
118.07,317,318
118.12,303,300
118.12,313,314
118.12,306,302
118.12,308,310
118.12,305,301
118.13,301,304
118.14,307,304
118.19,296,298
118.19,308,305
118.19,295,294
118.19,310,307
118.19,292,291
118.19,303,305
118.2,291,292
118.26,311,311
118.26,296,295
118.26,309,311
118.26,296,296
118.26,303,306
118.26,298,296
118.27,300,303
118.32,301,298
118.32,296,299
118.32,307,302
118.32,293,294
118.32,305,304
118.33,290,290
118.33,305,304
118.39,289,289
118.39,304,303
118.39,288,288
118.39,306,305
118.39,294,291
118.39,305,307
118.4,295,293
118.45,301,304
118.45,298,298
118.45,298,302
118.45,303,299
118.45,296,298
118.46,307,304
118.46,295,295
118.53,309,308
118.53,294,294
118.53,309,308
118.53,291,292
118.53,307,307
118.53,293,292
118.53,307,307
118.59,294,292
118.59,306,305
118.59,296,293
118.59,300,301
118.59,300,297
118.59,296,300
118.6,305,302
118.65,296,296
118.65,309,306
118.65,295,293
118.65,310,309
118.65,293,293
118.65,309,308
118.66,295,294
118.71,311,311
118.71,295,295
118.71,311,311
118.71,299,298
118.71,306,309
118.72,302,299
118.73,304,307
118.79,306,302
118.79,300,303
118.79,311,307
118.79,297,299
118.79,315,312
118.79,298,298
118.79,311,312
118.85,296,297
118.85,312,312
118.85,298,296
118.85,310,311
118.85,298,297
118.85,308,311
118.86,300,298
118.91,306,309
118.91,303,301
118.91,304,307
118.91,309,305
118.91,302,303
118.92,315,312
118.92,301,300
118.98,313,313
118.98,299,299
118.98,316,315
118.98,299,299
118.98,315,314
118.98,298,298
118.99,314,315
119.04,303,301
119.04,311,313
119.04,303,301
119.04,311,312
119.04,309,305
119.05,305,308
119.05,315,311
119.12,305,306
119.12,319,318
119.12,305,305
119.12,323,321
119.12,303,304
119.12,322,321
119.12,304,305
119.18,322,322
119.18,306,306
119.18,320,322
119.18,310,308
119.18,320,321
119.18,312,311
119.19,315,316
119.24,316,312
119.24,309,311
119.24,321,317
119.24,309,310
119.24,322,321
119.24,309,308
119.25,323,323
119.3,309,308
119.3,326,325
119.3,310,308
119.3,323,323
119.3,312,310
119.31,321,323
119.32,313,311
119.38,322,323
119.38,318,315
119.38,317,319
119.38,325,320
119.38,314,316
119.38,329,326
119.38,315,315
119.44,329,328
119.44,315,314
119.44,330,329
119.44,315,313
119.44,330,328
119.44,314,313
119.45,326,327
119.51,316,314
119.51,325,326
119.51,319,316
119.51,321,324
119.51,321,319
119.51,319,322
119.51,329,326
119.57,316,318
119.57,328,327
119.57,314,314
119.57,328,328
119.57,314,313
119.57,327,327
119.58,311,311
119.63,327,327
119.63,315,314
119.63,325,326
119.63,317,315
119.63,326,326
119.64,317,315
119.64,319,321
119.7,324,320
119.7,315,318
119.7,324,323
119.7,314,314
119.7,328,327
119.7,312,312
119.71,329,328
119.77,313,312
119.77,327,327
119.77,315,313
119.77,328,327
119.77,315,312
119.77,325,327
119.78,317,316
119.84,325,326
119.84,323,320
119.84,321,324
119.84,328,323
119.84,316,319
119.84,331,327
119.84,315,315
119.9,331,329
119.9,316,317
119.9,332,332
119.9,317,318
119.9,334,334
119.9,318,318
119.91,333,333
119.96,321,318
119.96,330,330
119.96,322,319
119.96,326,327
119.96,325,322
119.96,320,323
119.97,331,327
120.02,320,321
120.02,334,332
120.02,320,320
120.02,334,332
120.02,314,314
120.03,332,332
120.04,314,314
120.1,329,330
120.1,313,313
120.1,326,328
120.1,316,313
120.1,322,326
120.1,321,316
120.1,318,322
120.16,322,319
120.16,315,318
120.16,327,323
120.16,313,312
120.16,326,324
120.16,310,311
120.17,325,324
120.23,311,310
120.23,323,323
120.23,307,305
120.23,322,320
120.23,306,303
120.23,316,316
120.23,306,303
120.29,312,314
120.29,309,306
120.29,308,312
120.29,314,310
120.29,305,307
120.29,319,315
120.3,303,304
120.35,318,316
120.35,302,301
120.35,315,315
120.35,300,301
120.35,320,318
120.36,300,300
120.37,314,317
120.43,305,304
120.43,314,316
120.43,309,304
120.43,313,315
120.43,313,309
120.43,307,310
120.43,317,313
120.49,306,307
120.49,318,317
120.49,303,304
120.49,318,319
120.49,304,303
120.49,318,318
120.5,302,303
120.55,321,320
120.55,305,302
120.55,318,319
120.55,307,304
120.55,314,317
120.55,311,308
120.56,312,314
120.61,317,312
120.61,308,311
120.61,319,316
120.61,307,308
120.61,323,321
120.62,305,305
120.63,323,321
120.69,304,304
120.69,319,318
120.69,303,302
120.69,321,320
120.69,306,304
120.69,318,320
120.69,308,307
120.75,316,318
120.75,312,311
120.75,312,315
120.75,321,316
120.75,308,311
120.75,323,319
120.76,308,308
120.81,320,321
120.81,307,305
120.81,323,322
120.81,305,304
120.82,322,321
120.82,304,305
120.82,318,320
120.88,308,306
120.88,319,320
120.88,312,310
120.88,317,319
120.88,319,314
120.88,315,316
120.89,322,319
120.94,312,314
120.94,329,325
120.94,313,313
120.94,328,326
120.94,315,314
120.95,328,329
120.95,314,313
121.02,331,331
121.02,317,316
121.02,332,332
121.02,320,318
121.02,328,331
121.02,327,323
121.02,326,330
121.08,333,328
121.08,323,326
121.08,335,331
121.08,322,322
121.08,335,335
121.08,321,321
121.09,334,335
121.15,321,321
121.15,339,338
121.15,325,324
121.15,339,338
121.15,325,324
121.15,335,337
121.15,327,325
121.21,331,333
121.21,332,328
121.21,329,331
121.21,333,330
121.21,323,327
121.21,337,335
121.22,324,324
121.27,337,336
121.27,320,321
121.27,340,338
121.27,320,320
121.27,337,337
121.27,324,320
121.28,336,335
121.33,324,322
121.33,332,335
121.33,326,325
121.33,329,332
121.33,331,328
121.34,324,327
121.35,334,332
121.41,321,324
121.41,338,335
121.41,321,322
121.41,338,338
121.41,323,323
121.41,337,338
121.41,322,322
121.47,340,339
121.47,324,323
121.47,336,336
121.47,327,324
121.47,332,335
121.47,334,329
121.48,331,336
121.54,337,334
121.54,328,331
121.54,338,338
121.54,327,328
121.54,342,340
121.54,326,326
121.54,342,339
121.6,325,323
121.6,340,340
121.6,322,322
121.6,337,338
121.6,325,324
121.6,334,337
121.61,329,326
121.66,334,336
121.66,330,328
121.66,327,330
121.66,338,333
121.66,322,326
121.67,338,335
121.68,325,324
121.74,338,338
121.74,324,325
121.74,340,340
121.74,325,325
121.74,339,340
121.74,325,324
121.74,339,338
121.8,327,325
121.8,335,336
121.8,331,328
121.8,330,333
121.8,334,329
121.8,326,329
121.81,337,334
121.86,322,324
121.86,335,336
121.86,321,321
121.86,338,336
121.86,321,319
121.86,337,336
121.87,321,320
121.93,335,335
121.93,323,320
121.93,332,333
121.93,323,319
121.93,329,331
121.93,327,322
121.94,321,325
122.0,329,326
122.0,320,323
122.0,332,331
122.0,319,319
122.0,335,333
122.0,320,318
122.0,332,332
122.07,318,316
122.07,333,332
122.07,317,317
122.07,330,332
122.07,318,316
122.07,327,328
122.07,322,318
122.13,327,328
122.13,327,322
122.13,321,323
122.13,331,327
122.13,317,320
122.13,330,330
122.13,316,318
122.19,331,330
122.19,316,316
122.19,331,330
122.19,315,314
122.19,330,328
122.19,314,314
122.2,329,329
122.25,320,318
122.25,327,327
122.25,322,319
122.25,324,326
122.25,326,323
122.26,320,323
122.27,330,328
122.33,318,318
122.33,332,331
122.33,316,316
122.33,330,329
122.33,315,315
122.33,330,330
122.33,317,315
122.39,327,329
122.39,314,315
122.39,327,329
122.39,319,316
122.39,325,326
122.39,323,318
122.4,322,324
122.45,328,323
122.45,317,318
122.45,330,326
122.45,316,316
122.45,331,330
122.45,317,317
122.46,330,332
122.52,316,316
122.52,333,333
122.52,316,316
122.52,331,333
122.52,320,319
122.52,331,332
122.53,326,322
122.58,327,330
122.58,327,324
122.58,322,325
122.58,333,328
122.58,319,322
122.59,334,333
122.59,322,322
122.66,337,335
122.66,319,320
122.66,335,335
122.66,319,318
122.66,335,334
122.66,320,319
122.66,332,334
122.72,320,319
122.72,331,331
122.72,325,321
122.72,323,326
122.72,327,324
122.72,318,322
122.72,330,326
122.78,316,315
122.78,329,325
122.78,314,314
122.78,330,328
122.78,314,313
122.78,328,327
122.79,311,312
122.85,325,326
122.85,314,312
122.85,325,326
122.85,316,313
122.85,321,324
122.85,323,318
122.86,317,321
122.91,324,320
122.91,315,318
122.91,329,326
122.91,316,316
122.91,328,329
122.91,314,314
122.92,330,330
122.97,314,314
122.97,330,330
122.97,315,315
122.97,331,330
122.97,319,316
122.98,328,329
122.99,322,319
123.05,323,326
123.05,324,321
123.05,318,321
123.05,329,325
123.05,318,318
123.05,327,327
123.05,316,315
123.11,329,329
123.11,314,315
123.11,332,332
123.11,317,316
123.11,331,332
123.11,314,315
123.12,327,329
123.17,316,315
123.17,325,327
123.17,322,318
123.17,321,321
123.17,322,319
123.17,313,316
123.18,329,324
123.24,315,314
123.24,327,327
123.24,312,312
123.24,326,325
123.24,312,311
123.24,324,324
123.25,313,312
123.3,323,324
123.3,311,309
123.3,320,322
123.3,312,310
123.3,317,318
123.31,315,311
123.31,312,315
123.38,320,316
123.38,308,311
123.38,320,317
123.38,303,306
123.38,322,320
123.38,307,306
123.38,323,321
123.44,306,305
123.44,323,321
123.44,307,306
123.44,320,320
123.44,309,307
123.44,317,320
123.45,315,312
123.5,316,319
123.5,318,315
123.5,311,314
123.5,322,319
123.5,312,314
123.5,325,323
123.51,311,313
123.56,329,327
123.56,310,310
123.56,326,326
123.56,313,311
123.56,328,328
123.57,314,312
123.58,326,325
123.63,314,311
123.63,320,322
123.63,317,315
123.63,317,319
123.63,320,317
123.63,313,316
123.64,324,322
123.7,314,314
123.7,328,326
123.7,312,312
123.7,330,328
123.7,309,310
123.7,330,328
123.71,313,311
123.77,327,327
123.77,315,314
123.77,328,328
123.77,322,318
123.77,326,329
123.77,327,322
123.77,325,326
123.83,330,328
123.83,322,323
123.83,338,335
123.83,323,322
123.83,336,336
123.83,323,322
123.84,337,337
123.89,322,321
123.89,338,338
123.89,323,322
123.89,336,337
123.89,328,325
123.9,336,336
123.9,329,325
123.97,329,332
123.97,331,327
123.97,324,329
123.97,337,334
123.97,324,326
123.97,338,337
123.97,322,324
124.03,341,340
124.03,324,322
124.03,339,338
124.03,326,323
124.03,338,338
124.03,328,326
124.03,339,339
124.09,332,329
124.09,338,340
124.09,337,333
124.09,336,339
124.09,343,341
124.09,335,339
124.1,348,345
124.16,334,334
124.16,351,349
124.16,336,335
124.16,350,351
124.16,335,336
124.16,352,351
124.17,337,336
124.22,350,352
124.22,339,337
124.22,349,350
124.22,341,338
124.22,343,347
124.22,346,342
124.23,339,342
124.28,347,344
124.28,335,339
124.28,350,349
124.28,335,336
124.28,349,350
124.29,336,335
124.3,349,350
124.36,333,333
124.36,350,349
124.36,334,332
124.36,348,350
124.36,334,334
124.36,346,346
124.36,338,337
124.42,342,344
124.42,343,339
124.42,336,339
124.42,344,342
124.42,333,334
124.42,346,345
124.43,331,330
124.48,344,343
124.48,328,328
124.48,344,343
124.48,328,328
124.48,343,343
124.49,329,326
124.49,338,341
124.55,328,328
124.55,336,338
124.55,332,327
124.55,329,330
124.55,332,328
124.55,321,323
124.56,333,330
124.62,317,318
124.62,333,330
124.62,314,315
124.62,332,331
124.62,315,315
124.62,327,329
124.62,314,313
124.69,327,327
124.69,314,312
124.69,324,325
124.69,316,314
124.69,321,322
124.69,321,316
124.69,314,316
124.75,321,319
124.75,310,312
124.75,323,320
124.75,308,308
124.75,320,320
124.75,307,306
124.76,319,318
124.81,303,301
124.81,319,318
124.81,302,302
124.81,316,317
124.81,307,305
124.81,314,315
124.82,309,306
124.87,310,312
124.87,313,309
124.87,304,308
124.87,319,314
124.87,303,305
124.88,319,317
124.89,304,305
124.95,319,319
124.95,304,303
124.95,318,318
124.95,303,303
124.95,319,318
124.95,304,302
124.95,315,315
125.01,303,301
125.01,309,312
125.01,306,303
125.01,303,307
125.01,312,308
125.01,302,304
125.02,313,311
125.03,301,301
125.04,315,313
125.05,299,299
125.11,314,314
125.11,299,300
125.11,314,314
125.11,300,299
125.11,313,314
125.11,304,302
125.11,314,314
125.17,308,304
125.17,312,314
125.17,313,309
125.17,307,311
125.17,317,315
125.17,308,310
125.18,322,321
125.23,308,308
125.23,324,323
125.23,308,309
125.23,327,324
125.23,309,310
125.23,326,327
125.24,311,309
125.31,323,324
125.31,312,311
125.31,323,326
125.31,319,317
125.31,323,325
125.31,325,322
125.31,319,321
125.37,328,326
125.37,315,317
125.37,331,329
125.37,315,315
125.37,331,329
125.37,316,316
125.37,335,333
125.43,319,317
125.43,331,331
125.43,317,316
125.43,326,329
125.43,320,318
125.43,324,327
125.44,323,319
125.5,318,323
125.5,328,324
125.5,317,319
125.5,331,327
125.5,316,316
125.5,331,330
125.51,314,315
125.56,331,332
125.56,314,316
125.56,333,332
125.56,321,320
125.56,338,336
125.56,325,322
125.57,338,338
125.62,328,327
125.62,334,335
125.62,335,331
125.62,330,334
125.62,340,337
125.63,331,332
125.64,346,344
125.7,330,332
125.7,348,348
125.7,336,335
125.7,351,350
125.7,336,336
125.7,352,351
125.7,337,338
125.76,352,353
125.76,341,338
125.76,348,352
125.76,344,342
125.76,346,349
125.76,349,345
125.77,341,343
125.82,354,351
125.82,339,340
125.82,354,352
125.82,338,339
125.82,354,353
125.82,339,340
125.83,358,356
125.89,340,339
125.89,355,354
125.89,343,341
125.89,353,355
125.89,343,342
125.89,350,352
125.9,349,345
125.95,344,348
125.95,353,349
125.95,342,346
125.95,355,352
125.95,341,342
125.96,356,355
125.96,340,339
126.03,356,356
126.03,339,339
126.03,354,355
126.03,339,338
126.03,353,354
126.03,343,340
126.03,350,350
126.09,346,342
126.09,346,349
126.09,347,344
126.09,342,344
126.09,349,347
126.09,339,340
126.1,352,349
126.15,337,335
126.15,349,348
126.15,333,333
126.15,348,349
126.15,334,333
126.15,349,347
126.16,335,333
126.21,345,345
126.21,334,331
126.21,341,342
126.21,337,334
126.21,336,337
126.22,338,334
126.23,330,333
126.29,341,337
126.29,327,327
126.29,342,341
126.29,326,326
126.29,340,340
126.29,324,324
126.29,340,340
126.35,327,324
126.35,337,339
126.35,324,323
126.35,332,334
126.35,326,323
126.35,331,334
126.36,334,329
126.42,328,331
126.42,336,332
126.42,326,326
126.42,338,334
126.42,323,324
126.42,339,337
126.42,323,323
126.48,339,338
126.48,322,322
126.48,338,338
126.48,324,322
126.48,338,338
126.48,326,325
126.49,336,337
126.54,332,327
126.54,330,334
126.54,336,331
126.54,327,330
126.54,338,336
126.55,325,325
126.55,338,337
126.62,322,323
126.62,338,337
126.62,325,324
126.62,340,340
126.62,325,325
126.62,341,341
126.62,327,325
126.68,338,339
126.68,331,328
126.68,338,338
126.68,333,329
126.68,333,335
126.68,336,334
126.68,329,331
126.74,341,338
126.74,328,329
126.74,344,342
126.74,329,330
126.74,348,348
126.74,335,333
126.75,352,352
126.8,338,337
126.8,353,352
126.8,341,337
126.8,351,351
126.8,344,341
126.81,349,351
126.82,346,344
126.87,346,349
126.87,353,349
126.87,343,346
126.87,354,353
126.87,342,344
126.87,359,358
126.88,342,343
126.95,361,359
126.95,343,342
126.95,358,358
126.95,345,343
126.95,359,359
126.95,345,344
126.95,358,359
127.01,352,349
127.01,353,355
127.01,357,352
127.01,348,351
127.01,360,357
127.01,347,348
127.01,359,358
127.07,344,344
127.07,360,358
127.07,344,343
127.07,358,358
127.07,345,343
127.07,358,357
127.08,343,341
127.13,354,355
127.13,344,341
127.13,348,351
127.13,347,342
127.13,343,344
127.14,347,342
127.14,338,338
127.2,350,346
127.2,337,336
127.2,348,348
127.2,332,332
127.2,347,346
127.2,331,330
127.21,344,345
127.27,330,329
127.27,343,343
127.27,331,328
127.27,343,343
127.27,332,330
127.27,334,338
127.27,336,332
127.34,331,332
127.34,337,333
127.34,326,328
127.34,339,336
127.34,326,327
127.34,340,339
127.34,322,322
127.4,336,336
127.4,320,320
127.4,336,335
127.4,318,318
127.4,333,332
127.4,321,317
127.41,326,327
127.46,319,317
127.46,320,323
127.46,324,321
127.46,319,322
127.46,330,326
127.46,317,318
127.47,331,329
127.52,315,316
127.52,329,329
127.52,315,314
127.52,332,330
127.52,316,316
127.53,331,332
127.54,318,317
127.6,330,331
127.6,320,317
127.6,327,327
127.6,323,320
127.6,322,325
127.6,328,324
127.6,316,320
127.66,333,329
127.66,319,319
127.66,334,332
127.66,316,316
127.66,333,332
127.66,315,315
127.67,331,332
127.73,319,316
127.73,332,332
127.73,319,316
127.73,331,331
127.73,322,319
127.73,330,331
127.73,326,323
127.79,324,327
127.79,332,328
127.79,323,324
127.79,337,334
127.79,324,324
127.79,339,337
127.8,323,323
127.85,339,338
127.85,324,324
127.85,338,338
127.85,324,323
127.85,337,338
127.86,326,325
127.86,337,337
127.93,329,327
127.93,333,335
127.93,338,333
127.93,330,332
127.93,344,339
127.93,328,331
127.93,342,342
127.99,327,330
127.99,346,345
127.99,328,328
127.99,346,346
127.99,331,330
127.99,345,346
128.0,333,333
128.05,346,348
128.05,335,333
128.05,344,345
128.05,338,334
128.05,335,340
128.05,343,340
128.06,332,335
128.12,345,341
128.12,331,332
128.12,346,344
128.12,329,330
128.12,346,346
128.12,328,328
128.13,343,342
128.18,328,327
128.18,341,342
128.18,329,327
128.18,336,338
128.18,329,328
128.18,333,335
128.19,334,330
128.24,330,334
128.24,338,335
128.24,328,330
128.24,342,339
128.24,327,329
128.25,342,340
128.26,326,326
128.32,343,343
128.32,327,326
128.32,340,341
128.32,328,327
128.32,341,341
128.32,330,328
128.32,337,340
128.38,332,330
128.38,336,338
128.38,338,334
128.38,331,332
128.38,341,336
128.38,329,329
128.39,343,341
128.45,326,326
128.45,343,342
128.45,327,327
128.45,341,341
128.45,329,327
128.45,344,344
128.45,329,327
128.51,340,342
128.51,331,329
128.51,336,339
128.51,334,331
128.51,332,336
128.51,341,336
128.52,330,331
128.57,341,337
128.57,326,327
128.57,339,337
128.57,325,324
128.57,339,339
128.58,323,323
128.59,342,342
128.65,325,324
128.65,339,339
128.65,326,326
128.65,336,338
128.65,331,327
128.65,335,336
128.65,334,331
128.71,332,334
128.71,339,335
128.71,330,330
128.71,340,339
128.71,328,328
128.71,344,342
128.72,328,328
128.77,344,345
128.77,330,328
128.77,343,344
128.77,328,328
128.77,342,343
128.77,333,330
128.78,342,343
128.83,338,334
128.83,338,339
128.83,340,336
128.83,334,335
128.83,340,340
128.84,330,332
128.85,343,342
128.91,327,328
128.91,344,344
128.91,327,329
128.91,342,343
128.91,329,328
128.91,345,345
128.91,331,328
128.97,344,345
128.97,334,330
128.97,339,340
128.97,335,331
128.97,335,336
128.97,336,333
128.98,327,328
129.04,335,331
129.04,309,307
129.04,314,312
129.04,289,288
129.04,296,294
129.04,269,269
129.04,279,277
129.1,253,252
129.1,261,262
129.1,241,239
129.1,243,245
129.1,231,227
129.1,224,226
129.11,220,216
129.16,211,212
129.16,212,209
129.16,192,195
129.16,202,200
129.16,180,182
129.17,193,193
129.18,171,170
129.24,184,182
129.24,162,160
129.24,171,171
129.24,151,148
129.24,158,160
129.24,145,141
129.24,147,149
129.3,139,136
129.3,135,138
129.3,139,133
129.3,123,126
129.3,135,132
129.3,116,118
129.31,131,129
129.36,110,111
129.36,127,125
129.36,104,104
129.36,122,120
129.36,101,100
129.36,114,114
129.37,101,98
129.38,107,109
129.44,102,99
129.44,97,101
129.44,110,109
129.44,93,93
129.44,111,110
129.44,94,93
129.44,104,106
129.45,106,103
129.46,98,102
129.52,112,111
129.52,98,100
129.52,119,117
129.52,101,101
129.52,118,120
129.52,107,104
129.52,119,121
129.53,112,109
129.58,119,122
129.58,115,113
129.58,121,123
129.58,124,121
129.58,119,123
129.59,133,130
129.6,124,126
129.66,140,139
129.66,126,128
129.66,145,143
129.66,128,128
129.66,147,148
129.66,135,134
129.66,150,151
129.72,142,138
129.72,154,156
129.72,146,145
129.72,156,158
129.72,155,151
129.72,157,159
129.73,166,162
129.79,159,161
129.79,172,171
129.79,162,163
129.79,181,179
129.79,167,167
129.79,187,186
129.79,170,171
129.85,190,190
129.85,175,176
129.85,195,195
129.85,186,184
129.85,198,200
129.85,195,191
129.86,203,204
129.91,203,199
129.91,202,206
129.91,212,208
129.91,203,206
129.91,220,218
129.92,209,208
129.92,224,224
129.99,212,212
129.99,230,231
129.99,219,218
129.99,237,239
129.99,227,225
129.99,242,244
129.99,235,233
130.05,246,249
130.05,242,239
130.05,248,251
130.05,252,248
130.05,249,252
130.05,262,258
130.06,249,251
130.11,265,263
130.11,251,252
130.11,267,266
130.11,253,252
130.11,268,269
130.11,254,254
130.12,270,270
130.17,259,257
130.17,273,274
130.17,263,260
130.17,272,274
130.17,270,266
130.18,270,273
130.19,278,274
130.25,272,274
130.25,286,284
130.25,272,274
130.25,291,290
130.25,279,277
130.25,294,293
130.25,280,280
130.31,295,296
130.31,282,280
130.31,297,297
130.31,285,283
130.31,295,298
130.31,288,287
130.32,295,299
130.38,297,293
130.38,292,296
130.38,302,298
130.38,295,294
130.38,307,305
130.38,296,296
130.38,309,310
130.44,297,298
130.44,313,313
130.44,299,298
130.44,315,314
130.44,300,299
130.44,315,314
130.45,300,300
130.5,312,314
130.5,306,303
130.5,311,313
130.5,311,307
130.5,309,311
130.51,319,316
130.51,310,312
130.58,326,322
130.58,308,309
130.58,325,326
130.58,313,312
130.58,328,328
130.58,314,312
130.58,328,328
130.64,318,316
130.64,327,330
130.64,318,316
130.64,325,327
130.64,323,319
130.64,321,325
130.65,328,324
130.71,316,320
130.71,330,327
130.71,317,319
130.71,334,332
130.71,316,316
130.71,333,334
130.71,319,317
130.77,332,334
130.77,318,316
130.77,329,330
130.77,314,314
130.77,324,326
130.77,317,315
130.78,321,324
130.83,320,315
130.83,316,319
130.83,325,320
130.83,313,317
130.83,330,327
130.83,313,314
130.84,330,330
130.89,314,316
130.89,335,332
130.89,314,316
130.89,332,333
130.9,320,318
130.9,335,335
130.91,323,320
130.97,331,332
130.97,327,322
130.97,328,330
130.97,334,328
130.97,326,327
130.97,336,332
130.97,322,324
131.03,339,336
131.03,323,323
131.03,337,337
131.03,323,322
131.03,337,336
131.03,321,320
131.04,332,335
131.1,321,319
131.1,334,335
131.1,322,319
131.1,327,330
131.1,324,322
131.1,326,327
131.1,329,325
131.16,321,324
131.16,333,330
131.16,319,320
131.16,335,334
131.16,319,318
131.16,335,335
131.17,319,318
131.22,334,334
131.22,318,315
131.22,329,330
131.22,318,315
131.22,326,329
131.23,321,317
131.24,324,326
131.3,320,318
131.3,319,322
131.3,326,322
131.3,318,318
131.3,326,326
131.3,312,314
131.3,330,327
131.36,313,311
131.36,326,326
131.36,308,310
131.36,324,324
131.36,307,305
131.36,319,319
131.37,308,305
131.42,313,315
131.42,307,305
131.42,311,313
131.42,313,309
131.42,306,308
131.42,315,311
131.43,300,303
131.49,315,313
131.49,301,300
131.49,315,315
131.49,301,300
131.49,317,316
131.49,302,300
131.5,317,318
131.55,305,302
131.55,315,317
131.55,305,303
131.55,313,314
131.55,309,306
131.55,306,311
131.56,314,309
131.63,305,307
131.63,312,311
131.63,300,301
131.63,313,311
131.63,299,297
131.63,313,312
131.63,299,297
131.69,314,312
131.69,298,298
131.69,316,316
131.69,303,302
131.69,315,316
131.69,309,305
131.69,312,314
131.75,314,311
131.75,312,314
131.75,322,317
131.75,310,313
131.75,322,321
131.75,310,312
131.76,329,327
131.81,313,312
131.81,328,326
131.81,311,312
131.81,328,326
131.81,311,309
131.82,325,326
131.83,313,311
131.88,320,320
131.88,313,309
131.88,312,315
131.88,315,311
131.88,307,308
131.88,313,310
131.89,304,304
131.95,317,314
131.95,300,300
131.95,317,316
131.95,299,298
131.96,315,315
131.96,298,296
131.96,314,314
132.02,301,300
132.02,314,316
132.02,304,302
132.02,308,311
132.02,307,303
132.02,304,307
132.02,308,306
132.08,300,302
132.08,312,308
132.08,297,298
132.08,310,309
132.08,295,295
132.08,309,309
132.09,291,291
132.14,309,307
132.14,292,291
132.14,306,306
132.14,294,292
132.14,302,305
132.14,296,292
132.15,299,300
132.21,299,294
132.21,294,295
132.21,301,297
132.21,289,290
132.21,303,302
132.21,287,288
132.22,303,304
132.27,292,291
132.27,308,309
132.27,292,292
132.27,305,305
132.27,291,289
132.28,304,303
132.28,291,289
132.35,298,301
132.35,293,290
132.35,296,298
132.35,299,294
132.35,291,294
132.35,302,299
132.35,287,289
132.41,303,301
132.41,288,287
132.41,303,301
132.41,288,287
132.41,305,304
132.41,289,288
132.42,304,304
132.47,293,291
132.47,303,304
132.47,295,292
132.47,301,302
132.47,296,294
132.47,295,299
132.48,302,299
132.53,296,297
132.53,308,305
132.53,294,294
132.53,308,308
132.53,292,292
132.54,308,308
132.55,293,293
132.61,307,308
132.61,293,293
132.61,310,309
132.61,297,295
132.61,305,308
132.61,299,295
132.61,304,305
132.67,304,301
132.67,300,303
132.67,308,305
132.67,297,297
132.67,311,308
132.67,296,295
132.68,310,308
132.74,296,295
132.74,311,310
132.74,295,294
132.74,309,310
132.74,297,295
132.74,310,310
132.74,299,295
132.8,307,308
132.8,301,299
132.8,301,303
132.8,305,302
132.8,297,300
132.8,308,305
132.81,294,296
132.86,307,306
132.86,294,293
132.86,309,308
132.86,293,293
132.86,309,310
132.87,293,292
132.87,305,305
132.94,293,290
132.94,302,304
132.94,295,292
132.94,298,301
132.94,294,292
132.94,295,296
132.94,299,295
133.0,290,292
133.0,303,301
133.0,290,290
133.0,305,304
133.0,291,290
133.0,305,304
133.0,289,288
133.06,302,302
133.06,283,281
133.06,293,294
133.06,274,273
133.06,280,280
133.06,268,266
133.07,266,269
133.12,265,260
133.12,255,258
133.12,261,258
133.12,248,248
133.12,259,256
133.13,242,241
133.14,255,255
133.2,238,237
133.2,253,252
133.2,234,234
133.2,250,252
133.2,237,235
133.2,249,252
133.2,242,238
133.26,248,251
133.26,247,243
133.26,249,251
133.26,254,251
133.26,248,250
133.26,263,259
133.27,250,252
133.32,269,267
133.32,252,255
133.32,276,274
133.32,261,262
133.32,283,283
133.32,270,270
133.33,290,290
133.39,278,278
133.39,296,296
133.39,289,288
133.39,298,303
133.39,303,299
133.39,303,307
133.4,317,312
133.45,307,309
133.45,321,320
133.45,311,311
133.45,327,327
133.45,315,313
133.46,331,330
133.46,318,318
133.53,333,334
133.53,320,318
133.53,333,335
133.53,321,321
133.53,329,331
133.53,325,320
133.53,325,327
133.59,324,320
133.59,318,319
133.59,327,324
133.59,314,316
133.59,328,326
133.59,315,314
133.59,327,326
133.65,310,311
133.65,330,328
133.65,310,310
133.65,324,324
133.65,309,306
133.65,318,318
133.66,306,304
133.71,308,311
133.71,305,303
133.71,306,307
133.71,309,306
133.71,298,300
133.72,308,306
133.73,295,296
133.78,307,306
133.78,292,292
133.78,307,305
133.78,289,289
133.78,301,301
133.78,284,284
133.79,296,296
133.85,280,279
133.85,291,291
133.85,280,278
133.85,285,286
133.85,283,280
133.85,274,278
133.86,282,279
133.92,266,269
133.92,278,277
133.92,265,264
133.92,278,277
133.92,259,260
133.92,273,274
133.92,260,259
133.98,274,273
133.98,257,257
133.98,271,273
133.98,261,258
133.98,267,269
133.98,262,260
133.99,263,265
134.04,266,262
134.04,257,259
134.04,269,264
134.04,253,253
134.04,265,263
134.05,251,249
134.05,264,263
134.1,248,247
134.11,264,263
134.11,248,248
134.11,264,263
134.11,246,246
134.11,262,263
134.12,251,247
134.18,257,259
134.18,253,249
134.18,249,252
134.18,256,253
134.18,247,248
134.18,259,256
134.18,244,245
134.24,259,256
134.25,240,240
134.25,255,253
134.25,238,239
134.25,253,253
134.25,237,236
134.25,253,252
134.31,239,237
134.31,251,252
134.31,245,241
134.31,249,250
134.31,248,246
134.31,243,246
134.32,256,251
134.37,242,243
134.37,256,254
134.37,238,240
134.37,256,253
134.37,236,236
134.37,250,250
134.38,233,233
134.43,248,248
134.43,230,230
134.43,244,244
134.43,230,226
134.43,237,240
134.44,230,227
134.45,232,234
134.51,233,229
134.51,226,227
134.51,237,234
134.51,221,223
134.51,236,236
134.51,222,223
134.51,238,238
134.57,220,222
134.57,241,241
134.57,224,224
134.57,243,242
134.57,232,229
134.57,243,244
134.58,235,233
134.64,240,243
134.64,239,237
134.64,239,242
134.64,246,244
134.64,236,240
134.64,253,251
134.64,237,238
134.7,250,249
134.7,234,236
134.7,254,252
134.7,234,236
134.7,251,252
134.7,236,235
134.71,250,250
134.76,236,237
134.76,248,250
134.76,245,241
134.76,250,251
134.76,252,249
134.77,247,250
134.77,260,257
134.84,251,252
134.84,268,266
134.84,255,255
134.84,272,271
134.84,256,256
134.84,273,273
134.84,258,257
134.9,275,275
134.9,263,261
134.9,275,275
134.9,263,262
134.9,272,274
134.9,267,263
134.91,265,269
134.96,270,264
134.96,258,262
134.96,268,266
134.96,256,258
134.96,270,271
134.96,260,259
134.97,273,274
135.03,257,258
135.03,277,276
135.03,261,261
135.03,279,278
135.03,266,264
135.03,278,280
135.04,270,269
135.09,278,279
135.09,276,273
135.09,275,277
135.09,284,281
135.09,273,276
135.09,289,287
135.1,272,275
135.15,291,291
135.15,277,276
135.15,292,292
135.15,276,276
135.15,294,294
135.16,280,280
135.17,297,297
135.23,286,285
135.23,297,298
135.23,292,289
135.23,295,297
135.23,297,294
135.23,292,296
135.23,307,302
135.29,293,293
135.29,306,304
135.29,291,290
135.29,307,306
135.29,291,290
135.29,305,305
135.3,289,288
135.36,305,304
135.36,288,288
135.36,298,300
135.36,289,288
135.36,295,297
135.36,292,289
135.36,290,294
135.42,299,294
135.42,289,290
135.42,300,298
135.42,287,287
135.42,301,300
135.42,286,285
135.43,300,299
135.48,281,281
135.48,296,296
135.48,280,279
135.48,292,294
135.48,281,279
135.49,291,292
135.5,280,277
135.56,281,285
135.56,284,281
135.56,279,281
135.56,289,284
135.56,275,277
135.56,291,288
135.56,277,276
135.62,294,294
135.62,278,279
135.62,297,296
135.62,281,280
135.62,298,297
135.62,285,285
135.63,302,301
135.68,290,287
135.68,297,298
135.68,293,290
135.68,293,295
135.68,298,292
135.68,288,289
135.69,297,295
135.75,285,285
135.75,298,298
135.75,285,284
135.75,296,297
135.75,284,284
135.75,302,300
135.76,287,285
135.81,302,303
135.81,289,287
135.81,298,301
135.81,292,290
135.81,299,301
135.81,301,296
135.82,298,299
135.89,303,300
135.89,292,295
135.89,303,302
135.89,289,289
135.89,302,301
135.89,284,284
135.89,301,300
135.95,282,282
135.95,299,298
135.95,282,282
135.95,294,295
135.95,282,282
135.95,291,293
135.95,286,284
136.01,287,289
136.01,291,285
136.01,283,284
136.01,289,287
136.01,277,279
136.01,294,291
136.02,279,279
136.07,293,292
136.07,278,278
136.07,298,296
136.07,281,279
136.07,294,295
136.08,281,281
136.08,295,294
136.15,284,281
136.15,291,291
136.15,283,279
136.15,282,282
136.15,281,277
136.15,273,276
136.15,285,282
136.21,272,272
136.21,288,286
136.21,272,271
136.21,287,287
136.21,272,272
136.21,287,286
136.22,271,269
136.27,285,284
136.27,269,266
136.27,279,280
136.27,270,268
136.27,274,277
136.27,277,271
136.28,270,274
136.34,276,274
136.34,266,269
136.34,280,277
136.34,266,265
136.34,281,280
136.34,261,262
136.35,278,277
136.4,263,262
136.4,277,278
136.4,263,261
136.4,277,277
136.4,265,262
136.4,272,274
136.41,265,262
136.46,267,270
136.46,267,263
136.46,260,264
136.46,271,267
136.46,256,256
136.47,270,267
136.48,252,252
136.54,266,264
136.54,248,248
136.54,265,263
136.54,247,245
136.54,258,259
136.54,245,242
136.54,254,256
136.6,246,242
136.6,249,251
136.6,245,240
136.6,244,246
136.6,249,245
136.6,239,241
136.61,251,246
136.67,233,233
136.67,249,246
136.67,231,230
136.67,247,247
136.67,232,232
136.67,247,246
136.67,230,230
136.73,245,244
136.73,232,230
136.73,242,243
136.73,238,236
136.73,241,242
136.73,242,239
136.74,240,242
136.79,250,246
136.79,240,240
136.79,255,251
136.79,239,239
136.79,258,257
136.8,242,244
136.81,261,260
136.87,247,246
136.87,265,265
136.87,248,246
136.87,262,264
136.87,252,249
136.87,261,261
136.87,254,252
136.93,258,259
136.93,263,258
136.93,258,259
136.93,267,263
136.93,255,255
136.93,270,269
136.94,255,255
137.0,271,270
137.0,254,255
137.0,272,273
137.0,256,258
137.0,274,274
137.0,258,258
137.0,273,273
137.06,263,260
137.06,268,271
137.06,279,277
137.06,282,287
137.06,297,293
137.06,292,294
137.07,312,309
137.12,299,301
137.12,317,317
137.12,307,307
137.12,326,328
137.12,314,315
137.13,337,337
137.13,323,322
137.18,341,340
137.18,327,326
137.18,339,341
137.18,334,331
137.18,334,337
137.19,336,332
137.2,331,333
137.26,341,337
137.26,326,330
137.26,342,342
137.26,326,327
137.26,342,341
137.26,330,329
137.26,344,343
137.32,329,328
137.33,346,345
137.33,328,328
137.33,342,342
137.33,330,328
137.33,336,339
137.33,331,330
137.39,332,337
137.39,340,336
137.39,330,333
137.39,342,339
137.39,328,330
137.39,342,341
137.4,327,328
137.45,343,344
137.45,331,329
137.45,347,347
137.45,330,331
137.45,347,347
137.45,334,333
137.46,347,349
137.52,341,338
137.52,348,352
137.52,349,346
137.52,345,350
137.52,357,355
137.52,348,350
137.53,361,359
137.58,350,350
137.58,362,362
137.58,347,347
137.58,363,362
137.58,344,343
137.58,362,361
137.59,343,342
137.65,356,356
137.65,343,340
137.65,351,352
137.66,345,341
137.66,344,348
137.66,346,342
137.66,342,345
137.72,352,348
137.72,338,338
137.72,353,351
137.72,337,337
137.72,353,354
137.72,339,339
137.72,357,356
137.78,337,336
137.78,352,351
137.78,335,332
137.78,345,345
137.78,331,328
137.78,336,338
137.79,329,326
137.84,325,329
137.84,327,326
137.84,317,320
137.84,330,326
137.84,312,311
137.85,324,323
137.85,311,310
137.92,325,324
137.92,309,308
137.92,323,324
137.92,309,308
137.92,323,322
137.92,308,307
137.92,319,320
137.98,309,306
137.98,314,316
137.98,314,309
137.98,309,312
137.98,318,313
137.98,305,306
137.99,317,315
138.04,300,302
138.04,316,316
138.04,303,301
138.04,319,317
138.04,300,298
138.04,313,313
138.05,299,297
138.11,309,310
138.11,299,294
138.11,306,307
138.11,298,294
138.11,298,299
138.11,297,293
138.12,287,290
138.17,294,292
138.17,282,282
138.17,293,291
138.17,274,275
138.17,288,288
138.17,273,271
138.18,285,284
138.23,264,264
138.23,282,281
138.23,267,264
138.23,276,278
138.23,267,265
138.24,278,278
138.25,275,271
138.31,273,276
138.31,281,275
138.31,269,273
138.31,284,282
138.31,271,271
138.31,286,286
138.31,271,271
138.37,287,286
138.37,271,272
138.37,288,288
138.37,274,274
138.37,291,292
138.37,282,279
138.38,290,292
138.43,284,282
138.43,288,292
138.43,290,286
138.43,285,288
138.43,297,293
138.44,286,287
138.44,301,299
138.49,286,287
138.49,305,305
138.49,293,292
138.49,310,310
138.49,297,296
138.5,314,313
138.51,300,299
138.57,313,314
138.57,300,298
138.57,306,310
138.57,305,302
138.57,302,305
138.57,307,303
138.58,301,303
138.64,313,309
138.64,300,302
138.64,317,316
138.64,304,302
138.64,321,319
138.64,303,304
138.64,324,323
138.7,308,309
138.7,322,324
138.7,312,310
138.7,323,324
138.7,316,313
138.7,320,323
138.71,321,317
138.76,316,320
138.76,324,321
138.76,313,317
138.76,327,324
138.76,313,313
138.76,327,325
138.77,312,310
138.82,325,322
138.82,309,309
138.82,326,326
138.82,313,311
138.82,323,325
138.83,314,311
138.84,324,326
138.9,320,316
138.9,322,324
138.9,327,322
138.9,321,325
138.9,331,326
138.9,319,319
138.9,334,331
138.96,317,318
138.96,333,332
138.96,316,318
138.96,336,335
138.96,320,320
138.96,338,338
138.97,325,324
139.03,339,339
139.03,330,328
139.03,339,340
139.03,337,333
139.03,336,339
139.03,341,336
139.03,333,334
139.09,341,340
139.09,328,329
139.09,340,340
139.09,323,324
139.09,336,335
139.09,319,318
139.1,332,332
139.15,318,317
139.15,330,331
139.15,319,317
139.15,330,329
139.15,318,314
139.16,319,321
139.17,319,314
139.23,313,314
139.23,319,315
139.23,306,308
139.23,318,315
139.23,302,301
139.23,315,312
139.23,296,296
139.29,311,312
139.29,294,295
139.29,310,310
139.29,295,293
139.29,307,308
139.29,297,296
139.3,307,308
139.35,302,298
139.35,301,305
139.35,306,303
139.35,300,303
139.35,310,308
139.35,300,301
139.36,314,313
139.42,300,301
139.42,317,316
139.42,304,303
139.42,320,318
139.42,305,305
139.42,320,320
139.43,306,306
139.48,321,322
139.48,311,310
139.48,318,320
139.48,316,314
139.48,316,319
139.48,322,319
139.49,312,315
139.56,323,321
139.56,310,311
139.56,324,323
139.56,307,308
139.56,323,321
139.56,307,306
139.56,321,320
139.62,306,306
139.62,320,322
139.62,312,309
139.62,320,321
139.62,315,311
139.62,318,321
139.62,318,315
139.68,314,318
139.68,322,320
139.68,311,312
139.68,323,320
139.68,307,306
139.68,318,318
139.69,304,302
139.74,315,315
139.74,300,298
139.74,314,314
139.74,299,298
139.74,310,312
139.75,301,299
139.75,306,309
139.81,304,302
139.81,305,308
139.81,308,305
139.81,301,305
139.81,311,310
139.81,300,301
139.82,313,312
139.88,299,298
139.88,314,313
139.88,297,297
139.88,314,312
139.88,298,298
139.88,314,315
139.89,301,299
139.94,313,315
139.94,306,303
139.94,312,315
139.94,308,305
139.94,306,310
139.94,315,311
139.96,306,306
139.96,317,315
139.97,303,304
139.98,320,320
140.04,308,308
140.04,327,326
140.04,312,312
140.04,330,329
140.04,317,314
140.04,330,331
140.05,318,317
140.1,332,333
140.1,324,321
140.1,325,329
140.1,330,324
140.1,322,324
140.1,332,329
140.11,322,322
140.16,332,331
140.16,318,317
140.16,329,328
140.16,312,312
140.16,328,327
140.17,311,310
140.18,327,326
140.24,311,310
140.24,323,323
140.24,312,310
140.24,318,321
140.24,314,311
140.24,315,317
140.24,320,317
140.3,311,314
140.3,323,320
140.3,309,311
140.3,326,324
140.3,310,310
140.3,327,326
140.31,313,312
140.37,331,330
140.37,314,313
140.37,330,329
140.37,318,317
140.37,332,333
140.37,324,323
140.37,331,333
140.43,330,326
140.43,330,332
140.43,336,334
140.43,323,326
140.43,337,336
140.43,322,323
140.44,339,337
140.49,323,324
140.49,339,338
140.49,324,324
140.49,336,337
140.49,325,323
140.5,333,335
140.5,324,321
140.57,331,331
140.57,324,321
140.57,325,326
140.57,326,323
140.57,320,323
140.57,331,327
140.57,317,319
140.63,333,331
140.63,316,316
140.63,332,332
140.63,317,318
140.63,334,332
140.63,316,316
140.64,330,330
140.69,315,312
140.69,327,328
140.69,317,315
140.69,324,326
140.69,323,319
140.69,322,325
140.7,328,324
140.76,318,320
140.76,331,328
140.76,317,318
140.76,331,330
140.76,315,316
140.76,331,331
140.77,316,316
140.82,331,330
140.82,315,314
140.82,329,329
140.82,313,312
140.82,323,325
140.82,316,315
140.83,320,324
140.89,323,318
140.89,316,320
140.89,325,322
140.89,318,318
140.89,330,328
140.89,316,316
140.9,333,333
140.96,316,316
140.96,332,333
140.96,317,316
140.96,333,332
140.96,316,315
140.96,327,329
140.96,318,318
141.02,330,331
141.02,323,321
141.02,326,328
141.02,329,325
141.02,321,324
141.02,333,328
141.03,316,318
141.08,330,329
141.08,314,314
141.08,330,329
141.08,309,310
141.08,325,325
141.09,309,308
141.09,321,322
141.16,309,306
141.16,321,321
141.16,310,309
141.16,319,320
141.16,316,312
141.16,312,314
141.16,316,313
141.22,309,310
141.22,320,316
141.22,302,302
141.22,314,313
141.22,299,298
141.22,311,311
141.23,297,295
141.28,313,312
141.28,295,294
141.28,309,310
141.28,298,297
141.28,306,309
141.28,300,299
141.29,306,309
141.34,311,306
141.34,309,310
141.34,319,314
141.34,308,309
141.34,323,321
141.35,307,309
141.36,326,324
141.41,311,310
141.41,326,328
141.41,313,312
141.41,331,331
141.41,314,314
141.41,328,330
141.42,318,316
141.48,324,328
141.48,323,319
141.48,322,324
141.48,328,323
141.48,317,320
141.48,329,327
141.49,315,316
141.55,330,329
141.55,313,314
141.55,330,330
141.55,314,312
141.55,328,327
141.55,312,310
141.55,325,325
141.61,308,306
141.61,319,320
141.61,310,309
141.61,317,318
141.61,318,314
141.61,313,317
141.62,321,318
141.67,312,314
141.67,324,321
141.67,307,307
141.67,324,323
141.67,311,310
141.68,327,326
141.68,310,311
141.74,327,326
141.74,309,308
141.74,322,324
141.74,312,311
141.74,320,322
141.74,313,309
141.75,314,317
141.8,320,316
141.8,311,315
141.8,323,319
141.8,310,312
141.8,324,323
141.81,308,309
141.82,323,322
141.88,307,308
141.88,322,321
141.88,305,304
141.88,319,318
141.88,306,303
141.88,314,315
141.88,305,302
141.94,306,308
141.94,300,298
141.94,301,302
141.94,306,303
141.94,298,301
141.94,311,308
141.95,297,299
142.0,315,313
142.0,299,299
142.0,316,316
142.0,301,300
142.0,314,315
142.0,302,299
142.01,316,316
142.07,301,300
142.07,314,316
142.07,309,305
142.07,313,315
142.07,312,308
142.07,311,313
142.08,318,315
142.13,309,311
142.13,323,319
142.13,305,306
142.13,320,319
142.13,304,304
142.13,317,316
142.14,301,299
142.21,314,312
142.21,294,295
142.21,310,309
142.21,294,293
142.21,300,302
142.21,295,292
142.21,296,300
142.27,299,295
142.27,293,294
142.27,301,298
142.27,288,289
142.27,303,300
142.27,285,286
142.27,300,299
142.33,285,283
142.33,299,298
142.33,285,285
142.33,298,300
142.33,285,284
142.33,297,298
142.34,288,286
142.39,293,296
142.39,292,289
142.39,291,295
142.39,302,296
142.39,290,292
142.4,305,301
142.4,290,291
142.46,306,304
142.46,291,291
142.46,307,307
142.46,292,292
142.46,310,309
142.46,297,295
142.47,311,310
142.53,296,295
142.53,309,309
142.53,300,296
142.53,302,306
142.53,302,297
142.53,298,301
142.54,306,304
142.59,296,297
142.59,308,306
142.59,292,294
142.59,309,307
142.59,294,292
142.59,306,305
142.6,287,286
142.66,302,303
142.66,285,284
142.66,298,299
142.66,287,285
142.66,295,295
142.66,289,285
142.67,289,291
142.72,290,289
142.72,285,287
142.72,297,294
142.72,283,284
142.72,298,297
142.72,283,283
142.73,301,298
142.8,282,285
142.8,299,300
142.8,282,283
142.8,298,299
142.8,286,283
142.8,295,297
142.8,286,284
142.86,293,294
142.86,290,288
142.86,290,294
142.86,299,295
142.86,288,291
142.86,304,300
142.86,288,289
142.92,304,302
142.92,285,285
142.92,302,301
142.92,284,284
142.92,298,298
142.92,282,282
142.93,296,297
142.99,283,281
142.99,292,294
142.99,287,285
142.99,289,292
142.99,291,287
142.99,283,287
142.99,293,290
143.05,282,282
143.05,292,290
143.05,279,278
143.05,292,291
143.05,274,274
143.05,291,292
143.06,276,276
143.11,290,291
143.11,279,276
143.11,294,294
143.11,281,280
143.11,288,290
143.12,286,283
143.13,286,289
143.19,291,285
143.19,278,281
143.19,290,289
143.19,277,279
143.19,292,290
143.19,276,276
143.19,292,292
143.25,277,276
143.25,293,293
143.25,279,276
143.25,294,294
143.25,280,279
143.25,293,294
143.26,285,282
143.31,291,292
143.31,289,286
143.31,285,287
143.31,293,289
143.31,282,284
143.31,299,297
143.32,284,284
143.38,299,299
143.38,284,284
143.38,300,300
143.38,287,286
143.38,301,301
143.38,287,286
143.39,303,303
143.44,292,290
143.44,299,301
143.44,295,293
143.44,296,300
143.44,302,297
143.45,293,294
143.45,303,297
143.52,289,288
143.52,301,298
143.52,283,284
143.52,302,298
143.52,282,282
143.52,300,300
143.52,283,283
143.58,297,297
143.58,279,279
143.58,290,292
143.58,283,279
143.58,287,289
143.58,285,280
143.58,281,283
143.64,288,285
143.64,277,280
143.64,292,290
143.64,277,278
143.64,291,290
143.64,274,275
143.65,293,293
143.7,279,277
143.7,295,293
143.7,277,276
143.7,290,291
143.7,278,277
143.71,291,292
143.72,283,279
143.78,287,289
143.78,288,284
143.78,283,285
143.78,291,287
143.78,279,280
143.78,293,290
143.78,277,277
143.84,291,291
143.84,277,278
143.84,293,293
143.84,279,279
143.84,298,297
143.84,282,282
143.85,295,295
143.9,283,280
143.9,289,292
143.9,285,281
143.9,282,286
143.9,291,286
143.9,281,285
143.91,294,291
143.97,282,282
143.97,295,295
143.97,281,281
143.97,295,297
143.97,283,281
143.97,299,298
143.98,284,282
144.03,300,300
144.03,287,285
144.03,300,301
144.03,294,290
144.03,301,303
144.03,299,296
144.04,297,301
144.1,306,303
144.1,296,299
144.1,308,306
144.1,295,297
144.11,312,312
144.11,298,297
144.11,314,312
144.17,299,297
144.17,316,315
144.17,301,298
144.17,314,314
144.17,301,299
144.17,312,314
144.17,304,301
144.23,304,308
144.23,309,304
144.23,301,305
144.23,311,310
144.23,299,300
144.23,312,310
144.24,297,296
144.29,309,307
144.29,294,293
144.29,309,309
144.29,292,291
144.29,307,306
144.3,293,292
144.31,307,306
144.37,295,292
144.37,303,305
144.37,299,296
144.37,300,302
144.37,309,305
144.37,332,344
144.37,431,436
144.43,464,467
144.43,521,524
144.43,543,546
144.43,594,595
144.43,601,602
144.43,629,629
144.44,630,629
144.49,633,632
144.49,635,633
144.49,635,634
144.49,633,634
144.49,635,635
144.49,636,635
144.5,636,635
144.56,636,635
144.56,635,634
144.56,636,635
144.56,635,635
144.56,635,635
144.56,635,635
144.57,636,635
144.62,634,634
144.62,636,635
144.62,636,634
144.62,634,634
144.62,634,634
144.62,633,633
144.63,631,631
144.7,629,628
144.7,609,604
144.7,591,592
144.7,592,587
144.7,566,568
144.7,572,570
144.7,547,548
144.76,553,551
144.76,522,521
144.76,533,531
144.76,503,502
144.76,508,507
144.76,484,481
144.76,486,485
144.82,466,461
144.82,460,460
144.82,453,449
144.82,443,447
144.82,442,438
144.82,421,425
144.83,426,423
144.88,399,399
144.88,401,400
144.88,376,373
144.88,378,376
144.88,348,347
144.89,354,352
144.9,328,326
144.95,332,331
144.95,305,304
144.95,305,305
144.95,285,281
144.95,279,279
144.95,264,260
144.96,251,252
145.03,248,241
145.03,222,222
145.03,221,218
145.03,193,191
145.03,197,193
145.03,164,163
145.03,170,166
145.09,137,134
145.09,140,140
145.09,114,112
145.09,117,117
145.09,96,92
145.09,88,89
145.09,93,90
145.1,66,63
145.1,67,69
145.15,69,63
145.15,45,45
145.15,55,56
145.15,40,37
145.15,26,27
145.15,36,36
145.15,16,14
145.16,16,16
145.17,22,22
145.23,1,0
145.23,9,9
145.23,11,5
145.23,0,0
145.23,0,0
145.23,0,0
145.23,0,0
145.23,0,0
145.23,0,0
145.23,0,0
145.23,0,0
145.23,0,0
145.24,0,0
145.29,0,0
145.29,0,0
145.29,0,0
145.29,0,0
145.29,0,0
145.29,0,0
145.29,0,0
145.29,0,0
145.29,0,0
145.29,0,0
145.29,0,0
145.3,0,0
145.35,0,0
145.35,0,0
145.35,0,0
145.35,0,0
145.35,0,0
145.35,0,0
145.35,0,0
145.35,9,10
145.35,19,15
145.35,8,8
145.42,29,28
145.42,26,23
145.42,20,24
145.42,44,43
145.42,35,32
145.42,42,43
145.42,58,57
145.42,47,44
145.42,57,61
145.48,70,68
145.48,58,58
145.48,77,79
145.48,81,79
145.48,74,76
145.48,98,98
145.48,93,90
145.48,93,96
145.49,114,115
145.5,105,105
145.51,115,120
145.56,133,131
145.56,120,120
145.56,137,139
145.56,143,140
145.56,134,135
145.56,156,157
145.57,154,150
145.63,152,156
145.63,176,175
145.63,165,164
145.63,178,180
145.63,190,190
145.63,182,181
145.64,196,201
145.7,207,202
145.7,199,198
145.7,219,219
145.7,216,212
145.7,216,220
145.7,235,236
145.7,226,226
145.76,237,241
145.76,250,249
145.76,241,240
145.76,258,260
145.76,261,257
145.76,258,261
145.77,277,274
145.82,268,269
145.82,287,286
145.82,279,279
145.82,300,300
145.82,289,289
145.82,310,309
145.83,297,298
145.89,316,319
145.89,310,308
145.89,324,325
145.89,318,316
145.89,328,329
145.89,330,327
145.9,329,331
145.95,341,338
145.95,327,332
145.95,345,345
145.95,335,335
145.95,349,350
145.96,334,336
145.96,353,354
146.03,340,338
146.03,353,355
146.03,342,340
146.03,354,356
146.03,346,343
146.03,353,356
146.03,354,349
146.09,352,355
146.09,358,355
146.09,350,354
146.09,365,360
146.09,345,347
146.09,359,359
146.1,344,344
146.15,355,355
146.15,339,338
146.15,354,354
146.15,337,336
146.15,350,350
146.15,338,336
146.16,350,350
146.22,339,336
146.22,344,347
146.22,344,340
146.22,342,346
146.22,350,344
146.22,341,342
146.23,354,349
146.28,335,337
146.28,353,353
146.28,339,338
146.28,355,355
146.28,339,338
146.28,357,356
146.29,339,339
146.34,355,354
146.34,340,340
146.34,352,353
146.34,348,344
146.34,352,354
146.35,354,350
146.36,348,352
146.42,360,356
146.42,349,350
146.42,361,361
146.42,350,349
146.42,366,365
146.42,349,350
146.42,367,366
146.48,351,350
146.48,366,367
146.48,351,350
146.48,365,365
146.48,354,352
146.48,361,362
146.49,354,354
146.55,357,361
146.55,360,356
146.55,353,355
146.55,365,362
146.55,349,351
146.55,364,363
146.55,348,349
146.61,365,365
146.61,348,348
146.61,364,364
146.61,348,346
146.61,361,362
146.61,346,347
146.62,363,363
146.67,352,349
146.67,357,359
146.67,355,351
146.67,350,353
146.67,357,353
146.68,346,347
146.68,354,353
146.74,339,340
146.74,356,354
146.74,338,338
146.74,354,353
146.74,336,335
146.74,352,351
146.75,335,334
146.81,350,350
146.81,332,332
146.81,341,344
146.81,336,332
146.81,337,338
146.81,338,333
146.82,328,333
146.87,337,333
146.87,322,325
146.88,338,335
146.88,322,323
146.88,339,338
146.88,322,322
146.88,340,338
146.94,324,324
146.94,341,343
146.94,330,328
146.94,339,340
146.94,329,327
146.94,336,339
146.95,332,330
147.0,333,336
147.0,336,333
147.0,329,331
147.0,340,338
147.0,326,328
147.0,339,338
147.01,323,324
147.06,340,338
147.06,321,321
147.06,336,336
147.06,322,320
147.06,334,334
147.07,320,319
147.08,332,332
147.14,321,320
147.14,326,330
147.14,327,322
147.14,320,323
147.14,328,324
147.14,318,320
147.14,329,326
147.2,315,315
147.2,328,327
147.2,313,312
147.2,327,326
147.2,309,308
147.2,324,324
147.21,309,309
147.27,326,326
147.27,336,342
147.27,420,429
147.27,452,454
147.27,495,502
147.27,535,535
147.27,558,562
147.33,597,595
147.33,603,607
147.33,629,629
147.33,630,630
147.33,633,633
147.33,634,633
147.34,633,634
147.39,636,634
147.39,635,635
147.39,636,635
147.39,634,635
147.39,637,635
147.4,636,635
147.41,636,635
147.47,635,635
147.47,634,634
147.47,634,633
147.47,634,633
147.47,630,631
147.47,620,617
147.47,578,577
147.53,584,581
147.53,550,548
147.53,550,549
147.53,517,515
147.53,517,515
147.53,484,482
147.54,478,477
147.6,455,450
147.6,444,444
147.6,431,425
147.6,413,413
147.6,404,399
147.6,377,377
147.6,374,370
147.66,346,344
147.66,344,343
147.66,316,314
147.66,318,317
147.66,290,287
147.66,291,289
147.67,264,261
147.72,264,263
147.72,242,239
147.72,238,238
147.72,220,217
147.72,212,215
147.73,206,201
147.73,189,191
147.8,190,187
147.8,169,167
147.8,175,174
147.8,154,152
147.8,162,161
147.8,140,139
147.8,148,148
147.86,127,127
147.86,138,136
147.86,117,116
147.86,126,127
147.86,112,108
147.86,115,116
147.86,114,108
147.92,106,109
147.92,111,107
147.92,100,102
147.92,110,107
147.92,95,95
147.92,109,108
147.93,90,90
147.98,103,103
147.98,98,93
147.98,91,92
147.98,105,104
147.98,91,90
147.98,104,105
147.98,97,94
148.05,95,98
148.05,110,110
148.05,94,96
148.05,113,113
148.05,102,100
148.05,114,116
148.05,113,110
148.11,116,119
148.11,123,119
148.11,117,122
148.11,135,132
148.11,124,126
148.11,141,140
148.11,128,129
148.17,151,150
148.17,139,137
148.17,159,158
148.17,147,146
148.17,166,167
148.17,155,155
148.18,174,175
148.24,169,166
148.24,180,183
148.24,182,179
148.24,187,188
148.24,198,193
148.24,191,193
148.24,209,205
148.3,199,200
148.3,219,216
148.3,205,206
148.3,226,226
148.3,215,214
148.3,232,233
148.31,221,221
148.36,243,242
148.36,229,228
148.36,247,249
148.36,240,238
148.36,248,250
148.36,248,246
148.37,248,252
148.42,260,257
148.42,250,254
148.42,268,267
148.42,255,257
148.42,276,275
148.43,261,261
148.44,277,279
148.5,267,266
148.5,285,285
148.5,271,271
148.5,291,291
148.5,278,277
148.5,289,291
148.5,283,280
148.56,288,291
148.56,292,289
148.56,288,290
148.56,299,297
148.56,288,291
148.56,307,304
148.57,293,294
148.63,314,312
148.63,296,297
148.63,316,316
148.63,300,300
148.63,318,320
148.63,304,303
148.63,319,321
148.69,308,306
148.69,319,322
148.69,317,313
148.69,320,322
148.69,328,323
148.69,317,320
148.7,330,328
148.75,316,317
148.75,333,333
148.75,315,317
148.75,332,332
148.75,313,313
148.76,331,330
148.77,311,310
148.82,328,328
148.82,312,309
148.82,324,324
148.82,315,312
148.82,319,322
148.82,318,315
148.83,317,320
148.89,327,323
148.89,317,318
148.89,331,330
148.89,319,320
148.89,338,337
148.89,321,322
148.9,345,343
148.96,326,326
148.96,346,345
148.96,328,326
148.96,344,345
148.96,329,328
148.96,338,340
148.96,328,325
149.02,329,331
149.02,330,326
149.02,321,325
149.02,333,329
149.02,318,320
149.02,334,333
149.03,318,319
149.08,337,335
149.08,321,321
149.08,342,340
149.08,323,324
149.08,342,340
149.09,326,323
149.09,339,339
149.16,327,324
149.16,334,337
149.16,331,326
149.16,327,331
149.16,333,329
149.16,323,325
149.16,336,334
149.22,322,322
149.22,338,335
149.22,322,322
149.22,336,336
149.22,319,320
149.22,340,339
149.22,319,319
149.28,339,338
149.28,322,320
149.28,333,337
149.28,325,321
149.28,331,334
149.28,329,324
149.29,321,324
149.35,329,326
149.35,315,318
149.35,331,328
149.35,316,317
149.35,330,329
149.35,315,316
149.36,334,334
149.41,315,314
149.41,334,334
149.41,317,315
149.41,332,334
149.41,318,317
149.41,328,332
149.42,324,321
149.48,325,329
149.48,329,325
149.48,321,324
149.48,332,329
149.49,320,322
149.49,339,337
149.49,323,322
149.55,341,339
149.55,322,322
149.55,339,340
149.55,323,322
149.55,339,340
149.55,326,323
149.55,340,342
149.61,371,375
149.61,431,438
149.61,464,464
149.61,497,504
149.61,540,539
149.61,551,555
149.62,592,592
149.67,594,596
149.67,628,625
149.67,627,626
149.67,632,631
149.67,632,631
149.67,633,633
149.68,634,633
149.73,632,634
149.73,636,633
149.73,634,634
149.73,634,634
149.73,634,634
149.74,634,634
149.75,634,634
149.81,635,634
149.81,633,633
149.81,636,633
149.81,635,634
149.81,634,635
149.81,634,634
149.81,633,634
149.87,634,634
149.87,635,633
149.87,631,631
149.87,631,631
149.87,622,617
149.87,599,599
149.88,587,581
149.94,570,572
149.94,563,558
149.94,537,538
149.94,534,530
149.94,502,501
149.94,504,501
149.95,468,469
150.0,469,469
150.0,436,435
150.0,440,437
150.0,406,402
150.0,404,402
150.0,374,370
150.01,367,367
150.06,343,339
150.06,328,329
150.06,313,308
150.06,291,293
150.06,285,280
150.07,257,257
150.08,259,255
150.14,227,226
150.14,232,230
150.14,200,201
150.14,205,204
150.14,175,174
150.14,183,180
150.14,155,152
150.2,154,155
150.2,133,130
150.2,130,132
150.2,119,114
150.2,110,111
150.2,106,102
150.21,89,92
150.22,101,100
150.22,77,77
150.23,91,90
150.24,81,78
150.24,69,70
150.3,84,83
150.3,66,63
150.3,64,66
150.3,75,73
150.3,56,56
150.3,66,66
150.3,65,62
150.31,48,49
150.31,65,66
150.36,59,54
150.36,48,51
150.36,66,65
150.36,51,47
150.36,49,53
150.36,61,61
150.36,46,44
150.37,56,59
150.38,58,55
150.44,45,46
150.44,64,64
150.44,56,53
150.44,51,53
150.44,70,68
150.44,56,53
150.44,62,65
150.44,73,73
150.44,58,58
150.5,73,76
150.5,77,74
150.5,65,65
150.5,84,85
150.5,77,74
150.5,75,77
150.5,95,94
150.5,82,81
150.51,93,95
150.56,105,103
150.56,93,92
150.56,113,112
150.56,100,101
150.56,121,121
150.56,111,110
150.57,124,126
150.58,120,120
150.59,129,131
150.64,138,132
150.64,130,135
150.64,147,144
150.64,136,139
150.64,158,157
150.65,147,147
150.65,166,167
150.7,152,152
150.7,176,175
150.7,162,162
150.7,183,184
150.7,173,173
150.71,188,191
150.72,182,181
150.78,192,196
150.78,195,191
150.78,197,201
150.78,207,204
150.78,201,205
150.78,219,216
150.78,205,206
150.84,224,224
150.84,212,214
150.84,234,234
150.84,222,221
150.84,239,239
150.84,226,224
150.85,243,245
150.91,236,235
150.91,252,255
150.91,250,246
150.91,259,261
150.91,261,257
150.91,260,264
150.92,274,270
150.97,264,267
150.97,282,279
150.97,271,271
150.97,289,288
150.97,277,276
150.97,298,296
150.98,286,284
151.03,305,303
151.03,291,289
151.03,307,307
151.03,298,296
151.03,308,311
151.04,305,301
151.05,308,312
151.11,311,307
151.11,307,309
151.11,317,314
151.11,307,309
151.11,323,322
151.11,309,310
151.11,331,329
151.17,318,315
151.17,333,332
151.17,317,317
151.17,336,336
151.17,320,320
151.17,337,338
151.18,324,323
151.23,337,338
151.23,334,331
151.23,334,338
151.23,338,336
151.23,332,334
151.24,347,344
151.24,332,334
151.3,350,348
151.3,336,335
151.3,353,354
151.3,339,339
151.3,359,358
151.3,343,343
151.31,362,362
151.37,349,347
151.37,360,363
151.37,355,352
151.37,362,363
151.37,360,358
151.37,356,360
151.37,364,361
151.44,354,356
151.44,368,365
151.44,354,354
151.44,368,368
151.44,352,353
151.44,370,370
151.44,355,353
151.5,368,369
151.5,352,352
151.5,369,369
151.5,355,352
151.5,360,364
151.5,354,352
151.51,357,360
151.56,359,355
151.56,347,350
151.56,358,354
151.56,345,345
151.56,358,355
151.56,339,339
151.57,353,353
151.62,338,336
151.62,352,352
151.62,335,334
151.62,350,350
151.62,338,334
151.63,346,347
151.64,336,333
151.7,343,344
151.7,335,332
151.7,335,338
151.7,343,338
151.7,331,333
151.7,344,340
151.7,328,329
151.76,344,344
151.76,327,327
151.76,347,345
151.76,328,328
151.76,345,345
151.76,329,328
151.77,346,345
151.83,329,327
151.83,337,340
151.83,330,326
151.83,336,337
151.83,332,329
151.83,327,330
151.83,336,333
151.89,323,324
151.89,337,336
151.89,323,323
151.89,339,337
151.89,322,321
151.89,337,338
151.9,320,320
151.95,337,336
151.95,319,318
151.95,334,334
151.95,322,318
151.95,332,336
151.96,354,354
151.96,389,395
152.02,421,421
152.02,437,441
152.02,473,472
152.02,477,480
152.02,513,512
152.02,510,511
152.03,544,544
152.09,539,540
152.09,597,601
152.09,607,608
152.09,631,630
152.09,632,631
152.09,632,632
152.1,633,633
152.16,634,634
152.16,633,634
152.16,635,635
152.16,633,633
152.16,634,633
152.16,634,634
152.16,634,633
152.22,633,633
152.22,632,632
152.22,632,632
152.22,621,618
152.22,599,596
152.22,574,572
152.23,579,577
152.28,545,543
152.28,543,545
152.28,523,518
152.28,508,510
152.28,497,491
152.28,473,473
152.29,468,463
152.34,439,438
152.34,437,435
152.34,409,408
152.34,415,412
152.34,386,384
152.35,389,386
152.36,356,355
152.42,359,358
152.42,328,326
152.42,330,332
152.42,308,304
152.42,301,301
152.42,287,282
152.42,274,277
152.48,270,262
152.48,250,250
152.48,253,248
152.48,227,228
152.48,235,233
152.48,209,209
152.49,219,217
152.55,192,192
152.55,200,200
152.55,178,173
152.55,181,181
152.55,158,157
152.55,164,166
152.55,147,143
152.61,150,150
152.61,142,136
152.61,134,136
152.61,136,133
152.61,121,122
152.61,131,128
152.62,113,112
152.67,126,125
152.67,104,105
152.67,122,122
152.67,103,100
152.67,118,118
152.68,99,98
152.69,108,111
152.69,106,103
152.7,103,107
152.76,113,109
152.76,100,104
152.76,115,112
152.76,97,98
152.76,116,117
152.76,102,99
152.77,115,116
152.78,106,104
152.78,111,115
152.84,112,108
152.84,110,114
152.84,119,116
152.84,109,112
152.84,126,125
152.84,111,113
152.85,132,132
152.9,120,119
152.9,141,140
152.9,127,126
152.91,150,149
152.91,133,132
152.91,153,155
152.91,146,143
152.97,156,160
152.97,152,150
152.97,158,162
152.97,165,161
152.97,161,164
152.97,176,172
152.98,165,167
153.05,185,183
153.05,171,172
153.05,193,192
153.05,179,178
153.05,200,201
153.05,185,185
153.05,208,207
153.11,192,192
153.11,211,214
153.11,208,204
153.11,217,220
153.11,218,215
153.11,223,227
153.11,232,228
153.17,226,230
153.17,244,242
153.17,231,232
153.17,253,250
153.17,236,237
153.17,257,256
153.18,239,240
153.23,262,261
153.23,245,244
153.23,264,265
153.23,250,249
153.23,265,267
153.23,257,255
153.24,263,266
153.29,265,262
153.3,264,265
153.3,273,270
153.3,265,267
153.3,281,277
153.3,267,267
153.31,283,283
153.37,268,268
153.37,290,288
153.37,274,274
153.37,292,293
153.37,276,276
153.37,294,296
153.37,282,280
153.44,294,294
153.44,286,284
153.44,293,295
153.44,297,291
153.44,290,294
153.44,302,299
153.44,291,294
153.5,311,309
153.5,296,297
153.5,314,314
153.5,299,300
153.5,320,319
153.5,302,302
153.5,321,322
153.56,308,308
153.56,323,325
153.56,316,314
153.56,324,327
153.56,320,317
153.56,320,323
153.57,326,322
153.62,318,322
153.62,334,329
153.62,321,321
153.62,334,334
153.62,320,321
153.63,340,339
153.64,323,322
153.7,341,342
153.7,324,324
153.7,343,343
153.7,330,327
153.7,340,343
153.7,330,329
153.7,336,338
153.76,337,334
153.76,333,334
153.76,341,336
153.76,329,332
153.76,344,341
153.76,327,326
153.77,343,341
153.83,325,325
153.83,341,339
153.83,323,321
153.83,338,337
153.83,317,316
153.83,332,333
153.83,318,316
153.89,326,328
153.89,321,318
153.89,320,324
153.89,324,321
153.89,316,320
153.89,328,324
153.9,314,316
153.95,331,327
153.95,312,312
153.95,326,327
153.95,309,310
153.95,328,326
153.96,316,318
153.96,393,404
154.02,440,443
154.02,489,493
154.02,514,513
154.02,547,553
154.02,566,565
154.02,582,587
154.03,605,601
154.09,602,605
154.09,624,621
154.09,613,612
154.09,627,625
154.09,615,615
154.09,623,623
154.09,611,611
154.16,621,620
154.16,603,600
154.16,611,611
154.16,590,588
154.16,592,595
154.16,577,572
154.16,570,573
154.22,563,556
154.22,544,546
154.22,543,540
154.22,521,521
154.22,524,522
154.22,494,495
154.23,504,502
154.28,471,470
154.28,480,479
154.28,450,449
154.28,458,458
154.28,430,428
154.28,435,435
154.29,411,408
154.34,409,409
154.34,392,388
154.34,382,384
154.34,378,373
154.34,359,361
154.35,359,356
154.36,337,337
154.42,342,338
154.42,314,313
154.42,323,321
154.42,296,297
154.42,306,305
154.42,278,277
154.42,289,289
154.48,266,263
154.48,274,273
154.48,255,252
154.48,254,256
154.48,246,241
154.48,239,240
154.49,236,232
154.55,219,220
154.55,224,222
154.55,203,202
154.55,213,212
154.55,190,190
154.55,207,205
154.55,182,182
154.61,199,198
154.61,178,175
154.61,191,190
154.61,176,172
154.61,184,185
154.61,172,169
154.62,174,178
154.67,177,173
154.67,166,171
154.67,181,176
154.67,162,165
154.67,180,179
154.68,162,164
154.68,180,180
154.75,164,163
154.75,184,183
154.75,165,165
154.75,184,183
154.75,168,166
154.75,182,184
154.75,170,168
154.81,181,182
154.81,180,176
154.81,182,185
154.81,190,184
154.81,180,183
154.81,192,190
154.82,180,181
154.87,197,196
154.87,180,180
154.87,198,198
154.87,182,182
154.87,205,204
154.87,187,186
154.88,206,205
154.94,190,189
154.94,205,206
154.94,197,194
154.94,203,206
154.94,204,201
154.94,201,204
154.95,210,207
155.0,199,204
155.0,218,215
155.0,207,206
155.0,224,223
155.0,209,209
155.0,230,229
155.01,213,212
155.08,232,232
155.08,216,216
155.08,234,235
155.08,224,222
155.08,237,238
155.08,232,230
155.08,236,239
155.14,240,235
155.14,235,236
155.14,248,243
155.14,234,236
155.14,250,248
155.14,237,238
155.14,255,255
155.2,239,240
155.2,258,259
155.2,243,243
155.2,262,263
155.2,248,247
155.2,263,265
155.21,254,250
155.26,262,265
155.26,260,257
155.26,260,265
155.26,269,265
155.26,260,264
155.27,277,275
155.27,262,265
155.33,283,281
155.33,265,266
155.33,286,285
155.33,271,270
155.33,288,289
155.33,270,270
155.34,287,289
155.39,277,276
155.39,289,293
155.39,287,284
155.39,295,296
155.39,295,290
155.4,293,297
155.4,304,301
155.47,294,295
155.47,311,308
155.47,297,296
155.47,313,312
155.47,297,298
155.47,318,316
155.47,300,300
155.53,319,318
155.53,298,299
155.53,321,320
155.53,305,303
155.53,318,319
155.53,312,309
155.54,318,319
155.59,319,315
155.59,312,316
155.59,324,321
155.59,311,314
155.59,327,326
155.6,312,313
155.6,331,328
155.66,315,313
155.66,341,343
155.66,370,375
155.66,460,466
155.66,489,491
155.66,541,546
155.67,565,565
155.72,597,601
155.72,617,616
155.72,626,628
155.72,632,630
155.72,632,631
155.72,633,633
155.73,633,632
155.78,632,633
155.78,633,633
155.78,633,633
155.78,632,633
155.78,633,633
155.79,632,632
155.8,633,632
155.86,627,628
155.86,623,622
155.86,596,592
155.86,593,595
155.86,585,579
155.86,563,565
155.86,560,556
155.92,536,536
155.92,539,536
155.92,507,505
155.92,512,512
155.92,481,480
155.92,489,486
155.93,457,454
155.99,459,459
155.99,430,428
155.99,432,432
155.99,406,403
155.99,404,405
155.99,387,381
155.99,375,377
156.05,368,363
156.05,346,349
156.05,350,346
156.05,324,324
156.05,329,326
156.05,301,301
156.06,311,308
156.12,286,283
156.12,294,292
156.12,268,266
156.12,274,274
156.12,249,248
156.12,257,257
156.13,237,235
156.19,238,238
156.19,227,224
156.19,218,222
156.19,217,213
156.19,203,205
156.19,214,209
156.19,189,189
156.25,200,200
156.25,182,179
156.25,195,194
156.25,170,170
156.25,187,187
156.25,169,167
156.26,180,181
156.31,163,161
156.31,174,176
156.31,167,162
156.31,168,170
156.31,167,164
156.31,161,165
156.32,172,168
156.37,160,162
156.37,174,172
156.37,156,158
156.37,174,173
156.37,155,156
156.38,179,176
156.39,160,160
156.45,181,180
156.45,165,164
156.45,183,184
156.45,174,168
156.45,183,185
156.45,179,176
156.45,181,185
156.51,191,186
156.51,182,185
156.51,197,195
156.51,187,188
156.51,206,205
156.51,194,194
156.52,214,214
156.58,196,197
156.58,218,219
156.58,204,202
156.58,225,223
156.58,211,209
156.58,224,226
156.58,218,215
156.64,221,224
156.64,223,219
156.64,220,225
156.64,230,227
156.64,219,222
156.64,234,233
156.65,220,223
156.7,240,240
156.7,225,224
156.7,245,243
156.7,229,228
156.7,248,248
156.71,233,232
156.72,249,250
156.78,238,236
156.78,251,253
156.78,247,243
156.78,253,255
156.78,255,251
156.78,248,252
156.78,265,261
156.84,252,254
156.84,271,268
156.84,257,257
156.84,278,277
156.84,262,262
156.84,283,282
156.85,267,267
156.91,286,287
156.91,271,271
156.91,288,290
156.91,279,276
156.91,287,290
156.91,285,282
156.91,289,291
156.97,295,290
156.97,286,290
156.97,304,300
156.97,291,292
156.97,309,307
156.97,292,293
156.98,311,311
157.03,297,296
157.03,313,313
157.03,299,297
157.03,314,315
157.03,300,299
157.04,314,317
157.04,306,304
157.11,315,317
157.11,315,311
157.11,313,315
157.11,324,319
157.11,308,312
157.11,327,325
157.11,314,314
157.17,330,329
157.17,315,314
157.17,331,330
157.17,314,315
157.17,335,333
157.17,318,317
157.17,334,335
157.23,320,320
157.23,332,334
157.23,326,323
157.23,329,333
157.23,332,327
157.23,324,327
157.24,336,333
157.3,321,324
157.3,361,362
157.3,397,404
157.3,484,487
157.3,504,509
157.3,564,569
157.31,575,579
157.36,618,619
157.36,623,622
157.36,630,630
157.36,631,632
157.36,634,632
157.36,633,633
157.37,635,634
157.42,635,633
157.42,634,633
157.42,633,633
157.42,633,634
157.42,634,634
157.43,634,632
157.44,633,633
157.5,632,631
157.5,630,629
157.5,612,607
157.5,604,603
157.5,579,574
157.5,578,577
157.5,556,551
157.56,546,547
157.56,533,528
157.56,513,516
157.56,514,509
157.56,486,487
157.56,489,486
157.57,459,460
157.62,467,464
157.62,434,431
157.62,440,439
157.62,410,408
157.62,414,412
157.62,383,381
157.63,385,385
157.69,362,359
157.69,357,358
157.69,341,335
157.69,327,331
157.69,321,316
157.69,302,303
157.7,301,298
157.75,277,278
157.75,283,281
157.75,256,256
157.75,266,263
157.75,236,237
157.76,249,248
157.76,223,221
157.83,233,232
157.83,210,205
157.83,213,215
157.83,199,195
157.83,196,200
157.83,191,187
157.83,180,184
157.89,180,176
157.89,164,168
157.89,175,170
157.89,152,155
157.89,167,166
157.89,148,145
157.9,162,161
157.95,139,139
157.95,155,157
157.95,138,135
157.95,150,151
157.95,136,133
157.95,146,147
157.96,134,131
158.01,141,142
158.01,144,138
158.01,136,138
158.01,149,145
158.01,136,137
158.02,155,153
158.03,137,139
158.08,160,157
158.08,142,141
158.08,162,160
158.08,143,143
158.08,165,164
158.08,154,152
158.09,167,171
158.15,159,158
158.15,173,174
158.15,170,167
158.15,174,177
158.15,182,177
158.15,175,180
158.16,193,191
158.22,178,181
158.22,199,197
158.22,184,184
158.22,208,206
158.22,188,189
158.22,210,211
158.22,197,196
158.28,217,217
158.28,206,202
158.28,218,221
158.28,212,210
158.28,221,224
158.28,223,220
158.29,223,228
158.34,232,231
158.34,227,230
158.34,244,242
158.34,229,231
158.34,250,250
158.35,232,235
158.35,255,256
158.41,242,241
158.41,263,262
158.41,248,248
158.41,268,269
158.41,256,255
158.41,269,272
158.42,265,263
158.48,271,275
158.48,276,272
158.48,270,273
158.48,282,279
158.48,270,272
158.48,289,286
158.48,272,273
158.55,290,290
158.55,276,276
158.55,294,296
158.55,277,278
158.55,297,298
158.55,282,281
158.55,298,300
158.61,286,284
158.61,297,299
158.61,293,289
158.61,294,298
158.61,301,298
158.61,292,295
158.62,308,305
158.67,294,296
158.67,312,311
158.67,296,298
158.67,318,316
158.67,301,300
158.67,317,317
158.68,301,302
158.73,320,319
158.73,304,303
158.73,317,319
158.73,310,307
158.73,317,319
158.74,313,310
158.75,313,314
158.81,320,316
158.81,307,310
158.81,322,320
158.81,308,310
158.81,326,325
158.81,308,309
158.81,329,328
158.87,310,310
158.87,329,328
158.87,312,312
158.87,332,331
158.87,316,315
158.87,328,331
158.88,325,320
158.93,329,330
158.93,331,326
158.93,367,381
158.93,450,451
158.93,469,475
158.94,522,525
158.94,535,538
158.99,576,578
158.99,575,577
158.99,609,609
159.0,600,600
159.0,623,624
159.0,617,616
159.01,626,627
159.07,622,618
159.07,625,625
159.07,619,615
159.07,613,615
159.07,613,608
159.07,596,595
159.07,600,596
159.14,577,578
159.14,584,581
159.14,557,556
159.14,565,565
159.14,535,534
159.14,544,544
159.14,516,513
159.2,520,520
159.2,496,493
159.2,497,497
159.2,472,470
159.2,464,468
159.2,456,451
159.21,436,437
159.26,435,428
159.26,408,408
159.26,412,407
159.26,378,379
159.26,387,385
159.26,360,360
159.27,366,365
159.34,339,336
159.34,344,342
159.34,315,313
159.34,322,323
159.34,300,296
159.34,300,300
159.34,285,280
159.4,278,279
159.4,270,266
159.4,255,257
159.4,262,256
159.4,238,237
159.4,246,243
159.4,220,220
159.46,231,231
159.46,209,209
159.46,224,221
159.46,198,198
159.46,210,210
159.46,190,189
159.47,198,200
159.52,182,179
159.52,184,187
159.52,176,173
159.52,174,175
159.52,177,171
159.53,161,163
159.53,173,170
159.59,153,155
159.59,170,169
159.59,152,151
159.59,168,167
159.59,149,149
159.59,165,165
159.6,147,146
159.66,164,164
159.66,148,148
159.66,163,165
159.66,156,153
159.66,160,163
159.66,165,161
159.66,163,165
159.72,174,171
159.72,163,165
159.72,178,177
159.72,163,165
159.72,186,184
159.72,170,170
159.73,191,190
159.79,176,174
159.79,194,195
159.79,179,178
159.79,197,199
159.79,186,185
159.79,198,200
159.8,194,191
159.85,196,200
159.85,202,199
159.85,199,202
159.85,215,210
159.85,199,202
159.85,218,218
159.86,205,205
159.93,226,225
159.93,211,210
159.93,231,232
159.93,214,215
159.93,236,236
159.93,222,221
159.93,236,239
159.99,231,229
159.99,238,242
159.99,238,236
159.99,241,242
159.99,246,243
159.99,238,242
159.99,256,255
160.05,244,245
160.05,262,261
160.05,249,249
160.05,268,268
160.05,252,252
160.05,270,271
160.06,258,257
160.11,277,278
160.11,266,265
160.11,282,283
160.11,275,272
160.11,280,284
160.12,286,281
160.12,281,285
160.18,292,289
160.18,280,283
160.18,300,298
160.18,286,286
160.18,305,303
160.18,289,289
160.19,308,308
160.24,292,293
160.24,312,313
160.24,296,295
160.24,313,314
160.24,301,298
160.25,310,312
160.25,309,306
160.32,312,315
160.32,316,312
160.32,310,315
160.32,327,322
160.32,315,316
160.32,332,331
160.32,316,317
160.38,336,336
160.38,318,319
160.38,337,339
160.38,323,322
160.38,340,340
160.38,327,325
160.39,341,341
160.44,330,325
160.44,337,339
160.44,334,330
160.44,330,334
160.44,341,336
160.44,328,331
160.45,381,386
160.5,433,436
160.5,480,481
160.5,494,495
160.5,540,541
160.5,540,542
160.51,575,577
160.52,575,574
160.58,602,604
160.58,598,595
160.58,611,614
160.58,611,609
160.58,613,616
160.58,614,611
160.58,607,610
160.64,614,610
160.64,596,596
160.64,603,601
160.64,581,580
160.64,591,589
160.64,564,564
160.65,576,574
160.71,546,546
160.71,555,555
160.71,530,527
160.71,532,535
160.71,512,508
160.71,511,512
160.71,497,491
160.77,485,487
160.77,479,473
160.77,457,460
160.77,462,457
160.77,433,432
160.77,440,437
160.78,412,410
160.83,420,418
160.83,387,388
160.83,398,398
160.83,371,369
160.83,379,378
160.84,354,352
160.84,354,357
160.91,339,336
160.91,335,337
160.91,324,319
160.91,312,316
160.91,315,310
160.91,295,295
160.91,301,298
160.97,276,277
160.97,286,286
160.97,263,261
160.97,276,273
160.97,250,250
160.97,263,261
160.98,239,238
161.03,251,251
161.03,233,231
161.03,240,243
161.03,230,227
161.03,228,231
161.03,226,223
161.04,219,221
161.1,224,221
161.1,207,208
161.1,220,218
161.1,201,201
161.1,219,217
161.1,199,198
161.11,216,215
161.16,194,195
161.16,212,212
161.16,194,194
161.16,209,210
161.16,197,195
161.16,206,208
161.17,199,195
161.23,200,202
161.23,205,201
161.23,193,196
161.23,205,204
161.23,192,194
161.23,209,208
161.24,192,193
161.3,210,210
161.3,192,192
161.3,209,210
161.3,193,192
161.3,213,213
161.3,199,197
161.3,211,212
161.36,201,198
161.36,207,209
161.36,208,203
161.36,201,206
161.36,213,208
161.36,201,203
161.37,216,213
161.42,201,201
161.42,218,217
161.42,199,201
161.42,220,219
161.42,202,203
161.43,222,222
161.43,207,205
161.49,223,224
161.49,212,211
161.49,224,227
161.49,222,219
161.49,224,229
161.49,231,228
161.5,224,228
161.56,240,236
161.56,227,228
161.56,244,243
161.56,228,229
161.56,247,247
161.56,231,232
161.56,251,250
161.63,233,233
161.63,256,256
161.63,243,240
161.63,255,258
161.63,250,248
161.63,258,261
161.63,257,253
161.69,257,260
161.69,263,261
161.69,256,259
161.69,272,269
161.69,258,260
161.69,277,276
161.7,264,263
161.75,280,280
161.75,268,267
161.75,287,286
161.75,272,270
161.75,288,290
161.75,277,276
161.76,291,292
161.81,285,282
161.81,290,294
161.81,294,290
161.81,289,293
161.81,298,295
161.82,288,291
161.83,305,303
161.89,290,289
161.89,305,304
161.89,291,291
161.89,308,308
161.89,291,291
161.89,309,310
161.89,295,294
161.95,309,310
161.95,299,297
161.95,311,312
161.95,308,305
161.95,308,311
161.95,311,307
161.96,306,308
162.01,319,315
162.01,303,305
162.01,320,318
162.02,306,311
162.02,394,399
162.02,421,425
162.02,473,475
162.08,486,488
162.08,524,527
162.08,528,529
162.08,558,560
162.08,559,557
162.08,575,579
162.09,583,578
162.14,580,585
162.14,592,590
162.14,580,584
162.14,597,593
162.14,574,577
162.15,592,590
162.15,566,568
162.22,581,579
162.22,555,555
162.22,567,567
162.22,544,543
162.22,552,552
162.22,532,528
162.22,532,533
162.28,519,513
162.28,511,514
162.28,505,501
162.28,490,493
162.28,491,487
162.28,468,469
162.29,472,470
162.34,449,447
162.34,458,455
162.34,427,427
162.34,436,434
162.35,411,408
162.35,414,412
162.35,387,385
162.41,394,393
162.41,369,365
162.41,367,370
162.41,353,351
162.41,347,347
162.41,340,336
162.42,327,327
162.47,330,324
162.47,304,306
162.47,314,313
162.47,289,288
162.47,300,297
162.47,273,272
162.48,284,285
162.55,261,260
162.55,269,270
162.55,250,248
162.55,255,256
162.55,242,237
162.55,242,244
162.55,235,230
162.61,227,230
162.61,231,225
162.61,213,215
162.61,222,219
162.61,200,200
162.61,212,211
162.61,190,190
162.67,204,203
162.67,185,184
162.67,199,198
162.67,182,178
162.67,192,192
162.67,178,176
162.68,186,187
162.73,179,176
162.73,182,184
162.73,184,180
162.73,178,182
162.73,188,186
162.74,176,179
162.74,193,192
162.8,177,178
162.8,193,194
162.8,176,178
162.8,198,196
162.8,181,178
162.8,197,196
162.81,180,180
162.87,194,196
162.87,184,182
162.87,191,194
162.87,189,186
162.87,189,193
162.87,192,190
162.88,187,190
162.93,200,197
162.93,182,184
162.93,198,197
162.93,184,184
162.93,203,200
162.93,182,184
162.94,202,203
163.0,187,187
163.0,205,205
163.0,193,191
163.0,205,207
163.0,200,197
163.0,206,207
163.01,206,201
163.06,203,207
163.06,212,210
163.06,201,204
163.06,219,215
163.06,202,204
163.06,224,222
163.07,209,208
163.12,228,228
163.12,213,212
163.12,233,232
163.12,217,215
163.12,233,235
163.13,225,223
163.14,236,240
163.2,233,230
163.2,240,242
163.2,244,240
163.2,239,242
163.2,254,249
163.2,243,244
163.2,258,256
163.26,244,246
163.26,264,262
163.26,249,249
163.27,269,269
163.27,252,252
163.27,270,271
163.27,259,256
163.33,273,274
163.33,264,262
163.33,273,276
163.33,271,269
163.33,271,275
163.33,280,278
163.33,274,277
163.39,288,285
163.39,276,278
163.39,294,293
163.39,279,281
163.39,299,298
163.39,286,283
163.4,301,301
163.45,284,283
163.45,300,300
163.45,288,287
163.45,301,303
163.45,294,292
163.46,300,303
163.47,304,299
163.53,299,302
163.53,311,306
163.53,301,302
163.53,315,313
163.53,303,302
163.53,321,320
163.53,306,306
163.59,323,323
163.59,316,322
163.59,404,412
163.59,434,435
163.59,480,484
163.59,500,501
163.6,533,537
163.65,551,548
163.65,567,571
163.65,586,582
163.65,586,590
163.65,605,602
163.65,593,595
163.66,614,611
163.72,596,596
163.72,610,610
163.72,593,594
163.72,610,608
163.72,584,584
163.72,598,597
163.73,577,574
163.78,581,582
163.78,563,559
163.78,558,561
163.78,547,543
163.78,537,539
163.79,533,527
163.8,510,512
163.81,517,512
163.81,490,488
163.82,493,491
163.87,466,464
163.87,469,468
163.87,443,441
163.87,448,447
163.87,422,420
163.88,426,424
163.89,402,399
163.95,401,402
163.95,386,381
163.95,379,382
163.95,367,364
163.95,353,357
163.95,354,348
163.95,333,333
164.01,337,334
164.01,312,313
164.01,321,320
164.01,295,294
164.01,302,302
164.01,279,276
164.02,287,285
164.08,262,261
164.08,268,268
164.08,247,246
164.08,252,253
164.08,241,237
164.08,238,240
164.08,237,233
164.14,223,225
164.14,229,225
164.14,211,211
164.14,223,220
164.14,203,202
164.14,217,214
164.15,198,196
164.2,214,212
164.2,192,190
164.2,205,204
164.2,187,184
164.2,196,197
164.21,184,181
164.21,187,189
164.28,186,181
164.28,182,184
164.28,187,182
164.28,174,178
164.28,188,185
164.28,172,173
164.28,190,189
164.34,173,173
164.34,191,190
164.34,172,171
164.34,191,191
164.34,174,174
164.34,190,192
164.35,180,179
164.4,192,194
164.4,187,183
164.4,192,194
164.4,193,187
164.4,186,189
164.4,198,195
164.41,187,189
164.46,204,202
164.46,188,188
164.46,207,207
164.46,192,192
164.46,211,210
164.47,195,195
164.48,216,215
164.53,199,197
164.53,213,215
164.53,205,203
164.53,212,215
164.53,208,206
164.53,211,214
164.54,217,214
164.6,212,215
164.6,225,222
164.6,213,214
164.6,230,227
164.6,217,217
164.6,234,233
164.61,219,218
164.66,238,237
164.66,219,218
164.67,238,237
164.67,225,223
164.67,240,240
164.67,232,228
164.67,239,241
164.73,237,234
164.73,236,240
164.73,246,243
164.73,238,241
164.73,253,250
164.73,240,240
164.74,256,256
164.79,244,244
164.79,263,261
164.79,247,247
164.79,267,268
164.79,254,253
164.8,271,270
164.81,258,257
164.87,272,275
164.87,266,264
164.87,271,275
164.87,276,274
164.87,275,278
164.87,285,281
164.87,272,276
164.93,291,289
164.93,275,276
164.93,292,292
164.93,278,278
164.93,296,296
164.93,281,282
164.94,302,300
164.99,286,284
164.99,301,301
164.99,291,287
164.99,301,303
164.99,299,295
164.99,299,302
165.0,305,300
165.06,301,303
165.06,312,309
165.06,298,300
165.06,317,315
165.06,303,302
165.06,322,320
165.07,304,305
165.12,322,322
165.12,305,306
165.12,325,325
165.12,313,312
165.12,326,327
165.12,319,316
165.13,326,330
165.2,329,324
165.2,323,328
165.2,341,342
165.2,398,408
165.2,452,453
165.2,467,470
165.2,512,515
165.26,517,519
165.26,554,553
165.26,551,550
165.26,579,579
165.26,572,572
165.26,594,594
165.26,585,583
165.32,598,600
165.32,595,592
165.32,595,598
165.32,598,593
165.32,590,591
165.32,596,591
165.33,578,578
165.39,589,586
165.39,566,566
165.39,578,578
165.39,554,552
165.39,562,560
165.39,536,536
165.39,543,542
165.45,522,519
165.45,527,525
165.45,506,502
165.45,504,505
165.45,490,484
165.45,479,481
165.46,473,468
165.51,452,455
165.51,457,454
165.51,432,432
165.51,438,436
165.51,412,411
165.52,419,418
165.53,393,393
165.59,401,401
165.59,376,373
165.59,383,382
165.59,359,356
165.59,362,363
165.59,345,341
165.59,341,344
165.65,332,328
165.65,321,321
165.65,319,313
165.65,300,302
165.65,306,303
165.65,282,284
165.66,293,291
165.71,269,269
165.71,279,277
165.71,257,254
165.71,265,264
165.71,241,240
165.71,249,252
165.72,231,230
165.78,238,240
165.78,226,223
165.78,224,228
165.78,225,221
165.78,211,214
165.78,218,215
165.79,200,201
165.84,212,209
165.84,191,190
165.84,204,204
165.84,184,182
165.84,197,196
165.85,177,175
165.85,191,190
165.92,174,172
165.92,184,185
165.92,170,169
165.92,176,176
165.92,171,165
165.92,165,169
165.92,172,167
165.98,158,163
165.98,175,170
165.98,157,160
165.98,176,173
165.98,160,159
165.98,175,175
165.98,156,156
166.04,176,176
166.04,159,159
166.04,178,179
166.04,166,165
166.04,179,179
166.04,172,170
166.05,179,181
166.1,179,176
166.1,178,183
166.1,190,185
166.1,182,183
166.1,196,194
166.11,182,182
166.12,203,200
166.18,184,186
166.18,208,206
166.18,193,192
166.18,214,213
166.18,197,197
166.18,216,217
166.18,205,203
166.24,219,220
166.24,213,210
166.24,216,220
166.24,223,220
166.24,218,223
166.24,232,229
166.25,221,223
166.31,242,239
166.31,226,225
166.31,245,245
166.31,233,232
166.31,252,252
166.31,239,238
166.31,256,256
166.37,243,244
166.37,258,261
166.37,252,251
166.37,263,264
166.37,261,257
166.37,263,265
166.38,271,266
166.43,264,266
166.43,279,277
166.43,269,270
166.43,287,285
166.43,271,272
166.43,293,291
166.44,277,278
166.49,298,297
166.49,282,283
166.49,299,300
166.49,288,287
166.49,303,305
166.5,296,294
166.51,301,305
166.57,303,298
166.57,300,303
166.57,309,306
166.57,299,300
166.57,312,311
166.57,299,300
166.57,315,315
166.63,301,301
166.63,321,320
166.63,304,305
166.63,324,324
166.63,310,309
166.63,324,326
166.64,317,313
166.69,327,328
166.69,321,317
166.69,323,327
166.69,328,324
166.69,323,326
166.7,335,330
166.71,323,326
166.76,341,338
166.76,326,325
166.76,340,340
166.76,327,326
166.76,347,346
166.76,329,328
166.77,347,346
166.83,331,330
166.83,347,350
166.83,389,392
166.83,439,445
166.83,462,460
166.83,489,493
166.84,510,509
166.9,520,523
166.9,551,548
166.9,544,546
166.9,574,572
166.9,561,563
166.9,586,587
166.9,571,571
166.96,591,591
166.96,574,574
166.96,588,591
166.96,576,574
166.96,584,585
166.96,572,570
166.97,573,576
167.02,570,565
167.02,559,560
167.02,561,557
167.02,541,544
167.02,550,547
167.02,524,524
167.03,534,532
167.09,509,507
167.09,519,516
167.09,489,489
167.09,500,497
167.09,474,468
167.09,478,477
167.1,456,453
167.16,456,457
167.16,441,437
167.16,433,436
167.16,427,423
167.16,411,413
167.16,416,410
167.16,393,393
167.22,398,396
167.22,374,372
167.22,381,379
167.22,355,354
167.23,363,361
167.23,336,336
167.23,345,343
167.29,324,321
167.29,329,329
167.29,310,305
167.29,309,309
167.29,296,291
167.29,287,289
167.3,284,280
167.35,270,270
167.35,274,271
167.35,253,255
167.35,264,261
167.35,241,239
167.35,249,250
167.36,229,229
167.41,241,240
167.41,218,218
167.41,228,230
167.41,212,211
167.41,220,222
167.42,209,206
167.43,211,214
167.49,209,204
167.49,203,205
167.49,211,207
167.49,197,199
167.49,209,207
167.49,193,193
167.49,208,205
167.55,190,188
167.55,205,202
167.55,186,184
167.55,200,199
167.55,180,180
167.55,195,196
167.56,178,177
167.61,187,189
167.61,181,178
167.61,182,183
167.61,182,180
167.61,175,178
167.61,186,184
167.62,170,172
167.68,187,185
167.68,169,170
167.68,188,188
167.68,174,172
167.68,190,190
167.68,172,171
167.69,188,189
167.74,176,175
167.74,189,190
167.74,177,176
167.74,186,191
167.74,187,183
167.75,190,192
167.75,196,193
167.82,189,192
167.82,206,201
167.82,191,193
167.82,209,208
167.82,195,196
167.82,216,216
167.82,202,200
167.88,220,221
167.88,204,204
167.88,226,225
167.88,212,211
167.88,226,229
167.88,223,218
167.89,231,231
167.95,233,228
167.95,229,232
167.95,242,237
167.95,231,234
167.95,246,244
167.95,234,236
167.95,254,254
168.01,238,239
168.01,257,256
168.01,242,243
168.01,264,262
168.01,249,247
168.01,262,264
168.02,254,253
168.07,265,267
168.07,261,256
168.07,261,265
168.07,267,263
168.07,263,264
168.07,272,270
168.08,262,264
168.13,281,279
168.13,269,268
168.13,286,286
168.13,272,273
168.13,290,292
168.14,276,276
168.15,297,296
168.21,281,281
168.21,294,295
168.21,284,283
168.21,296,298
168.21,292,289
168.21,294,297
168.21,304,298
168.27,295,296
168.27,308,305
168.27,295,295
168.27,312,309
168.27,294,295
168.27,313,312
168.28,295,297
168.34,312,312
168.34,295,296
168.34,313,314
168.34,301,299
168.34,314,316
168.34,307,304
168.34,312,314
168.4,312,308
168.4,309,310
168.4,317,312
168.4,305,307
168.4,320,318
168.4,306,306
168.41,321,321
168.46,308,308
168.46,328,331
168.46,367,373
168.46,421,424
168.46,430,430
168.47,469,471
168.47,474,474
168.54,499,502
168.54,507,505
168.54,520,523
168.54,531,527
168.54,526,530
168.54,542,540
168.54,529,531
168.6,549,547
168.6,529,530
168.6,546,545
168.6,526,526
168.6,538,537
168.6,518,516
168.61,527,528
168.66,509,507
168.66,515,515
168.66,498,495
168.66,498,499
168.66,487,482
168.66,476,479
168.67,475,471
168.72,454,457
168.72,463,458
168.72,438,438
168.72,445,444
168.72,420,419
168.73,431,428
168.74,402,401
168.8,410,410
168.8,384,382
168.8,390,389
168.8,369,365
168.8,370,370
168.8,353,349
168.8,348,351
168.86,342,337
168.86,327,329
168.86,329,324
168.86,308,309
168.86,317,313
168.86,293,292
168.87,303,301
168.92,280,279
168.92,291,288
168.92,265,265
168.92,279,277
168.92,254,254
168.93,263,262
168.93,245,242
168.99,248,250
168.99,241,237
168.99,236,238
168.99,234,230
168.99,224,227
168.99,230,228
169.0,213,214
169.05,225,223
169.05,206,205
169.05,220,219
169.05,200,201
169.05,217,216
169.06,200,198
169.06,215,214
169.13,199,196
169.13,210,212
169.13,198,197
169.13,207,207
169.13,200,199
169.13,200,202
169.13,200,198
169.19,193,195
169.19,204,202
169.19,191,192
169.19,208,205
169.19,189,189
169.19,204,204
169.2,189,188
169.25,205,204
169.25,189,186
169.25,203,202
169.25,191,187
169.25,203,204
169.25,195,192
169.26,200,202
169.31,203,198
169.31,197,201
169.31,209,205
169.31,197,201
169.31,216,214
169.32,203,202
169.33,220,220
169.38,206,207
169.38,223,223
169.38,211,210
169.38,228,228
169.38,214,214
169.38,230,231
169.39,220,218
169.46,229,231
169.46,227,223
169.46,228,232
169.46,236,233
169.46,231,233
169.46,241,240
169.46,231,231
169.52,247,245
169.52,233,232
169.52,251,249
169.52,235,235
169.52,258,257
169.52,242,244
169.52,261,262
169.58,249,249
169.58,264,266
169.58,257,255
169.58,267,268
169.58,264,261
169.58,264,269
169.59,272,270
169.64,267,268
169.64,283,280
169.64,269,271
169.64,288,287
169.64,274,274
169.65,292,292
169.65,277,279
169.7,295,297
169.7,282,282
169.7,297,299
169.71,285,285
169.71,300,302
169.71,295,291
169.72,299,302
169.78,302,299
169.78,300,302
169.78,309,305
169.78,299,301
169.78,312,311
169.78,294,296
169.79,310,309
169.84,296,295
169.84,315,312
169.84,299,298
169.84,318,317
169.84,304,302
169.84,320,321
169.85,309,306
169.91,316,320
169.91,315,313
169.91,320,322
169.91,323,320
169.91,319,321
169.91,330,328
169.92,317,320
169.97,334,333
169.97,320,321
169.97,339,337
169.97,321,320
169.97,339,338
169.97,320,321
169.98,340,341
170.03,328,325
170.03,340,340
170.03,334,330
170.03,338,342
170.03,340,334
170.04,335,339
170.05,340,338
170.11,330,333
170.11,342,339
170.11,326,327
170.11,340,340
170.11,354,360
170.11,412,413
170.11,409,411
170.17,448,451
170.17,448,448
170.17,476,479
170.17,476,474
170.17,493,497
170.17,495,491
170.18,499,502
170.24,505,500
170.24,501,504
170.24,512,508
170.24,496,499
170.24,512,509
170.24,493,494
170.24,507,507
170.3,488,488
170.3,502,501
170.3,478,477
170.3,493,491
170.3,472,469
170.3,481,481
170.31,464,460
170.36,466,468
170.36,455,451
170.36,446,450
170.36,446,442
170.36,429,432
170.37,437,432
170.38,415,414
170.44,423,420
170.44,400,399
170.44,408,406
170.44,382,383
170.44,395,394
170.44,371,367
170.44,377,376
170.5,354,351
170.5,359,359
170.5,343,338
170.5,342,342
170.5,334,329
170.5,320,325
170.51,325,318
170.56,304,306
170.56,310,309
170.56,289,290
170.56,301,299
170.56,281,280
170.56,292,290
170.57,269,269
170.63,282,282
170.63,266,263
170.63,276,277
170.63,262,260
170.63,270,271
170.63,263,258
170.64,262,263
170.69,260,257
170.69,256,257
170.69,261,259
170.69,250,250
170.69,265,262
170.69,245,247
170.7,260,261
170.77,242,242
170.77,257,256
170.77,239,239
170.77,257,256
170.77,237,238
170.77,254,253
170.77,238,237
170.83,246,247
170.83,242,238
170.83,237,242
170.83,241,237
170.83,231,236
170.83,242,240
170.83,229,228
170.89,243,241
170.89,226,225
170.89,240,238
170.89,221,221
170.89,241,239
170.89,220,220
170.9,237,239
170.95,224,223
170.95,237,238
170.95,229,227
170.95,234,238
170.95,234,230
170.96,233,236
170.97,242,238
171.02,233,235
171.02,246,244
171.02,233,233
171.02,248,249
171.02,234,235
171.02,255,255
171.03,241,241
171.09,261,260
171.09,248,247
171.09,265,266
171.09,257,255
171.09,269,272
171.09,266,264
171.1,271,275
171.16,277,272
171.16,275,277
171.16,287,284
171.16,278,279
171.16,295,291
171.16,280,281
171.16,300,298
171.22,285,285
171.22,304,303
171.22,290,289
171.22,307,308
171.22,294,295
171.22,309,310
171.23,304,300
171.28,311,315
171.28,312,308
171.28,310,314
171.28,314,311
171.28,309,312
171.28,325,323
171.3,317,317
171.3,330,328
171.31,317,316
171.32,332,332
171.38,319,319
171.38,335,336
171.38,323,322
171.38,340,340
171.38,328,326
171.38,337,340
171.39,333,328
171.44,338,340
171.44,338,334
171.44,335,338
171.44,342,339
171.44,333,336
171.44,346,343
171.45,331,331
171.51,349,347
171.52,332,333
171.52,354,354
171.52,339,338
171.52,353,353
171.52,334,335
171.52,352,352
171.58,336,334
171.58,346,348
171.58,337,335
171.58,340,342
171.58,340,337
171.58,333,336
171.58,343,340
171.64,330,331
171.64,344,340
171.64,327,326
171.64,342,341
171.64,323,322
171.64,341,340
171.65,324,323
171.7,340,340
171.7,325,324
171.7,339,340
171.7,331,327
171.7,339,340
171.71,332,330
171.71,332,336
171.78,340,335
171.78,332,334
171.78,345,342
171.78,331,333
171.78,346,346
171.78,333,332
171.78,348,348
171.84,330,332
171.84,348,350
171.84,333,332
171.84,349,350
171.84,333,329
171.84,360,366
171.85,387,385
171.91,405,408
171.91,422,421
171.91,432,435
171.91,448,445
171.91,445,449
171.91,466,465
171.91,455,457
171.97,477,478
171.97,463,466
171.97,485,483
171.97,466,466
171.97,484,484
171.97,466,466
171.98,480,482
172.03,468,466
172.03,472,474
172.03,463,459
172.03,461,463
172.03,459,455
172.03,445,449
172.04,454,450
172.11,433,435
172.11,445,441
172.11,422,422
172.11,434,433
172.11,411,410
172.11,425,424
172.11,403,401
172.17,413,413
172.17,390,389
172.17,400,400
172.17,385,380
172.17,384,387
172.17,374,371
172.17,369,370
172.23,368,362
172.23,351,354
172.23,362,356
172.23,339,338
172.23,349,346
172.23,327,326
172.24,341,339
172.29,317,316
172.29,328,328
172.29,309,308
172.29,318,318
172.29,301,300
172.3,310,312
172.3,299,295
172.35,300,303
172.35,297,292
172.36,292,295
172.36,298,293
172.36,282,285
172.36,297,294
172.37,279,280
172.43,293,292
172.43,275,274
172.43,290,290
172.43,273,272
172.43,288,288
172.43,269,267
172.44,283,283
172.49,269,266
172.49,277,279
172.49,269,266
172.49,271,274
172.5,271,267
172.5,260,264
172.5,275,271
172.56,258,260
172.56,273,273
172.56,258,257
172.56,270,271
172.56,254,254
172.56,273,272
172.57,256,255
172.62,273,272
172.62,254,255
172.62,269,270
172.62,257,256
172.62,266,267
172.62,260,258
172.63,262,264
172.68,265,262
172.68,254,255
172.68,261,256
172.68,239,241
172.68,254,252
172.69,234,235
172.7,250,249
172.76,233,231
172.76,251,250
172.76,234,234
172.76,250,250
172.76,235,233
172.76,249,249
172.76,242,237
172.82,246,249
172.82,249,244
172.82,242,249
172.82,254,251
172.83,244,247
172.83,263,260
172.83,248,250
172.89,266,265
172.89,251,252
172.89,271,270
172.89,255,254
172.89,272,273
172.89,259,258
172.89,275,276
172.95,265,262
172.95,276,277
172.95,271,270
172.95,276,279
172.95,280,276
172.95,274,276
172.96,284,281
173.01,271,272
173.01,288,286
173.01,272,273
173.01,290,291
173.01,278,277
173.02,298,296
173.03,280,280
173.09,298,299
173.09,285,283
173.09,299,300
173.09,290,286
173.09,299,301
173.09,298,295
173.09,300,302
173.15,308,304
173.15,301,302
173.15,311,310
173.15,300,303
173.15,316,316
173.15,303,304
173.16,321,322
173.21,308,309
173.21,327,326
173.21,309,309
173.21,329,330
173.21,316,314
173.21,329,329
173.22,321,319
173.28,326,328
173.28,327,323
173.28,326,327
173.28,335,330
173.28,322,324
173.28,338,335
173.29,320,321
173.34,337,337
173.34,320,321
173.34,337,337
173.34,320,320
173.34,339,338
173.34,324,323
173.35,338,339
173.42,326,323
173.42,336,337
173.42,329,326
173.42,329,332
173.42,333,330
173.42,329,332
173.42,344,339
173.48,331,331
173.48,346,345
173.48,327,330
173.48,348,346
173.48,330,331
173.48,349,350
173.48,332,330
173.54,347,347
173.54,330,329
173.54,343,344
173.54,332,331
173.54,340,342
173.54,337,334
173.55,337,339
173.6,342,339
173.6,330,334
173.6,343,340
173.6,330,330
173.6,346,344
173.61,329,328
173.62,343,343
173.67,325,326
173.67,344,343
173.67,328,327
173.67,343,343
173.67,328,327
173.67,339,341
173.68,330,329
173.75,334,336
173.75,333,330
173.75,330,331
173.75,339,334
173.75,325,325
173.75,337,335
173.75,321,320
173.81,335,333
173.81,314,314
173.81,330,328
173.81,315,314
173.81,334,332
173.81,313,313
173.81,327,329
173.87,313,311
173.87,323,324
173.87,317,313
173.87,317,319
173.87,318,315
173.87,308,312
173.88,319,316
173.93,305,305
173.93,318,316
173.93,299,298
173.93,315,314
173.93,296,296
173.93,312,313
173.94,296,296
174.0,311,313
174.0,298,298
174.0,313,313
174.0,300,299
174.0,306,309
174.0,306,302
174.01,304,308
174.07,312,308
174.07,303,304
174.07,314,312
174.07,302,301
174.07,304,304
174.07,317,322
174.07,352,352
174.14,343,346
174.14,373,374
174.14,364,364
174.14,388,391
174.14,384,382
174.14,400,402
174.14,398,394
174.2,404,406
174.2,404,402
174.2,401,405
174.2,414,410
174.2,400,402
174.2,416,413
174.2,400,399
174.26,413,413
174.26,394,394
174.26,409,408
174.26,388,388
174.26,403,403
174.26,386,383
174.27,392,395
174.32,379,377
174.32,383,384
174.32,376,372
174.32,370,374
174.32,371,368
174.33,363,365
174.34,369,366
174.4,350,351
174.4,362,361
174.4,341,340
174.4,354,352
174.4,331,329
174.4,343,343
174.4,322,322
174.47,336,335
174.47,318,315
174.47,324,326
174.47,315,312
174.47,320,321
174.47,315,309
174.47,307,308
174.53,310,307
174.53,302,303
174.53,311,308
174.53,296,296
174.53,309,307
174.53,293,292
174.53,306,305
174.59,290,288
174.59,304,305
174.59,289,287
174.59,304,305
174.59,291,289
174.59,300,303
174.6,294,293
174.65,300,303
174.65,300,298
174.65,297,301
174.65,309,305
174.65,297,299
174.66,314,310
174.66,296,298
174.73,315,315
174.73,300,301
174.73,318,317
174.73,300,300
174.73,318,318
174.73,303,300
174.73,319,318
174.79,304,303
174.79,313,316
174.79,309,304
174.79,307,310
174.79,311,307
174.79,304,306
174.79,312,310
174.86,297,298
174.86,311,311
174.86,294,295
174.86,313,311
174.86,295,293
174.86,311,309
174.86,291,291
174.92,306,306
174.92,288,288
174.92,300,302
174.92,289,287
174.92,290,294
174.92,289,283
174.93,285,287
174.98,290,286
174.98,277,279
174.98,289,287
174.98,274,275
174.98,287,285
174.98,271,270
174.99,287,287
175.04,266,267
175.04,285,284
175.04,270,267
175.04,282,283
175.04,268,266
175.05,278,279
175.06,270,267
175.12,271,275
175.12,273,270
175.12,267,269
175.12,272,269
175.12,260,262
175.12,273,272
175.12,254,253
175.19,263,261
175.19,242,241
175.19,257,257
175.19,241,239
175.19,253,252
175.19,238,235
175.19,252,251
175.25,236,234
175.25,248,249
175.25,246,240
175.25,245,248
175.25,250,246
175.25,245,247
175.25,259,256
175.31,246,248
175.31,266,263
175.31,250,252
175.31,269,268
175.31,257,256
175.31,276,276
175.32,261,261
175.37,281,280
175.37,266,264
175.37,282,283
175.37,274,271
175.37,282,284
175.38,283,278
175.38,280,283
175.45,288,286
175.45,278,280
175.45,294,291
175.45,276,278
175.45,296,296
175.45,282,282
175.45,300,300
175.51,288,286
175.51,304,304
175.51,290,288
175.51,306,307
175.51,296,294
175.51,306,307
175.52,300,297
175.57,305,306
175.57,306,302
175.57,303,306
175.57,313,310
175.57,301,304
175.57,319,316
175.58,304,304
175.64,321,320
175.64,304,305
175.64,323,323
175.64,306,307
175.64,326,325
175.64,309,308
175.65,324,325
175.7,313,312
175.7,325,325
175.7,319,315
175.7,323,325
175.7,329,323
175.7,320,322
175.71,333,329
175.76,319,321
175.76,336,334
175.76,318,320
175.76,338,338
175.76,323,323
175.77,341,340
175.78,326,326
175.84,344,345
175.84,331,329
175.84,346,346
175.84,334,333
175.84,344,345
175.84,340,337
175.84,338,342
175.9,345,342
175.9,336,338
175.9,352,348
175.9,335,336
175.9,352,352
175.9,335,336
175.91,353,353
175.96,334,335
175.96,352,354
175.96,335,335
175.96,351,351
175.96,339,336
175.97,349,349
175.97,341,338
176.03,344,346
176.03,343,340
176.03,340,343
176.03,351,347
176.03,338,341
176.03,356,354
176.04,338,340
176.09,359,358
176.09,341,341
176.09,361,360
176.09,345,343
176.09,361,360
176.1,344,343
176.11,360,361
176.17,349,347
176.17,355,357
176.17,353,350
176.17,354,357
176.17,358,354
176.17,348,351
176.17,363,359
176.23,347,349
176.23,363,362
176.23,348,349
176.23,366,364
176.23,346,346
176.23,365,364
176.24,347,346
176.29,365,365
176.29,350,348
176.29,360,361
176.29,351,347
176.29,355,357
176.29,352,349
176.3,346,350
176.36,356,352
176.36,340,344
176.36,354,352
176.36,338,339
176.36,355,354
176.36,337,337
176.37,355,353
176.42,332,333
176.42,349,350
176.42,334,332
176.42,348,349
176.42,336,333
176.42,347,349
176.43,338,336
176.5,341,342
176.5,341,336
176.5,330,334
176.5,343,339
176.5,328,329
176.5,341,340
176.5,326,326
176.56,342,340
176.56,323,323
176.56,339,338
176.56,319,319
176.56,336,336
176.56,322,320
176.56,333,334
176.62,321,320
176.62,330,331
176.62,324,321
176.62,323,326
176.62,329,324
176.62,319,320
176.63,329,326
176.68,315,317
176.68,333,332
176.68,317,317
176.68,333,332
176.68,316,317
176.69,330,331
176.7,313,313
176.76,329,329
176.76,313,312
176.76,322,325
176.76,313,310
176.76,319,320
176.76,318,314
176.76,314,316
176.82,320,316
176.82,308,310
176.82,322,320
176.82,310,309
176.82,327,325
176.82,309,308
176.83,325,324
176.88,309,307
176.88,327,326
176.88,308,308
176.88,323,323
176.88,312,309
176.88,320,322
176.89,315,310
176.95,314,318
176.95,319,315
176.95,311,314
176.95,323,320
176.95,311,311
176.95,325,323
176.96,308,309
177.01,326,326
177.01,313,313
177.01,330,329
177.01,314,313
177.01,330,332
177.01,316,314
177.02,328,330
177.09,316,315
177.09,324,327
177.09,320,317
177.09,321,323
177.09,328,323
177.09,315,319
177.09,328,325
177.15,295,295
177.15,324,324
177.15,316,316
177.15,336,336
177.15,324,325
177.15,345,346
177.15,334,334
177.21,354,356
177.21,344,341
177.21,358,358
177.21,350,348
177.21,357,360
177.21,359,355
177.22,356,359
177.27,367,363
177.27,352,356
177.27,367,366
177.27,353,354
177.27,370,368
177.28,353,353
177.28,369,368
177.34,350,350
177.34,368,368
177.34,348,348
177.34,366,366
177.34,354,350
177.34,362,362
177.35,353,351
177.4,354,358
177.4,358,353
177.4,349,352
177.4,361,357
177.4,345,347
177.41,357,355
177.42,342,342
177.48,357,356
177.48,338,337
177.48,355,353
177.48,334,333
177.48,349,349
177.48,334,332
177.48,344,344
177.54,332,330
177.54,339,341
177.54,334,331
177.54,334,337
177.54,337,334
177.54,329,331
177.55,342,338
177.6,328,330
177.6,344,343
177.6,328,328
177.6,344,344
177.6,328,328
177.6,345,346
177.61,331,330
177.67,348,348
177.67,335,331
177.67,348,349
177.67,338,335
177.67,345,348
177.67,349,344
177.68,343,347
177.73,354,351
177.73,344,346
177.73,360,357
177.73,347,347
177.73,365,363
177.74,347,348
177.74,366,365
177.81,349,346
177.81,367,366
177.81,351,350
177.81,365,367
177.81,353,351
177.81,363,366
177.81,358,354
177.87,360,363
177.87,363,359
177.87,355,358
177.87,366,363
177.87,352,354
177.87,363,362
177.87,344,346
177.93,361,359
177.93,341,341
177.93,353,354
177.93,336,336
177.93,350,350
177.93,334,331
177.94,344,344
177.99,331,327
177.99,334,337
178.0,331,327
178.0,330,332
178.0,334,329
178.0,321,323
178.01,332,330
178.06,316,317
178.06,331,329
178.06,312,312
178.06,326,326
178.06,307,308
178.06,325,324
178.07,304,304
178.13,320,321
178.13,304,303
178.13,317,317
178.13,306,302
178.13,308,311
178.13,305,300
178.14,300,304
178.2,310,306
178.2,296,298
178.2,310,308
178.2,292,293
178.2,305,305
178.2,288,289
178.2,306,304
178.26,286,286
178.26,301,302
178.26,284,284
178.26,299,299
178.26,285,283
178.26,294,295
178.27,286,281
178.32,285,289
178.32,291,285
178.32,281,284
178.32,294,290
178.32,277,278
178.33,291,289
178.33,276,277
178.38,292,292
178.38,272,273
178.38,291,291
178.38,272,272
178.38,289,289
178.39,273,270
178.4,286,288
178.46,275,271
178.46,283,285
178.46,280,275
178.46,279,282
178.46,286,281
178.46,274,277
178.46,287,284
178.52,271,273
178.52,287,285
178.52,270,271
178.52,290,289
178.52,269,270
178.52,290,289
178.53,271,272
178.59,285,285
178.59,271,268
178.59,276,278
178.59,260,258
178.59,260,263
178.59,257,252
178.6,251,253
178.65,255,252
178.65,245,245
178.65,257,254
178.65,242,243
178.65,258,258
178.65,243,243
178.66,261,262
178.71,245,245
178.71,266,264
178.71,248,247
178.71,265,267
178.71,256,255
178.72,270,271
178.73,265,263
178.79,270,274
178.79,275,270
178.79,271,273
178.79,283,280
178.79,271,274
178.79,293,290
178.79,275,276
178.85,298,296
178.85,278,279
178.85,299,299
178.85,283,282
178.85,303,302
178.85,290,288
178.86,307,307
178.87,295,295
178.88,307,309
178.89,306,304
178.95,307,310
178.95,315,310
178.95,306,309
178.95,320,318
178.95,307,307
178.95,323,322
178.95,308,309
179.01,327,326
179.01,309,311
179.01,330,329
179.01,312,312
179.01,330,328
179.01,313,312
179.02,328,329
179.07,319,316
179.07,327,328
179.07,326,321
179.07,321,324
179.07,329,326
179.07,318,322
179.08,335,332
179.14,318,319
179.14,336,335
179.14,319,318
179.14,336,335
179.14,318,318
179.14,334,334
179.15,314,314
179.2,330,331
179.2,318,316
179.2,328,330
179.2,320,317
179.2,324,327
179.21,327,322
179.21,318,321
179.28,332,327
179.28,315,317
179.28,331,329
179.28,313,315
179.28,330,331
179.28,318,317
179.28,336,337
179.34,322,322
179.34,339,340
179.34,324,322
179.34,340,342
179.34,330,329
179.34,337,340
179.35,334,333
179.4,335,339
179.4,342,338
179.4,334,337
179.4,347,344
179.4,331,332
179.4,347,347
179.41,330,331
179.47,349,349
179.47,332,331
179.47,351,350
179.47,333,332
179.47,350,350
179.47,334,332
179.48,347,349
179.53,339,336
179.53,346,349
179.53,345,340
179.53,340,342
179.53,349,347
179.53,339,340
179.54,352,350
179.59,339,340
179.59,355,353
179.59,337,339
179.59,355,354
179.59,335,336
179.6,354,355
179.61,334,334
179.67,353,354
179.67,341,338
179.67,350,352
179.67,346,342
179.67,346,350
179.67,349,345
179.67,340,343
179.73,353,349
179.73,337,338
179.73,350,349
179.73,335,336
179.73,351,349
179.73,331,331
179.74,351,349
179.8,331,330
179.8,349,349
179.8,332,330
179.8,344,344
179.8,334,330
179.8,342,342
179.8,338,333
179.86,333,337
179.86,341,336
179.86,329,330
179.86,341,336
179.86,324,327
179.86,340,339
179.87,323,322
179.92,338,338
179.92,321,320
179.92,339,338
179.92,322,320
179.92,335,336
179.93,318,317
179.93,331,332
180.0,318,317
180.0,324,328
180.0,323,319
180.0,320,322
180.0,329,323
180.0,316,318
180.0,329,327
180.06,312,313
180.06,327,328
180.06,313,312
180.06,331,329
180.06,315,315
180.06,330,331
180.07,316,314
180.12,329,330
180.12,318,316
180.12,328,329
180.12,322,319
180.12,324,327
180.12,327,324
180.13,319,323
180.19,330,327
180.19,316,318
180.19,332,331
180.19,317,318
180.19,335,335
180.19,319,319
180.2,337,335
180.25,320,319
180.25,337,335
180.25,319,320
180.25,334,336
180.25,323,320
180.25,328,332
180.26,327,322
180.33,325,328
180.33,333,328
180.33,318,321
180.33,331,330
180.33,318,320
180.33,332,333
180.33,317,319
180.39,336,334
180.39,318,318
180.39,337,335
180.39,319,318
180.39,335,335
180.39,320,317
180.39,330,332
180.45,323,319
180.45,326,331
180.45,329,324
180.45,324,327
180.45,334,330
180.45,318,322
180.46,336,334
180.51,318,317
180.51,333,331
180.51,315,316
180.51,334,334
180.51,314,314
180.52,334,333
180.52,315,314
180.58,330,331
180.58,317,313
180.58,325,328
180.58,321,317
180.58,320,324
180.58,326,323
180.59,319,322
180.65,330,328
180.65,317,319
180.65,332,331
180.65,316,317
180.65,333,333
180.65,316,315
180.66,336,334
180.72,317,316
180.72,332,333
180.72,319,316
180.72,330,333
180.72,320,318
180.72,327,330
180.72,327,322
180.78,325,327
180.78,333,328
180.78,322,324
180.78,336,332
180.78,321,321
180.78,337,334
180.79,319,319
180.84,335,335
180.84,317,318
180.84,334,335
180.84,316,317
180.84,334,335
180.84,322,317
180.85,330,331
180.9,322,318
180.9,324,328
180.9,326,321
180.9,320,324
180.9,331,328
180.91,318,318
180.92,331,329
180.98,314,316
180.98,332,331
180.98,314,315
180.98,334,332
180.98,312,313
180.98,330,332
180.98,314,313
181.04,329,330
181.04,316,313
181.04,324,326
181.04,322,317
181.04,320,324
181.04,323,318
181.05,314,318
181.1,324,323
181.1,315,315
181.1,331,329
181.1,315,315
181.1,332,332
181.11,315,315
181.11,332,332
181.16,314,313
181.16,328,329
181.17,312,310
181.17,325,326
181.17,312,309
181.17,319,321
181.18,316,312
181.24,312,316
181.24,318,315
181.24,310,312
181.24,324,321
181.24,306,308
181.24,322,323
181.25,308,308
181.3,324,323
181.3,305,306
181.3,323,323
181.3,304,304
181.3,322,322
181.3,308,306
181.31,320,322
181.37,311,311
181.37,318,321
181.37,321,316
181.37,315,320
181.37,327,322
181.37,313,316
181.38,331,328
181.43,313,313
181.43,330,330
181.43,314,313
181.43,335,332
181.43,313,314
181.43,333,332
181.44,318,314
181.49,331,331
181.49,319,316
181.49,330,331
181.49,324,321
181.49,326,329
181.5,331,325
181.51,321,324
181.57,336,332
181.57,319,322
181.57,336,335
181.57,321,321
181.57,338,337
181.57,319,319
181.57,337,336
181.63,320,318
181.63,335,336
181.63,320,319
181.63,335,335
181.63,326,322
181.63,331,333
181.64,328,326
181.7,329,331
181.7,337,332
181.7,325,327
181.7,337,335
181.7,321,323
181.7,339,337
181.7,323,322
181.76,338,338
181.76,323,321
181.76,340,341
181.76,324,324
181.76,339,341
181.76,328,326
181.77,339,339
181.82,330,327
181.82,333,336
181.82,334,330
181.82,328,330
181.82,339,334
181.83,323,326
181.84,338,337
181.9,323,324
181.9,336,336
181.9,318,320
181.9,336,336
181.9,320,320
181.9,337,338
181.9,321,320
181.96,335,336
181.96,323,320
181.96,331,333
181.96,324,323
181.96,327,330
181.96,333,328
181.97,325,327
182.02,336,333
182.02,319,321
182.02,336,334
182.02,318,319
182.02,336,336
182.02,318,317
182.03,337,337
182.09,320,320
182.09,333,334
182.09,320,319
182.09,334,335
182.09,324,322
182.09,332,333
182.1,331,327
182.16,328,331
182.16,335,331
182.16,322,326
182.16,335,334
182.16,322,322
182.16,338,336
182.16,320,320
182.23,335,335
182.23,320,318
182.23,337,336
182.23,322,321
182.23,335,337
182.23,321,321
182.23,335,336
182.29,328,324
182.29,330,333
182.29,332,329
182.29,326,330
182.29,338,334
182.29,324,325
182.29,338,336
182.35,323,323
182.35,341,338
182.35,323,322
182.35,338,339
182.35,320,321
182.35,339,338
182.36,321,321
182.41,338,337
182.41,325,324
182.41,334,337
182.41,329,326
182.41,329,332
182.42,334,330
182.43,324,327
182.48,336,334
182.48,321,323
182.48,339,337
182.48,322,323
182.48,340,339
182.48,320,321
182.49,339,338
182.55,320,320
182.55,337,336
182.55,320,318
182.55,334,334
182.55,324,320
182.56,329,330
182.56,328,323
182.62,326,328
182.62,333,329
182.62,322,325
182.62,335,334
182.62,323,324
182.62,340,338
182.62,322,321
182.68,339,338
182.68,320,320
182.68,337,337
182.68,319,318
182.68,335,334
182.68,319,317
182.69,330,333
182.74,324,320
182.74,326,328
182.74,326,322
182.74,318,322
182.74,329,326
182.74,316,319
182.75,333,332
182.81,317,317
182.81,332,331
182.81,316,316
182.81,334,332
182.81,314,315
182.81,333,333
182.82,317,315
182.88,330,331
182.88,318,316
182.88,325,329
182.88,324,321
182.88,322,325
182.88,328,324
182.88,319,323
182.95,334,330
182.95,318,320
182.95,335,335
182.95,321,320
182.95,338,337
182.95,323,321
182.95,337,338
183.01,322,322
183.01,341,341
183.01,324,323
183.01,337,339
183.01,330,326
183.01,335,337
183.02,334,329
183.07,329,333
183.07,336,333
183.07,324,327
183.07,340,337
183.07,323,324
183.07,342,339
183.08,322,323
183.13,342,340
183.13,323,322
183.13,340,339
183.13,322,322
183.13,337,338
183.14,323,320
183.15,330,333
183.21,325,321
183.21,328,330
183.21,328,322
183.21,319,323
183.21,330,325
183.21,314,316
183.21,329,327
183.28,313,312
183.28,329,328
183.28,311,310
183.28,329,329
183.28,311,310
183.28,326,327
183.28,310,309
183.34,323,324
183.34,312,309
183.34,321,323
183.34,314,311
183.34,317,320
183.34,320,316
183.34,310,314
183.4,325,323
183.4,312,311
183.4,327,324
183.4,312,311
183.4,326,327
183.4,311,310
183.41,327,328
183.46,311,309
183.46,326,327
183.46,313,312
183.46,324,326
183.46,314,312
183.47,320,323
183.47,320,316
183.53,317,319
183.53,321,318
183.53,309,313
183.53,327,323
183.53,308,310
183.53,325,324
183.54,309,309
183.59,324,325
183.59,306,306
183.59,324,324
183.59,309,307
183.59,322,324
183.6,310,308
183.6,320,323
183.67,313,310
183.67,314,318
183.67,323,317
183.67,313,315
183.67,322,320
183.67,312,312
183.67,325,323
183.73,310,311
183.73,327,325
183.73,310,310
183.73,327,328
183.73,310,310
183.73,328,328
183.74,311,310
183.79,323,325
183.79,315,312
183.79,321,324
183.79,320,315
183.79,318,321
183.79,324,319
183.8,314,317
183.85,327,324
183.85,311,314
183.85,327,327
183.85,311,312
183.85,331,329
183.86,314,312
183.87,331,330
183.93,311,313
183.93,330,332
183.93,318,315
183.93,330,331
183.93,322,320
183.93,329,331
183.93,329,326
183.99,329,330
183.99,334,332
183.99,327,327
183.99,341,338
183.99,328,328
183.99,345,342
184.0,326,326
184.05,347,345
184.05,328,328
184.05,346,346
184.05,332,330
184.05,346,347
184.06,332,331
184.06,343,346
184.12,335,332
184.12,337,339
184.12,343,337
184.12,333,337
184.12,347,343
184.12,333,334
184.13,349,347
184.19,330,332
184.19,350,350
184.19,334,333
184.19,351,351
184.19,334,332
184.19,349,349
184.19,334,331
184.26,345,347
184.26,336,332
184.26,344,346
184.26,341,336
184.26,336,340
184.26,341,339
184.26,335,338
184.32,350,345
184.32,331,332
184.32,350,347
184.32,331,331
184.32,349,348
184.32,330,332
184.33,350,352
184.38,333,332
184.38,352,351
184.38,338,336
184.38,349,350
184.38,339,336
184.38,342,347
184.39,343,338
184.45,335,340
184.45,345,341
184.45,333,335
184.45,349,346
184.45,332,332
184.45,348,347
184.46,330,330
184.51,350,348
184.51,329,328
184.51,349,347
184.51,329,328
184.51,345,344
184.51,329,327
184.52,338,342
184.59,334,330
184.59,333,337
184.59,336,333
184.59,329,331
184.59,340,336
184.59,325,327
184.59,341,338
184.65,321,321
184.65,337,337
184.65,322,320
184.65,337,337
184.65,318,318
184.65,335,336
184.65,321,320
184.71,336,335
184.71,320,318
184.71,329,331
184.71,325,320
184.71,323,326
184.71,328,324
184.72,315,319
184.77,331,328
184.77,315,317
184.77,332,330
184.77,313,313
184.77,329,330
184.78,313,312
184.78,330,329
184.84,312,311
184.84,329,329
184.84,315,312
184.84,327,328
184.84,316,313
184.84,322,325
184.85,323,318
184.91,317,320
184.91,327,323
184.91,315,317
184.91,329,327
184.91,313,313
184.91,329,329
184.92,313,313
184.98,333,331
184.98,312,310
184.98,331,330
184.98,314,313
184.98,330,330
184.98,319,315
184.98,328,330
185.04,323,319
185.04,322,326
185.04,328,326
185.04,321,324
185.04,333,329
185.04,320,321
185.05,336,334
185.1,319,320
185.1,338,337
185.1,321,320
185.1,338,338
185.1,321,320
185.1,337,337
185.11,319,318
185.16,334,335
185.16,321,319
185.16,328,331
185.16,329,324
185.16,325,327
185.17,332,328
185.18,320,322
185.24,335,331
185.24,319,320
185.24,334,332
185.24,316,316
185.24,334,332
185.24,315,314
185.24,333,332
185.3,315,314
185.3,330,330
185.3,314,313
185.3,328,328
185.3,316,314
185.3,321,324
185.31,322,319
185.36,316,320
185.36,324,321
185.36,312,315
185.36,328,326
185.36,310,312
185.37,329,328
185.37,312,314
185.43,332,332
185.43,315,314
185.43,331,332
185.43,317,315
185.43,333,333
185.43,321,318
185.44,330,331
185.5,321,319
185.5,324,328
185.5,327,322
185.5,319,321
185.5,331,328
185.5,315,317
185.51,331,330
185.57,314,314
185.57,334,331
185.57,313,313
185.57,331,330
185.57,313,311
185.57,328,328
185.57,312,311
185.63,329,329
185.63,317,313
185.63,325,327
185.63,320,318
185.63,322,324
185.63,326,323
185.64,315,318
185.69,329,327
185.69,314,315
185.69,334,331
185.69,315,316
185.69,332,332
185.69,313,315
185.7,335,334
185.75,313,313
185.75,334,334
185.75,320,317
185.75,331,333
185.75,323,319
185.76,329,330
185.77,327,324
185.83,322,326
185.83,331,328
185.83,320,321
185.83,337,334
185.83,317,318
185.83,335,334
185.83,317,317
185.89,335,334
185.89,315,314
185.89,333,332
185.89,314,312
185.89,328,328
185.89,316,312
185.9,321,325
185.96,317,315
185.96,317,321
185.96,320,319
185.96,315,318
185.96,327,324
185.96,312,314
185.96,330,329
186.02,314,314
186.02,331,330
186.02,313,314
186.02,332,332
186.02,315,314
186.02,331,332
186.03,319,317
186.08,334,333
186.08,321,319
186.08,330,331
186.08,330,325
186.08,327,331
186.09,336,331
186.1,326,328
186.15,340,337
186.15,324,325
186.15,343,340
186.15,323,324
186.15,341,340
186.15,323,323
186.16,340,340
186.23,323,321
186.23,337,337
186.23,323,321
186.23,333,336
186.23,329,325
186.23,331,333
186.23,333,328
186.29,326,329
186.29,336,334
186.29,324,325
186.29,339,336
186.29,321,322
186.29,340,337
186.29,321,321
186.35,340,338
186.35,318,318
186.35,337,337
186.35,323,320
186.35,336,335
186.35,320,318
186.36,328,330
186.37,323,319
186.38,323,324
186.39,324,320
186.45,315,319
186.45,328,325
186.45,310,312
186.45,330,328
186.45,311,312
186.45,331,328
186.45,312,312
186.51,330,330
186.51,313,312
186.51,331,330
186.51,317,315
186.51,328,330
186.51,319,317
186.52,326,330
186.57,325,320
186.57,321,324
186.57,330,326
186.57,318,319
186.57,331,329
186.57,317,317
186.58,333,332
186.63,315,314
186.63,330,331
186.63,313,312
186.63,331,330
186.63,313,313
186.64,328,330
186.65,317,315
186.71,329,330
186.71,322,319
186.71,324,328
186.71,328,324
186.71,322,324
186.71,333,328
186.71,319,320
186.77,332,331
186.77,317,317
186.77,335,333
186.77,315,315
186.77,334,335
186.77,316,316
186.78,333,334
186.84,317,315
186.84,334,333
186.84,321,317
186.84,327,330
186.84,323,320
186.84,321,325
186.84,326,323
186.9,319,320
186.9,328,326
186.9,317,317
186.9,330,329
186.9,312,313
186.9,331,330
186.91,313,312
186.96,332,332
186.96,315,314
186.96,331,332
186.96,316,315
186.96,331,332
186.97,320,318
186.98,328,328
187.04,322,318
187.04,317,321
187.04,326,323
187.04,315,316
187.04,326,325
187.04,310,311
187.04,327,325
187.1,307,308
187.1,327,325
187.1,308,307
187.1,325,325
187.1,309,307
187.1,324,325
187.11,309,308
187.16,320,324
187.16,318,313
187.16,318,321
187.16,323,319
187.16,316,318
187.16,325,322
187.17,311,314
187.23,329,327
187.23,312,313
187.23,331,329
187.23,316,316
187.23,334,334
187.23,315,316
187.24,335,335
187.29,319,319
187.29,335,337
187.29,326,322
187.29,332,336
187.29,331,326
187.3,329,332
187.3,332,329
187.37,324,328
187.37,339,335
187.37,324,324
187.37,341,339
187.37,322,322
187.37,341,339
187.37,320,320
187.43,338,337
187.43,321,320
187.43,337,336
187.43,320,318
187.43,331,333
187.43,322,319
187.43,327,329
187.49,327,322
187.49,321,324
187.49,329,325
187.49,317,318
187.49,330,327
187.49,312,314
187.5,330,329
187.55,310,312
187.55,331,330
187.55,310,311
187.55,331,330
187.55,314,312
187.56,327,328
187.57,312,311
187.62,322,325
187.62,314,311
187.62,316,319
187.62,320,315
187.62,312,316
187.62,323,319
187.63,307,309
187.69,322,322
187.69,307,306
187.69,324,322
187.69,304,304
187.69,321,321
187.69,301,300
187.7,319,318
187.76,300,298
187.76,313,315
187.76,304,301
187.76,311,313
187.76,309,304
187.76,306,310
187.76,312,309
187.82,302,305
187.82,315,313
187.82,302,301
187.82,314,313
187.82,297,295
187.82,313,312
187.83,293,293
187.88,310,310
187.88,293,292
187.88,308,308
187.88,292,292
187.88,306,309
187.88,296,294
187.89,301,304
187.95,304,299
187.95,298,300
187.95,308,305
187.95,297,300
187.95,314,310
187.95,295,298
187.96,316,314
188.01,298,297
188.01,317,316
188.01,299,298
188.01,317,317
188.01,301,299
188.02,316,316
188.02,302,301
188.09,314,317
188.09,308,305
188.09,311,314
188.09,317,313
188.09,310,313
188.09,325,320
188.09,309,312
188.15,326,325
188.15,307,310
188.15,330,328
188.15,310,310
188.15,329,328
188.15,310,310
188.16,327,328
188.21,313,311
188.21,328,329
188.21,315,312
188.21,322,324
188.21,318,315
188.21,317,319
188.22,322,319
188.27,312,314
188.27,323,322
188.27,309,309
188.27,325,324
188.27,306,306
188.28,324,324
188.29,307,306
188.34,325,324
188.34,306,306
188.34,325,326
188.34,311,308
188.34,321,324
188.34,312,310
188.35,320,322
188.41,320,315
188.41,312,315
188.41,323,319
188.41,310,313
188.41,325,324
188.41,309,310
188.42,325,325
188.48,308,309
188.48,327,326
188.48,308,307
188.48,326,327
188.48,310,310
188.48,326,327
188.48,313,311
188.54,323,326
188.54,319,316
188.54,320,324
188.54,325,320
188.54,318,320
188.54,329,325
188.55,315,315
188.6,330,329
188.6,312,313
188.6,331,330
188.6,314,312
188.6,331,329
188.61,310,311
188.61,329,329
188.67,313,309
188.67,322,326
188.67,313,309
188.67,318,322
188.67,317,314
188.67,316,319
188.68,325,320
188.74,312,315
188.74,326,324
188.74,310,312
188.74,330,328
188.74,311,311
188.74,332,330
188.75,310,310
188.81,331,330
188.81,314,311
188.81,330,330
188.81,316,314
188.81,327,328
188.81,317,314
188.81,322,325
188.87,324,319
188.87,316,320
188.87,327,322
188.87,312,314
188.87,330,328
188.87,312,312
188.88,331,330
188.93,313,313
188.93,333,332
188.93,313,312
188.93,331,332
188.93,314,313
188.93,330,331
188.94,317,316
189.01,326,328
189.01,320,318
189.01,321,324
189.01,323,319
189.01,313,316
189.01,325,322
189.01,311,311
189.07,326,325
189.07,307,307
189.07,322,322
189.07,303,304
189.07,323,322
189.07,305,305
189.07,322,323
189.13,307,305
189.13,321,321
189.13,310,306
189.13,316,317
189.13,315,310
189.13,313,314
189.14,319,315
189.19,306,310
189.19,321,320
189.19,305,305
189.19,323,322
189.19,304,305
189.2,324,325
189.2,304,304
189.26,324,324
189.26,306,306
189.26,324,325
189.26,310,307
189.26,320,322
189.26,314,310
189.27,318,319
189.33,317,314
189.33,311,314
189.33,323,320
189.33,312,313
189.33,327,325
189.33,311,311
189.33,330,327
189.4,312,310
189.4,329,328
189.4,312,310
189.4,331,330
189.4,313,310
189.4,327,329
189.4,313,312
189.46,322,324
189.46,319,314
189.46,317,319
189.46,321,318
189.46,310,315
189.46,325,320
189.47,309,310
189.52,325,322
189.52,305,306
189.52,324,323
189.52,305,304
189.52,323,322
189.52,307,305
189.53,323,324
189.58,308,307
189.58,323,324
189.58,312,309
189.58,320,321
189.58,318,314
189.59,315,319
189.6,326,322
189.66,316,318
189.66,331,328
189.66,316,316
189.66,333,333
189.66,316,317
189.66,337,336
189.66,317,316
189.72,334,336
189.72,319,319
189.72,337,337
189.72,321,319
189.72,332,334
189.72,323,319
189.73,326,328
189.79,326,322
189.79,317,320
189.79,328,324
189.79,311,313
189.79,327,324
189.79,310,309
189.79,327,324
189.85,306,307
189.85,326,324
189.85,305,305
189.85,323,323
189.85,305,303
189.85,318,319
189.86,304,303
189.91,313,316
189.91,310,306
189.91,307,312
189.91,314,309
189.91,302,303
189.92,317,313
189.92,302,302
189.99,318,317
189.99,301,302
189.99,318,318
189.99,302,302
189.99,321,321
189.99,304,303
189.99,321,322
190.05,309,305
190.05,319,321
190.05,312,309
190.05,317,320
190.05,318,313
190.05,314,316
190.06,323,319
190.11,311,313
190.11,325,323
190.11,308,309
190.11,327,326
190.11,309,310
190.11,328,328
190.12,310,309
190.18,331,330
190.18,313,310
190.18,326,329
190.18,314,313
190.18,323,326
190.18,317,315
190.19,321,323
190.24,322,319
190.24,317,319
190.24,326,324
190.24,314,316
190.24,330,329
190.24,313,314
190.25,332,332
190.32,314,314
190.32,332,332
190.32,317,315
190.32,333,333
190.32,317,315
190.32,332,333
190.32,320,318
190.38,328,332
190.38,327,323
190.38,322,326
190.38,332,328
190.38,323,324
190.38,334,332
190.38,321,321
190.44,339,336
190.44,319,319
190.44,338,335
190.44,319,318
190.44,335,336
190.44,318,318
190.45,337,336
190.5,320,318
190.5,333,336
190.5,325,322
190.5,330,335
190.5,330,325
190.51,325,328
190.51,334,331
190.57,323,323
190.57,337,335
190.57,320,320
190.57,338,336
190.57,319,319
190.57,336,337
190.58,319,318
190.64,334,335
190.64,319,317
190.64,333,333
190.64,318,315
190.64,326,329
190.64,323,319
190.65,322,327
190.71,327,323
190.71,316,319
190.71,329,326
190.71,315,316
190.71,331,330
190.71,316,315
190.71,334,332
190.77,315,316
190.77,333,333
190.77,313,313
190.77,331,331
190.77,314,313
190.77,329,331
190.78,322,320
190.83,330,331
190.83,325,324
190.83,328,331
190.83,334,330
190.83,322,326
190.83,338,336
190.84,324,323
190.91,339,338
190.91,320,320
190.91,339,338
190.91,319,319
190.91,336,337
190.91,318,318
190.91,335,335
190.97,321,319
190.97,330,332
190.97,323,320
190.97,330,331
190.97,327,323
190.97,321,325
190.97,333,329
191.03,320,321
191.03,335,333
191.03,319,319
191.03,338,336
191.03,321,320
191.03,337,338
191.04,320,319
191.1,339,338
191.1,322,321
191.1,336,338
191.1,324,323
191.1,335,336
191.1,328,326
191.1,331,334
191.16,336,331
191.16,325,327
191.16,338,333
191.16,321,322
191.16,339,337
191.16,322,320
191.17,339,336
191.22,319,318
191.22,339,339
191.22,322,320
191.22,336,335
191.22,318,316
191.23,329,331
191.24,317,314
191.3,321,325
191.3,320,316
191.3,315,318
191.3,323,318
191.3,311,314
191.3,323,320
191.3,307,307
191.36,323,321
191.36,303,304
191.36,324,322
191.36,302,301
191.36,321,320
191.36,303,300
191.37,319,319
191.42,303,301
191.42,312,316
191.42,307,304
191.42,309,311
191.42,311,307
191.42,304,307
191.43,313,311
191.49,301,303
191.49,318,316
191.49,300,301
191.49,319,317
191.49,301,300
191.49,319,318
191.5,302,300
191.56,320,320
191.56,305,302
191.56,319,321
191.56,308,305
191.56,318,319
191.56,313,308
191.56,313,315
191.63,319,314
191.63,307,311
191.63,322,320
191.63,308,310
191.63,324,324
191.63,308,307
191.63,325,323
191.69,307,304
191.69,325,323
191.69,304,304
191.69,322,324
191.69,306,305
191.69,318,321
191.69,310,307
191.75,315,317
191.75,315,311
191.75,306,311
191.75,315,312
191.75,304,306
191.75,317,313
191.76,299,299
191.81,316,313
191.81,295,295
191.81,316,315
191.81,294,294
191.81,313,312
191.82,295,295
191.83,312,313
191.89,298,297
191.89,310,311
191.89,303,299
191.89,305,308
191.89,311,305
191.89,301,303
191.89,313,309
191.95,299,300
191.95,315,313
191.95,297,299
191.95,319,316
191.95,302,301
191.95,317,317
191.96,298,298
192.01,319,318
192.01,301,299
192.01,316,318
192.01,307,304
192.01,315,318
192.01,312,309
192.02,311,313
192.08,317,312
192.08,309,310
192.08,320,318
192.08,304,306
192.08,322,321
192.08,304,306
192.09,325,325
192.14,308,308
192.14,329,328
192.14,312,312
192.14,334,333
192.14,317,316
192.14,331,334
192.15,323,321
192.22,328,332
192.22,328,324
192.22,322,326
192.22,330,327
192.22,318,320
192.22,331,330
192.22,316,317
192.28,333,332
192.28,314,316
192.28,337,335
192.28,319,317
192.28,334,335
192.28,317,316
192.28,332,334
192.34,321,317
192.34,329,330
192.34,322,319
192.34,323,325
192.34,326,321
192.34,317,321
192.35,330,325
192.4,314,315
192.4,328,326
192.4,309,311
192.4,331,328
192.4,308,309
192.41,330,328
192.41,310,310
192.47,327,328
192.47,312,309
192.47,324,326
192.47,315,311
192.47,321,324
192.47,319,315
192.48,314,319
192.55,323,319
192.55,309,313
192.55,323,321
192.55,310,311
192.55,327,324
192.55,308,308
192.55,329,327
192.61,311,309
192.61,328,329
192.61,313,311
192.61,331,332
192.61,317,316
192.61,330,332
192.61,322,318
192.67,325,329
192.67,326,323
192.67,323,325
192.67,333,330
192.67,318,320
192.67,334,331
192.68,316,317
192.73,333,334
192.73,317,316
192.73,335,335
192.73,316,316
192.73,337,336
192.73,316,317
192.74,336,336
192.8,321,319
192.8,329,332
192.8,324,321
192.8,325,328
192.8,329,326
192.8,321,324
192.81,336,331
192.86,322,323
192.86,337,337
192.86,322,322
192.86,337,336
192.86,319,318
192.87,337,337
192.87,320,320
192.94,339,338
192.94,323,321
192.94,337,337
192.94,326,324
192.94,333,337
192.94,329,326
192.94,328,331
193.0,335,329
193.0,321,325
193.0,337,334
193.0,319,320
193.0,336,337
193.0,319,319
193.0,339,337
193.06,321,319
193.06,336,336
193.06,319,318
193.06,335,335
193.06,317,317
193.06,328,329
193.07,319,316
193.12,323,325
193.12,324,320
193.12,316,319
193.12,324,322
193.12,312,315
193.13,330,326
193.14,308,311
193.2,329,327
193.2,311,311
193.2,329,330
193.2,313,311
193.2,331,332
193.2,313,312
193.2,330,330
193.26,317,314
193.26,325,328
193.26,320,318
193.26,323,325
193.27,328,323
193.27,319,322
193.27,333,329
193.33,318,318
193.33,334,332
193.33,316,317
193.33,336,334
193.33,317,317
193.33,335,336
193.33,318,318
193.39,336,337
193.39,320,318
193.39,333,334
193.39,323,320
193.39,327,330
193.39,326,321
193.4,322,325
193.45,328,324
193.45,317,318
193.45,331,327
193.45,315,314
193.45,328,328
193.46,311,310
193.46,327,327
193.51,308,308
193.51,328,328
193.51,308,309
193.51,326,327
193.51,311,310
193.52,325,326
193.53,314,312
193.59,319,322
193.59,322,317
193.59,313,316
193.59,325,321
193.59,311,311
193.59,324,322
193.59,308,310
193.66,326,326
193.66,306,307
193.66,327,326
193.66,306,306
193.66,325,326
193.66,309,308
193.66,325,325
193.72,314,310
193.72,323,324
193.72,319,315
193.72,319,322
193.72,324,321
193.72,316,319
193.73,330,326
193.78,312,315
193.78,330,329
193.78,314,313
193.78,331,329
193.78,312,311
193.78,333,331
193.79,313,311
193.84,331,330
193.84,313,312
193.84,325,327
193.84,316,312
193.84,321,324
193.85,317,315
193.86,314,318
193.87,322,319
193.88,313,315
193.89,329,326
193.94,311,313
193.94,328,327
193.94,310,309
193.94,329,328
193.94,309,308
193.94,329,328
193.95,309,309
194.01,327,328
194.01,313,311
194.01,325,328
194.01,320,315
194.01,323,324
194.01,326,321
194.02,318,321
194.08,331,326
194.08,316,318
194.08,333,328
194.08,314,315
194.08,335,332
194.08,315,316
194.08,335,334
194.14,317,316
194.14,335,334
194.14,316,315
194.14,332,335
194.14,322,319
194.14,333,334
194.15,326,321
194.2,326,330
194.2,332,328
194.2,323,325
194.2,337,332
194.2,320,321
194.2,337,335
194.21,318,319
194.28,334,334
194.28,317,316
194.28,336,334
194.28,315,314
194.28,332,331
194.28,314,313
194.28,328,328
194.34,316,314
194.34,323,327
194.34,325,319
194.34,318,323
194.34,328,325
194.34,317,318
194.34,328,326
194.4,314,315
194.4,331,329
194.4,313,312
194.4,330,330
194.4,308,310
194.4,331,330
194.41,312,310
194.47,328,331
194.47,316,313
194.47,325,328
194.47,320,318
194.47,323,326
194.47,326,321
194.48,320,323
194.53,328,326
194.53,319,319
194.53,338,333
194.53,319,318
194.53,338,337
194.53,319,318
194.54,338,336
194.61,319,317
194.61,338,337
194.61,321,319
194.61,336,336
194.61,323,320
194.61,333,334
194.61,327,324
194.67,325,328
194.67,332,327
194.67,321,325
194.67,334,331
194.67,319,321
194.67,334,333
194.67,318,317
194.73,336,334
194.73,317,316
194.73,335,334
194.73,314,314
194.73,333,333
194.73,316,314
194.74,329,331
194.79,319,315
194.79,325,327
194.79,323,318
194.79,318,322
194.79,327,323
194.79,316,319
194.8,330,328
194.85,315,314
194.85,333,330
194.85,313,312
194.85,331,330
194.85,312,312
194.86,332,330
194.87,313,311
194.93,331,330
194.93,315,313
194.93,325,327
194.93,319,314
194.93,321,324
194.93,324,320
194.93,316,319
194.99,326,324
194.99,315,315
194.99,332,329
194.99,312,312
194.99,330,329
194.99,311,311
195.0,331,330
195.06,311,310
195.06,329,328
195.06,313,312
195.06,328,329
195.06,318,314
195.06,327,328
195.06,321,319
195.12,320,324
195.12,328,322
195.12,317,320
195.12,331,327
195.12,314,318
195.12,331,329
195.13,313,313
195.18,331,332
195.18,314,314
195.18,335,333
195.18,315,313
195.18,329,330
195.19,314,312
195.2,327,328
195.26,314,313
195.26,321,325
195.26,324,320
195.26,321,325
195.26,330,327
195.26,321,322
195.26,334,332
195.32,317,317
195.32,334,333
195.32,315,316
195.32,334,332
195.32,314,314
195.32,333,332
195.33,312,313
195.39,330,332
195.39,317,315
195.39,328,329
195.39,320,317
195.39,322,326
195.39,322,318
195.39,314,317
195.45,328,324
195.45,313,314
195.45,329,327
195.45,309,311
195.45,331,328
195.45,312,311
195.46,332,330
195.51,310,310
195.51,327,329
195.51,315,312
195.51,326,328
195.51,315,314
195.52,321,326
195.52,321,316
195.59,316,321
195.59,324,318
195.59,311,314
195.59,324,323
195.59,308,311
195.59,325,323
195.59,304,305
195.65,324,323
195.65,303,302
195.65,317,318
195.65,301,298
195.65,317,318
195.65,298,296
195.65,307,309
195.71,299,296
195.71,303,304
195.71,302,297
195.71,296,299
195.71,306,302
195.71,291,294
195.72,305,305
195.78,289,290
195.78,306,304
195.78,289,288
195.78,304,305
195.78,286,287
195.78,306,307
195.79,290,288
195.84,307,307
195.84,294,290
195.84,303,306
195.84,299,296
195.84,302,305
195.84,305,302
195.85,297,301
195.92,310,308
195.92,296,297
195.92,313,310
195.92,296,297
195.92,314,313
195.92,298,297
195.92,314,316
195.98,297,297
195.98,316,316
195.98,299,296
195.98,312,313
195.98,300,299
195.98,306,312
195.98,307,303
196.04,304,309
196.04,312,308
196.04,302,305
196.04,319,315
196.04,301,303
196.04,323,319
196.05,302,303
196.1,323,322
196.1,302,303
196.1,323,324
196.1,305,305
196.1,323,325
196.11,309,308
196.11,323,324
196.17,312,310
196.17,319,320
196.17,319,313
196.17,312,315
196.17,323,320
196.17,311,312
196.18,327,324
196.23,309,311
196.23,328,327
196.23,311,311
196.23,330,328
196.23,313,311
196.24,332,332
196.24,314,313
196.31,327,330
196.31,314,313
196.31,327,329
196.31,321,316
196.31,321,324
196.31,324,320
196.31,314,317
196.37,326,324
196.37,313,315
196.37,330,327
196.37,308,310
196.37,329,327
196.37,307,309
196.38,328,327
196.43,308,308
196.43,327,327
196.43,310,307
196.43,323,325
196.43,313,310
196.43,322,323
196.44,317,313
196.5,314,319
196.5,322,319
196.5,314,315
196.5,328,324
196.5,313,312
196.5,329,326
196.51,307,307
196.56,327,327
196.56,307,308
196.56,328,328
196.56,308,306
196.56,325,324
196.56,312,309
196.57,324,325
196.64,315,311
196.64,317,320
196.64,320,315
196.64,313,316
196.64,322,320
196.64,308,310
196.64,322,321
196.7,306,308
196.7,325,324
196.7,304,305
196.7,325,325
196.7,305,306
196.7,324,324
196.7,305,305
196.76,321,323
196.76,308,307
196.76,317,318
196.76,315,311
196.76,314,318
196.76,321,315
196.77,310,314
196.82,325,322
196.82,311,311
196.82,327,325
196.82,309,311
196.82,330,328
196.83,310,310
196.83,332,331
196.89,310,310
196.89,329,330
196.89,314,311
196.89,326,327
196.89,316,314
196.89,320,323
196.9,319,315
196.95,315,319
196.95,322,319
196.95,310,313
196.95,324,322
196.95,308,309
196.96,327,326
196.97,310,308
197.03,328,327
197.03,313,311
197.03,329,328
197.03,311,310
197.03,325,328
197.03,311,310
197.03,322,324
197.09,317,314
197.09,321,323
197.09,323,318
197.09,316,319
197.09,328,324
197.09,313,315
197.1,327,325
197.15,311,311
197.15,330,329
197.15,311,309
197.15,328,327
197.15,309,307
197.15,327,327
197.16,309,309
197.21,322,324
197.21,310,308
197.21,317,320
197.21,314,311
197.21,312,316
197.22,319,314
197.23,308,312
197.29,321,319
197.29,306,308
197.29,323,321
197.29,302,303
197.29,322,320
197.29,302,301
197.29,321,320
197.35,300,300
197.35,320,319
197.35,301,300
197.35,313,315
197.35,306,301
197.35,309,313
197.36,308,305
197.42,303,307
197.42,313,309
197.42,302,303
197.42,319,316
197.42,303,302
197.42,321,319
197.42,301,301
197.48,322,320
197.48,304,302
197.48,323,321
197.48,303,303
197.48,321,322
197.48,307,304
197.49,318,319
197.54,308,305
197.54,311,314
197.54,315,311
197.54,307,310
197.54,318,317
197.55,304,307
197.56,322,320
197.62,305,306
197.62,323,323
197.62,305,306
197.62,325,324
197.62,308,306
197.62,324,325
197.62,308,307
197.68,323,324
197.68,313,309
197.68,320,323
197.68,317,313
197.68,314,318
197.68,321,318
197.69,313,315
197.74,325,322
197.74,310,309
197.74,325,324
197.74,303,306
197.74,324,323
197.74,306,304
197.75,322,323
197.81,303,303
197.81,320,321
197.81,306,305
197.81,316,320
197.81,310,306
197.81,314,318
197.82,314,311
197.88,310,313
197.88,317,315
197.88,304,308
197.88,322,320
197.88,302,304
197.88,320,321
197.88,303,305
197.95,322,322
197.95,304,305
197.95,324,324
197.95,306,306
197.95,322,325
197.95,314,309
197.95,322,325
198.01,318,313
198.01,319,321
198.01,321,318
198.01,312,316
198.01,327,325
198.01,310,312
198.01,328,327
198.07,312,312
198.07,331,329
198.07,312,314
198.07,333,331
198.07,312,313
198.07,331,332
198.08,315,313
198.13,328,330
198.13,318,315
198.13,322,326
198.13,323,318
198.13,318,323
198.14,325,322
198.15,315,317
198.2,330,326
198.2,312,312
198.2,327,327
198.2,311,310
198.2,329,328
198.2,311,310
198.21,331,328
198.27,310,310
198.27,330,330
198.27,314,312
198.27,330,331
198.27,319,316
198.27,323,326
198.28,323,319
198.34,317,321
198.34,326,323
198.34,317,317
198.34,330,328
198.34,310,312
198.34,329,329
198.34,310,310
198.4,329,329
198.4,309,309
198.4,328,328
198.4,311,309
198.4,325,325
198.4,313,308
198.41,319,322
198.46,316,312
198.46,313,317
198.46,318,313
198.46,306,310
198.46,321,317
198.46,303,306
198.47,320,320
198.52,304,302
198.52,321,319
198.52,301,300
198.52,320,320
198.52,301,299
198.53,318,318
198.54,300,298
198.6,315,316
198.6,304,301
198.6,309,313
198.6,309,304
198.6,305,307
198.6,313,308
198.6,301,304
198.66,314,313
198.66,300,302
198.66,321,318
198.66,301,300
198.66,319,318
198.66,302,300
198.67,322,321
198.73,301,300
198.73,318,320
198.73,306,302
198.73,317,319
198.73,311,307
198.73,315,317
198.73,314,311
198.79,308,311
198.79,317,315
198.79,307,308
198.79,320,319
198.79,304,304
198.79,323,322
198.8,302,303
198.85,322,322
198.85,307,304
198.85,321,322
198.85,304,304
198.85,320,323
198.86,309,305
198.87,317,318
198.93,313,309
198.93,310,314
198.93,317,313
198.93,308,310
198.93,320,317
198.93,306,308
198.93,324,323
198.99,306,308
198.99,330,327
198.99,310,309
198.99,331,329
198.99,312,311
198.99,330,330
199.0,315,314
199.05,330,331
199.05,320,318
199.05,328,331
199.05,327,322
199.05,323,326
199.05,333,328
199.06,321,322
199.12,335,332
199.12,321,320
199.12,337,336
199.12,317,319
199.12,338,337
199.12,316,317
199.13,334,336
199.18,320,318
199.18,336,337
199.18,321,319
199.18,332,334
199.18,325,322
199.19,328,331
199.19,331,327
199.26,326,328
199.26,335,332
199.26,322,324
199.26,336,335
199.26,320,321
199.26,338,336
199.26,318,319
199.32,337,335
199.32,316,315
199.32,334,334
199.32,314,313
199.32,329,330
199.32,316,313
199.32,323,327
199.38,316,313
199.38,317,321
199.38,319,315
199.38,306,310
199.38,320,316
199.38,306,306
199.39,325,322
199.44,306,306
199.44,323,322
199.44,305,305
199.44,325,325
199.44,305,306
199.45,327,327
199.46,310,308
199.51,324,327
199.51,313,309
199.51,318,322
199.51,317,313
199.51,312,316
199.51,320,317
199.52,308,312
199.58,325,322
199.58,309,309
199.58,324,323
199.58,307,308
199.59,328,326
199.59,309,308
199.59,328,328
199.65,310,309
199.65,329,328
199.65,313,310
199.65,324,327
199.65,318,315
199.65,321,325
199.65,325,322
199.71,320,322
199.71,332,328
199.71,319,320
199.71,334,332
199.71,318,318
199.71,336,333
199.72,315,316
199.77,334,335
199.77,315,313
199.77,333,331
199.77,315,313
199.77,328,329
199.78,315,312
199.78,324,326
199.85,320,315
199.85,319,321
199.85,325,319
199.85,314,315
199.85,325,320
199.85,309,308
199.85,323,322
199.91,305,305
199.91,321,321
199.91,303,303
199.91,323,322
199.91,302,303
199.91,322,321
199.91,304,303
199.97,319,320
199.97,310,307
199.97,317,319
199.97,315,311
199.97,309,314
199.97,320,316
199.98,310,311
200.03,326,323
200.03,306,307
200.03,323,321
200.03,305,305
200.03,325,325
200.04,309,308
200.05,326,324
200.1,308,308
200.1,326,326
200.1,313,310
200.1,323,324
200.1,316,311
200.1,317,319
200.11,311,305
200.18,293,294
200.18,299,296
200.18,279,280
200.18,292,290
200.18,273,274
200.18,292,289
200.18,271,271
200.24,292,290
200.24,272,269
200.24,289,289
200.24,272,270
200.24,288,289
200.24,277,275
200.24,287,291
200.3,285,283
200.3,287,289
200.3,294,291
200.3,288,289
200.3,303,299
200.3,289,290
200.31,309,307
200.36,293,294
200.36,313,313
200.36,297,297
200.36,317,317
200.36,301,300
200.36,319,320
200.37,305,304
200.43,321,322
200.43,315,311
200.43,320,322
200.43,321,317
200.43,318,321
200.43,326,323
200.44,314,316
200.5,331,328
200.5,313,314
200.5,333,332
200.5,313,313
200.5,336,334
200.5,316,315
200.5,336,335
200.56,316,315
200.56,333,334
200.56,321,318
200.57,330,333
200.57,325,321
200.57,329,332
200.57,332,328
200.63,323,325
200.63,333,330
200.63,320,321
200.63,337,334
200.63,318,318
200.63,338,336
200.64,319,319
200.69,337,336
200.69,318,316
200.69,336,336
200.69,317,317
200.69,333,335
200.69,323,319
200.7,328,332
200.75,325,322
200.75,323,327
200.75,330,325
200.75,319,319
200.75,332,328
200.76,315,315
200.77,333,331
200.83,315,314
200.83,333,331
200.83,313,312
200.83,331,331
200.83,312,311
200.83,330,331
200.83,313,313
200.89,327,328
200.89,317,314
200.89,324,325
200.89,323,319
200.89,318,321
200.89,327,326
200.9,318,318
200.95,332,330
200.96,316,318
200.96,336,334
200.96,318,317
200.96,337,336
200.96,319,317
200.96,339,338
201.02,318,318
201.02,333,336
201.02,320,319
201.02,334,335
201.02,326,323
201.02,326,330
201.03,331,327
201.08,324,325
201.08,333,330
201.08,319,318
201.08,334,334
201.08,316,317
201.09,335,334
201.09,316,317
201.16,337,336
201.16,316,316
201.16,335,336
201.16,318,317
201.16,334,335
201.16,325,320
201.16,331,334
201.22,328,324
201.22,326,330
201.22,335,328
201.22,321,323
201.22,339,335
201.22,320,320
201.23,337,336
201.28,320,321
201.28,339,336
201.28,319,319
201.28,338,338
201.28,321,320
201.28,338,337
201.29,323,321
201.34,333,336
201.34,327,322
201.34,328,332
201.34,330,327
201.34,324,328
201.35,336,331
201.36,321,323
201.37,335,333
201.38,318,320
201.38,336,335
201.44,319,319
201.44,339,338
201.44,320,320
201.44,336,338
201.44,320,318
201.44,335,338
201.45,326,321
201.51,330,334
201.51,329,324
201.51,325,329
201.51,330,327
201.51,318,323
201.51,333,328
201.52,319,318
201.58,334,333
201.58,316,317
201.58,336,335
201.58,315,315
201.58,336,335
201.58,318,317
201.58,337,337
201.64,322,319
201.64,334,336
201.64,324,324
201.64,330,334
201.64,331,326
201.64,326,330
201.65,334,330
201.7,321,323
201.7,336,334
201.7,320,321
201.7,338,337
201.7,316,317
201.7,336,336
201.71,318,317
201.76,335,334
201.76,317,315
201.76,330,334
201.76,317,316
201.76,330,330
201.77,321,318
201.78,323,326
201.84,325,322
201.84,319,321
201.84,328,324
201.84,313,315
201.84,326,326
201.84,311,312
201.84,329,328
201.9,310,310
201.9,328,328
201.9,311,310
201.9,329,329
201.9,310,309
201.9,324,327
201.91,315,311
201.97,322,325
201.97,317,313
201.97,318,322
201.97,325,320
201.97,316,318
201.97,326,325
201.97,314,315
202.03,331,329
202.03,311,312
202.03,329,327
202.03,310,310
202.03,331,329
202.03,309,309
202.04,330,329
202.09,312,308
202.09,324,325
202.09,312,310
202.09,319,320
202.09,316,312
202.1,312,314
202.11,320,317
202.17,305,310
202.17,321,319
202.17,304,305
202.17,322,320
202.17,299,301
202.17,318,317
202.17,300,299
202.23,316,316
202.23,298,296
202.23,313,314
202.23,298,296
202.23,306,309
202.23,300,297
202.24,302,304
202.29,305,301
202.29,297,300
202.29,308,306
202.29,295,295
202.29,309,307
202.29,292,293
202.3,309,309
202.36,291,290
202.36,310,309
202.36,291,290
202.36,309,311
202.36,295,291
202.36,310,310
202.37,299,296
202.42,307,309
202.42,305,301
202.42,301,306
202.42,308,305
202.42,300,304
202.43,317,314
202.43,302,301
202.48,318,317
202.48,302,302
202.48,322,320
202.48,303,302
202.48,321,321
202.49,304,303
202.5,320,321
202.56,302,302
202.56,316,318
202.56,310,306
202.56,314,316
202.56,319,314
202.56,313,315
202.56,323,320
202.63,310,314
202.63,326,326
202.63,312,312
202.63,328,327
202.63,311,310
202.63,329,328
202.63,312,310
202.69,328,328
202.69,313,311
202.69,325,327
202.69,314,312
202.69,324,327
202.69,319,316
202.7,320,322
202.75,324,320
202.75,315,318
202.75,329,326
202.75,314,315
202.75,329,328
202.75,311,313
202.76,331,330
202.81,313,314
202.81,333,332
202.81,316,316
202.81,333,332
202.81,317,317
202.82,331,333
202.83,324,321
202.89,329,331
202.89,328,324
202.89,324,329
202.89,334,331
202.89,322,324
202.89,338,335
202.89,320,321
202.95,337,337
202.95,321,322
202.95,336,337
202.95,322,321
202.95,339,339
202.95,324,322
202.96,340,341
203.02,328,325
203.02,336,338
203.02,330,328
203.02,335,336
203.02,339,334
203.02,331,332
203.02,341,339
203.08,328,331
203.08,344,343
203.08,329,329
203.08,345,344
203.08,329,328
203.08,347,347
203.09,331,329
203.14,347,346
203.14,333,330
203.14,346,346
203.14,335,332
203.14,342,345
203.15,340,336
203.15,336,339
203.21,342,338
203.21,330,333
203.21,344,342
203.21,326,328
203.21,344,342
203.21,324,324
203.22,341,339
203.27,323,322
203.27,339,338
203.27,321,319
203.27,334,337
203.27,323,320
203.28,330,334
203.29,325,323
203.35,328,331
203.35,329,324
203.35,322,325
203.35,330,327
203.35,318,321
203.35,331,330
203.35,317,316
203.41,330,330
203.41,314,313
203.41,332,330
203.41,312,312
203.41,328,328
203.41,312,310
203.42,324,325
203.47,313,310
203.47,320,322
203.47,314,310
203.47,311,316
203.47,314,311
203.47,308,311
203.48,318,315
203.53,304,305
203.53,318,317
203.53,304,302
203.53,319,318
203.53,301,301
203.54,317,317
203.55,301,300
203.61,314,316
203.61,303,301
203.61,315,315
203.61,304,303
203.61,311,313
203.61,311,306
203.61,307,309
203.68,314,312
203.68,303,307
203.68,320,317
203.68,304,303
203.68,319,318
203.68,303,303
203.68,320,320
203.74,303,303
203.74,321,321
203.74,303,304
203.74,322,321
203.74,307,303
203.74,317,319
203.74,311,309
203.8,315,317
203.8,315,311
203.8,309,313
203.8,317,314
203.8,308,311
203.8,323,322
203.81,307,308
203.86,323,322
203.86,304,305
203.86,323,323
203.86,306,306
203.86,324,324
203.87,309,308
203.88,320,323
203.93,310,309
203.93,320,323
203.93,317,314
203.93,318,320
203.93,323,318
203.93,314,315
203.94,327,323
204.0,314,313
204.0,328,325
204.0,313,313
204.0,327,326
204.0,309,309
204.0,328,328
204.01,308,308
204.07,327,327
204.07,310,310
204.07,326,327
204.07,316,312
204.07,318,321
204.07,319,315
204.07,316,319
204.13,323,320
204.13,311,314
204.13,327,323
204.13,309,310
204.13,327,325
204.13,308,309
204.14,326,326
204.19,310,310
204.19,327,326
204.19,311,309
204.19,324,325
204.19,313,312
204.19,323,325
204.2,318,314
204.25,319,323
204.25,323,318
204.25,315,318
204.25,325,322
204.25,313,315
204.26,326,325
204.27,309,312
204.33,327,326
204.33,310,311
204.33,328,326
204.33,313,312
204.33,330,330
204.33,315,313
204.33,328,329
204.4,317,316
204.4,325,328
204.4,321,319
204.4,321,325
204.4,326,323
204.4,322,323
204.4,332,330
204.46,317,318
204.46,333,332
204.46,317,317
204.46,335,334
204.46,319,318
204.46,333,332
204.46,318,317
204.52,332,333
204.52,319,317
204.52,330,331
204.52,320,318
204.52,327,330
204.52,328,325
204.53,322,325
204.58,330,327
204.59,318,320
204.59,331,330
204.59,316,318
204.59,334,332
204.59,316,316
204.6,333,333
204.65,315,315
204.65,330,332
204.65,318,316
204.65,329,331
204.65,319,316
204.65,326,329
204.66,321,318
204.72,323,326
204.72,325,321
204.72,317,319
204.72,326,324
204.72,314,315
204.72,328,325
204.73,312,312
204.79,328,328
204.79,310,310
204.79,329,328
204.79,312,310
204.79,327,327
204.79,312,311
204.79,324,324
204.85,311,310
204.85,318,320
204.85,316,312
204.85,315,318
204.85,321,316
204.85,310,312
204.86,322,320
204.91,307,308
204.91,322,321
204.91,306,307
204.91,326,325
204.91,310,308
204.92,325,325
204.92,308,308
204.99,326,328
204.99,314,313
204.99,324,326
204.99,318,315
204.99,323,325
204.99,327,322
204.99,320,323
205.05,331,326
205.05,319,320
205.05,333,333
205.05,320,321
205.05,338,335
205.05,319,319
205.05,336,336
205.11,321,319
205.11,337,337
205.11,321,321
205.11,337,336
205.11,325,322
205.11,332,334
205.12,330,325
205.17,331,333
205.17,335,330
205.18,326,330
205.18,339,336
205.18,327,326
205.18,341,339
205.19,324,326
205.24,342,342
205.24,324,324
205.24,343,343
205.24,328,326
205.24,341,341
205.24,327,325
205.25,336,339
205.32,328,326
205.32,335,336
205.32,332,329
205.32,330,333
205.32,335,333
205.32,325,329
205.32,340,337
205.38,322,323
205.38,340,338
205.38,322,322
205.38,340,339
205.38,322,322
205.38,338,338
205.38,321,320
205.44,339,338
205.44,323,321
205.44,331,333
205.44,327,323
205.44,329,332
205.44,330,326
205.45,324,326
205.5,334,332
205.5,323,323
205.5,337,336
205.5,324,323
205.5,338,338
205.51,321,322
205.51,338,339
205.58,324,324
205.58,338,339
205.58,323,323
205.58,339,339
205.58,329,325
205.58,336,338
205.58,332,329
205.64,331,333
205.64,336,330
205.64,327,329
205.64,341,337
205.64,325,325
205.64,338,336
205.64,322,323
205.7,340,338
205.7,323,321
205.7,339,339
205.7,320,320
205.7,337,336
205.7,322,321
205.71,332,335
205.77,324,322
205.77,329,333
205.77,331,326
205.77,324,327
205.77,334,331
205.77,323,324
205.78,337,335
205.83,323,323
205.83,339,338
205.83,323,323
205.83,342,340
205.83,322,323
205.83,340,340
205.84,326,323
205.89,339,338
205.89,324,322
205.89,334,335
205.89,330,326
205.89,328,332
205.9,332,328
205.91,324,327
205.97,337,333
205.97,322,322
205.97,335,335
205.97,321,321
205.97,338,338
205.97,322,321
205.97,339,339
206.03,320,321
206.03,337,338
206.03,321,320
206.03,332,334
206.03,324,321
206.03,331,332
206.04,326,323
206.1,326,328
206.1,332,329
206.1,323,325
206.1,335,332
206.1,321,321
206.1,336,334
206.1,322,321
206.16,337,336
206.16,321,319
206.16,338,338
206.16,320,320
206.16,336,337
206.16,322,320
206.17,334,336
206.22,327,323
206.22,329,331
206.22,330,327
206.22,325,327
206.22,332,329
206.23,322,322
206.23,335,332
206.28,318,317
206.28,334,333
206.28,315,315
206.28,332,332
206.28,315,314
206.29,328,329
206.3,313,313
206.36,326,328
206.36,314,313
206.36,322,326
206.36,321,316
206.36,318,321
206.36,322,319
206.37,314,318
206.42,327,323
206.43,312,313
206.43,326,325
206.43,309,311
206.43,327,325
206.43,308,309
206.43,325,326
206.49,309,309
206.49,324,326
206.49,309,308
206.49,322,324
206.49,312,309
206.49,317,320
206.5,316,311
206.55,309,314
206.55,318,315
206.55,307,309
206.55,321,319
206.55,307,307
206.55,321,321
206.56,305,306
206.63,323,322
206.63,305,305
206.63,323,323
206.63,304,304
206.63,321,322
206.63,309,307
206.63,321,321
206.69,313,310
206.69,315,318
206.69,318,313
206.69,312,314
206.69,323,319
206.69,308,311
206.69,324,323
206.75,309,309
206.75,327,325
206.75,308,309
206.75,328,328
206.75,308,308
206.75,328,327
206.76,311,310
206.81,327,328
206.81,317,314
206.81,324,326
206.81,323,319
206.81,320,324
206.82,327,324
206.82,318,321
206.88,332,330
206.88,319,319
206.88,332,331
206.88,319,319
206.88,337,335
206.88,316,316
206.89,335,333
206.94,319,318
206.94,334,335
206.94,320,319
206.94,330,331
206.94,321,319
206.95,328,330
206.96,329,325
207.02,323,326
207.02,333,329
207.02,321,321
207.02,334,332
207.02,317,318
207.02,336,335
207.02,319,317
207.08,335,336
207.08,318,319
207.08,334,335
207.08,320,318
207.08,333,334
207.08,321,320
207.09,331,333
207.14,325,323
207.14,326,328
207.15,331,326
207.15,320,324
207.15,335,331
207.15,321,321
207.15,335,334
207.21,318,319
207.21,338,335
207.21,318,319
207.21,337,337
207.21,318,317
207.21,334,335
207.22,321,321
207.27,334,336
207.27,325,322
207.27,330,334
207.27,329,324
207.27,328,331
207.27,336,331
207.28,322,325
207.35,340,338
207.35,324,325
207.35,340,338
207.35,322,324
207.35,340,339
207.35,323,322
207.35,339,341
207.41,325,323
207.41,341,340
207.41,325,324
207.41,337,338
207.41,329,325
207.41,331,334
207.41,332,329
207.47,326,328
207.47,335,333
207.47,324,326
207.47,337,337
207.47,323,324
207.47,342,340
207.48,323,322
207.53,339,338
207.54,323,321
207.54,338,338
207.54,323,320
207.54,335,337
207.54,325,322
207.55,331,333
207.6,328,323
207.6,328,330
207.6,332,328
207.6,323,325
207.6,332,330
207.6,320,321
207.61,336,334
207.68,317,318
207.68,334,334
207.68,318,318
207.68,333,333
207.68,315,314
207.68,334,333
207.68,317,315
207.74,328,330
207.74,320,318
207.74,324,328
207.74,324,321
207.74,320,324
207.74,331,327
207.74,315,319
207.8,330,329
207.8,314,316
207.8,331,330
207.8,314,315
207.8,333,331
207.8,314,312
207.81,329,329
207.86,311,311
207.86,327,327
207.86,316,314
207.86,325,326
207.86,321,315
207.86,318,321
207.87,323,318
207.93,313,316
207.93,327,322
207.93,311,311
207.93,325,324
207.93,309,310
207.93,326,325
207.94,307,307
207.99,327,325
207.99,308,307
207.99,326,326
207.99,307,307
207.99,323,325
208.0,315,312
208.0,321,324
208.07,317,314
208.07,318,321
208.07,323,320
208.07,312,317
208.07,330,327
208.07,313,315
208.07,334,331
208.13,314,314
208.13,333,332
208.13,314,315
208.13,334,334
208.13,315,315
208.13,331,333
208.13,319,316
208.19,331,331
208.19,322,319
208.19,326,328
208.19,327,324
208.19,322,325
208.19,331,328
208.2,319,319
208.25,331,330
208.25,316,316
208.25,333,332
208.25,316,316
208.25,334,334
208.26,319,318
208.27,335,336
208.33,320,319
208.33,336,336
208.33,324,323
208.33,333,336
208.33,330,328
208.33,331,335
208.33,338,335
208.39,330,333
208.39,343,338
208.39,328,330
208.39,346,343
208.39,326,327
208.39,344,344
208.4,329,328
208.46,346,346
208.46,330,328
208.46,345,344
208.46,329,326
208.46,340,342
208.46,330,326
208.46,333,336
208.52,332,329
208.52,330,331
208.52,336,332
208.52,325,326
208.52,339,336
208.52,322,324
208.53,338,338
208.58,322,324
208.58,342,341
208.58,324,324
208.58,341,341
208.58,325,325
208.59,342,342
208.59,327,325
208.66,339,340
208.66,331,328
208.66,333,337
208.66,336,332
208.66,330,333
208.66,343,338
208.66,329,329
208.72,341,340
208.72,324,325
208.72,342,341
208.72,325,325
208.72,342,341
208.72,323,323
208.72,339,340
208.78,322,323
208.78,339,339
208.78,327,324
208.78,333,335
208.78,331,327
208.78,328,330
208.79,334,330
208.8,323,326
208.81,335,333
208.82,322,324
208.87,340,339
208.87,326,326
208.87,343,343
208.87,326,326
208.87,347,345
208.88,328,329
208.88,343,345
208.94,331,328
208.94,343,343
208.94,335,331
208.94,339,342
208.94,340,336
208.94,335,339
208.95,346,342
209.01,334,337
209.01,348,346
209.01,334,335
209.01,350,350
209.01,332,332
209.02,346,346
209.02,326,326
209.08,342,343
209.08,325,325
209.08,338,339
209.08,325,324
209.08,334,335
209.08,328,324
209.08,328,331
209.14,332,327
209.14,324,325
209.14,334,331
209.14,319,319
209.14,334,333
209.14,319,318
209.15,335,333
209.2,317,317
209.2,333,334
209.2,319,317
209.2,332,332
209.2,316,314
209.2,330,331
209.21,319,317
209.27,327,328
209.27,323,319
209.27,321,323
209.27,329,325
209.27,316,318
209.27,329,326
209.28,315,315
209.33,329,327
209.33,312,311
209.33,328,329
209.33,312,312
209.33,330,330
209.33,314,313
209.34,330,330
209.41,316,314
209.41,324,327
209.41,320,317
209.41,325,327
209.41,325,320
209.41,320,323
209.41,332,328
209.47,318,320
209.47,334,333
209.47,319,318
209.47,337,335
209.47,319,319
209.47,336,336
209.47,319,319
209.53,337,338
209.53,320,319
209.53,334,336
209.53,325,323
209.53,332,335
209.53,326,325
209.54,330,332
209.59,334,328
209.59,322,327
209.59,335,332
209.59,319,321
209.59,336,335
209.6,317,317
209.61,334,334
209.66,318,316
209.66,335,334
209.66,315,316
209.66,333,332
209.66,318,315
209.66,331,331
209.67,322,318
209.73,326,328
209.73,325,320
209.73,319,323
209.73,327,323
209.73,314,317
209.73,329,327
209.74,311,314
209.8,329,327
209.8,314,312
209.8,328,328
209.8,314,314
209.8,330,329
209.8,315,314
209.8,330,331
209.86,316,314
209.86,327,328
209.86,321,318
209.86,321,324
209.86,326,320
209.86,317,319
209.87,324,322
209.92,311,313
209.92,325,324
209.92,309,309
209.92,324,323
209.92,310,308
209.92,325,324
209.93,308,308
209.99,325,326
209.99,308,308
209.99,322,323
209.99,311,309
209.99,318,320
209.99,316,312
210.0,312,317
210.06,321,319
210.06,310,314
210.06,325,324
210.06,313,313
210.06,329,328
210.06,313,312
210.06,330,328
210.12,313,313
210.12,331,330
210.12,313,313
210.12,328,330
210.12,317,316
210.13,328,331
210.13,321,318
210.19,324,327
210.19,327,321
210.19,321,322
210.19,327,325
210.19,316,318
210.19,331,329
210.19,318,317
210.25,333,332
210.25,316,317
210.25,335,332
210.25,316,317
210.25,332,333
210.25,317,318
210.26,335,334
210.31,323,321
210.31,332,333
210.31,326,322
210.31,328,331
210.31,331,328
210.32,323,326
210.33,337,332
210.39,323,323
210.39,336,335
210.39,323,322
210.39,342,339
210.39,322,321
210.39,338,339
210.39,320,319
210.45,341,340
210.45,321,321
210.45,338,339
210.45,326,323
210.45,332,335
210.45,329,324
210.46,326,330
210.51,334,329
210.51,321,323
210.51,335,331
210.51,318,319
210.51,333,333
210.51,315,316
210.52,335,333
210.58,316,316
210.58,334,335
210.58,318,316
210.58,336,336
210.58,320,317
210.58,331,332
210.59,324,320
210.65,328,331
210.65,326,322
210.65,323,326
210.65,333,328
210.65,321,322
210.65,335,333
210.65,319,319
210.72,337,335
210.72,316,318
210.72,338,336
210.72,316,316
210.72,334,335
210.72,319,317
210.72,333,334
210.78,319,317
210.78,328,331
210.78,322,319
210.78,325,327
210.78,327,324
210.78,321,324
210.78,331,329
210.84,319,320
210.84,335,332
210.84,319,318
210.84,336,336
210.84,316,317
210.84,337,336
210.85,319,318
210.9,338,337
210.9,319,319
210.9,334,335
210.9,324,321
210.9,329,333
210.91,327,323
210.92,322,326
210.98,330,327
210.98,319,321
210.98,331,329
210.98,318,318
210.98,335,333
210.98,317,316
210.98,332,333
211.04,316,316
211.04,332,333
211.04,315,314
211.04,330,332
211.04,315,314
211.04,327,329
211.05,322,318
211.1,324,327
211.1,326,324
211.1,321,323
211.1,331,329
211.1,319,320
211.1,332,330
211.11,318,319
211.17,333,333
211.17,315,316
211.17,336,335
211.17,314,315
211.17,334,335
211.17,319,317
211.18,334,334
211.23,321,319
211.23,329,333
211.23,326,323
211.23,326,329
211.23,332,327
211.24,322,325
211.24,338,335
211.3,320,321
211.31,338,337
211.31,317,318
211.31,336,336
211.31,318,318
211.31,339,338
211.31,316,316
211.37,334,336
211.37,320,316
211.37,332,334
211.37,322,319
211.37,324,329
211.37,328,323
211.37,322,327
211.43,333,329
211.43,322,324
211.43,335,333
211.43,316,318
211.43,337,336
211.43,317,318
211.44,336,336
211.49,319,318
211.49,338,337
211.49,319,318
211.49,336,335
211.49,322,319
211.5,332,335
211.51,324,321
211.57,327,331
211.57,331,326
211.57,323,326
211.57,336,332
211.57,322,323
211.57,339,337
211.57,321,322
211.63,340,338
211.63,319,319
211.63,336,337
211.63,316,316
211.63,337,336
211.63,318,318
211.64,334,336
211.7,322,320
211.7,329,332
211.7,327,322
211.7,325,328
211.7,331,328
211.7,321,322
211.7,332,330
211.76,319,320
211.76,337,334
211.76,316,316
211.76,336,333
211.76,314,314
211.76,333,332
211.77,314,313
211.82,330,331
211.82,315,313
211.82,328,329
211.82,319,315
211.82,322,326
211.83,326,320
211.83,316,320
211.9,330,325
211.9,311,314
211.9,331,328
211.9,314,314
211.9,330,329
211.9,313,313
211.9,333,331
211.96,312,311
211.96,332,332
211.96,313,312
211.96,330,331
211.96,315,313
211.96,324,326
211.96,317,312
212.02,317,321
212.02,322,317
212.02,314,316
212.02,326,321
212.02,311,311
212.02,326,323
212.03,309,308
212.09,325,325
212.09,307,306
212.09,326,325
212.09,307,305
212.09,324,325
212.09,307,305
212.1,323,323
212.15,308,308
212.15,316,322
212.15,319,312
212.15,314,316
212.15,321,318
212.15,310,312
212.16,322,321
212.21,307,309
212.21,326,323
212.21,307,307
212.21,324,324
212.21,303,304
212.22,324,325
212.23,307,305
212.29,322,323
212.29,308,307
212.29,322,323
212.29,313,310
212.29,317,319
212.29,319,315
212.29,312,316
212.35,324,321
212.35,311,312
212.35,325,325
212.35,310,311
212.35,328,327
212.35,310,312
212.36,331,329
212.42,311,310
212.42,329,330
212.42,313,311
212.42,327,329
212.42,319,316
212.42,324,328
212.42,322,318
212.48,321,324
212.48,329,324
212.48,316,320
212.48,328,327
212.48,314,314
212.48,331,328
212.49,311,312
212.54,331,329
212.54,309,308
212.54,328,326
212.54,306,307
212.54,326,327
212.55,310,308
212.55,323,323
212.62,313,309
212.62,318,321
212.62,317,314
212.62,313,317
212.62,322,319
212.62,308,311
212.62,324,323
212.68,308,309
212.68,324,324
212.68,306,307
212.68,328,326
212.68,305,306
212.68,327,328
212.69,310,308
212.74,325,326
212.74,312,310
212.74,322,325
212.74,315,312
212.74,320,323
212.74,322,318
212.75,317,318
212.8,329,324
212.8,314,314
212.8,328,327
212.8,312,312
212.8,331,329
212.81,311,311
212.82,329,330
212.87,311,310
212.87,330,330
212.87,314,312
212.87,329,331
212.87,317,314
212.87,327,328
212.88,322,318
212.94,319,323
212.94,327,322
212.94,313,315
212.94,326,325
212.94,312,313
212.94,331,328
212.95,312,312
213.01,330,330
213.01,313,311
213.01,330,330
213.01,311,310
213.01,330,330
213.01,313,311
213.01,325,328
213.07,317,315
213.07,322,325
213.07,323,319
213.07,319,323
213.07,330,327
213.07,316,318
213.08,333,329
213.13,316,317
213.13,334,332
213.13,316,315
213.13,334,334
213.13,315,316
213.14,335,337
213.14,316,316
213.19,334,337
213.19,321,318
213.19,331,335
213.19,329,325
213.19,330,334
213.2,337,333
213.21,326,329
213.27,342,338
213.27,323,325
213.27,339,338
213.27,321,322
213.27,340,339
213.27,320,320
213.27,342,340
213.33,320,318
213.33,337,339
213.33,321,320
213.33,336,337
213.33,324,321
213.33,329,333
213.34,327,324
213.4,325,328
213.4,331,327
213.4,317,321
213.4,335,331
213.4,317,318
213.4,334,334
213.41,316,316
213.46,336,335
213.46,317,317
213.46,335,335
213.46,315,315
213.46,334,335
213.46,319,316
213.47,331,334
213.53,325,320
213.53,324,329
213.53,329,325
213.53,325,327
213.53,334,331
213.53,320,322
213.54,339,336
213.6,319,321
213.6,339,337
213.6,320,320
213.6,338,338
213.6,318,319
213.6,340,340
213.6,323,321
213.66,336,337
213.66,323,320
213.66,332,335
213.66,328,325
213.66,328,333
213.66,335,330
213.67,327,329
213.72,341,336
213.72,323,324
213.72,341,339
213.72,323,323
213.72,343,341
213.73,320,321
213.73,340,340
213.78,322,322
213.78,339,340
213.78,324,323
213.78,336,339
213.78,330,325
213.79,334,336
213.8,334,330
213.86,327,332
213.86,339,333
213.86,324,327
213.86,341,338
213.86,325,324
213.86,342,340
213.86,322,322
213.92,343,341
213.92,323,322
213.92,339,339
213.92,320,320
213.92,335,337
213.92,322,320
213.93,331,333
213.99,325,322
213.99,328,330
213.99,330,324
213.99,322,324
213.99,334,330
213.99,317,319
214.0,335,333
214.05,319,319
214.05,334,334
214.05,316,316
214.05,334,333
214.05,315,313
214.05,334,333
214.06,313,312
214.13,330,333
214.13,320,315
214.13,324,327
214.13,323,318
214.13,322,324
214.13,326,323
214.13,317,320
214.19,330,328
214.19,315,316
214.19,332,332
214.19,315,315
214.19,334,333
214.19,314,313
214.19,334,333
214.25,313,312
214.25,330,331
214.25,316,313
214.25,330,332
214.25,321,317
214.25,324,328
214.26,324,321
214.31,318,321
214.31,329,324
214.31,318,318
214.31,332,329
214.31,315,316
214.32,334,333
214.32,314,314
214.38,332,332
214.38,314,314
214.38,333,334
214.38,314,314
214.38,333,333
214.38,318,315
214.39,326,329
214.44,323,318
214.44,321,325
214.44,327,322
214.44,316,318
214.44,327,325
214.45,312,314
214.45,330,327
214.52,311,310
214.52,329,328
214.52,309,310
214.52,329,329
214.52,309,310
214.52,329,331
214.52,312,311
214.58,329,329
214.58,319,314
214.58,323,326
214.58,322,318
214.58,319,323
214.58,329,323
214.59,315,316
214.64,330,327
214.64,314,315
214.64,333,330
214.64,310,311
214.64,333,332
214.64,314,312
214.65,332,332
214.71,312,313
214.71,331,331
214.71,315,313
214.71,328,331
214.71,322,318
214.71,327,329
214.72,326,321
214.77,319,322
214.77,330,326
214.77,316,317
214.77,332,330
214.77,311,312
214.77,330,328
214.78,309,310
214.84,326,327
214.85,307,306
214.85,326,326
214.85,307,305
214.85,322,324
214.85,311,308
214.85,319,322
214.91,314,309
214.91,311,315
214.91,319,314
214.91,307,309
214.91,319,316
214.91,303,305
214.91,321,318
214.97,301,302
214.97,322,320
214.97,301,301
214.97,323,322
214.97,303,300
214.97,321,320
214.98,303,302
215.03,317,318
215.03,305,302
215.03,312,315
215.03,313,306
215.03,305,309
215.04,315,312
215.04,302,304
215.1,319,315
215.1,300,302
215.1,321,318
215.1,298,300
215.1,320,319
215.1,301,299
215.11,317,318
215.17,302,300
215.17,316,318
215.17,302,299
215.17,313,315
215.18,308,305
215.18,309,312
215.18,312,309
215.24,305,309
215.24,318,314
215.24,300,304
215.24,319,318
215.24,301,302
215.24,322,319
215.24,300,301
215.3,322,321
215.3,304,302
215.3,323,323
215.3,306,304
215.3,321,321
215.3,308,306
215.31,317,320
215.36,314,311
215.36,313,317
215.36,320,317
215.36,310,314
215.36,328,326
215.36,312,315
215.37,332,331
215.42,314,316
215.42,335,334
215.42,314,316
215.42,337,335
215.42,315,316
215.43,335,336
215.44,320,318
215.5,330,334
215.5,325,321
215.5,326,331
215.5,331,326
215.5,324,329
215.5,337,332
215.5,320,324
215.56,338,337
215.56,321,321
215.56,340,339
215.56,320,320
215.56,340,340
215.56,321,320
215.57,340,339
215.63,321,320
215.63,338,339
215.63,323,321
215.63,334,336
215.63,326,324
215.63,328,331
215.63,333,329
215.69,325,326
215.69,337,333
215.69,318,321
215.69,338,336
215.69,319,318
215.69,339,337
215.7,318,317
215.76,336,337
215.76,319,318
215.76,336,338
215.76,320,319
215.76,334,336
215.76,326,321
215.77,330,333
215.83,326,323
215.83,325,327
215.83,334,330
215.83,321,322
215.83,335,332
215.83,318,320
215.83,338,335
215.89,319,318
215.89,337,336
215.89,316,316
215.89,336,337
215.89,318,316
215.89,334,335
215.9,319,317
215.95,330,332
215.95,323,320
215.95,327,329
215.95,329,324
215.95,322,326
215.95,335,330
215.96,319,321
216.01,336,332
216.01,318,317
216.01,335,333
216.01,315,317
216.01,335,334
216.02,314,314
216.03,331,332
216.08,315,314
216.08,330,332
216.08,317,315
216.08,326,329
216.08,323,320
216.08,321,322
216.09,327,322
216.15,315,316
216.15,328,324
216.15,310,311
216.15,327,326
216.15,307,309
216.15,329,327
216.16,310,311
216.22,330,329
216.22,311,308
216.22,326,328
216.22,312,309
216.22,323,324
216.22,312,309
216.22,318,320
216.28,315,311
216.28,310,314
216.28,322,316
216.28,307,310
216.28,322,321
216.28,304,306
216.29,323,320
216.3,302,303
216.31,324,321
216.32,303,303
216.37,322,322
216.37,303,302
216.38,320,322
216.38,306,303
216.38,315,318
216.38,312,308
216.38,311,315
216.44,316,312
216.44,308,312
216.44,322,318
216.44,305,307
216.44,324,322
216.44,303,305
216.45,327,325
216.5,307,306
216.5,327,326
216.5,308,307
216.5,325,327
216.5,308,307
216.51,323,325
216.51,313,309
216.58,317,321
216.58,316,313
216.58,317,319
216.58,323,319
216.58,312,315
216.58,327,325
216.58,309,309
216.64,326,325
216.64,307,308
216.64,329,327
216.64,308,308
216.64,327,328
216.64,310,309
216.65,329,329
216.7,311,310
216.7,325,327
216.7,318,314
216.7,321,323
216.7,323,318
216.7,317,319
216.71,329,323
216.77,313,313
216.77,330,328
216.77,311,313
216.77,332,330
216.77,311,312
216.77,333,332
216.78,312,312
216.83,330,331
216.83,314,311
216.83,331,331
216.83,316,314
216.83,326,330
216.83,322,319
216.84,324,328
216.89,331,325
216.89,320,322
216.89,334,331
216.89,315,318
216.89,334,333
216.9,314,315
216.91,339,337
216.97,315,316
216.97,337,336
216.97,316,316
216.97,335,336
216.97,319,317
216.97,333,335
216.97,322,320
217.04,326,331
217.04,328,322
217.04,321,325
217.04,330,327
217.04,318,319
217.04,335,331
217.04,318,317
217.1,334,332
217.1,314,315
217.1,332,332
217.1,312,313
217.1,333,334
217.1,313,312
217.1,330,332
217.16,316,313
217.16,327,329
217.16,321,316
217.16,321,325
217.16,324,321
217.16,316,320
217.17,328,325
217.23,314,316
217.23,330,329
217.23,313,314
217.23,333,330
217.23,312,312
217.23,332,332
217.24,309,309
217.29,330,331
217.29,311,308
217.29,325,327
217.29,314,313
217.29,320,324
217.29,320,317
217.3,318,323
217.37,325,321
217.37,314,318
217.37,329,327
217.37,314,315
217.37,331,329
217.37,312,312
217.37,329,330
217.43,309,310
217.43,328,328
217.43,312,310
217.43,328,328
217.43,311,310
217.43,325,326
217.43,315,311
217.49,321,323
217.49,320,315
217.49,313,315
217.49,324,320
217.49,311,314
217.49,326,325
217.5,311,311
217.56,330,328
217.56,308,309
217.56,332,330
217.56,314,312
217.56,331,330
217.56,313,312
217.56,330,332
217.62,315,313
217.62,328,330
217.62,324,319
217.62,324,326
217.62,328,324
217.62,320,323
217.63,334,332
217.68,322,322
217.68,338,337
217.68,320,321
217.68,342,340
217.68,321,322
217.69,341,341
217.69,323,320
217.74,342,342
217.74,326,322
217.74,339,341
217.74,330,325
217.75,336,338
217.75,332,328
217.76,331,333
217.82,338,335
217.82,327,329
217.82,342,339
217.82,324,326
217.82,341,340
217.82,322,323
217.83,344,341
217.89,323,322
217.89,342,341
217.89,322,321
217.89,339,341
217.89,325,323
217.89,338,339
217.89,330,326
217.95,332,336
217.95,335,331
217.95,326,330
217.95,339,335
217.95,326,326
217.95,338,337
217.96,321,323
218.01,341,340
218.01,320,321
218.01,341,341
218.01,320,321
218.01,341,342
218.01,321,321
218.02,340,342
218.08,325,324
218.08,335,338
218.08,332,327
218.08,332,335
218.08,337,332
218.08,326,329
218.09,338,336
218.14,325,327
218.14,341,339
218.14,322,324
218.14,342,341
218.14,321,322
218.14,343,341
218.15,326,324
218.22,344,344
218.22,327,325
218.22,343,343
218.22,330,326
218.22,337,339
218.22,333,330
218.22,329,333
218.28,339,335
218.28,327,329
218.28,340,338
218.28,324,326
218.28,340,339
218.28,321,321
218.28,343,341
218.34,322,322
218.34,342,341
218.34,321,321
218.34,337,339
218.34,322,320
218.34,333,335
218.35,325,320
218.41,325,329
218.41,329,324
218.41,322,326
218.41,333,328
218.41,317,319
218.41,334,332
218.42,316,316
218.47,334,334
218.47,315,315
218.47,335,335
218.47,318,315
218.47,334,335
218.47,316,316
218.48,332,335
218.53,319,317
218.53,327,329
218.53,324,319
218.53,324,327
218.53,326,321
218.54,316,319
218.55,329,326
218.61,311,312
218.61,330,327
218.61,310,312
218.61,331,330
218.61,309,309
218.61,330,330
218.61,309,308
218.67,328,328
218.67,312,308
218.67,324,327
218.67,317,311
218.67,317,321
218.67,318,315
218.68,313,317
218.73,323,320
218.74,308,311
218.74,324,322
218.74,307,308
218.74,327,325
218.74,310,309
218.74,328,326
218.8,307,306
218.8,327,326
218.8,306,306
218.8,325,325
218.8,308,306
218.8,319,322
218.81,312,309
218.86,312,317
218.86,316,313
218.86,306,310
218.86,320,318
218.86,306,307
218.87,325,323
218.87,305,307
218.94,324,323
218.94,305,304
218.94,327,325
218.94,307,307
218.94,324,325
218.94,310,307
218.94,325,326
219.0,311,309
219.0,322,324
219.0,318,314
219.0,316,320
219.0,325,321
219.0,315,317
219.01,330,326
219.07,312,314
219.07,331,328
219.07,310,311
219.07,331,330
219.07,311,310
219.07,331,330
219.07,312,311
219.13,330,330
219.13,313,310
219.13,325,325
219.13,316,312
219.13,318,321
219.13,321,316
219.14,315,318
219.19,326,322
219.19,311,314
219.19,326,325
219.19,314,312
219.19,328,328
219.19,309,308
219.2,329,328
219.25,309,308
219.25,327,328
219.25,308,307
219.25,327,327
219.25,311,310
219.26,321,324
219.27,318,314
219.33,319,320
219.33,322,317
219.33,311,315
219.33,325,322
219.33,309,309
219.33,325,324
219.33,307,308
219.39,327,325
219.39,306,305
219.39,322,324
219.39,307,305
219.39,325,324
219.39,309,306
219.4,321,322
219.46,310,307
219.46,317,321
219.46,315,310
219.46,311,315
219.46,321,317
219.46,307,310
219.46,322,321
219.52,306,308
219.52,324,324
219.52,305,306
219.52,326,325
219.52,305,306
219.52,327,325
219.53,306,304
219.58,324,326
219.58,310,308
219.58,322,324
219.58,311,311
219.58,318,322
219.59,321,316
219.59,311,316
219.66,325,321
219.66,311,312
219.66,328,326
219.66,311,311
219.66,327,328
219.66,309,310
219.66,328,329
219.72,310,310
219.72,330,329
219.72,312,310
219.72,327,328
219.72,313,310
219.72,324,326
219.73,316,314
219.78,316,320
219.78,323,318
219.78,312,315
219.78,328,325
219.78,312,313
219.78,330,327
219.79,309,310
219.84,330,328
219.84,310,309
219.84,331,330
219.84,311,309
219.84,330,330
219.85,315,312
219.86,329,330
219.92,319,316
219.92,324,328
219.92,324,321
219.92,321,323
219.92,328,325
219.92,320,321
219.92,330,330
219.98,317,317
219.98,337,334
219.98,317,316
219.98,335,336
219.98,317,317
219.98,335,336
219.99,322,318
220.05,335,337
220.05,321,320
220.05,333,335
220.05,327,323
220.05,328,332
220.05,331,327
220.05,324,328
220.11,337,333
220.11,322,322
220.11,337,336
220.11,322,321
220.11,342,339
220.11,319,320
220.12,340,340
220.17,320,320
220.17,338,339
220.17,320,319
220.17,336,338
220.17,325,322
220.18,333,336
220.18,329,326
220.25,326,331
220.25,335,330
220.25,326,327
220.25,339,336
220.25,322,323
220.25,343,339
220.25,321,321
220.31,338,338
220.31,318,317
220.31,336,337
220.31,319,316
220.31,333,334
220.31,318,315
220.32,330,330
220.37,319,315
220.37,323,326
220.37,324,320
220.37,320,323
220.37,328,326
220.37,319,321
220.38,337,334
220.44,319,319
220.44,338,336
220.44,317,319
220.44,340,338
220.44,320,318
220.44,336,338
220.45,317,317
220.5,334,337
220.5,320,318
220.5,331,334
220.5,330,323
220.5,330,332
220.5,333,329
220.51,323,328
220.58,337,333
220.58,322,323
220.58,339,337
220.58,320,321
220.58,341,338
220.58,320,320
220.58,339,338
220.64,318,317
220.64,336,335
220.64,318,317
220.64,333,335
220.64,321,319
220.64,329,333
220.64,328,323
220.7,324,329
220.7,334,329
220.7,321,323
220.7,338,335
220.7,322,322
220.7,340,338
220.71,321,320
220.77,340,339
220.77,321,320
220.77,341,340
220.77,321,320
220.77,339,340
220.77,326,324
220.77,338,339
220.83,331,328
220.83,333,336
220.83,337,332
220.83,329,333
220.83,340,338
220.83,329,330
220.84,345,342
220.89,328,327
220.89,344,342
220.89,325,326
220.89,343,342
220.89,322,322
220.9,338,339
220.91,321,320
220.97,338,338
220.97,326,322
220.97,332,334
220.97,330,325
220.97,323,327
220.97,330,327
220.97,322,323
221.03,332,330
221.03,317,320
221.03,335,333
221.03,318,317
221.03,333,332
221.03,315,315
221.04,333,332
221.09,316,316
221.09,331,331
221.09,317,315
221.09,330,330
221.09,320,317
221.09,323,328
221.1,325,321
221.16,318,323
221.16,328,323
221.16,315,316
221.16,328,326
221.16,311,313
221.16,328,327
221.17,311,312
221.22,329,327
221.22,312,310
221.22,329,329
221.22,311,309
221.22,325,327
221.23,314,310
221.23,320,324
221.3,317,313
221.3,317,320
221.3,325,319
221.3,313,317
221.3,327,322
221.3,309,312
221.3,327,324
221.36,307,309
221.36,330,328
221.36,311,310
221.36,332,330
221.36,312,311
221.36,329,332
221.36,314,313
221.42,328,331
221.42,320,317
221.42,328,331
221.42,325,321
221.42,321,325
221.42,330,328
221.43,321,323
221.49,334,332
221.49,321,321
221.49,337,336
221.49,320,320
221.49,338,337
221.49,318,316
221.5,337,337
221.55,319,317
221.55,336,336
221.55,320,318
221.55,331,334
221.55,326,321
221.55,327,329
221.56,329,324
221.63,323,326
221.63,334,330
221.63,322,323
221.63,338,335
221.63,319,319
221.63,334,334
221.63,316,318
221.69,337,336
221.69,318,317
221.69,336,335
221.69,319,316
221.69,332,334
221.69,319,316
221.69,324,327
221.75,319,317
221.75,318,320
221.75,321,318
221.75,315,318
221.75,332,326
221.75,312,314
221.76,330,329
221.81,312,312
221.81,331,329
221.81,312,312
221.81,332,331
221.81,312,311
221.81,329,329
221.82,313,311
221.87,325,329
221.87,315,315
221.87,323,325
221.87,321,318
221.87,317,321
221.88,328,322
221.89,315,317
221.95,328,325
221.95,314,314
221.95,330,330
221.95,312,313
221.95,333,330
221.95,312,311
221.95,329,330
222.02,312,312
222.02,327,330
222.02,311,312
222.02,326,328
222.02,320,315
222.02,321,324
222.02,328,322
222.08,316,319
222.08,328,326
222.08,316,318
222.08,331,329
222.08,313,314
222.08,333,331
222.09,316,315
222.14,333,334
222.14,314,314
222.14,331,333
222.14,316,315
222.14,331,332
222.14,319,316
222.15,328,329
222.2,325,320
222.2,325,328
222.2,330,325
222.2,319,321
222.2,332,329
222.21,316,317
222.22,332,331
222.28,312,315
222.28,334,333
222.28,313,313
222.28,333,334
222.28,316,314
222.28,334,332
222.28,318,315
222.34,330,331
222.34,319,315
222.34,324,326
222.34,326,321
222.34,319,322
222.34,326,325
222.35,317,317
222.4,329,328
222.4,313,313
222.4,329,328
222.41,313,312
222.41,333,331
222.41,313,312
222.41,329,329
222.47,312,311
222.47,330,329
222.47,315,313
222.47,324,327
222.47,320,317
222.47,320,325
222.48,324,322
222.53,320,322
222.53,335,332
222.53,320,322
222.53,337,335
222.53,321,322
222.54,341,339
222.54,322,322
222.61,342,341
222.61,327,326
222.61,343,344
222.61,330,329
222.61,343,345
222.61,338,334
222.61,343,346
222.67,344,339
222.67,341,343
222.67,347,344
222.67,339,341
222.67,354,351
222.67,339,340
222.67,357,356
222.73,339,340
222.73,359,357
222.73,342,341
222.73,362,361
222.73,341,341
222.74,359,360
222.74,350,347
222.8,360,363
222.8,355,351
222.8,358,361
222.8,361,357
222.8,355,360
222.8,370,364
222.81,355,356
222.86,371,369
222.86,353,354
222.86,374,372
222.86,355,355
222.86,376,374
222.86,359,358
222.87,378,376
222.92,360,359
222.92,376,376
222.92,361,360
222.92,371,374
222.92,368,363
222.93,365,369
222.94,373,367
223.0,362,364
223.0,373,371
223.0,360,360
223.0,375,374
223.0,357,355
223.0,372,372
223.0,353,353
223.06,369,370
223.06,349,348
223.06,367,366
223.06,351,348
223.06,363,363
223.06,351,347
223.07,356,358
223.12,355,351
223.12,348,351
223.12,355,353
223.12,344,345
223.12,357,355
223.13,338,337
223.13,353,355
223.19,335,335
223.19,352,352
223.19,333,332
223.19,350,350
223.19,333,330
223.19,347,349
223.2,330,330
223.25,342,343
223.25,333,330
223.25,335,338
223.25,336,333
223.25,326,331
223.26,341,336
223.27,325,326
223.33,338,337
223.33,321,322
223.33,340,337
223.33,319,319
223.33,335,334
223.33,318,316
223.33,330,333
223.39,315,314
223.39,330,330
223.39,315,314
223.39,323,326
223.39,321,317
223.39,318,321
223.4,322,317
223.45,310,314
223.45,325,322
223.45,308,309
223.45,325,323
223.45,305,306
223.45,323,321
223.46,303,304
223.51,320,320
223.51,301,301
223.51,318,319
223.51,306,302
223.51,313,316
223.52,304,303
223.53,310,313
223.59,311,306
223.59,303,306
223.59,313,311
223.59,302,303
223.59,314,313
223.59,301,300
223.59,314,315
223.66,299,299
223.66,314,315
223.66,298,299
223.66,318,316
223.66,301,298
223.66,317,317
223.66,303,300
223.72,314,315
223.72,309,305
223.72,311,313
223.72,315,310
223.72,308,310
223.72,319,315
223.73,303,306
223.74,322,318
223.74,304,304
223.75,321,320
223.81,304,303
223.81,323,322
223.81,307,305
223.81,323,324
223.81,308,307
223.81,321,322
223.82,314,311
223.87,322,323
223.87,320,315
223.87,315,319
223.87,325,320
223.87,312,316
223.88,328,325
223.88,310,313
223.94,327,328
223.94,311,311
223.94,330,328
223.94,309,310
223.94,326,327
223.94,310,308
223.95,326,325
224.01,312,309
224.01,323,325
224.01,315,311
224.01,318,321
224.01,320,315
224.01,312,315
224.01,322,319
224.08,308,309
224.08,322,322
224.08,303,304
224.08,320,321
224.08,304,303
224.08,318,320
224.08,300,301
224.14,320,320
224.14,305,303
224.14,319,321
224.14,308,304
224.14,315,318
224.14,312,308
224.15,310,314
224.2,319,314
224.2,304,309
224.2,321,317
224.2,307,307
224.2,323,321
224.2,303,304
224.21,324,323
224.26,304,304
224.26,321,322
224.26,303,302
224.26,322,322
224.26,307,305
224.27,321,321
224.28,309,307
224.34,316,318
224.34,315,311
224.34,312,315
224.34,320,317
224.34,307,310
224.34,320,320
224.34,309,309
224.4,326,324
224.4,310,309
224.4,326,326
224.4,305,306
224.4,327,326
224.4,309,308
224.41,324,326
224.47,311,308
224.47,322,326
224.47,318,313
224.47,317,320
224.47,321,318
224.47,315,317
224.47,325,322
224.53,308,312
224.53,326,325
224.53,310,312
224.53,330,327
224.53,310,309
224.53,329,328
224.54,311,308
224.59,326,328
224.59,310,309
224.59,326,326
224.59,314,311
224.59,321,322
224.6,318,313
224.6,316,319
224.67,323,318
224.67,310,314
224.67,327,323
224.67,309,311
224.67,328,325
224.67,309,308
224.67,327,326
224.73,308,308
224.73,328,327
224.73,307,307
224.73,324,326
224.73,311,308
224.73,321,324
224.74,315,311
224.79,318,320
224.79,319,314
224.79,313,317
224.79,322,318
224.79,309,311
224.79,324,323
224.8,307,309
224.85,328,326
224.85,308,309
224.85,327,326
224.85,308,308
224.85,328,327
224.86,309,308
224.87,326,326
224.93,312,311
224.93,320,323
224.93,314,311
224.93,316,320
224.93,321,317
224.93,312,315
224.93,327,323
224.99,310,311
224.99,329,327
224.99,310,311
224.99,329,327
224.99,310,310
224.99,329,328
225.0,309,309
225.05,327,327
225.06,311,311
225.06,325,328
225.06,312,310
225.06,321,325
225.06,321,317
225.06,315,319
225.12,323,319
225.12,315,316
225.12,326,324
225.12,312,312
225.12,326,326
225.12,311,312
225.13,331,328
225.19,309,310
225.19,330,329
225.19,308,309
225.19,328,327
225.19,313,309
225.19,325,327
225.19,317,313
225.26,320,322
225.26,320,317
225.26,313,317
225.26,324,321
225.26,310,313
225.26,328,326
225.26,310,312
225.32,327,326
225.32,308,309
225.32,327,328
225.32,309,309
225.32,328,329
225.32,309,308
225.33,325,327
225.38,314,311
225.38,322,325
225.38,318,315
225.38,317,320
225.38,323,318
225.38,311,315
225.39,326,322
225.44,309,311
225.44,326,325
225.44,309,309
225.44,327,326
225.44,308,307
225.45,325,326
225.46,308,308
225.52,328,327
225.52,308,308
225.52,326,327
225.52,316,312
225.52,322,325
225.52,322,318
225.52,319,321
225.58,325,323
225.58,313,317
225.58,328,327
225.58,312,314
225.58,330,330
225.58,311,312
225.59,333,331
225.65,313,311
225.65,329,330
225.65,311,309
225.65,325,327
225.65,313,309
225.65,321,323
225.65,315,311
225.71,314,318
225.71,317,312
225.71,309,313
225.71,321,317
225.71,304,307
225.71,321,318
225.72,304,303
225.77,318,319
225.77,301,300
225.77,320,318
225.77,299,297
225.77,319,317
225.78,300,298
225.78,314,316
225.83,300,299
225.83,309,311
225.83,304,301
225.83,305,307
225.83,310,307
225.84,302,305
225.85,315,311
225.91,300,300
225.91,317,314
225.91,299,298
225.91,318,316
225.91,298,297
225.91,316,316
225.91,299,298
225.97,315,316
225.97,301,298
225.97,312,314
225.97,303,300
225.97,310,312
225.97,308,304
225.98,304,306
226.04,312,308
226.04,298,301
226.04,312,310
226.04,295,298
226.04,315,312
226.04,296,296
226.05,314,314
226.1,296,296
226.1,315,315
226.1,298,296
226.1,314,316
226.1,303,300
226.1,311,313
226.11,306,302
226.16,308,311
226.16,312,307
226.16,305,307
226.16,314,312
226.16,303,303
226.17,317,316
226.18,302,302
226.24,320,319
226.24,303,302
226.24,321,321
226.24,304,303
226.24,322,322
226.24,308,306
226.24,322,322
226.3,311,307
226.3,318,322
226.3,319,314
226.3,317,319
226.3,323,318
226.3,310,315
226.31,324,323
226.36,311,311
226.36,326,327
226.36,311,311
226.36,329,328
226.36,310,310
226.37,329,329
226.37,311,310
226.43,327,327
226.43,313,310
226.43,323,326
226.43,313,311
226.43,319,321
226.43,319,314
226.44,314,316
226.49,321,318
226.49,308,311
226.49,322,321
226.49,306,308
226.49,323,323
226.5,304,306
226.5,326,324
226.57,304,304
226.57,323,323
226.57,305,302
226.57,319,320
226.57,304,303
226.57,315,317
226.57,311,306
226.63,310,312
226.63,313,308
226.63,305,309
226.63,317,313
226.63,304,304
226.63,321,319
226.64,301,303
226.69,323,321
226.69,304,304
226.69,323,323
226.69,306,304
226.69,322,322
226.69,306,305
226.7,323,324
226.75,311,309
226.75,321,322
226.75,316,314
226.75,316,320
226.75,325,321
226.76,311,314
226.77,326,324
226.82,311,312
226.82,327,327
226.82,310,310
226.82,329,329
226.82,309,309
226.82,327,327
226.83,310,310
226.89,326,327
226.9,314,311
226.9,325,327
226.9,316,313
226.9,320,322
226.9,323,318
226.9,316,319
226.96,326,323
226.96,313,316
226.96,329,327
226.96,311,312
226.96,329,328
226.96,311,310
226.96,330,331
227.02,312,313
227.02,332,333
227.02,315,314
227.02,333,334
227.02,319,317
227.02,326,330
227.03,322,319
227.08,322,327
227.08,327,324
227.08,321,323
227.08,332,330
227.08,316,318
227.09,331,331
227.09,316,316
227.14,334,332
227.14,315,314
227.14,331,331
227.14,312,313
227.15,333,332
227.15,313,313
227.16,326,329
227.22,318,315
227.22,322,323
227.22,322,316
227.22,316,320
227.22,325,322
227.22,314,316
227.23,329,325
227.29,309,311
227.29,328,328
227.29,311,311
227.29,328,328
227.29,311,310
227.29,329,328
227.29,312,311
227.35,325,327
227.35,313,310
227.35,322,325
227.35,315,313
227.35,318,320
227.35,320,317
227.36,313,315
227.41,323,320
227.41,308,312
227.41,325,325
227.41,310,310
227.41,326,326
227.41,309,308
227.42,328,328
227.47,308,308
227.47,327,326
227.47,307,306
227.47,321,323
227.47,313,310
227.48,318,322
227.49,316,313
227.55,313,318
227.55,321,317
227.55,310,313
227.55,325,323
227.55,311,310
227.55,326,323
227.55,307,308
227.61,327,325
227.61,305,305
227.61,328,326
227.61,308,306
227.61,325,324
227.61,311,308
227.62,322,324
227.68,313,311
227.68,319,322
227.68,321,317
227.68,316,318
227.68,324,321
227.68,314,315
227.68,328,326
227.74,313,312
227.74,331,327
227.74,313,311
227.74,331,330
227.74,311,312
227.74,330,329
227.75,314,313
227.8,327,329
227.8,315,314
227.8,327,328
227.8,321,316
227.8,320,323
227.81,325,319
227.82,315,319
227.87,325,323
227.87,311,314
227.87,330,327
227.87,313,313
227.87,331,329
227.87,313,311
227.88,329,329
227.95,313,311
227.95,330,330
227.95,313,312
227.95,326,329
227.95,317,314
227.95,323,326
227.95,323,317
228.01,315,319
228.01,324,320
228.01,313,316
228.01,324,324
228.01,313,312
228.01,328,328
228.01,312,312
228.07,329,329
228.07,310,310
228.07,330,329
228.07,310,309
228.07,329,329
228.07,315,312
228.08,324,325
228.13,320,314
228.13,319,322
228.13,321,316
228.13,310,315
228.13,323,320
228.13,308,312
228.14,326,323
228.21,309,309
228.21,324,323
228.21,307,307
228.21,326,324
228.21,306,306
228.21,323,322
228.21,307,304
228.27,323,323
228.27,308,307
228.27,316,320
228.27,313,309
228.27,313,317
228.27,320,315
228.27,309,312
228.33,323,320
228.33,307,309
228.33,322,322
228.33,306,307
228.33,325,324
228.33,307,306
228.34,327,325
228.4,308,307
228.4,326,326
228.4,311,308
228.4,323,325
228.4,315,310
228.4,319,321
228.41,317,313
228.46,313,316
228.46,321,317
228.46,306,311
228.46,325,322
228.46,309,308
228.46,326,324
228.47,306,307
228.52,326,324
228.52,305,306
228.52,324,325
228.52,308,307
228.52,325,325
228.53,311,310
228.54,321,324
228.6,318,312
228.6,317,319
228.6,318,315
228.6,310,314
228.6,325,321
228.6,309,310
228.6,324,323
228.66,307,307
228.66,325,324
228.66,307,307
228.66,324,324
228.66,306,305
228.66,324,324
228.67,307,306
228.73,321,323
228.73,312,309
228.73,318,320
228.73,315,311
228.73,312,317
228.73,319,315
228.73,309,312
228.79,321,318
228.79,304,306
228.79,323,320
228.79,307,306
228.79,322,322
228.79,305,304
228.8,323,324
228.85,304,305
228.85,322,322
228.85,305,304
228.85,319,321
228.85,310,307
228.86,316,318
228.86,317,313
228.93,312,314
228.93,322,318
228.93,310,311
228.93,324,322
228.93,307,307
228.93,324,324
228.93,308,308
228.99,325,325
228.99,308,307
228.99,324,325
228.99,308,307
228.99,325,325
228.99,310,309
228.99,322,323
229.05,315,311
229.05,313,317
229.05,319,315
229.05,310,313
229.05,323,318
229.05,307,307
229.06,322,321
229.11,307,307
229.11,326,324
229.12,307,306
229.12,324,324
229.12,306,306
229.12,326,325
229.13,309,308
229.18,322,325
229.18,314,310
229.18,318,321
229.18,319,314
229.18,315,319
229.18,321,317
229.19,311,313
229.25,325,322
229.25,308,309
229.25,324,324
229.25,306,308
229.25,327,325
229.25,308,307
229.26,327,326
229.32,310,309
229.32,328,328
229.32,313,312
229.32,325,327
229.32,321,316
229.32,324,326
229.32,325,320
229.38,318,323
229.38,329,326
229.38,316,317
229.38,333,329
229.38,317,315
229.38,332,331
229.39,316,315
229.44,332,332
229.44,317,314
229.44,330,331
229.44,316,314
229.44,328,331
229.45,319,315
229.45,324,326
229.5,319,318
229.5,320,323
229.5,324,321
229.5,317,320
229.5,331,329
229.51,314,316
229.52,331,330
229.58,315,315
229.58,332,331
229.58,312,312
229.58,332,331
229.58,313,311
229.58,329,330
229.58,315,312
229.64,326,328
229.64,317,314
229.64,322,324
229.64,320,317
229.64,316,321
229.64,326,321
229.65,315,317
229.71,332,328
229.71,314,314
229.71,332,332
229.71,314,314
229.71,331,330
229.71,313,312
229.72,330,330
229.77,314,314
229.77,331,331
229.77,316,314
229.77,326,328
229.77,320,316
229.77,321,325
229.78,324,321
229.83,316,319
229.83,328,325
229.83,312,314
229.83,329,328
229.83,314,312
229.84,329,328
229.85,311,310
229.91,328,326
229.91,309,308
229.91,326,326
229.91,310,308
229.91,323,325
229.91,313,310
229.91,319,322
229.97,317,314
229.97,315,318
229.97,322,316
229.97,310,311
229.97,324,321
229.97,305,306
229.98,324,322
230.03,306,306
230.03,323,321
230.03,305,304
230.03,322,323
230.03,307,305
230.04,324,324
230.04,308,307
230.1,323,323
230.1,312,311
230.1,318,321
230.1,320,316
230.1,316,318
230.1,326,321
230.11,312,313
230.17,329,325
230.17,312,312
230.17,329,328
230.17,311,312
230.17,331,330
230.17,313,311
230.17,330,330
230.24,313,313
230.24,328,328
230.24,315,313
230.24,325,328
230.24,322,317
230.24,322,323
230.24,324,320
230.3,316,319
230.3,329,326
230.3,317,316
230.3,331,329
230.3,314,314
230.3,332,331
230.31,314,315
230.36,333,334
230.36,316,315
230.36,333,333
230.36,318,316
230.36,330,331
230.36,320,318
230.37,328,329
230.42,325,321
230.42,322,326
230.42,329,325
230.42,316,319
230.42,331,329
230.43,314,315
230.44,329,330
230.49,315,313
230.49,330,329
230.49,312,312
230.49,329,330
230.49,313,311
230.49,329,328
230.5,313,310
230.56,327,327
230.56,318,315
230.56,324,325
230.57,322,318
230.57,317,320
230.57,326,323
230.57,313,314
230.63,328,326
230.63,311,311
230.63,331,328
230.63,312,311
230.63,331,329
230.63,314,312
230.63,330,330
230.69,314,313
230.69,329,331
230.69,319,316
230.69,327,330
230.69,324,321
230.69,325,327
230.7,331,326
230.75,323,325
230.75,337,332
230.75,322,323
230.75,340,337
230.75,323,322
230.76,341,339
230.76,322,321
230.83,341,340
230.83,320,321
230.83,338,340
230.83,325,322
230.83,336,338
230.83,327,323
230.83,333,335
230.89,331,327
230.89,325,327
230.89,333,329
230.89,320,323
230.89,335,333
230.89,319,319
230.9,334,333
230.96,317,317
230.96,335,335
230.96,316,316
230.96,335,335
230.96,317,315
230.96,331,332
230.96,317,314
231.02,324,329
231.02,320,316
231.02,320,324
231.02,321,317
231.02,313,317
231.02,325,323
231.03,310,312
231.08,327,324
231.08,307,309
231.08,327,325
231.08,308,307
231.08,324,325
231.08,307,305
231.09,325,324
231.14,306,305
231.14,321,323
231.14,311,306
231.14,318,320
231.14,313,310
231.15,309,313
231.16,315,312
231.22,306,309
231.22,319,316
231.22,301,303
231.22,319,317
231.22,300,301
231.22,316,317
231.23,299,297
231.24,316,315
231.24,297,298
231.25,316,317
231.32,301,299
231.32,312,314
231.32,303,300
231.32,309,311
231.32,306,304
231.32,304,307
231.32,314,309
231.38,300,302
231.38,316,314
231.38,299,299
231.38,316,316
231.38,299,299
231.38,319,318
231.38,297,298
231.44,317,318
231.44,300,300
231.44,317,317
231.44,306,301
231.44,312,315
231.44,307,305
231.45,310,313
231.5,313,309
231.5,304,308
231.5,316,313
231.5,303,304
231.5,320,317
231.51,300,300
231.51,320,320
231.58,300,302
231.58,319,320
231.58,303,304
231.58,322,322
231.58,306,305
231.58,321,323
231.58,312,309
231.64,321,323
231.64,317,314
231.64,316,320
231.64,327,322
231.64,313,316
231.64,330,326
231.64,312,314
231.7,331,329
231.7,313,314
231.7,333,333
231.7,314,314
231.7,332,332
231.7,317,315
231.71,333,334
231.77,319,316
231.77,329,332
231.77,323,319
231.77,324,328
231.77,328,324
231.77,321,325
231.78,333,328
231.83,319,320
231.83,333,331
231.83,318,317
231.83,332,331
231.83,314,314
231.83,332,333
231.84,315,314
231.91,332,332
231.91,319,316
231.91,331,330
231.91,319,318
231.91,330,332
231.91,324,322
231.91,326,328
231.97,327,324
231.97,322,324
231.97,333,329
231.97,317,319
231.97,334,333
231.97,318,317
231.97,335,334
232.03,315,316
232.03,335,334
232.03,317,316
232.03,335,334
232.03,319,317
232.03,329,332
232.04,321,318
232.09,327,329
232.09,328,324
232.09,326,329
232.09,336,330
232.09,322,326
232.1,340,336
232.1,321,322
232.16,338,337
232.16,322,324
232.16,341,340
232.16,323,323
232.16,343,342
232.16,322,322
232.17,341,341
232.23,326,324
232.23,337,339
232.23,332,328
232.23,335,338
232.23,336,332
232.23,331,333
232.23,340,337
232.29,328,329
232.3,342,341
232.3,325,327
232.3,345,344
232.3,325,325
232.3,344,344
232.3,325,324
232.36,342,342
232.36,325,324
232.36,341,341
232.36,326,324
232.36,336,337
232.36,331,328
232.37,331,335
232.42,337,331
232.42,325,328
232.42,340,337
232.42,326,325
232.42,343,340
232.42,323,323
232.43,338,338
232.48,321,322
232.48,340,339
232.48,321,321
232.48,339,340
232.48,324,321
232.49,337,337
232.5,327,324
232.55,330,333
232.55,330,326
232.55,325,327
232.55,333,329
232.55,320,323
232.55,334,333
232.56,318,319
232.62,335,335
232.62,318,318
232.62,335,335
232.62,317,318
232.62,334,334
232.62,319,316
232.63,332,334
232.68,316,315
232.68,330,330
232.68,324,320
232.68,322,325
232.68,325,322
232.69,318,320
232.69,331,326
232.75,315,315
232.75,331,328
232.75,312,313
232.75,331,329
232.75,312,312
232.75,329,328
232.76,312,311
232.81,327,328
232.81,314,311
232.81,326,326
232.81,314,311
232.81,320,323
232.82,318,314
232.82,317,321
232.89,322,319
232.89,313,315
232.89,329,325
232.89,312,314
232.89,329,327
232.89,312,312
232.89,328,328
232.95,309,309
232.95,328,326
232.95,309,308
232.95,326,326
232.95,311,309
232.95,323,324
232.96,313,309
233.01,318,320
233.01,315,311
233.01,312,315
233.01,322,318
233.01,308,310
233.01,324,321
233.02,308,309
233.07,324,324
233.07,307,308
233.07,327,326
233.07,308,308
233.07,327,327
233.08,310,309
233.09,326,328
233.14,312,311
233.14,326,326
233.14,321,316
233.14,322,324
233.14,324,322
233.14,318,320
233.15,331,327
233.21,315,315
233.21,328,326
233.21,310,311
233.21,329,326
233.21,312,311
233.21,330,329
233.22,310,310
233.28,329,328
233.28,313,312
233.28,327,328
233.28,317,313
233.28,323,326
233.28,322,318
233.28,318,323
233.34,327,322
233.34,313,317
233.34,330,326
233.34,314,315
233.34,329,328
233.34,311,311
233.35,327,327
233.4,309,310
233.4,327,329
233.4,308,309
233.4,329,328
233.4,314,311
233.41,324,327
233.41,318,314
233.48,321,324
233.48,322,319
233.48,317,320
233.48,326,325
233.48,315,317
233.48,331,328
233.48,314,314
233.54,331,330
233.54,312,312
233.54,332,331
233.54,313,312
233.54,331,331
233.54,316,315
233.55,331,332
233.6,319,317
233.6,328,330
233.6,324,320
233.6,323,325
233.6,329,324
233.6,317,320
233.61,330,327
233.66,314,315
233.66,330,328
233.66,312,313
233.66,330,330
233.66,311,313
233.67,332,333
233.68,316,314
233.74,333,332
233.74,319,315
233.74,329,332
233.74,321,318
233.74,328,331
233.74,325,322
233.74,323,326
233.8,334,328
233.8,319,322
233.8,333,331
233.8,316,318
233.8,335,333
233.8,318,319
233.81,336,337
233.86,319,319
233.86,340,340
233.87,318,318
233.87,338,338
233.87,323,321
233.87,332,335
233.87,327,323
233.93,328,333
233.93,333,327
233.93,324,328
233.93,337,333
233.93,325,325
233.93,338,335
233.94,321,321
233.99,340,338
233.99,320,320
233.99,341,341
233.99,322,320
233.99,340,340
234.0,325,323
234.0,337,340
234.07,325,323
234.07,333,336
234.07,330,326
234.07,330,333
234.07,336,331
234.07,327,328
234.07,338,336
234.13,324,325
234.13,343,339
234.13,325,324
234.13,342,342
234.13,321,321
234.13,343,341
234.14,323,322
234.19,340,341
234.19,326,323
234.19,336,340
234.19,329,326
234.19,335,337
234.19,333,328
234.2,327,329
234.26,337,332
234.26,323,325
234.26,336,334
234.26,319,319
234.26,337,336
234.26,317,318
234.27,338,336
234.32,319,318
234.32,337,335
234.32,318,317
234.32,334,336
234.32,321,319
234.32,330,332
234.33,324,322
234.4,329,331
234.4,330,327
234.4,324,326
234.4,333,331
234.4,320,321
234.4,336,335
234.4,320,321
234.46,339,338
234.46,318,319
234.46,339,338
234.46,319,318
234.46,339,338
234.46,318,317
234.46,332,335
234.52,323,319
234.52,326,330
234.52,323,319
234.52,319,323
234.52,327,322
234.52,314,318
234.53,329,326
234.58,312,312
234.58,329,327
234.58,311,309
234.58,328,327
234.58,309,308
234.59,327,327
234.59,307,307
234.65,325,327
234.65,310,307
234.65,320,323
234.65,312,308
234.65,317,319
234.65,317,312
234.66,310,314
234.72,321,318
234.72,307,309
234.72,322,320
234.72,307,306
234.72,323,321
234.72,305,304
234.72,322,321
234.79,301,300
234.79,322,321
234.79,302,301
234.79,317,320
234.79,305,303
234.79,314,318
234.79,311,306
234.85,312,314
234.85,314,310
234.85,306,310
234.85,320,318
234.85,307,307
234.85,325,323
234.86,307,308
234.91,326,325
234.91,307,308
234.91,325,325
234.91,308,307
234.91,324,325
234.91,309,307
234.92,323,323
234.97,314,310
234.97,319,321
234.97,317,313
234.97,314,319
234.97,325,321
234.98,309,313
234.99,326,325
235.05,309,311
235.05,326,326
235.05,310,309
235.05,329,328
235.05,310,310
235.05,329,329
235.05,311,311
235.11,330,332
235.11,316,315
235.11,328,330
235.11,323,318
235.11,320,325
235.11,328,322
235.12,320,322
235.18,329,327
235.18,317,317
235.18,332,331
235.18,315,316
235.18,333,334
235.18,317,316
235.18,335,335
235.24,318,318
235.24,333,334
235.24,317,316
235.24,332,334
235.24,321,318
235.24,328,332
235.25,326,323
235.3,325,328
235.3,330,327
235.3,320,323
235.3,335,332
235.3,318,319
235.31,335,333
235.31,317,317
235.38,338,335
235.38,316,317
235.38,334,334
235.38,319,317
235.38,336,335
235.38,318,317
235.38,331,331
235.44,322,318
235.44,326,330
235.44,327,323
235.44,320,323
235.44,332,328
235.44,319,319
235.45,336,332
235.5,317,316
235.5,332,332
235.5,314,314
235.5,333,333
235.5,315,315
235.5,331,332
235.51,313,312
235.56,328,331
235.56,318,314
235.56,324,326
235.56,319,314
235.56,319,321
235.57,320,314
235.58,311,312
235.63,323,318
235.63,308,309
235.63,323,322
235.63,304,306
235.63,323,322
235.63,303,304
235.64,324,324
235.71,307,305
235.71,326,324
235.71,307,306
235.71,323,324
235.71,314,310
235.71,319,322
235.71,317,315
235.77,316,319
235.77,324,321
235.77,313,316
235.77,329,325
235.77,312,313
235.77,330,329
235.77,313,312
235.83,330,330
235.83,311,311
235.83,329,330
235.83,310,309
235.83,324,327
235.83,313,311
235.84,324,328
235.89,319,314
235.89,321,323
235.89,323,318
235.89,318,321
235.89,328,324
235.9,314,316
235.9,331,329
235.97,314,315
235.97,332,332
235.97,314,315
235.97,333,331
235.97,313,314
235.97,332,333
235.97,318,316
236.03,331,332
236.03,317,315
236.03,328,328
236.03,324,319
236.03,323,326
236.03,329,323
236.04,320,322
236.1,332,329
236.1,317,318
236.1,332,330
236.1,312,313
236.1,330,330
236.1,313,313
236.1,330,331
236.16,314,314
236.16,331,331
236.16,315,313
236.16,330,330
236.16,319,317
236.16,326,328
236.17,323,320
236.22,320,324
236.22,328,324
236.22,317,319
236.22,331,328
236.22,315,315
236.22,333,330
236.23,313,312
236.28,332,330
236.28,313,313
236.28,331,332
236.28,312,312
236.28,329,331
236.29,314,313
236.3,323,326
236.36,319,314
236.36,317,322
236.36,321,317
236.36,313,317
236.36,326,322
236.36,311,312
236.36,326,325
236.42,309,310
236.42,328,326
236.43,309,308
236.43,327,327
236.43,311,309
236.43,328,329
236.43,311,309
236.49,325,326
236.49,314,312
236.49,325,326
236.49,317,314
236.49,314,319
236.49,324,320
236.49,311,314
236.55,324,323
236.55,309,310
236.55,327,325
236.55,310,309
236.55,329,327
236.55,309,309
236.56,329,328
236.61,308,308
236.61,325,326
236.61,312,309
236.61,323,323
236.61,315,310
236.62,317,321
236.63,320,316
236.69,315,318
236.69,326,322
236.69,312,314
236.69,329,326
236.69,310,311
236.69,328,326
236.69,310,311
236.75,330,329
236.75,310,310
236.75,327,328
236.75,309,309
236.75,324,327
236.75,312,311
236.76,325,326
236.82,319,314
236.82,316,321
236.82,322,316
236.82,312,317
236.82,326,322
236.82,311,313
236.82,328,327
236.88,311,310
236.88,328,327
236.88,309,309
236.88,327,325
236.88,309,308
236.88,324,326
236.89,307,305
236.94,321,324
236.94,311,310
236.94,318,322
236.94,317,312
236.94,315,318
236.94,326,320
236.95,312,313
237.02,326,322
237.02,311,310
237.02,324,324
237.02,308,306
237.02,327,325
237.02,306,306
237.02,324,324
237.08,304,304
237.08,324,324
237.08,311,308
237.08,320,321
237.08,312,310
237.08,314,318
237.08,317,313
237.14,310,313
237.14,322,319
237.14,308,309
237.14,324,322
237.14,306,307
237.14,324,322
237.15,307,306
237.21,327,326
237.21,307,306
237.21,324,325
237.21,309,308
237.21,323,324
237.21,311,309
237.22,318,322
237.27,316,313
237.27,318,319
237.27,322,317
237.27,312,316
237.27,326,322
237.27,310,310
237.28,327,325
237.33,309,308
237.33,327,325
237.33,306,306
237.33,325,326
237.33,309,308
237.34,326,325
237.35,310,308
237.41,323,324
237.41,310,308
237.41,317,320
237.41,318,313
237.41,312,316
237.41,323,319
237.41,311,313
237.47,325,324
237.47,308,310
237.47,327,326
237.47,310,310
237.47,327,327
237.47,308,310
237.48,328,328
237.53,311,308
237.53,324,326
237.53,311,310
237.54,323,325
237.54,317,312
237.54,318,321
237.54,321,317
237.6,312,316
237.6,326,322
237.6,311,312
237.6,329,326
237.6,310,309
237.6,326,327
237.61,310,310
237.66,329,327
237.66,310,309
237.66,328,328
237.66,311,309
237.66,324,326
237.67,315,311
237.67,323,324
237.74,317,312
237.74,318,320
237.74,324,319
237.74,311,313
237.74,324,322
237.74,311,312
237.74,327,325
237.8,306,308
237.8,330,328
237.8,309,309
237.8,327,327
237.8,311,309
237.8,326,325
237.81,311,309
237.86,322,325
237.86,315,312
237.86,317,322
237.86,321,317
237.86,314,317
237.86,323,320
237.87,311,312
237.92,325,324
237.92,311,312
237.92,328,328
237.92,312,310
237.92,327,324
237.93,307,307
237.94,326,326
237.99,308,307
237.99,326,327
237.99,313,310
237.99,323,324
237.99,317,313
237.99,317,321
238.0,321,317
238.06,313,316
238.06,324,322
238.06,310,310
238.06,327,325
238.06,311,310
238.06,328,326
238.07,308,308
238.13,328,327
238.13,311,308
238.13,328,327
238.13,311,309
238.13,325,326
238.13,314,310
238.13,320,323
238.19,319,315
238.19,318,320
238.19,325,319
238.19,311,313
238.19,326,324
238.19,309,310
238.2,329,327
238.25,308,308
238.25,328,327
238.25,308,308
238.25,328,328
238.25,311,309
238.26,328,327
238.26,312,310
238.31,323,325
238.31,315,311
238.31,320,322
238.31,322,318
238.31,313,317
238.32,323,321
238.33,312,313
238.39,329,326
238.39,309,310
238.39,329,327
238.39,308,310
238.39,329,328
238.39,309,309
238.39,328,328
238.45,313,310
238.45,324,326
238.45,313,312
238.45,323,325
238.45,318,314
238.45,319,322
238.46,323,320
238.52,315,317
238.52,328,324
238.52,313,314
238.52,329,329
238.52,312,314
238.52,332,331
238.53,314,313
238.58,334,332
238.58,317,314
238.58,333,333
238.58,316,314
238.58,329,331
238.58,322,316
238.59,326,329
238.64,325,321
238.64,320,323
238.64,330,328
238.64,318,320
238.64,333,330
238.65,315,316
238.66,331,330
238.72,312,313
238.72,331,330
238.72,314,312
238.72,331,331
238.72,312,311
238.72,328,330
238.73,314,312
238.73,323,325
238.74,318,314
238.75,318,321
238.81,321,318
238.81,313,317
238.82,326,320
238.82,308,311
238.82,324,323
238.82,309,309
238.82,326,326
238.88,308,308
238.88,327,327
238.88,308,308
238.88,327,328
238.88,311,309
238.88,322,325
238.88,314,312
238.94,320,324
238.94,319,315
238.94,318,320
238.94,325,320
238.94,313,317
238.94,330,326
238.95,313,314
239.0,330,328
239.0,312,312
239.0,328,328
239.0,308,309
239.0,328,326
239.0,308,306
239.01,322,322
239.07,309,306
239.07,320,321
239.07,312,308
239.07,315,318
239.07,316,311
239.07,311,313
239.08,318,315
239.13,306,307
239.13,321,317
239.13,306,306
239.13,322,321
239.13,303,304
239.14,324,324
239.14,305,306
239.21,326,325
239.21,307,305
239.21,323,324
239.21,309,308
239.21,318,321
239.21,315,311
239.21,316,319
239.27,321,316
239.27,310,313
239.27,324,320
239.27,306,309
239.27,327,324
239.27,307,307
239.28,323,323
239.33,308,306
239.33,325,325
239.33,304,303
239.33,323,322
239.33,307,303
239.33,319,319
239.34,308,304
239.39,314,317
239.39,311,307
239.39,309,313
239.39,317,312
239.39,304,305
239.4,317,315
239.41,304,304
239.46,321,320
239.46,300,301
239.46,318,318
239.46,301,300
239.46,317,318
239.46,300,300
239.47,316,317
239.53,303,300
239.53,313,314
239.53,304,302
239.53,309,312
239.53,310,305
239.53,303,307
239.54,313,310
239.59,302,302
239.6,315,313
239.6,299,298
239.6,317,315
239.6,299,298
239.6,316,316
239.6,299,298
239.66,317,317
239.66,300,298
239.66,316,318
239.66,304,303
239.66,314,317
239.66,310,307
239.67,311,314
239.72,318,314
239.72,308,310
239.72,322,318
239.72,309,309
239.72,324,323
239.73,307,308
239.73,325,324
239.8,307,307
239.8,327,326
239.8,308,308
239.8,326,327
239.8,313,310
239.8,324,326
239.8,315,313
239.86,321,325
239.86,323,318
239.86,317,321
239.86,326,322
239.86,315,319
239.86,333,330
239.87,318,318
239.92,334,333
239.92,314,317
239.92,335,335
239.92,316,316
239.92,332,333
239.93,317,315
239.93,331,332
239.99,319,316
239.99,329,331
239.99,321,319
239.99,327,329
239.99,327,324
239.99,323,326
240.0,337,332
240.05,322,324
240.05,338,335
240.05,320,320
240.05,337,336
240.05,319,320
240.05,340,339
240.06,319,318
240.13,338,338
240.13,321,319
240.13,335,337
240.13,325,322
240.13,335,336
240.13,328,326
240.13,329,331
240.19,337,331
240.19,324,326
240.19,340,336
240.19,322,324
240.19,340,338
240.19,322,322
240.19,338,340
240.25,322,322
240.25,340,340
240.25,322,321
240.25,340,339
240.25,325,322
240.25,335,337
240.26,328,325
240.31,332,335
240.31,332,327
240.31,326,330
240.31,335,332
240.31,322,325
240.32,336,334
240.32,321,322
240.37,337,335
240.37,317,319
240.37,337,336
240.37,316,316
240.37,335,336
240.38,319,316
240.39,333,335
240.45,319,318
240.45,330,333
240.45,325,320
240.45,326,328
240.45,329,325
240.45,319,323
240.46,332,329
240.51,319,319
240.51,334,331
240.51,316,316
240.51,332,332
240.51,314,314
240.51,331,331
240.52,312,311
240.58,331,331
240.58,313,312
240.58,326,329
240.58,316,314
240.58,324,327
240.58,321,317
240.59,319,322
240.64,324,321
240.64,314,316
240.64,328,326
240.64,311,313
240.64,328,327
240.64,311,311
240.65,331,329
240.7,310,311
240.7,325,327
240.7,309,309
240.7,327,328
240.7,313,310
240.71,323,326
240.72,319,314
240.78,321,323
240.78,320,316
240.78,315,317
240.78,326,321
240.78,311,312
240.78,327,324
240.78,310,309
240.84,327,324
240.84,306,307
240.84,326,324
240.84,305,306
240.84,325,324
240.84,307,305
240.85,321,320
240.9,308,305
240.9,314,317
240.9,311,307
240.9,311,314
240.9,318,312
240.91,307,310
240.91,320,316
240.97,304,305
240.97,323,320
240.97,303,302
240.97,322,321
240.97,302,302
240.97,320,320
240.98,303,302
241.03,320,320
241.03,305,303
241.03,317,319
241.03,310,306
241.03,315,317
241.04,314,310
241.04,311,312
241.11,317,314
241.11,306,309
241.11,322,321
241.11,307,309
241.11,325,323
241.11,305,306
241.11,327,326
241.17,307,308
241.17,326,326
241.17,309,307
241.17,324,325
241.17,313,310
241.17,323,325
241.18,316,313
241.23,319,322
241.23,321,318
241.23,315,317
241.23,328,323
241.23,311,313
241.23,330,327
241.24,313,313
241.3,329,329
241.3,311,311
241.3,329,330
241.3,313,312
241.3,329,330
241.3,315,311
241.31,329,331
241.36,317,315
241.36,328,331
241.36,324,321
241.36,322,325
241.36,329,324
241.36,318,321
241.37,332,330
241.43,318,318
241.43,334,333
241.43,317,316
241.43,334,334
241.43,314,316
241.43,334,334
241.44,315,312
241.5,332,333
241.5,317,315
241.5,328,330
241.5,319,316
241.5,324,328
241.5,327,322
241.5,322,325
241.56,330,325
241.56,317,320
241.56,332,330
241.56,315,316
241.56,334,333
241.56,315,316
241.57,334,333
241.62,316,314
241.62,333,333
241.62,316,314
241.62,330,332
241.62,318,315
241.63,329,331
241.63,323,318
241.7,323,327
241.7,328,323
241.7,320,323
241.7,335,330
241.7,316,319
241.7,333,332
241.7,316,317
241.76,335,334
241.76,315,314
241.76,332,332
241.76,313,313
241.76,331,331
241.76,314,311
241.77,329,328
241.82,316,313
241.82,323,325
241.82,319,315
241.82,316,320
241.82,322,320
241.82,312,316
241.83,325,323
241.89,311,312
241.89,328,326
241.89,309,309
241.89,328,327
241.89,307,308
241.89,328,327
241.9,307,308
241.95,325,326
241.95,313,309
241.95,322,325
241.95,313,310
241.95,319,321
241.95,319,315
241.96,314,316
242.03,322,320
242.03,310,313
242.03,325,323
242.03,308,309
242.03,328,326
242.03,308,309
242.03,326,326
242.09,308,308
242.09,324,326
242.09,308,307
242.09,323,324
242.09,309,307
242.09,320,322
242.09,315,311
242.15,315,318
242.15,318,315
242.15,309,313
242.15,323,320
242.15,307,308
242.15,326,323
242.16,307,308
242.21,324,324
242.21,306,307
242.21,327,325
242.21,307,305
242.21,325,324
242.22,308,305
242.22,321,322
242.28,313,309
242.28,317,321
242.28,315,312
242.28,314,315
242.28,321,317
242.28,312,314
242.29,324,322
242.35,308,309
242.35,326,325
242.35,309,308
242.35,327,326
242.35,309,309
242.35,327,328
242.36,311,309
242.42,327,327
242.42,315,312
242.42,323,327
242.42,318,314
242.42,321,323
242.42,323,318
242.42,316,319
242.48,325,323
242.48,312,314
242.48,330,326
242.48,309,312
242.48,329,327
242.48,308,309
242.49,328,328
242.54,309,308
242.54,326,327
242.54,312,309
242.54,325,327
242.54,313,311
242.54,322,324
242.55,319,315
242.61,316,319
242.61,322,318
242.61,314,316
242.61,325,323
242.61,310,312
242.61,330,327
242.62,311,311
242.67,330,330
242.67,313,312
242.67,333,333
242.67,315,313
242.67,331,332
242.67,315,314
242.68,329,330
242.75,320,315
242.75,323,326
242.75,322,319
242.75,319,323
242.75,328,324
242.75,317,318
242.75,330,329
242.81,317,317
242.81,334,332
242.81,314,315
242.81,331,332
242.81,313,313
242.81,332,333
242.81,314,313
242.87,329,332
242.87,317,315
242.87,326,328
242.87,319,317
242.87,320,324
242.87,324,318
242.88,314,317
242.94,324,321
242.94,310,312
242.94,326,324
242.94,309,309
242.94,326,326
242.94,306,307
242.95,324,325
243.0,307,306
243.0,324,325
243.0,308,306
243.0,320,323
243.0,312,309
243.0,318,321
243.01,316,312
243.06,314,318
243.06,320,316
243.06,310,313
243.06,323,321
243.06,310,311
243.07,329,327
243.08,310,312
243.14,330,327
243.14,308,309
243.14,329,329
243.14,313,312
243.14,329,330
243.14,314,314
243.14,330,331
243.2,322,318
243.2,326,329
243.2,327,322
243.2,318,325
243.2,333,327
243.2,319,321
243.21,335,333
243.27,319,318
243.27,337,335
243.27,318,319
243.27,338,335
243.27,320,320
243.27,339,338
243.27,321,317
243.33,338,337
243.33,323,320
243.33,333,334
243.33,327,323
243.33,329,332
243.33,331,326
243.34,323,325
243.39,333,331
243.39,321,322
243.39,338,335
243.39,318,319
243.39,336,335
243.4,319,319
243.4,336,336
243.47,316,317
243.47,337,337
243.47,321,320
243.47,333,335
243.47,327,323
243.47,329,333
243.47,329,326
243.53,326,330
243.53,333,329
243.53,323,324
243.53,336,334
243.53,321,323
243.53,337,335
243.54,319,319
243.59,338,338
243.59,320,319
243.59,338,337
243.59,319,318
243.59,335,337
243.59,321,320
243.6,332,335
243.65,326,323
243.65,328,331
243.65,328,324
243.65,325,327
243.65,335,330
243.66,322,322
243.67,337,334
243.72,320,319
243.72,337,336
243.72,320,320
243.72,338,338
243.72,321,321
243.72,339,338
243.73,319,319
243.79,335,336
243.79,321,319
243.79,330,332
243.79,326,323
243.79,326,330
243.79,330,325
243.8,320,323
243.86,333,331
243.86,318,320
243.86,334,333
243.86,318,317
243.86,333,332
243.86,315,315
243.86,333,333
243.92,314,314
243.92,330,331
243.92,315,312
243.92,327,328
243.92,318,315
243.92,323,326
243.93,320,317
243.99,317,321
243.99,324,321
243.99,312,315
243.99,326,325
243.99,313,313
243.99,329,326
243.99,311,311
244.05,331,329
244.05,309,309
244.05,329,330
244.05,311,311
244.05,329,329
244.06,315,312
244.06,326,328
244.12,321,316
244.12,322,325
244.12,323,319
244.12,317,320
244.12,326,324
244.12,312,314
244.12,326,326
244.18,312,313
244.18,331,329
244.18,312,314
244.18,333,331
244.18,314,313
244.18,333,331
244.19,316,314
244.24,329,331
244.24,317,314
244.24,327,329
244.24,321,318
244.24,320,325
244.25,327,324
244.26,317,320
244.32,331,329
244.32,315,317
244.32,333,331
244.32,315,315
244.32,332,332
244.32,314,315
244.32,335,333
244.38,313,314
244.38,332,333
244.38,318,316
244.38,328,331
244.38,322,318
244.38,325,329
244.39,327,323
244.45,322,325
244.45,330,327
244.45,317,319
244.45,333,330
244.45,315,316
244.45,331,329
244.45,313,314
244.51,332,332
244.51,312,313
244.51,331,330
244.51,314,314
244.51,329,330
244.51,316,313
244.52,327,327
244.57,319,314
244.57,320,323
244.57,322,318
244.57,316,319
244.57,326,325
244.58,314,315
244.58,331,326
244.64,313,314
244.64,329,330
244.64,313,313
244.64,331,331
244.64,314,314
244.64,331,330
244.65,316,312
244.71,328,330
244.71,317,313
244.71,323,325
244.71,320,317
244.71,321,324
244.71,326,321
244.71,312,317
244.78,331,327
244.78,315,314
244.78,331,330
244.78,313,314
244.78,333,331
244.78,313,314
244.78,333,332
244.84,316,314
244.84,332,332
244.84,316,314
244.84,329,330
244.84,322,318
244.84,324,329
244.85,327,323
244.9,321,324
244.9,334,329
244.9,319,320
244.9,336,332
244.9,320,319
244.9,336,334
244.91,318,316
244.96,337,336
244.96,318,316
244.96,334,334
244.96,318,317
244.96,333,333
244.97,320,317
244.98,326,330
245.03,323,318
245.03,323,326
245.03,324,322
245.03,319,320
245.03,329,326
245.03,315,316
245.04,330,327
245.11,312,312
245.11,331,330
245.11,313,313
245.11,331,331
245.11,313,311
245.11,330,330
245.11,312,312
245.17,327,328
245.17,316,314
245.17,323,324
245.17,321,316
245.17,317,320
245.17,325,320
245.17,313,315
245.23,327,324
245.23,311,311
245.23,329,326
245.23,311,309
245.23,329,327
245.23,307,310
245.24,327,328
245.29,309,309
245.29,328,328
245.29,313,310
245.29,326,326
245.29,318,313
245.3,322,323
245.3,323,318
245.36,316,319
245.36,326,323
245.36,313,315
245.36,329,327
245.36,313,314
245.36,330,329
245.37,309,310
245.43,332,330
245.43,309,308
245.43,330,329
245.43,314,311
245.43,328,329
245.43,317,313
245.44,326,328
245.5,320,317
245.5,320,322
245.5,324,321
245.5,315,319
245.5,328,324
245.5,312,314
245.5,332,328
245.56,310,313
245.56,331,330
245.56,309,310
245.56,328,329
245.56,312,311
245.56,328,329
245.57,315,312
245.62,327,328
245.62,315,313
245.62,321,324
245.62,321,317
245.62,318,321
245.62,325,322
245.63,313,316
245.68,330,327
245.68,315,316
245.68,333,331
245.68,313,313
245.68,332,331
245.69,315,313
245.7,334,332
245.76,318,315
245.76,330,333
245.76,318,317
245.76,329,331
245.76,322,319
245.76,326,328
245.76,328,323
245.82,320,324
245.82,332,329
245.82,320,321
245.82,332,332
245.82,318,318
245.82,336,334
245.83,317,316
245.89,333,334
245.89,317,316
245.89,334,334
245.89,318,317
245.89,331,334
245.89,320,318
245.89,329,330
245.95,325,320
245.95,322,327
245.95,329,324
245.95,319,321
245.95,332,328
245.95,318,319
245.96,330,331
246.01,317,317
246.01,336,333
246.01,316,315
246.01,333,333
246.01,316,316
246.02,334,334
246.03,319,317
246.09,332,335
246.09,322,319
246.09,329,331
246.09,324,322
246.09,324,326
246.09,333,329
246.09,321,323
246.15,336,333
246.15,317,319
246.15,337,334
246.15,317,317
246.15,335,335
246.15,318,317
246.16,336,335
246.21,316,318
246.21,338,337
246.21,320,320
246.21,332,334
246.21,325,323
246.21,327,331
246.22,331,326
246.28,323,327
246.28,335,331
246.28,322,322
246.28,336,333
246.28,318,318
246.28,336,335
246.29,317,317
246.3,337,336
246.31,319,317
246.32,335,336
246.37,322,320
246.37,332,335
246.37,322,320
246.37,329,333
246.37,326,322
246.37,324,327
246.38,328,324
246.43,320,322
246.43,333,329
246.43,320,318
246.43,335,332
246.43,313,316
246.44,336,335
246.45,319,318
246.5,336,335
246.5,317,316
246.5,335,334
246.5,319,317
246.5,329,331
246.5,321,318
246.51,325,327
246.58,322,320
246.58,319,323
246.58,331,326
246.58,318,320
246.58,333,331
246.58,316,317
246.58,332,331
246.64,314,315
246.64,333,333
246.64,311,314
246.64,333,334
246.64,316,316
246.64,331,334
246.64,318,317
246.7,329,331
246.7,321,319
246.7,325,328
246.7,329,324
246.7,320,322
246.7,331,328
246.71,317,319
246.76,334,331
246.76,317,317
246.76,333,332
246.76,315,315
246.76,335,333
246.77,317,316
246.77,332,334
246.83,314,315
246.83,331,333
246.83,319,317
246.83,325,328
246.83,323,319
246.83,320,324
246.84,326,321
246.9,316,319
246.9,330,325
246.9,313,315
246.9,331,328
246.9,312,310
246.9,330,328
246.91,314,312
246.97,329,330
246.97,312,311
246.97,328,330
246.97,314,313
246.97,326,329
246.97,319,316
246.97,322,325
247.03,324,319
247.03,318,320
247.03,329,324
247.03,315,316
247.03,328,325
247.03,313,315
247.04,330,328
247.09,310,312
247.09,331,330
247.09,311,311
247.09,331,330
247.09,313,311
247.09,328,329
247.1,315,313
247.15,325,326
247.15,320,316
247.15,323,324
247.15,327,321
247.15,320,322
247.16,332,328
247.17,315,317
247.23,332,331
247.23,314,315
247.23,335,333
247.23,318,315
247.23,337,336
247.23,318,317
247.23,334,336
247.3,320,318
247.3,333,335
247.3,322,321
247.3,328,332
247.3,330,325
247.3,324,329
247.3,334,328
247.36,322,323
247.36,335,332
247.36,318,318
247.36,336,334
247.36,319,318
247.36,335,334
247.36,315,316
247.42,334,334
247.42,318,316
247.42,333,334
247.42,319,317
247.42,331,332
247.42,324,319
247.43,325,327
247.48,327,323
247.48,320,324
247.48,332,327
247.48,317,320
247.48,334,331
247.49,319,317
247.5,337,335
247.55,317,317
247.55,335,335
247.55,317,317
247.55,334,336
247.55,320,317
247.55,335,335
247.56,323,319
247.62,330,331
247.62,325,321
247.62,327,329
247.62,331,325
247.62,320,323
247.62,335,331
247.63,317,320
247.69,334,333
247.69,319,319
247.69,339,337
247.69,320,319
247.69,337,337
247.69,317,317
247.69,334,335
247.75,320,318
247.75,335,335
247.75,325,321
247.75,329,332
247.75,329,324
247.75,323,328
247.76,332,328
247.81,322,323
247.81,336,332
247.81,319,321
247.81,339,336
247.81,319,319
247.82,337,336
247.82,320,319
247.87,339,338
247.87,320,320
247.87,337,338
247.87,325,322
247.87,332,336
247.88,326,324
247.89,332,334
247.95,335,329
247.95,327,329
247.95,337,333
247.95,322,326
247.95,339,337
247.95,322,323
247.95,337,337
248.01,320,320
248.01,341,340
248.01,318,320
248.01,338,338
248.01,320,320
248.01,337,338
248.02,325,323
248.08,331,335
248.08,328,327
248.08,332,334
248.08,338,333
248.08,328,330
248.08,340,336
248.09,325,325
248.14,338,339
248.14,322,322
248.14,341,339
248.14,322,321
248.14,339,338
248.14,319,318
248.15,336,336
248.21,320,318
248.21,334,334
248.21,322,319
248.21,327,330
248.21,325,321
248.21,322,325
248.22,331,327
248.28,316,319
248.28,333,330
248.28,315,317
248.28,333,333
248.28,317,317
248.28,336,334
248.28,317,316
248.34,336,335
248.34,318,315
248.34,330,334
248.34,320,317
248.34,330,331
248.34,323,320
248.35,323,327
248.4,327,323
248.4,320,324
248.4,331,327
248.4,316,318
248.4,331,330
248.4,314,314
248.41,332,331
248.46,314,313
248.46,330,331
248.46,313,311
248.46,326,328
248.46,312,311
248.47,325,327
248.48,314,311
248.54,320,322
248.54,317,313
248.54,317,319
248.54,322,317
248.54,311,314
248.54,323,321
248.54,307,310
248.6,326,323
248.6,308,308
248.6,326,327
248.6,305,307
248.6,326,326
248.6,309,307
248.61,325,325
248.67,311,308
248.67,322,322
248.67,310,308
248.67,318,319
248.67,317,311
248.67,312,315
248.68,321,316
248.73,307,308
248.73,323,320
248.73,306,305
248.73,323,320
248.73,304,303
248.73,324,322
248.74,305,303
248.81,322,323
248.81,303,303
248.81,320,320
248.81,308,305
248.81,316,319
248.81,312,307
248.81,313,316
248.87,318,313
248.87,308,313
248.87,321,316
248.87,309,310
248.87,321,321
248.87,306,308
248.87,326,324
248.93,306,308
248.93,324,326
248.93,306,307
248.93,322,325
248.93,310,306
248.93,325,325
248.94,313,310
248.99,321,323
248.99,319,314
248.99,317,321
248.99,324,321
248.99,313,316
248.99,327,324
249.0,315,315
249.06,330,328
249.06,310,312
249.06,331,329
249.06,311,311
249.06,332,329
249.06,313,312
249.07,333,332
249.12,316,315
249.12,327,331
249.12,320,315
249.12,322,327
249.12,324,321
249.13,318,323
249.13,331,328
249.18,317,319
249.18,333,331
249.18,319,319
249.18,337,336
249.18,319,319
249.19,339,337
249.2,319,319
249.26,340,338
249.26,320,320
249.26,336,339
249.26,325,322
249.26,336,337
249.26,329,324
249.27,330,332
249.33,332,328
249.33,325,327
249.33,336,331
249.33,322,322
249.33,339,336
249.33,319,319
249.33,337,337
249.39,319,318
249.39,335,337
249.39,319,319
249.39,337,338
249.39,322,320
249.39,337,338
249.4,324,323
249.45,336,336
249.45,331,327
249.45,327,331
249.45,337,333
249.45,328,329
249.45,341,338
249.46,324,326
249.51,341,341
249.51,326,325
249.51,342,342
249.51,328,326
249.51,342,343
249.52,327,326
249.53,344,344
249.59,329,326
249.59,341,342
249.59,329,328
249.59,334,338
249.59,338,334
249.59,330,334
249.59,340,337
249.65,328,331
249.65,344,342
249.65,327,327
249.65,344,343
249.65,325,326
249.65,345,344
249.66,326,324
249.71,344,343
249.71,328,326
249.71,340,342
249.71,328,325
249.71,336,339
249.72,333,328
249.72,334,336
249.77,336,334
249.77,329,331
249.77,340,338
249.77,324,328
249.78,342,341
249.78,323,324
249.79,342,340
249.85,320,322
249.85,342,341
249.85,321,320
249.85,342,341
249.85,325,322
249.85,335,338
249.85,327,324
249.92,331,334
249.92,331,326
249.92,326,331
249.92,337,332
249.92,323,325
249.92,339,336
249.92,323,323
249.98,340,339
249.98,322,322
249.98,341,339
249.98,321,320
249.98,340,340
249.98,320,320
249.99,336,338
250.04,320,320
250.04,333,334
250.04,325,322
250.04,330,332
250.04,331,327
250.04,324,327
250.05,337,332
250.1,321,321
250.1,335,334
250.1,319,320
250.1,337,335
250.1,316,316
250.11,337,335
250.12,317,317
250.18,335,334
250.18,317,316
250.18,331,333
250.18,319,316
250.18,328,331
250.18,322,319
250.18,323,326
250.24,327,324
250.24,318,321
250.24,333,328
250.24,316,318
250.24,330,330
250.24,313,315
250.25,331,330
250.3,312,312
250.3,331,331
250.3,312,312
250.3,331,332
250.3,314,312
250.31,326,327
250.31,314,312
250.37,320,324
250.37,318,316
250.37,315,319
250.37,323,318
250.37,312,315
250.37,326,324
250.38,308,310
250.43,328,328
250.43,308,310
250.43,329,327
250.43,311,309
250.43,331,329
250.44,310,308
250.44,328,329
250.51,316,313
250.51,326,328
250.51,318,315
250.51,321,323
250.51,323,318
250.51,317,319
250.51,329,326
250.57,314,317
250.57,330,330
250.57,314,316
250.57,332,332
250.57,315,314
250.57,332,333
250.58,316,316
250.63,336,336
250.63,315,315
250.63,334,334
250.63,321,318
250.63,326,329
250.63,326,321
250.64,323,325
250.69,328,323
250.69,314,319
250.69,328,326
250.69,314,316
250.7,333,331
250.7,315,316
250.71,333,332
250.76,312,313
250.76,334,332
250.76,315,314
250.76,333,334
250.76,317,315
250.76,330,332
250.77,320,318
250.83,327,329
250.83,325,322
250.83,321,325
250.83,332,327
250.83,320,321
250.83,332,330
250.84,316,316
250.9,334,333
250.9,317,316
250.9,334,334
250.9,315,316
250.9,335,335
250.9,320,317
250.9,335,334
250.96,318,317
250.96,330,331
250.96,323,320
250.96,324,327
250.96,328,323
250.96,320,323
250.97,333,328
251.02,316,317
251.02,332,331
251.02,314,316
251.02,331,332
251.02,314,316
251.03,336,333
251.03,315,314
251.09,332,333
251.09,315,314
251.09,330,332
251.09,318,316
251.09,324,328
251.09,322,320
251.1,321,324
251.16,327,323
251.16,314,318
251.16,330,325
251.16,314,316
251.16,331,328
251.16,313,313
251.17,331,330
251.23,309,311
251.23,329,330
251.23,311,308
251.23,325,329
251.23,313,312
251.23,327,328
251.23,317,313
251.29,320,324
251.29,321,317
251.29,313,316
251.29,324,320
251.29,311,313
251.29,327,325
251.3,312,312
251.35,328,328
251.35,308,308
251.35,329,328
251.35,308,310
251.35,329,329
251.35,308,309
251.36,328,328
251.42,314,311
251.42,323,324
251.42,315,313
251.42,318,323
251.42,322,319
251.42,315,318
251.43,328,324
251.48,314,314
251.48,330,328
251.48,313,311
251.48,329,328
251.48,313,312
251.49,333,333
251.49,311,312
251.56,331,331
251.56,317,314
251.56,330,332
251.56,319,316
251.56,327,329
251.56,325,322
251.56,324,327
251.62,330,327
251.62,321,323
251.62,336,333
251.62,321,321
251.62,337,336
251.62,317,318
251.62,338,338
251.68,321,320
251.68,338,338
251.68,319,318
251.68,337,338
251.68,321,320
251.68,333,335
251.69,327,323
251.74,328,332
251.74,332,327
251.74,324,327
251.74,332,330
251.74,320,321
251.75,332,331
251.76,317,318
251.81,335,333
251.81,318,316
251.81,333,333
251.81,316,314
251.81,335,334
251.81,315,313
251.82,332,332
251.88,315,313
251.88,326,327
251.88,319,316
251.88,319,323
251.88,322,319
251.88,314,317
251.89,326,323
251.95,311,313
251.95,331,328
251.95,310,310
251.95,330,330
251.95,313,312
251.95,330,331
251.95,315,314
252.01,333,332
252.01,315,313
252.01,326,329
252.01,318,316
252.01,323,326
252.01,324,321
252.02,321,324
252.07,330,325
252.07,319,320
252.07,332,329
252.07,316,317
252.07,334,333
252.07,314,315
252.08,332,332
252.15,312,313
252.15,331,330
252.15,311,311
252.15,325,327
252.15,314,311
252.15,322,326
252.15,317,314
252.21,319,322
252.21,322,316
252.21,315,319
252.21,327,323
252.21,313,315
252.21,330,328
252.21,314,313
252.27,332,330
252.27,312,313
252.27,331,330
252.27,312,310
252.27,329,330
252.27,311,310
252.28,327,327
252.34,314,312
252.34,322,325
252.34,318,314
252.34,318,321
252.34,322,317
252.34,310,313
252.35,324,321
252.4,307,307
252.4,323,321
252.4,305,305
252.4,323,321
252.4,305,304
252.4,323,322
252.41,305,303
252.46,321,320
252.46,305,303
252.46,319,320
252.46,308,305
252.46,313,316
252.47,313,309
252.48,308,312
252.54,319,314
252.54,307,308
252.54,321,318
252.54,305,305
252.54,322,321
252.54,304,305
252.54,324,323
252.6,305,304
252.6,324,324
252.6,305,303
252.6,320,322
252.6,308,307
252.6,317,320
252.61,312,307
252.67,314,316
252.67,316,311
252.67,306,310
252.67,322,318
252.67,305,308
252.67,322,321
252.67,305,307
252.73,324,323
252.73,304,304
252.73,323,324
252.73,307,305
252.73,323,324
252.73,304,303
252.74,320,322
252.79,308,305
252.79,313,315
252.79,313,308
252.79,308,311
252.79,315,312
252.8,307,309
252.8,320,318
252.87,305,307
252.87,322,321
252.87,305,305
252.87,325,325
252.87,304,304
252.87,324,325
252.87,307,306
252.93,323,324
252.93,309,308
252.93,320,323
252.93,314,311
252.93,318,320
252.93,320,313
252.94,312,315
252.99,322,318
252.99,308,311
252.99,324,323
252.99,310,309
252.99,327,325
252.99,310,308
253.0,329,328
253.06,311,309
253.06,326,327
253.06,310,310
253.06,328,328
253.06,314,312
253.06,326,327
253.07,318,316
253.12,322,325
253.12,326,322
253.12,318,320
253.12,332,328
253.12,317,319
253.12,332,330
253.13,318,316
253.2,335,332
253.2,314,315
253.2,334,334
253.2,318,318
253.2,334,335
253.2,318,317
253.2,330,334
253.26,322,319
253.26,329,331
253.26,325,322
253.26,324,327
253.26,331,326
253.26,319,320
253.26,334,330
253.32,318,318
253.32,335,335
253.32,318,318
253.32,335,335
253.32,319,318
253.32,339,338
253.33,322,320
253.38,338,337
253.38,323,321
253.38,333,336
253.38,327,323
253.38,330,333
253.39,331,327
253.39,324,328
253.45,333,330
253.45,321,323
253.45,336,335
253.45,318,320
253.45,337,337
253.45,320,319
253.46,339,338
253.52,318,319
253.52,337,337
253.52,318,317
253.52,333,334
253.52,320,318
253.52,327,330
253.52,323,319
253.59,322,326
253.59,326,322
253.59,317,320
253.59,329,325
253.59,315,316
253.59,331,329
253.59,312,312
253.65,331,329
253.65,310,310
253.65,330,330
253.65,311,311
253.65,329,330
253.65,317,312
253.66,328,331
253.71,318,317
253.71,326,329
253.71,324,319
253.71,321,323
253.71,328,323
253.71,315,319
253.72,330,328
253.78,312,313
253.78,329,328
253.78,309,311
253.78,328,329
253.78,311,309
253.78,329,327
253.79,310,308
253.8,325,326
253.81,311,309
253.82,321,322
253.87,311,309
253.87,318,320
253.87,319,314
253.87,309,314
253.87,322,319
253.87,308,309
253.88,324,322
253.94,306,307
253.94,324,323
253.94,305,305
253.94,324,323
253.94,306,306
253.94,324,324
253.95,307,306
254.0,320,322
254.0,309,307
254.0,319,321
254.0,313,310
254.0,313,315
254.0,316,312
254.01,306,309
254.08,320,317
254.08,307,306
254.08,322,322
254.08,303,304
254.08,323,322
254.08,303,304
254.08,322,323
254.14,304,303
254.14,321,320
254.14,305,302
254.14,314,317
254.14,308,304
254.14,310,313
254.14,312,306
254.2,307,309
254.2,311,308
254.2,302,304
254.2,316,313
254.2,300,300
254.2,318,317
254.21,299,301
254.26,319,318
254.26,300,300
254.26,318,318
254.26,301,300
254.26,319,320
254.27,303,302
254.27,315,317
254.34,309,306
254.34,313,316
254.34,318,313
254.34,310,313
254.34,323,318
254.34,308,309
254.34,322,322
254.4,307,309
254.4,328,326
254.4,308,309
254.4,330,329
254.4,311,310
254.4,331,330
254.41,314,312
254.46,329,329
254.46,316,314
254.46,324,329
254.46,323,317
254.46,320,323
254.46,328,322
254.47,314,317
254.53,326,324
254.53,310,311
254.53,327,325
254.53,308,308
254.53,327,325
254.53,307,308
254.54,324,325
254.59,309,306
254.59,324,326
254.59,311,308
254.59,320,324
254.59,315,312
254.59,319,321
254.6,319,315
254.67,315,317
254.67,324,319
254.67,310,312
254.67,323,320
254.67,306,306
254.67,323,322
254.67,304,305
254.73,324,322
254.73,303,303
254.73,321,321
254.73,306,302
254.73,320,321
254.73,308,306
254.73,318,320
254.79,315,310
254.79,313,316
254.79,317,315
254.79,311,313
254.79,324,320
254.79,308,310
254.8,325,324
254.85,309,310
254.85,329,327
254.85,307,308
254.85,328,328
254.85,309,308
254.86,327,328
254.86,314,312
254.92,329,330
254.92,319,316
254.92,325,329
254.92,326,321
254.92,321,324
254.92,330,326
254.93,318,320
254.99,332,330
254.99,319,319
254.99,335,332
254.99,317,316
254.99,335,334
254.99,315,315
255.0,334,335
255.06,316,315
255.06,334,334
255.06,322,318
255.06,330,332
255.06,325,321
255.06,329,331
255.06,331,326
255.12,325,327
255.12,335,331
255.12,324,327
255.12,339,337
255.12,323,322
255.12,339,338
255.13,321,322
255.18,341,339
255.18,321,320
255.18,340,340
255.18,320,320
255.18,335,338
255.18,325,323
255.19,335,336
255.24,327,325
255.24,328,332
255.24,333,329
255.24,324,328
255.24,340,336
255.25,324,325
255.26,341,338
255.31,322,322
255.31,339,339
255.31,321,322
255.31,341,340
255.31,320,319
255.31,336,338
255.32,323,322
255.39,335,336
255.39,324,322
255.39,332,334
255.39,330,325
255.39,325,328
255.39,333,330
255.39,321,324
255.45,336,332
255.45,319,320
255.45,336,335
255.45,316,317
255.45,334,335
255.45,318,318
255.45,335,335
255.51,316,316
255.51,335,336
255.51,318,317
255.51,332,332
255.51,323,320
255.51,324,328
255.52,326,322
255.57,318,321
255.57,331,326
255.57,317,317
255.57,333,331
255.57,315,315
255.58,332,332
255.59,312,313
255.64,333,333
255.64,313,313
255.64,332,334
255.64,316,315
255.64,331,333
255.64,320,318
255.65,328,330
255.71,325,321
255.71,324,327
255.71,329,325
255.71,318,322
255.71,333,329
255.71,319,319
255.72,336,333
255.77,318,317
255.77,336,335
255.77,316,316
255.78,335,335
255.78,317,316
255.78,334,335
255.78,319,317
255.84,330,333
255.84,322,318
255.84,326,330
255.84,324,322
255.84,323,326
255.84,329,326
255.85,320,321
255.9,335,332
255.9,319,319
255.9,336,334
255.9,318,318
255.9,339,338
255.9,319,318
255.91,337,336
255.96,317,317
255.96,337,336
255.96,322,318
255.96,333,335
255.96,324,321
255.97,328,331
255.98,332,327
256.04,321,324
256.04,333,330
256.04,319,321
256.04,335,335
256.04,321,321
256.04,339,337
256.04,320,320
256.1,339,338
256.1,320,320
256.1,339,338
256.1,320,319
256.1,335,337
256.1,325,322
256.11,333,336
256.17,329,325
256.17,329,332
256.17,335,330
256.17,324,328
256.17,338,335
256.17,320,322
256.17,341,339
256.23,323,323
256.23,341,339
256.23,323,321
256.23,341,340
256.23,321,320
256.23,337,339
256.24,321,320
256.29,338,337
256.29,325,323
256.29,331,333
256.29,329,326
256.29,325,328
256.3,336,331
256.31,323,325
256.37,336,335
256.37,320,320
256.37,336,335
256.37,318,318
256.37,337,337
256.37,320,319
256.37,339,338
256.43,318,318
256.43,336,339
256.43,322,322
256.43,334,337
256.43,328,324
256.43,331,335
256.44,335,330
256.49,325,328
256.49,335,333
256.49,321,322
256.49,337,336
256.49,320,321
256.49,340,339
256.5,320,320
256.56,340,339
256.56,319,318
256.56,338,338
256.56,321,320
256.56,335,336
256.56,322,320
256.57,331,334
256.62,326,323
256.62,324,328
256.62,332,328
256.62,319,322
256.62,334,331
256.63,319,318
256.63,334,332
256.7,314,315
256.7,334,332
256.7,311,312
256.7,332,331
256.7,313,312
256.7,328,330
256.7,314,313
256.76,324,327
256.76,318,314
256.76,319,323
256.76,320,316
256.76,313,317
256.76,324,320
256.76,311,312
256.82,326,324
256.82,311,310
256.82,327,326
256.82,309,308
256.82,325,325
256.82,309,308
256.83,326,325
256.88,310,307
256.88,325,324
256.88,310,309
256.88,323,323
256.88,316,313
256.89,316,322
256.9,327,322
256.95,317,321
256.95,331,328
256.95,319,318
256.95,335,332
256.95,317,317
256.95,337,335
256.96,316,318
257.03,336,336
257.03,317,317
257.03,332,333
257.03,318,317
257.03,333,333
257.03,322,320
257.03,328,331
257.09,328,324
257.09,327,329
257.09,334,331
257.09,323,325
257.09,337,333
257.09,321,322
257.09,339,337
257.15,319,319
257.15,337,337
257.15,321,319
257.15,338,337
257.15,321,318
257.15,334,336
257.16,321,318
257.21,330,333
257.21,325,320
257.21,325,328
257.21,327,322
257.21,319,323
257.22,330,327
257.22,317,319
257.28,333,331
257.28,316,316
257.28,331,331
257.28,314,315
257.28,333,331
257.28,312,313
257.29,332,333
257.35,316,314
257.35,328,330
257.35,319,316
257.35,328,330
257.35,322,318
257.35,323,326
257.35,326,323
257.41,319,321
257.41,331,327
257.41,314,315
257.41,331,330
257.41,315,314
257.41,333,331
257.42,312,311
257.48,330,332
257.48,312,312
257.48,331,332
257.48,316,313
257.48,329,329
257.48,319,315
257.49,323,326
257.54,321,317
257.54,316,319
257.54,327,323
257.54,315,316
257.54,331,327
257.54,312,313
257.55,331,330
257.6,314,312
257.6,330,330
257.6,314,314
257.6,330,331
257.6,315,313
257.61,330,330
257.62,317,314
257.68,325,327
257.68,319,315
257.68,319,323
257.68,323,318
257.68,317,319
257.68,327,323
257.68,313,314
257.74,331,328
257.74,313,312
257.75,330,329
257.75,311,310
257.75,327,328
257.75,311,312
257.75,328,329
257.81,311,311
257.81,327,328
257.81,317,314
257.81,322,325
257.81,320,316
257.81,318,321
257.81,326,322
257.87,315,318
257.87,328,327
257.87,315,315
257.87,331,329
257.87,315,314
257.87,332,332
257.88,315,314
257.93,331,331
257.93,315,314
257.93,332,332
257.93,319,316
257.93,329,332
257.94,321,319
257.94,325,326
258.01,325,322
258.01,319,323
258.01,328,325
258.01,314,317
258.01,331,329
258.01,313,314
258.01,331,330
258.07,312,312
258.07,331,329
258.07,314,312
258.07,331,330
258.07,316,313
258.07,328,328
258.08,314,313
258.13,324,326
258.13,320,316
258.13,319,322
258.13,322,318
258.13,314,317
258.13,326,324
258.14,314,314
258.19,330,328
258.19,313,312
258.19,330,328
258.19,311,312
258.19,331,329
258.2,310,310
258.21,328,329
258.27,310,310
258.27,323,325
258.27,317,312
258.27,322,323
258.27,318,315
258.27,315,317
258.27,322,318
258.33,311,313
258.33,327,323
258.33,310,310
258.33,325,325
258.33,309,309
258.33,327,325
258.34,307,307
258.4,324,325
258.4,309,306
258.4,323,323
258.4,310,307
258.4,321,324
258.4,315,311
258.4,319,321
258.46,320,316
258.46,316,317
258.46,325,322
258.46,313,314
258.46,328,326
258.46,313,312
258.47,330,327
258.52,310,311
258.52,329,328
258.52,308,308
258.52,327,327
258.52,310,310
258.53,325,326
258.53,314,311
258.6,321,322
258.6,316,314
258.6,316,319
258.6,323,318
258.6,311,315
258.6,326,322
258.6,310,311
258.66,326,324
258.66,309,310
258.66,327,326
258.66,309,309
258.66,327,326
258.66,309,308
258.67,325,324
258.72,310,308
258.72,320,323
258.72,314,310
258.72,319,321
258.72,316,312
258.72,315,318
258.73,324,321
258.79,312,314
258.79,326,325
258.79,313,312
258.79,328,327
258.79,312,313
258.79,331,329
258.8,314,313
258.85,331,331
258.85,313,312
258.85,330,330
258.85,317,314
258.85,326,328
258.85,321,318
258.86,320,324
258.92,326,322
258.92,318,322
258.92,330,326
258.92,317,319
258.92,334,331
258.93,318,317
258.93,335,334
258.99,319,318
258.99,335,334
258.99,314,315
258.99,332,333
258.99,319,317
258.99,331,332
258.99,320,318
259.05,327,328
259.05,322,319
259.05,321,324
259.05,327,323
259.05,316,320
259.05,330,327
259.06,318,317
259.11,331,330
259.11,315,314
259.11,334,332
259.11,315,315
259.11,331,331
259.12,314,313
259.12,331,331
259.17,316,316
259.17,327,330
259.17,317,315
259.17,325,326
259.17,323,319
259.18,320,321
259.19,325,321
259.25,312,315
259.25,329,326
259.25,310,310
259.25,328,327
259.25,311,310
259.25,329,327
259.25,309,309
259.31,328,327
259.31,308,308
259.31,325,327
259.31,313,309
259.31,322,324
259.32,316,313
259.32,316,320
259.38,319,315
259.38,312,316
259.38,326,322
259.38,312,313
259.38,326,325
259.38,310,310
259.39,328,326
259.44,308,309
259.44,328,327
259.44,309,309
259.44,328,328
259.44,311,310
259.44,324,327
259.45,315,311
259.5,322,323
259.5,319,313
259.5,318,319
259.5,323,317
259.5,313,315
259.51,327,324
259.52,311,312
259.58,326,325
259.58,309,310
259.58,330,327
259.58,308,310
259.58,328,328
259.58,310,310
259.58,328,328
259.64,313,310
259.64,324,327
259.64,314,313
259.64,319,322
259.64,319,315
259.64,314,318
259.65,325,321
259.7,312,314
259.71,324,323
259.71,311,312
259.71,329,326
259.71,309,309
259.71,329,328
259.71,309,308
259.77,326,325
259.77,309,308
259.77,325,325
259.77,313,310
259.77,323,324
259.77,317,313
259.78,318,321
259.83,319,315
259.83,313,317
259.83,323,321
259.83,311,311
259.83,324,324
259.84,309,308
259.84,326,327
259.91,308,308
259.91,326,324
259.91,308,309
259.91,324,325
259.91,309,308
259.91,324,325
259.91,312,309
259.97,318,321
259.97,317,313
259.97,312,317
259.97,319,316
259.97,311,312
259.97,323,319
259.98,308,309
260.03,324,323
260.03,306,306
260.03,326,324
260.03,306,306
260.03,325,325
260.03,306,306
260.04,323,325
260.1,308,307
260.1,320,322
260.1,315,310
260.1,318,319
260.1,318,314
260.1,312,315
260.11,321,317
260.16,308,311
260.16,325,323
260.16,307,308
260.16,325,322
260.16,309,307
260.16,324,324
260.17,307,306
260.24,323,324
260.24,306,306
260.24,322,324
260.24,309,307
260.24,319,321
260.24,313,310
260.24,315,318
260.3,320,315
260.3,307,311
260.3,323,319
260.3,308,309
260.3,324,321
260.3,307,307
260.3,325,323
260.36,305,306
260.36,324,324
260.36,306,308
260.36,325,325
260.36,309,308
260.36,323,325
260.37,312,310
260.42,319,322
260.42,318,314
260.42,317,320
260.42,323,319
260.42,313,313
260.43,325,321
260.43,309,310
260.48,325,324
260.48,308,309
260.48,327,324
260.49,307,307
260.49,326,325
260.49,307,306
260.5,324,323
260.56,307,306
260.56,319,320
260.56,310,307
260.56,314,317
260.56,314,311
260.56,310,314
260.57,322,316
260.63,308,309
260.63,323,321
260.63,307,308
260.63,325,324
260.63,304,306
260.63,324,323
260.63,305,304
260.69,325,324
260.69,306,306
260.69,325,325
260.69,311,308
260.69,318,321
260.69,313,310
260.7,315,318
260.75,319,315
260.75,311,313
260.75,322,319
260.75,306,308
260.75,324,323
260.75,306,307
260.76,324,324
260.81,305,306
260.81,323,323
260.81,305,306
260.81,325,324
260.81,307,306
260.82,323,325
260.83,311,308
260.89,318,321
260.89,319,314
260.89,314,318
260.89,323,318
260.89,312,314
260.89,327,324
260.89,311,310
260.95,325,325
260.95,311,310
260.95,327,328
260.96,311,310
260.96,327,328
260.96,310,310
260.96,329,329
261.02,314,311
261.02,325,326
261.02,316,313
261.02,321,324
261.02,322,319
261.02,316,320
261.02,326,323
261.08,315,317
261.08,328,328
261.08,314,314
261.08,331,329
261.08,313,312
261.08,331,328
261.09,311,312
261.14,329,330
261.14,311,312
261.14,328,327
261.14,316,314
261.14,325,327
261.15,318,316
261.16,319,323
261.21,324,321
261.21,314,318
261.21,327,324
261.21,311,315
261.21,330,328
261.21,314,315
261.22,333,330
261.28,313,313
261.28,331,330
261.28,313,313
261.28,330,331
261.28,315,314
261.28,329,329
261.29,318,316
261.3,323,327
261.31,323,320
261.32,318,323
261.38,326,324
261.38,318,319
261.38,330,327
261.38,314,316
261.38,330,329
261.38,313,312
261.38,331,329
261.44,312,311
261.44,330,328
261.44,311,310
261.44,328,328
261.44,312,309
261.44,321,323
261.45,315,311
261.5,316,319
261.5,319,315
261.5,311,315
261.5,323,319
261.5,309,309
261.5,320,320
261.51,305,305
261.56,322,322
261.56,306,305
261.56,323,322
261.56,304,303
261.56,322,323
261.57,303,303
261.58,318,320
261.63,305,303
261.63,315,317
261.63,311,307
261.63,309,313
261.63,314,310
261.63,307,309
261.64,319,316
261.71,302,304
261.71,320,317
261.71,301,302
261.71,320,318
261.71,302,302
261.71,320,320
261.71,302,300
261.77,316,319
261.77,302,300
261.77,315,316
261.77,306,303
261.77,312,314
261.77,309,305
261.77,306,309
261.83,317,312
261.83,304,307
261.83,317,315
261.83,301,303
261.83,320,318
261.83,300,302
261.84,321,320
261.89,300,301
261.89,320,321
261.89,306,304
261.89,322,322
261.89,305,304
261.9,317,320
261.9,308,307
261.96,314,316
261.96,319,312
261.96,308,311
261.96,322,319
261.96,306,309
261.96,321,319
261.97,304,306
262.03,325,323
262.03,305,306
262.03,323,322
262.03,305,305
262.03,326,324
262.03,306,306
262.04,323,323
262.1,311,309
262.1,322,323
262.1,319,315
262.1,319,322
262.1,322,320
262.1,314,318
262.1,327,325
262.16,313,314
262.16,329,327
262.16,310,311
262.16,329,329
262.16,312,312
262.16,332,332
262.17,313,313
262.22,330,331
262.22,313,311
262.22,324,327
262.22,317,313
262.22,321,324
262.22,322,317
262.23,318,320
262.28,326,321
262.28,311,315
262.28,329,325
262.28,311,313
262.28,331,328
262.29,309,311
262.3,327,328
262.36,310,310
262.36,328,328
262.36,312,309
262.36,328,328
262.36,311,310
262.36,323,325
262.36,314,313
262.42,318,322
262.42,320,317
262.42,311,316
262.42,325,320
262.42,310,312
262.42,327,324
262.43,308,309
262.49,327,324
262.49,307,308
262.49,325,324
262.49,308,309
262.49,327,326
262.49,307,306
262.49,320,322
262.55,308,304
262.55,313,315
262.55,311,305
262.55,310,312
262.55,313,310
262.55,305,307
262.56,318,313
262.61,302,304
262.61,321,318
262.61,300,302
262.61,322,321
262.61,305,304
262.62,323,321
262.63,305,303
262.69,323,323
262.69,306,305
262.69,319,321
262.69,312,309
262.69,317,319
262.69,317,312
262.69,314,315
262.75,321,318
262.75,309,312
262.75,323,322
262.75,310,310
262.75,326,325
262.75,307,308
262.76,328,328
262.81,311,309
262.81,326,327
262.82,311,309
262.82,327,328
262.82,315,312
262.82,324,325
262.82,319,314
262.88,320,321
262.88,323,319
262.88,315,319
262.88,325,324
262.88,312,315
262.88,327,328
262.89,312,313
262.94,333,330
262.94,312,312
262.94,328,329
262.94,310,311
262.94,328,329
262.95,314,312
262.95,328,330
263.02,317,314
263.02,323,327
263.02,321,317
263.02,319,322
263.02,326,322
263.02,316,320
263.02,330,327
263.08,318,317
263.08,331,330
263.08,314,314
263.08,333,331
263.08,312,312
263.08,331,330
263.08,313,313
263.14,331,331
263.14,315,313
263.14,328,329
263.14,317,316
263.14,322,325
263.14,325,319
263.15,316,320
263.2,327,324
263.2,315,317
263.2,329,328
263.2,314,312
263.2,331,329
263.21,313,314
263.22,331,329
263.28,312,311
263.28,328,329
263.28,311,311
263.28,329,329
263.28,316,314
263.28,323,326
263.28,320,317
263.35,319,322
263.35,325,319
263.35,314,317
263.35,327,322
263.35,313,314
263.35,328,326
263.35,312,314
263.41,332,331
263.41,313,313
263.41,332,332
263.41,314,314
263.41,332,334
263.41,317,316
263.41,331,331
263.47,322,318
263.47,328,330
263.47,328,323
263.47,323,327
263.47,328,325
263.47,319,321
263.48,331,330
263.53,317,318
263.53,332,332
263.53,317,317
263.53,333,334
263.53,318,317
263.54,334,335
263.54,319,317
263.59,335,335
263.59,320,318
263.6,332,334
263.6,324,321
263.6,328,330
263.6,329,324
263.61,323,325
263.67,333,330
263.67,317,321
263.67,334,332
263.67,316,317
263.67,335,335
263.67,316,317
263.67,335,334
263.74,316,316
263.74,336,334
263.74,318,317
263.74,333,332
263.74,318,317
263.74,328,332
263.74,326,320
263.8,322,327
263.8,328,324
263.8,318,322
263.8,330,328
263.8,318,319
263.8,333,332
263.81,317,317
263.86,335,333
263.86,315,314
263.86,335,333
263.86,317,316
263.86,332,333
263.86,316,315
263.87,330,332
263.92,322,318
263.92,327,328
263.92,324,322
263.92,323,325
263.92,328,325
263.93,319,322
263.94,335,330
264.0,316,318
264.0,334,333
264.0,319,318
264.0,335,333
264.0,314,314
264.0,336,335
264.0,315,315
264.07,331,332
264.07,320,316
264.07,329,332
264.07,323,319
264.07,325,327
264.07,326,322
264.07,321,323
264.13,332,327
264.13,316,318
264.13,335,331
264.13,314,316
264.13,335,332
264.13,317,316
264.13,333,332
264.19,318,317
264.19,332,332
264.19,316,315
264.19,330,332
264.19,320,317
264.19,327,328
264.2,320,317
264.25,320,324
264.25,327,322
264.25,318,320
264.25,329,326
264.25,315,315
264.26,329,327
264.26,312,314
264.32,331,329
264.32,312,312
264.32,328,329
264.32,315,313
264.32,328,331
264.32,317,313
264.33,326,327
264.38,318,314
264.38,321,323
264.38,320,317
264.38,318,321
264.38,325,321
264.39,314,317
264.4,327,325
264.46,315,314
264.46,330,328
264.46,314,313
264.46,333,331
264.46,314,313
264.46,330,331
264.46,315,314
264.52,331,330
264.52,316,315
264.52,328,329
264.52,322,317
264.52,325,327
264.52,326,322
264.53,318,321
264.58,328,326
264.58,314,316
264.58,330,327
264.58,315,314
264.58,331,329
264.58,314,313
264.59,331,329
264.65,311,310
264.65,328,328
264.65,312,310
264.65,324,327
264.65,314,312
264.65,323,325
264.66,317,315
264.71,315,318
264.71,323,319
264.71,314,315
264.71,325,322
264.71,308,310
264.71,324,324
264.72,306,307
264.79,325,323
264.79,307,306
264.79,325,325
264.79,307,306
264.79,326,325
264.79,309,306
264.79,321,323
264.85,313,310
264.85,317,320
264.85,319,314
264.85,315,317
264.85,323,320
264.85,312,312
264.85,324,323
264.91,311,311
264.91,328,326
264.91,310,311
264.91,326,326
264.91,311,309
264.91,327,327
264.92,310,309
264.97,325,327
264.97,315,311
264.97,325,326
264.97,319,314
264.97,321,322
264.98,323,320
264.99,317,318
265.05,327,324
265.05,312,314
265.05,328,326
265.05,313,313
265.05,327,327
265.05,312,312
265.05,328,330
265.11,311,312
265.11,328,329
265.11,312,310
265.11,329,329
265.11,315,313
265.11,324,327
265.12,320,316
265.17,318,322
265.17,326,321
265.17,315,319
265.17,327,326
265.17,314,316
265.17,331,329
265.18,312,312
265.23,331,329
265.23,314,313
265.23,331,331
265.23,313,311
265.23,330,330
265.24,313,313
265.25,327,328
265.3,319,316
265.3,321,325
265.3,322,319
265.3,320,322
265.3,327,324
265.3,315,318
265.31,328,326
265.38,313,314
265.38,329,327
265.38,310,310
265.38,327,327
265.38,306,308
265.38,326,326
265.38,307,307
265.44,324,325
265.44,311,309
265.44,320,322
265.44,315,312
265.44,317,319
265.44,319,313
265.44,309,313
265.5,320,318
265.5,310,310
265.5,325,323
265.5,309,309
265.5,326,326
265.5,311,311
265.51,329,328
265.56,309,309
265.56,328,328
265.56,311,309
265.56,328,328
265.56,314,313
265.57,323,326
265.57,321,318
265.63,319,322
265.63,326,323
265.63,317,319
265.63,327,324
265.63,311,314
265.63,331,328
265.64,312,313
265.7,334,331
265.7,313,312
265.7,330,329
265.7,312,312
265.7,329,330
265.7,312,310
265.71,324,328
265.76,317,314
265.77,324,325
265.77,322,319
265.77,319,321
265.77,329,325
265.77,314,317
265.77,331,328
265.83,315,316
265.83,331,330
265.83,312,314
265.83,331,331
265.83,313,314
265.83,330,331
265.84,315,315
265.89,329,330
265.89,316,315
265.89,325,329
265.89,321,316
265.89,323,325
265.89,326,321
265.9,317,319
265.97,327,323
265.97,313,314
265.97,328,326
265.97,312,312
265.97,328,328
265.97,312,312
265.97,331,330
266.03,312,310
266.03,327,327
266.03,313,311
266.03,326,326
266.03,315,312
266.03,322,323
266.03,318,314
266.09,317,318
266.09,318,316
266.09,310,313
266.09,323,321
266.09,310,311
266.09,323,323
266.1,306,307
266.15,324,324
266.15,306,304
266.15,322,322
266.15,305,305
266.15,321,321
266.16,307,305
266.16,319,320
266.22,309,306
266.22,313,315
266.22,315,309
266.22,307,310
266.22,316,313
266.22,306,306
266.23,319,316
266.29,302,304
266.29,321,318
266.29,301,301
266.29,320,320
266.29,301,301
266.29,318,319
266.3,300,300
266.36,317,317
266.36,306,302
266.36,313,315
266.36,311,306
266.36,311,313
266.36,317,311
266.36,305,309
266.42,318,315
266.42,301,304
266.42,318,318
266.42,304,303
266.42,323,320
266.42,303,303
266.43,321,321
266.48,304,302
266.48,321,320
266.48,305,303
266.48,318,319
266.48,308,305
266.48,314,318
266.49,313,308
266.54,311,313
266.54,319,315
266.54,307,308
266.54,320,318
266.54,306,307
266.55,323,320
266.56,306,304
266.61,323,322
266.61,304,303
266.61,323,323
266.61,307,304
266.61,321,323
266.62,307,305
266.62,318,321
266.68,313,308
266.68,311,316
266.68,316,312
266.68,309,313
266.68,323,318
266.68,309,311
266.69,325,322
266.75,309,309
266.75,325,324
266.75,307,308
266.75,326,325
266.75,307,308
266.75,328,326
266.75,309,308
266.81,323,325
266.81,311,309
266.81,321,323
266.81,316,313
266.81,314,318
266.81,320,316
266.82,310,314
266.87,323,321
266.87,310,312
266.87,326,325
266.87,308,310
266.87,328,327
266.88,311,310
266.89,327,326
266.95,311,309
266.95,325,326
266.95,311,310
266.95,325,327
266.95,314,311
266.95,319,322
266.95,317,315
267.01,316,319
267.01,324,321
267.01,313,315
267.01,327,323
267.01,312,313
267.01,329,327
267.02,311,311
267.07,329,328
267.07,311,310
267.07,328,327
267.07,311,309
267.07,325,326
267.07,312,311
267.08,325,326
267.14,319,314
267.14,317,322
267.14,322,318
267.14,315,319
267.14,324,321
267.14,313,314
267.15,327,325
267.2,312,312
267.2,328,326
267.2,311,309
267.2,330,328
267.2,308,310
267.2,328,328
267.21,311,310
267.28,327,327
267.28,315,311
267.28,323,323
267.28,319,314
267.28,317,320
267.28,323,321
267.28,315,316
267.34,326,323
267.34,313,312
267.34,328,327
267.34,314,312
267.34,331,329
267.34,310,311
267.34,329,330
267.4,312,312
267.4,328,330
267.4,312,312
267.4,328,329
267.4,316,315
267.4,325,326
267.41,322,318
267.46,318,321
267.46,327,323
267.46,314,318
267.46,328,326
267.46,314,313
267.47,330,329
267.48,310,312
267.53,331,329
267.53,312,312
267.53,332,331
267.53,314,313
267.53,328,329
267.53,315,313
267.54,324,326
267.6,321,316
267.6,320,324
267.6,326,321
267.6,316,320
267.6,327,325
267.6,316,317
267.61,330,328
267.67,312,315
267.67,331,330
267.67,312,312
267.67,332,330
267.67,313,313
267.67,332,331
267.67,314,313
267.73,328,330
267.73,316,313
267.73,325,327
267.73,323,318
267.73,321,324
267.73,326,322
267.74,316,318
267.79,330,326
267.79,313,315
267.79,331,329
267.79,314,315
267.79,335,332
267.79,314,314
267.8,333,333
267.85,315,314
267.85,332,332
267.85,317,316
267.85,332,333
267.85,323,318
267.86,326,329
267.87,327,321
267.93,321,323
267.93,329,325
267.93,316,319
267.93,333,330
267.93,314,316
267.93,333,333
267.93,314,316
267.99,333,331
267.99,316,315
267.99,333,332
267.99,317,314
267.99,331,330
267.99,318,315
268.0,328,330
268.06,322,319
268.06,324,329
268.06,329,325
268.06,320,324
268.06,334,330
268.06,320,320
268.06,334,332
268.12,319,317
268.12,336,334
268.12,316,317
268.12,336,334
268.12,318,317
268.12,335,333
268.13,317,315
268.18,331,332
268.18,319,315
268.18,325,327
268.18,323,319
268.18,320,323
268.19,326,322
268.2,314,318
268.26,330,326
268.26,312,313
268.26,330,327
268.26,313,313
268.26,331,329
268.26,312,311
268.26,330,329
268.32,315,313
268.32,328,330
268.32,313,313
268.32,328,330
268.32,319,315
268.32,323,326
268.33,326,320
268.39,321,322
268.39,330,324
268.39,317,319
268.39,330,328
268.39,315,314
268.39,331,329
268.39,313,313
268.45,331,330
268.45,312,312
268.45,331,329
268.45,315,314
268.45,327,330
268.45,319,315
268.46,330,330
268.51,322,318
268.51,323,326
268.51,327,323
268.51,320,323
268.51,330,326
268.52,316,317
268.52,331,329
268.59,313,314
268.59,330,330
268.59,311,311
268.59,331,330
268.59,313,312
268.59,328,329
268.59,314,311
268.65,328,328
268.65,317,314
268.65,324,326
268.65,321,317
268.65,317,321
268.65,326,321
268.65,315,318
268.71,328,326
268.71,313,314
268.71,328,325
268.71,311,310
268.71,329,328
268.71,309,310
268.72,328,327
268.77,308,308
268.78,327,326
268.78,310,308
268.78,320,323
268.78,314,310
268.78,317,320
268.79,317,312
268.8,314,316
268.81,322,318
268.81,310,311
268.87,323,320
268.87,307,308
268.87,325,323
268.87,307,306
268.87,327,325
268.87,305,305
268.88,324,324
268.93,306,305
268.93,321,322
268.93,309,306
268.93,317,320
268.93,313,308
268.94,313,316
268.95,317,312
269.01,308,310
269.01,320,317
269.01,305,308
269.01,323,321
269.01,304,305
269.01,323,321
269.01,302,304
269.07,324,324
269.07,305,305
269.07,323,324
269.07,308,308
269.07,323,324
269.07,314,310
269.08,318,321
269.13,318,312
269.13,315,318
269.13,320,317
269.13,311,314
269.13,326,323
269.13,313,313
269.14,328,327
269.2,309,309
269.2,329,328
269.2,309,308
269.2,328,327
269.2,308,308
269.2,327,326
269.21,311,308
269.26,322,323
269.26,313,309
269.26,314,318
269.26,318,314
269.26,311,313
269.27,320,317
269.27,309,312
269.33,325,322
269.34,308,308
269.34,324,324
269.34,305,306
269.34,324,325
269.34,307,306
269.34,326,326
269.4,309,307
269.4,324,325
269.4,310,308
269.4,320,322
269.4,315,309
269.4,315,318
269.4,319,314
269.46,309,312
269.46,322,319
269.46,308,309
269.46,324,323
269.46,307,309
269.46,327,325
269.47,307,308
269.52,327,325
269.52,307,307
269.52,325,325
269.52,309,308
269.52,323,324
269.53,314,310
269.54,318,321
269.59,318,314
269.59,315,317
269.59,321,317
269.59,310,311
269.59,327,323
269.59,309,311
269.6,327,325
269.66,309,309
269.66,328,326
269.66,308,308
269.66,325,327
269.66,308,306
269.66,324,326
269.67,312,309
269.73,321,324
269.73,313,310
269.73,317,320
269.73,318,313
269.73,311,314
269.73,320,318
269.73,308,310
269.79,325,322
269.79,308,308
269.79,325,322
269.79,306,306
269.79,322,322
269.79,306,304
269.8,323,323
269.85,305,304
269.85,322,322
269.85,307,305
269.85,318,320
269.85,315,311
269.85,315,318
269.86,322,317
269.93,310,314
269.93,325,321
269.93,310,310
269.93,325,324
269.93,309,308
269.93,324,325
269.93,309,308
269.99,326,326
269.99,311,309
269.99,325,327
269.99,310,311
269.99,324,326
269.99,317,314
269.99,323,324
270.05,321,318
270.05,318,320
270.05,325,322
270.05,317,318
270.05,328,327
270.05,313,314
270.06,332,330
270.11,312,312
270.11,329,328
270.11,312,311
270.11,331,330
270.12,312,311
270.12,327,328
270.13,315,312
270.18,323,326
270.18,316,313
270.18,321,321
270.18,322,317
270.18,311,316
270.18,326,321
270.19,312,314
270.24,326,326
270.24,310,312
270.24,329,327
270.24,312,311
270.24,329,327
270.25,309,309
270.26,327,329
270.32,313,311
270.32,326,327
270.32,314,312
270.32,323,324
270.32,315,312
270.32,318,320
270.32,323,318
270.38,314,316
270.38,324,323
270.38,311,311
270.38,327,325
270.38,308,310
270.38,328,327
270.39,311,310
270.44,329,330
270.44,312,311
270.44,329,328
270.44,313,310
270.44,324,326
270.44,317,314
270.45,321,325
270.51,321,317
270.51,317,320
270.51,325,322
270.51,315,316
270.51,328,327
270.51,313,314
270.52,329,328
270.58,312,312
270.58,330,328
270.58,311,310
270.58,327,328
270.58,311,311
270.58,326,327
270.58,313,311
270.65,325,327
270.65,316,313
270.65,319,323
270.65,323,318
270.65,315,317
270.65,325,322
270.65,313,314
270.71,328,327
270.71,312,311
270.71,330,328
270.71,310,309
270.71,329,327
270.71,309,309
270.72,326,326
270.77,310,308
270.77,323,325
270.77,312,308
270.77,320,323
270.77,317,312
270.77,315,317
270.78,320,317
270.83,308,312
270.83,323,320
270.83,306,308
270.83,323,321
270.83,305,305
270.84,321,321
270.85,307,305
270.9,322,322
270.9,304,304
270.9,320,321
270.9,307,304
270.9,319,319
270.9,308,304
270.91,312,314
270.97,314,308
270.97,307,309
270.97,316,313
270.97,303,305
270.97,318,317
270.97,303,304
270.98,321,318
271.04,302,301
271.04,320,319
271.04,300,301
271.04,318,318
271.04,301,301
271.04,318,318
271.04,303,302
271.1,315,316
271.1,308,305
271.1,308,312
271.1,313,310
271.1,307,310
271.1,320,316
271.11,306,308
271.16,322,320
271.16,306,307
271.16,324,323
271.16,305,306
271.16,323,324
271.17,305,305
271.17,324,325
271.24,307,305
271.24,323,324
271.24,311,310
271.24,321,323
271.24,319,314
271.24,314,317
271.24,323,319
271.3,312,315
271.3,323,321
271.3,312,312
271.3,328,328
271.3,311,310
271.3,329,326
271.3,311,309
271.36,326,326
271.36,311,309
271.36,329,328
271.36,313,310
271.36,325,326
271.36,317,314
271.37,321,324
271.43,323,318
271.43,315,319
271.43,328,323
271.43,315,316
271.43,328,326
271.43,313,313
271.44,331,329
271.49,312,312
271.49,331,329
271.49,312,313
271.49,330,331
271.49,315,314
271.49,331,331
271.5,317,315
271.55,326,329
271.55,323,318
271.55,321,324
271.55,325,322
271.55,315,319
271.56,329,326
271.57,314,317
271.63,331,329
271.63,314,315
271.63,330,331
271.63,314,313
271.63,334,332
271.63,314,313
271.63,330,331
271.69,313,312
271.69,327,328
271.69,319,314
271.69,323,325
271.69,321,317
271.69,318,322
271.7,324,321
271.75,315,318
271.75,328,324
271.75,313,312
271.75,326,327
271.75,311,311
271.76,328,326
271.76,308,308
271.82,328,326
271.82,309,309
271.82,325,327
271.82,313,310
271.82,323,324
271.82,316,313
271.83,319,321
271.88,319,315
271.88,313,317
271.88,323,319
271.88,311,313
271.88,321,321
271.89,307,309
271.89,325,324
271.96,306,307
271.96,326,326
271.96,304,306
271.96,324,324
271.96,307,306
271.96,324,326
271.96,312,309
272.02,318,321
272.02,314,311
272.02,313,317
272.02,320,315
272.02,311,312
272.02,321,319
272.03,306,309
272.08,324,322
272.08,306,307
272.08,324,323
272.08,307,306
272.08,326,324
272.08,304,304
272.09,323,324
272.15,308,307
272.15,320,322
272.15,310,307
272.15,317,319
272.15,314,311
272.15,312,315
272.16,319,316
272.21,304,307
272.21,319,317
272.21,306,308
272.21,321,321
272.21,303,304
272.21,321,322
272.22,304,304
272.28,324,323
272.28,304,303
272.28,321,321
272.28,307,305
272.28,319,320
272.28,309,306
272.29,311,315
272.35,314,310
272.35,308,311
272.35,318,315
272.35,306,308
272.35,323,320
272.35,305,306
272.35,323,323
272.41,307,306
272.41,325,324
272.41,310,308
272.41,328,327
272.41,311,308
272.41,325,326
272.42,315,312
272.47,323,324
272.47,320,316
272.47,316,321
272.47,323,320
272.47,315,318
272.48,328,324
272.48,312,314
272.55,328,328
272.55,312,313
272.55,331,328
272.55,310,310
272.55,330,330
272.55,314,312
272.55,331,330
272.61,312,312
272.61,327,327
272.61,316,313
272.61,322,324
272.61,323,318
272.61,318,322
272.62,324,322
272.67,313,316
272.67,329,326
272.67,313,314
272.67,330,328
272.67,311,311
272.67,331,330
272.68,314,313
272.74,331,330
272.74,313,313
272.74,330,331
272.74,318,314
272.74,328,329
272.74,321,317
272.75,322,325
272.8,327,322
272.8,319,320
272.8,330,326
272.8,316,318
272.8,333,330
272.8,315,316
272.81,334,331
272.86,313,314
272.86,330,330
272.86,315,314
272.86,333,332
272.86,314,313
272.87,329,331
272.88,319,316
272.94,325,326
272.94,321,318
272.94,320,324
272.94,328,324
272.94,317,320
272.94,331,328
272.94,313,315
273.0,331,328
273.0,315,313
273.0,332,329
273.0,313,312
273.0,330,331
273.0,311,312
273.01,330,330
273.07,315,311
273.07,328,329
273.07,318,313
273.07,323,324
273.07,322,317
273.07,317,319
273.07,325,322
273.13,312,316
273.13,330,326
273.13,314,313
273.13,329,326
273.13,312,310
273.13,328,328
273.14,309,310
273.19,328,328
273.19,311,310
273.19,325,327
273.19,313,311
273.19,323,326
273.2,317,313
273.21,317,321
273.27,322,318
273.27,312,316
273.27,328,322
273.27,312,313
273.27,329,326
273.27,311,310
273.27,330,328
273.33,310,310
273.33,326,327
273.33,309,309
273.33,329,328
273.33,309,309
273.33,322,324
273.34,312,310
273.39,320,322
273.39,316,314
273.39,315,318
273.39,323,318
273.39,314,315
273.39,324,321
273.4,308,309
273.46,322,322
273.46,305,306
273.46,323,323
273.46,307,306
273.46,326,326
273.46,309,306
273.47,324,324
273.52,311,308
273.52,320,323
273.52,312,310
273.52,317,320
273.52,322,317
273.52,314,318
273.53,324,320
273.6,312,313
273.6,324,323
273.6,309,310
273.6,327,325
273.6,309,310
273.6,328,325
273.6,310,309
273.66,329,328
273.66,314,311
273.66,329,330
273.66,317,313
273.66,326,328
273.66,322,317
273.66,321,324
273.72,324,321
273.72,319,322
273.72,329,327
273.72,317,317
273.72,330,328
273.72,315,314
273.73,332,331
273.79,312,314
273.79,331,330
273.79,314,312
273.79,329,331
273.79,315,313
273.79,329,329
273.8,317,315
273.85,324,326
273.85,321,318
273.85,321,323
273.85,326,323
273.85,318,320
273.85,328,326
273.86,314,316
273.91,330,329
273.91,311,314
273.91,330,329
273.91,314,312
273.91,330,330
273.92,312,311
273.93,328,329
273.99,315,313
273.99,327,329
273.99,319,315
273.99,322,324
273.99,323,319
273.99,319,321
273.99,327,325
274.05,317,318
274.05,328,328
274.05,315,315
274.05,334,332
274.05,314,314
274.05,333,332
274.06,313,314
274.11,330,331
274.11,313,311
274.11,328,328
274.11,317,314
274.11,324,327
274.11,322,317
274.12,322,323
274.18,323,319
274.18,316,319
274.18,325,323
274.18,313,314
274.18,331,329
274.18,314,313
274.19,331,330
274.24,314,312
274.24,331,329
274.24,312,311
274.24,329,328
274.24,313,311
274.25,325,327
274.25,316,313
274.32,320,324
274.32,319,315
274.32,319,322
274.32,325,321
274.32,312,316
274.32,326,324
274.32,310,313
274.38,327,326
274.38,309,310
274.38,328,326
274.38,308,309
274.38,327,325
274.38,310,308
274.38,326,326
274.44,309,308
274.44,321,323
274.44,311,309
274.44,314,318
274.44,316,314
274.44,311,313
274.45,318,316
274.5,309,309
274.5,320,319
274.5,305,306
274.5,323,322
274.5,305,305
274.51,323,323
274.52,305,304
274.57,323,321
274.57,304,304
274.57,322,324
274.57,308,305
274.57,316,318
274.57,312,307
274.58,312,316
274.64,317,312
274.64,306,310
274.64,319,315
274.64,302,305
274.64,321,319
274.64,303,302
274.65,320,320
274.71,300,301
274.71,321,320
274.71,301,300
274.71,319,319
274.71,302,301
274.71,314,317
274.71,306,303
274.77,314,315
274.77,313,308
274.77,307,309
274.77,315,313
274.77,309,310
274.77,319,316
274.78,305,307
274.83,322,321
274.83,304,305
274.83,325,324
274.83,305,305
274.83,324,323
274.84,306,306
274.84,321,322
274.91,308,307
274.91,319,321
274.91,311,308
274.91,317,319
274.91,315,312
274.91,313,315
274.91,321,318
274.97,309,310
274.97,327,324
274.97,311,309
274.97,327,326
274.97,308,309
274.97,328,328
274.97,310,308
275.03,325,326
275.03,311,308
275.03,326,325
275.03,313,311
275.03,325,326
275.03,319,314
275.04,319,321
275.1,323,319
275.1,314,316
275.1,327,324
275.1,313,313
275.1,330,327
275.1,313,312
275.11,329,328
275.16,309,309
275.16,327,327
275.16,311,308
275.16,328,328
275.16,311,309
275.16,320,323
275.17,312,311
275.22,319,321
275.22,317,312
275.22,315,316
275.22,322,316
275.22,309,311
275.23,323,321
275.24,308,308
275.3,326,323
275.3,304,307
275.3,325,324
275.3,305,306
275.3,325,325
275.3,306,306
275.3,322,324
275.36,308,306
275.36,317,321
275.36,313,310
275.36,317,318
275.36,318,315
275.36,311,313
275.37,322,319
275.42,307,310
275.42,325,322
275.42,307,307
275.42,324,323
275.42,305,307
275.43,326,325
275.43,307,306
275.48,324,324
275.48,306,306
275.48,323,323
275.48,310,306
275.48,319,320
275.49,315,310
275.5,314,316
275.56,317,313
275.56,310,311
275.56,320,318
275.56,307,307
275.56,325,323
275.56,307,306
275.56,325,324
275.62,306,307
275.62,327,326
275.62,307,306
275.62,328,326
275.62,309,307
275.62,322,323
275.63,313,309
275.69,317,319
275.69,316,312
275.69,312,317
275.69,321,317
275.69,310,312
275.69,325,324
275.7,309,309
275.75,325,325
275.75,308,308
275.75,327,325
275.75,309,308
275.75,327,327
275.75,309,308
275.76,324,326
275.81,312,309
275.81,321,324
275.81,313,311
275.81,318,322
275.81,322,317
275.82,314,318
275.83,325,321
275.89,310,313
275.89,327,323
275.89,308,309
275.89,324,325
275.89,306,306
275.89,325,324
275.89,304,305
275.95,325,324
275.95,305,305
275.95,322,321
275.95,306,305
275.95,315,318
275.95,312,307
275.96,310,313
276.02,316,312
276.02,304,308
276.02,319,314
276.02,303,303
276.02,319,316
276.02,302,301
276.02,317,316
276.08,298,298
276.08,317,316
276.08,299,296
276.08,315,314
276.08,299,297
276.08,313,314
276.09,301,298
276.14,306,311
276.14,305,301
276.14,301,304
276.14,311,306
276.14,298,300
276.15,313,310
276.16,297,296
276.17,314,313
276.17,296,297
276.18,314,313
276.24,295,295
276.24,315,314
276.24,299,296
276.24,315,317
276.24,304,300
276.24,314,316
276.25,309,304
276.31,311,314
276.31,312,309
276.31,307,310
276.31,316,314
276.31,306,307
276.31,323,320
276.31,305,307
276.37,325,324
276.37,305,306
276.37,325,326
276.38,308,308
276.38,326,327
276.38,311,309
276.38,325,326
276.44,314,313
276.44,321,326
276.44,319,316
276.44,319,321
276.44,324,321
276.44,314,317
276.45,329,326
276.5,314,315
276.5,327,327
276.5,314,313
276.5,331,330
276.5,313,312
276.5,331,330
276.51,313,311
276.56,329,331
276.56,315,313
276.56,328,330
276.56,319,317
276.56,324,327
276.57,327,322
276.58,321,324
276.63,330,327
276.63,319,320
276.63,331,329
276.63,316,317
276.63,335,333
276.63,314,315
276.64,332,332
276.7,315,314
276.7,335,334
276.7,317,315
276.7,331,331
276.7,318,315
276.7,327,329
276.71,322,318
276.76,323,326
276.76,327,324
276.76,319,321
276.76,329,325
276.77,317,317
276.77,332,330
276.77,313,313
276.83,333,332
276.83,314,315
276.83,333,331
276.83,313,313
276.83,331,332
276.83,315,315
276.84,331,332
276.89,318,318
276.89,329,331
276.89,326,322
276.89,324,327
276.89,333,327
276.9,321,322
276.9,336,334
276.97,320,321
276.97,337,335
276.97,318,321
276.97,339,338
276.97,321,319
276.97,337,336
276.97,320,318
277.03,334,334
277.03,317,317
277.03,330,332
277.03,324,320
277.03,329,330
277.03,327,323
277.03,321,324
277.09,331,327
277.09,317,319
277.09,331,330
277.09,318,317
277.09,333,331
277.09,317,316
277.1,332,332
277.15,314,314
277.15,332,333
277.15,317,316
277.15,331,332
277.15,321,317
277.16,326,330
277.17,321,319
277.22,322,325
277.22,324,321
277.22,316,320
277.22,327,324
277.22,314,316
277.22,328,326
277.23,314,313
277.29,329,326
277.29,310,310
277.29,327,327
277.3,311,309
277.3,325,327
277.3,312,311
277.3,323,326
277.36,315,311
277.36,322,325
277.36,316,314
277.36,317,319
277.36,324,320
277.36,313,314
277.36,327,324
277.42,308,311
277.42,326,326
277.42,312,312
277.42,331,330
277.42,313,313
277.42,332,332
277.43,316,314
277.48,335,334
277.48,319,316
277.48,329,331
277.48,323,319
277.48,324,327
277.49,327,322
277.49,319,323
277.54,330,326
277.54,317,319
277.54,331,328
277.54,317,316
277.54,333,331
277.55,312,313
277.56,332,331
277.62,312,313
277.62,332,332
277.62,317,314
277.62,331,332
277.62,319,316
277.62,327,329
277.62,323,320
277.68,322,324
277.68,327,321
277.68,318,319
277.68,331,327
277.68,314,317
277.68,333,330
277.69,315,314
277.75,332,330
277.75,313,313
277.75,331,331
277.75,311,312
277.75,329,330
277.75,316,314
277.76,328,330
277.81,319,315
277.81,323,326
277.81,324,320
277.81,320,322
277.81,329,324
277.81,318,320
277.82,333,330
277.87,315,316
277.87,331,331
277.87,314,315
277.87,331,330
277.87,312,312
277.88,330,330
277.89,313,312
277.95,330,329
277.95,313,311
277.95,324,325
277.95,317,314
277.95,320,323
277.95,321,317
277.95,316,319
278.01,325,322
278.01,312,313
278.01,324,324
278.01,308,309
278.01,327,327
278.01,309,309
278.02,329,327
278.07,309,308
278.07,326,327
278.07,309,306
278.07,323,325
278.07,310,309
278.08,320,322
278.08,316,312
278.14,315,317
278.14,321,316
278.14,312,314
278.14,323,320
278.14,308,311
278.14,324,323
278.15,305,306
278.2,324,323
278.2,308,308
278.2,326,326
278.2,308,308
278.2,324,326
278.21,310,308
278.21,323,324
278.28,313,310
278.28,320,321
278.28,316,314
278.28,313,318
278.28,322,319
278.28,309,313
278.28,326,323
278.34,308,310
278.34,324,324
278.34,305,306
278.34,325,324
278.34,309,307
278.34,325,326
278.35,304,303
278.4,321,321
278.4,306,303
278.4,314,316
278.4,308,304
278.4,309,312
278.4,310,306
278.41,300,304
278.46,314,309
278.46,299,300
278.46,312,311
278.46,296,295
278.46,315,313
278.47,294,294
278.48,312,312
278.54,295,293
278.54,311,310
278.54,295,293
278.54,308,310
278.54,300,298
278.54,307,310
278.54,305,300
278.6,303,306
278.6,307,304
278.6,304,305
278.6,316,313
278.6,302,303
278.6,319,317
278.61,302,301
278.67,321,319
278.67,301,302
278.67,320,321
278.67,304,303
278.67,320,322
278.67,302,303
278.67,318,320
278.73,309,305
278.73,312,315
278.73,313,307
278.73,309,312
278.73,319,313
278.73,307,310
278.74,323,320
278.79,305,304
278.79,322,321
278.79,302,303
278.79,321,320
278.79,301,302
278.8,321,322
278.8,307,305
278.87,322,324
278.87,310,309
278.87,322,323
278.87,315,312
278.87,318,321
278.87,322,317
278.87,314,316
278.93,325,322
278.93,310,312
278.93,327,326
278.93,313,312
278.93,331,328
278.93,311,312
278.94,334,332
278.99,312,311
278.99,329,328
278.99,314,311
278.99,325,326
278.99,312,309
278.99,320,322
279.0,315,311
279.06,311,317
279.06,322,319
279.06,312,315
279.06,327,325
279.06,312,312
279.06,324,324
279.07,311,310
279.12,328,326
279.12,307,305
279.12,324,324
279.12,305,304
279.12,320,321
279.12,304,302
279.13,316,319
279.19,308,305
279.19,313,315
279.19,312,309
279.19,310,312
279.19,319,316
279.19,307,309
279.2,324,322
279.26,308,308
279.26,325,323
279.26,307,308
279.26,326,325
279.26,309,307
279.26,327,327
279.26,310,309
279.32,327,327
279.32,311,311
279.32,326,326
279.32,319,315
279.32,317,320
279.32,322,316
279.33,310,314
279.38,323,319
279.38,307,308
279.38,322,320
279.38,304,306
279.38,322,321
279.39,304,303
279.39,322,320
279.46,303,301
279.46,318,319
279.46,302,302
279.46,318,319
279.46,305,303
279.46,312,316
279.46,310,307
279.52,309,311
279.52,315,311
279.52,304,306
279.52,317,315
279.52,303,302
279.52,320,318
279.53,304,303
279.59,320,320
279.59,304,302
279.59,322,320
279.59,303,301
279.59,319,319
279.59,304,302
279.59,315,317
279.65,309,305
279.65,312,314
279.65,311,307
279.65,306,310
279.65,319,315
279.65,304,307
279.66,321,318
279.71,304,305
279.71,323,321
279.71,304,304
279.71,322,322
279.71,305,304
279.71,326,324
279.72,305,305
279.77,321,323
279.77,308,306
279.77,318,321
279.77,314,311
279.77,314,318
279.78,322,318
279.79,313,318
279.85,327,323
279.85,313,313
279.85,330,328
279.85,314,313
279.85,331,330
279.85,310,312
279.85,332,330
279.91,312,312
279.91,330,331
279.91,315,312
279.91,327,328
279.91,316,314
279.91,322,326
279.92,323,319
279.98,319,322
279.98,328,323
279.98,317,319
279.98,330,328
279.98,311,314
279.98,332,330
279.98,314,313
280.04,333,332
280.04,313,313
280.04,331,331
280.04,314,312
280.04,329,330
280.04,315,313
280.05,326,328
280.1,319,316
280.1,323,325
280.1,322,319
280.1,318,323
280.1,331,325
280.11,317,318
280.12,333,330
280.18,315,316
280.18,333,332
280.18,317,316
280.18,336,334
280.18,318,316
280.18,335,334
280.18,319,317
280.24,333,335
280.24,322,320
280.24,330,332
280.24,322,320
280.24,324,328
280.24,328,325
280.25,320,322
280.3,332,329
280.3,315,317
280.3,333,331
280.3,316,316
280.3,333,333
280.3,316,316
280.31,334,334
280.36,318,317
280.36,334,334
280.36,316,314
280.36,331,331
280.36,320,316
280.37,324,326
280.38,324,321
280.43,320,324
280.43,331,325
280.43,319,321
280.43,333,331
280.43,316,317
280.43,334,332
280.44,315,315
280.51,334,333
280.51,313,313
280.51,333,331
280.51,315,313
280.51,329,328
280.51,312,311
280.51,324,326
280.57,318,314
280.57,318,321
280.57,321,316
280.57,315,317
280.57,325,320
280.57,310,312
280.57,325,324
280.63,309,310
280.63,328,327
280.63,310,310
280.63,328,328
280.63,309,309
280.63,326,328
280.64,310,309
280.7,324,325
280.7,311,311
280.7,321,324
280.7,317,312
280.7,314,318
280.7,320,316
280.7,311,313
280.76,322,320
280.76,308,309
280.76,327,323
280.76,307,307
280.76,325,324
280.76,307,306
280.77,325,325
280.84,307,305
280.84,323,324
280.84,309,307
280.84,319,320
280.84,309,307
280.84,316,319
280.84,315,310
280.9,308,313
280.9,317,314
280.9,307,309
280.9,321,318
280.9,304,305
280.9,322,320
280.9,306,305
280.96,323,322
280.96,305,304
280.96,326,324
280.96,305,305
280.96,320,322
280.96,305,306
280.97,319,319
281.02,310,306
281.02,314,315
281.02,314,311
281.02,306,311
281.02,316,314
281.02,303,306
281.03,318,317
281.08,305,306
281.08,322,321
281.08,304,305
281.08,325,324
281.08,307,306
281.09,323,323
281.1,308,306
281.15,324,324
281.15,311,307
281.15,316,319
281.15,315,311
281.15,312,316
281.16,319,316
281.16,310,313
281.23,322,320
281.23,309,310
281.23,324,323
281.23,306,307
281.23,325,325
281.23,307,306
281.23,325,325
281.29,308,307
281.29,324,324
281.29,309,307
281.29,320,322
281.29,312,309
281.29,317,320
281.29,317,312
281.35,312,316
281.35,320,316
281.35,309,312
281.35,325,321
281.35,306,307
281.35,324,323
281.36,307,307
281.41,326,324
281.41,306,306
281.41,325,326
281.41,306,306
281.41,322,323
281.42,309,308
281.43,321,322
281.48,312,310
281.48,317,319
281.48,317,313
281.48,311,315
281.48,325,321
281.48,312,312
281.49,326,325
281.55,309,310
281.55,328,326
281.55,308,309
281.55,330,328
281.55,308,308
281.55,325,327
281.56,309,309
281.62,325,325
281.62,312,309
281.62,321,322
281.62,316,313
281.62,316,319
281.62,321,317
281.62,310,313
281.68,324,321
281.68,309,311
281.68,327,324
281.68,309,309
281.68,329,326
281.68,306,307
281.69,326,327
281.74,308,308
281.74,330,328
281.74,310,309
281.74,324,327
281.74,315,312
281.75,321,324
281.75,319,316
281.8,317,319
281.8,326,322
281.8,312,315
281.8,326,323
281.8,311,310
281.81,325,324
281.82,308,309
281.88,328,327
281.88,310,310
281.88,329,329
281.88,314,312
281.88,329,330
281.88,314,311
281.88,326,327
281.94,318,314
281.94,317,322
281.94,324,319
281.94,315,318
281.94,325,322
281.94,313,315
281.95,330,328
282.01,315,314
282.01,330,329
282.01,312,312
282.01,331,329
282.01,309,310
282.01,329,328
282.02,311,308
282.07,324,325
282.07,310,307
282.07,316,319
282.07,314,310
282.07,314,317
282.07,321,316
282.08,310,313
282.15,322,319
282.15,307,309
282.15,325,322
282.15,307,308
282.15,326,324
282.15,307,306
282.15,325,324
282.21,304,305
282.21,322,323
282.21,309,305
282.21,321,322
282.21,310,307
282.21,316,319
282.21,317,311
282.27,311,314
282.27,322,317
282.27,307,310
282.27,321,319
282.27,305,306
282.27,322,322
282.28,307,306
282.33,325,324
282.33,306,305
282.33,325,324
282.33,306,305
282.33,323,323
282.33,309,307
282.34,320,322
282.41,314,310
282.41,315,317
282.41,319,314
282.41,309,312
282.41,322,319
282.41,308,310
282.41,323,322
282.47,309,309
282.47,326,324
282.47,308,308
282.47,326,325
282.47,307,308
282.47,325,324
282.47,307,306
282.53,322,324
282.53,308,308
282.53,319,320
282.53,312,309
282.53,314,317
282.53,321,315
282.54,311,314
282.59,323,322
282.59,310,310
282.59,327,324
282.59,308,309
282.59,329,327
282.6,308,307
282.61,328,326
282.66,306,306
282.66,327,327
282.66,310,309
282.66,321,324
282.66,312,310
282.66,319,322
282.67,319,316
282.73,315,319
282.73,326,320
282.73,310,313
282.73,327,325
282.74,309,310
282.74,326,324
282.74,310,309
282.8,326,327
282.8,306,307
282.8,327,328
282.8,310,307
282.8,325,326
282.8,310,309
282.8,319,321
282.86,314,312
282.86,317,319
282.86,320,314
282.86,312,316
282.86,323,320
282.86,308,311
282.87,325,322
282.92,306,308
282.92,325,325
282.92,306,307
282.92,329,326
282.92,307,306
282.92,324,326
282.93,312,310
282.99,325,325
282.99,313,310
282.99,322,324
282.99,319,314
282.99,317,321
282.99,324,319
283.0,312,316
283.05,326,323
283.05,311,313
283.05,329,327
283.05,310,312
283.05,329,327
283.06,311,309
283.06,328,328
283.13,309,309
283.13,325,326
283.13,311,308
283.13,321,324
283.13,311,309
283.13,317,319
283.13,318,314
283.19,314,317
283.19,321,317
283.19,309,311
283.19,323,321
283.19,308,308
283.19,325,324
283.19,306,307
283.25,323,324
283.25,306,305
283.25,325,324
283.25,305,303
283.25,323,323
283.25,309,307
283.26,318,321
283.32,313,309
283.32,315,316
283.32,316,312
283.32,308,311
283.32,320,316
283.32,304,306
283.33,318,318
283.4,303,304
283.4,321,319
283.4,301,301
283.4,322,319
283.4,302,301
283.4,318,320
283.4,300,300
283.4,315,316
283.41,302,300
283.42,310,313
283.48,306,302
283.48,305,307
283.48,312,306
283.48,298,302
283.48,314,309
283.48,297,297
283.49,312,312
283.54,296,298
283.54,318,314
283.54,297,296
283.54,315,314
283.54,297,295
283.54,314,314
283.55,299,296
283.6,310,313
283.6,302,299
283.6,308,312
283.6,309,305
283.61,303,307
283.61,313,309
283.62,300,303
283.67,318,314
283.67,301,300
283.67,316,315
283.67,299,300
283.67,319,317
283.67,300,299
283.68,318,319
283.74,303,300
283.74,320,321
283.74,306,304
283.74,316,319
283.74,310,306
283.74,312,316
283.75,318,315
283.8,309,313
283.8,323,319
283.8,308,311
283.8,324,322
283.8,308,310
283.81,325,325
283.81,308,309
283.87,327,326
283.87,307,306
283.87,325,327
283.87,311,309
283.87,327,327
283.87,316,313
283.88,322,326
283.93,320,316
283.93,320,323
283.93,327,321
283.93,317,318
283.93,329,327
283.94,315,315
283.94,331,329
284.01,314,314
284.01,331,330
284.01,315,314
284.01,333,331
284.01,313,313
284.01,331,331
284.01,316,314
284.07,329,331
284.07,323,318
284.07,327,329
284.07,332,327
284.07,327,329
284.07,335,333
284.08,324,326
284.13,341,338
284.13,326,326
284.13,343,342
284.13,325,324
284.13,343,342
284.13,327,326
284.14,346,344
284.2,326,326
284.2,343,342
284.2,328,325
284.2,338,341
284.2,334,330
284.2,336,339
284.21,339,335
284.26,331,334
284.26,340,336
284.26,326,327
284.26,341,338
284.26,323,322
284.26,338,338
284.27,321,320
284.34,337,337
284.34,319,318
284.34,337,336
284.34,320,318
284.34,333,333
284.34,319,317
284.34,326,328
284.4,322,320
284.4,322,325
284.4,327,324
284.4,317,318
284.4,328,327
284.4,314,313
284.4,329,328
284.46,311,310
284.46,328,326
284.46,310,308
284.46,325,324
284.46,307,306
284.46,322,323
284.47,310,306
284.52,323,322
284.52,311,307
284.52,317,320
284.52,315,312
284.52,309,313
284.53,319,317
284.53,308,311
284.59,323,321
284.59,308,310
284.59,325,323
284.59,305,306
284.59,322,322
284.59,305,305
284.6,325,323
284.65,305,304
284.65,319,319
284.65,307,306
284.65,319,321
284.65,310,308
284.66,311,316
284.67,316,310
284.73,307,311
284.73,320,316
284.73,305,306
284.73,321,319
284.73,305,305
284.73,320,320
284.73,302,302
284.79,321,320
284.79,302,302
284.79,320,321
284.79,306,303
284.79,316,319
284.79,306,304
284.8,314,316
284.85,311,307
284.85,308,312
284.85,316,311
284.85,304,308
284.85,317,315
284.85,303,305
284.86,320,319
284.91,303,305
284.91,322,322
284.91,303,304
284.91,322,322
284.91,307,305
284.92,323,323
284.93,307,304
284.99,318,320
284.99,311,307
284.99,315,316
284.99,313,310
284.99,309,313
284.99,318,315
284.99,307,309
285.06,321,320
285.06,305,305
285.06,325,323
285.06,307,307
285.06,326,324
285.06,307,307
285.06,325,324
285.12,310,308
285.12,323,324
285.12,311,308
285.12,321,322
285.12,314,312
285.12,317,319
285.12,318,315
285.18,312,316
285.18,325,320
285.18,312,313
285.18,326,325
285.18,311,311
285.18,326,325
285.19,312,310
285.24,330,329
285.24,310,310
285.24,329,329
285.24,313,311
285.24,327,328
285.25,315,312
285.26,322,326
285.31,320,316
285.31,318,320
285.31,322,319
285.31,313,315
285.31,326,323
285.31,312,312
285.32,326,325
285.38,310,311
285.38,329,328
285.38,311,310
285.38,329,328
285.38,309,310
285.38,329,328
285.39,310,309
285.45,323,327
285.45,313,310
285.45,316,320
285.45,318,314
285.45,314,316
285.45,320,316
285.45,309,311
285.51,325,322
285.51,308,308
285.51,324,323
285.51,302,304
285.51,326,325
285.51,304,305
285.52,324,324
285.57,307,306
285.57,323,323
285.57,309,307
285.57,318,322
285.57,313,311
285.57,317,319
285.58,319,314
285.65,309,314
285.65,323,320
285.65,309,312
285.65,327,324
285.65,310,309
285.65,326,326
285.65,310,309
285.71,328,327
285.71,309,308
285.71,326,327
285.71,308,307
285.71,322,325
285.71,314,311
285.71,322,323
285.77,317,313
285.77,316,320
285.77,326,321
285.77,317,319
285.77,327,323
285.77,312,313
285.78,330,330
285.83,313,313
285.83,332,331
285.83,313,313
285.83,335,333
285.83,314,314
285.84,332,332
285.85,317,315
285.91,330,331
285.91,321,319
285.91,326,329
285.91,326,323
285.91,323,326
285.91,333,328
285.91,321,322
285.97,336,333
285.97,319,320
285.97,336,335
285.97,318,318
285.97,337,335
285.97,319,318
285.98,337,336
286.03,318,318
286.03,336,337
286.03,321,319
286.03,332,335
286.03,324,321
286.03,328,330
286.04,328,324
286.1,320,324
286.1,331,328
286.1,319,320
286.1,332,332
286.1,316,317
286.1,333,333
286.11,315,315
286.16,336,335
286.16,316,317
286.16,337,336
286.16,317,317
286.16,335,335
286.16,324,320
286.17,331,333
286.22,325,321
286.22,326,328
286.22,330,326
286.22,320,323
286.22,332,330
286.23,319,319
286.24,336,333
286.3,316,317
286.3,336,335
286.3,319,318
286.3,337,337
286.3,318,318
286.3,336,336
286.3,320,320
286.36,336,338
286.36,326,322
286.36,333,335
286.36,332,327
286.36,328,332
286.36,337,333
286.37,324,328
286.43,339,338
286.43,326,326
286.43,343,341
286.43,322,324
286.43,343,342
286.43,324,324
286.43,344,344
286.49,326,326
286.49,344,344
286.49,327,326
286.49,339,340
286.49,334,329
286.49,332,336
286.5,335,331
286.55,328,333
286.55,340,338
286.55,327,326
286.55,342,338
286.55,325,324
286.56,343,341
286.57,323,322
286.62,340,340
286.62,321,320
286.62,338,338
286.62,321,318
286.62,338,337
286.62,322,320
286.63,328,331
286.69,326,321
286.69,323,326
286.69,329,323
286.69,317,320
286.69,329,325
286.69,313,314
286.7,328,329
286.76,313,312
286.76,329,328
286.76,311,310
286.76,329,328
286.76,308,309
286.76,328,328
286.76,308,307
286.82,321,322
286.82,312,309
286.82,318,320
286.82,311,308
286.82,306,311
286.82,315,310
286.83,300,302
286.88,315,312
286.88,297,298
286.88,314,313
286.88,293,293
286.88,314,312
286.89,293,291
286.89,313,312
286.96,294,292
286.96,310,311
286.96,294,292
286.96,305,306
286.96,298,295
286.96,299,303
286.96,303,300
287.02,295,298
287.02,306,304
287.02,293,294
287.02,309,306
287.02,293,293
287.02,311,309
287.02,291,291
287.08,311,310
287.08,291,290
287.08,310,310
287.08,294,292
287.08,310,311
287.08,297,295
287.09,306,309
287.14,303,299
287.14,302,306
287.14,310,307
287.14,300,302
287.14,311,310
287.15,298,300
287.16,314,313
287.21,299,299
287.21,316,316
287.21,299,298
287.21,319,318
287.21,303,302
287.21,320,320
287.22,305,304
287.28,319,320
287.28,308,305
287.28,315,318
287.28,317,311
287.28,311,316
287.28,321,318
287.29,310,313
287.35,328,326
287.35,310,312
287.35,330,328
287.35,314,313
287.35,335,332
287.35,317,315
287.35,336,334
287.41,318,316
287.41,336,336
287.41,320,317
287.41,334,334
287.41,324,321
287.41,329,331
287.42,332,327
287.47,325,328
287.47,336,332
287.47,323,325
287.47,341,338
287.47,323,324
287.48,344,341
287.48,323,322
287.53,344,344
287.53,324,324
287.53,345,344
287.53,326,324
287.53,342,342
287.54,328,327
287.55,336,338
287.61,332,329
287.61,333,335
287.61,338,333
287.61,329,331
287.61,342,337
287.61,326,327
287.61,341,339
287.67,324,325
287.67,342,342
287.67,323,322
287.67,340,340
287.67,320,320
287.67,337,338
287.68,321,318
287.74,332,335
287.74,324,321
287.74,329,331
287.74,327,323
287.74,326,327
287.74,335,330
287.75,320,322
287.8,335,332
287.8,318,320
287.8,337,334
287.8,317,318
287.8,336,334
287.8,316,316
287.81,334,335
287.86,317,316
287.86,333,335
287.86,321,318
287.86,331,333
287.86,323,320
287.87,325,329
287.88,328,324
287.94,323,326
287.94,333,330
287.94,320,322
287.94,338,335
287.94,319,319
287.94,339,336
287.94,319,319
288.0,338,338
288.0,321,320
288.0,338,338
288.0,321,321
288.0,338,339
288.0,327,323
288.01,336,336
288.06,328,325
288.06,330,333
288.06,335,330
288.06,322,326
288.06,339,334
288.06,321,323
288.07,341,339
288.13,322,322
288.13,338,338
288.13,321,321
288.13,341,339
288.13,320,320
288.13,339,340
288.14,322,321
288.2,336,336
288.2,325,321
288.2,330,332
288.2,329,324
288.2,324,326
288.2,330,326
288.2,318,320
288.27,334,331
288.27,316,317
288.27,332,332
288.27,314,316
288.27,333,333
288.27,315,315
288.27,333,333
288.33,314,314
288.33,332,333
288.33,318,315
288.33,329,329
288.33,320,317
288.33,320,324
288.34,326,321
288.39,316,320
288.39,328,325
288.39,315,317
288.39,331,329
288.39,313,313
288.39,330,329
288.4,310,312
288.45,329,329
288.45,311,310
288.45,328,329
288.45,312,311
288.45,329,329
288.46,314,313
288.47,325,326
288.53,322,316
288.53,318,322
288.53,325,322
288.53,315,319
288.53,327,325
288.53,313,314
288.53,331,328
288.59,313,313
288.59,330,330
288.59,315,313
288.59,331,330
288.59,312,313
288.59,330,331
288.6,316,314
288.66,328,330
288.66,316,313
288.66,323,326
288.66,323,319
288.66,318,320
288.66,326,323
288.66,314,317
288.72,330,325
288.72,312,314
288.72,328,327
288.72,309,310
288.72,328,329
288.72,310,311
288.73,333,332
288.78,314,313
288.78,331,331
288.78,317,313
288.78,328,329
288.78,318,315
288.79,321,323
288.79,323,318
288.84,313,318
288.84,325,319
288.84,308,310
288.84,326,323
288.84,307,307
288.85,323,322
288.86,305,306
288.92,324,324
288.92,305,305
288.92,323,324
288.92,309,306
288.92,323,324
288.92,313,309
288.92,321,321
288.99,315,311
288.99,316,318
288.99,316,314
288.99,309,312
288.99,324,320
288.99,307,309
288.99,323,322
289.05,307,307
289.05,327,325
289.05,307,308
289.05,328,327
289.05,309,308
289.05,327,326
289.06,313,309
289.11,327,327
289.11,315,312
289.11,321,324
289.11,318,315
289.11,316,320
289.11,323,319
289.12,311,313
289.17,325,323
289.17,307,309
289.17,327,324
289.17,308,309
289.17,325,325
289.18,307,307
289.19,327,325
289.24,307,305
289.24,324,324
289.24,311,308
289.24,321,322
289.24,313,311
289.24,317,319
289.25,319,315
289.32,313,315
289.32,320,318
289.32,308,312
289.32,326,323
289.32,308,308
289.32,324,324
289.32,308,309
289.38,325,325
289.38,306,306
289.38,325,325
289.38,307,306
289.38,323,323
289.38,308,306
289.38,317,320
289.44,313,309
289.44,314,316
289.44,317,312
289.44,305,310
289.44,321,317
289.44,305,305
289.45,322,319
289.51,304,303
289.51,321,320
289.51,305,304
289.51,322,322
289.51,302,303
289.51,320,321
289.51,307,304
289.57,320,322
289.57,310,306
289.57,315,318
289.57,315,310
289.57,311,315
289.57,318,315
289.58,307,310
289.63,323,319
289.63,307,308
289.63,324,323
289.63,308,306
289.63,325,324
289.64,308,307
289.65,328,326
289.71,307,307
289.71,325,326
289.71,311,308
289.71,322,323
289.71,314,311
289.71,317,321
289.71,321,317
289.77,314,317
289.77,328,322
289.77,312,313
289.77,326,326
289.77,312,312
289.77,331,329
289.78,313,312
289.83,331,331
289.83,313,313
289.83,333,333
289.83,315,314
289.83,330,332
289.83,319,316
289.84,329,331
289.9,323,319
289.9,324,327
289.9,329,325
289.9,318,322
289.9,333,330
289.9,320,320
289.91,335,332
289.97,317,318
289.97,337,336
289.97,318,319
289.97,335,336
289.97,320,320
289.97,336,337
289.97,320,319
290.04,337,338
290.04,328,324
290.04,334,335
290.04,334,328
290.04,328,331
290.04,337,333
290.04,327,328
290.1,339,337
290.1,324,325
290.1,341,340
290.1,322,324
290.1,342,342
290.1,322,323
290.1,344,343
290.16,325,324
290.16,340,341
290.16,326,323
290.16,336,338
290.16,328,325
290.16,330,333
290.17,332,327
290.22,326,328
290.22,337,333
290.22,323,323
290.22,337,336
290.22,320,321
290.23,339,338
290.24,321,320
290.3,339,338
290.3,320,320
290.3,339,339
290.3,320,319
290.3,336,336
290.3,321,319
290.3,331,334
290.36,327,321
290.36,327,329
290.36,329,326
290.36,320,324
290.36,335,330
290.36,319,319
290.37,333,332
290.42,314,314
290.42,332,332
290.42,315,313
290.42,331,329
290.42,313,312
290.42,328,328
290.43,313,310
290.49,326,328
290.49,315,313
290.49,320,322
290.49,318,313
290.49,315,318
290.49,322,318
290.5,308,311
290.55,321,320
290.55,308,309
290.55,323,322
290.55,305,304
290.55,324,324
290.56,305,305
290.56,325,325
290.63,303,303
290.63,320,321
290.63,305,304
290.63,316,319
290.63,310,307
290.63,315,317
290.63,316,311
290.69,310,314
290.69,321,318
290.69,307,309
290.69,323,321
290.69,306,308
290.69,324,322
290.69,305,305
290.75,325,324
290.75,306,305
290.75,322,324
290.75,307,305
290.75,322,323
290.75,309,306
290.76,319,322
290.81,315,310
290.81,313,317
290.81,318,315
290.81,308,312
290.81,323,320
290.82,309,310
290.83,323,322
290.88,306,307
290.88,324,324
290.88,307,306
290.88,322,322
290.88,303,303
290.88,320,321
290.89,303,300
290.96,318,319
290.96,307,303
290.96,310,314
290.96,310,306
290.96,304,309
290.96,315,311
290.96,305,306
291.02,318,315
291.02,303,302
291.02,317,317
291.02,300,301
291.02,317,318
291.02,300,300
291.02,318,318
291.08,301,301
291.08,318,320
291.08,303,301
291.08,314,317
291.08,306,302
291.08,311,313
291.09,311,306
291.14,302,306
291.14,314,310
291.14,299,301
291.14,317,314
291.14,298,299
291.14,317,315
291.15,296,299
291.21,317,317
291.21,300,300
291.21,318,318
291.21,301,300
291.21,318,318
291.21,306,302
291.22,314,317
291.28,311,307
291.28,308,312
291.28,315,309
291.28,306,308
291.28,317,314
291.28,304,304
291.29,319,318
291.3,303,304
291.3,321,320
291.31,302,302
291.38,322,321
291.38,301,301
291.38,319,320
291.38,303,301
291.38,317,319
291.38,308,305
291.38,313,316
291.44,311,308
291.44,310,313
291.44,317,313
291.44,307,309
291.44,322,320
291.44,306,308
291.44,324,323
291.5,305,307
291.5,327,324
291.5,307,305
291.5,327,326
291.5,309,309
291.5,327,327
291.51,312,311
291.56,326,327
291.56,316,314
291.56,320,322
291.56,321,318
291.56,316,319
291.57,329,323
291.58,313,316
291.63,330,327
291.63,315,315
291.63,332,331
291.63,316,316
291.63,336,335
291.63,316,314
291.64,332,333
291.7,317,316
291.7,334,334
291.7,320,317
291.7,327,332
291.7,325,321
291.7,326,328
291.71,330,327
291.76,323,325
291.76,333,332
291.77,319,320
291.77,335,334
291.77,319,319
291.77,336,335
291.77,316,317
291.83,336,336
291.83,319,317
291.83,336,335
291.83,319,316
291.83,331,332
291.83,321,317
291.84,328,331
291.89,327,322
291.89,323,326
291.89,333,327
291.89,321,322
291.89,335,331
291.89,316,318
291.9,337,334
291.97,316,316
291.97,336,335
291.97,316,317
291.97,338,336
291.97,318,316
291.97,334,335
291.97,318,317
292.03,333,335
292.03,324,321
292.03,331,332
292.03,330,326
292.03,326,328
292.03,335,329
292.03,321,322
292.09,337,333
292.09,317,319
292.09,336,333
292.09,314,315
292.09,337,335
292.09,317,316
292.1,336,334
292.16,318,316
292.16,333,334
292.16,318,316
292.16,329,332
292.16,323,320
292.16,326,328
292.16,329,324
292.22,319,323
292.22,331,326
292.22,314,316
292.22,333,332
292.22,317,316
292.22,333,331
292.23,312,312
292.28,330,330
292.28,312,311
292.28,330,330
292.28,315,313
292.28,329,330
292.29,316,313
292.3,323,326
292.36,322,316
292.36,317,320
292.36,325,319
292.36,312,314
292.36,326,323
292.36,308,309
292.36,325,324
292.42,305,306
292.42,324,324
292.42,305,305
292.42,322,323
292.42,306,303
292.42,323,323
292.43,305,304
292.48,317,320
292.48,311,307
292.48,314,316
292.48,314,311
292.48,309,314
292.48,319,314
292.49,306,310
292.55,325,321
292.55,305,306
292.55,326,322
292.55,308,307
292.55,326,325
292.55,308,307
292.56,324,324
292.61,307,305
292.61,323,325
292.61,309,307
292.61,321,323
292.61,314,311
292.62,317,319
292.62,318,314
292.69,308,312
292.69,321,317
292.69,306,308
292.69,323,321
292.69,306,306
292.69,323,324
292.69,303,305
292.75,324,324
292.75,304,304
292.75,323,324
292.75,306,304
292.75,322,323
292.75,310,307
292.75,318,320
292.81,314,311
292.81,314,317
292.81,320,317
292.81,311,313
292.81,324,322
292.81,310,310
292.82,326,324
292.87,306,308
292.87,328,326
292.87,305,306
292.87,327,326
292.87,307,306
292.88,326,325
292.89,311,308
292.94,321,323
292.94,313,310
292.94,317,320
292.94,316,314
292.94,314,317
292.94,326,321
292.95,312,314
293.01,329,327
293.01,314,312
293.01,330,329
293.01,312,311
293.01,330,329
293.01,312,312
293.02,330,330
293.08,313,311
293.08,327,330
293.08,314,313
293.08,323,326
293.08,319,316
293.08,321,323
293.08,325,320
293.14,314,317
293.14,326,324
293.14,310,314
293.14,328,326
293.14,311,312
293.14,329,328
293.15,308,309
293.2,327,328
293.2,311,309
293.2,329,329
293.2,314,311
293.2,327,328
293.21,316,314
293.21,323,325
293.26,319,315
293.26,317,322
293.26,324,321
293.26,317,319
293.26,332,328
293.27,315,317
293.28,334,332
293.34,314,316
293.34,335,333
293.34,315,314
293.34,331,332
293.34,311,312
293.34,332,332
293.34,315,313
293.41,328,331
293.41,320,316
293.41,324,329
293.41,325,321
293.41,318,321
293.41,329,324
293.41,315,317
293.47,332,328
293.47,314,314
293.47,330,329
293.47,312,312
293.47,332,329
293.47,311,310
293.48,333,332
293.53,314,312
293.53,328,329
293.53,318,314
293.53,327,328
293.53,321,317
293.53,320,324
293.54,324,320
293.59,316,320
293.59,326,323
293.59,313,313
293.59,328,326
293.59,309,309
293.6,327,327
293.61,307,308
293.67,328,328
293.67,308,306
293.67,327,327
293.67,308,307
293.67,324,324
293.67,314,310
293.67,317,321
293.73,316,312
293.73,311,316
293.73,318,316
293.73,308,311
293.73,321,319
293.73,306,306
293.74,324,323
293.8,307,306
293.8,326,325
293.8,305,305
293.8,326,325
293.8,307,306
293.8,324,325
293.8,311,309
293.86,323,324
293.86,315,312
293.86,319,323
293.86,321,315
293.86,319,321
293.86,326,323
293.87,312,313
293.92,327,324
293.92,308,310
293.92,327,325
293.92,307,308
293.92,330,327
293.93,309,308
293.93,329,328
294.0,308,308
294.0,324,327
294.0,311,310
294.0,324,326
294.0,316,313
294.0,318,322
294.0,323,318
294.06,315,318
294.06,327,324
294.06,314,314
294.06,329,328
294.06,310,312
294.06,331,331
294.07,314,313
294.12,330,330
294.12,314,312
294.12,330,332
294.12,312,313
294.12,328,330
294.12,319,315
294.13,326,328
294.18,323,319
294.18,322,324
294.18,328,324
294.18,318,319
294.18,330,328
294.19,315,316
294.2,334,332
294.26,313,315
294.26,335,334
294.26,314,316
294.26,338,336
294.26,318,316
294.26,335,334
294.26,320,319
294.32,333,335
294.32,324,321
294.32,329,331
294.32,329,325
294.32,325,328
294.32,334,331
294.33,322,324
294.39,337,337
294.39,321,322
294.39,338,338
294.39,320,320
294.39,340,340
294.39,322,321
294.39,340,340
294.45,323,319
294.45,335,335
294.45,321,317
294.45,330,332
294.45,325,320
294.45,323,326
294.46,327,322
294.51,316,320
294.51,329,326
294.51,317,318
294.51,332,331
294.51,312,314
294.52,332,332
294.52,315,316
294.59,335,334
294.59,314,314
294.59,330,332
294.59,317,314
294.59,331,332
294.59,321,317
294.59,324,327
294.65,320,317
294.65,318,321
294.65,324,321
294.65,314,317
294.65,327,324
294.65,315,315
294.66,329,328
294.71,310,312
294.71,330,329
294.71,309,308
294.71,328,328
294.71,310,311
294.71,329,328
294.72,312,309
294.77,325,327
294.77,315,311
294.77,320,323
294.77,317,315
294.77,312,316
294.78,322,318
294.79,307,311
294.85,322,321
294.85,309,309
294.85,327,325
294.85,306,307
294.85,327,325
294.85,306,307
294.85,327,325
294.91,309,307
294.91,322,324
294.91,312,309
294.91,323,325
294.91,314,311
294.91,318,321
294.92,322,318
294.97,315,317
294.98,327,322
294.98,313,313
294.98,329,326
294.98,313,311
294.98,329,327
294.98,311,312
295.04,329,329
295.04,310,310
295.04,329,328
295.04,312,311
295.04,326,329
295.04,318,315
295.05,324,325
295.1,319,316
295.1,319,321
295.1,323,319
295.1,313,316
295.1,327,325
295.11,310,313
295.11,330,328
295.16,313,311
295.16,328,329
295.16,312,312
295.16,331,332
295.16,312,311
295.17,330,330
295.18,314,313
295.24,324,327
295.24,318,316
295.24,323,326
295.24,324,319
295.24,319,322
295.24,328,324
295.24,316,318
295.3,332,329
295.3,315,316
295.31,333,332
295.31,312,314
295.31,332,332
295.31,314,313
295.31,332,330
295.37,315,313
295.37,332,332
295.37,318,316
295.37,328,331
295.37,323,319
295.37,325,327
295.38,328,323
295.43,321,324
295.43,332,329
295.43,319,320
295.43,336,332
295.43,319,318
295.43,337,335
295.44,319,318
295.49,336,334
295.49,317,316
295.49,336,335
295.49,320,318
295.49,332,335
295.5,323,319
295.51,330,333
295.57,326,323
295.57,325,327
295.57,331,325
295.57,321,323
295.57,333,330
295.57,316,318
295.57,333,332
295.63,318,319
295.63,334,334
295.63,316,316
295.63,334,334
295.63,316,315
295.63,334,335
295.64,317,316
295.7,332,333
295.7,321,319
295.7,325,329
295.7,326,322
295.7,323,325
295.7,331,326
295.7,319,319
295.76,333,330
295.76,317,318
295.76,337,334
295.76,316,316
295.76,334,334
295.76,315,315
295.77,335,334
295.82,315,315
295.82,333,333
295.82,319,317
295.82,331,332
295.82,323,320
295.83,325,328
295.83,328,324
295.9,322,323
295.9,331,328
295.9,316,317
295.9,333,330
295.9,317,316
295.9,330,330
295.9,313,313
295.96,331,330
295.96,311,312
295.96,330,329
295.96,313,312
295.96,326,329
295.96,315,311
295.97,323,325
296.02,319,313
296.02,316,319
296.02,322,318
296.02,313,315
296.02,325,322
296.02,309,310
296.03,326,324
296.09,307,308
296.09,325,325
296.09,305,307
296.09,324,325
296.09,307,306
296.09,324,324
296.1,308,308
296.16,321,325
296.16,314,311
296.16,320,323
296.16,321,316
296.16,317,320
296.16,325,322
296.16,314,315
296.22,326,324
296.22,311,313
296.22,328,326
296.22,311,311
296.22,329,328
296.22,309,311
296.23,331,330
296.29,313,312
296.29,331,330
296.29,314,312
296.29,327,327
296.29,316,314
296.29,319,322
296.29,322,319
296.35,316,319
296.35,327,324
296.35,314,315
296.35,331,328
296.35,315,314
296.35,331,330
296.36,312,313
296.41,331,330
296.41,315,314
296.41,332,332
296.41,315,313
296.41,330,331
296.42,318,315
296.42,322,327
296.49,323,318
296.49,321,325
296.49,328,323
296.49,318,321
296.49,330,327
296.49,314,316
296.49,334,332
296.55,315,314
296.55,335,332
296.55,317,315
296.55,335,333
296.55,315,314
296.55,333,334
296.56,319,317
296.61,331,332
296.61,320,316
296.61,323,327
296.61,322,318
296.61,321,322
296.61,326,323
296.62,314,317
296.67,328,326
296.67,315,315
296.67,332,332
296.67,315,315
296.67,335,334
296.68,314,314
296.69,332,332
296.74,315,314
296.74,330,332
296.74,319,315
296.74,328,330
296.74,322,319
296.74,324,328
296.75,328,322
296.81,320,323
296.81,330,327
296.81,318,318
296.81,333,330
296.81,317,317
296.81,335,332
296.82,317,315
296.88,334,333
296.88,315,314
296.88,333,334
296.88,314,314
296.88,329,331
296.88,317,315
296.88,325,328
296.94,323,319
296.94,321,325
296.94,329,324
296.94,319,321
296.94,332,328
296.94,317,317
296.95,333,332
297.0,316,317
297.0,333,332
297.0,315,315
297.0,334,334
297.0,317,315
297.01,331,332
297.01,316,314
297.08,329,332
297.08,322,317
297.08,327,328
297.08,326,321
297.08,318,323
297.08,329,325
297.08,315,318
297.14,333,330
297.14,315,316
297.14,331,329
297.14,315,314
297.14,333,332
297.14,315,313
297.15,334,332
297.2,312,312
297.2,330,330
297.2,313,312
297.2,324,327
297.2,316,313
297.2,320,323
297.21,321,315
297.27,310,315
297.27,323,319
297.27,310,311
297.27,326,323
297.27,306,308
297.27,324,322
297.28,307,306
297.33,325,324
297.33,304,305
297.33,324,324
297.33,307,306
297.33,323,324
297.33,310,308
297.34,321,322
297.41,317,311
297.41,314,319
297.41,323,318
297.41,310,313
297.41,324,321
297.41,308,310
297.41,324,325
297.47,308,308
297.47,325,325
297.47,308,307
297.47,328,326
297.47,309,307
297.47,327,326
297.47,311,309
297.53,324,325
297.53,314,312
297.53,322,324
297.53,319,315
297.53,315,319
297.53,326,321
297.54,315,316
297.59,329,327
297.59,314,313
297.59,331,329
297.59,312,312
297.59,331,330
297.6,314,312
297.6,331,331
297.66,312,313
297.66,331,332
297.66,316,314
297.66,329,330
297.66,321,317
297.66,323,327
297.67,326,323
297.72,320,323
297.72,330,327
297.72,317,319
297.72,334,333
297.72,316,316
297.73,333,334
297.74,316,316
297.8,335,334
297.8,315,315
297.8,332,334
297.8,317,316
297.8,330,332
297.8,322,319
297.8,329,331
297.86,325,321
297.86,325,327
297.86,331,326
297.86,320,324
297.86,334,331
297.86,318,319
297.87,335,334
297.92,317,318
297.92,335,333
297.92,316,316
297.92,337,336
297.92,316,316
297.92,332,335
297.93,318,316
297.98,333,333
297.98,320,318
297.98,326,329
297.98,327,324
297.98,323,327
297.99,331,327
298.0,319,321
298.06,331,329
298.06,315,317
298.06,333,332
298.06,316,315
298.06,332,332
298.06,315,314
298.06,332,332
298.12,314,313
298.12,330,331
298.12,317,313
298.12,328,329
298.12,322,317
298.12,322,325
298.13,324,319
298.19,318,319
298.19,326,323
298.19,313,314
298.19,327,324
298.19,310,310
298.19,326,326
298.19,309,308
298.25,326,326
298.25,308,307
298.25,326,326
298.25,312,310
298.25,326,327
298.25,315,313
298.26,323,326
298.31,316,315
298.31,319,321
298.31,322,318
298.31,311,316
298.31,327,323
298.32,311,311
298.33,327,324
298.39,309,309
298.39,325,325
298.39,308,307
298.39,324,325
298.39,308,308
298.39,326,327
298.39,312,311
298.45,327,327
298.45,316,313
298.45,323,326
298.45,322,317
298.45,317,321
298.45,326,322
298.46,315,317
298.51,331,328
298.51,315,316
298.51,333,332
298.51,314,314
298.51,334,334
298.51,316,316
298.52,334,334
298.58,316,316
298.58,333,334
298.58,320,317
298.58,331,333
298.58,322,320
298.58,324,328
298.59,328,323
298.64,319,323
298.64,331,327
298.64,317,319
298.64,334,331
298.64,316,317
298.64,335,333
298.65,317,316
298.72,333,332
298.72,314,314
298.72,332,333
298.72,315,313
298.72,332,333
298.72,319,316
298.72,328,330
298.73,322,319
298.74,320,323
298.75,324,320
298.81,313,316
298.81,328,325
298.81,315,317
298.81,334,333
298.81,314,314
298.81,331,331
298.81,314,313
298.87,335,332
298.87,315,314
298.87,332,333
298.87,318,318
298.87,333,333
298.87,322,319
298.88,328,331
298.94,327,322
298.94,326,330
298.94,332,329
298.94,322,323
298.94,336,333
298.94,318,320
298.94,334,335
299.0,319,319
299.0,336,336
299.0,320,319
299.0,339,337
299.0,318,318
299.0,337,337
299.01,322,319
299.06,333,333
299.06,322,319
299.06,326,329
299.06,329,324
299.06,321,324
299.07,331,328
299.07,317,320
299.14,332,331
299.14,318,318
299.14,336,333
299.14,315,314
299.14,334,334
299.14,314,314
299.14,334,334
299.2,318,316
299.2,333,334
299.2,320,318
299.2,329,332
299.2,324,322
299.2,327,331
299.21,330,327
299.26,321,324
299.26,335,331
299.26,318,319
299.26,335,334
299.26,319,319
299.26,338,334
299.27,314,317
299.33,336,336
299.33,317,315
299.33,336,335
299.33,316,315
299.33,330,333
299.33,321,317
299.34,327,329
299.39,323,320
299.39,320,324
299.39,330,324
299.39,316,319
299.39,330,327
299.39,313,315
299.4,331,329
299.47,313,313
299.47,331,330
299.47,313,312
299.47,328,329
299.47,314,312
299.47,326,329
299.47,314,313
299.53,325,326
299.53,318,315
299.53,322,326
299.53,322,319
299.53,316,320
299.53,328,324
299.53,315,316
299.59,327,327
299.59,312,312
299.59,331,328
299.59,310,311
299.59,328,328
299.59,310,310
299.6,329,328
299.65,311,309
299.65,325,327
299.65,313,309
299.65,320,323
299.65,317,311
299.66,316,319
299.66,320,317
299.72,311,315
299.72,324,321
299.72,311,311
299.72,328,326
299.72,311,311
299.72,326,325
299.73,309,308
299.78,325,325
299.78,310,308
299.78,328,328
299.78,310,309
299.78,323,326
299.79,314,311
299.8,319,322
299.86,319,314
299.86,315,319
299.86,324,319
299.86,310,314
299.86,324,322
299.86,312,311
299.86,327,325
299.92,311,311
299.92,328,326
299.92,310,309
299.92,328,328
299.92,309,308
299.92,323,325
299.93,312,310
299.98,322,325
299.98,315,312
299.98,320,322
299.98,322,316
299.98,313,316
299.98,326,321
299.99,311,311
300.04,324,323
300.04,308,309
300.04,326,325
300.04,307,308
300.04,327,327
300.05,306,307
300.06,327,327
300.11,312,310
300.11,327,327
300.11,313,310
300.11,321,324
300.11,317,312
300.11,314,318
300.12,320,316
300.19,309,312
300.19,323,320
300.19,308,309
300.19,325,323
300.19,308,307
300.19,325,324
300.19,307,307
300.25,326,325
300.25,307,306
300.25,324,324
300.25,308,308
300.25,322,324
300.25,311,311
300.25,320,323
300.31,318,314
300.31,315,318
300.31,322,319
300.31,308,311
300.31,324,323
300.31,310,309
300.32,326,323
300.37,309,308
300.37,327,327
300.37,307,306
300.37,326,326
300.37,307,306
300.38,327,326
300.39,313,309
300.44,324,325
300.44,317,314
300.44,318,322
300.44,320,317
300.44,315,318
300.44,327,323
300.45,310,313
300.51,326,326
300.52,310,311
300.52,330,328
300.52,312,310
300.52,327,327
300.52,311,310
300.52,328,327
300.58,311,309
300.58,326,327
300.58,315,310
300.58,321,324
300.58,317,314
300.58,317,322
300.58,324,320
300.64,313,317
300.64,328,325
300.64,313,313
300.64,327,326
300.64,311,312
300.64,327,327
300.65,309,309
300.7,328,328
300.7,308,308
300.7,325,326
300.7,311,309
300.7,323,324
300.7,313,309
300.71,317,320
300.76,316,312
300.76,315,318
300.76,322,318
300.76,311,312
300.76,324,323
300.77,308,311
300.78,326,325
300.84,306,308
300.84,326,326
300.84,308,309
300.84,326,326
300.84,308,308
300.84,323,325
300.84,310,307
300.91,322,323
300.91,313,310
300.91,318,319
300.91,317,313
300.91,312,314
300.91,323,320
300.91,310,311
300.97,324,322
300.97,307,307
300.97,325,324
300.97,308,309
300.97,325,324
300.97,309,309
300.98,327,326
301.03,312,309
301.03,322,326
301.03,314,311
301.03,321,323
301.03,320,316
301.03,318,322
301.04,322,318
301.09,314,317
301.09,328,325
301.09,313,313
301.09,326,325
301.09,308,311
301.1,329,328
301.11,311,310
301.17,330,329
301.17,312,310
301.17,329,329
301.17,315,313
301.17,327,329
301.17,319,316
301.17,324,327
301.23,322,320
301.23,320,323
301.23,330,326
301.23,316,317
301.23,332,329
301.23,312,313
301.24,333,331
301.3,313,313
301.3,331,330
301.3,311,310
301.3,327,330
301.3,312,312
301.3,329,330
301.3,314,312
301.36,327,328
301.36,322,316
301.36,322,326
301.36,326,322
301.36,319,322
301.36,329,325
301.37,315,316
301.42,331,328
301.42,313,314
301.42,330,330
301.42,310,311
301.42,330,330
301.43,313,312
301.43,331,330
301.48,313,311
301.48,329,328
301.48,315,312
301.48,324,326
301.48,319,315
301.49,318,320
301.5,323,319
301.56,313,315
301.56,324,322
301.56,309,311
301.56,327,324
301.56,310,309
301.56,327,326
301.56,309,308
301.62,328,326
301.62,308,308
301.62,327,326
301.62,312,309
301.62,326,325
301.62,315,313
301.63,319,323
301.69,321,316
301.69,315,318
301.69,325,320
301.69,313,314
301.69,330,326
301.69,312,312
301.7,328,327
301.75,309,311
301.75,331,330
301.75,310,310
301.75,331,330
301.75,312,310
301.75,328,329
301.76,313,312
301.81,325,327
301.81,317,313
301.81,318,324
301.81,320,318
301.81,315,318
301.82,326,323
301.83,312,314
301.89,328,325
301.89,312,312
301.89,327,326
301.89,311,309
301.89,328,328
301.89,308,307
301.89,325,326
301.95,307,306
301.95,325,326
301.95,310,309
301.95,323,324
301.95,316,313
301.95,316,320
301.96,323,318
302.01,312,315
302.01,325,322
302.01,311,311
302.01,326,324
302.01,307,308
302.02,324,324
302.02,307,307
302.08,324,325
302.08,307,306
302.08,326,326
302.08,312,310
302.08,324,326
302.08,313,310
302.09,320,324
302.15,320,316
302.15,313,318
302.15,324,320
302.15,310,314
302.15,329,325
302.15,314,313
302.15,331,329
302.22,312,311
302.22,330,329
302.22,312,311
302.22,330,331
302.22,314,312
302.22,331,332
302.22,315,314
302.28,329,329
302.28,321,316
302.28,324,327
302.28,328,323
302.28,320,323
302.28,332,330
302.29,318,320
302.34,335,332
302.34,316,317
302.34,335,332
302.34,316,315
302.34,335,335
302.34,315,316
302.35,335,335
302.4,317,317
302.4,333,335
302.4,323,319
302.4,332,333
302.4,326,323
302.41,326,330
302.42,331,328
302.48,323,326
302.48,335,334
302.48,324,324
302.48,338,336
302.48,319,321
302.48,339,338
302.48,320,320
302.54,341,339
302.54,320,320
302.54,338,339
302.54,322,319
302.54,334,337
302.54,326,323
302.55,330,334
302.6,329,326
302.6,327,330
302.6,334,329
302.6,318,323
302.6,336,332
302.61,319,319
302.61,336,334
302.67,318,318
302.67,334,334
302.67,318,317
302.67,337,335
302.67,317,315
302.67,333,334
302.68,319,316
302.73,331,332
302.73,322,319
302.73,325,327
302.73,327,321
302.73,320,323
302.74,330,326
302.74,316,318
302.81,333,330
302.81,317,316
302.81,336,335
302.81,316,317
302.81,338,336
302.81,315,315
302.81,333,334
302.87,319,317
302.87,333,333
302.87,322,318
302.87,328,330
302.87,323,318
302.87,322,326
302.88,330,325
302.93,318,321
302.93,331,327
302.93,315,316
302.93,330,330
302.93,312,314
302.93,330,330
302.94,312,312
302.99,333,331
302.99,313,312
302.99,330,331
302.99,313,312
302.99,328,329
303.0,319,315
303.01,323,326
303.07,322,318
303.07,316,321
303.07,326,321
303.07,315,316
303.07,329,326
303.07,312,312
303.07,326,325
303.13,310,311
303.13,330,329
303.13,309,310
303.13,331,329
303.13,310,310
303.13,328,328
303.14,312,311
303.19,324,326
303.19,318,314
303.19,322,324
303.19,321,318
303.19,315,320
303.19,325,322
303.2,313,315
303.26,330,329
303.26,314,315
303.26,332,330
303.26,311,313
303.26,332,332
303.26,312,311
303.27,329,331
303.32,313,312
303.32,328,330
303.32,316,314
303.32,323,326
303.32,318,315
303.33,318,322
303.33,324,319
303.4,315,316
303.4,328,323
303.4,313,313
303.4,329,326
303.4,308,309
303.4,326,326
303.4,306,307
303.46,326,326
303.46,309,306
303.46,322,324
303.46,308,308
303.46,324,325
303.46,314,310
303.47,318,321
303.52,320,315
303.52,312,317
303.52,323,319
303.52,310,313
303.52,325,322
303.52,311,311
303.53,326,327
303.59,309,310
303.59,329,329
303.59,310,310
303.59,330,329
303.59,312,310
303.59,328,330
303.6,315,313
303.65,326,328
303.65,319,316
303.65,322,325
303.65,326,321
303.65,316,321
303.65,329,324
303.66,315,317
303.71,334,330
303.71,313,314
303.71,330,330
303.71,311,312
303.71,330,331
303.72,312,311
303.73,330,331
303.79,314,312
303.79,327,328
303.79,316,313
303.79,322,325
303.79,318,314
303.79,318,321
303.79,323,319
303.85,313,315
303.85,325,321
303.85,310,312
303.85,327,325
303.85,310,309
303.85,326,326
303.86,308,307
303.92,327,326
303.92,305,304
303.92,323,324
303.92,308,306
303.92,320,322
303.92,309,308
303.92,317,319
303.98,313,310
303.98,312,314
303.98,318,315
303.98,307,309
303.98,323,320
303.98,308,309
303.99,326,324
304.04,306,306
304.04,324,324
304.04,306,305
304.04,324,324
304.04,306,306
304.05,325,324
304.06,309,307
304.12,318,322
304.12,315,311
304.12,316,320
304.12,320,314
304.12,312,315
304.12,322,319
304.12,311,312
304.18,327,324
304.18,309,309
304.18,327,327
304.18,310,308
304.18,330,328
304.18,311,308
304.19,326,327
304.24,310,309
304.24,326,327
304.24,315,313
304.24,325,326
304.24,321,316
304.24,319,322
304.25,323,320
304.31,316,317
304.31,325,324
304.31,312,313
304.31,329,326
304.31,310,310
304.31,330,329
304.32,311,309
304.37,328,328
304.37,309,308
304.37,325,326
304.37,309,308
304.37,323,325
304.37,312,309
304.38,316,320
304.45,316,312
304.45,313,316
304.45,320,317
304.45,310,311
304.45,322,321
304.45,307,308
304.45,327,324
304.51,307,308
304.51,326,325
304.51,308,308
304.51,326,327
304.51,309,306
304.51,326,325
304.51,310,308
304.57,322,325
304.57,315,312
304.57,318,321
304.57,320,317
304.57,310,314
304.57,324,321
304.58,310,312
304.63,325,324
304.63,311,310
304.63,327,327
304.63,310,309
304.63,329,328
304.64,311,308
304.64,329,328
304.7,309,309
304.7,325,326
304.7,315,311
304.7,323,325
304.7,317,314
304.7,317,321
304.71,325,319
304.77,314,316
304.77,328,323
304.77,309,310
304.77,326,325
304.77,309,308
304.77,325,324
304.78,307,308
304.84,327,326
304.84,307,306
304.84,325,327
304.84,309,307
304.84,321,324
304.84,315,311
304.84,321,323
304.9,316,314
304.9,314,318
304.9,324,319
304.9,312,313
304.9,324,323
304.9,308,310
304.91,326,323
304.96,308,307
304.96,326,325
304.96,307,306
304.96,327,325
304.96,304,305
304.96,325,325
304.97,311,308
305.02,321,322
305.03,314,311
305.03,318,320
305.03,320,315
305.03,311,317
305.03,325,321
305.04,311,313
305.09,324,324
305.09,310,309
305.09,328,326
305.09,309,310
305.09,330,328
305.1,309,309
305.1,327,328
305.16,313,311
305.16,325,328
305.16,314,310
305.16,323,324
305.16,316,314
305.16,316,319
305.17,323,318
305.23,314,317
305.23,328,325
305.23,311,314
305.23,330,327
305.23,312,312
305.23,333,330
305.23,313,312
305.29,331,331
305.29,314,313
305.29,332,332
305.29,315,312
305.29,326,328
305.29,317,315
305.3,324,326
305.35,324,319
305.35,319,321
305.35,328,323
305.35,316,317
305.35,327,327
305.36,314,314
305.37,329,329
305.43,312,312
305.43,330,331
305.43,311,312
305.43,333,332
305.43,314,313
305.43,331,332
305.43,316,315
305.49,328,330
305.49,323,317
305.49,323,325
305.49,326,321
305.49,319,322
305.49,331,327
305.5,316,319
305.55,331,330
305.55,313,315
305.55,333,333
305.55,313,314
305.55,332,333
305.55,312,313
305.56,335,333
305.62,315,315
305.62,331,331
305.62,318,316
305.62,326,329
305.62,320,318
305.62,320,324
305.63,328,324
305.68,317,318
305.68,330,328
305.68,316,316
305.68,330,328
305.68,312,312
305.69,331,330
305.69,312,312
305.76,330,329
305.76,310,311
305.76,327,328
305.76,313,310
305.76,325,327
305.76,316,312
305.76,320,323
305.82,320,315
305.82,316,318
305.82,321,318
305.82,311,313
305.82,325,322
305.82,311,311
305.82,324,324
305.88,305,306
305.88,328,328
305.88,309,309
305.88,326,327
305.88,312,311
305.88,325,327
305.89,313,311
305.95,323,325
305.95,315,312
305.95,320,323
305.95,322,318
305.95,314,317
305.95,324,321
305.96,311,312
306.01,326,324
306.01,311,311
306.01,325,325
306.01,308,308
306.01,328,326
306.01,306,306
306.02,326,326
306.07,307,306
306.07,322,324
306.07,309,307
306.07,318,319
306.07,315,310
306.08,313,316
306.09,316,312
306.15,305,308
306.15,317,315
306.15,301,304
306.15,322,319
306.15,303,303
306.15,323,320
306.15,302,302
306.21,321,321
306.21,305,303
306.21,321,322
306.21,305,304
306.21,318,320
306.21,306,305
306.22,313,316
306.23,314,309
306.24,310,312
306.25,317,313
306.31,306,308
306.31,319,317
306.31,303,304
306.31,323,320
306.31,304,303
306.31,322,322
306.31,304,303
306.37,323,322
306.37,305,305
306.37,323,324
306.37,309,305
306.37,319,322
306.37,313,309
306.38,315,319
306.43,321,315
306.43,310,313
306.43,323,319
306.43,309,311
306.43,324,323
306.43,307,308
306.44,324,324
306.49,305,306
306.49,326,324
306.49,305,305
306.49,322,323
306.49,306,306
306.5,323,325
306.51,311,308
306.57,318,321
306.57,312,309
306.57,312,316
306.57,319,314
306.57,307,311
306.57,322,318
306.57,306,307
306.64,322,321
306.64,307,306
306.64,324,323
306.64,303,303
306.64,323,321
306.64,303,303
306.64,321,321
306.7,304,302
306.7,317,320
306.7,308,304
306.7,311,315
306.7,311,307
306.7,308,312
306.71,316,312
306.76,304,307
306.76,319,317
306.76,305,305
306.76,321,320
306.76,304,305
306.76,323,321
306.77,304,303
306.82,321,322
306.82,304,302
306.82,318,321
306.82,305,302
306.82,316,318
306.83,306,304
306.84,310,314
306.9,315,310
306.9,306,309
306.9,318,315
306.9,305,306
306.9,318,317
306.9,300,302
306.9,318,318
306.96,299,301
306.96,321,320
306.96,301,301
306.96,319,320
306.96,302,302
306.96,317,318
306.97,306,303
307.03,311,316
307.03,307,305
307.03,311,314
307.03,313,309
307.03,303,308
307.03,317,314
307.03,305,305
307.09,322,319
307.09,304,303
307.09,322,321
307.09,303,303
307.09,320,320
307.09,304,304
307.1,323,322
307.15,307,305
307.15,320,321
307.15,309,307
307.15,317,319
307.15,314,311
307.16,311,315
307.16,320,317
307.21,311,312
307.21,325,322
307.21,309,309
307.21,325,325
307.21,309,310
307.22,327,326
307.23,309,309
307.29,328,328
307.29,309,309
307.29,327,326
307.29,312,310
307.29,323,325
307.29,316,312
307.29,318,322
307.35,322,317
307.35,314,318
307.35,325,321
307.35,313,315
307.35,327,326
307.35,311,312
307.36,328,328
307.42,311,311
307.42,329,329
307.42,312,310
307.42,328,329
307.42,315,312
307.42,326,327
307.43,315,312
307.48,324,326
307.48,318,314
307.48,316,320
307.48,323,319
307.48,313,316
307.48,324,322
307.49,310,312
307.54,327,326
307.54,308,310
307.54,329,328
307.54,311,310
307.54,330,329
307.55,310,310
307.56,328,328
307.61,310,311
307.61,326,328
307.61,315,313
307.61,323,325
307.61,318,314
307.61,316,319
307.62,323,319
307.69,310,313
307.69,328,325
307.69,313,312
307.69,327,328
307.69,311,310
307.69,330,329
307.69,312,312
307.75,327,328
307.75,312,312
307.75,330,329
307.75,314,313
307.75,326,330
307.75,321,316
307.75,322,325
307.81,324,321
307.81,320,323
307.81,331,328
307.81,317,319
307.81,333,330
307.81,316,317
307.82,334,333
307.87,317,316
307.87,333,333
307.87,318,316
307.87,334,335
307.88,316,317
307.88,335,334
307.88,321,318
307.94,329,332
307.94,324,321
307.94,323,327
307.94,330,325
307.94,320,322
307.94,333,328
307.95,319,319
308.0,334,333
308.0,317,317
308.0,334,334
308.0,317,317
308.0,334,335
308.01,319,317
308.02,335,335
308.08,319,316
308.08,331,332
308.08,320,319
308.08,328,329
308.08,327,322
308.08,322,326
308.08,330,326
308.14,321,322
308.14,332,330
308.14,316,318
308.14,332,332
308.14,314,315
308.14,332,331
308.15,312,313
308.2,335,333
308.2,316,313
308.21,332,333
308.21,314,314
308.21,329,330
308.21,321,316
308.21,323,326
308.27,325,321
308.27,319,322
308.27,330,326
308.27,315,318
308.27,334,331
308.27,314,315
308.28,332,332
308.33,315,314
308.33,334,333
308.33,314,314
308.33,332,334
308.33,314,314
308.34,331,333
308.34,320,317
308.4,328,331
308.4,325,320
308.4,325,326
308.4,326,322
308.4,321,322
308.4,332,330
308.41,318,317
308.47,333,331
308.47,315,314
308.47,332,331
308.47,314,313
308.47,332,332
308.47,313,312
308.47,331,332
308.53,313,310
308.53,328,329
308.53,317,315
308.53,322,325
308.53,321,316
308.53,317,321
308.54,324,320
308.59,313,317
308.59,329,326
308.59,312,312
308.59,329,329
308.59,311,311
308.6,329,329
308.61,310,310
308.66,330,328
308.66,314,311
308.66,327,329
308.66,314,311
308.66,323,325
308.66,319,316
308.67,321,324
308.74,320,317
308.74,317,320
308.74,325,322
308.74,315,316
308.74,330,326
308.74,310,311
308.74,329,328
308.8,309,310
308.8,328,328
308.8,310,309
308.8,329,329
308.8,313,310
308.8,325,327
308.8,315,313
308.86,324,327
308.86,320,316
308.86,320,325
308.86,327,322
308.86,318,320
308.86,331,327
308.87,316,317
308.92,331,328
308.92,315,316
308.92,333,331
308.92,313,312
308.92,332,331
308.92,314,312
308.93,329,330
308.99,314,312
308.99,324,327
308.99,315,312
308.99,320,324
308.99,321,316
308.99,316,319
309.0,324,320
309.06,314,316
309.06,328,325
309.06,309,311
309.06,329,326
309.06,309,309
309.06,326,326
309.06,306,309
309.13,326,326
309.13,310,308
309.13,325,326
309.13,309,307
309.13,322,323
309.13,314,311
309.13,318,320
309.19,319,314
309.19,310,315
309.19,324,319
309.19,310,312
309.19,324,322
309.19,308,308
309.2,327,324
309.25,308,308
309.25,327,326
309.25,306,306
309.25,324,325
309.25,307,306
309.25,323,323
309.26,309,307
309.31,319,323
309.31,311,309
309.31,312,316
309.31,317,314
309.31,307,310
309.32,320,318
309.33,308,309
309.39,322,321
309.39,303,305
309.39,324,322
309.39,305,304
309.39,322,322
309.39,305,305
309.39,323,322
309.45,305,303
309.45,319,321
309.45,308,306
309.45,316,320
309.45,315,311
309.45,312,316
309.46,318,315
309.51,307,310
309.51,325,320
309.51,307,308
309.51,324,325
309.51,310,309
309.51,327,325
309.52,307,306
309.58,325,324
309.58,305,305
309.58,327,326
309.58,312,309
309.58,324,326
309.58,317,313
309.59,318,323
309.64,320,315
309.64,312,317
309.64,323,319
309.64,312,314
309.64,326,323
309.65,310,309
309.65,325,324
309.72,308,307
309.72,327,326
309.72,308,308
309.72,327,325
309.72,305,306
309.72,323,324
309.72,311,308
309.78,321,323
309.78,316,312
309.78,317,319
309.78,322,316
309.78,312,316
309.78,324,321
309.79,311,311
309.84,326,326
309.84,311,311
309.84,328,328
309.84,310,311
309.84,332,329
309.84,313,311
309.85,330,330
309.9,310,311
309.9,327,328
309.9,315,313
309.9,322,325
309.9,320,316
309.91,318,321
309.92,325,321
309.97,313,317
309.97,329,326
309.97,313,314
309.97,331,328
309.97,313,313
309.97,332,332
309.98,314,314
310.05,332,332
310.05,315,313
310.05,332,333
310.05,317,315
310.05,329,330
310.05,323,318
310.05,325,328
310.11,326,322
310.11,320,322
310.11,331,326
310.11,316,318
310.11,333,330
310.11,314,316
310.11,331,331
310.17,312,313
310.17,331,330
310.17,313,313
310.17,330,330
310.17,313,310
310.17,329,329
310.18,314,312
310.24,326,327
310.24,318,313
310.24,320,322
310.24,325,321
310.24,316,319
310.24,328,326
310.24,312,315
310.3,331,329
310.3,313,314
310.3,333,332
310.3,314,314
310.3,333,331
310.3,312,312
310.31,329,330
310.36,314,312
310.36,329,329
310.36,318,314
310.36,322,324
310.36,320,315
310.37,317,321
310.38,324,320
310.44,313,316
310.44,326,325
310.44,313,314
310.44,329,329
310.44,313,312
310.44,330,329
310.44,310,310
310.5,330,329
310.5,310,310
310.5,327,329
310.5,313,310
310.5,324,327
310.5,317,313
310.51,320,323
310.56,322,317
310.56,317,319
310.56,326,322
310.56,314,316
310.56,328,328
310.56,313,313
310.57,328,329
310.62,312,311
310.62,329,329
310.62,309,309
310.62,330,328
310.62,308,308
310.63,324,326
310.64,311,308
310.7,322,323
310.7,315,311
310.7,318,320
310.7,320,315
310.7,312,314
310.7,321,318
310.7,307,308
310.76,325,322
310.76,305,307
310.76,324,322
310.76,307,306
310.76,325,326
310.76,306,306
310.77,326,326
310.83,308,307
310.83,323,325
310.83,314,310
310.83,319,322
310.83,315,311
310.83,315,318
310.83,320,317
310.89,310,314
310.89,325,322
310.89,307,308
310.89,324,324
310.89,307,308
310.89,326,326
310.9,307,306
310.95,327,326
310.95,305,306
310.95,325,325
310.95,308,307
310.95,321,321
310.96,311,306
310.96,317,319
311.02,317,312
311.02,312,314
311.02,321,317
311.02,307,310
311.02,320,320
311.02,306,307
311.03,323,323
311.09,305,307
311.09,324,324
311.09,305,304
311.09,325,325
311.09,304,305
311.09,322,324
311.1,309,306
311.15,320,322
311.15,314,309
311.15,315,318
311.15,319,315
311.15,311,315
311.15,325,321
311.16,311,311
311.22,327,324
311.22,310,310
311.22,330,328
311.22,309,308
311.22,327,328
311.22,310,309
311.23,326,328
311.28,309,308
311.28,325,325
311.28,312,308
311.28,319,321
311.28,317,313
311.28,314,318
311.29,322,318
311.36,312,313
311.36,326,322
311.36,306,309
311.36,325,324
311.36,310,309
311.36,326,324
311.36,309,308
311.42,329,328
311.42,308,308
311.42,327,327
311.42,310,309
311.42,322,326
311.42,315,311
311.42,320,322
311.48,321,315
311.48,315,318
311.48,323,319
311.48,310,313
311.48,325,323
311.48,308,310
311.49,325,325
311.55,305,306
311.55,325,325
311.55,305,306
311.55,325,324
311.55,307,305
311.55,324,324
311.55,308,306
311.61,319,322
311.61,313,309
311.61,315,318
311.61,316,313
311.61,308,312
311.61,320,318
311.62,308,309
311.67,323,322
311.67,304,306
311.67,324,323
311.67,306,305
311.67,326,324
311.68,307,307
311.69,327,326
311.75,307,306
311.75,325,327
311.75,313,310
311.75,321,322
311.75,319,315
311.75,319,322
311.75,325,319
311.81,313,317
311.81,329,325
311.81,314,315
311.81,330,328
311.81,309,310
311.81,331,330
311.82,310,310
311.87,331,329
311.87,312,311
311.87,331,331
311.87,315,313
311.87,326,329
311.87,317,315
311.88,323,327
311.93,323,320
311.93,320,323
311.93,330,325
311.93,317,318
311.93,332,330
311.94,316,316
311.95,332,330
312.01,313,314
312.01,335,332
312.01,311,312
312.01,334,332
312.01,314,312
312.01,331,334
312.01,319,315
312.07,329,331
312.07,321,318
312.07,324,327
312.07,326,322
312.07,317,321
312.07,330,327
312.08,316,317
312.14,333,330
312.14,314,314
312.14,332,332
312.14,313,313
312.14,333,333
312.14,314,313
312.14,333,334
312.2,316,314
312.2,331,332
312.2,319,317
312.2,327,331
312.2,325,319
312.2,323,326
312.21,329,324
312.26,319,322
312.26,332,328
312.26,317,318
312.26,334,333
312.26,317,317
312.27,335,333
312.28,317,315
312.34,336,335
312.34,314,313
312.34,335,334
312.34,316,314
312.34,330,331
312.34,318,315
312.34,325,326
312.4,323,319
312.4,319,322
312.4,327,323
312.4,312,315
312.4,328,327
312.4,312,312
312.41,328,328
312.47,311,310
312.47,329,328
312.47,309,308
312.47,327,328
312.47,311,309
312.47,326,326
312.47,310,308
312.53,323,324
312.53,315,311
312.53,319,321
312.53,321,317
312.53,310,314
312.53,323,321
312.54,308,310
312.59,324,323
312.59,309,308
312.59,328,327
312.59,307,308
312.59,328,328
312.59,309,308
312.6,327,328
312.65,309,309
312.65,324,326
312.65,312,310
312.65,320,321
312.65,314,312
312.66,314,317
312.67,321,316
312.73,310,312
312.73,325,320
312.73,306,308
312.73,323,321
312.73,302,303
312.73,323,322
312.73,306,304
312.79,323,323
312.79,302,303
312.79,321,323
312.79,306,305
312.79,319,321
312.79,311,306
312.8,315,317
312.86,315,309
312.86,309,312
312.86,320,315
312.86,305,309
312.86,323,320
312.86,305,307
312.87,325,324
312.92,307,306
312.92,324,324
312.92,307,305
312.92,325,325
312.92,308,305
312.92,324,324
312.93,310,307
312.99,319,321
312.99,315,312
312.99,316,319
312.99,319,314
312.99,311,312
312.99,323,319
313.0,308,309
313.06,323,322
313.06,305,306
313.06,324,324
313.06,304,305
313.06,325,325
313.06,306,305
313.06,324,324
313.12,308,306
313.12,321,323
313.12,310,308
313.12,318,321
313.12,316,312
313.12,314,317
313.13,320,316
313.18,309,312
313.18,322,320
313.18,308,309
313.18,326,324
313.18,306,308
313.18,327,325
313.19,307,306
313.24,328,327
313.24,309,307
313.24,325,327
313.24,310,308
313.24,323,324
313.25,313,310
313.26,320,323
313.32,319,315
313.32,314,317
313.32,324,320
313.32,309,312
313.32,325,324
313.32,308,310
313.32,327,324
313.38,306,307
313.38,326,325
313.38,306,306
313.38,327,325
313.38,307,305
313.38,322,324
313.39,311,307
313.45,319,321
313.45,311,308
313.45,314,317
313.45,315,311
313.45,309,312
313.45,321,318
313.46,307,307
313.51,322,320
313.51,304,305
313.51,323,320
313.51,304,303
313.51,323,322
313.51,303,302
313.52,322,320
313.59,305,302
313.59,320,321
313.59,307,303
313.59,314,317
313.59,311,307
313.59,311,313
313.59,318,316
313.65,306,309
313.65,324,320
313.65,308,309
313.65,323,322
313.65,306,306
313.65,327,326
313.66,307,305
313.66,326,326
313.67,307,306
313.68,324,326
313.74,310,309
313.74,321,324
313.74,312,309
313.74,318,322
313.74,321,315
313.74,314,317
313.75,322,319
313.8,310,312
313.8,327,324
313.8,308,310
313.8,327,325
313.8,309,308
313.8,327,325
313.81,307,306
313.87,325,326
313.87,309,307
313.87,323,326
313.87,309,307
313.87,320,322
313.87,315,310
313.88,314,317
313.93,318,313
313.93,309,311
313.93,320,318
313.93,307,309
313.93,322,321
313.93,305,305
313.94,325,324
314.01,304,305
314.01,324,324
314.01,302,304
314.01,326,325
314.01,309,306
314.01,321,323
314.01,309,307
314.07,318,319
314.07,315,310
314.07,310,315
314.07,320,316
314.07,307,309
314.07,321,319
314.07,305,306
314.13,321,320
314.13,303,306
314.13,324,324
314.13,305,304
314.13,326,324
314.13,305,304
314.14,323,324
314.19,307,305
314.19,319,322
314.19,313,308
314.19,317,320
314.19,319,314
314.2,314,315
314.2,324,319
314.26,309,312
314.26,325,321
314.26,305,308
314.26,326,325
314.26,305,307
314.26,326,326
314.27,308,308
314.33,326,327
314.34,307,307
314.34,325,326
314.34,312,309
314.34,322,324
314.34,315,312
314.34,319,321
314.4,323,318
314.4,315,317
314.4,327,322
314.4,312,313
314.4,328,326
314.4,311,311
314.4,328,327
314.46,310,309
314.46,331,328
314.46,308,308
314.46,327,328
314.46,309,308
314.46,324,327
314.47,313,310
314.52,321,322
314.52,317,312
314.52,314,319
314.52,320,316
314.52,313,314
314.52,325,322
314.53,310,309
314.58,324,324
314.58,310,308
314.58,324,325
314.58,304,305
314.58,325,326
314.59,304,305
314.6,325,326
314.66,310,306
314.66,323,324
314.66,314,309
314.66,318,321
314.66,319,315
314.66,312,316
314.66,323,319
314.72,312,314
314.72,327,325
314.72,307,309
314.72,325,325
314.72,309,308
314.72,326,326
314.73,308,307
314.79,329,328
314.79,309,308
314.79,325,327
314.79,311,310
314.79,322,325
314.79,316,313
314.79,317,321
314.85,320,317
314.85,314,316
314.85,325,322
314.85,314,313
314.85,327,324
314.85,308,310
314.86,326,327
314.91,308,307
314.91,329,328
314.91,309,308
314.91,326,327
314.91,311,308
314.92,324,326
314.93,313,310
314.98,320,323
314.98,318,313
314.98,314,318
314.98,322,318
314.98,314,316
314.98,327,323
314.99,312,313
315.05,326,325
315.05,307,309
315.05,327,326
315.05,306,306
315.05,326,327
315.05,310,309
315.06,328,327
315.12,311,308
315.12,326,326
315.12,314,311
315.12,321,323
315.12,322,316
315.12,316,320
315.12,325,320
315.18,312,315
315.18,328,325
315.18,313,314
315.18,332,329
315.18,312,312
315.18,332,331
315.19,313,311
315.24,331,331
315.24,315,313
315.24,330,331
315.24,319,315
315.24,330,331
315.24,321,318
315.25,323,327
315.3,328,323
315.3,319,322
315.3,332,327
315.3,316,319
315.3,333,331
315.31,312,314
315.32,332,330
315.38,311,312
315.38,333,331
315.38,312,311
315.38,330,331
315.38,313,311
315.38,327,329
315.38,313,312
315.44,324,326
315.44,318,314
315.44,316,320
315.44,323,318
315.44,312,315
315.44,325,322
315.45,309,310
315.5,326,325
315.5,310,310
315.5,327,327
315.5,310,309
315.5,329,328
315.51,309,309
315.52,329,328
315.57,313,310
315.57,324,327
315.57,314,311
315.57,318,322
315.57,320,315
315.57,314,317
315.58,323,319
315.64,310,313
315.64,325,322
315.64,309,309
315.64,327,325
315.64,308,309
315.64,328,326
315.65,310,309
315.71,330,328
315.71,312,310
315.71,328,329
315.71,314,312
315.71,325,326
315.71,316,313
315.71,319,321
315.77,319,315
315.77,313,317
315.77,322,319
315.77,310,311
315.77,325,322
315.77,308,308
315.78,324,325
315.84,306,307
315.84,327,325
315.84,307,305
315.84,325,326
315.84,308,305
315.84,323,324
315.84,311,308
315.9,318,321
315.9,315,310
315.9,312,316
315.9,321,316
315.9,309,311
315.9,322,320
315.91,307,307
315.96,324,323
315.96,307,307
315.96,325,323
315.96,304,304
315.96,324,325
315.97,307,304
315.97,324,324
316.04,307,306
316.04,322,324
316.04,314,310
316.04,318,321
316.04,316,312
316.04,314,317
316.04,322,319
316.1,312,315
316.1,327,325
316.1,310,311
316.1,328,327
316.1,311,310
316.1,327,327
316.11,310,308
316.16,330,328
316.16,310,310
316.16,330,330
316.16,315,311
316.16,325,326
316.16,317,314
316.17,320,324
316.22,322,319
316.22,317,320
316.22,328,325
316.22,315,316
316.22,330,328
316.23,312,315
316.24,331,329
316.3,311,312
316.3,335,332
316.3,310,310
316.3,326,329
316.3,311,311
316.3,326,328
316.3,313,311
316.37,323,325
316.37,321,315
316.37,318,321
316.37,322,318
316.37,315,318
316.37,329,325
316.37,313,314
316.43,331,328
316.43,312,313
316.43,329,327
316.43,309,311
316.43,331,329
316.43,309,309
316.43,328,328
316.49,310,309
316.49,322,325
316.49,316,312
316.49,320,324
316.49,321,315
316.49,316,319
316.5,325,320
316.55,311,315
316.55,329,325
316.56,310,312
316.56,331,329
316.56,312,312
316.56,328,328
316.56,310,310
316.62,331,330
316.62,310,310
316.62,326,329
316.62,312,311
316.62,322,327
316.62,319,315
316.63,320,323
316.68,323,317
316.68,315,317
316.68,326,323
316.68,311,311
316.68,326,325
316.69,311,311
316.69,330,329
316.76,311,310
316.76,331,328
316.76,310,310
316.76,329,328
316.76,308,309
316.76,326,326
316.76,312,309
316.82,320,323
316.82,316,312
316.82,314,319
316.82,320,317
316.82,310,314
316.82,324,321
316.83,311,312
316.88,330,327
316.88,311,312
316.88,329,329
316.88,311,311
316.88,332,333
316.88,314,313
316.89,330,333
316.95,316,314
316.95,329,332
316.95,321,317
316.95,326,329
316.95,326,323
316.95,322,326
316.96,331,326
317.01,319,320
317.01,332,331
317.01,317,319
317.01,335,334
317.01,314,316
317.01,336,334
317.02,315,316
317.09,336,335
317.09,316,315
317.09,332,334
317.09,321,317
317.09,331,333
317.09,325,320
317.09,328,330
317.15,328,325
317.15,323,326
317.15,335,331
317.15,317,320
317.15,334,332
317.15,314,317
317.15,335,333
317.21,315,314
317.21,336,334
317.21,314,314
317.21,335,334
317.21,316,315
317.21,330,332
317.22,319,315
317.27,327,329
317.27,323,317
317.27,319,323
317.27,326,322
317.27,316,319
317.28,331,327
317.28,315,316
317.34,330,329
317.34,312,311
317.34,333,330
317.34,313,312
317.34,332,332
317.34,312,311
317.35,333,333
317.41,313,312
317.41,328,329
317.41,316,313
317.41,321,324
317.41,322,316
317.41,316,320
317.42,324,320
317.47,311,314
317.47,326,323
317.47,310,309
317.47,327,324
317.47,307,307
317.47,326,325
317.48,306,304
317.54,325,324
317.54,302,302
317.54,322,322
317.54,306,305
317.54,317,320
317.54,312,307
317.55,312,316
317.6,314,310
317.6,309,311
317.6,319,316
317.6,307,308
317.6,322,320
317.6,304,306
317.61,322,321
317.68,306,304
317.68,325,323
317.68,303,303
317.68,323,322
317.68,305,303
317.68,321,322
317.68,309,306
317.74,317,320
317.74,314,310
317.74,315,318
317.74,318,315
317.74,308,312
317.74,323,319
317.74,310,310
317.8,325,323
317.8,306,308
317.8,327,324
317.8,304,305
317.8,324,325
317.8,306,306
317.81,326,325
317.86,307,306
317.86,323,323
317.86,312,308
317.86,317,320
317.86,315,312
317.87,313,314
317.87,319,315
317.94,305,308
317.94,322,319
317.94,307,307
317.94,326,323
317.94,305,307
317.94,328,326
317.94,308,308
318.0,326,326
318.0,310,309
318.0,327,327
318.0,311,309
318.0,323,326
318.0,318,313
318.01,319,323
318.06,320,317
318.06,311,317
318.06,322,321
318.06,311,313
318.06,327,325
318.06,310,311
318.07,328,327
318.13,309,310
318.13,331,329
318.13,308,310
318.13,331,330
318.13,313,310
318.13,328,329
318.14,315,311
318.19,324,327
318.19,320,315
318.19,319,323
318.19,324,320
318.19,313,317
318.19,327,325
318.2,312,314
318.27,329,328
318.27,313,313
318.27,330,329
318.27,310,312
318.27,331,330
318.27,310,310
318.27,330,330
318.33,315,311
318.33,328,328
318.33,317,314
318.33,321,324
318.33,323,317
318.33,315,319
318.33,324,320
318.39,310,312
318.39,327,323
318.39,308,310
318.39,327,327
318.39,309,308
318.39,327,326
318.4,308,306
318.45,325,324
318.45,307,306
318.45,323,323
318.45,308,305
318.45,318,321
318.46,308,306
318.46,314,316
318.52,316,311
318.52,309,313
318.52,322,318
318.52,305,307
318.52,321,319
318.52,303,304
318.53,323,321
318.59,303,304
318.59,324,323
318.59,304,303
318.59,322,322
318.59,305,303
318.59,321,321
318.6,307,304
318.66,317,320
318.66,312,306
318.66,311,314
318.66,317,313
318.66,310,311
318.66,321,319
318.66,307,306
318.72,322,321
318.72,304,304
318.72,322,322
318.72,302,303
318.72,323,323
318.72,303,303
318.73,323,323
318.78,306,304
318.78,319,322
318.78,311,306
318.78,317,320
318.78,312,311
318.78,311,314
318.79,320,316
318.85,307,310
318.85,322,319
318.85,305,307
318.85,323,321
318.85,305,304
318.85,324,323
318.86,303,305
318.91,325,323
318.91,304,303
318.91,323,323
318.91,307,304
318.91,320,322
318.91,313,308
318.92,315,318
318.99,318,312
318.99,307,312
318.99,323,317
318.99,304,308
318.99,325,321
318.99,305,305
318.99,325,322
319.05,305,304
319.05,324,324
319.05,304,304
319.05,323,323
319.05,304,304
319.05,320,322
319.05,308,306
319.11,319,321
319.11,314,309
319.11,313,315
319.11,318,315
319.11,310,312
319.11,323,319
319.12,309,309
319.17,324,322
319.17,305,307
319.17,324,324
319.17,306,305
319.17,326,325
319.18,307,304
319.19,323,325
319.25,306,306
319.25,323,323
319.25,312,308
319.25,316,321
319.25,315,312
319.25,311,315
319.25,319,315
319.31,310,312
319.31,323,319
319.31,304,306
319.31,325,322
319.31,303,305
319.31,323,322
319.32,301,301
319.37,320,322
319.37,305,303
319.37,321,321
319.37,304,303
319.37,318,319
319.37,308,305
319.38,311,316
319.44,312,310
319.44,308,312
319.44,316,314
319.44,305,307
319.44,321,317
319.44,303,304
319.45,321,319
319.5,302,303
319.5,323,321
319.5,301,301
319.5,320,320
319.5,302,301
319.5,318,320
319.51,307,303
319.58,315,318
319.58,312,308
319.58,312,315
319.58,318,313
319.58,311,313
319.58,323,319
319.58,309,309
319.64,326,323
319.64,307,308
319.64,327,326
319.64,309,308
319.64,328,328
319.64,309,308
319.64,329,328
319.7,312,309
319.7,327,328
319.7,316,312
319.7,321,325
319.7,320,315
319.7,317,320
319.71,324,320
319.76,312,315
319.76,326,324
319.76,311,312
319.76,328,327
319.76,312,312
319.77,331,328
319.77,311,310
319.84,331,329
319.84,312,310
319.84,328,328
319.84,311,311
319.84,325,327
319.84,313,310
319.84,319,322
319.9,320,315
319.9,313,316
319.9,325,321
319.9,310,312
319.9,326,323
319.9,309,309
319.91,325,325
319.96,307,307
319.96,327,327
319.96,308,306
319.96,328,327
319.96,309,306
319.96,324,325
319.97,311,308
320.03,321,323
320.03,315,310
320.03,316,320
320.03,319,315
320.03,310,313
320.03,322,319
320.04,308,311
320.09,324,323
320.09,307,307
320.09,327,324
320.09,304,305
320.09,325,324
320.09,305,305
320.1,325,326
320.17,311,307
320.17,323,324
320.17,313,310
320.17,321,324
320.17,319,314
320.17,316,319
320.17,322,318
320.23,312,315
320.23,324,322
320.23,311,312
320.23,327,327
320.23,311,310
320.23,328,327
320.23,310,308
320.29,329,329
320.29,308,307
320.29,328,328
320.29,311,308
320.29,323,325
320.29,315,311
320.3,318,321
320.35,318,315
320.35,313,317
320.35,324,320
320.35,310,313
320.35,324,323
320.36,311,311
320.36,328,327
320.43,308,310
320.43,329,328
320.43,308,308
320.43,329,330
320.43,313,310
320.43,328,330
320.43,314,312
320.49,324,328
320.49,318,314
320.49,320,323
320.49,324,319
320.49,315,318
320.49,327,324
320.5,312,314
320.55,329,328
320.55,313,312
320.55,332,330
320.55,312,311
320.55,331,329
320.55,311,310
320.56,329,329
320.62,312,312
320.62,326,327
320.62,315,312
320.62,324,326
320.62,322,316
320.62,320,323
320.63,326,321
320.68,316,318
320.68,331,326
320.68,313,315
320.68,331,329
320.68,310,311
320.68,333,331
320.69,310,311
320.74,330,329
320.74,310,310
320.74,330,331
320.74,312,312
320.74,327,328
320.75,316,314
320.76,323,325
320.81,324,319
320.81,318,321
320.81,328,324
320.81,316,318
320.81,331,328
320.82,313,314
320.82,330,329
320.89,309,311
320.89,331,330
320.89,309,310
320.89,328,329
320.89,311,309
320.89,328,329
320.89,314,311
320.95,324,326
320.95,316,314
320.95,318,320
320.95,325,319
320.95,313,316
320.95,326,324
320.95,313,315
321.02,328,325
321.02,310,311
321.02,328,329
321.02,314,312
321.02,334,332
321.02,315,313
321.02,331,331
321.08,315,313
321.08,332,332
321.08,318,315
321.08,325,329
321.08,324,320
321.08,323,326
321.09,328,324
321.14,317,320
321.14,333,329
321.14,317,319
321.14,336,333
321.14,316,317
321.14,336,334
321.15,315,316
321.2,336,334
321.2,316,316
321.2,334,334
321.2,318,315
321.2,331,331
321.21,322,319
321.22,327,329
321.23,326,322
321.24,321,324
321.25,331,326
321.3,317,320
321.3,330,329
321.3,314,315
321.3,335,332
321.3,312,313
321.3,334,332
321.31,314,312
321.36,332,333
321.36,315,313
321.36,329,331
321.36,319,316
321.36,329,330
321.37,322,318
321.38,322,327
321.44,326,321
321.44,319,321
321.44,329,327
321.44,316,316
321.44,330,329
321.44,315,315
321.44,331,330
321.52,311,312
321.52,332,331
321.52,314,313
321.52,331,332
321.52,311,312
321.52,331,330
321.52,317,314
321.52,327,329
321.53,324,320
321.54,322,327
321.55,331,326
321.56,320,323
321.56,333,331
321.57,318,318
321.63,333,332
321.63,315,314
321.63,332,330
321.63,313,312
321.63,331,331
321.63,312,310
321.64,329,329
321.69,312,311
321.69,325,327
321.69,317,313
321.69,320,323
321.69,318,313
321.7,310,315
321.7,324,320
321.76,308,311
321.76,325,322
321.76,308,309
321.76,324,324
321.76,306,306
321.76,325,324
321.77,307,305
321.82,324,325
321.82,304,304
321.82,324,325
321.82,310,308
321.82,317,321
321.83,312,309
321.84,314,316
321.89,315,310
321.89,310,313
321.89,319,315
321.89,305,305
321.89,321,318
321.89,302,303
321.9,319,319
321.96,301,302
321.96,320,319
321.96,301,300
321.96,317,316
321.96,299,298
321.96,314,316
321.97,305,301
322.02,314,314
322.02,306,303
322.02,307,311
322.02,315,309
322.02,305,307
322.02,317,314
322.03,301,303
322.09,319,317
322.09,302,301
322.09,320,319
322.09,300,300
322.09,323,321
322.09,302,302
322.1,320,321
322.15,304,304
322.15,318,319
322.15,306,304
322.15,314,318
322.15,313,309
322.15,310,313
322.16,319,315
322.22,306,308
322.22,323,320
322.22,305,305
322.22,324,323
322.22,306,306
322.22,324,323
322.23,307,305
322.29,326,325
322.29,306,304
322.29,322,322
322.29,306,304
322.29,319,320
322.29,313,308
322.29,313,315
322.35,316,311
322.35,307,311
322.35,320,316
322.35,307,308
322.35,321,319
322.35,306,306
322.36,325,323
322.41,305,306
322.41,325,325
322.41,306,306
322.41,326,326
322.41,309,308
322.42,324,324
322.42,310,308
322.48,319,322
322.48,315,312
322.48,315,319
322.48,321,317
322.48,312,314
322.48,324,321
322.49,308,309
322.56,327,324
322.56,306,308
322.56,328,326
322.56,306,305
322.56,327,325
322.56,309,307
322.56,324,326
322.62,308,306
322.62,321,324
322.62,313,309
322.62,318,321
322.62,316,312
322.62,315,317
322.62,321,319
322.68,311,314
322.68,326,323
322.68,310,310
322.68,327,325
322.68,308,309
322.68,328,327
322.69,308,309
322.74,330,328
322.74,310,310
322.74,328,329
322.74,312,312
322.74,323,328
322.74,318,315
322.75,323,325
322.81,325,320
322.81,315,319
322.81,329,325
322.81,314,316
322.81,329,328
322.81,313,313
322.82,328,328
322.87,310,311
322.87,331,329
322.87,312,312
322.87,329,330
322.87,312,312
322.88,328,329
322.88,315,312
322.95,326,327
322.95,321,316
322.95,318,322
322.95,324,320
322.95,314,318
322.95,329,325
322.95,313,313
323.01,327,324
323.01,310,311
323.01,329,326
323.01,307,308
323.01,329,328
323.01,308,307
323.01,325,326
323.07,310,307
323.07,322,323
323.07,314,310
323.07,318,321
323.07,318,314
323.07,315,317
323.08,321,316
323.14,311,311
323.14,323,320
323.14,306,308
323.14,328,325
323.14,310,308
323.14,327,325
323.15,308,308
323.2,324,325
323.2,308,306
323.2,325,325
323.2,309,307
323.2,320,322
323.2,314,310
323.21,314,319
323.28,318,315
323.28,313,315
323.28,325,319
323.28,309,311
323.28,325,323
323.28,307,308
323.28,327,325
323.34,306,308
323.34,324,326
323.34,306,308
323.34,327,327
323.34,306,305
323.34,324,325
323.34,311,307
323.4,320,321
323.4,315,310
323.4,315,318
323.4,320,316
323.4,310,313
323.4,323,320
323.41,307,308
323.46,324,322
323.46,304,306
323.46,324,324
323.46,304,303
323.46,322,323
323.47,307,304
323.47,323,322
323.52,306,304
323.52,321,321
323.52,308,306
323.52,314,318
323.53,314,310
323.53,312,315
323.54,319,314
323.6,307,309
323.6,322,320
323.6,304,307
323.6,324,323
323.6,308,307
323.6,327,326
323.6,306,308
323.66,328,327
323.66,311,309
323.66,328,328
323.66,314,311
323.66,324,327
323.66,318,316
323.67,322,326
323.73,325,322
323.73,318,322
323.73,331,327
323.73,320,320
323.73,336,332
323.73,318,318
323.74,333,333
323.79,317,317
323.79,338,336
323.79,316,317
323.79,337,338
323.79,319,317
323.79,334,336
323.8,323,320
323.87,334,335
323.87,330,325
323.87,326,330
323.87,334,329
323.87,322,326
323.87,335,330
323.87,319,320
323.93,334,333
323.93,318,318
323.93,335,335
323.93,318,317
323.93,337,336
323.93,317,316
323.93,335,336
323.99,320,318
323.99,335,335
323.99,323,319
323.99,329,331
323.99,326,323
323.99,326,328
324.0,329,325
324.05,317,320
324.05,333,332
324.05,315,316
324.05,330,330
324.05,313,313
324.06,330,330
324.06,314,311
324.12,328,328
324.12,313,311
324.12,328,328
324.12,312,311
324.12,327,329
324.12,317,314
324.13,321,324
324.18,324,319
324.18,316,320
324.18,324,322
324.18,312,315
324.18,328,327
324.19,310,312
324.19,328,327
324.26,308,309
324.26,328,328
324.26,309,309
324.26,327,327
324.26,311,308
324.26,327,327
324.26,314,311
324.32,322,323
324.32,319,314
324.32,319,321
324.32,325,320
324.32,315,317
324.32,327,323
324.33,313,314
324.38,328,327
324.38,311,310
324.38,328,327
324.38,309,308
324.38,328,327
324.38,310,309
324.39,329,329
324.44,309,309
324.44,324,326
324.44,315,312
324.44,321,324
324.44,319,316
324.45,317,321
324.46,327,321
324.51,314,317
324.51,329,326
324.51,313,313
324.51,331,328
324.51,311,313
324.51,331,330
324.52,313,311
324.58,329,330
324.58,312,310
324.58,328,329
324.58,317,313
324.58,327,329
324.58,317,314
324.59,321,324
324.65,323,319
324.65,319,322
324.65,329,324
324.65,314,318
324.65,331,328
324.65,312,314
324.65,332,330
324.71,315,313
324.71,331,329
324.71,310,310
324.71,329,332
324.71,314,312
324.71,329,330
324.72,313,314
324.77,324,326
324.77,318,316
324.77,318,323
324.77,323,319
324.77,314,317
324.78,326,321
324.78,310,312
324.85,326,325
324.85,306,308
324.85,325,324
324.85,308,308
324.85,326,324
324.85,304,305
324.85,324,325
324.91,304,305
324.91,318,321
324.91,311,307
324.91,312,317
324.91,310,307
324.91,310,313
324.92,319,314
324.97,305,309
324.97,321,318
324.97,306,305
324.97,322,320
324.97,306,305
324.98,320,322
324.98,303,302
325.04,320,321
325.04,303,304
325.04,322,322
325.04,306,304
325.04,318,321
325.04,312,309
325.05,318,319
325.1,318,312
325.1,308,313
325.1,320,317
325.1,309,311
325.1,325,322
325.1,309,308
325.11,324,324
325.16,308,308
325.16,328,325
325.16,305,307
325.16,325,326
325.16,309,307
325.17,324,326
325.18,312,309
325.24,322,324
325.24,316,313
325.24,318,321
325.24,321,317
325.24,312,316
325.24,327,323
325.24,311,313
325.3,329,326
325.3,310,311
325.3,331,328
325.3,311,310
325.3,333,331
325.3,312,311
325.31,330,330
325.36,312,310
325.36,327,327
325.36,316,313
325.36,323,325
325.36,322,317
325.37,318,322
325.37,327,322
325.43,319,320
325.43,331,328
325.43,318,318
325.43,333,332
325.43,317,317
325.43,335,333
325.44,317,317
325.5,334,335
325.5,317,315
325.5,335,335
325.5,319,316
325.5,333,333
325.5,322,320
325.5,329,330
325.57,327,323
325.57,323,326
325.57,331,328
325.57,319,322
325.57,336,333
325.57,318,320
325.57,336,335
325.63,318,318
325.63,339,336
325.63,317,317
325.63,338,337
325.63,319,318
325.63,335,335
325.64,320,318
325.69,331,333
325.69,324,322
325.69,324,329
325.69,329,324
325.69,323,325
325.69,332,331
325.7,317,320
325.75,338,334
325.75,317,319
325.75,335,336
325.75,317,318
325.75,336,336
325.76,317,318
325.77,334,335
325.82,318,316
325.82,331,332
325.82,320,317
325.82,327,330
325.82,325,320
325.82,324,327
325.83,329,324
325.89,319,322
325.89,332,329
325.89,315,316
325.89,331,330
325.89,316,315
325.89,334,332
325.9,315,313
325.95,333,332
325.95,313,311
325.95,330,331
325.95,315,312
325.96,328,329
325.96,318,314
325.96,322,324
326.02,322,317
326.02,317,319
326.02,327,321
326.02,314,315
326.02,327,324
326.02,311,312
326.03,328,325
326.08,311,310
326.08,329,329
326.08,309,309
326.08,330,329
326.08,314,312
326.09,328,330
326.09,316,312
326.16,325,328
326.16,319,315
326.16,319,324
326.16,324,321
326.16,316,320
326.16,328,325
326.16,315,317
326.22,329,328
326.22,314,313
326.22,333,330
326.22,311,313
326.22,330,331
326.22,311,312
326.23,330,331
326.28,313,311
326.28,326,328
326.28,316,313
326.28,327,328
326.28,320,317
326.28,321,324
326.29,327,322
326.34,314,318
326.34,330,326
326.34,312,314
326.34,329,328
326.34,313,313
326.35,331,329
326.36,312,312
326.41,330,329
326.41,310,311
326.41,328,329
326.41,314,311
326.41,324,328
326.41,315,313
326.42,322,324
326.48,319,316
326.48,318,319
326.48,324,319
326.48,310,313
326.48,328,324
326.48,308,311
326.49,327,325
326.55,309,310
326.55,327,325
326.55,307,306
326.55,328,326
326.55,309,308
326.55,327,326
326.55,311,309
326.61,323,324
326.61,316,312
326.61,319,321
326.61,322,317
326.61,313,317
326.61,323,320
326.62,312,312
326.67,325,322
326.67,309,309
326.67,327,324
326.67,305,308
326.67,328,326
326.68,307,305
326.68,324,324
326.74,306,303
326.74,323,324
326.74,309,307
326.74,319,322
326.74,312,308
326.74,312,317
326.75,316,314
326.81,308,311
326.81,322,320
326.81,309,309
326.81,323,322
326.81,306,308
326.81,326,325
326.82,305,306
326.88,324,325
326.88,305,304
326.88,323,325
326.88,307,305
326.88,322,323
326.88,311,309
326.88,317,319
326.94,315,310
326.94,314,316
326.94,320,317
326.94,307,310
326.94,323,320
326.94,308,308
326.95,326,323
327.0,306,306
327.0,325,325
327.0,307,308
327.0,324,327
327.0,310,308
327.0,327,327
327.01,310,309
327.07,322,326
327.07,316,314
327.07,321,324
327.07,324,319
327.07,318,321
327.07,326,323
327.08,315,316
327.13,330,328
327.13,315,315
327.13,334,331
327.13,317,316
327.13,337,336
327.14,317,315
327.14,334,336
327.21,321,318
327.21,335,335
327.21,323,321
327.21,333,335
327.21,326,324
327.21,327,332
327.21,334,329
327.27,324,327
327.27,338,332
327.27,321,323
327.27,337,337
327.27,321,320
327.27,340,337
327.27,316,318
327.33,334,336
327.33,316,316
327.33,336,335
327.33,317,316
327.33,333,333
327.33,321,318
327.34,328,331
327.39,325,320
327.39,323,327
327.39,332,327
327.39,319,322
327.39,336,331
327.4,317,321
327.41,334,334
327.47,313,316
327.47,337,335
327.47,317,317
327.47,338,337
327.47,319,318
327.47,335,337
327.47,322,319
327.53,336,335
327.53,323,320
327.53,326,331
327.53,331,326
327.53,326,327
327.53,330,328
327.54,320,321
327.6,336,332
327.6,318,319
327.6,338,335
327.6,318,317
327.6,337,336
327.6,317,318
327.6,335,336
327.66,316,316
327.66,337,337
327.66,321,318
327.66,330,334
327.66,326,322
327.66,330,331
327.67,331,325
327.72,323,325
327.72,334,329
327.72,319,319
327.72,333,330
327.72,316,318
327.73,333,332
327.73,317,316
327.78,335,334
327.78,313,313
327.78,331,331
327.78,313,312
327.78,328,332
327.79,317,315
327.8,328,330
327.86,323,319
327.86,321,325
327.86,327,322
327.86,316,317
327.86,329,326
327.86,313,314
327.86,327,327
327.93,313,313
327.93,331,330
327.93,309,310
327.93,328,331
327.93,311,310
327.93,328,330
327.93,313,312
327.99,327,331
327.99,316,314
327.99,325,328
327.99,325,320
327.99,321,324
327.99,329,326
328.0,319,320
328.05,333,329
328.05,315,316
328.05,333,332
328.05,314,314
328.05,335,334
328.05,317,317
328.06,332,335
328.11,315,315
328.11,334,333
328.11,316,315
328.11,330,332
328.11,324,319
328.12,326,328
328.13,328,323
328.18,319,322
328.18,331,327
328.18,319,319
328.18,334,331
328.18,316,316
328.18,334,333
328.19,313,314
328.26,334,333
328.26,314,315
328.26,335,336
328.26,317,316
328.26,335,335
328.26,320,319
328.26,331,332
328.32,327,322
328.32,324,329
328.32,331,326
328.32,322,323
328.32,334,332
328.32,318,318
328.32,333,331
328.38,314,315
328.38,332,332
328.38,313,313
328.38,334,332
328.38,311,310
328.38,329,330
328.39,314,313
328.44,324,328
328.44,317,315
328.44,325,327
328.44,320,316
328.44,319,322
328.45,328,324
328.45,317,317
328.51,330,328
328.51,316,315
328.51,333,330
328.51,313,313
328.51,333,331
328.51,313,313
328.52,334,333
328.57,316,314
328.57,334,334
328.57,319,317
328.57,330,333
328.57,324,318
328.58,324,328
328.59,326,323
328.65,322,324
328.65,331,327
328.65,316,319
328.65,332,332
328.65,314,315
328.65,335,333
328.65,317,317
328.66,335,336
328.67,317,316
328.68,336,335
328.74,317,317
328.74,332,334
328.74,319,316
328.74,329,330
328.74,324,319
328.74,323,327
328.74,328,325
328.81,318,322
328.81,330,328
328.81,314,318
328.81,335,332
328.81,317,316
328.81,336,334
328.81,314,315
328.87,335,336
328.87,317,314
328.87,335,334
328.87,316,315
328.87,331,333
328.87,320,317
328.88,327,329
328.93,324,319
328.93,320,323
328.93,330,325
328.93,317,321
328.93,333,329
328.93,314,316
328.94,334,332
328.99,315,316
328.99,333,333
328.99,315,314
328.99,336,335
328.99,317,316
329.0,332,334
329.01,316,315
329.07,332,333
329.07,323,320
329.07,326,330
329.07,327,324
329.07,324,327
329.07,336,330
329.07,324,325
329.13,338,334
329.13,320,320
329.13,340,337
329.13,317,318
329.13,339,337
329.13,314,317
329.14,338,337
329.2,316,317
329.2,332,336
329.2,323,319
329.2,329,333
329.2,327,323
329.2,326,329
329.2,331,325
329.26,318,324
329.26,335,331
329.26,320,321
329.26,338,336
329.26,320,319
329.26,337,336
329.27,316,318
329.32,338,337
329.32,316,316
329.32,336,335
329.32,320,319
329.32,337,337
329.33,322,320
329.33,329,332
329.4,326,323
329.4,325,327
329.4,329,326
329.4,318,321
329.4,332,329
329.4,317,317
329.4,332,332
329.46,314,316
329.46,335,334
329.46,315,314
329.46,334,332
329.46,314,312
329.46,334,333
329.47,316,313
329.52,328,329
329.52,319,315
329.52,323,326
329.52,323,320
329.52,317,321
329.52,327,323
329.53,312,315
329.59,330,326
329.59,312,313
329.59,331,329
329.59,309,311
329.59,331,329
329.59,310,311
329.6,328,329
329.65,313,311
329.65,326,328
329.65,314,312
329.65,323,326
329.65,319,314
329.65,317,319
329.66,321,316
329.73,312,314
329.73,323,320
329.73,310,310
329.73,324,323
329.73,306,309
329.73,327,326
329.73,309,308
329.79,327,324
329.79,307,306
329.79,327,327
329.79,308,306
329.79,322,325
329.79,312,309
329.79,316,319
329.85,315,311
329.85,313,316
329.85,320,316
329.85,310,311
329.85,325,321
329.85,309,309
329.86,325,323
329.91,307,307
329.91,329,326
329.91,309,307
329.91,329,327
329.91,308,307
329.92,326,326
329.92,310,309
329.97,322,326
329.98,315,313
329.98,320,323
329.98,321,317
329.98,317,321
329.98,324,322
329.99,316,317
330.05,330,327
330.05,312,314
330.05,333,331
330.05,314,315
330.05,333,332
330.05,311,311
330.06,330,330
330.12,313,310
330.12,329,328
330.12,316,313
330.12,325,328
330.12,319,315
330.12,323,325
330.12,324,320
330.18,316,320
330.18,326,324
330.18,312,315
330.18,329,327
330.18,311,313
330.18,330,330
330.19,313,311
330.24,334,331
330.24,314,311
330.24,330,331
330.24,313,312
330.24,330,331
330.24,317,315
330.25,327,329
330.3,322,318
330.3,320,325
330.3,329,324
330.3,320,322
330.3,334,331
330.31,318,320
330.32,336,334
330.38,319,319
330.38,335,336
330.38,320,321
330.38,340,341
330.38,323,323
330.38,342,343
330.38,327,325
330.44,339,341
330.44,328,326
330.44,335,337
330.44,337,332
330.44,330,333
330.44,339,333
330.45,326,327
330.5,341,337
330.5,321,322
330.5,340,338
330.5,320,322
330.51,343,342
330.51,323,323
330.51,341,342
330.57,323,322
330.57,340,340
330.57,325,324
330.57,336,340
330.57,331,327
330.57,334,338
330.58,337,333
330.63,327,331
330.63,342,337
330.63,327,328
330.63,343,341
330.63,327,327
330.64,346,344
330.65,327,326
330.71,345,344
330.71,324,324
330.71,342,343
330.71,326,325
330.71,340,340
330.71,326,323
330.71,332,336
330.77,332,327
330.77,328,332
330.77,336,331
330.77,325,328
330.77,339,335
330.77,325,325
330.78,340,339
330.83,322,324
330.83,340,339
330.83,320,321
330.83,339,340
330.83,323,322
330.83,340,340
330.84,325,321
330.9,333,335
330.9,320,318
330.9,326,330
330.9,326,321
330.9,321,326
330.9,331,326
330.91,319,322
330.97,334,332
330.97,320,320
330.97,336,335
330.97,318,320
330.97,339,336
330.97,318,318
330.97,338,338
331.03,319,317
331.03,335,336
331.03,323,319
331.03,335,335
331.03,325,321
331.03,330,332
331.04,329,325
331.1,322,325
331.1,333,328
331.1,319,320
331.1,332,331
331.1,315,316
331.1,334,332
331.1,315,316
331.16,334,333
331.16,314,313
331.16,331,332
331.16,313,312
331.16,330,330
331.16,316,312
331.17,326,328
331.22,320,315
331.22,320,323
331.22,323,319
331.22,317,318
331.22,328,324
331.23,313,313
331.24,330,326
331.3,309,310
331.3,326,325
331.3,305,306
331.3,327,326
331.3,304,305
331.3,324,325
331.3,307,306
331.36,325,325
331.36,311,308
331.36,320,323
331.36,314,310
331.36,316,318
331.36,320,316
331.37,313,313
331.42,325,321
331.42,310,311
331.42,328,325
331.42,309,310
331.42,327,327
331.42,311,311
331.43,333,332
331.48,313,311
331.49,330,331
331.49,313,312
331.49,329,331
331.49,318,314
331.49,325,326
331.5,320,317
331.55,318,321
331.55,325,321
331.55,313,316
331.55,326,324
331.55,313,312
331.55,327,325
331.56,308,309
331.63,327,326
331.63,308,309
331.63,328,327
331.63,307,306
331.63,324,327
331.63,310,309
331.63,322,325
331.69,313,311
331.69,319,322
331.69,319,315
331.69,314,319
331.69,323,319
331.69,312,315
331.69,330,327
331.75,313,315
331.75,332,330
331.75,314,314
331.75,330,330
331.75,312,312
331.75,334,333
331.76,315,314
331.81,330,333
331.81,321,316
331.81,328,332
331.82,325,322
331.82,327,329
331.82,330,324
331.82,320,324
331.88,332,328
331.88,322,322
331.88,334,331
331.88,316,317
331.88,337,335
331.88,320,320
331.89,339,337
331.95,321,321
331.95,340,340
331.95,325,324
331.96,337,339
331.96,328,326
331.96,336,339
331.96,336,331
332.02,334,337
332.02,339,335
332.02,330,333
332.02,340,340
332.02,328,329
332.02,345,342
332.02,331,332
332.08,344,343
332.08,329,330
332.08,346,346
332.08,329,329
332.08,343,344
332.08,330,328
332.09,341,341
332.14,331,328
332.14,336,338
332.14,336,330
332.14,329,332
332.14,336,334
332.14,327,327
332.15,339,337
332.2,325,324
332.2,336,335
332.2,320,321
332.2,339,337
332.2,319,319
332.21,334,333
332.22,316,315
332.28,329,331
332.28,316,313
332.28,322,324
332.28,319,314
332.28,315,318
332.28,319,315
332.28,311,314
332.35,321,319
332.35,307,309
332.35,323,321
332.35,307,307
332.35,322,322
332.35,305,305
332.35,321,321
332.41,304,304
332.41,320,320
332.41,304,302
332.41,316,319
332.41,308,304
332.41,311,314
332.41,310,305
332.47,306,309
332.47,314,310
332.47,301,303
332.47,315,313
332.47,301,302
332.47,318,316
332.48,301,301
332.53,319,317
332.53,300,299
332.53,319,318
332.53,302,301
332.53,319,318
332.54,305,303
332.55,317,318
332.61,311,307
332.61,311,315
332.61,314,312
332.61,308,312
332.61,319,316
332.61,306,309
332.61,321,319
332.67,307,306
332.67,322,321
332.67,303,303
332.67,322,321
332.67,304,303
332.67,321,321
332.68,305,304
332.74,318,320
332.74,310,306
332.74,315,318
332.74,311,310
332.74,313,315
332.74,317,314
332.74,310,313
332.8,321,318
332.8,307,309
332.8,326,325
332.8,309,309
332.8,327,326
332.8,308,309
332.81,329,327
332.86,312,311
332.86,330,328
332.86,312,311
332.86,324,326
332.86,315,313
332.87,322,324
332.87,324,319
332.94,316,320
332.94,328,323
332.94,316,318
332.94,330,328
332.94,316,316
332.94,329,329
332.94,315,315
333.0,333,332
333.0,315,315
333.0,333,332
333.0,316,316
333.0,331,332
333.0,319,317
333.0,328,331
333.06,324,320
333.06,324,328
333.06,327,324
333.06,318,323
333.06,333,328
333.06,320,322
333.07,335,334
333.13,319,318
333.13,337,335
333.13,317,318
333.13,335,333
333.13,318,318
333.13,334,335
333.14,319,317
333.19,330,333
333.19,324,322
333.19,330,333
333.19,328,325
333.19,326,330
333.19,334,331
333.2,321,325
333.25,335,333
333.25,322,322
333.25,338,335
333.25,319,320
333.25,337,336
333.26,320,319
333.27,334,335
333.32,319,318
333.32,334,336
333.32,322,320
333.32,333,335
333.32,324,321
333.32,331,332
333.33,331,325
333.39,324,327
333.39,332,329
333.39,319,321
333.4,333,330
333.4,317,317
333.4,331,330
333.4,313,314
333.46,331,331
333.46,315,315
333.46,334,333
333.46,317,314
333.46,331,331
333.46,316,313
333.46,326,328
333.52,321,317
333.52,322,324
333.52,322,318
333.52,316,320
333.52,330,325
333.52,313,315
333.53,330,328
333.58,314,313
333.58,330,329
333.58,312,312
333.58,328,328
333.58,313,312
333.59,331,330
333.59,313,312
333.65,328,329
333.65,316,315
333.65,324,327
333.65,320,316
333.65,322,324
333.65,326,321
333.66,317,319
333.72,327,326
333.72,315,316
333.72,333,332
333.72,315,315
333.72,333,332
333.72,314,315
333.73,333,333
333.79,316,315
333.79,333,332
333.79,320,317
333.79,332,332
333.79,323,319
333.79,328,330
333.79,328,323
333.85,324,326
333.85,332,327
333.85,320,323
333.85,337,333
333.85,321,321
333.85,336,336
333.86,319,319
333.91,336,337
333.91,319,317
333.91,337,337
333.91,319,319
333.91,337,338
333.91,321,321
333.92,330,334
333.98,326,323
333.98,330,332
333.98,330,326
333.98,324,327
333.98,335,330
333.98,322,324
333.99,338,335
334.04,319,320
334.04,339,337
334.04,320,320
334.04,339,338
334.04,320,320
334.04,338,338
334.05,322,321
334.12,338,338
334.12,325,323
334.12,332,336
334.12,329,326
334.12,330,333
334.12,334,331
334.12,324,329
334.18,340,336
334.18,322,323
334.18,340,338
334.18,322,323
334.18,341,341
334.18,323,323
334.18,340,341
334.24,324,324
334.24,342,342
334.24,326,325
334.24,340,341
334.24,331,326
334.24,336,338
334.25,335,331
334.3,333,335
334.3,341,338
334.3,330,333
334.3,345,343
334.3,331,331
334.31,345,344
334.32,329,329
334.37,346,345
334.37,328,328
334.37,346,346
334.37,329,328
334.37,343,345
334.37,331,329
334.38,341,343
334.44,331,329
334.44,339,342
334.44,341,336
334.44,332,336
334.44,345,340
334.44,331,331
334.45,346,343
334.51,326,327
334.51,342,341
334.51,324,324
334.51,341,341
334.51,323,322
334.51,340,339
334.51,322,320
334.57,335,336
334.57,320,318
334.57,328,331
334.57,324,321
334.57,327,328
334.57,331,325
334.58,319,322
334.63,331,328
334.63,316,318
334.63,329,329
334.63,316,316
334.63,333,332
334.63,315,313
334.64,331,330
334.71,312,312
334.71,328,328
334.71,313,311
334.71,324,326
334.71,315,313
334.71,323,324
334.71,319,315
334.77,316,320
334.77,323,320
334.77,313,314
334.77,325,321
334.77,308,309
334.77,324,324
334.77,306,308
334.83,326,325
334.83,309,308
334.83,325,326
334.83,309,308
334.83,325,325
334.83,311,309
334.84,323,324
334.89,312,311
334.89,319,322
334.89,321,316
334.89,315,319
334.89,327,323
334.9,312,314
334.91,326,325
334.96,311,312
334.96,325,326
334.96,311,310
334.96,328,328
334.96,311,309
334.96,328,328
334.97,311,309
335.03,327,327
335.03,314,312
335.03,326,327
335.04,318,316
335.04,320,324
335.04,325,320
335.04,315,318
335.1,329,325
335.1,314,316
335.1,328,328
335.1,313,313
335.1,331,330
335.1,314,314
335.1,332,332
335.16,315,314
335.16,331,330
335.16,316,314
335.16,328,331
335.16,319,316
335.16,326,329
335.17,323,320
335.22,321,325
335.22,328,325
335.22,318,322
335.22,332,329
335.22,314,317
335.22,333,332
335.23,317,316
335.28,335,333
335.28,317,316
335.28,332,332
335.28,315,314
335.28,332,332
335.29,317,314
335.3,328,331
335.36,321,317
335.36,326,328
335.36,325,321
335.36,322,325
335.36,330,325
335.36,314,318
335.36,330,329
335.43,316,316
335.43,333,331
335.43,315,314
335.43,333,332
335.43,314,315
335.43,335,335
335.43,317,318
335.49,332,334
335.49,321,319
335.49,331,332
335.49,323,320
335.49,324,328
335.49,328,325
335.49,321,322
335.55,331,329
335.55,317,319
335.55,333,333
335.55,316,317
335.55,334,332
335.55,315,314
335.56,332,332
335.61,314,313
335.61,331,330
335.61,315,312
335.61,328,328
335.61,315,313
335.62,322,325
335.63,321,316
335.68,317,320
335.68,322,319
335.68,312,315
335.68,324,321
335.68,308,310
335.68,325,324
335.69,308,309
335.75,325,323
335.75,307,307
335.75,325,324
335.75,308,307
335.75,325,324
335.75,310,308
335.76,320,323
335.82,312,310
335.82,317,320
335.82,318,313
335.82,315,318
335.82,323,319
335.82,311,315
335.82,325,323
335.88,311,312
335.88,326,325
335.88,311,310
335.88,328,327
335.88,310,310
335.88,329,327
335.89,311,309
335.94,327,327
335.94,313,311
335.94,322,325
335.94,316,313
335.94,320,323
335.95,321,317
335.95,316,319
336.02,326,323
336.02,312,314
336.02,329,327
336.02,313,313
336.02,330,328
336.02,312,311
336.02,330,330
336.08,312,312
336.08,329,330
336.08,312,312
336.08,329,330
336.08,317,314
336.08,325,328
336.08,322,317
336.14,320,323
336.14,326,321
336.14,316,319
336.14,331,326
336.14,314,316
336.14,333,329
336.15,313,316
336.16,334,333
336.17,317,314
336.18,333,331
336.23,315,314
336.23,333,334
336.24,318,316
336.24,330,332
336.24,322,319
336.24,328,329
336.24,327,322
336.3,325,327
336.3,331,326
336.3,319,320
336.3,333,329
336.3,317,318
336.3,333,330
336.31,315,314
336.36,333,332
336.36,314,314
336.36,332,333
336.36,317,314
336.36,331,332
336.37,319,316
336.38,331,331
336.44,323,320
336.44,326,328
336.44,328,323
336.44,322,324
336.44,331,327
336.44,317,320
336.44,333,330
336.5,316,316
336.5,333,331
336.5,315,314
336.5,332,332
336.5,315,315
336.5,333,333
336.51,318,315
336.56,333,333
336.56,319,317
336.56,329,330
336.56,322,318
336.56,322,326
336.56,328,322
336.57,316,319
336.62,328,326
336.62,315,317
336.62,333,331
336.62,315,316
336.62,335,333
336.63,317,316
336.64,334,333
336.7,317,316
336.7,336,335
336.7,320,318
336.7,332,333
336.7,323,320
336.7,331,334
336.7,327,324
336.76,324,328
336.76,333,328
336.76,321,325
336.76,337,334
336.76,321,322
336.76,339,336
336.77,321,321
336.83,339,338
336.83,321,320
336.83,341,339
336.83,322,321
336.83,338,340
336.83,324,322
336.83,335,336
336.89,326,323
336.89,329,332
336.89,327,323
336.89,323,327
336.89,332,327
336.89,318,320
336.9,334,332
336.95,317,319
336.95,336,334
336.95,317,317
336.95,337,335
336.95,316,316
336.96,334,335
336.97,320,318
337.03,336,335
337.03,321,317
337.03,330,330
337.03,322,320
337.03,326,328
337.03,329,326
337.03,320,323
337.09,332,329
337.09,318,319
337.09,332,332
337.09,318,318
337.09,336,334
337.09,317,317
337.1,335,334
337.15,317,315
337.15,333,334
337.15,319,316
337.15,329,331
337.15,320,317
337.15,328,330
337.16,325,320
337.22,324,327
337.22,330,325
337.22,318,321
337.22,335,331
337.22,322,322
337.22,337,336
337.23,319,319
337.28,335,334
337.28,319,320
337.28,337,337
337.28,320,320
337.28,334,336
337.28,320,321
337.29,337,337
337.36,325,322
337.36,329,333
337.36,332,327
337.36,328,329
337.36,335,331
337.36,323,326
337.36,338,336
337.42,322,322
337.42,339,337
337.42,322,322
337.42,339,340
337.42,321,322
337.42,339,340
337.42,323,322
337.48,338,338
337.48,324,322
337.48,336,337
337.48,330,326
337.48,330,335
337.48,333,329
337.49,327,331
337.54,339,335
337.54,326,327
337.54,339,338
337.54,325,324
337.54,341,339
337.55,324,325
337.56,343,341
337.61,325,323
337.61,340,338
337.61,323,323
337.61,336,338
337.61,327,323
337.61,332,335
337.62,329,325
337.68,330,333
337.68,336,333
337.68,329,330
337.68,338,336
337.68,328,329
337.68,341,339
337.69,322,324
337.75,340,340
337.75,325,323
337.75,342,341
337.75,322,322
337.75,341,341
337.75,324,324
337.75,339,341
337.81,327,326
337.81,337,338
337.81,335,331
337.81,331,333
337.81,334,330
337.81,322,326
337.82,336,333
337.87,322,322
337.87,336,335
337.87,318,320
337.87,340,338
337.87,320,321
337.87,338,339
337.88,325,323
337.93,339,341
337.93,326,323
337.93,337,337
337.93,326,325
337.93,332,335
337.94,330,328
337.95,326,330
338.0,334,332
338.0,324,326
338.0,337,334
338.0,321,323
338.0,339,338
338.01,323,322
338.01,342,339
338.08,322,323
338.08,340,342
338.08,324,323
338.08,341,341
338.08,327,324
338.08,335,338
338.08,329,325
338.14,333,336
338.14,333,329
338.14,329,330
338.14,338,334
338.14,326,327
338.14,340,338
338.14,326,327
338.2,343,342
338.2,326,326
338.2,343,343
338.2,323,324
338.2,342,340
338.2,322,321
338.21,337,337
338.26,323,321
338.26,335,336
338.26,328,327
338.26,332,336
338.26,338,333
338.27,333,334
338.28,342,339
338.34,330,331
338.34,344,343
338.34,328,329
338.34,344,344
338.34,326,326
338.34,340,339
338.34,318,319
338.4,332,334
338.4,315,313
338.4,327,328
338.4,312,308
338.4,314,317
338.4,311,306
338.41,304,308
338.47,309,304
338.47,297,299
338.47,307,305
338.47,292,293
338.47,309,305
338.47,291,291
338.47,310,308
338.53,288,289
338.53,310,308
338.53,289,288
338.53,305,305
338.53,287,284
338.53,297,297
338.54,287,284
338.59,291,293
338.59,293,287
338.59,286,287
338.59,295,293
338.59,286,287
338.6,300,299
338.6,284,287
338.67,305,304
338.67,290,290
338.67,309,308
338.67,290,292
338.67,313,312
338.67,300,297
338.67,314,317
338.73,304,303
338.73,316,317
338.73,312,308
338.73,315,318
338.73,321,317
338.73,309,314
338.73,327,323
338.79,309,311
338.8,329,326
338.8,311,313
338.8,332,332
338.8,317,316
338.8,336,334
338.8,318,318
338.86,335,335
338.86,320,317
338.86,334,336
338.86,323,320
338.86,329,331
338.86,328,325
338.87,325,328
338.92,334,329
338.92,320,323
338.92,337,333
338.92,322,321
338.92,338,337
338.92,321,321
338.93,338,337
338.98,320,319
338.98,337,338
338.98,320,320
338.98,335,337
338.98,323,321
338.99,333,335
339.0,325,323
339.06,330,331
339.06,331,327
339.06,325,330
339.06,337,334
339.06,323,325
339.06,339,336
339.06,321,320
339.12,341,339
339.12,320,320
339.12,339,337
339.12,320,318
339.12,338,338
339.12,320,320
339.13,335,337
339.19,322,319
339.19,328,332
339.19,326,322
339.19,322,328
339.19,330,327
339.19,323,324
339.19,335,332
339.25,320,321
339.25,335,334
339.25,318,320
339.25,334,335
339.25,318,317
339.25,337,336
339.26,319,319
339.31,335,336
339.31,323,321
339.31,336,335
339.31,327,324
339.31,331,334
339.32,330,327
339.32,325,330
339.39,337,331
339.39,323,324
339.39,336,335
339.39,320,322
339.39,338,337
339.39,320,320
339.39,340,340
339.45,318,319
339.45,339,339
339.45,321,320
339.45,337,339
339.45,324,321
339.45,334,336
339.46,328,323
339.51,329,333
339.51,333,327
339.51,324,327
339.51,335,333
339.51,321,323
339.51,336,334
339.52,318,320
339.58,337,336
339.58,319,318
339.58,336,336
339.58,319,318
339.58,336,335
339.58,318,318
339.59,334,335
339.64,321,319
339.64,331,333
339.64,327,323
339.64,327,329
339.64,333,328
339.64,322,326
339.65,334,333
339.72,320,321
339.72,335,335
339.72,319,318
339.72,335,335
339.72,316,316
339.72,334,334
339.72,316,314
339.78,335,334
339.78,319,315
339.78,333,334
339.78,323,319
339.78,326,329
339.78,327,323
339.78,323,325
339.84,333,330
339.84,318,321
339.84,337,334
339.84,320,319
339.84,335,334
339.84,319,319
339.85,337,335
339.9,317,316
339.9,334,336
339.9,319,317
339.9,334,336
339.91,320,318
339.91,331,332
339.91,322,320
339.97,324,328
339.97,327,324
339.97,322,325
339.97,335,330
339.97,319,320
339.97,336,333
339.98,319,318
340.04,335,334
340.04,318,318
340.04,337,337
340.04,318,318
340.04,337,336
340.04,318,318
340.05,335,336
340.11,324,321
340.11,333,335
340.11,329,324
340.11,329,331
340.11,332,328
340.11,323,326
340.11,336,332
340.17,320,322
340.17,336,336
340.17,321,321
340.17,337,336
340.17,319,318
340.17,336,335
340.18,318,316
340.23,336,335
340.23,319,316
340.23,331,333
340.23,322,319
340.23,329,331
340.23,328,324
340.24,323,327
340.3,330,327
340.3,318,321
340.3,332,330
340.3,317,317
340.3,334,333
340.3,316,316
340.31,332,332
340.36,314,313
340.36,333,332
340.36,312,311
340.36,326,327
340.36,311,310
340.36,324,324
340.37,314,311
340.44,315,318
340.44,317,311
340.44,310,312
340.44,318,316
340.44,306,309
340.44,320,320
340.44,304,307
340.5,326,324
340.5,304,305
340.5,323,322
340.5,306,306
340.5,322,325
340.5,307,306
340.5,321,322
340.56,311,307
340.56,319,320
340.56,314,311
340.56,314,317
340.56,321,315
340.56,311,313
340.57,324,321
340.63,311,312
340.63,323,323
340.63,311,310
340.63,328,326
340.63,311,309
340.63,328,329
340.64,312,310
340.69,327,328
340.69,314,311
340.69,328,328
340.69,316,313
340.69,325,326
340.69,323,318
340.7,322,323
340.75,329,323
340.75,318,319
340.75,329,327
340.75,313,314
340.75,329,328
340.76,312,313
340.77,331,330
340.83,311,311
340.83,331,332
340.83,311,309
340.83,329,329
340.83,311,310
340.83,326,328
340.83,316,313
340.89,321,324
340.89,321,316
340.89,315,319
340.89,324,321
340.89,313,314
340.89,326,325
340.9,311,311
340.95,329,328
340.95,308,310
340.95,331,330
340.95,312,310
340.95,333,331
340.95,314,312
340.96,331,332
341.02,315,314
341.02,329,331
341.02,322,319
341.02,324,326
341.02,327,322
341.02,318,322
341.03,332,328
341.08,315,317
341.08,332,330
341.08,314,315
341.08,338,335
341.08,316,315
341.09,334,335
341.09,316,315
341.16,336,335
341.16,315,314
341.16,334,334
341.16,320,317
341.16,328,329
341.16,326,321
341.16,325,328
341.22,330,326
341.22,322,326
341.22,336,334
341.22,322,322
341.22,339,336
341.22,318,319
341.22,342,340
341.28,323,322
341.28,344,342
341.28,323,321
341.28,340,341
341.28,325,323
341.28,339,340
341.29,327,324
341.34,335,336
341.34,333,329
341.34,329,334
341.34,338,335
341.34,326,327
341.35,342,338
341.36,323,324
341.41,341,339
341.41,321,323
341.41,343,341
341.41,322,322
341.41,340,341
341.41,323,321
341.42,341,341
341.48,323,321
341.48,336,338
341.48,330,324
341.48,330,334
341.48,335,330
341.48,325,329
341.49,340,335
341.54,323,325
341.55,337,335
341.55,319,320
341.55,340,337
341.55,318,320
341.55,341,340
341.55,319,318
341.61,338,339
341.61,320,319
341.61,336,338
341.61,322,320
341.61,332,333
341.61,327,323
341.62,325,329
341.67,332,328
341.67,320,324
341.67,334,332
341.67,318,320
341.67,337,336
341.68,319,319
341.68,336,337
341.75,316,318
341.75,339,337
341.75,318,317
341.75,336,336
341.75,319,316
341.75,333,333
341.75,321,317
341.81,324,329
341.81,323,319
341.81,319,323
341.81,330,325
341.81,316,318
341.81,329,328
341.81,314,314
341.87,334,331
341.87,312,313
341.88,332,331
341.88,311,312
341.88,332,332
341.88,313,312
341.88,329,332
341.94,312,311
341.94,327,329
341.94,316,314
341.94,323,325
341.94,326,320
341.94,319,322
341.95,331,326
342.0,314,316
342.0,332,330
342.0,314,315
342.0,331,331
342.0,314,313
342.0,334,332
342.01,312,312
342.06,332,334
342.06,312,312
342.06,329,332
342.06,316,314
342.06,327,328
342.07,323,318
342.08,321,324
342.14,326,323
342.14,317,319
342.14,328,326
342.14,315,316
342.14,333,330
342.14,313,314
342.14,332,331
342.2,312,311
342.2,332,332
342.2,311,311
342.2,330,332
342.2,314,312
342.2,329,330
342.21,317,313
342.27,322,326
342.27,321,316
342.27,317,321
342.27,325,321
342.27,312,316
342.27,328,327
342.27,312,313
342.33,327,327
342.33,311,310
342.33,332,329
342.33,308,310
342.33,331,331
342.33,314,311
342.34,330,332
342.39,314,313
342.39,325,328
342.39,316,314
342.39,323,325
342.39,326,320
342.4,318,321
342.4,327,324
342.47,318,319
342.47,332,330
342.47,314,314
342.47,335,332
342.47,314,315
342.47,335,335
342.47,315,313
342.53,335,335
342.53,316,315
342.53,332,334
342.53,318,315
342.53,328,332
342.53,324,320
342.54,325,328
342.59,328,324
342.59,321,323
342.59,333,329
342.59,318,319
342.59,335,333
342.59,316,318
342.6,336,335
342.65,315,314
342.65,336,335
342.65,314,315
342.65,334,336
342.65,318,314
342.66,333,333
342.67,319,317
342.72,328,331
342.72,322,319
342.72,323,325
342.72,328,323
342.72,318,319
342.72,331,327
342.73,316,317
342.8,334,332
342.8,314,313
342.8,334,333
342.8,314,314
342.8,335,333
342.8,312,311
342.8,331,332
342.86,313,311
342.86,326,329
342.86,317,315
342.86,324,326
342.86,324,319
342.86,319,321
342.86,328,324
342.92,315,317
342.92,332,330
342.92,314,315
342.92,333,332
342.92,313,314
342.92,336,335
342.93,314,315
342.98,335,335
342.98,316,316
342.98,334,336
342.98,322,319
342.98,332,334
342.99,325,321
342.99,328,330
343.06,329,325
343.06,322,325
343.06,334,330
343.06,319,321
343.06,336,333
343.06,317,318
343.06,337,336
343.12,315,316
343.12,337,335
343.12,315,316
343.12,335,336
343.12,317,316
343.12,332,335
343.13,320,319
343.18,330,333
343.18,326,322
343.18,326,331
343.18,333,327
343.18,321,324
343.18,335,333
343.19,319,321
343.24,339,336
343.24,316,318
343.24,337,336
343.24,315,315
343.24,338,337
343.25,318,317
343.26,336,337
343.31,320,318
343.31,334,336
343.31,323,320
343.31,329,331
343.31,327,323
343.31,322,325
343.32,330,326
343.39,316,320
343.39,334,332
343.39,316,316
343.39,334,334
343.39,316,316
343.39,336,334
343.39,314,314
343.45,333,335
343.45,315,314
343.45,332,334
343.45,318,316
343.45,329,332
343.45,321,319
343.45,324,329
343.51,326,323
343.51,321,323
343.51,332,329
343.51,316,320
343.51,333,332
343.51,316,318
343.52,333,333
343.57,315,315
343.57,336,335
343.57,316,315
343.57,332,333
343.57,316,314
343.58,332,332
343.59,318,316
343.6,328,330
343.6,325,319
343.61,322,326
343.67,330,324
343.67,318,321
343.67,331,329
343.67,317,319
343.67,335,333
343.67,318,317
343.68,336,335
343.73,316,315
343.73,336,336
343.73,315,314
343.73,335,334
343.73,318,316
343.74,332,332
343.74,322,318
343.81,327,331
343.81,327,322
343.81,322,326
343.81,331,326
343.81,319,321
343.81,332,330
343.81,316,319
343.87,334,334
343.87,316,317
343.87,338,337
343.87,317,316
343.87,338,338
343.87,316,316
343.87,333,334
343.93,318,315
343.93,328,332
343.93,323,319
343.93,326,329
343.93,327,324
343.93,320,324
343.94,331,329
344.0,316,320
344.0,335,333
344.0,316,316
344.0,336,334
344.0,315,314
344.0,332,333
344.01,313,313
344.06,333,332
344.06,314,313
344.06,330,331
344.06,316,315
344.06,329,331
344.06,324,319
344.07,322,325
344.14,328,322
344.14,320,323
344.14,335,330
344.14,315,317
344.14,334,333
344.14,316,317
344.14,337,335
344.2,317,317
344.2,336,337
344.2,318,316
344.2,337,337
344.2,319,317
344.2,333,334
344.2,320,318
344.26,327,330
344.26,325,322
344.26,323,325
344.26,330,327
344.26,319,320
344.26,332,331
344.27,316,317
344.32,334,332
344.32,314,314
344.32,334,333
344.32,313,314
344.32,333,332
344.33,315,314
344.33,332,333
344.39,317,314
344.39,332,333
344.39,323,318
344.39,324,328
344.39,326,321
344.39,321,324
344.4,332,327
344.46,316,318
344.46,333,330
344.46,316,316
344.46,335,333
344.46,313,313
344.46,334,333
344.46,311,312
344.52,331,331
344.52,314,311
344.53,329,330
344.53,315,312
344.53,323,325
344.53,317,313
344.53,316,320
344.59,321,318
344.59,311,316
344.59,328,324
344.59,312,314
344.59,329,327
344.59,311,312
344.6,330,330
344.65,311,310
344.65,330,329
344.65,310,310
344.65,329,330
344.65,311,310
344.65,325,328
344.66,315,311
344.71,322,325
344.71,320,316
344.71,319,321
344.71,325,322
344.71,313,316
344.72,327,324
344.73,308,311
344.79,330,327
344.79,308,309
344.79,329,328
344.79,309,309
344.79,329,329
344.79,310,310
344.79,326,326
344.85,311,309
344.85,322,324
344.85,314,310
344.85,317,320
344.85,319,314
344.85,314,317
344.86,322,319
344.91,309,311
344.91,325,323
344.91,308,309
344.91,327,326
344.91,309,309
344.92,328,328
344.92,310,308
344.98,329,328
344.98,310,309
344.98,329,328
344.98,315,310
344.98,323,326
344.98,317,314
344.99,318,322
345.04,322,318
345.04,313,317
345.04,328,324
345.04,312,315
345.04,329,328
345.05,310,313
345.05,333,331
345.12,314,314
345.12,332,331
345.12,313,312
345.12,330,332
345.12,314,313
345.12,332,332
345.12,317,315
345.18,326,329
345.18,326,322
345.18,324,327
345.18,332,327
345.18,320,324
345.18,335,334
345.19,321,321
345.24,339,337
345.24,318,319
345.24,339,338
345.24,319,318
345.24,336,337
345.24,321,319
345.25,335,337
345.31,322,319
345.31,335,335
345.31,326,323
345.31,330,334
345.31,327,324
345.31,327,328
345.32,335,330
345.37,322,325
345.37,337,335
345.37,319,320
345.37,338,338
345.37,319,319
345.37,338,337
345.38,317,318
345.45,339,338
345.45,320,319
345.45,335,337
345.45,322,320
345.45,333,333
345.45,324,320
345.45,324,328
345.51,331,326
345.51,322,324
345.51,332,329
345.51,318,320
345.51,332,331
345.51,316,318
345.51,333,333
345.57,315,316
345.57,335,334
345.57,316,314
345.57,331,332
345.57,315,313
345.57,332,333
345.58,320,318
345.63,327,331
345.64,322,319
345.64,320,325
345.64,330,325
345.64,318,322
345.64,332,330
345.64,315,316
345.7,333,332
345.7,316,316
345.7,333,334
345.7,315,315
345.7,335,334
345.7,316,314
345.71,334,334
345.76,319,316
345.76,329,332
345.76,320,317
345.76,326,330
345.76,326,323
345.77,322,326
345.78,331,327
345.84,318,321
345.84,332,330
345.84,316,316
345.84,334,332
345.84,312,314
345.84,333,333
345.84,315,314
345.9,334,332
345.9,316,314
345.9,333,332
345.9,317,315
345.9,329,330
345.9,321,318
345.91,323,327
345.96,326,322
345.96,318,322
345.96,330,325
345.96,318,318
345.96,333,330
345.96,315,316
345.97,334,333
346.03,313,313
346.03,330,331
346.03,313,312
346.03,330,331
346.03,315,312
346.03,329,330
346.04,317,313
346.09,324,326
346.09,319,316
346.09,317,321
346.09,324,320
346.09,315,316
346.09,327,324
346.1,312,314
346.17,328,327
346.17,312,311
346.17,328,330
346.17,309,311
346.17,331,331
346.17,311,311
346.17,330,329
346.23,314,312
346.23,327,329
346.23,315,314
346.23,323,325
346.23,321,316
346.23,316,321
346.23,327,322
346.29,314,314
346.29,325,323
346.29,310,312
346.29,331,328
346.29,309,310
346.29,328,328
346.3,311,310
346.35,331,330
346.35,313,310
346.35,330,330
346.35,313,311
346.35,326,329
346.36,321,316
346.37,324,326
346.42,323,320
346.42,318,321
346.42,327,325
346.42,315,318
346.42,332,329
346.42,315,315
346.43,335,332
346.5,315,316
346.5,334,334
346.5,314,313
346.5,335,334
346.5,315,315
346.5,332,334
346.5,321,318
346.56,329,331
346.56,321,319
346.56,322,325
346.56,326,323
346.56,318,321
346.56,331,327
346.56,314,317
346.62,332,330
346.62,313,313
346.62,331,329
346.62,312,312
346.62,331,330
346.62,312,311
346.63,329,329
346.68,312,311
346.68,327,327
346.68,316,313
346.68,323,325
346.68,320,316
346.68,317,321
346.69,325,321
346.75,311,315
346.75,328,325
346.75,312,314
346.75,329,329
346.75,310,310
346.75,330,329
346.76,310,309
346.81,330,330
346.81,312,310
346.81,328,329
346.81,310,309
346.81,326,328
346.82,318,315
346.82,323,326
346.89,324,318
346.89,319,321
346.89,328,324
346.89,316,318
346.89,332,330
346.89,314,314
346.89,333,331
346.95,313,314
346.95,336,334
346.95,315,314
346.95,333,334
346.95,318,315
346.95,332,334
346.95,317,315
347.01,330,331
347.01,320,317
347.01,323,327
347.01,328,324
347.01,322,323
347.01,334,329
347.02,319,320
347.07,337,334
347.07,317,319
347.07,338,337
347.07,321,320
347.07,340,340
347.08,320,320
347.09,340,340
347.14,323,319
347.14,335,337
347.14,325,321
347.14,330,334
347.14,327,323
347.14,325,329
347.15,332,328
347.2,322,325
347.2,336,334
347.2,320,322
347.2,335,335
347.2,319,319
347.21,338,338
347.22,319,318
347.28,341,339
347.28,321,320
347.28,340,340
347.28,322,321
347.28,334,337
347.28,326,323
347.28,330,335
347.34,330,325
347.34,327,330
347.34,335,331
347.34,320,323
347.34,338,335
347.34,319,320
347.35,337,336
347.41,317,318
347.41,337,336
347.41,318,318
347.41,340,338
347.41,319,318
347.41,336,338
347.41,325,321
347.47,333,336
347.47,330,325
347.47,330,333
347.47,332,328
347.47,325,327
347.47,338,335
347.48,324,325
347.53,340,337
347.53,323,322
347.53,340,339
347.53,323,323
347.53,342,341
347.54,320,321
347.54,340,341
347.61,320,320
347.61,336,336
347.61,324,322
347.61,329,334
347.61,328,325
347.61,327,329
347.61,332,329
347.67,322,326
347.67,338,334
347.67,321,322
347.67,339,337
347.67,319,320
347.67,339,337
347.68,320,319
347.73,339,338
347.73,321,321
347.73,336,338
347.73,323,319
347.73,334,335
347.73,327,323
347.74,331,334
347.8,331,327
347.8,328,330
347.8,335,332
347.8,323,324
347.8,338,335
347.8,321,321
347.81,339,337
347.86,318,319
347.86,337,337
347.86,318,318
347.86,339,338
347.86,320,319
347.86,335,336
347.87,322,319
347.94,334,334
347.94,325,321
347.94,328,331
347.94,330,325
347.94,321,324
347.94,332,329
347.94,318,320
348.0,336,332
348.0,317,317
348.0,337,334
348.0,316,316
348.0,335,334
348.0,315,315
348.0,331,332
348.06,315,313
348.06,331,332
348.06,317,315
348.06,326,329
348.06,323,318
348.06,322,325
348.07,329,323
348.13,316,319
348.13,329,326
348.13,315,315
348.13,329,328
348.13,312,312
348.13,331,329
348.13,309,310
348.19,330,328
348.19,309,308
348.19,326,328
348.19,312,311
348.19,325,328
348.19,317,314
348.2,321,324
348.25,321,317
348.25,316,321
348.25,327,322
348.25,318,318
348.25,328,328
348.26,315,315
348.27,331,330
348.33,312,311
348.33,331,330
348.33,311,310
348.33,327,329
348.33,312,310
348.33,327,328
348.33,312,310
348.39,323,326
348.39,316,312
348.39,319,321
348.39,323,317
348.39,315,317
348.39,327,323
348.4,313,313
348.45,328,325
348.45,308,309
348.45,330,327
348.45,310,310
348.45,328,328
348.45,308,309
348.46,330,330
348.51,309,309
348.51,326,327
348.51,315,312
348.51,325,327
348.51,320,316
348.52,321,324
348.53,327,322
348.58,316,318
348.58,328,325
348.58,310,312
348.58,328,326
348.58,312,312
348.59,327,328
348.59,311,310
348.66,329,329
348.66,312,310
348.66,331,331
348.66,314,313
348.66,325,328
348.66,318,313
348.66,320,324
348.72,318,314
348.72,317,320
348.72,324,320
348.72,310,315
348.72,327,323
348.72,308,309
348.72,326,324
348.78,307,307
348.78,326,323
348.78,305,305
348.78,326,325
348.78,305,304
348.78,321,323
348.79,308,306
348.84,320,321
348.84,312,310
348.84,317,320
348.84,317,312
348.84,311,315
348.85,322,319
348.86,307,309
348.92,323,322
348.92,307,306
348.92,325,323
348.92,306,305
348.92,323,322
348.92,301,302
348.92,323,322
348.98,306,304
348.98,319,320
348.98,309,305
348.98,318,319
348.98,313,308
348.98,312,315
348.99,317,313
349.04,308,312
349.04,322,317
349.04,305,306
349.04,321,320
349.04,302,304
349.04,320,320
349.05,301,302
349.11,320,322
349.11,302,301
349.11,318,320
349.11,306,303
349.11,319,321
349.11,308,305
349.12,315,317
349.17,314,309
349.17,311,313
349.17,320,316
349.17,306,310
349.17,326,321
349.17,309,308
349.18,326,324
349.23,307,306
349.23,326,324
349.23,307,308
349.23,327,326
349.23,308,308
349.24,325,327
349.25,312,309
349.31,324,326
349.31,315,312
349.31,318,321
349.31,322,317
349.31,314,318
349.31,325,322
349.31,310,313
349.37,328,325
349.37,311,312
349.37,331,328
349.37,313,313
349.37,332,332
349.37,313,313
349.38,332,332
349.43,315,313
349.43,331,331
349.43,314,312
349.43,324,327
349.43,318,315
349.44,321,322
349.45,324,318
349.5,315,318
349.5,329,326
349.5,312,314
349.5,328,329
349.5,314,313
349.5,333,331
349.51,313,313
349.58,333,333
349.58,314,312
349.58,332,333
349.58,316,315
349.58,329,332
349.58,320,318
349.58,329,330
349.64,325,322
349.64,325,329
349.64,332,329
349.64,323,325
349.64,336,334
349.64,321,322
349.64,339,337
349.7,320,321
349.7,342,339
349.7,319,318
349.7,337,336
349.7,320,318
349.7,337,336
349.71,322,319
349.76,332,333
349.76,324,321
349.76,327,331
349.76,331,326
349.76,324,327
349.76,333,329
349.77,321,322
349.83,337,333
349.83,320,320
349.83,338,336
349.83,319,319
349.83,337,335
349.83,317,315
349.84,336,334
349.9,317,315
349.9,331,332
349.9,318,316
349.9,327,330
349.9,321,317
349.9,321,324
349.9,325,321
349.96,316,318
349.96,329,323
349.96,312,314
349.97,327,326
349.97,312,312
349.97,330,328
349.97,309,310
350.03,330,330
350.03,312,310
350.03,331,330
350.03,313,313
350.03,330,330
350.03,314,312
350.04,323,326
350.09,320,315
350.09,318,320
350.09,326,320
350.09,314,317
350.09,327,325
350.09,314,313
350.1,328,328
350.15,314,313
350.15,330,330
350.15,312,312
350.15,334,332
350.15,311,312
350.16,331,331
350.17,316,314
350.23,329,329
350.23,319,315
350.23,322,326
350.23,324,320
350.23,320,323
350.23,327,325
350.23,314,318
350.29,332,329
350.29,315,315
350.29,333,332
350.29,315,314
350.29,333,333
350.29,314,314
350.3,336,335
350.35,316,314
350.35,335,335
350.35,319,316
350.35,329,333
350.35,322,321
350.35,328,330
350.36,330,325
350.42,322,324
350.42,332,328
350.42,318,322
350.42,337,333
350.42,317,318
350.42,339,337
350.43,319,319
350.48,340,340
350.48,318,318
350.48,338,339
350.48,322,321
350.48,339,340
350.49,325,323
350.49,335,337
350.56,331,327
350.56,330,333
350.56,332,330
350.56,324,326
350.56,338,334
350.56,322,323
350.56,342,339
350.62,322,321
350.62,341,340
350.62,322,322
350.62,343,343
350.62,322,322
350.62,340,341
350.62,325,323
350.68,337,340
350.68,328,326
350.68,334,338
350.68,334,330
350.68,329,332
350.68,339,334
350.69,325,327
350.74,341,339
350.74,326,325
350.74,342,339
350.74,321,323
350.74,341,341
350.75,322,322
350.76,340,340
350.82,322,321
350.82,338,339
350.82,323,321
350.82,335,337
350.82,328,323
350.82,331,333
350.82,333,327
350.88,326,328
350.88,337,334
350.88,323,325
350.88,340,337
350.88,320,321
350.88,337,337
350.89,318,319
350.95,337,337
350.95,319,317
350.95,336,337
350.95,318,318
350.95,335,335
350.95,321,318
350.95,329,332
351.01,324,320
351.01,324,327
351.01,330,326
351.01,320,322
351.01,334,330
351.01,318,319
351.02,336,333
351.07,316,317
351.07,336,334
351.07,317,316
351.07,335,335
351.07,317,315
351.08,333,334
351.09,319,317
351.1,331,334
351.1,320,319
351.11,329,332
351.16,328,324
351.16,323,326
351.16,332,328
351.17,322,323
351.17,337,334
351.17,320,321
351.18,337,336
351.23,320,320
351.23,338,338
351.23,320,320
351.23,339,339
351.23,319,317
351.24,337,336
351.24,322,319
351.31,334,335
351.31,324,322
351.31,327,331
351.31,329,324
351.31,322,326
351.31,333,328
351.31,322,323
351.37,337,334
351.37,319,319
351.37,336,335
351.37,319,318
351.37,337,337
351.37,317,317
351.37,336,336
351.43,319,318
351.43,333,335
351.43,322,318
351.43,329,331
351.43,324,322
351.43,324,327
351.44,331,326
351.49,319,322
351.49,332,330
351.49,318,318
351.49,333,333
351.49,317,318
351.5,335,336
351.51,318,318
351.56,339,338
351.56,321,320
351.56,339,340
351.56,322,321
351.56,337,339
351.56,327,323
351.57,335,337
351.63,333,327
351.63,328,331
351.63,335,333
351.63,325,326
351.63,339,336
351.63,322,323
351.64,341,339
351.7,323,323
351.7,341,341
351.7,323,323
351.7,343,342
351.7,324,323
351.7,343,342
351.7,329,325
351.76,340,341
351.76,333,328
351.76,336,337
351.76,338,334
351.76,330,334
351.76,342,339
351.77,329,331
351.82,342,342
351.82,329,328
351.82,346,345
351.82,328,328
351.82,348,346
351.82,330,327
351.83,346,344
351.89,328,327
351.89,344,346
351.89,331,328
351.89,339,343
351.89,334,331
351.89,333,337
351.9,341,335
351.96,330,333
351.96,344,340
351.96,328,329
351.96,344,343
351.96,325,325
351.96,343,344
351.96,326,325
352.03,345,344
352.03,324,323
352.03,341,341
352.03,325,324
352.03,339,341
352.03,329,326
352.03,334,338
352.09,335,330
352.09,329,332
352.09,338,335
352.09,326,328
352.09,340,337
352.09,325,325
352.1,339,340
352.15,323,324
352.15,342,341
352.15,324,323
352.15,342,341
352.15,323,322
352.15,339,338
352.16,325,323
352.21,335,337
352.21,327,324
352.21,330,334
352.21,333,328
352.21,324,328
352.22,338,334
352.23,323,325
352.28,339,337
352.28,320,321
352.28,338,338
352.28,321,320
352.28,340,338
352.28,320,321
352.29,340,339
352.35,321,320
352.35,338,339
352.35,328,324
352.35,336,336
352.35,329,326
352.35,331,334
352.36,336,331
352.42,325,328
352.42,339,336
352.42,323,324
352.42,340,339
352.42,325,325
352.42,344,342
352.42,324,324
352.48,345,344
352.48,326,326
352.48,344,343
352.48,328,327
352.48,341,342
352.48,330,328
352.49,338,340
352.54,334,329
352.54,330,334
352.54,341,335
352.54,327,330
352.54,342,340
352.55,326,327
352.55,342,342
352.62,325,327
352.62,346,344
352.62,325,326
352.62,345,346
352.62,327,326
352.62,344,346
352.62,327,326
352.68,340,343
352.68,332,329
352.68,338,340
352.68,338,334
352.68,333,337
352.68,341,339
352.69,329,331
352.74,345,342
352.74,328,329
352.74,345,344
352.74,326,327
352.74,344,345
352.74,327,326
352.75,346,344
352.81,328,326
352.81,342,343
352.81,331,327
352.81,338,340
352.81,333,328
352.81,332,335
352.82,337,333
352.87,327,330
352.87,339,336
352.87,325,327
352.87,339,338
352.87,322,322
352.87,339,338
352.88,322,322
352.95,340,339
352.95,320,320
352.95,339,339
352.95,323,320
352.95,336,338
352.95,324,322
352.95,331,333
353.01,328,324
353.01,326,327
353.01,332,326
353.01,321,322
353.01,332,330
353.01,316,318
353.01,335,333
353.07,316,316
353.07,335,333
353.07,316,316
353.07,334,334
353.07,317,316
353.07,332,333
353.08,317,316
353.13,331,332
353.13,323,319
353.13,325,329
353.13,326,322
353.13,322,325
353.14,331,327
353.14,319,320
353.2,333,329
353.2,318,317
353.2,335,332
353.2,316,314
353.2,333,332
353.2,312,313
353.21,330,332
353.27,315,313
353.27,329,329
353.28,314,312
353.28,324,327
353.28,321,317
353.28,321,323
353.28,326,322
353.34,318,322
353.34,330,328
353.34,317,319
353.34,335,333
353.34,317,318
353.34,334,334
353.34,316,317
353.4,336,336
353.4,319,318
353.4,334,335
353.4,318,318
353.4,333,334
353.4,321,319
353.41,328,331
353.46,325,321
353.46,325,327
353.46,334,327
353.46,321,322
353.46,335,332
353.46,318,320
353.47,337,335
353.52,318,318
353.52,338,336
353.52,319,318
353.52,337,337
353.52,321,319
353.53,336,335
353.54,321,320
353.59,335,335
353.59,323,322
353.59,329,331
353.59,329,325
353.59,324,328
353.59,337,332
353.6,323,324
353.66,338,334
353.66,321,321
353.66,336,335
353.66,319,320
353.66,339,337
353.66,320,319
353.67,337,338
353.73,320,320
353.73,334,335
353.73,323,320
353.73,329,332
353.73,326,324
353.73,329,331
353.73,332,329
353.79,323,327
353.79,336,332
353.79,321,322
353.79,336,335
353.79,321,321
353.79,339,337
353.8,320,320
353.85,339,338
353.85,320,320
353.85,336,337
353.85,323,320
353.85,337,338
353.86,325,322
353.86,331,335
353.93,328,326
353.93,328,330
353.93,334,331
353.93,325,327
353.93,336,334
353.93,322,323
353.93,341,339
353.99,324,323
353.99,343,340
353.99,322,322
353.99,342,341
353.99,321,321
353.99,337,337
354.0,325,322
354.05,334,336
354.05,326,323
354.05,331,333
354.05,331,327
354.05,325,329
354.05,335,332
354.06,323,324
354.11,336,333
354.11,320,320
354.11,337,336
354.11,321,320
354.11,335,335
354.12,318,317
354.13,335,336
354.18,318,317
354.18,332,334
354.18,319,316
354.18,330,334
354.18,324,321
354.18,324,328
354.19,329,326
354.26,320,323
354.26,330,328
354.26,321,320
354.26,336,333
354.26,318,319
354.26,337,335
354.26,319,318
354.32,338,336
354.32,320,319
354.32,335,337
354.32,323,321
354.32,335,338
354.32,324,323
354.32,332,334
354.38,329,324
354.38,329,331
354.38,336,331
354.38,325,327
354.38,338,335
354.38,321,321
354.39,337,336
354.44,320,320
354.44,335,336
354.44,320,319
354.44,336,336
354.44,319,318
354.45,335,335
354.45,321,319
354.51,334,334
354.51,323,320
354.51,327,329
354.51,325,322
354.51,322,323
354.51,328,325
354.52,316,318
354.57,331,328
354.57,313,314
354.57,330,329
354.57,312,310
354.57,328,327
354.58,309,308
354.59,326,324
354.65,307,306
354.65,323,322
354.65,309,307
354.65,319,321
354.65,314,309
354.65,314,318
354.65,317,311
354.71,311,313
354.71,320,317
354.71,306,308
354.71,323,321
354.71,307,307
354.71,325,323
354.72,307,308
354.77,325,325
354.77,310,309
354.77,324,325
354.77,308,307
354.77,323,324
354.77,312,310
354.78,322,323
354.83,318,313
354.83,315,319
354.83,322,317
354.83,311,314
354.83,325,323
354.84,310,312
354.85,326,326
354.9,312,311
354.9,327,327
354.9,311,310
354.9,329,329
354.9,313,312
354.9,331,330
354.91,314,314
354.98,328,330
354.98,318,316
354.98,324,327
354.98,323,320
354.98,323,325
354.98,331,327
354.98,319,321
355.04,337,333
355.04,319,320
355.04,338,337
355.04,322,321
355.04,339,339
355.04,321,321
355.04,339,339
355.1,323,321
355.1,340,341
355.1,324,323
355.1,335,338
355.1,330,327
355.1,333,335
355.11,337,332
355.16,327,332
355.16,340,338
355.16,328,328
355.16,342,341
355.16,327,327
355.17,345,344
355.18,327,326
355.23,345,344
355.23,325,326
355.23,343,342
355.23,327,325
355.23,341,341
355.23,327,326
355.24,336,340
355.3,333,328
355.3,334,335
355.3,337,334
355.3,329,330
355.3,341,337
355.3,324,326
355.31,341,339
355.36,324,325
355.36,341,340
355.36,322,323
355.36,341,341
355.36,326,324
355.36,343,342
355.37,328,325
355.43,339,341
355.43,326,325
355.43,335,336
355.43,334,330
355.43,330,333
355.43,338,334
355.44,325,328
355.49,341,339
355.49,322,323
355.49,341,340
355.49,325,324
355.49,341,339
355.49,322,321
355.5,339,340
355.55,322,321
355.55,339,339
355.55,323,321
355.55,334,336
355.55,327,322
355.56,329,331
355.57,332,328
355.63,325,326
355.63,335,330
355.63,321,323
355.63,336,334
355.63,321,321
355.63,338,335
355.63,319,318
355.7,336,336
355.7,319,319
355.7,336,336
355.7,318,317
355.7,332,333
355.7,322,318
355.7,328,330
355.76,324,320
355.76,323,325
355.76,325,322
355.76,319,320
355.76,330,327
355.76,315,317
355.77,331,329
355.82,312,313
355.82,329,328
355.82,310,311
355.82,329,329
355.82,312,311
355.82,327,328
355.83,311,311
355.89,327,327
355.89,316,313
355.89,322,324
355.89,323,318
355.89,318,321
355.89,326,323
355.9,313,316
355.95,330,327
355.95,311,313
355.95,328,328
355.95,312,311
355.95,331,329
355.95,309,311
355.96,330,330
356.01,314,312
356.01,328,329
356.01,315,312
356.01,324,327
356.01,319,314
356.02,321,326
356.03,324,320
356.09,317,321
356.09,328,326
356.09,315,316
356.09,330,329
356.09,317,317
356.09,335,334
356.09,317,316
356.15,336,335
356.15,316,316
356.15,335,335
356.15,319,317
356.15,332,334
356.15,322,320
356.16,329,332
356.21,327,322
356.21,327,329
356.21,332,328
356.21,322,325
356.21,335,332
356.22,318,320
356.22,337,336
356.28,320,321
356.28,339,337
356.28,318,319
356.28,338,339
356.28,321,320
356.28,337,338
356.29,320,320
356.34,334,336
356.34,325,323
356.34,331,335
356.34,330,325
356.34,326,329
356.35,335,330
356.35,323,325
356.42,336,334
356.42,321,321
356.42,338,336
356.42,321,322
356.42,338,337
356.42,319,319
356.42,339,340
356.48,321,320
356.48,337,338
356.48,325,321
356.48,334,337
356.48,327,326
356.48,332,335
356.49,336,332
356.54,326,330
356.54,342,337
356.54,329,330
356.54,342,341
356.54,326,328
356.54,344,344
356.55,327,328
356.61,347,346
356.61,327,327
356.61,347,346
356.61,328,327
356.61,342,344
356.61,328,327
356.62,336,339
356.67,335,330
356.67,334,337
356.67,338,334
356.67,330,333
356.67,343,339
356.67,326,329
356.68,342,342
356.75,326,328
356.75,346,345
356.75,326,326
356.75,342,342
356.75,327,325
356.75,343,342
356.75,325,324
356.81,339,340
356.81,329,327
356.81,336,339
356.81,335,330
356.81,333,335
356.81,339,335
356.81,328,329
356.87,340,338
356.87,326,326
356.87,342,340
356.87,321,322
356.87,341,340
356.87,321,321
356.88,339,339
356.93,323,320
356.93,338,338
356.93,323,320
356.93,334,336
356.93,324,323
356.94,329,333
356.94,332,328
356.99,329,330
357.0,334,333
357.0,323,326
357.0,338,337
357.0,323,323
357.0,341,340
357.01,320,320
357.07,342,339
357.07,321,320
357.07,341,339
357.07,321,320
357.07,339,339
357.07,325,322
357.08,338,339
357.14,331,327
357.14,331,334
357.14,334,332
357.14,327,329
357.14,339,334
357.14,323,324
357.14,338,337
357.2,321,322
357.2,341,338
357.2,320,321
357.2,343,341
357.2,321,321
357.2,338,341
357.21,323,320
357.26,335,338
357.26,325,322
357.26,333,335
357.26,329,324
357.26,326,331
357.26,334,329
357.27,323,325
357.32,335,332
357.32,322,321
357.32,339,336
357.32,319,318
357.32,338,336
357.33,319,317
357.34,337,337
357.4,320,319
357.4,336,337
357.4,321,319
357.4,334,336
357.4,327,321
357.4,329,333
357.4,329,325
357.46,322,326
357.46,334,330
357.46,321,323
357.46,336,335
357.46,319,320
357.46,338,337
357.47,321,320
357.53,340,339
357.53,320,319
357.53,337,338
357.53,323,320
357.53,338,337
357.53,322,320
357.53,331,334
357.59,327,323
357.59,327,329
357.59,330,326
357.59,323,325
357.59,333,330
357.59,319,320
357.6,336,333
357.65,319,319
357.65,334,334
357.65,315,316
357.65,336,335
357.65,318,316
357.66,333,332
357.67,317,314
357.72,330,330
357.72,316,313
357.72,324,328
357.72,321,317
357.72,320,323
357.72,325,321
357.73,315,317
357.79,329,324
357.79,312,313
357.79,329,327
357.79,313,312
357.79,331,329
357.79,310,311
357.8,330,329
357.86,312,311
357.86,327,327
357.86,312,309
357.86,324,325
357.86,315,310
357.86,320,323
357.86,317,315
357.92,314,318
357.92,322,318
357.92,309,311
357.92,324,322
357.92,306,309
357.92,325,324
357.93,307,306
357.98,325,325
357.98,306,308
357.98,326,327
357.98,308,307
357.98,326,327
357.99,313,311
357.99,324,327
358.06,318,314
358.06,323,326
358.06,325,320
358.06,320,322
358.06,331,328
358.06,317,319
358.06,335,332
358.12,314,316
358.12,336,333
358.12,315,315
358.12,333,332
358.12,312,313
358.12,333,334
358.12,317,316
358.18,332,333
358.18,319,316
358.18,329,330
358.18,326,322
358.18,323,327
358.18,330,325
358.19,321,322
358.25,332,329
358.25,319,319
358.25,335,334
358.25,316,318
358.25,339,338
358.25,316,317
358.26,336,336
358.31,317,317
358.31,335,336
358.31,320,318
358.31,333,334
358.31,322,320
358.31,329,332
358.32,326,323
358.37,323,328
358.37,332,329
358.37,319,323
358.37,333,332
358.37,318,319
358.38,337,336
358.39,318,317
358.45,336,334
358.45,315,314
358.45,335,335
358.45,314,313
358.45,334,334
358.45,319,315
358.45,330,330
358.51,322,316
358.51,322,326
358.51,326,322
358.51,322,323
358.51,331,327
358.51,318,319
358.52,333,329
358.57,317,316
358.57,333,332
358.57,313,314
358.57,333,332
358.57,312,312
358.57,334,333
358.59,315,313
358.6,332,333
358.6,318,314
358.61,329,331
358.67,325,320
358.67,324,327
358.67,328,322
358.67,319,322
358.67,334,329
358.67,317,319
358.68,333,332
358.73,315,317
358.73,336,335
358.73,317,316
358.73,337,335
358.73,319,317
358.73,337,336
358.74,319,316
358.81,336,336
358.81,324,321
358.81,331,333
358.81,331,326
358.81,327,331
358.81,335,331
358.81,325,327
358.87,336,336
358.87,322,324
358.87,340,338
358.87,320,321
358.87,338,339
358.87,321,320
358.87,340,341
358.93,320,320
358.93,338,341
358.93,323,321
358.93,338,340
358.93,330,327
358.93,332,337
358.94,336,330
358.99,329,332
358.99,336,335
358.99,327,328
358.99,342,339
358.99,323,324
359.0,341,340
359.0,321,322
359.07,341,340
359.07,319,320
359.07,341,340
359.07,321,318
359.07,334,335
359.07,320,319
359.07,330,333
359.13,324,321
359.13,327,330
359.13,331,327
359.13,323,324
359.13,332,330
359.13,319,320
359.14,335,332
359.19,316,317
359.19,334,334
359.19,313,314
359.19,333,332
359.19,313,313
359.19,333,332
359.2,314,313
359.26,328,330
359.26,319,316
359.26,325,327
359.26,323,320
359.26,323,326
359.26,327,325
359.27,320,323
359.32,332,330
359.32,318,319
359.32,335,333
359.32,318,318
359.32,333,333
359.32,317,317
359.33,333,334
359.4,320,319
359.4,336,337
359.4,322,319
359.4,332,334
359.4,323,320
359.4,326,330
359.4,329,324
359.46,325,326
359.46,332,329
359.46,322,322
359.46,334,333
359.46,320,321
359.46,335,335
359.46,320,321
359.52,338,337
359.52,320,320
359.52,338,338
359.52,322,321
359.52,338,338
359.52,326,324
359.53,338,339
359.58,329,326
359.58,329,334
359.58,334,329
359.58,327,328
359.58,337,334
359.59,323,325
359.59,339,337
359.65,322,323
359.65,342,340
359.65,320,322
359.65,342,341
359.65,322,322
359.65,341,341
359.66,324,322
359.72,339,342
359.72,329,326
359.72,336,340
359.72,333,331
359.72,333,336
359.72,338,335
359.73,331,334
359.79,343,340
359.79,329,331
359.79,346,345
359.79,330,331
359.79,349,346
359.79,327,329
359.79,350,348
359.85,329,327
359.85,343,345
359.85,330,327
359.85,340,340
359.85,328,324
359.85,331,333
359.86,328,323
359.91,323,325
359.91,327,326
359.91,315,318
359.91,329,326
359.91,314,313
359.91,329,327
359.92,309,309
359.97,326,324
359.97,305,306
359.97,325,324
359.97,306,305
359.97,321,323
359.98,311,307
359.99,320,323
360.05,315,310
360.05,317,321
360.05,320,316
360.05,316,318
360.05,324,321
360.05,313,314
360.05,329,327
360.12,316,315
360.12,331,331
360.12,311,313
360.12,331,331
360.12,313,312
360.12,331,330
360.12,315,313
360.18,331,331
360.18,318,315
360.18,328,329
360.18,324,318
360.18,322,325
360.18,327,322
360.18,317,321
360.24,331,327
360.24,315,317
360.24,334,330
360.24,313,316
360.24,333,333
360.24,318,318
360.25,334,334
360.3,317,316
360.3,334,335
360.3,319,320
360.3,334,336
360.3,325,321
360.31,333,334
360.32,330,326
360.38,326,330
360.38,333,328
360.38,322,324
360.38,337,334
360.38,320,322
360.38,337,336
360.38,321,320
360.44,337,336
360.44,320,319
360.44,338,338
360.44,322,320
360.44,339,338
360.44,323,321
360.45,335,337
360.5,326,322
360.5,330,333
360.5,331,326
360.5,328,331
360.5,337,332
360.5,324,327
360.51,340,337
360.57,324,325
360.57,338,338
360.57,322,321
360.57,340,338
360.57,320,320
360.57,339,338
360.58,320,319
360.63,337,338
360.63,326,321
360.63,333,336
360.63,329,325
360.63,334,335
360.63,336,331
360.64,329,331
360.71,337,334
360.71,326,326
360.71,338,338
360.71,323,324
360.71,339,338
360.71,323,323
360.71,340,340
360.77,323,321
360.77,340,340
360.77,320,321
360.77,335,337
360.77,325,320
360.77,330,333
360.77,327,324
360.83,326,329
360.83,331,329
360.83,322,325
360.83,332,332
360.83,321,323
360.83,335,334
360.84,321,322
360.89,335,334
360.89,321,320
360.89,337,337
360.89,320,318
360.89,337,336
360.9,323,321
360.91,336,336
360.97,326,321
360.97,328,332
360.97,328,324
360.97,325,327
360.97,334,329
360.97,322,325
360.97,337,334
361.03,322,323
361.03,339,337
361.03,321,323
361.03,342,340
361.03,324,323
361.03,342,342
361.04,325,323
361.09,340,340
361.09,325,324
361.09,335,336
361.09,331,327
361.09,330,333
361.09,332,329
361.1,326,329
361.16,337,334
361.16,325,327
361.16,339,338
361.16,323,323
361.16,340,338
361.16,320,320
361.17,336,336
361.22,319,318
361.22,337,337
361.22,320,319
361.22,334,336
361.22,322,320
361.22,329,332
361.23,325,323
361.3,326,329
361.3,331,328
361.3,320,325
361.3,335,333
361.3,320,321
361.3,338,336
361.3,318,320
361.36,337,337
361.36,320,321
361.36,338,340
361.36,322,322
361.36,338,340
361.36,324,322
361.36,337,340
361.42,328,327
361.42,334,335
361.42,335,330
361.42,326,332
361.42,339,335
361.42,326,327
361.43,340,339
361.48,325,325
361.48,340,339
361.48,322,324
361.48,342,340
361.48,323,322
361.49,338,339
361.5,322,321
361.55,337,339
361.55,325,322
361.55,335,335
361.55,329,325
361.55,332,334
361.55,332,329
361.56,326,329
361.62,335,332
361.62,323,324
361.62,339,336
361.62,321,321
361.62,339,338
361.62,321,320
361.63,337,336
361.69,320,319
361.69,338,336
361.69,322,319
361.69,336,336
361.69,326,322
361.69,333,334
361.69,328,324
361.75,329,331
361.75,333,330
361.75,324,327
361.75,334,334
361.75,325,325
361.75,338,337
361.76,321,322
361.81,339,338
361.81,322,322
361.81,340,340
361.81,322,322
361.81,339,340
361.81,325,323
361.82,337,338
361.87,329,325
361.87,331,333
361.87,330,326
361.87,324,328
361.87,335,330
361.88,320,322
361.89,335,332
361.95,321,322
361.95,339,339
361.95,323,323
361.95,342,340
361.95,325,324
361.95,343,341
361.95,326,325
362.01,339,340
362.01,326,324
362.01,337,339
362.01,329,327
362.01,332,335
362.01,334,329
362.02,326,330
362.08,338,335
362.08,326,326
362.08,339,338
362.08,321,323
362.08,341,341
362.08,320,321
362.08,338,338
362.14,323,321
362.14,336,337
362.14,323,320
362.14,337,338
362.14,326,325
362.14,335,338
362.15,333,329
362.2,331,333
362.2,335,333
362.2,325,329
362.2,342,338
362.2,326,328
362.21,342,342
362.22,325,325
362.28,346,344
362.28,325,325
362.28,343,342
362.28,324,324
362.28,340,341
362.28,327,324
362.28,337,338
362.34,328,324
362.34,333,334
362.34,331,327
362.34,328,331
362.34,335,332
362.34,323,325
362.35,337,335
362.4,322,321
362.4,335,333
362.4,318,317
362.4,332,332
362.4,315,314
362.4,333,333
362.41,317,314
362.47,330,331
362.47,316,315
362.47,325,328
362.47,320,318
362.47,321,325
362.47,322,320
362.48,317,319
362.53,326,324
362.53,313,314
362.53,330,327
362.53,314,315
362.53,331,329
362.54,314,314
362.54,333,332
362.61,315,315
362.61,333,332
362.61,317,316
362.61,331,332
362.61,320,317
362.61,328,330
362.61,325,321
362.67,326,328
362.67,327,325
362.67,319,322
362.67,332,330
362.67,317,319
362.67,335,333
362.67,319,318
362.73,335,334
362.73,318,319
362.73,336,336
362.73,319,318
362.73,336,337
362.73,321,320
362.74,333,335
362.79,326,322
362.79,328,332
362.79,328,325
362.79,327,329
362.79,332,329
362.8,322,325
362.81,336,335
362.86,323,323
362.86,336,336
362.86,321,320
362.86,338,338
362.86,322,321
362.86,340,340
362.87,324,324
362.94,341,341
362.94,327,325
362.94,337,339
362.94,330,328
362.94,335,337
362.94,335,330
362.94,331,333
363.0,339,336
363.0,325,328
363.0,342,340
363.0,326,326
363.0,342,340
363.0,327,326
363.0,343,342
363.06,325,324
363.06,340,341
363.06,325,323
363.06,339,340
363.06,327,326
363.06,336,338
363.07,332,328
363.12,334,335
363.12,336,333
363.12,327,330
363.12,340,336
363.12,324,326
363.13,338,338
363.13,324,324
363.19,339,339
363.19,323,323
363.19,339,338
363.19,322,322
363.19,339,338
363.19,323,322
363.2,337,337
363.26,325,323
363.26,330,333
363.26,328,324
363.26,327,329
363.26,330,327
363.26,323,323
363.26,332,330
363.33,318,319
363.33,335,333
363.33,316,316
363.33,336,334
363.33,317,316
363.33,334,334
363.33,319,316
363.39,335,335
363.39,320,317
363.39,332,333
363.39,323,320
363.39,327,329
363.39,329,323
363.4,324,326
363.45,333,329
363.45,322,323
363.45,335,333
363.45,318,318
363.45,335,334
363.45,319,319
363.46,339,337
363.52,320,319
363.52,336,336
363.52,321,318
363.52,334,335
363.52,321,319
363.52,333,335
363.53,328,325
363.58,328,332
363.58,332,329
363.58,327,329
363.58,336,333
363.58,320,324
363.58,338,336
363.59,322,323
363.65,339,336
363.66,320,321
363.66,339,338
363.66,320,319
363.66,337,336
363.66,320,318
363.66,333,335
363.72,320,318
363.72,328,330
363.72,324,320
363.72,323,326
363.72,329,323
363.72,318,321
363.72,331,328
363.78,317,317
363.78,333,331
363.78,313,315
363.78,331,332
363.78,316,316
363.78,336,335
363.79,317,315
363.84,335,335
363.84,319,317
363.84,332,333
363.84,323,319
363.84,327,330
363.85,329,324
363.85,323,326
363.92,331,328
363.92,320,323
363.92,335,334
363.92,320,320
363.92,337,335
363.92,320,320
363.92,337,336
363.98,320,319
363.98,337,337
363.98,321,319
363.98,338,339
363.98,325,322
363.98,336,337
363.99,326,323
364.04,327,332
364.04,333,328
364.04,325,328
364.04,337,333
364.04,322,324
364.04,336,335
364.05,320,320
364.11,337,336
364.11,319,319
364.11,337,336
364.11,319,319
364.11,336,335
364.11,319,317
364.12,333,334
364.17,321,319
364.17,326,330
364.17,324,322
364.17,326,328
364.17,330,327
364.17,321,324
364.18,335,331
364.25,319,320
364.25,335,334
364.25,321,320
364.25,338,337
364.25,320,319
364.25,337,337
364.25,318,318
364.31,336,337
364.31,318,316
364.31,330,333
364.31,322,320
364.31,326,329
364.31,326,323
364.31,322,326
364.37,331,327
364.37,320,322
364.37,333,331
364.37,319,319
364.37,334,333
364.37,317,318
364.38,335,336
364.43,319,318
364.43,334,335
364.43,320,319
364.43,336,337
364.43,322,321
364.44,331,333
364.44,327,322
364.49,329,332
364.49,331,325
364.49,324,326
364.5,334,331
364.5,322,323
364.5,335,334
364.51,321,322
364.57,338,337
364.57,320,321
364.57,339,338
364.57,321,321
364.57,341,340
364.57,323,322
364.58,337,338
364.64,324,322
364.64,332,336
364.64,329,326
364.64,329,332
364.64,336,330
364.64,327,329
364.64,339,335
364.7,325,325
364.7,339,338
364.7,324,324
364.7,341,340
364.7,325,324
364.7,343,341
364.71,323,322
364.76,342,342
364.76,325,324
364.76,339,341
364.76,329,326
364.76,337,339
364.76,333,331
364.77,333,337
364.84,342,337
364.84,331,333
364.84,345,342
364.84,331,331
364.84,347,344
364.84,326,327
364.84,347,345
364.9,329,328
364.9,345,346
364.9,330,328
364.9,345,346
364.9,331,328
364.9,344,346
364.9,339,334
364.96,340,342
364.96,341,336
364.96,335,336
364.96,345,342
364.96,334,335
364.96,348,346
364.97,331,331
365.02,349,348
365.02,331,330
365.02,349,347
365.02,332,332
365.02,346,346
365.03,331,329
365.03,345,346
365.09,334,330
365.09,340,343
365.09,336,331
365.09,337,338
365.09,342,336
365.09,332,335
365.1,345,340
365.15,329,330
365.15,346,344
365.15,329,330
365.15,345,345
365.15,329,328
365.16,348,346
365.17,329,327
365.23,343,345
365.23,330,326
365.23,343,343
365.23,330,328
365.23,337,338
365.23,335,330
365.23,331,335
365.29,339,335
365.29,327,331
365.29,341,339
365.29,327,327
365.29,343,341
365.29,326,326
365.3,340,341
365.35,327,327
365.35,343,343
365.35,326,326
365.35,343,345
365.35,330,329
365.35,340,343
365.36,334,330
365.42,335,339
365.42,339,333
365.42,334,337
365.42,345,340
365.42,331,332
365.42,344,343
365.43,328,328
365.48,342,341
365.48,324,325
365.48,343,342
365.48,327,326
365.48,344,342
365.48,327,324
365.49,342,342
365.56,327,326
365.56,338,341
365.56,333,330
365.56,334,336
365.56,336,333
365.56,329,330
365.56,340,336
365.62,330,329
365.62,342,341
365.62,326,328
365.62,343,342
365.62,328,327
365.62,344,344
365.62,324,325
365.68,342,344
365.68,327,324
365.68,340,341
365.68,328,326
365.68,334,338
365.68,335,330
365.69,330,333
365.74,337,333
365.74,326,329
365.74,339,335
365.74,324,326
365.74,341,338
365.75,323,323
365.75,339,338
365.81,324,323
365.81,338,338
365.81,320,319
365.81,336,337
365.81,322,320
365.81,333,335
365.82,327,322
365.88,330,334
365.88,329,326
365.88,327,329
365.88,336,332
365.88,324,325
365.89,336,334
365.89,320,321
365.95,339,337
365.95,320,320
365.95,338,337
365.95,322,321
365.95,339,339
365.95,321,321
365.95,339,339
366.01,324,322
366.01,333,336
366.01,326,323
366.01,329,331
366.01,333,328
366.01,323,326
366.02,334,332
366.07,320,320
366.07,334,333
366.07,319,319
366.07,338,335
366.07,319,319
366.07,336,336
366.09,318,318
366.09,337,336
366.1,320,318
366.11,334,336
366.17,324,322
366.17,332,334
366.17,329,325
366.17,328,330
366.17,336,331
366.17,323,325
366.18,336,334
366.23,322,322
366.23,337,335
366.23,321,322
366.23,339,338
366.23,322,322
366.23,340,341
366.24,324,322
366.31,340,341
366.31,325,323
366.31,339,339
366.31,329,324
366.31,335,337
366.31,333,329
366.31,329,332
366.37,340,336
366.37,328,330
366.37,340,340
366.37,328,328
366.37,346,343
366.37,327,327
366.37,347,345
366.43,327,327
366.43,344,344
366.43,327,325
366.43,342,343
366.43,329,326
366.43,339,340
366.44,331,328
366.49,333,336
366.49,335,330
366.49,330,332
366.49,337,335
366.49,324,327
366.5,342,339
366.5,323,324
366.56,341,340
366.56,323,322
366.56,340,338
366.56,321,320
366.56,339,337
366.56,321,320
366.57,334,336
366.63,322,321
366.63,333,334
366.63,329,325
366.63,327,330
366.63,332,327
366.63,323,324
366.64,332,331
366.7,317,320
366.7,334,334
366.7,316,318
366.7,335,334
366.7,316,317
366.7,336,335
366.7,318,318
366.76,335,336
366.76,320,319
366.76,332,335
366.76,323,320
366.76,331,333
366.76,327,325
366.77,327,329
366.82,333,331
366.82,325,326
366.82,339,335
366.82,323,323
366.82,338,338
366.82,321,321
366.83,339,338
366.88,321,321
366.88,336,336
366.88,320,320
366.89,336,337
366.89,323,321
366.89,335,335
366.9,328,324
366.95,330,331
366.95,331,327
366.95,327,328
366.95,335,330
366.95,320,322
366.95,333,333
366.96,316,319
367.03,332,332
367.03,316,315
367.03,334,335
367.03,316,315
367.03,334,333
367.03,318,316
367.03,330,332
367.09,320,318
367.09,329,330
367.09,323,319
367.09,324,327
367.09,326,322
367.09,317,319
367.09,329,327
367.15,315,317
367.15,329,329
367.15,314,315
367.15,334,332
367.15,315,314
367.15,333,332
367.16,314,314
367.22,334,332
367.22,317,316
367.22,329,331
367.22,320,317
367.22,330,331
367.22,324,322
367.23,322,326
367.28,334,328
367.28,322,323
367.28,337,333
367.28,322,321
367.28,336,336
367.28,322,321
367.29,340,340
367.36,321,321
367.36,339,339
367.36,323,321
367.36,339,340
367.36,327,323
367.36,335,338
367.36,329,326
367.42,333,335
367.42,333,330
367.42,330,332
367.42,341,335
367.42,327,329
367.42,341,339
367.42,325,327
367.48,345,341
367.48,323,324
367.48,340,340
367.48,325,324
367.48,340,340
367.48,324,324
367.49,338,340
367.54,328,325
367.54,336,338
367.54,328,327
367.54,329,334
367.54,333,331
367.54,330,331
367.55,340,338
367.61,330,330
367.61,341,341
367.61,326,327
367.61,345,343
367.61,329,328
367.61,347,345
367.62,325,325
367.67,344,343
367.67,328,327
367.67,342,343
367.67,333,329
367.67,339,340
367.68,337,332
367.68,333,336
367.74,339,336
367.74,331,332
367.74,343,340
367.74,329,328
367.74,344,342
367.74,327,328
367.75,346,344
367.81,328,327
367.81,344,345
367.81,325,326
367.81,342,344
367.81,328,327
367.81,338,341
367.81,334,329
367.87,334,337
367.87,335,329
367.87,329,332
367.88,335,333
367.88,323,325
367.88,337,336
367.88,321,323
367.94,339,337
367.94,321,321
367.94,338,337
367.94,320,319
367.94,338,336
367.94,322,320
367.95,335,334
368.0,323,320
368.0,331,334
368.0,326,323
368.0,328,330
368.0,331,327
368.0,323,327
368.01,333,331
368.07,322,322
368.07,335,335
368.07,318,320
368.07,337,335
368.07,318,318
368.07,338,336
368.08,320,318
368.13,337,335
368.13,319,318
368.13,334,335
368.13,322,320
368.13,332,334
368.13,328,325
368.14,326,330
368.21,334,330
368.21,324,328
368.21,339,337
368.21,325,326
368.21,343,340
368.21,324,326
368.21,346,344
368.27,324,326
368.27,346,344
368.27,326,325
368.27,340,342
368.27,329,326
368.27,338,340
368.27,331,328
368.33,333,336
368.33,334,331
368.33,331,333
368.33,343,338
368.33,331,333
368.33,345,344
368.34,332,332
368.39,347,345
368.39,328,329
368.39,348,346
368.4,329,327
368.4,346,346
368.4,328,326
368.4,342,344
368.46,331,329
368.46,342,343
368.46,336,331
368.46,336,339
368.46,338,334
368.46,331,333
368.47,340,337
368.53,327,330
368.53,342,341
368.53,326,327
368.53,346,344
368.53,331,329
368.53,346,346
368.54,331,330
368.6,348,348
368.6,334,332
368.6,349,350
368.6,337,334
368.6,344,345
368.6,340,336
368.6,336,340
368.66,343,338
368.66,332,335
368.66,340,339
368.66,329,330
368.66,342,341
368.66,325,327
368.67,344,342
368.72,325,325
368.72,343,341
368.72,322,323
368.72,341,341
368.72,323,321
368.72,336,338
368.73,325,323
368.78,332,335
368.78,331,326
368.78,325,329
368.78,332,331
368.78,325,327
368.79,337,335
368.8,323,324
368.86,340,338
368.86,323,322
368.86,339,338
368.86,323,324
368.86,340,341
368.86,325,324
368.86,342,340
368.93,325,325
368.93,338,342
368.93,329,327
368.93,336,337
368.93,336,331
368.93,330,334
368.93,339,335
368.99,327,329
368.99,340,339
368.99,327,327
368.99,342,340
368.99,325,326
368.99,344,343
368.99,327,326
369.05,344,344
369.05,327,325
369.05,341,343
369.05,328,326
369.05,338,341
369.05,332,328
369.06,335,338
369.11,341,336
369.11,333,337
369.11,344,342
369.11,336,337
369.11,351,348
369.12,336,336
369.13,354,351
369.19,333,332
369.19,347,346
369.19,325,324
369.19,340,340
369.19,320,317
369.19,330,330
369.19,315,312
369.25,322,324
369.25,317,315
369.25,318,322
369.25,322,320
369.25,318,320
369.25,330,326
369.26,317,317
369.31,331,329
369.31,316,317
369.31,335,333
369.31,315,315
369.31,335,333
369.31,315,315
369.32,335,334
369.38,315,314
369.38,328,331
369.38,319,315
369.38,326,329
369.38,325,320
369.38,323,325
369.39,328,326
369.44,316,321
369.44,330,328
369.44,319,318
369.44,333,331
369.44,314,316
369.45,336,333
369.45,314,315
369.52,335,335
369.52,318,316
369.52,336,336
369.52,317,316
369.52,332,335
369.52,325,320
369.52,327,331
369.58,330,326
369.58,324,326
369.58,333,329
369.58,323,324
369.58,336,333
369.58,319,322
369.58,339,336
369.64,318,318
369.64,338,337
369.64,317,318
369.64,339,337
369.64,319,318
369.64,336,337
369.65,322,320
369.71,335,337
369.71,330,326
369.71,330,335
369.71,334,330
369.71,328,330
369.71,340,338
369.72,324,326
369.77,341,339
369.77,322,323
369.77,343,341
369.77,323,322
369.77,342,342
369.77,321,321
369.78,338,340
369.83,321,319
369.83,335,337
369.83,323,319
369.83,331,333
369.83,328,323
369.84,324,327
369.85,334,330
369.91,324,326
369.91,337,335
369.91,323,325
369.91,340,339
369.91,320,322
369.91,344,342
369.91,323,323
369.97,345,344
369.97,325,323
369.97,344,346
369.97,329,326
369.97,342,345
369.97,336,331
369.98,340,343
370.04,341,337
370.04,338,340
370.04,351,347
370.04,338,338
370.04,354,351
370.04,339,338
370.04,356,356
370.1,338,337
370.1,358,357
370.1,340,339
370.1,360,360
370.1,340,339
370.1,357,358
370.11,346,342
370.16,354,356
370.16,347,343
370.16,347,350
370.16,351,347
370.16,340,344
370.17,357,353
370.17,338,341
370.22,356,355
370.22,340,339
370.22,359,357
370.22,336,337
370.23,355,354
370.23,334,336
370.24,354,353
370.3,338,335
370.3,350,352
370.3,340,337
370.3,347,348
370.3,344,340
370.3,337,343
370.31,346,342
370.37,332,334
370.37,347,344
370.37,330,328
370.37,347,345
370.37,328,328
370.37,345,344
370.37,325,325
370.43,342,343
370.43,326,324
370.43,342,343
370.43,329,326
370.43,338,341
370.43,327,326
370.44,332,335
370.49,334,329
370.49,325,329
370.49,335,332
370.49,320,322
370.49,334,332
370.49,313,314
370.5,330,329
370.55,308,309
370.55,328,326
370.55,306,306
370.55,324,324
370.55,305,303
370.56,321,321
370.57,306,304
370.63,316,318
370.63,313,308
370.63,311,314
370.63,315,311
370.63,307,311
370.63,318,315
370.63,305,306
370.69,322,321
370.69,303,305
370.69,325,323
370.69,306,306
370.69,325,325
370.69,305,305
370.7,326,326
370.76,309,307
370.76,323,324
370.76,315,312
370.76,320,323
370.76,321,318
370.76,322,324
370.76,329,324
370.82,317,319
370.82,330,329
370.82,314,318
370.82,334,334
370.82,320,320
370.82,337,336
370.83,320,321
370.88,340,341
370.88,322,321
370.88,340,341
370.88,328,325
370.88,339,340
370.89,331,328
370.9,336,338
370.96,338,333
370.96,330,333
370.96,342,337
370.96,327,328
370.96,345,343
370.96,327,328
370.96,346,344
371.02,328,327
371.02,343,343
371.02,326,325
371.02,345,344
371.02,327,326
371.02,342,343
371.03,329,327
371.08,337,339
371.08,333,328
371.08,330,334
371.08,338,333
371.08,324,327
371.08,338,334
371.09,323,324
371.15,338,337
371.15,323,322
371.15,339,338
371.15,322,320
371.15,339,339
371.15,319,319
371.16,336,338
371.22,323,320
371.22,335,337
371.22,324,322
371.22,331,335
371.22,330,327
371.22,328,331
371.22,336,332
371.29,322,324
371.29,337,335
371.29,323,324
371.29,340,338
371.29,323,322
371.29,339,339
371.29,320,321
371.35,336,338
371.35,322,322
371.35,339,338
371.35,324,322
371.35,334,337
371.35,327,324
371.35,331,333
371.41,331,327
371.41,324,327
371.41,336,331
371.41,322,323
371.41,337,336
371.41,322,321
371.42,338,337
371.47,320,320
371.47,336,337
371.47,322,320
371.47,342,340
371.47,323,321
371.48,336,337
371.48,324,322
371.54,335,336
371.54,330,327
371.54,331,333
371.54,335,331
371.54,328,330
371.54,338,337
371.55,324,327
371.61,342,341
371.61,324,324
371.61,343,342
371.61,324,325
371.61,343,344
371.61,327,326
371.62,343,343
371.68,328,325
371.68,340,342
371.68,328,326
371.68,336,339
371.68,332,329
371.68,330,334
371.68,337,333
371.74,325,329
371.74,341,337
371.74,323,325
371.74,342,340
371.74,323,324
371.74,342,340
371.75,322,322
371.8,340,340
371.8,323,322
371.8,340,340
371.8,325,322
371.8,334,337
371.8,329,324
371.81,330,335
371.86,332,329
371.86,326,330
371.86,338,333
371.86,324,324
371.86,338,337
371.87,325,325
371.88,342,341
371.94,325,325
371.94,344,344
371.94,325,325
371.94,345,344
371.94,327,325
371.94,341,342
371.94,328,324
372.0,336,340
372.0,331,328
372.0,334,337
372.0,337,334
372.0,326,330
372.0,341,339
372.01,326,326
372.07,341,340
372.07,325,325
372.07,341,340
372.07,323,324
372.07,343,342
372.07,322,322
372.07,341,341
372.13,324,322
372.13,339,339
372.13,329,324
372.13,334,336
372.13,331,326
372.13,328,331
372.14,337,332
372.19,323,327
372.19,337,335
372.19,324,325
372.19,341,340
372.19,324,325
372.2,345,342
372.21,324,325
372.27,343,343
372.27,326,324
372.27,342,344
372.27,327,325
372.27,340,341
372.27,329,327
372.27,336,338
372.33,332,329
372.33,329,332
372.33,336,333
372.33,323,324
372.33,340,338
372.33,323,325
372.34,340,337
372.39,320,320
372.39,339,337
372.39,318,318
372.39,336,336
372.39,319,318
372.39,335,337
372.4,320,320
372.46,335,336
372.46,328,323
372.46,329,333
372.46,332,328
372.46,324,327
372.46,337,334
372.47,323,325
372.52,341,338
372.52,324,324
372.52,340,341
372.52,325,322
372.52,342,342
372.53,325,323
372.53,343,342
372.6,325,324
372.6,339,341
372.6,329,326
372.6,336,339
372.6,335,330
372.6,333,336
372.6,337,334
372.66,328,332
372.66,343,339
372.66,324,327
372.66,344,343
372.66,324,325
372.66,343,342
372.66,323,323
372.72,345,344
372.72,325,323
372.72,342,341
372.72,326,324
372.72,337,339
372.72,330,327
372.73,333,337
372.78,334,329
372.78,330,334
372.78,338,335
372.78,327,330
372.78,342,340
372.79,325,324
372.8,341,341
372.86,322,324
372.86,340,340
372.86,321,320
372.86,340,340
372.86,322,320
372.86,337,338
372.86,322,320
372.92,333,334
372.92,326,322
372.92,328,330
372.92,330,325
372.92,321,323
372.92,331,329
372.93,316,318
372.99,335,332
372.99,314,316
372.99,332,332
372.99,315,315
372.99,332,332
372.99,314,313
372.99,333,333
373.05,315,313
373.05,327,329
373.05,318,313
373.05,325,327
373.05,320,317
373.05,319,322
373.06,325,320
373.11,312,314
373.11,327,324
373.11,310,311
373.11,329,325
373.11,309,309
373.12,328,327
373.12,308,308
373.17,326,327
373.17,307,306
373.17,327,326
373.17,308,307
373.17,322,325
373.18,311,309
373.19,317,320
373.25,320,315
373.25,313,316
373.25,323,319
373.25,312,314
373.25,326,324
373.25,310,312
373.25,329,327
373.31,308,309
373.31,331,329
373.31,310,310
373.31,330,330
373.31,311,310
373.31,329,329
373.32,315,313
373.37,328,329
373.37,321,316
373.37,321,325
373.38,325,322
373.38,318,322
373.38,330,328
373.39,318,319
373.44,334,331
373.44,319,318
373.44,337,335
373.44,317,317
373.44,336,337
373.44,316,317
373.45,339,340
373.51,323,320
373.51,337,337
373.51,322,320
373.51,332,335
373.51,331,326
373.51,327,331
373.52,334,330
373.58,322,326
373.58,338,334
373.58,322,322
373.58,337,336
373.58,320,321
373.58,340,338
373.58,320,320
373.64,338,338
373.64,321,319
373.64,337,339
373.64,322,321
373.64,337,339
373.64,326,324
373.65,333,336
373.66,329,327
373.67,328,330
373.68,338,332
373.73,322,325
373.73,339,335
373.73,321,322
373.73,340,339
373.73,320,320
373.73,342,340
373.74,320,320
373.8,341,341
373.8,325,322
373.8,340,341
373.8,327,323
373.8,337,338
373.8,331,326
373.81,331,335
373.86,335,329
373.86,329,331
373.86,341,336
373.86,327,327
373.86,344,341
373.86,325,325
373.87,344,342
373.93,322,323
373.94,345,344
373.94,324,325
373.94,344,344
373.94,326,325
373.94,342,344
373.94,326,324
374.0,338,338
374.0,334,328
374.0,327,333
374.0,336,332
374.0,325,329
374.0,338,336
374.0,324,326
374.06,340,340
374.06,322,324
374.06,343,341
374.06,323,322
374.06,344,342
374.06,322,321
374.07,343,342
374.12,324,322
374.12,338,340
374.12,329,324
374.12,333,336
374.12,332,328
374.13,328,331
374.13,338,334
374.2,325,327
374.2,338,337
374.2,323,323
374.2,339,338
374.2,322,321
374.2,340,339
374.2,321,320
374.26,340,340
374.26,320,319
374.26,338,337
374.26,323,319
374.26,333,334
374.26,324,321
374.27,329,331
374.32,331,327
374.32,324,327
374.32,336,332
374.32,322,324
374.32,337,335
374.32,322,321
374.33,338,337
374.39,316,318
374.39,337,337
374.39,318,318
374.39,336,337
374.39,319,317
374.39,335,336
374.4,322,319
374.45,329,332
374.45,326,322
374.45,324,328
374.45,333,328
374.45,322,325
374.45,337,334
374.46,320,322
374.53,335,335
374.53,317,317
374.53,338,336
374.53,318,318
374.53,338,338
374.53,318,318
374.53,337,337
374.59,321,319
374.59,335,335
374.59,321,318
374.59,329,333
374.59,327,323
374.59,324,328
374.59,333,329
374.65,320,324
374.65,337,335
374.65,320,321
374.65,338,336
374.65,318,320
374.65,338,338
374.66,318,319
374.71,338,337
374.71,319,318
374.71,335,337
374.71,319,316
374.71,333,334
374.72,327,322
374.72,329,331
374.78,330,324
374.78,321,325
374.78,332,329
374.78,317,320
374.78,334,332
374.78,314,316
374.79,336,333
374.85,314,315
374.85,335,333
374.85,314,314
374.85,332,332
374.85,317,316
374.86,330,332
374.86,318,317
374.92,330,330
374.92,323,318
374.92,322,325
374.92,328,324
374.92,318,320
374.92,330,328
374.92,314,317
374.98,333,329
374.98,313,315
374.98,335,333
374.98,314,314
374.98,333,333
374.98,314,313
374.99,333,332
375.04,315,314
375.04,327,331
375.04,319,316
375.04,325,327
375.04,325,319
375.04,321,323
375.05,332,327
375.1,317,320
375.1,335,332
375.1,318,319
375.1,336,333
375.1,317,317
375.11,334,334
375.12,317,317
375.18,336,336
375.18,318,317
375.18,336,335
375.18,322,318
375.18,329,332
375.18,320,317
375.18,321,325
375.25,325,321
375.25,319,321
375.25,327,323
375.25,312,314
375.25,330,327
375.25,310,312
375.25,329,327
375.31,309,309
375.31,329,328
375.31,309,308
375.31,328,328
375.31,312,310
375.31,327,327
375.31,313,309
375.37,321,324
375.37,317,313
375.37,317,320
375.37,323,317
375.37,312,315
375.37,325,322
375.38,314,313
375.43,329,327
375.43,311,312
375.43,330,330
375.43,311,310
375.43,330,329
375.44,312,312
375.45,330,332
375.51,313,312
375.51,326,329
375.51,316,314
375.51,321,326
375.51,322,318
375.51,319,321
375.51,328,322
375.57,315,318
375.57,328,328
375.57,313,313
375.57,332,330
375.57,312,312
375.57,332,332
375.58,313,313
375.63,331,331
375.63,313,312
375.63,332,332
375.63,315,311
375.63,328,329
375.63,318,314
375.64,320,323
375.7,322,318
375.7,313,317
375.7,327,322
375.7,310,313
375.7,326,326
375.7,311,311
375.71,328,327
375.76,310,309
375.76,327,326
375.76,309,308
375.76,326,326
375.76,308,307
375.77,325,327
375.77,313,310
375.84,321,323
375.84,318,313
375.84,316,319
375.84,319,315
375.84,311,313
375.84,324,321
375.84,309,310
375.9,324,322
375.9,306,307
375.9,325,324
375.9,307,306
375.9,328,326
375.9,308,309
375.9,328,328
375.96,312,311
375.96,324,326
375.96,316,313
375.96,321,325
375.96,320,317
375.96,317,321
375.97,325,322
376.02,315,317
376.02,331,328
376.02,318,316
376.02,332,331
376.02,314,315
376.03,334,333
376.04,313,314
376.09,332,332
376.09,315,315
376.09,334,333
376.09,317,315
376.09,331,332
376.09,321,318
376.1,325,328
376.16,328,323
376.16,321,324
376.16,333,328
376.16,318,320
376.16,334,333
376.16,319,320
376.17,336,335
376.23,319,318
376.23,338,338
376.23,319,318
376.23,339,339
376.23,319,318
376.23,334,336
376.23,320,319
376.29,331,333
376.29,326,322
376.29,327,329
376.29,334,329
376.29,323,326
376.29,336,333
376.3,321,322
376.35,337,334
376.35,319,318
376.35,338,335
376.35,318,319
376.35,339,337
376.35,318,318
376.36,336,338
376.43,320,319
376.43,338,337
376.43,325,322
376.43,332,334
376.43,330,327
376.43,329,332
376.43,336,332
376.49,323,326
376.49,337,336
376.49,321,323
376.49,338,338
376.49,323,322
376.49,341,340
376.49,323,321
376.55,341,341
376.55,322,320
376.55,340,340
376.55,324,322
376.55,335,338
376.55,328,326
376.56,331,334
376.62,334,330
376.62,329,331
376.62,338,334
376.62,324,327
376.62,341,337
376.62,322,321
376.63,339,339
376.68,323,322
376.68,343,340
376.68,322,322
376.68,343,343
376.68,323,322
376.68,339,341
376.69,329,325
376.74,336,338
376.74,330,328
376.74,332,335
376.74,337,333
376.74,325,330
376.75,339,336
376.76,322,325
376.82,344,342
376.82,322,323
376.82,341,341
376.82,322,324
376.82,343,343
376.82,325,322
376.82,345,344
376.88,327,325
376.88,340,342
376.88,330,327
376.88,336,340
376.88,334,331
376.88,333,336
376.89,342,337
376.94,329,332
376.94,344,341
376.94,327,328
376.94,343,343
376.94,325,326
376.94,347,345
376.95,327,327
377.01,346,346
377.01,325,326
377.01,344,344
377.01,330,329
377.01,342,343
377.01,334,329
377.02,337,340
377.07,336,333
377.07,330,335
377.07,342,337
377.07,326,328
377.07,342,339
377.08,321,323
377.08,342,339
377.15,322,321
377.15,341,339
377.15,322,320
377.15,338,339
377.15,321,320
377.15,336,338
377.15,324,321
377.21,332,335
377.21,328,324
377.21,329,331
377.21,331,327
377.21,320,326
377.21,333,330
377.22,319,321
377.27,334,334
377.27,316,318
377.27,336,335
377.27,315,315
377.27,334,334
377.27,314,316
377.28,334,335
377.33,317,316
377.33,333,335
377.33,321,318
377.33,328,332
377.33,325,322
377.34,323,327
377.35,331,328
377.4,320,323
377.4,335,332
377.4,317,319
377.4,337,336
377.4,318,318
377.4,336,336
377.41,317,316
377.48,338,338
377.48,318,316
377.48,336,337
377.48,322,319
377.48,334,335
377.48,325,320
377.48,329,331
377.54,328,324
377.54,322,326
377.54,332,330
377.54,320,322
377.54,338,335
377.54,322,321
377.54,337,335
377.6,317,318
377.6,336,336
377.6,317,317
377.6,335,335
377.6,318,316
377.6,334,335
377.61,321,320
377.66,330,332
377.66,325,322
377.66,325,329
377.66,330,324
377.66,321,322
377.67,335,331
377.67,320,321
377.73,335,333
377.73,319,319
377.73,337,338
377.73,321,320
377.73,338,338
377.73,318,317
377.74,338,338
377.79,320,320
377.79,338,339
377.79,325,321
377.79,330,335
377.79,330,325
377.8,326,330
377.8,335,330
377.87,322,326
377.87,337,335
377.87,322,323
377.87,339,338
377.87,321,322
377.87,341,340
377.87,323,322
377.93,341,340
377.93,323,321
377.93,340,341
377.93,323,322
377.93,338,338
377.93,326,323
377.94,334,336
377.99,332,328
377.99,326,330
377.99,336,331
377.99,323,325
377.99,337,336
377.99,318,321
378.0,337,336
378.06,317,318
378.06,338,337
378.06,318,317
378.06,336,337
378.06,320,318
378.06,336,336
378.07,323,321
378.12,333,336
378.12,326,323
378.12,329,332
378.12,332,327
378.12,322,326
378.12,334,330
378.13,317,320
378.18,336,333
378.18,315,315
378.18,337,334
378.18,315,315
378.18,335,334
378.19,315,314
378.2,332,332
378.26,317,315
378.26,331,332
378.26,320,317
378.26,329,330
378.26,324,320
378.26,322,325
378.26,331,325
378.32,318,321
378.32,332,329
378.32,318,318
378.32,335,332
378.32,315,316
378.32,333,332
378.33,313,313
378.39,334,333
378.39,312,312
378.39,331,332
378.39,317,315
378.39,329,331
378.39,318,316
378.39,323,327
378.45,327,322
378.45,318,322
378.45,331,326
378.45,315,318
378.45,330,330
378.45,314,316
378.46,333,332
378.51,311,314
378.51,336,334
378.51,312,313
378.51,334,334
378.51,315,314
378.52,331,332
378.53,318,318
378.59,330,334
378.59,322,319
378.59,324,329
378.59,330,327
378.59,321,324
378.59,333,328
378.59,322,323
378.65,336,334
378.65,319,318
378.65,338,336
378.65,316,318
378.65,336,335
378.65,318,317
378.66,336,336
378.71,317,316
378.71,335,335
378.71,322,319
378.71,331,333
378.71,327,322
378.71,326,329
378.72,333,328
378.78,323,325
378.78,333,332
378.78,318,320
378.78,337,335
378.78,318,318
378.78,337,336
378.79,316,318
378.84,339,338
378.84,319,317
378.84,338,337
378.84,320,318
378.84,335,336
378.85,326,322
378.85,329,332
378.92,330,326
378.92,325,328
378.92,334,331
378.92,320,322
378.92,335,333
378.92,319,320
378.92,337,336
378.98,316,317
378.98,337,335
378.98,318,317
378.98,337,335
378.98,319,316
378.98,333,335
378.98,318,316
379.04,329,332
379.04,322,319
379.04,325,328
379.04,328,323
379.04,320,323
379.04,331,328
379.05,317,319
379.11,334,332
379.11,316,317
379.11,335,334
379.11,318,317
379.11,336,334
379.11,314,314
379.12,335,335
379.17,319,316
379.17,332,336
379.17,322,319
379.17,329,330
379.17,327,322
379.17,324,327
379.18,329,326
379.23,322,323
379.23,332,331
379.23,319,319
379.23,332,333
379.23,318,319
379.24,338,336
379.25,316,318
379.31,339,338
379.31,319,317
379.31,337,338
379.31,319,318
379.31,330,333
379.31,324,320
379.31,326,330
379.37,325,322
379.37,320,324
379.37,331,326
379.37,317,320
379.37,330,329
379.37,314,315
379.38,330,331
379.43,315,314
379.43,335,332
379.43,312,311
379.43,333,332
379.43,313,311
379.43,331,331
379.44,316,313
379.5,324,328
379.5,322,317
379.5,320,323
379.5,326,321
379.5,318,321
379.5,328,325
379.51,315,316
379.57,330,329
379.57,313,314
379.57,333,331
379.57,314,314
379.57,331,332
379.57,314,312
379.57,333,332
379.64,315,314
379.64,327,330
379.64,317,313
379.64,327,328
379.64,321,317
379.64,319,324
379.64,327,321
379.7,316,319
379.7,330,325
379.7,311,313
379.7,329,328
379.7,313,312
379.7,330,330
379.71,310,311
379.76,333,331
379.76,315,313
379.76,334,332
379.76,316,314
379.76,330,331
379.76,321,318
379.77,328,331
379.82,325,323
379.82,325,327
379.82,331,328
379.82,320,324
379.82,334,333
379.83,319,320
379.84,338,337
379.9,318,318
379.9,339,337
379.9,319,317
379.9,338,337
379.9,319,318
379.9,337,337
379.9,320,319
379.96,331,333
379.96,325,322
379.96,327,332
379.96,331,325
379.96,322,325
379.96,333,329
379.97,319,320
380.03,332,331
380.03,316,317
380.03,335,334
380.03,314,315
380.03,334,334
380.03,314,314
380.03,333,333
380.09,318,315
380.09,328,332
380.09,318,316
380.09,327,329
380.09,321,318
380.09,323,326
380.1,328,324
380.15,319,322
380.15,331,329
380.15,315,317
380.15,332,332
380.15,316,314
380.16,335,333
380.16,315,314
380.23,334,334
380.23,314,314
380.23,332,333
380.23,318,316
380.23,331,333
380.23,321,319
380.23,327,330
380.29,327,322
380.29,321,325
380.29,329,324
380.29,316,319
380.29,331,327
380.29,314,316
380.3,332,331
380.35,310,312
380.35,331,330
380.35,309,310
380.35,329,329
380.35,311,308
380.35,329,330
380.36,314,311
380.42,326,327
380.42,319,314
380.42,321,323
380.42,321,319
380.42,314,317
380.42,328,323
380.43,313,315
380.48,328,326
380.48,311,311
380.48,329,328
380.48,311,310
380.48,331,329
380.48,310,310
380.49,330,331
380.56,312,311
380.56,330,330
380.56,317,313
380.56,325,327
380.56,321,318
380.56,320,323
380.56,326,322
380.62,316,319
380.62,329,326
380.62,315,316
380.62,331,329
380.62,315,315
380.62,333,331
380.62,311,312
380.68,335,335
380.68,317,315
380.68,333,334
380.68,314,314
380.68,328,332
380.68,320,318
380.69,325,329
380.74,324,321
380.74,319,323
380.74,329,324
380.74,317,319
380.74,334,331
380.75,318,318
380.75,336,334
380.81,315,316
380.81,338,338
380.81,318,319
380.81,338,338
380.81,320,321
380.81,338,339
380.82,322,321
380.87,335,338
380.87,329,325
380.87,333,335
380.87,332,328
380.87,327,330
380.88,335,333
380.88,323,325
380.95,339,337
380.95,320,322
380.95,341,341
380.95,325,323
380.95,343,342
380.95,321,321
380.95,340,341
381.01,322,321
381.01,336,339
381.01,327,323
381.01,333,337
381.01,331,326
381.01,331,334
381.02,337,332
381.07,327,330
381.07,342,337
381.07,324,326
381.07,343,340
381.07,324,324
381.07,344,342
381.08,322,323
381.14,342,342
381.14,323,321
381.14,340,342
381.14,321,321
381.14,334,337
381.14,325,322
381.15,330,333
381.16,328,324
381.17,323,326
381.18,330,327
381.23,317,320
381.23,334,332
381.23,317,317
381.23,336,333
381.23,314,315
381.23,335,333
381.24,315,313
381.29,334,333
381.29,315,313
381.29,331,332
381.29,317,314
381.29,328,331
381.3,319,316
381.31,324,328
381.37,325,322
381.37,321,324
381.37,333,328
381.37,319,320
381.37,335,333
381.37,316,317
381.37,336,334
381.43,315,315
381.43,336,335
381.43,315,314
381.43,335,335
381.43,316,314
381.43,330,332
381.44,317,315
381.5,325,329
381.5,323,318
381.5,319,324
381.5,327,322
381.5,317,320
381.5,331,328
381.5,318,318
381.56,332,330
381.56,314,314
381.56,333,332
381.56,313,312
381.56,330,331
381.56,312,313
381.57,330,330
381.62,313,311
381.62,326,329
381.62,317,314
381.62,323,325
381.62,321,317
381.63,317,321
381.63,326,323
381.7,315,318
381.7,331,328
381.7,312,314
381.7,331,330
381.7,313,315
381.7,332,332
381.7,311,312
381.76,332,334
381.76,314,313
381.76,331,332
381.76,317,313
381.76,324,328
381.76,318,317
381.77,323,324
381.82,325,320
381.82,317,321
381.82,329,324
381.82,312,315
381.82,331,328
381.82,310,312
381.83,331,330
381.88,311,312
381.88,331,330
381.88,312,311
381.88,330,330
381.88,312,311
381.89,329,329
381.9,316,314
381.95,327,328
381.95,321,316
381.95,320,324
381.95,327,321
381.95,315,319
381.95,328,326
381.96,314,316
382.03,329,327
382.03,309,310
382.03,331,329
382.03,309,310
382.03,331,330
382.03,309,308
382.03,329,328
382.09,313,311
382.09,328,328
382.09,317,314
382.09,324,326
382.09,320,317
382.09,317,321
382.09,328,324
382.15,314,317
382.15,329,326
382.15,312,313
382.15,328,328
382.15,311,312
382.15,330,330
382.16,312,311
382.21,330,331
382.21,312,312
382.21,327,330
382.21,316,313
382.21,326,330
382.22,321,317
382.22,323,327
382.28,327,322
382.28,318,321
382.28,328,326
382.28,316,318
382.28,333,330
382.28,314,315
382.29,333,332
382.35,314,314
382.35,334,332
382.35,311,312
382.35,333,334
382.35,315,314
382.35,331,331
382.36,319,315
382.42,327,329
382.42,324,319
382.42,323,327
382.42,328,324
382.42,319,321
382.42,332,328
382.42,317,317
382.48,333,332
382.48,313,316
382.48,337,335
382.48,315,317
382.48,335,336
382.48,319,317
382.49,337,338
382.54,320,319
382.54,334,336
382.54,325,322
382.54,330,334
382.54,329,326
382.54,326,330
382.55,332,330
382.6,323,324
382.6,337,334
382.6,321,322
382.6,340,338
382.6,322,321
382.61,341,340
382.62,318,320
382.68,339,340
382.68,322,320
382.68,339,338
382.68,324,322
382.68,335,337
382.68,326,323
382.68,329,333
382.74,332,328
382.74,325,327
382.74,336,331
382.74,321,323
382.74,338,335
382.74,322,321
382.75,336,336
382.8,318,319
382.8,338,338
382.8,321,318
382.8,339,339
382.8,323,320
382.81,336,337
382.81,321,320
382.87,331,333
382.87,327,323
382.87,324,329
382.87,331,328
382.87,322,325
382.87,335,333
382.88,322,322
382.94,336,335
382.94,320,319
382.94,337,336
382.94,317,317
382.94,336,336
382.94,316,315
382.94,335,336
383.01,320,317
383.01,332,335
383.01,322,319
383.01,325,328
383.01,327,322
383.01,320,324
383.01,333,327
383.07,318,320
383.07,333,330
383.07,313,315
383.07,332,332
383.07,314,313
383.07,332,332
383.08,314,312
383.13,333,332
383.13,312,312
383.13,329,330
383.13,314,313
383.13,327,329
383.13,317,314
383.14,320,323
383.19,323,318
383.19,316,318
383.19,327,321
383.19,310,312
383.19,324,323
383.2,307,307
383.21,322,323
383.27,305,306
383.27,325,324
383.27,305,304
383.27,322,322
383.27,304,303
383.27,317,319
383.27,302,302
383.33,315,316
383.33,309,305
383.33,308,312
383.33,315,309
383.33,303,307
383.33,319,315
383.34,301,303
383.4,320,318
383.4,302,303
383.4,319,318
383.4,300,301
383.4,318,319
383.4,300,299
383.4,319,319
383.46,302,300
383.46,316,317
383.46,307,303
383.46,313,315
383.46,312,307
383.46,307,311
383.47,316,313
383.52,303,307
383.52,321,319
383.52,304,306
383.52,322,320
383.52,304,304
383.53,323,321
383.53,303,303
383.6,322,322
383.6,305,304
383.6,322,323
383.6,307,304
383.6,318,321
383.6,312,309
383.6,313,316
383.66,317,312
383.66,309,313
383.66,320,315
383.66,305,308
383.66,324,321
383.66,306,307
383.67,327,325
383.72,305,306
383.72,324,325
383.72,309,308
383.72,326,326
383.72,309,308
383.72,323,325
383.73,314,312
383.78,322,326
383.78,319,314
383.78,316,319
383.79,326,320
383.79,316,318
383.79,327,324
383.8,312,314
383.85,328,327
383.85,312,312
383.85,330,329
383.85,313,312
383.85,331,330
383.85,310,311
383.86,330,330
383.93,314,312
383.93,326,329
383.93,318,314
383.93,323,326
383.93,322,318
383.93,316,321
383.93,328,324
383.99,316,318
383.99,331,329
383.99,315,317
383.99,333,333
383.99,313,314
383.99,332,332
383.99,313,314
384.05,335,334
384.05,315,314
384.05,330,333
384.05,318,316
384.05,329,331
384.05,321,318
384.06,325,328
384.11,327,325
384.11,319,322
384.11,332,329
384.11,317,320
384.11,333,333
384.12,317,317
384.12,336,333
384.18,315,315
384.18,336,335
384.18,316,316
384.18,335,334
384.18,316,315
384.18,332,334
384.19,321,318
384.25,327,329
384.25,323,321
384.25,321,325
384.25,329,324
384.25,319,320
384.25,331,328
384.26,316,318
384.32,333,332
384.32,317,317
384.32,334,333
384.32,315,315
384.32,333,333
384.32,316,314
384.32,334,334
384.38,317,316
384.38,328,332
384.38,320,317
384.38,329,331
384.38,327,322
384.38,322,325
384.39,332,327
384.44,318,321
384.44,333,330
384.44,316,317
384.44,332,332
384.44,315,315
384.44,333,332
384.45,315,314
384.5,332,333
384.5,316,315
384.5,333,333
384.5,318,317
384.5,330,332
384.51,324,321
384.52,329,330
384.57,329,323
384.57,322,324
384.57,334,329
384.57,321,321
384.57,336,335
384.58,320,320
384.58,338,336
384.64,319,318
384.64,336,337
384.65,321,319
384.65,335,337
384.65,318,317
384.65,333,336
384.65,321,319
384.71,329,333
384.71,326,321
384.71,325,326
384.71,331,327
384.71,318,322
384.71,330,328
384.71,316,316
384.77,332,331
384.77,315,314
384.77,333,330
384.77,311,313
384.77,332,330
384.77,310,311
384.78,329,330
384.83,312,310
384.83,326,329
384.83,319,315
384.83,323,324
384.83,321,317
384.84,317,321
384.85,327,322
384.91,313,316
384.91,327,324
384.91,314,314
384.91,328,329
384.91,312,314
384.91,330,330
384.91,310,311
384.97,331,331
384.97,314,311
384.97,328,330
384.97,315,313
384.97,327,329
384.97,319,316
384.98,321,323
385.03,324,320
385.04,318,320
385.04,329,325
385.04,314,315
385.04,329,328
385.04,315,314
385.04,332,330
385.1,312,312
385.1,331,330
385.1,311,311
385.1,331,331
385.1,315,314
385.1,328,328
385.11,317,313
385.16,323,326
385.16,318,314
385.16,319,321
385.16,323,319
385.16,317,318
385.16,330,326
385.17,314,314
385.24,331,328
385.24,313,313
385.24,330,329
385.24,309,310
385.24,328,329
385.24,309,309
385.24,328,329
385.3,312,310
385.3,324,327
385.3,316,312
385.3,321,324
385.3,321,315
385.3,316,320
385.3,326,321
385.36,312,314
385.36,326,323
385.36,311,311
385.36,329,325
385.36,306,308
385.36,325,325
385.37,304,305
385.42,324,325
385.42,307,304
385.42,323,325
385.42,307,304
385.42,319,320
385.43,309,306
385.44,313,315
385.49,314,309
385.49,305,308
385.49,316,312
385.49,304,304
385.49,316,316
385.49,298,300
385.5,318,316
385.56,298,298
385.56,318,316
385.56,297,297
385.56,315,314
385.56,296,295
385.56,314,313
385.57,299,296
385.63,309,310
385.63,306,300
385.63,305,308
385.63,309,306
385.63,301,303
385.63,312,310
385.63,299,298
385.69,312,312
385.69,295,296
385.69,315,313
385.69,295,296
385.69,316,316
385.69,297,296
385.7,314,315
385.75,300,298
385.75,315,317
385.75,305,301
385.75,311,314
385.75,312,307
385.75,309,311
385.76,319,314
385.81,304,307
385.81,321,318
385.81,306,306
385.81,322,321
385.81,304,305
385.82,325,323
385.83,303,304
385.89,324,324
385.89,307,306
385.89,324,325
385.89,309,307
385.89,321,324
385.89,312,308
385.89,319,321
385.96,320,315
385.96,313,317
385.96,324,321
385.96,309,312
385.96,329,327
385.96,312,312
385.96,332,329
386.02,312,311
386.02,331,331
386.02,310,312
386.02,332,332
386.02,316,314
386.02,328,331
386.03,319,315
386.08,324,327
386.08,322,318
386.08,322,324
386.08,327,322
386.08,318,319
386.08,330,327
386.09,311,315
386.14,331,329
386.14,313,314
386.14,332,332
386.14,312,313
386.14,333,334
386.15,314,311
386.16,333,332
386.22,317,314
386.22,329,330
386.22,316,315
386.22,324,327
386.22,323,318
386.22,318,322
386.22,326,322
386.28,315,316
386.28,326,325
386.28,311,311
386.28,327,327
386.28,309,307
386.28,330,327
386.29,306,306
386.34,328,328
386.34,308,307
386.34,325,327
386.35,312,308
386.35,321,322
386.35,314,310
386.35,314,319
386.41,319,316
386.41,313,316
386.41,325,320
386.41,311,312
386.41,327,324
386.41,308,310
386.42,328,326
386.48,308,309
386.48,329,328
386.48,309,309
386.48,329,329
386.48,311,311
386.48,328,330
386.48,316,315
386.55,326,329
386.55,320,317
386.55,321,323
386.55,325,320
386.55,318,320
386.55,331,327
386.55,315,315
386.61,330,329
386.61,311,312
386.61,330,329
386.61,312,312
386.61,329,329
386.61,311,310
386.61,329,330
386.67,313,310
386.67,324,326
386.67,317,312
386.67,321,324
386.67,321,315
386.67,316,318
386.68,325,320
386.73,310,313
386.73,324,322
386.73,309,310
386.73,327,326
386.73,310,309
386.74,328,327
386.75,307,306
386.8,327,326
386.8,306,306
386.8,325,325
386.8,311,308
386.8,322,325
386.8,313,311
386.81,315,320
386.87,320,315
386.87,312,315
386.87,325,320
386.87,308,310
386.87,327,324
386.87,309,309
386.88,326,325
386.94,307,308
386.94,328,328
386.94,310,309
386.94,329,328
386.94,309,309
386.94,328,329
386.94,313,312
387.0,322,325
387.0,318,315
387.0,319,321
387.0,324,319
387.0,315,319
387.0,328,324
387.01,311,312
387.06,328,327
387.06,310,311
387.06,329,329
387.06,313,312
387.06,330,332
387.07,313,311
387.07,330,331
387.12,312,311
387.12,328,329
387.12,316,312
387.12,322,325
387.12,321,317
387.13,317,321
387.14,327,322
387.2,312,314
387.2,325,324
387.2,313,313
387.2,327,326
387.2,311,310
387.2,326,326
387.2,311,310
387.27,329,328
387.27,310,308
387.27,327,327
387.27,312,309
387.27,323,326
387.27,316,311
387.27,317,320
387.33,318,315
387.33,312,315
387.33,323,319
387.33,309,310
387.33,326,322
387.33,306,307
387.34,327,325
387.39,305,306
387.39,325,325
387.39,305,305
387.39,326,325
387.39,307,304
387.39,320,320
387.4,307,304
387.45,317,319
387.45,312,308
387.45,311,315
387.45,317,312
387.45,307,309
387.46,320,317
387.47,303,306
387.53,321,319
387.53,302,303
387.53,321,320
387.53,304,302
387.53,320,320
387.53,301,302
387.53,321,321
387.59,303,302
387.59,314,318
387.59,309,305
387.59,314,316
387.59,314,308
387.6,309,312
387.6,318,313
387.66,306,309
387.66,320,318
387.66,305,305
387.66,325,322
387.66,304,304
387.66,325,324
387.66,303,303
387.72,323,323
387.72,306,304
387.72,325,324
387.72,306,305
387.72,320,322
387.72,313,309
387.73,317,318
387.78,318,314
387.78,310,314
387.78,322,318
387.78,306,308
387.78,323,321
387.79,305,306
387.79,326,324
387.84,304,305
387.85,327,325
387.85,307,305
387.85,326,327
387.85,308,308
387.85,323,325
387.86,314,310
387.92,321,323
387.92,318,313
387.92,315,319
387.92,322,318
387.92,310,315
387.92,324,321
387.93,310,312
387.98,328,327
387.98,310,311
387.98,329,329
387.98,312,312
387.98,333,332
387.98,314,312
387.99,329,331
388.05,315,312
388.05,325,328
388.05,318,313
388.05,323,326
388.05,321,315
388.05,315,318
388.06,324,321
388.11,312,313
388.11,324,323
388.11,309,309
388.11,325,324
388.11,307,308
388.11,327,327
388.12,306,307
388.19,325,326
388.19,310,309
388.19,324,326
388.19,313,309
388.19,322,324
388.19,315,312
388.19,320,322
388.25,320,316
388.25,312,316
388.25,324,321
388.25,310,312
388.25,326,325
388.25,308,310
388.25,329,329
388.31,307,308
388.31,329,328
388.31,309,308
388.31,328,328
388.31,310,309
388.31,326,325
388.32,313,310
388.37,321,323
388.37,316,313
388.37,318,320
388.37,320,316
388.37,312,314
388.38,324,322
388.38,310,311
388.45,325,324
388.45,310,309
388.45,329,327
388.45,308,309
388.45,329,329
388.45,308,308
388.45,330,329
388.51,312,309
388.51,325,325
388.51,312,310
388.51,321,323
388.51,318,314
388.51,315,318
388.52,322,319
388.57,313,314
388.58,327,323
388.58,309,311
388.58,329,327
388.58,311,310
388.58,329,328
388.58,309,308
388.64,326,327
388.64,307,307
388.64,326,325
388.64,311,308
388.64,321,323
388.64,311,309
388.65,314,318
388.7,316,312
388.7,307,311
388.7,320,316
388.7,305,309
388.7,323,322
388.7,304,306
388.72,324,322
388.72,304,303
388.73,324,324
388.74,306,304
388.79,323,323
388.79,307,306
388.79,321,322
388.79,309,306
388.79,321,322
388.8,315,311
388.81,315,318
388.86,321,317
388.86,312,316
388.86,326,322
388.86,308,312
388.86,330,327
388.86,308,309
388.87,328,327
388.93,310,311
388.93,332,331
388.93,314,312
388.93,333,334
388.93,319,315
388.93,334,334
388.94,323,318
389.0,327,329
389.0,325,321
389.0,322,326
389.0,331,328
389.0,319,321
389.0,332,331
389.0,318,318
389.06,334,334
389.06,315,314
389.06,336,333
389.06,318,316
389.06,332,334
389.06,316,314
389.07,330,331
389.12,315,313
389.13,325,328
389.13,317,314
389.13,318,322
389.13,321,317
389.13,315,317
389.13,325,321
389.19,310,312
389.19,324,322
389.19,306,308
389.19,325,324
389.19,306,305
389.19,324,322
389.2,302,302
389.25,323,323
389.25,305,302
389.25,318,320
389.25,304,304
389.25,315,317
389.26,311,305
389.26,309,312
389.33,311,308
389.33,302,304
389.33,314,311
389.33,296,298
389.33,312,311
389.33,295,297
389.33,311,311
389.39,293,292
389.39,312,312
389.39,295,292
389.39,308,310
389.39,294,293
389.39,309,310
389.4,296,292
389.45,300,304
389.45,300,297
389.45,297,300
389.45,306,301
389.45,291,294
389.45,305,303
389.46,288,288
389.52,307,305
389.52,287,287
389.52,305,305
389.52,286,286
389.52,308,306
389.52,287,285
389.53,305,305
389.58,291,288
389.58,302,305
389.58,296,292
389.58,296,301
389.58,301,296
389.58,294,298
389.59,306,302
389.65,292,293
389.65,307,305
389.65,289,290
389.66,310,309
389.66,289,289
389.66,311,310
389.66,290,290
389.72,310,310
389.72,292,292
389.72,306,309
389.72,298,294
389.72,304,308
389.72,302,298
389.72,301,304
389.78,307,302
389.78,297,300
389.78,311,307
389.78,294,296
389.78,311,309
389.78,292,295
389.79,315,313
389.84,294,295
389.84,315,314
389.84,294,296
389.84,315,314
389.84,297,297
389.85,311,314
389.85,302,300
389.91,309,311
389.91,307,303
389.91,305,308
389.91,313,308
389.91,303,304
389.91,316,313
389.92,299,301
389.98,321,318
389.98,302,303
389.99,321,321
389.99,303,302
389.99,322,322
389.99,301,301
389.99,320,323
390.05,306,304
390.05,318,319
390.05,311,307
390.05,314,318
390.05,316,312
390.05,311,313
390.05,320,316
390.11,306,309
390.11,323,322
390.11,307,307
390.11,324,323
390.11,303,304
390.11,324,325
390.12,306,305
390.17,325,325
390.17,308,307
390.17,322,323
390.17,309,307
390.17,319,322
390.17,315,311
390.18,314,317
390.24,320,316
390.24,313,314
390.24,326,322
390.24,309,311
390.24,327,326
390.24,309,311
390.25,331,328
390.3,310,308
390.3,329,329
390.3,310,309
390.3,327,328
390.3,311,309
390.31,323,326
390.31,315,311
390.38,323,325
390.38,318,314
390.38,315,318
390.38,324,320
390.38,312,314
390.38,326,323
390.38,312,312
390.44,330,326
390.44,310,310
390.44,331,329
390.44,310,310
390.44,330,330
390.44,311,309
390.44,331,330
390.5,312,310
390.5,324,327
390.5,317,314
390.5,321,324
390.5,323,317
390.5,317,319
390.51,324,321
390.56,312,313
390.56,328,324
390.56,308,310
390.56,327,326
390.56,308,308
390.57,328,327
390.58,308,308
390.63,327,328
390.63,310,308
390.63,324,327
390.63,313,311
390.63,322,323
390.63,314,312
390.64,316,320
390.7,320,317
390.7,311,315
390.7,324,321
390.7,310,312
390.7,329,325
390.7,306,307
390.71,328,326
390.77,308,308
390.77,329,327
390.77,308,309
390.77,327,328
390.77,309,308
390.77,323,325
390.77,312,308
390.83,318,319
390.83,314,310
390.83,310,314
390.83,319,314
390.83,309,311
390.83,325,320
390.84,304,306
390.89,324,323
390.89,305,306
390.89,325,324
390.89,304,306
390.89,326,324
390.9,306,305
390.9,322,324
390.96,309,306
390.96,320,322
390.96,312,308
390.96,314,319
390.96,319,313
390.96,311,314
390.97,320,316
391.02,307,309
391.02,321,320
391.02,306,305
391.02,324,322
391.02,303,305
391.03,326,325
391.03,305,305
391.1,326,323
391.1,305,304
391.1,323,323
391.1,307,305
391.1,319,322
391.1,312,309
391.1,315,318
391.16,318,314
391.16,310,314
391.16,324,320
391.16,309,310
391.16,327,324
391.16,309,309
391.17,326,327
391.22,309,309
391.22,331,329
391.22,310,307
391.22,329,328
391.22,309,308
391.22,323,325
391.23,312,310
391.3,318,322
391.3,317,312
391.3,311,317
391.3,321,316
391.3,307,310
391.3,323,321
391.3,309,308
391.36,324,323
391.36,307,307
391.36,328,328
391.36,310,309
391.36,331,329
391.36,309,310
391.36,329,329
391.42,314,312
391.42,327,329
391.42,316,313
391.42,323,325
391.42,323,320
391.42,320,323
391.43,330,326
391.48,314,318
391.48,333,329
391.48,315,315
391.48,332,331
391.48,313,312
391.48,333,331
391.49,314,313
391.54,331,333
391.54,313,312
391.54,329,329
391.54,315,313
391.54,326,327
391.55,318,314
391.56,323,325
391.62,322,319
391.62,317,319
391.62,329,326
391.62,315,316
391.62,331,330
391.62,315,315
391.62,333,332
391.68,314,313
391.68,333,332
391.68,312,312
391.68,329,331
391.68,313,310
391.68,327,327
391.69,315,312
391.75,323,324
391.75,319,314
391.75,318,320
391.75,322,318
391.75,313,316
391.75,328,324
391.76,309,311
391.81,327,325
391.81,307,307
391.81,327,325
391.81,305,306
391.81,324,324
391.81,306,304
391.82,322,322
391.87,305,304
391.87,318,320
391.87,307,304
391.87,313,317
391.87,314,309
391.88,308,310
391.89,318,313
391.95,304,307
391.95,320,316
391.95,304,304
391.95,322,320
391.95,302,302
391.95,321,320
391.95,301,301
392.01,320,320
392.01,300,299
392.01,317,318
392.01,303,300
392.01,313,315
392.01,307,303
392.02,308,311
392.07,310,306
392.07,302,305
392.07,312,310
392.07,299,300
392.07,315,313
392.07,298,298
392.08,314,313
392.14,297,296
392.14,316,316
392.14,298,297
392.14,316,317
392.14,299,298
392.14,314,316
392.15,302,299
392.2,311,312
392.2,307,303
392.2,307,309
392.2,313,309
392.2,304,306
392.21,317,313
392.21,300,301
392.28,314,314
392.28,299,298
392.28,317,317
392.28,298,298
392.28,317,317
392.28,297,296
392.28,314,316
392.34,299,297
392.34,310,313
392.34,303,299
392.34,306,310
392.34,306,302
392.34,301,304
392.35,310,306
392.4,297,300
392.4,314,309
392.4,295,297
392.4,313,312
392.4,294,293
392.4,313,311
392.41,295,293
392.46,313,313
392.46,296,294
392.46,312,314
392.46,295,295
392.46,309,310
392.47,300,297
392.48,301,305
392.54,304,300
392.54,299,300
392.54,309,305
392.54,294,296
392.54,310,310
392.54,293,294
392.54,310,309
392.6,289,290
392.6,312,310
392.6,291,290
392.6,311,309
392.6,293,291
392.6,310,310
392.61,297,293
392.67,306,308
392.67,299,296
392.67,302,304
392.67,309,303
392.67,299,300
392.67,309,308
392.67,297,297
392.73,312,311
392.73,293,295
392.73,312,313
392.73,292,294
392.73,315,314
392.73,296,295
392.74,316,316
392.79,299,296
392.79,312,314
392.79,301,297
392.79,307,310
392.79,307,302
392.8,303,307
392.8,312,307
392.87,299,302
392.87,313,312
392.87,297,299
392.87,316,315
392.87,297,297
392.87,317,316
392.87,297,297
392.93,316,316
392.93,298,297
392.93,314,316
392.93,302,298
392.93,312,315
392.93,307,303
392.93,311,313
392.99,313,307
392.99,303,307
392.99,317,312
392.99,302,305
392.99,321,318
392.99,303,304
393.0,323,321
393.06,305,305
393.06,324,322
393.06,302,303
393.06,321,322
393.06,306,305
393.06,323,324
393.07,311,307
393.12,318,321
393.12,312,310
393.12,316,318
393.12,319,314
393.12,310,312
393.12,322,319
393.13,307,309
393.18,326,323
393.18,306,306
393.18,326,324
393.18,304,304
393.18,322,322
393.19,304,304
393.2,322,322
393.26,304,303
393.26,320,320
393.26,308,305
393.26,316,318
393.26,313,308
393.26,312,315
393.26,317,313
393.32,305,307
393.32,320,317
393.32,303,303
393.32,320,320
393.32,300,300
393.32,320,319
393.33,300,300
393.38,319,320
393.38,301,299
393.38,319,320
393.38,304,302
393.38,316,319
393.39,309,304
393.39,312,315
393.44,313,309
393.44,307,311
393.44,317,314
393.44,304,307
393.44,321,317
393.45,302,303
393.46,318,319
393.52,301,300
393.52,320,320
393.52,300,299
393.52,318,320
393.52,302,300
393.52,317,317
393.52,304,301
393.59,313,316
393.59,305,303
393.59,307,311
393.59,315,310
393.59,305,307
393.59,318,313
393.59,303,303
393.65,321,318
393.65,300,302
393.65,318,318
393.65,299,298
393.65,319,320
393.65,300,299
393.66,317,317
393.71,302,298
393.71,314,316
393.71,304,301
393.71,310,313
393.71,308,304
393.71,306,308
393.72,312,307
393.77,300,304
393.77,316,313
393.77,298,301
393.77,317,316
393.77,301,300
393.78,320,318
393.79,299,298
393.85,317,318
393.85,299,297
393.85,315,316
393.85,301,299
393.85,314,314
393.85,304,302
393.85,310,312
393.91,308,305
393.91,304,306
393.91,315,310
393.91,301,302
393.91,316,313
393.91,301,301
393.92,317,315
393.98,299,300
393.98,318,318
393.98,298,297
393.98,320,319
393.98,301,299
393.98,319,319
393.98,304,302
394.04,314,317
394.04,307,303
394.04,309,312
394.04,314,310
394.04,306,309
394.04,316,314
394.05,303,304
394.1,317,318
394.1,302,303
394.1,318,319
394.1,302,300
394.1,322,321
394.11,299,300
394.11,320,320
394.16,300,299
394.16,317,318
394.16,304,302
394.16,312,315
394.17,306,304
394.17,304,308
394.18,312,308
394.24,302,304
394.24,316,312
394.24,299,300
394.24,316,315
394.24,297,298
394.24,317,317
394.25,294,296
394.31,315,316
394.31,297,296
394.31,313,314
394.31,299,295
394.31,310,313
394.31,302,298
394.31,304,308
394.37,306,301
394.37,300,303
394.37,311,306
394.37,296,299
394.37,313,311
394.37,296,296
394.38,315,313
394.43,298,296
394.43,316,314
394.43,295,296
394.43,314,314
394.43,296,295
394.43,312,313
394.44,298,295
394.5,308,311
394.5,300,299
394.5,302,307
394.5,307,303
394.5,298,302
394.5,311,308
394.51,296,298
394.57,313,312
394.57,296,296
394.57,314,313
394.57,296,296
394.57,313,314
394.57,294,294
394.57,311,313
394.63,297,296
394.63,314,315
394.63,301,299
394.63,310,312
394.63,306,303
394.63,305,309
394.64,312,309
394.7,306,307
394.7,316,314
394.7,304,304
394.7,318,318
394.7,302,301
394.7,320,320
394.7,299,299
394.76,321,321
394.76,302,301
394.76,321,321
394.76,303,302
394.76,317,319
394.76,306,303
394.77,311,314
394.82,314,307
394.82,305,310
394.82,314,311
394.82,304,305
394.82,320,317
394.83,303,302
394.84,319,318
394.9,300,301
394.9,322,320
394.9,302,301
394.9,320,320
394.9,301,302
394.9,319,319
394.9,305,303
394.96,316,318
394.96,311,306
394.96,312,315
394.96,317,311
394.96,307,310
394.96,320,316
394.97,307,307
395.02,322,319
395.02,302,303
395.02,322,321
395.02,304,304
395.02,325,323
395.02,305,304
395.03,326,325
395.08,307,306
395.08,323,323
395.08,311,307
395.08,318,321
395.09,312,310
395.09,312,316
395.1,320,317
395.16,309,312
395.16,323,321
395.16,308,311
395.16,326,324
395.16,306,308
395.16,328,325
395.16,306,306
395.23,325,326
395.23,308,306
395.23,325,326
395.23,308,306
395.23,322,324
395.23,313,309
395.23,316,320
395.29,319,314
395.29,313,317
395.29,321,318
395.29,309,311
395.29,326,322
395.29,306,309
395.29,325,323
395.35,305,305
395.35,323,324
395.35,303,304
395.35,321,321
395.35,302,302
395.35,321,321
395.36,307,303
395.41,314,318
395.41,310,306
395.41,314,315
395.41,316,310
395.41,307,310
395.42,316,315
395.43,306,306
395.48,321,319
395.48,302,304
395.48,321,320
395.48,302,303
395.48,322,321
395.48,304,302
395.49,320,320
395.55,304,302
395.55,322,321
395.55,308,304
395.55,317,318
395.55,310,306
395.55,310,314
395.56,318,312
395.62,306,308
395.62,321,317
395.62,304,304
395.62,322,319
395.62,302,302
395.62,322,320
395.62,299,301
395.68,322,321
395.68,298,300
395.68,320,320
395.68,302,300
395.68,317,318
395.68,308,304
395.69,313,316
395.74,312,307
395.74,308,312
395.74,317,313
395.74,303,306
395.74,320,317
395.74,301,303
395.75,321,320
395.8,301,302
395.8,321,320
395.8,302,300
395.8,320,320
395.8,303,300
395.81,317,318
395.82,302,300
395.88,314,317
395.88,308,304
395.88,312,315
395.88,313,308
395.88,306,308
395.88,316,313
395.88,302,304
395.94,317,315
395.94,300,302
395.94,320,319
395.94,304,303
395.94,323,321
395.94,300,301
395.95,323,322
396.0,302,302
396.01,319,322
396.01,307,303
396.01,316,318
396.01,312,307
396.01,309,312
396.01,314,310
396.07,304,308
396.07,320,316
396.07,301,304
396.07,320,319
396.07,302,302
396.07,321,321
396.08,304,303
396.15,324,322
396.15,304,303
396.15,322,324
396.15,306,305
396.15,321,321
396.15,308,306
396.15,315,318
396.21,314,309
396.21,308,312
396.21,319,314
396.21,305,307
396.21,320,318
396.21,303,305
396.21,321,320
396.27,304,303
396.27,323,321
396.27,304,303
396.27,323,322
396.27,303,303
396.27,320,322
396.28,305,303
396.29,317,320
396.3,309,305
396.31,313,316
396.37,315,310
396.37,308,310
396.37,318,314
396.37,302,305
396.37,318,316
396.37,301,300
396.37,320,317
396.43,298,298
396.43,319,317
396.43,296,297
396.43,317,318
396.43,299,299
396.43,317,318
396.44,300,299
396.49,310,314
396.49,307,301
396.49,307,310
396.49,314,308
396.49,301,304
396.49,314,312
396.5,297,298
396.57,314,313
396.57,298,297
396.57,313,312
396.57,295,295
396.57,312,312
396.57,293,292
396.57,310,311
396.63,293,291
396.63,307,310
396.63,297,292
396.63,303,305
396.63,303,297
396.63,298,303
396.63,306,303
396.69,294,297
396.69,311,307
396.69,294,296
396.69,313,311
396.69,292,294
396.69,312,311
396.7,293,294
396.75,312,313
396.75,293,293
396.75,311,312
396.75,297,294
396.75,308,310
396.76,301,297
396.76,303,306
396.81,305,302
396.81,299,302
396.81,311,306
396.81,296,298
396.82,313,310
396.82,295,296
396.83,312,312
396.89,294,295
396.89,315,313
396.89,295,295
396.89,312,314
396.89,298,296
396.89,313,315
396.9,301,298
396.96,311,314
396.96,306,302
396.96,305,310
396.96,312,309
396.96,306,307
396.96,318,314
396.96,302,303
397.02,319,315
397.02,299,299
397.02,319,318
397.02,300,300
397.02,319,318
397.02,300,299
397.03,317,318
397.08,304,301
397.08,317,319
397.08,303,301
397.08,311,315
397.08,312,306
397.08,308,312
397.09,316,312
397.14,304,307
397.14,320,317
397.14,303,305
397.14,321,320
397.14,304,303
397.15,322,321
397.16,300,300
397.21,323,322
397.21,304,302
397.21,320,321
397.21,307,304
397.21,317,320
397.21,311,307
397.22,315,317
397.29,314,311
397.29,308,312
397.29,319,315
397.29,306,307
397.29,320,318
397.29,304,304
397.29,325,321
397.35,303,303
397.35,322,321
397.35,302,302
397.35,320,321
397.35,305,303
397.35,318,321
397.35,307,303
397.41,313,317
397.41,311,307
397.41,313,316
397.41,316,312
397.41,308,311
397.41,321,317
397.42,305,306
397.47,322,320
397.47,302,304
397.47,323,322
397.47,302,303
397.47,324,323
397.48,303,303
397.49,323,324
397.54,307,306
397.54,321,323
397.54,312,308
397.54,318,321
397.54,317,312
397.54,314,317
397.55,322,318
397.61,310,312
397.61,324,322
397.61,309,309
397.61,326,324
397.61,306,307
397.61,327,327
397.62,309,308
397.67,329,328
397.67,308,307
397.67,326,326
397.67,309,307
397.68,320,323
397.68,312,309
397.68,314,318
397.74,315,312
397.74,309,314
397.74,321,318
397.74,306,310
397.74,322,321
397.74,306,307
397.75,326,324
397.8,304,304
397.8,326,325
397.8,303,304
397.8,324,324
397.8,305,304
397.8,320,322
397.81,307,306
397.88,317,319
397.88,311,306
397.88,313,316
397.88,316,313
397.88,309,311
397.88,320,317
397.88,303,306
397.94,322,319
397.94,303,302
397.94,320,319
397.94,301,301
397.94,321,320
397.94,301,299
397.94,317,319
398.0,300,299
398.0,318,317
398.0,306,301
398.0,312,314
398.0,309,305
398.0,307,309
398.01,313,308
398.07,303,306
398.07,317,313
398.07,298,300
398.07,316,315
398.07,298,299
398.07,316,316
398.08,298,297
398.13,317,316
398.13,298,296
398.13,315,315
398.13,300,297
398.13,314,315
398.13,302,300
398.14,308,310
398.19,307,303
398.19,302,305
398.19,311,307
398.19,299,300
398.19,315,311
398.2,296,298
398.21,318,315
398.27,294,295
398.27,316,314
398.27,294,294
398.27,314,314
398.27,295,295
398.27,314,316
398.27,302,299
398.33,309,314
398.33,309,304
398.33,310,312
398.33,314,309
398.33,306,307
398.33,314,311
398.34,298,301
398.39,317,315
398.39,297,297
398.39,316,314
398.39,296,296
398.39,317,316
398.39,296,296
398.4,315,315
398.46,298,297
398.46,312,315
398.46,301,298
398.46,309,311
398.46,305,300
398.46,303,305
398.47,310,306
398.52,299,301
398.52,314,311
398.52,296,297
398.52,314,312
398.52,295,296
398.53,315,314
398.53,297,296
398.6,316,315
398.6,298,295
398.6,315,314
398.6,299,296
398.6,312,314
398.6,304,301
398.6,308,312
398.66,310,306
398.66,305,309
398.66,318,314
398.66,305,307
398.66,319,317
398.66,302,303
398.66,322,321
398.72,302,300
398.72,321,321
398.72,302,299
398.72,320,320
398.72,302,300
398.72,319,320
398.73,304,303
398.78,316,319
398.78,308,306
398.78,311,313
398.78,316,312
398.78,304,308
398.79,319,315
398.8,304,306
398.86,321,320
398.86,302,301
398.86,322,320
398.86,301,301
398.86,320,318
398.86,302,300
398.86,321,320
398.92,303,300
398.92,316,319
398.92,306,303
398.92,312,317
398.92,311,306
398.92,309,311
398.93,315,310
398.99,304,308
398.99,319,316
398.99,300,302
398.99,320,318
398.99,301,301
398.99,320,319
398.99,300,301
399.05,321,320
399.05,301,302
399.05,321,320
399.05,306,303
399.05,317,319
399.05,309,306
399.06,315,319
399.11,315,311
399.11,307,312
399.11,319,314
399.11,305,306
399.11,319,316
399.12,300,303
399.12,319,319
399.19,302,302
399.19,322,320
399.19,301,300
399.19,320,322
399.19,304,303
399.19,321,321
399.19,306,303
399.25,317,320
399.25,311,307
399.25,311,314
399.25,314,310
399.25,305,309
399.25,317,315
399.25,302,304
399.31,317,315
399.32,298,298
399.32,319,316
399.32,298,297
399.32,318,318
399.32,297,297
399.32,318,319
399.38,300,297
399.38,315,317
399.38,305,301
399.38,312,315
399.38,310,305
399.38,307,311
399.39,315,310
399.44,303,306
399.44,316,313
399.44,299,299
399.44,317,315
399.44,297,297
399.44,315,315
399.45,294,294
399.52,313,314
399.52,294,294
399.52,312,313
399.52,296,295
399.52,308,312
399.52,302,299
399.52,308,310
399.58,306,303
399.58,302,305
399.58,313,308
399.58,301,301
399.58,314,312
399.58,299,299
399.58,316,314
399.64,297,297
399.64,314,314
399.64,297,296
399.64,317,315
399.64,298,297
399.64,314,316
399.65,302,300
399.7,311,315
399.7,305,301
399.7,307,311
399.7,314,308
399.7,303,306
399.71,314,311
399.71,300,302
399.76,318,315
399.77,299,300
399.77,318,317
399.77,301,301
399.77,318,318
399.77,301,300
399.78,320,320
399.84,304,301
399.84,317,317
399.84,305,302
399.84,314,317
399.84,312,308
399.84,311,314
399.84,317,312
399.91,305,307
399.91,319,315
399.91,305,306
399.91,325,323
399.91,305,305
399.91,327,326
399.91,307,308
399.97,327,328
399.97,311,309
399.97,327,327
399.97,309,307
399.97,322,325
399.97,315,311
399.98,317,319
400.03,319,313
400.03,310,313
400.03,319,316
400.03,306,309
400.03,321,319
400.03,304,305
400.04,323,321
400.09,303,304
400.09,322,322
400.09,303,302
400.09,321,322
400.09,305,303
400.1,321,321
400.11,307,305
400.17,319,320
400.17,311,308
400.17,314,318
400.17,319,313
400.17,311,313
400.17,321,318
400.17,308,309
400.23,324,322
400.23,307,307
400.23,326,325
400.23,305,306
400.23,328,326
400.23,308,308
400.24,329,328
400.3,310,308
400.3,323,325
400.3,314,310
400.3,322,323
400.3,317,313
400.3,316,319
400.3,323,318
400.36,313,316
400.36,327,323
400.36,311,312
400.36,330,327
400.36,310,309
400.36,328,327
400.37,307,307
400.42,328,326
400.42,306,306
400.42,323,324
400.42,306,305
400.42,320,322
400.43,310,307
400.43,317,319
400.5,317,311
400.5,311,314
400.5,321,316
400.5,308,309
400.5,323,319
400.5,305,306
400.5,322,320
400.56,304,306
400.56,324,323
400.56,304,304
400.56,325,324
400.56,307,304
400.56,322,325
400.57,310,308
400.62,323,323
400.62,314,311
400.62,318,320
400.62,319,315
400.62,310,314
400.62,319,317
400.63,307,309
400.68,322,321
400.68,306,304
400.68,321,320
400.68,302,302
400.68,322,322
400.69,302,302
400.7,320,321
400.75,301,299
400.75,319,318
400.75,307,303
400.75,314,316
400.75,309,305
400.75,309,311
400.76,314,311
400.83,306,307
400.83,317,314
400.83,304,304
400.83,321,318
400.83,302,301
400.83,322,322
400.83,303,303
400.89,323,322
400.89,302,301
400.89,320,322
400.89,304,302
400.89,317,320
400.89,308,306
400.89,313,317
400.95,314,308
400.95,306,311
400.95,317,313
400.95,303,305
400.95,318,316
400.95,300,302
400.96,316,315
401.01,298,298
401.01,319,317
401.01,297,296
401.01,317,318
401.01,298,297
401.02,314,315
401.02,301,298
401.08,312,314
401.08,304,300
401.08,304,308
401.08,306,303
401.08,301,303
401.08,312,307
401.09,296,297
401.15,313,311
401.15,293,294
401.15,314,312
401.15,294,294
401.15,311,311
401.15,294,292
401.16,311,311
401.21,292,292
401.21,308,311
401.21,298,295
401.21,305,309
401.22,304,299
401.22,302,305
401.22,306,303
401.28,296,298
401.28,313,309
401.28,294,296
401.28,315,311
401.28,293,295
401.28,312,311
401.29,292,294
401.34,318,315
401.34,294,295
401.34,316,317
401.34,300,298
401.34,311,314
401.34,303,301
401.35,309,312
401.42,310,305
401.42,304,308
401.42,314,311
401.42,303,305
401.42,316,314
401.42,303,304
401.42,320,319
401.48,301,302
401.48,323,322
401.48,300,301
401.48,322,321
401.48,303,301
401.48,318,320
401.48,305,302
401.54,316,319
401.54,312,307
401.54,315,317
401.54,319,312
401.54,309,312
401.54,321,317
401.55,306,308
401.61,323,322
401.61,304,306
401.61,327,325
401.61,305,305
401.61,327,326
401.61,308,306
401.61,327,326
401.67,306,305
401.67,322,324
401.67,310,307
401.67,319,321
401.67,314,310
401.67,312,316
401.68,319,315
401.73,307,310
401.73,322,317
401.73,305,304
401.73,320,319
401.73,305,305
401.74,323,321
401.74,304,302
401.81,324,324
401.81,304,305
401.81,323,325
401.81,307,304
401.81,318,321
401.81,311,307
401.81,316,317
401.87,316,311
401.87,308,313
401.87,318,316
401.87,306,308
401.87,323,320
401.87,305,306
401.88,325,323
401.93,305,305
401.93,323,323
401.93,302,304
401.93,325,325
401.93,304,302
401.93,319,322
401.94,307,305
402.0,319,320
402.0,312,307
402.0,314,316
402.0,316,312
402.0,309,312
402.0,320,316
402.01,306,307
402.06,322,320
402.06,305,305
402.06,323,322
402.06,303,304
402.06,325,325
402.06,307,306
402.07,326,326
402.14,309,308
402.14,325,326
402.14,311,310
402.14,320,322
402.14,316,313
402.14,316,320
402.14,321,318
402.2,310,314
402.2,324,322
402.2,310,311
402.2,328,326
402.2,308,309
402.2,328,326
402.2,309,308
402.26,326,327
402.26,309,308
402.26,328,328
402.26,310,308
402.26,325,326
402.26,314,312
402.27,321,323
402.32,318,314
402.32,313,316
402.32,323,319
402.32,312,313
402.32,325,323
402.33,310,310
402.33,328,326
402.39,309,308
402.39,329,327
402.39,306,306
402.39,329,327
402.39,308,306
402.39,324,325
402.4,309,307
402.46,321,324
402.46,312,310
402.46,315,318
402.46,318,314
402.46,309,312
402.46,322,318
402.47,305,307
402.52,321,320
402.52,302,303
402.52,321,320
402.52,301,302
402.52,321,322
402.52,302,301
402.53,320,321
402.59,301,300
402.59,317,317
402.59,305,301
402.59,311,315
402.59,308,303
402.59,307,309
402.6,312,308
402.65,301,305
402.65,315,312
402.65,300,303
402.65,318,315
402.65,299,298
402.65,317,316
402.66,295,296
402.73,317,317
402.73,297,296
402.73,317,317
402.73,301,297
402.73,312,313
402.73,303,298
402.73,307,309
402.79,305,301
402.79,301,304
402.79,309,305
402.79,299,300
402.79,311,310
402.79,296,297
402.79,312,312
402.85,294,295
402.85,314,313
402.85,294,293
402.85,313,312
402.85,294,294
402.85,310,311
402.86,294,292
402.92,307,310
402.92,299,296
402.92,301,305
402.92,305,299
402.92,296,299
402.92,308,305
402.92,292,295
402.98,310,309
402.98,294,295
402.98,312,310
402.98,292,294
402.98,315,313
402.98,293,294
402.99,319,319
403.04,305,305
403.04,322,324
403.04,313,311
403.04,322,325
403.04,319,314
403.05,321,324
403.06,327,321
403.12,316,320
403.12,330,326
403.12,316,317
403.12,332,330
403.12,314,315
403.12,332,332
403.12,317,316
403.18,333,333
403.18,314,315
403.18,336,335
403.18,318,316
403.18,333,335
403.18,322,317
403.19,327,331
403.24,328,325
403.24,325,328
403.24,336,330
403.24,323,324
403.24,337,334
403.24,322,323
403.25,342,340
403.31,321,322
403.31,341,339
403.31,318,319
403.31,341,340
403.31,322,320
403.31,338,338
403.32,322,320
403.37,334,337
403.37,327,323
403.37,330,333
403.37,330,326
403.37,323,326
403.38,332,330
403.38,318,321
403.45,335,333
403.45,317,319
403.45,337,334
403.45,315,316
403.45,332,332
403.45,313,313
403.45,333,332
403.51,313,312
403.51,328,329
403.51,315,313
403.51,327,330
403.51,321,316
403.51,319,322
403.51,324,321
403.57,313,317
403.57,326,324
403.57,311,310
403.57,325,324
403.57,307,309
403.57,327,325
403.58,305,306
403.63,327,325
403.63,304,302
403.63,323,322
403.63,305,304
403.63,319,320
403.64,308,305
403.65,315,316
403.71,312,307
403.71,307,311
403.71,316,311
403.71,303,303
403.71,314,313
403.71,300,301
403.71,317,316
403.77,298,298
403.77,316,315
403.77,296,296
403.77,318,317
403.77,298,296
403.77,313,314
403.78,297,295
403.83,312,313
403.84,304,298
403.84,306,308
403.84,309,303
403.84,301,304
403.84,312,307
403.85,299,300
403.85,312,310
403.86,293,294
403.87,312,312
403.93,291,292
403.93,312,312
403.93,293,292
403.93,311,312
403.93,294,292
403.93,309,312
403.94,294,291
403.99,305,308
403.99,300,296
403.99,298,302
403.99,306,300
403.99,294,298
403.99,308,304
404.0,294,294
404.05,310,307
404.05,290,291
404.05,311,309
404.05,289,290
404.05,311,310
404.06,290,290
404.07,310,310
404.13,290,290
404.13,307,307
404.13,292,290
404.13,302,304
404.13,299,296
404.13,296,301
404.13,307,302
404.19,296,299
404.19,310,308
404.19,295,297
404.19,314,313
404.19,295,294
404.19,313,313
404.2,295,294
404.25,313,312
404.25,293,292
404.26,312,311
404.26,298,294
404.26,309,310
404.26,298,294
404.26,302,304
404.32,304,298
404.32,296,301
404.32,308,305
404.32,297,298
404.32,314,311
404.32,296,295
404.33,314,313
404.39,293,294
404.39,314,314
404.39,292,292
404.39,313,312
404.39,293,293
404.39,308,310
404.39,297,294
404.46,305,309
404.46,300,297
404.46,304,306
404.46,307,304
404.46,298,302
404.46,312,308
404.46,297,297
404.52,313,312
404.52,294,295
404.52,313,313
404.52,296,296
404.52,315,313
404.52,296,294
404.53,312,314
404.58,295,294
404.58,312,314
404.58,300,296
404.58,308,310
404.58,303,301
404.58,301,306
404.59,311,307
404.64,302,303
404.64,312,309
404.64,296,298
404.64,317,314
404.64,296,296
404.65,317,314
404.66,296,296
404.72,316,317
404.72,296,296
404.72,316,315
404.72,299,297
404.72,313,315
404.72,303,301
404.72,309,312
404.79,308,304
404.79,305,307
404.79,315,310
404.79,300,303
404.79,319,315
404.79,301,302
404.79,319,317
404.85,298,299
404.85,319,317
404.85,300,299
404.85,318,319
404.85,300,300
404.85,319,319
404.85,305,302
404.91,316,318
404.91,310,307
404.91,314,316
404.91,315,311
404.91,309,311
404.91,321,316
404.92,306,306
404.97,320,319
404.97,302,302
404.97,320,319
404.97,303,302
404.97,321,320
404.98,301,301
404.98,321,321
405.05,303,302
405.05,318,320
405.05,306,304
405.05,315,317
405.05,311,306
405.05,309,313
405.05,316,311
405.11,307,309
405.11,319,314
405.11,302,304
405.11,319,317
405.11,300,302
405.11,320,319
405.12,301,299
405.17,320,320
405.17,301,299
405.17,319,319
405.17,302,300
405.17,315,318
405.17,307,303
405.18,312,314
405.24,309,305
405.24,305,309
405.24,314,310
405.24,304,305
405.24,316,314
405.24,300,301
405.25,319,317
405.3,297,299
405.3,318,318
405.3,299,299
405.3,320,320
405.3,301,300
405.3,318,318
405.31,304,301
405.38,315,317
405.38,306,302
405.38,310,313
405.38,311,306
405.38,305,308
405.38,316,312
405.38,302,303
405.44,316,315
405.44,300,302
405.44,322,319
405.44,301,301
405.44,321,321
405.44,301,300
405.44,322,322
405.5,302,302
405.5,319,320
405.5,307,304
405.5,316,318
405.5,309,306
405.5,310,315
405.51,316,313
405.56,308,311
405.56,320,316
405.56,306,307
405.57,325,322
405.57,304,305
405.57,324,322
405.57,305,304
405.63,324,324
405.63,304,303
405.63,325,325
405.63,304,303
405.63,320,323
405.63,310,308
405.64,317,320
405.69,313,309
405.69,309,314
405.69,319,314
405.69,307,310
405.69,322,318
405.7,305,305
405.71,324,322
405.77,302,304
405.77,324,323
405.77,304,302
405.77,325,325
405.77,301,300
405.77,319,319
405.77,304,300
405.83,314,318
405.83,306,304
405.83,313,316
405.83,313,307
405.83,307,309
405.83,317,313
405.84,303,306
405.89,320,318
405.89,303,304
405.89,321,319
405.89,304,303
405.89,323,322
405.89,303,301
405.9,323,321
405.96,302,301
405.96,319,321
405.96,304,301
405.96,315,316
405.96,307,304
405.96,309,312
405.97,312,309
406.02,305,309
406.02,318,314
406.02,301,303
406.02,319,316
406.02,301,300
406.03,320,318
406.03,298,299
406.1,319,318
406.1,299,298
406.1,319,318
406.1,300,298
406.1,314,317
406.1,303,301
406.1,310,314
406.16,306,303
406.16,304,309
406.16,312,309
406.16,303,305
406.16,317,313
406.16,300,301
406.16,319,316
406.22,297,297
406.22,319,316
406.22,298,298
406.22,318,318
406.22,300,300
406.22,316,320
406.23,304,301
406.28,317,318
406.28,306,303
406.28,311,316
406.28,313,308
406.28,308,310
406.29,317,313
406.3,304,306
406.35,317,316
406.35,302,303
406.35,321,320
406.35,300,302
406.35,321,320
406.35,301,302
406.36,321,320
406.42,302,301
406.42,320,320
406.42,305,302
406.42,314,317
406.42,307,303
406.42,311,313
406.43,314,308
406.49,302,307
406.49,316,311
406.49,301,303
406.49,318,315
406.49,297,298
406.49,314,314
406.49,297,296
406.55,315,314
406.55,295,294
406.55,314,313
406.55,293,293
406.55,311,312
406.55,298,296
406.56,307,310
406.61,303,298
406.61,303,305
406.61,307,302
406.61,298,300
406.61,310,308
406.61,295,297
406.62,311,309
406.69,293,293
406.69,312,312
406.69,294,294
406.69,314,313
406.69,294,293
406.69,311,312
406.69,296,293
406.75,309,310
406.75,298,295
406.75,304,307
406.75,304,299
406.75,297,301
406.75,306,303
406.75,295,298
406.81,310,308
406.81,295,295
406.81,313,310
406.81,293,293
406.81,312,311
406.81,292,293
406.82,314,312
406.88,293,292
406.88,310,312
406.88,294,294
406.88,309,310
406.88,302,298
406.88,302,307
406.89,309,303
406.94,301,304
406.94,313,310
406.94,299,302
406.94,316,313
406.94,298,300
406.94,317,316
406.95,297,298
407.0,319,317
407.0,299,298
407.0,316,317
407.0,299,297
407.0,315,315
407.01,300,297
407.02,313,314
407.08,302,299
407.08,305,310
407.08,310,305
407.08,300,304
407.08,312,309
407.08,299,300
407.08,314,313
407.14,296,297
407.14,315,315
407.14,298,297
407.14,318,316
407.14,296,296
407.14,315,315
407.15,299,297
407.2,313,314
407.2,301,299
407.2,307,311
407.2,302,300
407.2,301,305
407.2,309,305
407.21,298,301
407.27,312,310
407.27,296,298
407.27,313,312
407.27,296,295
407.27,314,313
407.27,295,294
407.28,313,312
407.33,297,294
407.33,313,312
407.33,297,295
407.33,309,310
407.33,299,296
407.34,304,308
407.34,305,302
407.41,301,303
407.41,310,307
407.41,298,299
407.41,312,311
407.41,294,295
407.41,315,313
407.41,294,295
407.47,315,315
407.47,296,296
407.47,314,314
407.47,299,297
407.47,315,315
407.47,301,297
407.48,312,313
407.53,305,301
407.53,303,308
407.53,309,304
407.53,302,305
407.53,313,310
407.53,301,301
407.54,316,314
407.6,300,300
407.6,318,316
407.6,299,299
407.6,318,318
407.6,299,299
407.6,316,317
407.61,301,300
407.66,315,317
407.66,305,302
407.66,312,314
407.66,308,305
407.66,306,310
407.66,314,311
407.67,303,306
407.74,317,314
407.74,300,302
407.74,319,318
407.74,299,298
407.74,320,318
407.74,299,299
407.74,321,320
407.8,299,298
407.8,316,318
407.8,305,302
407.8,316,317
407.8,304,303
407.8,311,313
407.8,310,306
407.86,305,309
407.86,314,311
407.86,302,305
407.86,317,315
407.86,303,302
407.86,320,318
407.87,302,301
407.92,320,319
407.92,300,299
407.92,319,318
407.92,300,299
407.92,318,319
407.93,301,300
407.93,313,314
407.99,302,300
407.99,308,311
407.99,309,304
407.99,301,304
407.99,313,309
407.99,299,301
408.0,317,313
408.06,299,299
408.06,315,313
408.06,296,296
408.06,316,314
408.06,294,295
408.06,314,314
408.06,298,295
408.13,313,313
408.13,301,297
408.13,306,309
408.13,302,299
408.13,301,305
408.13,308,305
408.13,298,301
408.19,308,306
408.19,295,295
408.19,310,308
408.19,291,293
408.19,313,311
408.19,293,292
408.2,311,312
408.25,292,292
408.25,313,313
408.25,295,293
408.25,309,310
408.25,299,294
408.25,304,306
408.26,304,299
408.31,299,303
408.31,310,305
408.31,297,299
408.31,313,310
408.31,297,299
408.32,315,312
408.33,297,298
408.39,317,317
408.39,297,296
408.39,317,316
408.39,298,298
408.39,318,318
408.39,300,299
408.39,312,316
408.45,307,303
408.45,311,315
408.45,313,309
408.45,307,310
408.45,319,314
408.45,303,304
408.46,321,317
408.51,300,303
408.51,322,318
408.51,302,302
408.51,323,320
408.51,301,301
408.52,323,322
408.52,304,301
408.58,319,319
408.58,304,303
408.58,314,317
408.58,310,305
408.58,312,315
408.58,314,310
408.59,308,310
408.64,319,315
408.64,304,304
408.64,319,318
408.64,301,303
408.64,321,321
408.65,301,301
408.65,323,322
408.72,303,301
408.72,318,320
408.72,304,302
408.72,316,318
408.72,306,303
408.72,315,316
408.72,308,305
408.78,307,311
408.78,314,310
408.78,303,306
408.78,319,315
408.78,302,304
408.78,320,317
408.79,300,301
408.84,322,319
408.84,299,298
408.84,319,318
408.84,299,298
408.84,317,319
408.84,303,300
408.85,313,315
408.9,305,302
408.9,311,313
408.9,310,305
408.91,305,307
408.91,315,310
408.91,300,302
408.92,313,312
408.97,300,301
408.97,319,316
408.97,300,300
408.97,319,317
408.97,297,297
408.97,317,318
408.98,299,299
409.05,317,318
409.05,300,301
409.05,313,316
409.05,306,303
409.05,311,313
409.05,312,308
409.05,304,308
409.11,315,313
409.11,304,304
409.11,321,318
409.11,302,301
409.11,319,318
409.11,301,301
409.11,321,320
409.17,303,301
409.17,320,320
409.17,301,300
409.17,316,318
409.17,307,302
409.17,316,318
409.18,310,307
409.23,311,313
409.23,316,312
409.23,306,308
409.23,318,316
409.23,305,305
409.24,320,319
409.24,300,302
409.31,320,319
409.31,301,301
409.31,320,320
409.31,302,300
409.31,321,320
409.31,303,301
409.31,314,317
409.37,304,300
409.37,311,314
409.37,311,305
409.37,307,311
409.37,317,314
409.37,302,307
409.38,318,317
409.43,303,304
409.43,321,318
409.43,301,302
409.43,321,321
409.43,302,301
409.43,321,319
409.44,301,299
409.5,317,318
409.5,302,301
409.5,315,317
409.5,306,302
409.5,309,313
409.5,310,307
409.51,305,308
409.56,316,312
409.56,302,304
409.56,318,317
409.56,300,301
409.56,319,317
409.56,299,300
409.57,319,318
409.63,300,300
409.63,318,318
409.64,302,300
409.64,317,319
409.64,305,302
409.64,314,317
409.64,310,305
409.7,311,313
409.7,315,310
409.7,307,308
409.7,317,314
409.7,305,306
409.7,321,318
409.7,302,303
409.76,322,320
409.76,305,305
409.76,322,322
409.76,303,303
409.76,323,324
409.76,305,305
409.77,322,322
409.82,309,307
409.82,318,319
409.82,313,311
409.82,313,316
409.82,320,316
409.83,308,310
409.83,325,321
409.89,309,309
409.89,324,323
409.89,309,307
409.89,327,326
409.89,308,308
409.89,327,326
409.9,307,307
409.96,326,327
409.96,309,308
409.96,322,323
409.96,313,310
409.96,317,320
409.96,319,314
409.97,311,316
410.03,321,318
410.03,310,312
410.03,325,323
410.03,307,309
410.03,326,324
410.03,305,307
410.03,326,326
410.09,307,306
410.09,326,326
410.09,309,306
410.09,326,324
410.09,310,309
410.09,320,323
410.1,315,311
410.15,314,318
410.15,319,315
410.15,312,315
410.15,323,319
410.15,306,308
410.15,320,320
410.16,307,306
410.21,324,323
410.21,305,304
410.21,323,323
410.21,307,305
410.21,325,323
410.22,305,303
410.23,323,323
410.29,308,306
410.29,317,320
410.29,314,311
410.29,311,314
410.29,317,314
410.29,309,312
410.29,323,319
410.35,306,307
410.35,322,321
410.35,302,304
410.36,322,322
410.36,301,302
410.36,323,322
410.36,300,301
410.42,321,322
410.42,305,303
410.42,319,319
410.42,307,304
410.42,311,315
410.42,311,306
410.42,309,311
410.48,316,313
410.48,306,307
410.48,322,317
410.48,305,305
410.48,324,322
410.48,305,305
410.49,324,323
410.54,304,304
410.54,324,323
410.54,306,303
410.54,321,322
410.54,307,304
410.55,318,321
410.56,310,308
410.62,314,318
410.62,316,312
410.62,310,313
410.62,321,316
410.62,305,307
410.62,323,322
410.62,306,307
410.68,326,324
410.68,306,306
410.68,326,325
410.68,304,305
410.68,324,324
410.68,306,305
410.69,324,323
410.74,308,306
410.74,318,320
410.74,311,307
410.74,312,315
410.74,316,311
410.74,307,310
410.75,321,317
410.81,304,305
410.81,323,321
410.81,306,307
410.81,325,323
410.81,305,306
410.81,325,324
410.82,306,305
410.87,324,324
410.87,306,305
410.87,321,323
410.87,312,309
410.87,319,321
410.87,316,312
410.88,315,318
410.95,321,318
410.95,312,314
410.95,326,324
410.95,309,310
410.95,328,326
410.95,308,309
410.95,329,327
411.01,309,310
411.01,329,328
411.01,309,308
411.01,327,328
411.01,312,311
411.01,325,327
411.01,316,313
411.07,323,325
411.07,323,317
411.07,317,319
411.07,328,324
411.07,311,314
411.07,328,326
411.08,310,312
411.13,329,329
411.13,310,311
411.13,331,329
411.13,311,310
411.13,330,330
411.14,314,312
411.14,327,330
411.2,314,312
411.2,324,327
411.2,319,316
411.2,320,323
411.2,326,320
411.2,314,318
411.21,325,322
411.28,311,313
411.28,328,326
411.28,310,312
411.28,328,328
411.28,308,309
411.28,326,326
411.28,308,307
411.34,326,324
411.34,307,305
411.34,320,322
411.34,308,306
411.34,316,320
411.34,314,311
411.35,313,315
411.35,317,312
411.36,306,309
411.37,319,315
411.43,305,305
411.43,320,319
411.43,301,303
411.43,322,321
411.43,304,302
411.43,321,321
411.44,301,301
411.49,318,318
411.49,304,301
411.49,314,317
411.49,307,303
411.49,312,314
411.49,308,305
411.5,305,309
411.56,315,312
411.56,304,305
411.56,316,315
411.56,301,301
411.56,319,317
411.56,301,302
411.57,319,319
411.62,298,299
411.62,321,320
411.62,302,300
411.62,318,318
411.62,305,301
411.62,314,316
411.63,306,303
411.69,310,313
411.69,313,307
411.69,304,308
411.69,315,312
411.7,304,305
411.7,319,315
411.7,301,302
411.76,320,319
411.76,300,301
411.76,322,319
411.76,301,299
411.76,319,319
411.76,299,298
411.76,314,316
411.82,304,300
411.82,313,315
411.82,307,304
411.82,309,312
411.82,312,309
411.82,305,309
411.83,321,316
411.88,303,307
411.88,323,320
411.88,306,306
411.88,322,322
411.88,306,304
411.89,325,325
411.89,306,305
411.96,325,324
411.96,306,305
411.96,323,323
411.96,308,305
411.96,318,318
411.96,315,310
411.96,313,315
412.02,321,316
412.02,309,311
412.02,325,321
412.02,306,307
412.02,325,323
412.02,307,307
412.03,326,324
412.08,306,307
412.08,324,326
412.08,308,308
412.08,326,327
412.08,311,309
412.08,322,325
412.09,315,311
412.15,318,322
412.15,318,315
412.15,317,319
412.15,326,321
412.15,313,314
412.15,326,323
412.16,308,310
412.21,329,327
412.21,309,308
412.21,330,328
412.21,310,309
412.21,327,329
412.21,309,309
412.22,328,328
412.28,315,312
412.29,323,327
412.29,318,314
412.29,321,323
412.29,322,317
412.29,313,316
412.29,325,322
412.35,312,313
412.35,328,326
412.35,308,310
412.35,330,328
412.35,309,308
412.35,329,328
412.35,309,308
412.41,324,326
412.41,309,308
412.41,322,324
412.41,313,309
412.41,321,322
412.41,317,312
412.42,314,317
412.47,322,317
412.47,309,312
412.47,325,320
412.47,307,309
412.47,324,323
412.48,309,308
412.48,326,324
412.54,308,306
412.54,326,326
412.54,307,307
412.54,323,324
412.54,307,306
412.54,320,323
412.55,312,310
412.61,317,320
412.61,316,313
412.61,313,315
412.61,323,318
412.61,308,311
412.61,322,321
412.62,308,309
412.68,324,323
412.68,306,307
412.68,325,323
412.68,305,305
412.68,326,325
412.68,308,308
412.68,324,326
412.74,308,307
412.74,323,325
412.74,314,312
412.74,317,319
412.74,321,316
412.74,312,315
412.75,323,318
412.8,308,312
412.8,324,324
412.8,307,308
412.8,326,325
412.8,305,307
412.8,326,326
412.81,311,310
412.86,329,328
412.86,311,311
412.86,326,328
412.86,314,312
412.86,323,325
412.87,319,315
412.88,319,322
412.94,323,319
412.94,313,316
412.94,326,323
412.94,308,310
412.94,328,325
412.94,309,310
412.94,326,325
413.0,306,307
413.0,326,326
413.0,306,306
413.0,324,325
413.0,311,308
413.0,323,323
413.01,312,309
413.07,319,321
413.07,317,312
413.07,315,317
413.07,323,317
413.07,310,314
413.07,326,324
413.07,311,310
413.13,330,327
413.13,310,311
413.13,328,328
413.13,308,310
413.13,331,331
413.13,312,311
413.14,328,330
413.19,315,313
413.19,328,329
413.19,319,314
413.19,321,325
413.19,322,317
413.2,316,319
413.21,324,321
413.27,313,315
413.27,327,326
413.27,314,313
413.27,331,329
413.27,309,311
413.27,332,331
413.27,312,312
413.33,333,333
413.33,315,313
413.33,330,331
413.33,318,315
413.33,329,331
413.33,325,319
413.34,324,328
413.39,328,323
413.39,319,321
413.39,331,328
413.39,317,318
413.39,333,331
413.39,315,316
413.4,334,332
413.46,313,315
413.46,333,333
413.46,315,314
413.46,332,333
413.46,317,314
413.46,330,332
413.47,319,316
413.52,325,328
413.52,322,319
413.52,322,322
413.52,326,323
413.52,318,319
413.52,330,327
413.53,313,316
413.6,328,328
413.6,310,311
413.6,330,329
413.6,311,311
413.6,331,330
413.6,311,308
413.6,325,326
413.66,309,308
413.66,323,325
413.66,312,308
413.66,319,321
413.66,319,315
413.66,313,317
413.66,322,319
413.72,308,312
413.72,322,321
413.72,308,308
413.72,324,322
413.72,305,304
413.72,323,322
413.73,302,302
413.78,320,320
413.78,302,301
413.78,318,320
413.78,304,301
413.78,313,316
413.79,307,304
413.79,308,311
413.85,312,307
413.85,305,306
413.85,316,311
413.85,300,302
413.85,318,315
413.85,299,300
413.86,317,316
413.92,299,298
413.92,319,319
413.92,301,300
413.92,318,318
413.92,300,299
413.92,316,317
413.93,305,303
413.99,312,314
413.99,306,303
413.99,307,310
413.99,310,307
413.99,302,305
413.99,315,312
413.99,299,300
414.05,315,314
414.05,299,300
414.05,318,316
414.05,296,296
414.05,316,317
414.05,295,297
414.06,318,317
414.11,302,298
414.11,312,315
414.11,303,301
414.11,308,310
414.11,309,304
414.11,306,310
414.12,314,310
414.18,300,303
414.18,317,314
414.18,301,303
414.18,316,317
414.18,303,302
414.18,321,320
414.19,300,301
414.25,321,321
414.25,305,302
414.25,319,321
414.25,305,305
414.25,320,321
414.25,313,308
414.25,312,317
414.32,317,312
414.32,309,312
414.32,319,316
414.32,306,308
414.32,320,319
414.32,305,305
414.32,324,322
414.38,304,304
414.38,325,323
414.38,303,304
414.38,323,322
414.38,304,304
414.38,320,322
414.38,308,305
414.44,318,319
414.44,313,308
414.44,311,315
414.44,317,312
414.44,307,311
414.44,320,317
414.45,307,308
414.5,324,321
414.5,305,305
414.5,321,321
414.5,305,304
414.5,325,324
414.51,304,303
414.52,323,323
414.57,307,304
414.57,318,322
414.57,311,307
414.57,316,319
414.57,311,308
414.57,311,313
414.58,315,311
414.64,306,308
414.64,317,315
414.64,302,304
414.64,321,318
414.64,303,303
414.64,321,320
414.65,300,301
414.71,323,322
414.71,302,302
414.71,318,320
414.71,307,304
414.71,319,319
414.71,309,304
414.71,314,316
414.77,312,308
414.77,307,310
414.77,317,313
414.77,306,307
414.77,320,317
414.77,303,303
414.78,321,320
414.83,302,303
414.83,323,322
414.83,301,300
414.83,320,320
414.83,304,302
414.84,321,321
414.84,307,303
414.91,317,318
414.91,309,305
414.91,311,314
414.91,314,310
414.91,306,310
414.91,322,317
414.91,305,306
414.97,322,321
414.97,307,306
414.97,325,323
414.97,305,304
414.97,324,323
414.97,305,303
414.97,321,321
415.03,305,303
415.03,320,321
415.03,309,306
415.03,318,320
415.03,313,308
415.03,312,314
415.04,316,312
415.09,305,309
415.09,318,316
415.09,304,305
415.09,320,317
415.09,302,303
415.1,321,319
415.11,302,303
415.16,322,322
415.16,302,302
415.16,320,322
415.16,305,302
415.16,316,319
415.16,307,304
415.17,313,317
415.23,312,308
415.23,311,314
415.24,317,314
415.24,306,307
415.24,320,318
415.24,305,306
415.24,321,321
415.3,305,304
415.3,324,324
415.3,306,304
415.3,323,323
415.3,303,304
415.3,320,322
415.3,309,305
415.36,321,321
415.36,311,308
415.36,314,318
415.36,318,313
415.36,312,314
415.36,323,320
415.37,309,311
415.42,324,323
415.42,309,309
415.42,325,325
415.42,308,310
415.42,328,326
415.42,309,308
415.43,328,328
415.49,311,309
415.49,326,327
415.49,311,311
415.49,323,326
415.49,318,315
415.49,319,322
415.5,323,319
415.55,315,317
415.55,327,323
415.55,313,313
415.55,329,328
415.55,310,311
415.56,328,328
415.56,310,310
415.63,329,329
415.63,311,310
415.63,328,328
415.63,312,310
415.63,328,328
415.63,314,312
415.63,323,325
415.69,320,316
415.69,317,321
415.69,326,322
415.69,315,318
415.69,330,327
415.69,313,314
415.7,331,331
415.75,315,314
415.75,332,331
415.75,315,313
415.75,334,334
415.75,314,314
415.75,331,332
415.76,317,315
415.81,332,333
415.81,323,318
415.81,324,328
415.81,328,324
415.81,318,323
415.82,332,327
415.83,316,318
415.89,332,331
415.89,314,316
415.89,333,332
415.89,315,315
415.89,335,334
415.89,315,315
415.89,336,335
415.95,316,315
415.95,332,333
415.95,318,316
415.95,330,332
415.95,324,321
415.95,325,327
415.96,329,325
416.02,322,323
416.02,332,328
416.02,317,318
416.02,332,332
416.02,313,316
416.02,333,333
416.02,314,316
416.08,332,332
416.08,312,313
416.08,331,330
416.08,314,312
416.08,328,330
416.08,313,312
416.09,323,326
416.14,321,317
416.14,317,320
416.14,323,318
416.14,311,315
416.14,327,323
416.15,312,312
416.15,326,327
416.2,309,309
416.2,327,326
416.2,310,308
416.2,326,327
416.2,308,308
416.21,327,327
416.22,308,308
416.28,325,326
416.28,312,310
416.28,318,321
416.28,319,315
416.28,315,317
416.28,321,318
416.29,308,312
416.34,325,322
416.34,307,308
416.34,325,323
416.34,307,306
416.34,326,326
416.34,307,307
416.35,324,325
416.4,309,307
416.4,324,326
416.4,310,308
416.4,323,326
416.4,315,311
416.41,317,319
416.42,320,315
416.47,312,315
416.47,322,319
416.47,307,310
416.47,326,324
416.47,308,310
416.47,329,327
416.48,308,308
416.55,326,327
416.55,306,306
416.55,327,326
416.55,308,307
416.55,323,325
416.55,310,306
416.55,318,321
416.61,315,312
416.61,314,318
416.61,318,315
416.61,311,313
416.61,322,321
416.61,308,310
416.61,326,323
416.67,306,308
416.67,324,325
416.67,306,308
416.67,326,326
416.67,309,307
416.67,326,326
416.68,311,309
416.73,325,326
416.73,314,310
416.73,320,323
416.73,319,315
416.73,314,318
416.74,324,320
416.74,311,315
416.79,326,324
416.79,313,312
416.79,326,325
416.79,311,310
416.79,329,328
416.8,306,307
416.81,329,328
416.87,309,307
416.87,326,328
416.87,311,309
416.87,323,324
416.87,314,311
416.87,322,324
416.87,321,317
416.94,314,319
416.94,326,321
416.94,312,313
416.94,328,326
416.94,311,311
416.94,328,328
416.94,308,309
417.0,328,328
417.0,312,309
417.0,328,328
417.0,312,310
417.0,325,327
417.0,313,310
417.01,322,326
417.06,317,312
417.06,317,321
417.06,320,316
417.06,312,316
417.06,324,322
417.06,310,312
417.07,327,324
417.12,311,309
417.12,329,328
417.12,309,309
417.12,328,326
417.12,309,308
417.13,330,330
417.14,311,309
417.2,327,327
417.2,317,313
417.2,322,325
417.2,321,316
417.2,320,322
417.2,324,321
417.2,315,318
417.26,330,328
417.26,315,315
417.26,331,329
417.26,313,313
417.26,332,330
417.26,310,311
417.27,332,332
417.33,315,313
417.33,332,332
417.33,316,313
417.33,330,331
417.33,319,316
417.33,323,327
417.33,325,320
417.39,318,321
417.39,327,324
417.39,316,318
417.39,330,327
417.39,312,312
417.39,328,328
417.4,311,312
417.45,330,329
417.45,311,311
417.45,330,331
417.45,311,311
417.45,326,328
417.46,314,311
417.46,324,326
417.52,319,314
417.52,320,324
417.52,324,320
417.52,316,319
417.52,327,323
417.52,312,315
417.53,330,328
417.59,313,313
417.59,332,329
417.59,313,312
417.59,333,332
417.59,311,310
417.59,330,330
417.6,311,310
417.65,328,329
417.65,314,311
417.65,326,327
417.65,319,316
417.65,318,323
417.65,324,320
417.66,316,318
417.72,327,324
417.72,315,314
417.72,328,326
417.72,310,311
417.72,330,328
417.72,313,312
417.73,331,329
417.78,310,308
417.78,328,328
417.78,310,309
417.78,323,326
417.78,316,312
417.78,322,324
417.79,320,316
417.86,314,319
417.86,326,321
417.86,312,315
417.86,325,324
417.86,313,313
417.86,331,328
417.86,312,312
417.92,332,330
417.92,312,311
417.92,332,331
417.92,311,310
417.92,329,329
417.92,315,313
417.92,326,330
417.98,320,315
417.98,323,325
417.98,325,320
417.98,316,320
417.98,328,325
417.98,315,317
417.99,331,327
418.04,310,311
418.05,334,330
418.05,311,312
418.05,331,329
418.05,311,311
418.05,328,330
418.05,312,310
418.11,328,328
418.11,312,311
418.11,324,326
418.11,320,315
418.11,320,322
418.11,325,320
418.12,317,319
418.17,329,325
418.17,314,316
418.17,327,327
418.17,310,312
418.17,329,329
418.18,310,311
418.19,331,330
418.24,309,309
418.24,329,330
418.24,312,311
418.24,325,328
418.24,318,314
418.24,322,327
418.25,321,317
418.31,318,322
418.31,327,322
418.31,315,318
418.31,328,328
418.31,315,315
418.31,333,330
418.32,313,313
418.38,331,330
418.38,315,314
418.38,332,332
418.38,315,314
418.38,331,331
418.38,318,315
418.38,328,330
418.44,319,316
418.44,324,327
418.44,323,319
418.44,318,322
418.44,329,325
418.44,315,317
418.45,331,328
418.5,313,314
418.5,330,329
418.5,315,314
418.5,332,331
418.5,314,312
418.51,332,333
418.51,315,313
418.58,330,331
418.58,319,315
418.58,327,329
418.58,322,319
418.58,322,326
418.58,325,321
418.58,316,320
418.64,329,325
418.64,314,315
418.64,329,328
418.64,314,314
418.64,330,330
418.64,315,314
418.64,332,332
418.7,312,313
418.7,330,331
418.7,315,312
418.7,329,330
418.7,321,317
418.7,326,329
418.71,322,318
418.77,321,324
418.77,327,324
418.77,319,320
418.77,330,328
418.77,316,317
418.77,334,331
418.78,312,315
418.83,334,333
418.83,313,314
418.83,337,335
418.83,316,316
418.83,333,333
418.83,316,314
418.85,329,331
418.85,318,317
418.86,325,328
418.87,325,321
418.92,322,324
418.92,329,325
418.92,316,319
418.92,334,330
418.92,316,317
418.93,334,333
418.94,314,316
419.0,332,332
419.0,314,314
419.0,334,333
419.0,315,314
419.0,331,332
419.0,317,314
419.0,327,329
419.06,322,315
419.06,320,322
419.06,322,319
419.06,316,319
419.06,327,322
419.06,313,315
419.07,330,328
419.12,310,311
419.12,330,328
419.12,310,312
419.12,331,330
419.12,312,311
419.12,332,332
419.13,313,310
419.18,326,328
419.18,316,312
419.18,323,327
419.18,322,317
419.18,320,324
419.19,324,319
419.2,315,317
419.25,327,324
419.25,310,312
419.25,330,328
419.25,311,311
419.25,330,330
419.25,313,311
419.26,330,331
419.32,312,310
419.32,329,329
419.32,314,311
419.32,328,328
419.32,316,312
419.32,325,325
419.33,320,317
419.39,316,321
419.39,327,322
419.39,314,315
419.39,329,325
419.39,310,313
419.39,331,330
419.39,312,312
419.45,329,331
419.45,310,310
419.45,331,330
419.45,310,310
419.45,329,330
419.45,313,312
419.46,324,327
419.51,318,315
419.51,320,325
419.51,325,320
419.51,319,321
419.51,328,324
419.52,315,316
419.52,331,328
419.59,313,313
419.59,330,330
419.59,310,311
419.59,332,331
419.59,312,312
419.59,332,333
419.59,318,314
419.65,328,331
419.65,318,314
419.65,326,328
419.65,320,317
419.65,323,325
419.65,327,321
419.66,317,319
419.71,327,325
419.71,314,316
419.71,331,327
419.71,310,312
419.71,332,331
419.71,314,312
419.72,331,331
419.78,313,312
419.78,331,331
419.78,312,310
419.78,326,329
419.78,318,313
419.78,324,326
419.79,320,316
419.84,319,321
419.84,323,320
419.84,313,317
419.84,329,326
419.84,315,315
419.84,329,328
419.85,311,311
419.9,333,331
419.9,312,312
419.9,332,332
419.9,312,310
419.9,329,330
419.91,312,311
419.92,327,328
419.98,317,313
419.98,322,325
419.98,320,318
419.98,317,320
419.98,327,322
419.98,315,317
419.98,327,327
420.04,312,313
420.04,331,329
420.04,313,313
420.04,333,331
420.04,313,313
420.04,335,334
420.05,315,313
420.11,331,332
420.11,317,316
420.11,328,329
420.11,321,316
420.11,324,327
420.11,326,322
420.11,317,321
420.17,328,326
420.17,317,317
420.17,332,331
420.17,314,314
420.17,332,331
420.17,315,313
420.18,330,330
420.23,314,313
420.23,331,333
420.23,315,313
420.23,331,332
420.23,317,314
420.24,325,328
420.25,320,316
420.3,323,325
420.3,326,322
420.3,316,320
420.3,330,327
420.3,312,314
420.3,330,329
420.31,312,312
420.37,332,329
420.37,311,311
420.37,332,332
420.37,311,311
420.37,331,331
420.37,312,312
420.38,329,329
420.44,314,312
420.44,323,324
420.44,321,318
420.44,319,321
420.44,326,323
420.44,316,318
420.44,329,327
420.5,315,314
420.5,331,329
420.5,314,313
420.5,333,330
420.5,313,311
420.5,332,331
420.51,314,311
420.56,328,330
420.56,315,313
420.56,326,329
420.56,319,315
420.56,322,325
420.57,325,321
420.57,319,323
420.62,330,327
420.62,318,319
420.62,332,331
420.62,315,317
420.62,335,335
420.63,314,316
420.64,338,336
420.7,317,315
420.7,335,335
420.7,317,316
420.7,334,335
420.7,321,319
420.7,329,330
420.7,322,319
420.76,322,326
420.76,326,322
420.76,319,321
420.76,330,327
420.76,314,317
420.76,331,330
420.77,315,314
420.83,333,331
420.83,312,312
420.83,331,330
420.83,312,311
420.83,331,330
420.83,314,311
420.84,327,328
420.89,315,312
420.89,323,325
420.89,319,316
420.89,318,323
420.89,326,322
420.89,314,317
420.9,329,327
420.95,314,316
420.95,332,330
420.95,313,313
420.95,335,333
420.95,315,313
420.96,332,332
420.97,315,314
421.03,329,330
421.03,317,313
421.03,326,328
421.03,318,316
421.03,320,324
421.03,324,319
421.03,317,320
421.09,327,324
421.09,315,316
421.09,330,327
421.09,310,313
421.09,331,328
421.09,312,311
421.1,330,328
421.15,312,312
421.15,330,330
421.15,313,312
421.15,328,329
421.15,315,313
421.16,326,329
421.16,320,316
421.22,322,324
421.22,324,321
421.22,316,319
421.22,330,325
421.22,315,316
421.22,332,328
421.23,313,313
421.28,331,331
421.28,311,312
421.28,331,330
421.28,313,312
421.28,331,332
421.29,316,314
421.29,330,332
421.36,317,314
421.36,324,327
421.36,323,317
421.36,319,323
421.36,324,321
421.36,313,317
421.36,326,325
421.42,313,313
421.42,329,326
421.42,309,311
421.42,328,329
421.42,310,310
421.42,329,328
421.43,311,309
421.48,330,329
421.48,311,309
421.48,326,328
421.48,316,313
421.48,320,323
421.48,322,317
421.49,317,320
421.54,323,321
421.54,310,314
421.54,328,325
421.54,313,313
421.54,330,330
421.55,311,311
421.56,332,330
421.62,311,310
421.62,331,331
421.62,314,312
421.62,331,333
421.62,314,313
421.62,326,328
421.62,321,316
421.68,322,324
421.68,323,320
421.68,317,320
421.68,329,327
421.69,317,317
421.69,331,328
421.69,311,312
421.75,331,330
421.75,312,311
421.75,332,331
421.75,311,313
421.75,331,331
421.75,314,312
421.75,330,331
421.81,317,313
421.81,324,327
421.81,322,317
421.81,321,324
421.81,325,322
421.81,317,319
421.82,332,327
421.87,314,316
421.87,330,330
421.87,314,315
421.87,333,332
421.87,312,312
421.88,331,330
421.88,314,311
421.93,329,331
421.93,315,312
421.93,328,329
421.93,316,314
421.94,325,327
421.94,323,319
421.95,318,322
422.01,328,324
422.01,315,318
422.01,331,329
422.01,313,314
422.01,331,330
422.01,313,313
422.02,331,331
422.08,312,312
422.08,331,330
422.08,314,312
422.08,331,331
422.08,315,312
422.08,326,329
422.08,320,316
422.14,323,325
422.14,324,320
422.14,316,321
422.14,329,325
422.14,315,315
422.14,330,327
422.15,310,312
422.2,329,327
422.2,309,308
422.2,327,328
422.2,308,308
422.2,327,327
422.2,308,307
422.21,325,327
422.26,313,309
422.26,320,322
422.26,318,312
422.26,316,319
422.26,320,316
422.27,313,314
422.28,323,320
422.34,307,308
422.34,324,323
422.34,307,308
422.34,324,323
422.34,305,305
422.34,325,324
422.34,307,305
422.4,326,327
422.4,307,305
422.4,321,323
422.4,311,307
422.4,316,319
422.4,314,310
422.41,310,314
422.47,321,315
422.47,307,309
422.47,323,319
422.47,306,307
422.47,324,322
422.47,305,305
422.47,324,324
422.53,305,305
422.53,325,324
422.53,304,304
422.53,321,323
422.53,306,305
422.53,319,321
422.54,310,308
422.59,312,316
422.59,316,313
422.59,309,313
422.59,321,316
422.59,309,311
422.6,325,323
422.61,309,309
422.66,325,324
422.66,307,307
422.66,328,326
422.66,309,307
422.66,327,327
422.66,310,309
422.67,327,327
422.73,311,309
422.73,323,325
422.73,317,313
422.73,317,321
422.73,322,317
422.73,315,317
422.74,327,323
422.8,311,313
422.8,329,328
422.8,309,310
422.8,328,328
422.8,312,312
422.8,331,330
422.8,312,311
422.86,329,330
422.86,314,312
422.86,327,330
422.86,318,315
422.86,326,329
422.86,325,319
422.87,320,324
422.92,328,324
422.92,317,321
422.92,332,329
422.92,314,315
422.92,333,331
422.92,312,314
422.93,332,332
423.0,311,312
423.0,330,331
423.0,312,311
423.0,331,330
423.0,316,312
423.0,327,328
423.0,319,315
423.06,322,327
423.06,321,318
423.06,317,319
423.06,327,323
423.06,314,316
423.06,328,327
423.06,311,313
423.12,331,330
423.12,312,312
423.12,330,329
423.12,311,311
423.12,330,331
423.12,312,312
423.13,326,328
423.19,316,313
423.19,325,327
423.19,317,314
423.19,318,322
423.19,326,320
423.19,317,319
423.19,329,324
423.25,312,314
423.25,331,327
423.25,310,312
423.25,330,329
423.25,311,309
423.25,329,330
423.26,311,310
423.31,329,328
423.31,310,310
423.31,326,328
423.31,314,311
423.31,321,324
423.32,319,315
423.33,319,320
423.39,323,320
423.39,313,317
423.39,326,324
423.39,311,312
423.39,330,328
423.39,312,312
423.39,329,328
423.45,310,310
423.45,331,330
423.45,310,310
423.45,329,330
423.45,314,312
423.45,329,330
423.46,316,314
423.51,322,326
423.51,322,318
423.51,318,320
423.51,329,323
423.51,316,318
423.51,331,328
423.52,314,315
423.58,332,331
423.58,312,313
423.58,333,331
423.58,313,312
423.58,333,332
423.58,315,313
423.59,332,333
423.64,317,315
423.64,328,331
423.64,320,317
423.64,323,327
423.64,326,322
423.65,322,324
423.65,331,327
423.72,315,318
423.72,334,332
423.72,316,316
423.72,334,334
423.72,316,316
423.72,334,333
423.72,313,313
423.78,333,333
423.78,316,314
423.78,330,332
423.78,318,315
423.78,328,330
423.78,325,321
423.78,322,327
423.84,326,323
423.84,316,320
423.84,330,327
423.84,318,319
423.84,332,331
423.84,315,316
423.85,337,336
423.9,316,316
423.9,334,335
423.9,318,315
423.9,331,332
423.9,316,316
423.91,330,333
423.92,322,318
423.98,328,330
423.98,327,322
423.98,324,326
423.98,329,327
423.98,318,321
423.98,335,331
423.98,318,318
424.04,336,335
424.04,318,317
424.04,337,336
424.04,319,317
424.04,338,337
424.04,317,316
424.05,336,336
424.1,323,319
424.1,330,333
424.1,324,320
424.1,327,329
424.1,328,324
424.11,321,325
424.11,333,329
424.17,319,319
424.17,334,332
424.17,316,317
424.17,334,334
424.17,316,316
424.17,335,334
424.18,316,315
424.23,335,335
424.23,319,316
424.23,334,334
424.23,319,317
424.23,330,333
424.24,325,323
424.24,331,332
424.31,332,328
424.31,327,328
424.31,337,334
424.31,323,324
424.31,339,336
424.31,321,319
424.31,339,337
424.37,318,318
424.37,337,337
424.37,319,317
424.37,334,335
424.37,318,317
424.37,332,334
424.37,322,318
424.43,328,331
424.43,326,322
424.43,323,326
424.43,329,325
424.43,317,319
424.43,330,327
424.44,315,315
424.5,331,328
424.5,312,313
424.5,329,329
424.5,309,309
424.5,327,330
424.5,310,309
424.51,326,328
424.56,313,310
424.56,325,325
424.56,315,310
424.56,319,321
424.56,319,315
424.56,313,316
424.57,322,318
424.62,308,312
424.62,324,323
424.62,308,308
424.62,325,324
424.62,308,308
424.63,327,324
424.64,307,306
424.69,325,324
424.69,303,303
424.69,322,322
424.69,311,307
424.69,319,320
424.69,314,310
424.7,316,320
424.76,318,314
424.76,309,313
424.76,323,319
424.76,307,308
424.77,321,321
424.77,307,307
424.77,325,322
424.83,303,303
424.83,322,322
424.83,304,303
424.83,321,322
424.83,305,304
424.83,320,322
424.83,311,308
424.89,318,321
424.89,315,311
424.89,312,317
424.89,317,315
424.89,311,312
424.89,325,321
424.9,308,309
424.95,325,323
424.95,307,307
424.95,325,323
424.95,306,307
424.95,326,326
424.96,306,306
424.96,325,325
425.03,310,307
425.03,323,323
425.03,310,308
425.03,317,321
425.03,316,312
425.03,310,314
425.03,320,316
425.09,308,311
425.09,320,320
425.09,307,307
425.09,322,321
425.09,304,304
425.09,325,323
425.1,304,305
425.15,326,325
425.15,305,305
425.15,325,324
425.15,308,307
425.15,320,323
425.15,312,308
425.16,315,319
425.22,319,313
425.22,312,315
425.22,322,319
425.22,308,311
425.22,326,325
425.22,309,308
425.23,328,326
425.28,308,307
425.28,328,328
425.28,309,308
425.28,328,328
425.28,309,308
425.28,324,328
425.29,314,311
425.34,323,326
425.34,318,313
425.34,318,322
425.34,323,319
425.34,315,317
425.35,327,324
425.36,310,313
425.42,328,327
425.42,309,311
425.42,331,328
425.42,310,312
425.42,332,331
425.42,310,312
425.42,331,332
425.48,315,313
425.48,326,331
425.48,318,315
425.48,325,327
425.48,323,319
425.48,319,324
425.49,327,323
425.54,318,320
425.54,331,326
425.54,314,315
425.54,332,331
425.54,314,313
425.55,332,332
425.55,313,312
425.61,332,332
425.61,311,313
425.61,331,332
425.61,316,314
425.61,327,330
425.61,320,316
425.62,325,327
425.68,324,320
425.68,320,324
425.68,330,326
425.68,319,321
425.68,332,330
425.68,317,317
425.69,333,332
425.75,315,314
425.75,333,333
425.75,312,312
425.75,332,333
425.75,315,314
425.75,332,333
425.75,319,316
425.81,330,331
425.81,322,319
425.81,325,329
425.81,331,325
425.81,322,325
425.81,333,329
425.82,319,320
425.87,337,333
425.87,319,318
425.87,338,336
425.87,317,317
425.87,337,337
425.87,317,317
425.88,336,336
425.93,317,316
425.93,334,336
425.93,323,318
425.93,331,333
425.93,326,322
425.94,325,329
425.95,332,327
426.01,321,324
426.01,337,332
426.01,318,321
426.01,336,335
426.01,316,318
426.01,339,339
426.01,317,316
426.07,337,337
426.07,321,318
426.07,338,337
426.07,320,319
426.07,335,338
426.07,322,320
426.08,328,331
426.13,326,323
426.13,320,325
426.13,329,327
426.13,318,322
426.13,336,332
426.14,317,319
426.14,336,335
426.2,316,317
426.2,334,334
426.2,316,315
426.2,334,333
426.2,314,315
426.2,332,331
426.21,316,315
426.27,328,329
426.27,321,317
426.27,321,325
426.27,323,318
426.27,315,319
426.27,327,323
426.27,313,314
426.34,330,327
426.34,314,313
426.34,328,329
426.34,312,313
426.34,332,332
426.34,314,312
426.34,329,329
426.4,310,310
426.4,329,329
426.4,315,314
426.4,326,327
426.4,319,315
426.4,319,321
426.41,323,317
426.42,313,314
426.43,323,320
426.43,308,310
426.49,325,323
426.49,307,307
426.49,324,323
426.49,306,305
426.49,322,323
426.49,303,303
426.5,322,323
426.55,306,303
426.55,320,321
426.55,309,304
426.55,315,317
426.56,312,309
426.56,311,312
426.57,317,313
426.62,307,308
426.62,318,317
426.62,305,306
426.62,320,321
426.62,305,305
426.62,324,322
426.63,307,306
426.69,326,326
426.69,309,306
426.69,326,326
426.69,314,311
426.69,324,327
426.69,316,313
426.7,320,323
426.76,319,315
426.76,316,319
426.76,326,320
426.76,308,310
426.76,322,321
426.76,305,306
426.76,323,321
426.82,305,306
426.82,327,325
426.82,307,306
426.82,324,325
426.82,306,306
426.82,325,324
426.83,307,306
426.88,321,321
426.88,314,310
426.88,316,319
426.88,319,315
426.88,311,314
426.89,321,320
426.89,310,311
426.94,326,323
426.94,308,311
426.94,326,327
426.94,309,310
426.94,331,329
426.95,310,310
426.96,331,331
427.02,312,311
427.02,329,329
427.02,312,311
427.02,322,325
427.02,317,313
427.02,318,320
427.02,322,318
427.09,311,316
427.09,324,321
427.09,309,311
427.09,324,324
427.09,308,310
427.09,325,325
427.09,309,309
427.15,325,325
427.15,309,308
427.15,325,324
427.15,309,308
427.15,322,324
427.15,312,309
427.16,315,320
427.21,315,311
427.21,311,314
427.21,317,311
427.21,304,308
427.21,317,313
427.21,298,301
427.22,316,314
427.27,296,297
427.27,314,313
427.27,296,295
427.27,314,314
427.27,297,297
427.28,316,315
427.29,300,299
427.35,315,317
427.35,305,303
427.35,311,316
427.35,311,307
427.35,310,312
427.35,316,313
427.35,307,309
427.41,320,317
427.41,306,306
427.41,323,322
427.41,305,307
427.41,327,326
427.41,309,310
427.42,329,327
427.48,313,310
427.48,325,326
427.48,313,310
427.48,323,325
427.48,318,313
427.48,316,319
427.48,319,314
427.54,311,313
427.54,321,318
427.54,310,311
427.54,322,321
427.54,309,309
427.54,325,324
427.55,306,307
427.6,326,324
427.6,305,306
427.6,325,324
427.6,307,306
427.6,321,322
427.61,310,307
427.61,319,320
427.66,315,310
427.66,312,315
427.66,320,317
427.66,311,312
427.66,326,323
427.67,312,313
427.68,327,325
427.74,309,310
427.74,327,328
427.74,310,310
427.74,327,327
427.74,310,310
427.74,326,326
427.75,312,310
427.8,324,326
427.8,314,312
427.8,318,322
427.8,322,315
427.8,314,318
427.8,325,320
427.81,310,313
427.87,327,325
427.87,312,312
427.87,330,328
427.87,314,313
427.87,332,331
427.87,313,312
427.88,332,332
427.93,315,314
427.93,331,332
427.93,319,317
427.93,328,331
427.93,324,319
427.93,321,325
427.94,327,323
428.0,319,320
428.0,330,327
428.0,317,318
428.0,332,331
428.0,318,317
428.0,332,333
428.01,317,316
428.07,334,334
428.07,317,317
428.07,334,335
428.07,318,317
428.07,332,334
428.07,321,319
428.07,329,331
428.13,328,323
428.13,323,326
428.13,330,326
428.13,319,321
428.13,331,329
428.13,318,319
428.14,334,333
428.19,317,317
428.19,334,334
428.19,315,315
428.19,335,334
428.19,317,316
428.2,332,334
428.2,319,316
428.25,330,333
428.25,324,321
428.25,326,330
428.25,329,324
428.25,323,326
428.26,334,328
428.27,319,321
428.33,334,330
428.33,318,318
428.33,333,332
428.33,316,316
428.33,336,333
428.33,315,316
428.34,335,335
428.39,320,318
428.39,336,336
428.39,321,319
428.39,330,332
428.39,324,320
428.39,324,328
428.4,328,323
428.46,320,323
428.46,332,327
428.46,316,318
428.46,331,329
428.46,315,315
428.46,332,331
428.47,315,316
428.52,333,334
428.52,316,314
428.52,333,332
428.52,314,313
428.52,328,329
428.52,316,315
428.53,326,328
428.58,322,317
428.58,319,323
428.58,325,322
428.58,317,320
428.58,330,328
428.59,316,316
428.6,332,330
428.66,314,313
428.66,333,331
428.66,314,312
428.66,331,330
428.66,315,313
428.66,329,330
428.66,315,313
428.72,324,327
428.72,317,314
428.72,323,325
428.72,320,316
428.72,317,319
428.72,326,322
428.73,315,316
428.78,330,327
428.79,313,313
428.79,330,329
428.79,312,312
428.79,329,328
428.79,311,311
428.79,328,328
428.85,309,309
428.85,325,327
428.85,312,311
428.85,323,325
428.85,317,314
428.85,322,324
428.86,324,320
428.91,316,319
428.91,326,324
428.91,315,317
428.91,327,327
428.91,312,313
428.92,329,328
428.92,310,311
428.99,329,329
428.99,311,310
428.99,325,327
428.99,312,309
428.99,327,327
428.99,314,312
428.99,324,326
429.05,317,314
429.05,318,321
429.05,322,318
429.05,312,316
429.05,324,322
429.05,310,312
429.06,328,326
429.11,310,311
429.11,328,326
429.11,309,310
429.11,330,329
429.11,312,311
429.11,331,330
429.12,311,310
429.17,325,327
429.17,313,311
429.17,320,323
429.17,319,315
429.17,316,319
429.18,322,319
429.19,311,315
429.25,326,323
429.25,309,310
429.25,330,327
429.25,310,312
429.25,331,331
429.25,313,312
429.25,334,332
429.31,313,313
429.31,331,332
429.31,318,315
429.31,329,332
429.31,321,319
429.31,327,330
429.32,327,323
429.38,321,325
429.38,332,327
429.38,320,321
429.38,336,333
429.38,319,318
429.38,334,334
429.38,316,317
429.44,336,334
429.44,316,315
429.44,336,334
429.44,317,316
429.44,333,333
429.44,318,314
429.45,328,330
429.5,321,318
429.5,322,326
429.5,327,322
429.5,320,322
429.5,331,327
429.51,317,319
429.51,334,332
429.58,317,316
429.58,332,332
429.58,317,316
429.58,334,334
429.58,317,318
429.58,335,334
429.58,317,315
429.64,331,332
429.64,320,318
429.64,330,332
429.64,326,322
429.64,325,328
429.64,328,325
429.65,320,324
429.7,331,329
429.7,316,318
429.7,334,331
429.7,317,317
429.7,334,333
429.7,318,316
429.71,334,333
429.77,316,316
429.77,330,332
429.77,318,317
429.77,330,331
429.77,320,317
429.77,325,328
429.78,323,320
429.83,322,326
429.83,329,326
429.83,317,320
429.83,330,330
429.83,317,317
429.83,332,331
429.84,315,314
429.91,332,332
429.91,314,314
429.91,334,332
429.91,317,315
429.91,333,332
429.91,319,316
429.91,328,330
429.97,321,318
429.97,324,326
429.97,325,321
429.97,319,322
429.97,331,326
429.97,314,318
429.97,331,331
430.03,316,317
430.03,335,332
430.03,319,317
430.03,335,333
430.03,318,316
430.03,334,335
430.04,319,316
430.09,332,332
430.09,319,316
430.09,328,329
430.09,322,319
430.1,325,327
430.1,328,323
430.1,319,321
430.16,332,328
430.16,316,317
430.16,332,330
430.16,316,316
430.16,334,332
430.16,312,313
430.17,333,333
430.23,313,313
430.23,331,332
430.23,316,314
430.24,329,329
430.24,317,315
430.24,325,328
430.24,322,318
430.3,321,323
430.3,327,323
430.3,315,317
430.3,329,326
430.3,313,314
430.3,331,328
430.3,312,312
430.36,329,328
430.36,309,310
430.36,329,327
430.36,309,310
430.36,327,328
430.36,312,310
430.37,325,325
430.42,314,312
430.42,320,324
430.42,320,315
430.42,313,317
430.42,324,320
430.42,310,311
430.43,323,321
430.48,307,307
430.48,324,321
430.48,306,305
430.48,324,323
430.49,306,305
430.49,324,323
430.5,308,306
430.56,321,322
430.56,309,307
430.56,320,321
430.56,311,309
430.56,316,318
430.56,319,314
430.56,312,315
430.63,322,318
430.63,309,311
430.63,325,322
430.63,308,309
430.63,324,323
430.63,305,306
430.63,326,325
430.69,306,306
430.69,323,325
430.69,308,306
430.69,323,325
430.69,311,307
430.69,319,322
430.69,316,312
430.75,315,318
430.75,320,317
430.75,314,315
430.75,324,322
430.75,311,312
430.75,324,324
430.76,309,308
430.81,327,326
430.81,311,309
430.81,326,327
430.81,310,308
430.81,325,326
430.82,310,309
430.83,322,325
430.89,313,311
430.89,318,322
430.89,319,314
430.89,313,317
430.89,325,321
430.89,314,314
430.89,327,323
430.95,312,311
430.95,326,325
430.95,309,309
430.95,325,326
430.95,306,308
430.95,328,326
430.96,308,308
431.01,324,326
431.01,312,308
431.01,322,325
431.01,313,311
431.01,319,320
431.01,318,315
431.02,311,316
431.08,326,322
431.08,312,314
431.08,327,324
431.08,311,311
431.08,329,327
431.08,311,310
431.09,329,327
431.14,311,309
431.14,327,327
431.14,311,310
431.14,326,325
431.14,314,312
431.14,321,324
431.15,315,312
431.22,315,319
431.22,322,317
431.22,312,316
431.22,324,322
431.22,310,311
431.22,326,324
431.22,310,309
431.28,327,324
431.28,309,308
431.28,327,324
431.28,308,306
431.28,324,324
431.28,306,305
431.28,320,322
431.34,308,307
431.34,318,320
431.34,317,312
431.34,312,316
431.34,320,316
431.34,308,311
431.35,322,319
431.4,307,308
431.4,326,323
431.4,305,307
431.4,326,324
431.4,304,306
431.41,326,325
431.42,307,306
431.47,323,324
431.47,310,307
431.47,320,323
431.47,311,309
431.47,319,320
431.47,318,314
431.48,313,316
431.54,321,318
431.54,308,312
431.54,327,324
431.54,310,309
431.54,325,326
431.54,309,310
431.55,326,326
431.61,310,309
431.61,329,328
431.61,310,310
431.61,329,328
431.61,311,310
431.61,324,326
431.61,316,313
431.67,316,321
431.67,323,317
431.67,312,317
431.67,323,321
431.67,310,313
431.67,324,323
431.68,311,311
431.73,327,326
431.73,309,309
431.73,328,328
431.73,311,310
431.73,325,326
431.73,312,310
431.74,326,325
431.8,311,309
431.8,320,324
431.8,318,314
431.8,315,320
431.8,322,318
431.8,314,317
431.81,324,323
431.86,311,314
431.86,329,326
431.86,308,308
431.86,329,326
431.86,307,308
431.87,327,326
431.87,310,308
431.93,325,327
431.93,311,310
431.93,324,326
431.93,315,312
431.93,320,323
431.94,318,315
431.94,316,318
432.0,322,318
432.0,313,314
432.0,327,323
432.0,309,311
432.0,328,326
432.0,309,310
432.01,331,329
432.06,310,310
432.06,330,328
432.06,311,310
432.06,329,329
432.06,314,312
432.06,324,327
432.07,319,315
432.12,320,324
432.12,326,320
432.12,317,321
432.12,326,322
432.12,313,316
432.13,329,327
432.14,312,312
432.2,332,329
432.2,311,312
432.2,331,330
432.2,312,312
432.2,331,331
432.2,313,312
432.2,328,329
432.26,317,313
432.26,327,328
432.26,319,317
432.26,320,325
432.26,327,322
432.26,319,321
432.27,330,329
432.32,317,317
432.32,332,331
432.32,317,317
432.32,334,334
432.32,315,316
432.32,333,334
432.33,317,316
432.39,332,333
432.39,318,316
432.39,329,332
432.39,321,319
432.39,328,332
432.39,325,321
432.4,324,327
432.45,328,326
432.45,317,321
432.45,334,330
432.45,319,319
432.45,334,332
432.46,316,317
432.46,334,334
432.53,318,316
432.53,335,334
432.53,316,316
432.53,333,334
432.53,318,315
432.53,330,332
432.53,322,317
432.59,324,327
432.59,325,322
432.59,322,324
432.59,331,327
432.59,316,319
432.59,334,330
432.59,316,317
432.65,332,331
432.65,315,315
432.65,333,332
432.65,314,314
432.65,334,332
432.65,314,314
432.66,331,331
432.71,317,314
432.71,327,329
432.71,322,318
432.71,322,326
432.71,326,321
432.72,319,320
432.73,331,326
432.78,313,316
432.78,331,328
432.78,314,314
432.78,330,330
432.78,312,312
432.78,331,330
432.79,310,311
432.86,327,330
432.86,313,312
432.86,328,328
432.86,316,313
432.86,324,326
432.86,318,315
432.86,317,321
432.92,322,319
432.92,314,316
432.92,328,324
432.92,312,311
432.92,328,326
432.92,311,310
432.92,328,326
432.98,308,308
432.98,325,326
432.98,309,307
432.98,325,326
432.98,314,311
432.98,323,326
432.99,314,310
433.04,321,322
433.04,319,314
433.04,316,318
433.04,324,320
433.04,314,315
433.05,326,324
433.05,311,311
433.1,328,327
433.1,308,309
433.1,327,328
433.1,309,308
433.1,327,327
433.11,309,308
433.12,325,327
433.18,314,310
433.18,321,324
433.18,318,312
433.18,316,320
433.18,320,317
433.18,309,314
433.18,325,320
433.25,309,311
433.25,324,323
433.25,305,307
433.25,326,325
433.25,308,308
433.25,328,327
433.25,308,308
433.31,325,326
433.31,311,309
433.31,325,326
433.31,311,311
433.31,321,323
433.31,316,312
433.32,315,318
433.37,319,315
433.37,311,313
433.37,323,319
433.37,309,309
433.37,327,324
433.37,310,309
433.38,329,326
433.43,309,309
433.43,325,325
433.43,307,308
433.43,327,327
433.43,310,309
433.44,325,325
433.45,314,310
433.5,321,322
433.5,317,313
433.5,313,316
433.5,323,319
433.5,310,311
433.5,325,321
433.51,309,309
433.57,324,322
433.57,306,307
433.57,326,323
433.57,305,306
433.57,325,324
433.57,306,306
433.58,324,324
433.63,311,310
433.63,321,322
433.63,314,312
433.63,319,321
433.63,319,314
433.64,314,316
433.64,323,320
433.7,311,312
433.7,323,323
433.7,309,310
433.7,326,325
433.7,306,308
433.7,325,325
433.71,308,308
433.77,326,325
433.77,310,308
433.77,326,325
433.77,313,310
433.77,323,323
433.77,316,314
433.77,316,320
433.84,322,319
433.84,315,317
433.84,326,323
433.84,310,313
433.84,329,327
433.84,312,312
433.84,329,328
433.9,314,313
433.9,330,329
433.9,313,312
433.9,330,331
433.9,317,314
433.9,330,332
433.91,319,317
433.92,326,329
433.93,327,321
433.93,323,326
433.99,329,326
433.99,322,323
433.99,335,331
433.99,318,320
433.99,335,335
433.99,316,318
434.0,337,335
434.05,316,316
434.05,337,336
434.05,320,318
434.05,335,336
434.05,319,318
434.06,333,335
434.07,325,322
434.13,328,332
434.13,329,324
434.13,323,327
434.13,333,328
434.13,321,322
434.13,336,335
434.13,319,320
434.19,337,335
434.19,320,319
434.19,337,335
434.19,317,318
434.19,335,336
434.19,319,317
434.2,334,334
434.25,320,318
434.25,331,332
434.25,322,321
434.25,323,328
434.25,330,324
434.25,321,322
434.26,331,328
434.32,319,319
434.32,332,331
434.32,314,316
434.32,334,334
434.32,316,316
434.32,336,334
434.33,317,316
434.38,333,333
434.38,318,316
434.38,331,333
434.38,321,318
434.38,327,331
434.38,326,320
434.39,322,325
434.46,328,324
434.46,319,320
434.46,332,330
434.46,316,317
434.46,336,333
434.46,319,318
434.46,334,333
434.52,317,316
434.52,334,334
434.52,315,314
434.52,334,334
434.52,319,316
434.52,331,332
434.52,322,320
434.58,329,331
434.58,326,323
434.58,324,327
434.58,333,329
434.58,322,323
434.58,336,334
434.59,319,320
434.64,336,335
434.64,318,319
434.64,336,335
434.64,318,318
434.64,339,339
434.65,320,319
434.66,340,339
434.71,326,322
434.71,336,337
434.71,326,324
434.71,328,333
434.71,333,329
434.71,324,329
434.72,337,333
434.79,323,324
434.79,342,339
434.79,323,323
434.79,340,339
434.79,323,321
434.79,338,338
434.79,321,321
434.85,337,338
434.85,320,320
434.85,336,336
434.85,323,319
434.85,332,334
434.85,329,324
434.85,327,329
434.91,330,327
434.91,321,325
434.91,336,332
434.91,319,321
434.91,337,334
434.91,318,319
434.92,336,336
434.97,317,318
434.97,338,336
434.97,318,318
434.97,335,336
434.97,318,318
434.97,333,334
434.98,323,319
435.04,328,328
435.04,324,321
435.04,323,325
435.04,332,327
435.04,319,321
435.04,331,330
435.05,317,318
435.1,336,334
435.1,317,317
435.1,334,332
435.1,317,315
435.1,334,334
435.11,317,316
435.11,336,335
435.18,319,316
435.18,330,332
435.18,324,320
435.18,327,329
435.18,331,327
435.18,323,326
435.18,335,330
435.24,320,322
435.24,337,334
435.24,320,319
435.24,336,334
435.24,316,317
435.24,335,334
435.24,317,317
435.3,334,335
435.3,319,316
435.3,330,333
435.3,318,317
435.3,328,330
435.3,325,320
435.31,324,327
435.36,330,325
435.36,320,324
435.36,331,328
435.36,316,318
435.36,332,331
435.37,316,315
435.38,334,334
435.43,317,316
435.43,335,334
435.43,316,315
435.43,333,334
435.43,318,316
435.43,333,333
435.44,318,317
435.51,326,329
435.51,327,322
435.51,322,326
435.51,329,326
435.51,319,322
435.51,333,331
435.51,316,317
435.57,334,332
435.57,315,316
435.57,334,333
435.57,316,316
435.57,333,332
435.57,313,314
435.57,333,332
435.63,315,314
435.63,326,328
435.63,319,316
435.63,323,326
435.63,324,320
435.63,319,322
435.64,329,325
435.69,313,316
435.69,329,328
435.69,314,313
435.69,330,329
435.69,311,313
435.7,330,329
435.7,312,311
435.76,327,328
435.76,313,312
435.76,329,329
435.76,315,313
435.76,325,327
435.76,318,315
435.77,321,324
435.82,323,320
435.82,317,318
435.82,328,325
435.82,313,314
435.82,329,328
435.83,310,312
435.83,330,329
435.9,311,311
435.9,329,328
435.9,311,309
435.9,326,327
435.9,311,309
435.9,324,326
435.9,315,312
435.96,322,324
435.96,316,314
435.96,315,319
435.96,323,319
435.96,310,314
435.96,326,323
435.97,310,311
436.02,327,325
436.02,309,310
436.02,327,326
436.02,308,308
436.02,329,328
436.02,310,308
436.03,327,325
436.08,312,309
436.08,320,324
436.08,314,312
436.08,320,322
436.08,319,314
436.09,314,317
436.1,323,319
436.15,311,313
436.15,325,323
436.15,311,311
436.15,326,326
436.15,310,309
436.15,328,326
436.16,307,307
436.23,325,326
436.23,310,306
436.23,324,324
436.23,312,309
436.23,320,323
436.23,313,310
436.23,317,318
436.29,319,314
436.29,310,314
436.29,322,320
436.29,309,311
436.29,322,321
436.29,307,308
436.29,324,323
436.35,307,307
436.35,327,324
436.35,307,305
436.35,325,325
436.35,308,308
436.35,323,324
436.36,312,310
436.41,321,323
436.41,316,313
436.41,315,319
436.41,321,316
436.41,311,313
436.42,321,319
436.42,307,308
436.47,322,323
436.47,307,307
436.48,326,324
436.48,307,306
436.48,324,324
436.48,305,304
436.49,322,324
436.55,308,305
436.55,320,322
436.55,310,308
436.55,317,319
436.55,316,312
436.55,313,315
436.56,316,315
436.61,309,310
436.61,323,321
436.61,307,308
436.61,322,321
436.61,305,306
436.61,327,326
436.62,307,306
436.67,324,325
436.67,308,306
436.67,322,324
436.67,309,307
436.68,320,321
436.68,310,308
436.69,316,319
436.74,318,313
436.74,312,315
436.74,325,321
436.74,309,311
436.74,324,322
436.74,309,309
436.75,324,325
436.82,308,307
436.82,328,326
436.82,310,308
436.82,327,326
436.82,308,308
436.82,324,326
436.82,313,309
436.88,322,324
436.88,316,313
436.88,317,320
436.88,322,317
436.88,312,315
436.88,324,321
436.88,310,311
436.94,327,326
436.94,310,310
436.94,326,326
436.94,311,309
436.94,326,326
436.94,309,309
436.95,329,329
437.0,313,311
437.0,326,327
437.0,316,315
437.0,323,326
437.0,321,317
437.01,319,322
437.01,326,322
437.06,312,316
437.06,327,327
437.07,314,316
437.07,332,328
437.07,312,313
437.07,331,329
437.08,312,312
437.14,329,328
437.14,313,312
437.14,329,328
437.14,313,312
437.14,324,327
437.14,316,314
437.15,322,323
437.21,321,317
437.21,313,318
437.21,324,321
437.21,313,314
437.21,327,325
437.21,312,312
437.21,327,328
437.27,308,310
437.27,329,328
437.27,310,309
437.27,326,327
437.27,310,310
437.27,326,327
437.28,315,313
437.33,324,327
437.33,320,316
437.33,319,322
437.33,325,321
437.33,317,321
437.33,331,326
437.34,314,316
437.39,331,329
437.39,315,314
437.39,331,331
437.39,312,313
437.39,331,330
437.4,313,312
437.41,328,328
437.47,313,313
437.47,326,327
437.47,316,313
437.47,324,325
437.47,321,316
437.47,319,322
437.47,327,322
437.53,315,317
437.53,329,327
437.53,314,314
437.53,329,328
437.53,314,315
437.53,332,332
437.54,313,312
437.6,332,332
437.6,317,314
437.6,330,332
437.6,318,315
437.6,330,331
437.6,320,318
437.6,325,327
437.66,326,322
437.66,320,324
437.66,331,326
437.66,318,320
437.66,333,330
437.66,318,317
437.67,334,332
437.72,315,315
437.72,332,332
437.72,315,314
437.72,332,334
437.72,316,315
437.73,331,332
437.74,318,316
437.8,328,331
437.8,325,319
437.8,323,327
437.8,327,323
437.8,321,322
437.8,333,329
437.8,317,319
437.86,332,331
437.86,319,318
437.86,332,331
437.86,314,315
437.86,335,333
437.86,316,316
437.87,336,335
437.92,319,317
437.92,332,334
437.92,323,320
437.92,330,332
437.92,325,322
437.92,324,328
437.93,329,326
437.98,319,321
437.98,333,329
437.98,319,320
437.98,333,332
437.98,318,316
437.99,335,333
438.0,312,314
438.06,333,332
438.06,315,313
438.06,328,329
438.06,315,312
438.06,328,329
438.06,316,313
438.06,321,324
438.12,322,316
438.12,316,319
438.12,326,321
438.12,312,314
438.12,324,323
438.12,312,313
438.13,328,326
438.18,308,308
438.19,327,326
438.19,307,307
438.19,325,325
438.19,309,308
438.19,325,324
438.19,309,307
438.25,322,322
438.25,313,310
438.25,314,318
438.25,317,312
438.25,310,313
438.25,321,317
438.26,306,308
438.31,321,319
438.31,306,306
438.31,323,321
438.31,303,304
438.31,323,321
438.32,305,304
438.32,320,320
438.39,306,304
438.39,319,320
438.39,309,305
438.39,314,318
438.39,312,308
438.39,312,315
438.39,316,313
438.45,311,312
438.45,320,318
438.45,306,308
438.45,322,322
438.45,308,308
438.45,324,323
438.46,307,306
438.51,326,326
438.51,309,307
438.51,324,325
438.51,311,308
438.51,323,324
438.51,315,311
438.52,319,322
438.58,318,314
438.58,314,318
438.58,324,319
438.58,311,313
438.58,326,324
438.58,312,312
438.59,327,325
438.64,309,311
438.64,327,327
438.64,309,308
438.64,329,328
438.64,309,310
438.64,328,329
438.65,315,312
438.7,324,326
438.7,317,315
438.7,321,324
438.7,322,317
438.7,314,318
438.71,327,324
438.72,312,315
438.78,329,326
438.78,312,312
438.78,331,329
438.78,311,312
438.78,330,330
438.78,315,314
438.78,330,332
438.84,315,314
438.84,330,332
438.84,319,316
438.84,330,330
438.84,323,319
438.84,323,327
438.85,331,325
438.9,321,323
438.9,332,328
438.91,317,319
438.91,335,332
438.91,316,317
438.91,333,332
438.91,317,316
438.97,335,334
438.97,318,316
438.97,334,335
438.97,319,316
438.97,330,332
438.97,323,319
438.98,329,331
439.05,324,321
439.05,324,327
439.05,331,327
439.05,319,322
439.05,332,329
439.05,316,317
439.05,333,331
439.11,315,315
439.11,331,332
439.11,314,314
439.11,332,331
439.11,312,312
439.11,331,331
439.11,315,313
439.17,326,327
439.17,316,312
439.17,321,323
439.17,322,318
439.17,315,317
439.17,324,320
439.18,310,312
439.23,322,321
439.23,309,308
439.23,325,324
439.23,308,306
439.23,326,324
439.23,306,306
439.24,326,325
439.3,308,305
439.3,323,323
439.3,311,308
439.3,319,320
439.3,312,310
439.3,310,314
439.31,316,312
439.36,307,311
439.36,318,316
439.36,306,306
439.36,320,320
439.36,303,301
439.37,321,320
439.37,301,302
439.43,320,320
439.43,301,302
439.43,321,320
439.43,303,303
439.43,320,320
439.43,306,305
439.44,313,316
439.5,311,309
439.5,313,315
439.5,317,314
439.5,309,310
439.5,321,317
439.5,306,309
439.5,324,322
439.57,309,310
439.57,327,325
439.57,306,308
439.57,327,326
439.57,311,309
439.57,328,328
439.57,312,310
439.63,322,325
439.63,317,314
439.63,323,324
439.63,320,318
439.63,318,320
439.63,327,323
439.64,316,318
439.69,331,328
439.69,315,315
439.69,334,332
439.69,315,316
439.69,334,333
439.69,316,316
439.7,333,333
439.75,317,315
439.75,335,335
439.75,321,318
439.75,331,332
439.75,326,323
439.76,327,330
439.77,329,324
439.83,323,326
439.83,332,329
439.83,319,320
439.83,334,333
439.83,317,316
439.83,336,333
439.83,319,318
439.89,334,335
439.89,318,317
439.89,335,334
439.89,317,316
439.89,334,333
439.89,318,316
439.9,327,330
439.95,323,319
439.95,319,323
439.95,325,322
439.95,319,320
439.95,331,327
439.96,313,316
439.96,333,330
440.02,316,316
440.02,335,333
440.02,316,316
440.02,332,332
440.02,317,316
440.02,335,334
440.03,318,317
440.08,334,334
440.08,321,318
440.08,328,331
440.08,326,322
440.08,325,327
440.09,333,327
440.09,321,322
440.16,333,331
440.16,317,319
440.16,334,333
440.16,319,318
440.16,336,335
440.16,317,316
440.16,336,334
440.22,317,315
440.22,333,333
440.22,320,317
440.22,330,332
440.22,324,320
440.22,327,329
440.23,328,323
440.28,318,323
440.28,331,328
440.28,319,320
440.28,332,331
440.28,316,318
440.28,335,333
440.29,316,316
440.35,332,331
440.35,315,314
440.35,332,332
440.35,314,314
440.35,328,330
440.35,319,315
440.36,327,328
440.41,322,319
440.41,321,323
440.41,326,323
440.41,316,321
440.41,331,327
440.41,316,318
440.42,333,331
440.49,315,315
440.49,332,332
440.49,314,315
440.49,333,332
440.49,314,314
440.49,331,332
440.49,316,315
440.55,329,330
440.55,318,316
440.55,326,327
440.55,323,319
440.55,322,324
440.55,328,323
440.55,317,320
440.61,331,328
440.61,312,314
440.61,332,330
440.61,314,314
440.61,330,330
440.61,315,313
440.62,332,332
440.67,313,314
440.67,332,333
440.67,319,317
440.67,327,331
440.67,321,318
440.68,324,329
440.68,328,323
440.73,322,325
440.73,332,328
440.73,319,320
440.73,332,330
440.73,317,317
440.74,333,332
440.75,315,315
440.81,332,331
440.81,314,313
440.81,330,331
440.81,313,310
440.81,326,327
440.81,315,312
440.82,323,327
440.87,319,314
440.87,318,322
440.87,321,316
440.87,312,316
440.87,327,322
440.87,313,314
440.88,329,326
440.94,313,312
440.94,329,327
440.94,313,311
440.94,328,329
440.94,311,310
440.94,328,329
440.95,313,311
441.0,325,327
441.0,315,313
441.0,323,325
441.0,319,315
441.0,316,319
441.0,322,318
441.01,315,317
441.08,326,323
441.08,312,311
441.08,326,325
441.08,309,309
441.08,330,328
441.08,309,310
441.08,331,330
441.14,310,309
441.14,328,328
441.14,311,311
441.14,325,327
441.14,317,314
441.14,321,324
441.14,320,317
441.2,317,320
441.2,328,323
441.2,315,316
441.2,330,327
441.2,315,314
441.2,332,329
441.21,315,315
441.26,332,333
441.26,316,314
441.26,333,334
441.26,317,317
441.26,334,335
441.27,320,317
441.27,329,332
441.33,326,322
441.33,325,328
441.33,331,326
441.33,321,325
441.33,335,330
441.33,316,318
441.34,332,332
441.4,318,318
441.4,335,333
441.4,316,317
441.4,337,336
441.4,317,317
441.4,335,335
441.4,319,317
441.47,332,333
441.47,322,319
441.47,329,331
441.47,324,321
441.47,325,327
441.47,330,324
441.47,318,320
441.48,331,328
441.49,317,317
441.5,331,331
441.56,314,316
441.56,334,331
441.56,315,314
441.56,334,333
441.56,315,314
441.56,332,333
441.56,318,316
441.62,330,332
441.62,320,318
441.62,325,328
441.62,324,321
441.62,323,325
441.62,332,327
441.63,317,318
441.68,333,329
441.68,313,314
441.68,331,329
441.68,313,312
441.68,329,329
441.69,310,311
441.7,329,329
441.75,313,311
441.75,329,329
441.75,313,310
441.75,324,326
441.75,317,313
441.75,319,322
441.76,318,315
441.83,313,316
441.83,322,320
441.83,311,311
441.83,324,323
441.83,310,309
441.83,327,324
441.83,308,308
441.89,327,325
441.89,308,308
441.89,326,326
441.89,308,308
441.89,325,325
441.89,309,308
441.89,319,322
441.95,315,311
441.95,315,318
441.95,320,317
441.95,312,314
441.95,323,319
441.95,311,310
441.96,327,325
442.01,306,309
442.01,327,325
442.01,308,308
442.01,326,325
442.01,309,307
442.02,324,324
442.02,306,306
442.07,320,322
442.07,312,309
442.07,317,320
442.07,316,312
442.07,314,316
442.08,321,318
442.09,309,311
442.15,323,321
442.15,309,308
442.15,321,321
442.15,307,305
442.15,326,324
442.15,306,306
442.15,324,324
442.21,308,306
442.21,322,325
442.21,311,308
442.21,323,324
442.21,314,312
442.21,319,322
442.22,321,317
442.27,315,319
442.27,328,325
442.27,315,317
442.27,333,329
442.27,314,315
442.28,329,328
442.29,313,313
442.34,331,331
442.34,312,312
442.34,329,328
442.34,314,312
442.34,327,328
442.34,314,310
442.35,323,325
442.41,319,313
442.41,317,321
442.41,322,317
442.41,312,315
442.41,324,321
442.41,311,311
442.42,326,323
442.48,307,307
442.48,324,324
442.48,307,306
442.48,325,323
442.48,306,305
442.48,324,322
442.48,304,303
442.54,318,320
442.54,304,303
442.54,315,316
442.54,311,307
442.54,308,312
442.54,315,309
442.55,304,306
442.6,318,314
442.6,301,303
442.6,319,317
442.6,300,301
442.6,318,318
442.61,300,301
442.61,320,319
442.68,300,300
442.68,317,318
442.68,304,302
442.68,316,318
442.68,309,305
442.68,312,315
442.68,313,308
442.74,310,312
442.74,318,315
442.74,307,309
442.74,324,321
442.74,306,307
442.74,326,325
442.74,308,308
442.8,327,326
442.8,309,309
442.8,326,326
442.8,309,310
442.8,328,328
442.8,315,312
442.81,324,325
442.87,319,315
442.87,323,325
442.87,325,322
442.87,319,322
442.87,331,327
442.87,317,319
442.88,335,332
442.93,319,318
442.93,336,334
442.93,318,318
442.93,334,334
442.93,318,318
442.93,335,335
442.94,321,318
442.99,333,335
442.99,323,320
442.99,329,331
442.99,325,323
442.99,327,329
443.0,332,329
443.01,323,324
443.07,338,334
443.07,322,323
443.07,338,337
443.07,324,324
443.07,341,340
443.07,323,323
443.07,341,341
443.13,323,324
443.13,342,341
443.13,327,325
443.13,339,340
443.13,330,326
443.13,334,337
443.14,335,330
443.2,329,333
443.2,339,335
443.2,330,329
443.2,341,338
443.2,325,326
443.2,341,340
443.2,324,324
443.26,343,341
443.26,322,322
443.26,340,341
443.26,323,321
443.26,341,340
443.26,325,323
443.27,336,338
443.32,328,324
443.32,332,333
443.32,331,328
443.32,325,328
443.32,335,333
443.33,323,324
443.33,339,336
443.4,321,320
443.4,337,337
443.4,320,320
443.4,338,336
443.4,317,317
443.4,337,336
443.4,318,316
443.46,334,334
443.46,320,318
443.46,330,333
443.46,326,322
443.46,326,330
443.46,331,326
443.47,320,324
443.52,336,331
443.52,319,321
443.52,335,334
443.52,318,318
443.52,335,333
443.52,317,317
443.53,335,335
443.58,316,315
443.58,336,335
443.58,318,316
443.58,329,331
443.58,320,317
443.59,325,328
443.6,322,319
443.65,320,324
443.65,326,322
443.65,317,319
443.65,330,327
443.65,315,315
443.65,330,329
443.66,314,313
443.72,327,328
443.72,313,312
443.72,329,330
443.72,312,311
443.72,328,328
443.72,313,311
443.73,325,328
443.79,317,315
443.79,323,324
443.79,325,321
443.79,316,320
443.79,329,325
443.79,316,319
443.79,330,330
443.85,316,317
443.85,334,333
443.85,318,317
443.85,336,336
443.85,319,319
443.85,337,338
443.86,323,320
443.91,335,336
443.91,321,319
443.91,333,333
443.91,325,322
443.91,324,328
443.92,326,322
443.92,320,323
443.99,331,327
443.99,318,319
443.99,333,332
443.99,315,317
443.99,337,333
443.99,317,316
443.99,335,334
444.05,316,315
444.05,333,332
444.05,316,315
444.05,329,331
444.05,317,314
444.05,325,327
444.05,323,319
444.11,321,324
444.11,327,323
444.11,317,318
444.11,328,326
444.11,315,315
444.11,331,329
444.12,311,312
444.17,331,330
444.18,312,312
444.18,331,331
444.18,310,311
444.18,331,331
444.18,315,313
444.19,327,329
444.24,319,315
444.24,325,326
444.24,327,321
444.24,320,323
444.24,328,324
444.24,316,318
444.25,330,330
444.32,317,316
444.32,333,331
444.32,311,313
444.32,332,329
444.32,311,312
444.32,329,330
444.32,311,311
444.38,327,327
444.38,312,310
444.38,325,326
444.38,316,313
444.38,316,320
444.38,317,314
444.38,310,314
444.44,323,317
444.44,309,309
444.44,324,321
444.44,307,308
444.44,324,323
444.44,307,307
444.45,326,324
444.5,307,306
444.5,322,324
444.5,308,306
444.5,319,322
444.5,310,308
444.51,319,321
444.51,317,313
444.57,313,317
444.57,318,315
444.57,308,312
444.57,323,320
444.57,309,309
444.57,325,323
444.58,307,306
444.64,325,324
444.64,308,307
444.64,327,325
444.64,308,307
444.64,324,325
444.64,309,308
444.64,322,323
444.71,315,310
444.71,319,322
444.71,321,315
444.71,313,316
444.71,322,319
444.71,312,313
444.71,327,324
444.77,308,310
444.77,328,326
444.77,308,309
444.77,327,326
444.77,311,311
444.77,329,328
444.78,310,310
444.83,329,328
444.83,313,312
444.83,328,329
444.83,319,314
444.83,319,324
444.83,325,320
444.84,318,320
444.89,329,324
444.89,314,315
444.89,330,328
444.89,313,313
444.89,332,331
444.9,313,313
444.91,331,331
444.96,314,314
444.96,332,331
444.96,314,313
444.96,329,329
444.96,318,315
444.96,328,330
444.97,323,319
445.04,322,325
445.04,327,324
445.04,319,321
445.04,330,328
445.04,317,319
445.04,334,331
445.04,315,316
445.1,333,332
445.1,317,315
445.1,335,333
445.1,315,313
445.1,331,331
445.1,313,312
445.1,326,329
445.16,318,316
445.16,323,325
445.16,322,318
445.16,319,323
445.16,330,324
445.16,317,319
445.17,330,327
445.22,314,314
445.22,333,330
445.22,313,313
445.22,331,329
445.22,313,313
445.23,328,330
445.23,312,313
445.3,332,333
445.3,316,315
445.3,329,331
445.3,321,318
445.3,324,327
445.3,325,322
445.3,321,323
445.36,331,326
445.36,316,318
445.36,333,329
445.36,315,317
445.36,333,333
445.36,316,315
445.37,334,334
445.42,315,314
445.42,334,334
445.42,318,317
445.42,334,334
445.42,322,319
445.42,333,333
445.43,327,322
445.49,327,331
445.49,332,327
445.49,323,325
445.49,334,333
445.49,323,323
445.49,336,335
445.5,320,321
445.55,337,336
445.55,318,319
445.55,335,336
445.55,316,318
445.55,336,337
445.55,321,320
445.56,334,337
445.63,323,321
445.63,333,334
445.63,330,325
445.63,329,331
445.63,335,332
445.63,324,326
445.63,340,337
445.69,322,323
445.69,341,339
445.69,323,323
445.69,341,340
445.69,320,320
445.69,338,339
445.69,321,320
445.75,337,338
445.75,323,320
445.75,334,336
445.75,327,324
445.75,331,333
445.75,330,327
445.76,325,329
445.82,334,329
445.82,319,322
445.82,337,334
445.82,320,319
445.82,338,336
445.82,319,318
445.82,336,336
445.88,319,318
445.88,338,337
445.88,318,318
445.88,336,336
445.88,320,319
445.88,332,333
445.89,326,321
445.94,328,331
445.94,331,326
445.94,324,326
445.94,335,331
445.94,321,321
445.95,334,333
445.96,316,318
446.01,336,334
446.01,318,317
446.01,335,335
446.01,319,317
446.01,336,335
446.01,318,316
446.02,331,332
446.08,318,317
446.08,327,328
446.08,322,319
446.08,321,326
446.08,330,325
446.08,320,321
446.09,332,329
446.15,315,316
446.15,329,328
446.15,313,313
446.15,329,329
446.15,310,311
446.15,330,330
446.15,314,313
446.21,331,330
446.21,316,313
446.21,328,328
446.21,318,317
446.21,323,325
446.21,322,317
446.22,318,322
446.27,325,322
446.27,313,316
446.27,330,328
446.27,315,314
446.27,331,330
446.27,316,315
446.28,332,331
446.35,316,316
446.35,336,334
446.35,318,316
446.35,334,334
446.35,319,317
446.35,328,331
446.35,325,320
446.41,328,329
446.41,330,326
446.41,324,325
446.41,335,330
446.41,318,321
446.41,336,332
446.41,318,319
446.47,335,333
446.47,317,318
446.47,334,335
446.47,316,317
446.47,334,334
446.47,318,317
446.48,335,335
446.53,322,319
446.53,331,332
446.53,324,321
446.53,324,328
446.53,331,325
446.54,319,320
446.55,332,329
446.6,318,319
446.6,332,332
446.6,317,318
446.6,333,333
446.6,317,318
446.6,338,336
446.61,319,317
446.66,336,336
446.66,321,319
446.66,333,335
446.66,322,320
446.66,328,331
446.67,327,324
446.68,322,325
446.74,332,328
446.74,321,322
446.74,332,330
446.74,316,317
446.74,335,332
446.74,314,316
446.74,332,332
446.8,313,313
446.8,331,331
446.8,315,312
446.8,329,331
446.8,316,313
446.8,326,328
446.81,319,316
446.87,321,324
446.87,323,318
446.87,314,318
446.87,325,321
446.87,313,313
446.87,327,323
446.87,311,311
446.93,326,325
446.93,308,309
446.93,327,325
446.93,307,308
446.93,326,325
446.93,310,309
446.94,324,325
446.99,312,309
446.99,319,321
446.99,316,311
446.99,316,318
446.99,318,315
447.0,310,313
447.0,321,318
447.07,309,309
447.07,323,321
447.07,305,306
447.07,322,321
447.07,303,302
447.07,324,322
447.07,306,303
447.13,322,321
447.13,307,305
447.13,320,322
447.13,310,308
447.13,316,319
447.13,315,310
447.14,310,313
447.19,316,314
447.19,309,310
447.19,320,317
447.19,307,307
447.19,322,321
447.19,305,305
447.2,322,322
447.25,305,306
447.25,323,322
447.25,308,308
447.25,324,325
447.25,312,309
447.26,320,323
447.27,315,310
447.32,317,319
447.32,319,315
447.32,312,316
447.32,325,320
447.32,312,312
447.32,325,323
447.33,308,308
447.39,327,325
447.39,308,309
447.39,328,326
447.39,309,307
447.39,326,325
447.39,311,308
447.4,323,325
447.46,311,310
447.46,318,321
447.46,317,312
447.46,316,320
447.46,318,315
447.46,309,313
447.46,324,322
447.52,309,311
447.52,325,325
447.52,309,309
447.52,328,327
447.52,309,310
447.52,328,329
447.53,310,310
447.58,330,328
447.58,312,310
447.58,325,327
447.58,314,313
447.58,322,326
447.59,322,318
447.59,317,321
447.64,326,323
447.64,316,318
447.64,329,327
447.64,315,315
447.64,331,329
447.65,312,312
447.66,331,331
447.72,311,313
447.72,333,331
447.72,314,314
447.72,331,332
447.72,316,315
447.72,329,330
447.72,320,318
447.78,324,328
447.78,328,323
447.78,320,324
447.78,331,329
447.78,320,323
447.79,336,335
447.79,323,321
447.85,338,337
447.85,324,323
447.85,338,337
447.85,321,320
447.85,338,340
447.85,322,321
447.86,339,340
447.91,325,322
447.91,334,336
447.91,328,324
447.91,328,332
447.91,332,328
447.91,324,327
447.92,337,335
447.97,324,325
447.97,341,339
447.97,322,323
447.97,340,339
447.97,320,322
447.98,340,340
447.99,323,323
448.05,341,340
448.05,324,323
448.05,336,338
448.05,327,325
448.05,335,336
448.05,332,329
448.05,331,333
448.11,339,334
448.11,325,328
448.11,338,335
448.11,324,324
448.11,341,340
448.11,323,322
448.12,339,337
448.17,321,322
448.17,339,338
448.17,322,320
448.17,339,338
448.17,321,319
448.18,337,337
448.18,327,324
448.24,330,332
448.24,329,324
448.24,322,327
448.24,332,330
448.24,322,324
448.24,336,335
448.25,318,320
448.31,336,336
448.31,321,320
448.31,338,337
448.31,321,320
448.31,339,337
448.31,320,319
448.31,336,336
448.38,323,321
448.38,331,333
448.38,327,322
448.38,326,331
448.38,331,326
448.38,321,323
448.38,333,328
448.44,316,318
448.44,331,329
448.44,315,315
448.44,332,330
448.44,314,314
448.44,333,332
448.45,315,313
448.5,332,332
448.5,315,313
448.5,328,331
448.5,318,317
448.5,325,329
448.5,323,318
448.51,320,325
448.57,329,324
448.57,317,320
448.57,330,328
448.57,315,317
448.57,332,331
448.57,313,314
448.58,331,330
448.63,311,312
448.63,333,331
448.63,315,312
448.63,329,329
448.63,314,313
448.63,326,327
448.64,317,314
448.71,320,324
448.71,320,317
448.71,317,320
448.71,326,321
448.71,312,314
448.71,327,324
448.71,308,310
448.77,325,324
448.77,309,308
448.77,326,326
448.77,307,306
448.77,324,325
448.77,307,306
448.77,323,325
448.83,311,309
448.83,322,323
448.83,314,310
448.83,316,320
448.83,324,318
448.83,315,316
448.84,325,322
448.89,311,314
448.89,329,325
448.89,311,310
448.89,327,326
448.89,310,311
448.9,329,327
448.9,311,310
448.96,326,328
448.96,310,309
448.96,327,328
448.96,315,312
448.96,324,325
448.96,320,316
448.97,317,321
448.98,326,320
448.99,315,317
449.0,327,323
449.05,313,313
449.05,328,327
449.05,312,312
449.05,327,328
449.05,313,313
449.06,331,331
449.06,313,311
449.13,330,331
449.13,316,314
449.13,328,329
449.13,317,314
449.13,322,324
449.13,320,317
449.13,317,320
449.19,327,322
449.19,313,316
449.19,327,326
449.19,312,314
449.19,331,331
449.19,314,313
449.2,330,329
449.25,315,313
449.25,330,330
449.25,312,312
449.25,328,330
449.25,315,314
449.25,327,328
449.26,319,317
449.31,321,325
449.31,325,321
449.31,319,322
449.31,329,325
449.31,315,317
449.32,330,330
449.33,318,317
449.38,334,332
449.38,315,315
449.38,333,332
449.38,314,314
449.38,332,331
449.38,316,315
449.39,331,331
449.45,317,315
449.45,324,327
449.45,323,319
449.45,322,324
449.45,325,322
449.46,318,320
449.46,333,329
449.52,316,318
449.52,334,330
449.52,315,315
449.52,336,334
449.52,316,316
449.52,333,332
449.52,314,314
449.58,329,332
449.58,317,315
449.58,329,331
449.58,320,318
449.58,325,329
449.58,324,321
449.59,323,325
449.64,331,326
449.64,318,321
449.64,333,331
449.64,317,317
449.64,335,333
449.65,319,318
449.65,335,335
449.7,317,316
449.7,332,334
449.7,318,316
449.7,334,335
449.7,320,318
449.71,329,331
449.72,324,320
449.78,325,327
449.78,325,322
449.78,320,322
449.78,329,325
449.78,314,317
449.78,333,330
449.79,317,316
449.84,334,333
449.84,314,314
449.84,332,332
449.84,312,312
449.84,331,331
449.84,314,312
449.85,329,330
449.91,316,314
449.91,325,327
449.91,320,317
449.91,319,323
449.91,327,322
449.91,318,319
449.92,330,326
449.97,313,315
449.97,330,329
449.97,312,313
449.97,330,330
449.97,314,313
449.97,330,330
449.98,313,311
450.03,330,330
450.03,311,311
450.03,325,326
450.03,314,313
450.03,320,324
450.04,318,315
450.05,317,322
450.11,326,323
450.11,315,317
450.11,332,329
450.11,315,316
450.11,331,330
450.11,313,315
450.11,334,333
450.17,316,316
450.17,334,333
450.17,314,314
450.17,330,332
450.17,319,316
450.17,328,330
450.18,321,317
450.23,325,328
450.23,327,323
450.23,320,323
450.23,331,328
450.23,320,320
450.24,335,332
450.24,317,318
450.3,334,333
450.3,316,317
450.3,334,334
450.3,316,316
450.3,335,334
450.3,318,318
450.31,335,335
450.37,318,317
450.37,330,332
450.37,324,321
450.37,325,328
450.37,331,327
450.37,323,325
450.37,335,330
450.44,319,321
450.44,336,333
450.44,320,320
450.44,337,336
450.44,318,319
450.44,336,336
450.44,318,317
450.5,335,335
450.5,317,317
450.5,331,334
450.5,323,319
450.5,329,331
450.5,327,323
450.51,326,328
450.56,332,328
450.56,321,324
450.56,336,333
450.56,319,320
450.56,334,333
450.56,318,318
450.57,335,334
450.62,317,316
450.62,335,334
450.62,314,313
450.62,327,329
450.62,313,310
450.63,321,324
450.64,312,309
450.69,316,320
450.69,316,313
450.69,309,313
450.69,320,319
450.69,307,308
450.69,322,320
450.7,307,306
450.77,322,321
450.77,302,303
450.77,324,322
450.77,303,303
450.77,320,321
450.77,306,303
450.77,319,320
450.83,307,305
450.83,315,317
450.83,308,306
450.83,312,314
450.83,312,309
450.83,304,308
450.83,318,315
450.89,302,304
450.89,322,318
450.89,303,304
450.89,320,321
450.89,304,303
450.89,321,320
450.9,302,302
450.95,320,321
450.95,303,304
450.95,316,320
450.95,307,306
450.95,314,318
450.96,311,310
450.96,314,317
451.02,319,316
451.02,308,310
451.02,323,320
451.02,307,308
451.02,325,322
451.02,308,306
451.03,325,323
451.09,306,307
451.09,324,324
451.09,308,306
451.09,325,324
451.09,306,307
451.09,320,323
451.1,313,308
451.16,315,318
451.16,316,312
451.16,312,315
451.16,320,317
451.16,308,311
451.16,324,322
451.16,308,309
451.22,326,324
451.22,308,308
451.22,329,325
451.22,307,307
451.22,325,326
451.22,309,308
451.23,326,326
451.28,310,309
451.28,320,323
451.28,314,312
451.28,314,318
451.28,320,315
451.28,310,315
451.29,323,321
451.35,309,311
451.35,326,325
451.35,308,310
451.35,328,326
451.35,308,308
451.35,328,328
451.36,311,310
451.41,328,328
451.41,314,311
451.41,325,327
451.41,314,313
451.41,320,324
451.42,321,315
451.42,318,321
451.49,324,321
451.49,313,316
451.49,325,324
451.49,312,313
451.49,326,326
451.49,310,311
451.49,328,328
451.55,310,310
451.55,330,328
451.55,311,310
451.55,326,327
451.55,312,310
451.55,323,324
451.55,313,311
451.61,318,322
451.61,320,316
451.61,315,318
451.61,325,320
451.61,311,312
451.61,324,323
451.62,310,311
451.67,327,327
451.67,310,310
451.67,327,327
451.67,308,308
451.67,328,327
451.68,311,311
451.69,327,327
451.74,313,310
451.74,322,326
451.74,320,316
451.74,319,323
451.74,323,319
451.74,315,318
451.75,326,323
451.81,312,315
451.81,330,327
451.81,310,311
451.82,330,330
451.82,313,312
451.82,331,330
451.82,312,312
451.88,330,331
451.88,314,312
451.88,327,328
451.88,316,313
451.88,323,325
451.88,320,317
451.88,319,322
451.94,326,322
451.94,316,318
451.94,328,326
451.94,314,315
451.94,330,329
451.94,313,313
451.95,333,330
452.0,312,313
452.0,332,331
452.0,315,313
452.0,332,331
452.0,318,314
452.01,327,329
452.01,318,315
452.06,321,324
452.06,324,319
452.06,318,322
452.06,328,325
452.06,318,319
452.07,332,329
452.08,314,315
452.14,332,331
452.14,317,316
452.14,331,331
452.14,312,313
452.14,331,331
452.14,316,314
452.14,329,330
452.2,318,314
452.2,325,327
452.2,321,317
452.2,321,325
452.2,326,322
452.2,319,322
452.21,330,326
452.27,316,318
452.27,332,330
452.27,313,315
452.27,333,331
452.27,314,314
452.27,333,332
452.28,314,315
452.33,332,333
452.33,314,314
452.33,329,330
452.33,318,316
452.33,324,327
452.33,322,318
452.34,319,322
452.39,327,323
452.39,315,318
452.39,329,326
452.39,315,315
452.39,331,328
452.4,314,314
452.41,333,331
452.47,311,312
452.47,333,332
452.47,314,314
452.47,331,332
452.47,315,313
452.47,327,329
452.47,319,315
452.53,324,327
452.53,323,319
452.53,319,322
452.53,328,325
452.53,315,317
452.53,330,328
452.54,314,314
452.59,329,327
452.59,314,313
452.59,330,329
452.59,314,312
452.59,332,332
452.59,315,313
452.6,332,333
452.66,318,317
452.66,330,331
452.66,322,319
452.66,322,326
452.66,326,322
452.66,319,322
452.67,330,327
452.72,316,318
452.72,332,330
452.72,314,316
452.72,332,331
452.72,313,313
452.73,331,331
452.73,314,313
452.8,330,330
452.8,315,314
452.8,329,329
452.8,318,315
452.8,324,328
452.8,321,318
452.8,322,325
452.86,329,324
452.86,318,319
452.86,331,327
452.86,317,316
452.86,332,329
452.86,313,314
452.87,332,330
452.92,314,314
452.92,332,331
452.92,315,313
452.92,332,333
452.92,317,315
452.92,329,331
452.93,320,318
452.99,327,329
452.99,326,322
452.99,321,325
452.99,332,327
452.99,318,321
452.99,334,333
453.0,320,320
453.05,337,334
453.05,318,318
453.05,337,337
453.05,319,318
453.05,337,337
453.05,318,318
453.06,334,335
453.13,320,318
453.13,330,333
453.13,326,321
453.13,327,331
453.13,329,326
453.13,320,324
453.13,331,328
453.19,317,319
453.19,333,332
453.19,316,316
453.19,333,331
453.19,315,314
453.19,333,333
453.19,316,316
453.25,334,333
453.25,315,314
453.25,329,331
453.25,316,314
453.25,325,327
453.25,321,318
453.26,321,324
453.31,326,322
453.32,317,319
453.32,332,329
453.32,316,317
453.32,333,331
453.32,315,316
453.32,332,330
453.38,314,314
453.38,330,331
453.38,315,314
453.38,331,332
453.38,316,315
453.38,327,330
453.39,320,317
453.44,324,326
453.44,323,319
453.44,318,322
453.44,328,324
453.44,314,317
453.45,327,326
453.45,312,313
453.52,329,328
453.52,312,311
453.52,329,329
453.52,313,311
453.52,329,329
453.52,312,310
453.52,326,327
453.58,312,310
453.58,322,324
453.58,316,313
453.58,316,319
453.58,319,314
453.58,310,314
453.59,322,319
453.64,308,310
453.64,325,321
453.64,307,307
453.64,324,324
453.64,306,306
453.64,326,326
453.65,309,308
453.7,326,326
453.7,312,309
453.7,324,326
453.7,316,312
453.7,320,324
453.71,319,316
453.72,317,320
453.78,324,320
453.78,315,318
453.78,329,327
453.78,314,315
453.78,331,329
453.78,317,317
453.78,333,333
453.84,318,316
453.84,332,333
453.84,317,317
453.84,333,334
453.84,319,317
453.84,332,334
453.85,324,320
453.91,328,331
453.91,328,323
453.91,324,326
453.91,333,328
453.91,320,322
453.91,336,333
453.91,319,320
453.97,336,336
453.97,317,319
453.97,336,336
453.97,316,316
453.97,334,336
453.97,318,317
453.98,336,336
454.03,323,320
454.03,332,335
454.03,327,323
454.03,330,332
454.03,333,329
454.04,326,328
454.04,337,332
454.1,322,324
454.1,336,335
454.1,319,320
454.1,338,338
454.1,320,321
454.1,339,340
454.11,322,322
454.17,340,340
454.17,322,321
454.17,335,337
454.17,325,323
454.17,333,336
454.17,330,326
454.18,328,332
454.24,333,328
454.24,322,325
454.24,336,332
454.24,321,321
454.24,338,335
454.24,322,321
454.24,339,337
454.3,318,319
454.3,338,336
454.3,318,317
454.3,336,336
454.3,321,318
454.3,331,334
454.31,320,318
454.36,327,330
454.36,326,322
454.36,321,324
454.36,330,326
454.36,319,320
454.36,332,330
454.37,318,317
454.43,333,332
454.43,316,316
454.43,333,332
454.43,316,315
454.43,330,332
454.43,313,312
454.44,328,330
454.49,314,313
454.49,324,326
454.49,316,314
454.49,320,324
454.49,325,320
454.5,316,319
454.5,326,323
454.57,314,316
454.57,332,329
454.57,313,315
454.57,330,330
454.57,312,313
454.57,331,329
454.57,314,312
454.63,331,329
454.63,311,310
454.63,324,327
454.63,314,312
454.63,321,323
454.63,315,311
454.63,315,317
454.69,318,315
454.69,309,312
454.69,323,319
454.69,306,307
454.69,320,320
454.69,306,305
454.7,325,322
454.75,306,305
454.75,323,322
454.75,305,305
454.75,323,323
454.75,307,305
454.76,321,322
454.77,310,308
454.82,313,318
454.82,315,310
454.82,311,314
454.82,321,316
454.82,307,309
454.82,322,320
454.83,304,305
454.89,323,322
454.89,302,304
454.89,321,322
454.89,305,304
454.89,321,321
454.89,305,303
454.9,320,322
454.96,307,304
454.96,316,319
454.96,312,308
454.96,314,317
454.96,316,311
454.96,311,313
454.96,321,317
455.02,307,308
455.02,320,320
455.02,305,306
455.02,325,323
455.02,306,308
455.02,323,324
455.03,307,306
455.08,325,324
455.08,309,306
455.08,325,324
455.08,314,309
455.08,318,320
455.09,313,308
455.09,314,317
455.16,318,316
455.16,308,311
455.16,323,319
455.16,309,308
455.16,324,323
455.16,306,308
455.16,324,324
455.22,309,307
455.22,325,324
455.22,310,308
455.22,326,325
455.22,308,307
455.22,322,324
455.22,313,310
455.28,318,321
455.28,317,313
455.28,314,317
455.28,323,319
455.28,313,314
455.28,326,324
455.29,309,310
455.34,325,325
455.34,309,309
455.34,327,325
455.34,309,308
455.34,328,328
455.35,310,309
455.36,326,328
455.41,313,312
455.41,322,325
455.41,320,316
455.41,321,323
455.41,323,319
455.41,319,321
455.42,331,327
455.48,315,318
455.48,332,331
455.48,317,317
455.48,335,333
455.49,316,317
455.49,336,335
455.49,318,317
455.55,335,336
455.55,319,318
455.55,332,334
455.55,320,318
455.55,327,331
455.55,327,323
455.55,323,326
455.61,329,326
455.61,319,322
455.61,332,329
455.61,318,320
455.61,333,331
455.61,317,316
455.62,334,332
455.68,315,315
455.68,332,332
455.68,317,315
455.68,332,332
455.68,315,316
455.68,328,330
455.68,321,317
455.74,324,327
455.74,324,319
455.74,319,322
455.74,327,325
455.74,316,317
455.74,330,327
455.75,315,314
455.8,331,329
455.8,311,312
455.8,329,329
455.8,310,311
455.8,328,329
455.81,311,312
455.81,326,327
455.86,311,310
455.86,324,325
455.86,317,313
455.86,318,322
455.86,323,318
455.87,314,317
455.88,325,322
455.94,312,313
455.94,326,325
455.94,310,312
455.94,328,327
455.94,312,311
455.94,329,327
455.95,309,308
456.0,328,329
456.0,313,311
456.0,326,326
456.0,315,313
456.0,323,325
456.0,319,315
456.01,317,320
456.07,325,319
456.07,313,316
456.07,327,324
456.07,312,313
456.07,329,326
456.07,311,312
456.08,329,328
456.13,310,310
456.13,327,327
456.13,311,309
456.13,327,327
456.13,311,308
456.13,322,323
456.14,313,309
456.2,317,321
456.2,319,313
456.2,313,315
456.2,320,318
456.2,310,311
456.2,325,323
456.21,308,308
456.27,324,324
456.27,307,307
456.27,326,325
456.27,307,307
456.27,327,327
456.27,308,308
456.27,323,324
456.33,311,308
456.33,319,322
456.33,315,311
456.33,314,318
456.33,319,315
456.33,309,312
456.34,324,320
456.39,309,309
456.39,322,321
456.39,310,309
456.39,323,322
456.39,307,306
456.4,325,324
456.4,307,306
456.45,324,325
456.45,308,307
456.45,323,325
456.45,312,310
456.45,322,325
456.46,321,317
456.47,320,323
456.53,327,323
456.53,320,322
456.53,332,330
456.53,316,317
456.53,333,332
456.53,318,318
456.54,334,334
456.55,318,316
456.56,335,336
456.56,317,318
456.62,335,335
456.62,320,318
456.62,332,334
456.62,322,318
456.62,328,330
456.62,328,322
456.63,320,324
456.69,330,325
456.69,316,318
456.69,331,329
456.69,315,316
456.69,332,330
456.69,312,313
456.69,331,331
456.75,312,311
456.75,330,331
456.75,312,311
456.75,329,329
456.75,315,313
456.75,323,325
456.76,320,316
456.81,320,323
456.81,326,320
456.81,315,319
456.81,328,324
456.81,312,314
456.82,328,327
456.83,311,312
456.89,330,328
456.89,310,311
456.89,329,328
456.89,312,310
456.89,329,329
456.89,313,311
456.89,326,327
456.95,313,311
456.95,321,324
456.95,319,314
456.95,317,321
456.95,323,319
456.95,312,315
456.96,326,324
457.01,313,312
457.01,325,324
457.01,312,311
457.01,328,327
457.02,311,309
457.02,328,328
457.02,312,311
457.08,329,329
457.08,311,311
457.08,325,327
457.08,317,313
457.08,322,324
457.08,321,317
457.09,316,320
457.14,324,322
457.14,315,317
457.14,328,327
457.14,312,314
457.14,331,329
457.15,313,313
457.15,331,329
457.22,310,310
457.22,329,330
457.22,311,310
457.22,326,326
457.22,315,312
457.22,326,326
457.22,316,313
457.28,317,320
457.28,320,317
457.28,315,317
457.28,325,323
457.28,311,314
457.28,329,326
457.28,313,313
457.34,327,328
457.34,311,311
457.34,330,330
457.34,311,310
457.34,326,328
457.34,314,311
457.35,327,327
457.4,316,313
457.4,321,323
457.4,318,315
457.4,316,320
457.4,326,321
457.41,314,317
457.42,327,325
457.47,313,315
457.47,329,329
457.47,311,313
457.47,328,328
457.47,310,310
457.47,328,328
457.48,312,310
457.54,328,327
457.54,312,310
457.54,324,326
457.54,316,311
457.54,320,323
457.54,323,318
457.55,318,320
457.61,329,324
457.61,314,316
457.61,329,328
457.61,312,312
457.61,331,328
457.61,313,312
457.61,328,328
457.67,311,311
457.67,328,328
457.67,308,308
457.67,325,327
457.67,313,310
457.67,322,325
457.68,316,311
457.73,317,319
457.73,320,316
457.73,312,314
457.73,323,319
457.73,310,311
457.73,324,322
457.74,310,309
457.79,324,324
457.79,306,307
457.79,327,326
457.79,309,307
457.79,328,327
457.8,309,307
457.81,322,325
457.87,314,311
457.87,320,323
457.87,319,314
457.87,314,319
457.87,323,319
457.87,313,316
457.87,326,324
457.93,313,313
457.93,328,326
457.93,309,310
457.93,329,327
457.93,310,310
457.93,326,327
457.94,311,309
458.0,326,327
458.0,314,311
458.0,324,325
458.0,315,312
458.0,321,323
458.0,321,315
458.01,315,319
458.06,326,321
458.06,310,313
458.06,326,324
458.06,312,311
458.06,328,326
458.06,310,310
458.07,328,328
458.12,311,310
458.12,327,328
458.12,310,309
458.12,327,326
458.12,313,310
458.13,321,323
458.14,314,310
458.19,314,318
458.19,321,317
458.19,311,315
458.19,324,321
458.19,309,311
458.19,327,325
458.2,309,310
458.27,327,327
458.27,311,310
458.27,328,328
458.27,311,308
458.27,328,327
458.27,313,310
458.27,324,325
458.33,317,313
458.33,321,323
458.33,318,315
458.33,316,320
458.33,323,319
458.33,312,315
458.33,326,324
458.39,311,311
458.39,329,328
458.39,311,310
458.39,331,328
458.39,310,311
458.39,331,330
458.4,314,311
458.45,330,329
458.45,315,312
458.45,325,327
458.45,317,315
458.45,322,325
458.46,322,317
458.46,319,320
458.51,326,323
458.51,313,315
458.51,328,327
458.51,313,312
458.51,329,327
458.52,312,312
458.53,330,329
458.59,311,311
458.59,329,330
458.59,315,312
458.59,328,329
458.59,315,313
458.59,324,327
458.6,319,314
458.65,319,323
458.65,323,320
458.66,317,319
458.66,327,322
458.66,312,313
458.66,326,325
458.66,310,311
458.72,327,327
458.72,311,311
458.72,329,329
458.72,312,312
458.72,329,329
458.72,312,312
458.73,327,329
458.78,319,315
458.78,326,327
458.78,322,318
458.78,321,323
458.78,327,323
458.78,317,318
458.79,327,327
458.84,314,314
458.84,329,328
458.84,312,313
458.84,331,330
458.84,313,312
458.85,330,331
458.86,312,313
458.92,331,330
458.92,317,314
458.92,330,329
458.92,320,317
458.92,323,326
458.92,325,321
458.92,318,321
458.98,329,325
458.98,313,317
458.98,331,330
458.99,314,315
458.99,331,330
458.99,314,315
458.99,330,331
459.05,314,313
459.05,332,332
459.05,317,314
459.05,330,332
459.05,318,317
459.05,327,329
459.05,324,321
459.11,323,326
459.11,330,325
459.11,320,322
459.11,332,329
459.11,318,318
459.11,337,334
459.12,316,318
459.17,333,332
459.17,317,316
459.17,332,334
459.17,315,315
459.17,332,333
459.18,317,315
459.18,328,331
459.25,319,315
459.25,324,327
459.25,322,319
459.25,320,322
459.25,327,323
459.25,316,318
459.25,330,327
459.31,315,313
459.31,328,328
459.31,313,312
459.31,329,328
459.31,313,311
459.31,329,329
459.32,312,311
459.37,327,328
459.37,313,311
459.37,321,323
459.37,316,314
459.37,318,322
459.37,320,316
459.38,315,318
459.44,325,322
459.44,313,313
459.44,328,326
459.44,312,312
459.44,329,328
459.44,312,314
459.45,331,331
459.5,313,314
459.5,331,330
459.5,312,312
459.5,330,330
459.5,313,314
459.5,324,327
459.51,321,316
459.58,319,322
459.58,324,319
459.58,315,317
459.58,327,324
459.58,312,314
459.58,330,327
459.58,312,313
459.64,332,331
459.64,312,312
459.64,329,328
459.64,314,312
459.64,328,330
459.64,315,312
459.64,326,328
459.7,316,312
459.7,321,324
459.7,321,316
459.7,316,320
459.7,324,321
459.7,314,315
459.71,328,325
459.76,310,311
459.76,329,327
459.76,309,310
459.76,329,327
459.76,311,309
459.77,326,325
459.77,308,308
459.83,325,326
459.83,310,307
459.83,322,323
459.83,313,310
459.83,315,318
459.83,316,313
459.84,310,313
459.9,319,316
459.9,308,310
459.9,322,320
459.9,307,306
459.9,326,324
459.9,304,305
459.91,324,324
459.97,305,305
459.97,324,324
459.97,306,306
459.97,321,322
459.97,309,306
459.97,319,320
459.97,314,309
460.03,313,316
460.03,315,312
460.03,309,310
460.03,321,317
460.03,305,307
460.03,322,319
460.04,303,303
460.09,321,320
460.09,303,303
460.09,320,320
460.09,301,299
460.09,319,318
460.09,305,302
460.1,318,317
460.15,305,303
460.15,313,314
460.15,312,306
460.15,307,310
460.15,315,311
460.16,304,306
460.17,319,316
460.23,302,303
460.23,321,319
460.23,300,301
460.23,321,321
460.23,303,303
460.23,323,323
460.23,306,303
460.29,321,320
460.29,307,303
460.29,316,318
460.29,310,306
460.29,313,315
460.29,315,311
460.3,308,313
460.36,322,317
460.36,307,310
460.36,323,321
460.36,306,307
460.36,325,324
460.36,308,308
460.36,325,326
460.42,307,308
460.42,326,328
460.42,310,309
460.42,325,327
460.42,313,312
460.42,322,325
460.43,318,315
460.48,318,320
460.48,323,318
460.48,312,315
460.48,328,323
460.48,312,314
460.49,328,326
460.5,309,311
460.55,330,328
460.55,311,311
460.55,330,330
460.55,311,310
460.55,329,330
460.55,313,312
460.56,327,327
460.63,318,313
460.63,318,323
460.63,321,317
460.63,317,321
460.63,329,324
460.63,316,318
460.63,329,327
460.69,315,314
460.69,330,329
460.69,310,312
460.69,333,330
460.69,312,312
460.69,327,329
460.69,312,310
460.75,326,328
460.75,316,313
460.75,325,326
460.75,318,315
460.75,320,323
460.75,324,321
460.76,318,319
460.81,327,325
460.81,312,315
460.81,332,328
460.81,315,314
460.81,334,331
460.82,315,313
460.82,333,332
460.87,316,314
460.87,334,333
460.87,317,315
460.87,331,333
460.87,319,317
460.88,328,330
460.89,328,323
460.95,325,327
460.95,328,325
460.95,322,323
460.95,335,330
460.95,319,319
460.95,335,333
460.95,314,316
461.01,334,333
461.01,315,314
461.01,332,332
461.01,317,315
461.01,335,334
461.01,316,315
461.02,330,333
461.07,320,318
461.07,324,327
461.07,324,321
461.07,322,324
461.07,328,326
461.08,319,320
461.09,332,330
461.14,317,317
461.14,335,333
461.14,317,317
461.14,335,334
461.14,318,316
461.14,335,335
461.15,319,316
461.21,332,334
461.21,320,318
461.21,329,332
461.21,324,321
461.21,327,329
461.21,328,324
461.22,320,323
461.27,333,329
461.27,319,319
461.28,335,332
461.28,316,316
461.28,334,332
461.28,317,316
461.28,335,332
461.34,315,314
461.34,333,332
461.34,315,314
461.34,330,331
461.34,318,315
461.34,326,329
461.35,323,319
461.4,320,323
461.4,329,324
461.4,314,318
461.4,331,327
461.4,314,315
461.4,329,329
461.41,312,313
461.48,333,330
461.48,314,313
461.48,332,331
461.48,313,312
461.48,332,331
461.48,316,314
461.48,328,328
461.54,319,316
461.54,321,325
461.54,323,319
461.54,316,320
461.54,327,322
461.54,314,315
461.54,329,326
461.6,311,313
461.6,327,326
461.6,311,310
461.6,329,327
461.6,310,309
461.6,328,328
461.61,313,311
461.67,325,325
461.67,311,309
461.67,320,323
461.67,317,313
461.67,314,319
461.67,318,315
461.68,311,314
461.73,323,320
461.73,310,310
461.73,326,324
461.73,309,308
461.73,326,325
461.73,307,308
461.74,326,325
461.79,306,304
461.79,325,324
461.79,306,305
461.79,321,322
461.79,309,307
461.8,316,319
461.81,314,311
461.87,311,315
461.87,318,315
461.87,308,312
461.87,323,321
461.87,308,309
461.87,322,322
461.87,306,308
461.93,324,323
461.93,304,305
461.93,326,325
461.93,304,304
461.93,322,324
461.93,311,308
461.94,321,322
461.99,314,311
461.99,316,320
461.99,318,315
461.99,313,315
461.99,323,320
461.99,309,311
462.0,324,323
462.06,307,308
462.06,326,323
462.06,310,309
462.06,328,327
462.06,307,307
462.06,327,326
462.07,310,307
462.12,323,325
462.12,312,309
462.12,321,322
462.12,314,311
462.12,314,318
462.13,319,314
462.13,308,312
462.2,323,319
462.2,308,309
462.2,325,322
462.2,308,308
462.2,325,324
462.2,307,308
462.2,327,328
462.26,312,310
462.26,328,329
462.26,317,314
462.26,329,331
462.26,321,318
462.26,328,331
462.27,330,325
462.32,326,329
462.32,334,330
462.32,322,325
462.32,339,335
462.32,320,322
462.32,338,337
462.33,320,320
462.38,339,337
462.38,321,320
462.38,341,339
462.38,321,321
462.38,336,338
462.39,324,323
462.4,336,338
462.45,326,324
462.45,331,334
462.45,332,327
462.45,324,328
462.45,335,333
462.45,322,324
462.46,336,335
462.52,319,320
462.52,338,335
462.52,317,319
462.52,337,335
462.52,316,317
462.52,336,336
462.53,319,318
462.59,331,333
462.59,322,320
462.59,329,331
462.59,322,320
462.59,324,328
462.59,329,324
462.59,320,322
462.65,335,331
462.65,317,319
462.65,334,332
462.65,315,317
462.65,335,334
462.65,315,316
462.66,335,334
462.71,314,316
462.71,334,334
462.71,319,316
462.71,331,332
462.71,322,318
462.72,329,330
462.72,328,323
462.77,324,326
462.77,329,326
462.77,318,320
462.77,333,331
462.77,318,317
462.78,332,330
462.79,315,315
462.85,332,332
462.85,316,315
462.85,332,332
462.85,316,315
462.85,332,332
462.85,316,314
462.85,328,330
462.91,322,318
462.91,324,327
462.91,324,321
462.91,320,323
462.91,332,328
462.91,319,319
462.92,335,332
462.98,319,318
462.98,333,333
462.98,314,316
462.98,334,332
462.98,313,312
462.98,331,330
462.99,314,313
463.04,328,330
463.04,317,315
463.04,325,326
463.04,321,317
463.04,318,322
463.04,326,320
463.05,317,317
463.11,326,324
463.11,312,313
463.11,328,325
463.11,309,311
463.11,328,327
463.12,309,308
463.12,326,325
463.18,307,306
463.18,324,324
463.18,307,306
463.18,320,321
463.18,308,306
463.18,316,318
463.18,314,310
463.24,309,312
463.24,317,312
463.24,303,306
463.24,319,316
463.24,303,303
463.24,318,317
463.25,301,301
463.3,320,319
463.3,301,301
463.3,318,318
463.3,301,301
463.3,317,320
463.31,305,303
463.31,315,316
463.36,307,303
463.36,309,312
463.36,309,306
463.36,303,305
463.36,315,310
463.37,300,300
463.38,314,313
463.44,298,299
463.44,316,315
463.44,299,297
463.44,316,316
463.44,296,296
463.44,314,316
463.44,299,298
463.5,313,315
463.5,306,302
463.5,311,312
463.5,307,303
463.5,306,310
463.5,311,306
463.51,300,304
463.56,317,313
463.56,302,302
463.56,318,316
463.56,301,300
463.56,317,316
463.57,301,300
463.58,319,317
463.63,301,299
463.63,319,318
463.63,303,300
463.63,314,316
463.63,306,304
463.63,311,315
463.64,311,309
463.7,309,312
463.7,319,316
463.7,309,309
463.7,322,319
463.7,307,308
463.7,323,323
463.71,306,306
463.77,324,323
463.77,307,306
463.77,323,323
463.77,306,306
463.77,320,322
463.77,309,307
463.77,318,320
463.83,311,310
463.83,316,320
463.83,318,315
463.83,311,315
463.83,322,320
463.83,309,311
463.84,327,324
463.89,310,309
463.89,326,324
463.89,308,306
463.89,324,325
463.89,309,307
463.9,325,325
463.9,308,307
463.95,325,325
463.95,313,310
463.95,319,322
463.95,318,313
463.95,316,319
463.96,322,319
463.97,314,315
464.03,325,322
464.03,312,313
464.03,328,326
464.03,313,312
464.03,328,328
464.03,311,310
464.04,328,326
464.05,309,309
464.05,326,326
464.06,311,308
464.11,323,324
464.11,313,309
464.11,317,320
464.11,317,312
464.11,310,315
464.12,323,318
464.13,308,311
464.19,322,321
464.19,307,309
464.19,323,323
464.19,306,306
464.19,324,324
464.19,306,306
464.19,326,325
464.26,307,306
464.26,325,326
464.26,311,308
464.26,321,324
464.26,318,313
464.26,320,323
464.26,322,317
464.32,315,317
464.32,327,322
464.32,310,311
464.32,324,323
464.32,309,309
464.32,327,325
464.33,306,306
464.38,326,324
464.38,307,306
464.38,323,324
464.38,309,306
464.38,321,323
464.38,310,307
464.39,317,318
464.44,313,309
464.44,310,314
464.44,317,313
464.44,306,309
464.44,321,318
464.45,305,306
464.46,321,320
464.51,303,304
464.51,322,322
464.51,305,305
464.51,322,323
464.51,305,305
464.51,322,324
464.52,306,304
464.58,318,320
464.58,308,305
464.58,314,315
464.58,314,311
464.58,308,311
464.58,319,315
464.59,307,307
464.65,322,318
464.65,304,304
464.65,322,320
464.65,303,304
464.65,323,320
464.65,304,303
464.65,323,322
464.71,305,304
464.71,322,322
464.71,306,305
464.71,317,319
464.71,312,308
464.71,311,315
464.72,317,310
464.77,307,310
464.77,319,316
464.77,305,306
464.77,322,319
464.77,304,305
464.78,323,321
464.78,303,303
464.85,323,322
464.85,305,303
464.85,323,324
464.85,307,306
464.85,320,322
464.85,308,307
464.85,319,320
464.91,315,311
464.91,315,317
464.91,321,318
464.91,310,313
464.91,325,322
464.91,311,311
464.92,327,325
464.97,310,309
464.97,327,326
464.98,309,310
464.98,328,328
464.98,309,309
464.98,326,327
464.98,312,311
465.04,325,327
465.04,313,312
465.04,321,323
465.04,321,316
465.04,317,319
465.04,324,320
465.05,312,315
465.1,330,327
465.1,312,313
465.1,331,331
465.1,313,314
465.1,332,332
465.1,313,314
465.11,332,333
465.16,316,314
465.16,331,331
465.16,316,314
465.16,328,331
465.16,322,319
465.17,324,328
465.18,329,323
465.24,320,323
465.24,332,328
465.24,317,319
465.24,332,330
465.24,316,316
465.24,332,331
465.24,312,314
465.3,334,334
465.3,315,315
465.3,332,332
465.3,316,315
465.3,331,332
465.3,319,315
465.31,325,328
465.36,323,320
465.36,320,324
465.36,329,323
465.36,315,318
465.36,329,327
465.37,314,316
465.37,331,329
465.43,315,314
465.43,332,331
465.43,314,313
465.43,330,331
465.43,314,314
465.43,330,331
465.44,316,314
465.5,329,330
465.5,318,317
465.5,325,326
465.5,325,321
465.5,320,322
465.5,328,324
465.5,315,317
465.56,330,328
465.56,311,314
465.56,332,331
465.56,314,314
465.56,332,331
465.56,313,313
465.57,333,331
465.63,316,313
465.63,330,331
465.63,319,316
465.63,327,328
465.63,323,319
465.63,325,327
465.64,327,324
465.69,320,323
465.69,332,328
465.69,317,318
465.69,332,333
465.69,318,317
465.69,336,335
465.7,317,317
465.77,336,335
465.77,317,318
465.77,336,335
465.77,318,318
465.77,333,334
465.77,320,317
465.77,328,330
465.83,326,321
465.83,321,325
465.83,330,326
465.83,317,320
465.83,331,329
465.83,315,317
465.83,333,331
465.89,313,314
465.89,333,332
465.89,315,312
465.89,333,332
465.89,314,314
465.89,330,330
465.9,315,313
465.95,326,328
465.95,319,314
465.95,320,323
465.95,323,318
465.95,316,319
465.96,327,323
465.96,313,315
466.02,329,325
466.02,309,311
466.02,331,328
466.02,309,310
466.02,329,327
466.02,309,309
466.03,329,328
466.09,312,310
466.09,326,326
466.09,315,311
466.09,322,323
466.09,316,314
466.09,318,322
466.09,323,319
466.16,314,316
466.16,324,321
466.16,311,311
466.16,325,324
466.16,306,307
466.16,326,326
466.16,308,308
466.22,325,324
466.22,307,306
466.22,322,324
466.22,306,306
466.22,320,322
466.22,309,308
466.23,315,318
466.28,312,310
466.28,310,314
466.28,319,314
466.28,306,309
466.28,321,318
466.28,306,306
466.29,321,320
466.34,302,303
466.34,321,319
466.34,301,302
466.34,320,320
466.34,303,303
466.35,321,322
466.36,307,304
466.41,319,320
466.41,310,307
466.41,315,318
466.41,316,312
466.41,310,313
466.41,321,317
466.42,309,310
466.48,322,321
466.48,308,308
466.48,324,325
466.48,308,308
466.48,328,327
466.48,308,306
466.49,323,324
466.54,308,307
466.54,323,325
466.54,310,308
466.54,317,320
466.54,314,310
466.55,313,317
466.55,319,314
466.61,309,311
466.61,321,319
466.61,309,310
466.61,327,324
466.61,308,309
466.61,326,326
466.62,308,307
466.67,324,325
466.67,306,308
466.67,326,327
466.67,311,309
466.67,324,326
466.68,314,312
466.68,321,323
466.75,318,315
466.75,316,319
466.75,324,320
466.75,315,316
466.75,329,325
466.75,313,311
466.75,327,327
466.81,312,311
466.81,327,327
466.81,311,311
466.81,329,330
466.81,310,310
466.81,329,328
466.82,314,313
466.87,325,327
466.87,318,314
466.87,320,322
466.87,321,317
466.87,315,318
466.87,325,322
466.88,312,314
466.94,326,325
466.94,311,312
466.94,329,329
466.94,309,310
466.94,329,328
466.94,309,309
466.95,327,328
467.0,310,309
467.0,327,327
467.0,315,311
467.0,320,323
467.0,316,313
467.0,318,319
467.01,320,318
467.08,313,315
467.08,322,320
467.08,308,310
467.08,325,324
467.08,309,308
467.08,324,324
467.08,309,309
467.14,328,326
467.14,308,307
467.14,325,326
467.14,311,308
467.14,322,325
467.14,313,310
467.14,321,322
467.2,316,313
467.2,316,319
467.2,323,320
467.2,311,314
467.2,329,326
467.2,309,311
467.21,327,325
467.26,308,311
467.26,329,327
467.26,309,309
467.26,325,326
467.26,312,309
467.27,326,326
467.27,313,310
467.32,321,324
467.32,315,311
467.32,317,319
467.33,321,316
467.33,313,316
467.33,327,322
467.34,312,313
467.4,325,324
467.4,312,312
467.4,330,327
467.4,310,311
467.4,327,328
467.4,309,309
467.41,329,328
467.47,311,309
467.47,324,326
467.47,313,312
467.47,321,324
467.47,321,316
467.47,319,322
467.47,323,320
467.53,314,318
467.53,328,325
467.53,312,313
467.53,329,327
467.53,311,311
467.53,329,327
467.54,310,311
467.59,330,329
467.59,311,311
467.59,328,328
467.59,314,313
467.59,326,327
467.59,315,313
467.6,321,325
467.65,319,316
467.65,315,320
467.65,326,322
467.65,313,317
467.65,329,325
467.66,313,314
467.67,332,329
467.73,313,313
467.73,331,331
467.73,314,313
467.73,331,332
467.73,312,313
467.73,331,331
467.73,319,315
467.79,327,330
467.79,322,319
467.79,324,327
467.79,328,324
467.79,321,323
467.79,331,327
467.8,316,318
467.86,330,330
467.86,316,315
467.86,335,333
467.86,315,315
467.86,334,333
467.86,316,315
467.86,334,334
467.92,319,316
467.92,331,332
467.92,321,318
467.92,325,328
467.92,324,321
467.92,325,327
467.93,329,325
467.98,320,322
467.98,332,329
467.98,317,319
467.98,332,332
467.98,317,318
467.99,335,333
468.0,317,317
468.06,333,333
468.06,317,315
468.06,333,334
468.06,317,316
468.06,331,332
468.06,321,318
468.06,326,328
468.12,325,320
468.12,319,323
468.12,328,325
468.12,317,319
468.12,330,329
468.12,316,316
468.13,332,330
468.18,314,313
468.18,332,331
468.18,312,312
468.18,329,329
468.18,313,313
468.18,329,330
468.19,317,313
468.25,325,326
468.25,318,314
468.25,321,324
468.25,325,319
468.25,318,320
468.25,329,325
468.26,315,316
468.31,331,328
468.31,312,313
468.31,330,329
468.31,311,311
468.31,329,329
468.31,311,311
468.32,330,330
468.39,312,311
468.39,328,329
468.39,316,313
468.39,323,326
468.39,320,317
468.39,316,320
468.39,324,321
468.45,312,316
468.45,326,325
468.45,311,314
468.45,330,327
468.45,311,311
468.45,329,327
468.45,310,310
468.51,330,329
468.51,310,310
468.51,329,329
468.51,314,312
468.51,326,328
468.51,317,313
468.52,320,324
468.57,322,317
468.57,316,320
468.57,326,322
468.57,311,315
468.57,327,327
468.58,313,313
468.58,330,326
468.64,312,312
468.64,329,328
468.64,311,311
468.64,328,328
468.64,312,310
468.64,326,327
468.65,315,312
468.71,324,327
468.71,318,314
468.71,320,322
468.71,323,319
468.72,315,318
468.72,327,324
468.72,311,312
468.78,327,326
468.78,310,312
468.78,329,326
468.78,310,310
468.78,329,327
468.78,311,309
468.78,326,327
468.84,310,308
468.84,324,326
468.84,313,310
468.84,320,323
468.84,317,315
468.84,315,319
468.85,325,320
468.9,312,315
468.9,327,324
468.9,312,314
468.9,329,327
468.9,311,312
468.9,328,328
468.91,310,311
468.96,327,328
468.96,311,310
468.96,328,328
468.96,314,311
468.96,324,325
468.97,317,313
468.98,320,322
469.04,320,317
469.04,314,319
469.04,327,322
469.04,312,314
469.04,330,328
469.04,311,312
469.04,327,328
469.1,311,311
469.1,330,330
469.1,310,311
469.1,329,328
469.1,312,310
469.1,326,328
469.11,315,311
469.17,324,326
469.17,318,314
469.17,321,324
469.17,325,321
469.17,315,318
469.17,327,325
469.17,311,313
469.23,328,326
469.23,310,312
469.23,329,328
469.23,311,311
469.23,329,329
469.23,314,312
469.24,328,329
469.31,315,312
469.31,329,329
469.31,316,314
469.31,325,327
469.31,323,318
469.31,320,323
469.31,327,323
469.37,314,318
469.37,328,327
469.37,315,317
469.37,330,329
469.37,313,314
469.37,331,330
469.37,310,311
469.43,331,329
469.43,313,312
469.43,329,329
469.43,314,311
469.43,323,325
469.43,317,313
469.44,321,324
469.49,320,316
469.49,315,318
469.49,326,323
469.49,311,313
469.49,327,324
469.49,308,309
469.5,324,324
469.55,310,308
469.55,326,324
469.56,309,307
469.56,323,324
469.56,309,308
469.56,323,325
469.57,312,308
469.62,320,323
469.62,316,312
469.62,317,319
469.62,323,317
469.62,312,314
469.63,325,322
469.63,310,311
469.7,326,325
469.7,311,310
469.7,326,325
469.7,308,309
469.7,330,328
469.7,310,309
469.7,328,328
469.76,311,311
469.76,326,327
469.76,314,313
469.76,320,323
469.76,323,318
469.76,319,321
469.76,326,324
469.82,320,322
469.82,334,330
469.82,316,317
469.82,336,334
469.82,319,319
469.82,337,336
469.83,319,319
469.88,337,337
469.88,321,320
469.88,336,338
469.88,324,321
469.88,335,337
469.89,329,325
469.9,330,334
469.95,332,329
469.95,325,330
469.95,336,333
469.95,322,325
469.95,339,337
469.95,322,322
469.96,339,337
470.02,320,320
470.02,340,338
470.02,321,321
470.02,337,339
470.02,321,320
470.02,335,337
470.03,324,321
470.08,333,335
470.08,326,323
470.08,324,329
470.08,331,327
470.08,320,324
470.08,335,332
470.09,319,320
470.15,336,336
470.15,318,318
470.15,337,336
470.15,319,318
470.15,336,335
470.15,317,317
470.16,335,335
470.21,317,316
470.21,332,333
470.21,323,319
470.21,329,330
470.21,326,323
470.22,321,326
470.22,330,327
470.27,319,320
470.27,335,332
470.27,317,317
470.27,333,332
470.27,316,315
470.28,333,333
470.29,316,315
470.35,335,334
470.35,315,313
470.35,332,332
470.35,314,314
470.35,328,329
470.35,320,316
470.35,322,325
470.41,327,321
470.41,316,319
470.41,328,325
470.41,315,316
470.41,327,326
470.41,312,312
470.42,331,330
470.48,310,311
470.48,329,328
470.48,309,309
470.48,328,327
470.48,310,308
470.48,323,323
470.49,311,307
470.54,316,319
470.54,313,310
470.54,311,315
470.54,319,314
470.54,306,309
470.54,320,318
470.55,304,305
470.6,320,319
470.6,304,303
470.6,321,320
470.6,302,302
470.6,320,320
470.61,304,301
470.62,319,320
470.68,303,302
470.68,317,317
470.68,305,303
470.68,310,314
470.68,312,307
470.68,307,310
470.68,314,311
470.74,304,305
470.74,316,314
470.74,303,304
470.74,319,318
470.74,301,301
470.74,319,318
470.75,299,298
470.8,320,319
470.8,302,300
470.8,317,318
470.8,305,302
470.8,315,315
470.8,307,303
470.81,310,312
470.86,311,308
470.86,303,307
470.86,315,311
470.86,304,305
470.86,318,315
470.87,299,301
470.88,320,318
470.94,300,300
470.94,318,318
470.94,304,302
470.94,321,320
470.94,304,302
470.94,318,318
470.94,307,304
471.0,315,316
471.0,310,308
471.01,309,312
471.01,316,313
471.01,307,309
471.01,319,317
471.01,306,308
471.07,322,321
471.07,306,305
471.07,321,322
471.07,304,304
471.07,323,322
471.07,305,305
471.08,322,323
471.13,307,304
471.13,319,321
471.13,312,308
471.13,316,319
471.13,315,312
471.13,310,314
471.14,322,318
471.19,308,310
471.19,324,323
471.19,308,309
471.19,326,324
471.19,307,307
471.2,324,324
471.21,306,307
471.27,327,326
471.27,308,307
471.27,327,327
471.27,315,311
471.27,323,325
471.27,316,313
471.27,320,322
471.33,321,318
471.33,311,317
471.33,325,322
471.33,310,312
471.33,325,324
471.33,309,309
471.34,326,326
471.39,308,309
471.39,324,326
471.39,308,309
471.39,326,326
471.39,311,309
471.39,326,326
471.4,315,312
471.46,320,322
471.46,317,315
471.46,317,321
471.46,322,319
471.46,312,315
471.46,326,322
471.47,312,313
471.52,330,327
471.52,310,310
471.52,329,328
471.52,312,311
471.52,331,330
471.53,312,310
471.53,328,328
471.6,312,311
471.6,323,325
471.6,317,314
471.6,321,324
471.6,323,319
471.6,315,319
471.6,327,322
471.61,313,315
471.62,327,325
471.63,313,312
471.69,329,328
471.69,310,311
471.69,328,328
471.69,310,310
471.69,327,328
471.69,309,308
471.69,327,328
471.75,313,310
471.75,322,324
471.75,316,314
471.75,319,321
471.75,323,318
471.75,315,317
471.76,325,322
471.81,312,314
471.81,330,326
471.81,312,312
471.81,329,329
471.81,312,312
471.82,329,330
471.82,315,313
471.88,333,334
471.88,321,318
471.88,331,332
471.88,321,320
471.88,331,333
471.88,327,325
471.89,325,329
471.95,332,329
471.95,323,325
471.95,339,334
471.95,323,323
471.95,338,336
471.95,320,321
471.96,339,338
472.02,320,321
472.02,340,339
472.02,323,321
472.02,338,338
472.02,323,321
472.02,332,335
472.02,324,322
472.08,328,333
472.08,332,327
472.08,325,327
472.08,334,332
472.08,321,325
472.08,338,334
472.09,323,322
472.14,339,337
472.14,320,321
472.14,339,337
472.14,320,319
472.14,336,336
472.14,318,318
472.15,333,335
472.2,323,320
472.2,332,334
472.2,326,321
472.2,326,329
472.2,331,325
472.21,321,323
472.22,333,330
472.28,319,320
472.28,334,332
472.28,317,318
472.28,337,335
472.28,316,317
472.28,337,335
472.28,315,314
472.34,333,334
472.34,317,316
472.34,332,333
472.34,322,318
472.34,325,330
472.34,324,321
472.35,323,326
472.41,333,328
472.41,318,321
472.41,334,331
472.41,316,317
472.41,334,333
472.41,315,315
472.41,331,331
472.47,312,313
472.47,333,331
472.47,315,312
472.47,327,330
472.47,315,313
472.47,329,329
472.48,319,316
472.53,320,325
472.53,325,320
472.53,316,319
472.53,329,324
472.53,313,315
472.54,328,326
472.55,312,313
472.61,328,326
472.61,308,309
472.61,330,328
472.61,312,310
472.61,328,328
472.61,312,311
472.61,326,328
472.67,315,311
472.67,322,324
472.67,320,315
472.67,319,322
472.67,325,321
472.67,313,317
472.68,330,324
472.74,312,314
472.74,329,326
472.74,311,310
472.74,328,327
472.74,311,310
472.74,327,328
472.74,309,308
472.8,326,327
472.8,311,310
472.8,324,326
472.8,315,312
472.8,323,324
472.8,320,316
472.81,319,320
472.86,326,321
472.86,314,316
472.86,329,327
472.86,313,313
472.86,329,328
472.87,312,313
472.87,329,330
472.92,309,311
472.92,332,330
472.92,312,312
472.92,329,330
472.92,316,313
472.93,326,330
472.94,321,317
473.0,322,327
473.0,322,319
473.0,318,323
473.0,329,326
473.0,317,319
473.0,330,329
473.0,315,314
473.06,332,333
473.06,313,314
473.06,334,332
473.06,315,314
473.06,335,334
473.06,317,316
473.07,334,333
473.12,318,317
473.12,325,329
473.12,323,319
473.12,321,325
473.12,327,323
473.13,318,320
473.14,329,327
473.19,317,317
473.19,334,330
473.19,316,315
473.19,332,332
473.19,314,314
473.19,333,332
473.2,314,313
473.26,333,332
473.26,316,315
473.26,328,329
473.26,318,316
473.26,325,326
473.26,323,319
473.27,318,324
473.33,327,324
473.33,317,319
473.33,330,328
473.33,314,315
473.33,330,329
473.33,310,312
473.33,331,330
473.39,310,312
473.39,329,329
473.39,312,310
473.39,326,328
473.39,313,311
473.39,323,325
473.4,314,312
473.45,319,320
473.45,321,315
473.45,313,316
473.45,324,320
473.45,309,312
473.45,324,324
473.46,309,309
473.51,324,324
473.51,305,307
473.51,324,324
473.51,305,306
473.51,323,323
473.52,305,304
473.53,322,321
473.59,308,306
473.59,316,319
473.59,313,308
473.59,312,316
473.59,319,315
473.59,310,313
473.59,323,320
473.65,309,309
473.65,322,322
473.65,306,308
473.65,327,324
473.65,307,307
473.65,325,325
473.66,306,307
473.72,324,326
473.72,312,309
473.72,322,324
473.72,315,312
473.72,321,322
473.72,319,315
473.73,315,319
473.78,326,321
473.78,314,317
473.78,328,327
473.78,315,315
473.78,331,330
473.78,314,316
473.79,334,333
473.86,317,316
473.86,335,333
473.86,317,317
473.86,336,335
473.86,320,319
473.86,331,334
473.86,323,321
473.92,326,330
473.92,330,326
473.92,322,326
473.92,332,329
473.92,319,322
473.92,335,333
473.92,316,318
473.98,337,335
473.98,318,318
473.98,336,336
473.98,320,319
473.98,339,339
473.98,322,321
473.99,335,337
474.04,327,323
474.04,332,336
474.04,331,326
474.04,328,331
474.04,334,330
474.04,324,326
474.05,338,334
474.1,321,322
474.1,337,337
474.1,321,321
474.1,339,337
474.1,322,320
474.11,340,339
474.12,322,320
474.18,338,338
474.18,323,321
474.18,336,336
474.18,324,321
474.18,331,332
474.18,328,326
474.18,325,328
474.24,333,329
474.24,322,323
474.24,335,331
474.24,319,319
474.24,334,333
474.24,316,317
474.25,337,335
474.31,318,316
474.31,336,334
474.31,317,315
474.31,332,334
474.31,319,317
474.31,330,332
474.32,322,319
474.37,324,328
474.37,325,322
474.37,321,323
474.37,331,328
474.37,319,320
474.37,333,333
474.38,317,317
474.43,333,332
474.43,314,316
474.43,333,332
474.43,315,314
474.43,331,331
474.44,315,314
474.45,327,330
474.51,313,312
474.51,323,326
474.51,320,316
474.51,317,321
474.51,324,320
474.51,315,315
474.51,326,324
474.57,311,312
474.57,326,326
474.57,308,309
474.57,326,325
474.57,307,308
474.57,326,326
474.58,308,308
474.63,325,326
474.63,308,308
474.63,324,326
474.63,313,310
474.63,318,321
474.63,318,313
474.64,311,315
474.7,318,315
474.7,307,308
474.7,319,315
474.7,303,304
474.7,321,319
474.7,302,302
474.71,319,319
474.76,300,301
474.76,321,319
474.76,302,301
474.76,317,318
474.76,303,302
474.77,315,317
474.77,310,305
474.84,309,312
474.84,313,307
474.84,305,309
474.84,317,312
474.84,305,305
474.84,319,317
474.84,302,302
474.9,321,319
474.9,303,302
474.9,320,320
474.9,300,301
474.9,321,320
474.9,302,301
474.9,316,317
474.96,308,304
474.96,315,318
474.96,312,307
474.96,308,312
474.96,315,310
474.96,304,308
474.97,316,314
475.03,304,304
475.03,320,320
475.03,301,303
475.03,323,320
475.03,301,300
475.03,313,313
475.04,296,294
475.09,312,312
475.09,295,293
475.09,309,308
475.09,298,295
475.09,303,305
475.09,303,299
475.1,299,302
475.17,307,303
475.17,297,300
475.17,309,308
475.17,296,296
475.17,314,313
475.17,297,297
475.17,317,315
475.23,299,298
475.23,317,317
475.23,302,301
475.23,319,318
475.23,305,302
475.23,316,319
475.23,309,306
475.29,312,316
475.29,315,310
475.29,308,311
475.29,320,317
475.29,307,308
475.29,324,321
475.3,307,308
475.35,324,323
475.35,309,308
475.35,324,326
475.35,309,308
475.35,329,328
475.36,311,310
475.36,327,327
475.42,315,312
475.42,325,326
475.42,319,316
475.42,318,321
475.42,324,319
475.42,315,317
475.43,324,322
475.49,312,314
475.49,327,326
475.49,314,312
475.49,331,328
475.49,312,311
475.49,331,332
475.49,312,313
475.56,334,333
475.56,318,314
475.56,331,331
475.56,322,319
475.56,329,330
475.56,326,322
475.56,323,327
475.62,331,328
475.62,322,323
475.62,333,332
475.62,320,320
475.62,334,334
475.62,319,318
475.63,338,335
475.68,317,316
475.68,335,336
475.68,317,316
475.68,335,336
475.68,321,318
475.68,331,333
475.69,325,321
475.74,328,331
475.74,330,326
475.74,321,326
475.74,335,332
475.74,322,324
475.75,336,335
475.76,321,321
475.81,338,335
475.81,319,318
475.81,337,337
475.81,319,318
475.81,336,336
475.81,319,317
475.82,337,337
475.88,322,320
475.88,330,333
475.88,328,323
475.88,327,330
475.88,331,328
475.88,321,326
475.89,337,334
475.95,320,321
475.95,337,334
475.95,318,319
475.95,338,337
475.95,318,318
475.95,337,335
475.95,318,318
476.01,335,335
476.01,321,319
476.01,335,335
476.01,324,320
476.01,331,332
476.01,327,324
476.02,325,329
476.07,334,329
476.07,320,323
476.07,338,335
476.07,320,321
476.07,335,334
476.08,318,318
476.08,336,336
476.15,319,317
476.15,336,335
476.15,314,316
476.15,334,335
476.15,320,318
476.15,332,333
476.15,322,319
476.21,325,328
476.21,326,322
476.21,320,324
476.21,332,328
476.21,318,319
476.21,332,331
476.22,316,317
476.27,334,333
476.27,315,314
476.27,333,334
476.27,317,316
476.27,332,333
476.27,314,313
476.28,330,332
476.33,319,315
476.33,326,328
476.33,320,317
476.34,322,324
476.34,325,320
476.34,315,318
476.35,328,325
476.4,312,313
476.4,330,328
476.4,315,313
476.4,331,329
476.4,313,311
476.4,331,330
476.41,313,312
476.47,327,329
476.47,313,310
476.47,326,328
476.48,316,314
476.48,323,326
476.48,323,318
476.48,318,322
476.54,328,324
476.54,317,317
476.54,329,326
476.54,313,314
476.54,331,330
476.54,312,313
476.54,332,331
476.6,312,311
476.6,329,329
476.6,313,311
476.6,328,328
476.6,313,311
476.6,325,326
476.61,317,314
476.66,319,322
476.66,320,316
476.66,314,317
476.66,322,319
476.66,310,312
476.67,325,324
476.67,310,310
476.74,327,326
476.74,308,309
476.74,327,327
476.74,308,309
476.74,326,327
476.74,310,308
476.74,326,327
476.8,313,309
476.8,321,323
476.8,316,313
476.8,316,319
476.8,321,317
476.8,311,315
476.81,324,321
476.86,308,310
476.86,324,323
476.86,308,307
476.86,325,323
476.86,305,305
476.86,323,324
476.87,307,305
476.93,325,324
476.93,307,305
476.93,320,321
476.93,310,307
476.93,314,317
476.93,314,309
476.94,309,312
476.99,317,314
476.99,305,307
476.99,320,318
476.99,303,305
476.99,322,319
476.99,301,302
477.0,318,318
477.05,301,301
477.05,319,319
477.05,303,300
477.05,317,319
477.05,303,300
477.06,315,316
477.07,309,304
477.13,310,314
477.13,313,309
477.13,306,310
477.13,319,314
477.13,305,306
477.13,324,320
477.13,305,305
477.19,323,322
477.19,307,306
477.19,324,324
477.19,307,306
477.19,326,326
477.19,310,308
477.2,324,325
477.26,313,308
477.26,320,322
477.26,314,311
477.26,315,319
477.26,321,315
477.26,311,315
477.26,326,322
477.32,311,312
477.32,327,324
477.32,311,311
477.32,328,327
477.32,312,311
477.32,330,329
477.33,310,310
477.38,326,328
477.38,313,311
477.38,327,328
477.38,316,314
477.38,323,326
477.39,322,318
477.4,319,323
477.45,329,324
477.45,317,320
477.45,331,328
477.45,317,316
477.45,334,332
477.45,315,315
477.46,334,332
477.52,317,314
477.52,332,332
477.52,313,313
477.52,329,330
477.52,316,313
477.52,327,328
477.53,318,316
477.59,321,325
477.59,324,321
477.59,322,324
477.59,329,326
477.59,316,319
477.59,333,331
477.59,315,315
477.65,332,331
477.65,315,314
477.65,333,332
477.65,315,314
477.65,332,332
477.65,314,314
477.66,331,332
477.71,319,316
477.71,328,330
477.71,321,318
477.71,321,325
477.71,327,323
477.71,317,320
477.72,327,325
477.79,315,317
477.79,331,329
477.79,316,315
477.79,333,331
477.79,316,315
477.79,335,333
477.79,314,314
477.85,333,333
477.85,318,316
477.85,330,333
477.85,321,318
477.85,328,331
477.85,325,322
477.85,323,326
477.91,331,327
477.91,322,322
477.91,335,333
477.91,319,319
477.91,338,335
477.91,319,319
477.92,338,337
477.97,318,319
477.97,336,335
477.97,319,318
477.97,335,336
477.97,321,318
477.98,330,332
477.98,322,319
478.04,327,329
478.04,328,323
478.04,320,325
478.04,334,328
478.04,320,322
478.04,334,332
478.05,318,320
478.1,337,334
478.1,317,318
478.1,335,334
478.1,316,316
478.1,336,335
478.11,318,316
478.12,332,333
478.18,320,318
478.18,329,331
478.18,322,320
478.18,323,327
478.18,328,324
478.18,321,324
478.18,335,330
478.24,320,320
478.24,334,334
478.24,317,318
478.24,337,335
478.24,321,320
478.24,337,336
478.25,319,319
478.3,338,336
478.3,322,318
478.3,335,335
478.3,322,320
478.3,329,332
478.3,327,323
478.31,323,326
478.36,331,327
478.36,318,322
478.36,333,331
478.36,320,319
478.36,334,333
478.37,318,317
478.38,336,334
478.44,315,315
478.44,334,334
478.44,314,314
478.44,333,333
478.44,317,315
478.44,330,332
478.44,323,320
478.5,324,328
478.5,324,321
478.5,318,322
478.5,331,327
478.5,317,319
478.5,333,330
478.51,316,316
478.57,332,331
478.57,314,314
478.57,332,332
478.57,313,313
478.57,332,332
478.57,315,314
478.57,329,330
478.63,317,313
478.63,325,328
478.63,318,315
478.63,321,324
478.63,324,320
478.63,318,320
478.64,331,327
478.69,314,316
478.69,331,328
478.69,314,315
478.69,332,330
478.69,316,314
478.7,334,332
478.71,314,314
478.77,334,333
478.77,317,314
478.77,328,331
478.77,320,317
478.77,325,326
478.77,324,320
478.77,321,324
478.83,331,326
478.83,318,320
478.83,332,329
478.83,317,318
478.83,334,333
478.83,316,316
478.84,335,334
478.89,316,317
478.89,336,335
478.89,315,316
478.89,335,336
478.89,320,318
478.89,330,332
478.9,323,320
478.95,328,330
478.95,327,324
478.95,323,325
478.95,333,329
478.95,320,322
478.96,334,333
478.97,319,320
479.03,335,334
479.03,320,318
479.03,335,335
479.03,317,316
479.03,335,335
479.03,319,318
479.03,333,334
479.1,322,318
479.1,330,332
479.1,325,321
479.1,326,328
479.1,329,325
479.1,322,324
479.1,332,331
479.11,317,319
479.12,334,332
479.13,319,318
479.19,335,333
479.19,316,316
479.19,335,335
479.19,316,314
479.19,335,335
479.19,319,317
479.19,334,334
479.25,322,318
479.25,328,330
479.25,324,321
479.25,324,326
479.25,330,325
479.25,318,321
479.26,332,330
479.32,317,317
479.32,334,332
479.32,315,316
479.32,333,331
479.32,314,314
479.32,331,330
479.32,312,313
479.38,329,331
479.38,315,313
479.38,327,327
479.38,319,314
479.38,323,325
479.38,324,320
479.39,317,321
479.44,325,323
479.44,312,315
479.44,325,325
479.44,310,312
479.44,328,328
479.45,311,310
479.46,328,328
479.52,311,310
479.52,329,329
479.52,311,308
479.52,327,327
479.52,314,310
479.52,322,325
479.52,314,311
479.58,317,319
479.58,321,315
479.58,312,315
479.58,324,322
479.58,313,313
479.58,328,324
479.59,310,309
479.64,327,326
479.64,312,311
479.64,328,327
479.64,310,309
479.64,330,329
479.64,311,309
479.65,326,328
479.71,315,312
479.71,323,324
479.71,318,315
479.71,318,321
479.71,325,320
479.71,313,315
479.72,329,325
479.78,314,313
479.78,329,327
479.78,313,312
479.78,331,330
479.78,313,311
479.78,330,330
479.78,314,312
479.85,328,330
479.85,317,314
479.85,327,330
479.85,318,316
479.85,322,325
479.85,322,318
479.85,317,321
479.91,327,322
479.91,311,315
479.91,327,327
479.91,310,313
479.91,330,330
479.91,313,313
479.91,333,331
479.97,312,313
479.97,330,330
479.97,314,311
479.97,328,329
479.97,314,312
479.97,325,327
479.98,319,315
480.03,321,324
480.03,323,320
480.03,316,319
480.03,327,324
480.03,314,315
480.04,330,328
480.05,312,312
480.1,329,330
480.1,316,314
480.1,332,330
480.1,313,312
480.1,330,330
480.1,313,312
480.11,327,329
480.17,319,315
480.17,326,328
480.17,320,317
480.17,321,325
480.17,328,324
480.17,317,321
480.18,330,328
480.23,316,317
480.23,334,332
480.23,316,317
480.23,335,335
480.23,317,317
480.23,336,334
480.24,317,316
480.3,333,333
480.3,317,317
480.3,329,331
480.3,321,319
480.3,328,330
480.3,327,322
480.31,323,324
480.36,331,327
480.36,317,319
480.36,331,330
480.36,316,317
480.36,335,332
480.36,314,315
480.37,335,333
480.44,314,314
480.44,336,334
480.44,316,314
480.44,329,331
480.44,317,315
480.44,327,329
480.44,319,316
480.5,323,326
480.5,323,320
480.5,316,320
480.5,328,325
480.5,313,315
480.5,329,328
480.5,314,315
480.56,330,331
480.56,315,313
480.56,332,332
480.56,314,314
480.56,332,332
480.56,317,315
480.57,328,329
480.63,316,315
480.63,325,328
480.63,324,318
480.63,321,324
480.63,329,324
480.63,316,320
480.63,331,327
480.69,316,316
480.69,330,329
480.69,314,314
480.69,332,330
480.69,312,313
480.69,333,332
480.7,315,313
480.75,331,331
480.75,316,314
480.75,328,332
480.75,321,319
480.75,326,328
480.76,325,321
480.77,318,323
480.83,329,326
480.83,316,318
480.83,331,328
480.83,315,316
480.83,330,330
480.83,315,315
480.83,333,332
480.89,315,314
480.89,333,333
480.89,314,313
480.89,331,332
480.89,317,314
480.89,327,329
480.9,320,317
480.96,322,325
480.96,326,321
480.96,319,322
480.96,331,326
480.96,317,317
480.96,330,329
480.96,314,315
481.02,332,331
481.02,315,315
481.02,332,334
481.02,314,315
481.02,335,334
481.02,317,315
481.03,331,332
481.08,321,317
481.08,328,330
481.08,323,319
481.08,321,325
481.08,328,324
481.09,320,322
481.09,333,329
481.14,318,317
481.14,333,331
481.14,317,316
481.14,335,333
481.14,315,316
481.15,335,334
481.16,315,316
481.22,334,334
481.22,318,316
481.22,331,332
481.22,323,319
481.22,326,327
481.22,325,321
481.22,321,324
481.28,328,325
481.28,318,319
481.28,333,330
481.28,313,314
481.28,332,332
481.28,314,315
481.29,332,332
481.35,312,313
481.35,331,332
481.35,316,313
481.35,330,330
481.35,318,315
481.35,328,329
481.36,321,317
481.41,323,326
481.41,327,321
481.41,319,322
481.41,329,327
481.41,317,317
481.41,330,329
481.42,314,315
481.47,332,331
481.47,312,313
481.47,332,332
481.47,313,312
481.47,330,332
481.48,317,314
481.49,332,332
481.55,319,316
481.55,328,329
481.55,321,318
481.55,319,323
481.55,326,323
481.55,315,318
481.55,328,326
481.61,315,316
481.61,331,329
481.61,313,313
481.61,331,331
481.61,312,312
481.61,330,330
481.62,313,312
481.67,329,329
481.67,314,313
481.67,327,327
481.67,317,315
481.67,322,327
481.68,324,320
481.68,319,323
481.74,328,325
481.74,317,318
481.74,331,328
481.74,314,314
481.74,330,330
481.74,313,314
481.75,331,330
481.81,313,312
481.81,331,331
481.81,314,312
481.81,330,330
481.81,316,313
481.81,326,327
481.81,318,316
481.88,320,324
481.88,322,318
481.88,317,320
481.88,329,325
481.88,316,317
481.88,330,327
481.88,315,315
481.94,329,329
481.94,310,311
481.94,330,330
481.94,313,313
481.94,331,331
481.94,314,313
481.95,327,330
482.0,316,315
482.0,325,328
482.0,323,318
482.0,318,324
482.0,325,322
482.0,318,319
482.01,328,327
482.07,314,316
482.07,331,329
482.07,314,315
482.07,332,332
482.07,316,315
482.07,333,333
482.08,316,314
482.13,333,333
482.13,318,315
482.13,327,331
482.13,319,316
482.13,325,328
482.13,323,320
482.14,320,323
482.2,328,324
482.2,317,318
482.2,330,327
482.2,314,315
482.2,331,329
482.2,311,312
482.21,329,328
482.27,309,309
482.27,329,328
482.27,312,310
482.27,325,326
482.27,314,310
482.27,324,326
482.27,316,314
482.33,320,322
482.33,321,316
482.33,314,317
482.33,326,323
482.33,312,313
482.33,325,324
482.34,310,312
482.39,330,328
482.39,311,311
482.39,328,328
482.39,310,310
482.39,328,328
482.4,311,310
482.4,326,326
482.45,314,311
482.45,321,324
482.45,318,314
482.45,317,321
482.45,323,319
482.46,314,316
482.47,328,324
482.53,312,312
482.53,327,325
482.53,309,310
482.53,326,326
482.53,309,309
482.53,326,326
482.54,306,306
482.6,327,326
482.6,309,307
482.6,323,324
482.6,312,310
482.6,320,322
482.6,319,314
482.6,316,318
482.66,322,320
482.66,312,314
482.66,324,322
482.66,310,311
482.66,324,324
482.66,307,306
482.67,326,325
482.72,306,306
482.72,324,323
482.72,304,305
482.72,322,323
482.72,309,306
482.72,321,323
482.73,311,310
482.78,318,320
482.78,317,312
482.78,312,316
482.78,322,319
482.78,309,312
482.79,324,322
482.8,308,309
482.86,328,326
482.86,308,306
482.86,325,324
482.86,307,308
482.86,327,326
482.86,309,308
482.86,325,325
482.92,311,309
482.92,318,322
482.92,315,312
482.92,318,320
482.92,322,317
482.92,315,317
482.93,328,324
482.98,310,312
482.98,328,326
482.98,310,311
482.98,327,326
482.98,308,308
482.99,327,328
482.99,312,310
483.05,329,328
483.05,312,310
483.05,326,326
483.05,317,313
483.05,323,325
483.05,320,317
483.06,319,322
483.12,326,323
483.12,314,317
483.12,329,326
483.12,312,313
483.12,331,330
483.12,315,315
483.13,332,333
483.19,314,314
483.19,333,332
483.19,316,316
483.19,334,333
483.19,319,318
483.19,331,333
483.19,325,322
483.25,326,329
483.25,328,324
483.25,321,325
483.25,332,329
483.25,319,322
483.25,337,334
483.26,317,318
483.31,337,334
483.31,317,317
483.31,336,335
483.31,319,317
483.31,337,336
483.31,320,317
483.32,334,334
483.37,322,319
483.37,331,333
483.37,325,322
483.37,325,329
483.37,331,327
483.38,323,325
483.39,335,331
483.45,319,320
483.45,335,334
483.45,318,317
483.45,337,334
483.45,318,318
483.45,337,335
483.45,318,317
483.51,333,334
483.51,319,317
483.51,330,333
483.51,320,318
483.51,326,330
483.51,324,320
483.52,323,325
483.58,329,326
483.58,322,323
483.58,335,332
483.58,317,319
483.58,336,335
483.58,318,318
483.58,336,334
483.64,317,316
483.64,335,334
483.64,316,314
483.64,332,333
483.64,317,316
483.64,330,331
483.65,322,318
483.7,325,327
483.7,326,321
483.7,318,322
483.7,330,327
483.7,317,318
483.71,331,330
483.71,315,315
483.78,335,333
483.78,317,315
483.78,332,332
483.78,314,314
483.78,333,333
483.78,315,314
483.78,334,333
483.84,318,316
483.84,326,329
483.84,323,318
483.84,322,326
483.84,327,324
483.84,319,322
483.85,330,327
483.91,317,319
483.91,334,333
483.91,318,318
483.91,336,334
483.91,319,318
483.91,337,336
483.91,318,318
483.97,334,335
483.97,319,316
483.97,334,334
483.97,320,318
483.97,329,331
483.97,325,320
483.98,321,325
484.03,329,326
484.03,319,322
484.03,330,329
484.03,316,317
484.03,335,332
484.03,316,316
484.04,336,334
484.11,317,316
484.11,335,336
484.11,318,317
484.11,336,335
484.11,321,319
484.11,334,335
484.11,323,321
484.17,327,331
484.17,328,325
484.17,323,327
484.17,333,329
484.17,320,323
484.17,339,335
484.17,321,322
484.23,337,335
484.23,319,320
484.23,338,337
484.23,319,318
484.23,336,336
484.23,320,318
484.24,335,335
484.29,320,318
484.29,329,333
484.29,324,320
484.29,326,328
484.29,331,325
484.3,322,324
484.3,333,329
484.36,318,320
484.36,336,333
484.36,318,317
484.36,333,332
484.36,314,315
484.36,331,331
484.37,314,314
484.43,331,332
484.43,314,313
484.43,330,330
484.43,317,314
484.43,326,327
484.43,320,317
484.44,320,322
484.5,324,321
484.5,315,317
484.5,329,325
484.5,312,314
484.5,328,328
484.5,312,313
484.5,331,329
484.56,310,311
484.56,329,330
484.56,314,312
484.56,329,330
484.56,312,311
484.56,326,327
484.57,315,312
484.62,323,325
484.62,322,317
484.62,315,319
484.62,326,322
484.62,314,315
484.62,330,326
484.63,313,313
484.68,328,328
484.68,311,310
484.68,327,328
484.68,311,310
484.68,327,328
484.69,311,310
484.7,327,328
484.76,312,311
484.76,323,326
484.76,317,314
484.76,318,323
484.76,324,319
484.76,316,319
484.76,328,324
484.82,315,315
484.82,330,329
484.82,312,313
484.82,331,329
484.82,312,313
484.82,333,332
484.83,315,313
484.88,331,331
484.88,315,312
484.88,330,329
484.88,316,314
484.88,326,327
484.89,323,318
484.89,321,324
484.95,325,321
484.95,315,319
484.95,331,327
484.95,314,315
484.95,332,331
484.95,314,315
484.96,331,330
485.01,314,314
485.01,332,332
485.01,317,315
485.01,332,332
485.01,316,314
485.02,328,329
485.03,318,316
485.09,324,326
485.09,323,318
485.09,321,322
485.09,327,323
485.09,313,317
485.09,328,326
485.09,312,313
485.15,331,329
485.15,311,310
485.15,329,328
485.15,309,308
485.15,329,327
485.15,309,308
485.16,324,326
485.21,312,309
485.21,320,323
485.21,313,311
485.21,318,320
485.21,319,314
485.21,311,316
485.22,323,320
485.28,309,311
485.28,324,323
485.28,306,308
485.28,324,324
485.28,305,306
485.28,324,324
485.29,308,308
485.34,327,326
485.34,309,307
485.34,323,324
485.34,311,309
485.34,320,322
485.35,316,312
485.35,316,320
485.42,322,318
485.42,313,314
485.42,326,323
485.42,312,311
485.42,328,325
485.42,310,312
485.42,331,328
485.48,309,309
485.48,330,329
485.48,312,310
485.48,328,329
485.48,313,311
485.48,327,327
485.48,316,314
485.54,323,325
485.54,322,317
485.54,316,320
485.54,325,320
485.54,313,315
485.54,329,326
485.55,311,311
485.6,329,328
485.6,311,312
485.6,329,327
485.6,312,311
485.6,330,329
485.61,311,311
485.62,330,329
485.67,314,313
485.67,325,327
485.67,320,317
485.67,322,325
485.67,325,320
485.67,319,322
485.68,330,325
485.75,314,317
485.75,331,328
485.75,317,316
485.75,333,332
485.75,313,315
485.75,333,332
485.75,314,314
485.81,333,333
485.81,317,316
485.81,334,334
485.81,318,317
485.81,328,331
485.81,325,321
485.81,324,328
485.87,328,324
485.87,318,322
485.87,333,329
485.87,316,318
485.87,336,333
485.87,316,316
485.88,334,333
485.93,316,317
485.93,336,336
485.93,317,317
485.93,334,335
485.93,320,317
485.93,333,335
485.94,322,319
485.99,330,332
485.99,329,323
485.99,324,328
485.99,335,330
485.99,322,324
486.0,336,333
486.01,320,321
486.07,334,335
486.07,318,319
486.07,337,335
486.07,317,317
486.07,336,334
486.07,317,316
486.07,335,334
486.13,319,318
486.13,329,330
486.13,321,318
486.13,323,327
486.13,324,321
486.13,316,321
486.14,330,325
486.19,315,316
486.19,330,329
486.19,315,314
486.19,331,329
486.19,312,313
486.2,331,330
486.21,312,312
486.26,330,330
486.26,315,312
486.26,328,330
486.26,318,314
486.26,324,326
486.26,320,316
486.27,321,322
486.33,324,319
486.33,315,317
486.33,326,323
486.33,311,312
486.33,326,326
486.33,310,312
486.34,329,327
486.4,311,310
486.4,327,328
486.4,311,309
486.4,327,327
486.4,311,309
486.4,323,325
486.4,313,311
486.46,320,323
486.46,316,313
486.46,314,318
486.46,325,320
486.46,312,314
486.46,325,323
486.47,312,312
486.52,327,325
486.52,310,310
486.52,328,326
486.52,308,307
486.52,325,327
486.52,309,307
486.53,324,325
486.59,312,309
486.59,324,325
486.59,316,311
486.59,318,320
486.59,321,316
486.59,314,317
486.6,322,319
486.66,311,312
486.66,325,323
486.66,310,309
486.66,324,324
486.66,307,306
486.66,326,325
486.67,306,307
486.68,326,326
486.68,309,308
486.69,326,326
486.74,313,309
486.74,321,323
486.74,315,312
486.74,316,320
486.74,321,316
486.75,313,315
486.76,324,322
486.82,311,311
486.82,324,325
486.82,308,309
486.82,327,325
486.82,309,309
486.82,329,328
486.82,310,310
486.88,327,326
486.88,311,309
486.88,325,327
486.88,313,311
486.88,321,324
486.88,319,313
486.89,316,319
486.95,325,320
486.95,313,316
486.95,327,324
486.95,313,313
486.95,328,327
486.95,311,311
486.95,329,328
487.01,311,310
487.01,328,328
487.01,311,310
487.01,329,329
487.01,313,311
487.01,325,327
487.02,316,314
487.07,321,323
487.07,320,317
487.07,316,319
487.07,324,321
487.07,312,314
487.08,326,325
487.09,312,310
487.15,328,328
487.15,313,313
487.15,330,329
487.15,313,311
487.15,330,329
487.15,315,312
487.15,330,331
487.21,317,314
487.21,326,328
487.21,320,318
487.22,320,324
487.22,325,321
487.22,319,320
487.22,329,327
487.28,316,317
487.28,334,332
487.28,317,315
487.28,334,333
487.28,317,316
487.28,333,332
487.28,315,314
487.34,334,332
487.34,313,314
487.34,330,331
487.34,319,317
487.34,326,328
487.34,320,317
487.35,322,324
487.4,328,324
487.4,315,318
487.4,330,328
487.4,315,315
487.4,331,330
487.41,314,313
487.41,332,330
487.46,312,312
487.46,334,331
487.46,315,313
487.46,333,332
487.46,318,316
487.47,331,332
487.48,320,317
487.54,323,326
487.54,324,320
487.54,318,323
487.54,328,325
487.54,314,319
487.54,328,327
487.54,316,316
487.61,331,329
487.61,315,315
487.61,333,332
487.61,314,314
487.61,334,334
487.61,317,315
487.61,330,331
487.67,316,314
487.67,326,329
487.67,320,318
487.67,323,324
487.67,327,321
487.67,315,319
487.68,328,323
487.73,314,315
487.73,330,329
487.73,314,314
487.73,329,329
487.73,311,311
487.73,329,329
487.74,311,310
487.79,329,330
487.79,313,312
487.79,326,328
487.79,316,313
487.79,325,326
487.8,320,318
487.81,321,324
487.87,328,324
487.87,318,320
487.87,331,328
487.87,316,317
487.87,333,331
487.87,316,316
487.87,332,332
487.93,311,313
487.93,332,330
487.94,311,313
487.94,333,333
487.94,314,312
487.94,328,329
487.94,319,315
488.0,323,325
488.0,323,319
488.0,317,322
488.0,329,324
488.0,316,318
488.0,329,327
488.0,313,313
488.06,331,329
488.06,314,312
488.06,332,330
488.06,313,313
488.06,334,332
488.06,312,312
488.07,328,331
488.12,319,315
488.12,326,328
488.12,320,317
488.12,323,324
488.12,326,320
488.13,317,320
488.13,327,325
488.19,313,316
488.19,333,330
488.19,313,315
488.19,330,330
488.19,313,314
488.19,334,332
488.2,313,313
488.25,333,332
488.25,318,315
488.25,330,329
488.25,318,314
488.25,327,328
488.26,323,318
488.27,320,324
488.33,330,324
488.33,317,321
488.33,332,330
488.33,318,320
488.33,336,333
488.33,316,318
488.33,338,335
488.39,316,316
488.39,334,335
488.39,316,315
488.39,334,333
488.39,318,316
488.39,329,331
488.4,321,318
488.45,325,328
488.45,328,322
488.45,321,324
488.45,331,327
488.45,316,319
488.45,330,327
488.46,315,315
488.51,331,329
488.51,313,312
488.51,330,330
488.51,314,314
488.51,331,330
488.52,314,313
488.53,329,330
488.58,315,312
488.58,323,325
488.58,319,315
488.58,320,325
488.58,326,319
488.58,315,319
488.59,328,325
488.65,313,314
488.65,331,328
488.65,312,313
488.66,329,328
488.66,312,312
488.66,329,329
488.66,310,310
488.72,329,327
488.72,311,310
488.72,325,327
488.72,315,311
488.72,321,323
488.72,319,315
488.72,317,321
488.78,320,319
488.78,311,316
488.78,326,325
488.78,310,313
488.78,329,326
488.78,311,311
488.79,329,328
488.84,313,312
488.84,330,329
488.84,312,311
488.84,329,328
488.84,312,311
488.85,327,328
488.86,317,315
488.91,321,326
488.91,321,317
488.91,317,321
488.91,324,322
488.91,314,316
488.91,329,327
488.92,313,313
488.98,331,328
488.98,311,312
488.98,328,328
488.98,311,311
488.98,330,329
488.98,311,311
488.99,328,329
489.05,314,313
489.05,326,328
489.05,318,316
489.05,322,323
489.05,322,319
489.05,316,319
489.05,328,323
489.11,313,315
489.11,330,327
489.11,312,311
489.11,327,328
489.11,311,311
489.11,327,328
489.12,311,311
489.17,329,328
489.17,312,309
489.17,326,328
489.17,315,313
489.17,324,326
489.17,319,314
489.18,318,320
489.25,322,317
489.25,311,315
489.25,325,323
489.25,309,311
489.25,326,325
489.25,311,312
489.25,329,327
489.31,311,310
489.31,328,326
489.31,309,308
489.31,327,326
489.31,310,309
489.31,324,326
489.31,313,311
489.37,321,322
489.37,318,315
489.37,316,318
489.37,325,320
489.37,312,314
489.37,326,324
489.38,313,314
489.43,328,327
489.43,313,312
489.43,331,329
489.43,311,312
489.43,333,331
489.44,314,314
489.45,333,332
489.5,318,315
489.5,327,330
489.5,322,318
489.5,322,326
489.5,324,321
489.5,318,321
489.51,330,325
489.57,315,318
489.57,330,330
489.57,314,315
489.57,332,331
489.57,315,315
489.57,333,331
489.58,312,313
489.63,332,331
489.63,314,312
489.63,326,328
489.63,315,312
489.63,321,324
489.63,317,313
489.64,316,318
489.7,318,316
489.7,310,313
489.7,323,320
489.7,309,309
489.7,324,323
489.7,305,308
489.71,323,323
489.76,306,305
489.76,325,324
489.76,306,305
489.76,322,323
489.76,306,305
489.76,319,320
489.77,309,306
489.84,313,315
489.84,310,307
489.84,309,311
489.84,318,311
489.84,306,307
489.84,319,316
489.84,302,303
489.9,322,319
489.9,302,303
489.9,320,320
489.9,299,301
489.9,318,318
489.9,302,301
489.9,319,319
489.96,306,303
489.96,317,318
489.96,308,305
489.96,315,316
489.96,315,311
489.96,310,312
489.97,318,315
490.02,307,308
490.03,318,319
490.03,304,305
490.03,322,320
490.03,303,303
490.03,323,321
490.03,305,304
490.09,321,322
490.09,304,305
490.09,320,321
490.09,309,304
490.09,317,318
490.09,310,308
490.1,314,315
490.15,317,312
490.15,309,310
490.15,320,317
490.15,303,307
490.15,322,320
490.16,306,305
490.17,323,321
490.23,307,306
490.23,323,324
490.23,306,306
490.23,327,326
490.23,309,307
490.23,321,323
490.23,312,309
490.29,319,320
490.29,318,312
490.29,312,317
490.29,322,319
490.29,310,314
490.29,326,323
490.3,311,312
490.35,326,326
490.35,312,312
490.35,329,328
490.35,310,311
490.35,332,330
490.35,312,311
490.36,330,329
490.42,311,312
490.42,324,328
490.42,319,315
490.42,323,325
490.42,323,318
490.42,317,320
490.43,328,325
490.48,313,316
490.48,330,327
490.48,316,314
490.48,331,330
490.48,315,314
490.49,334,333
490.49,316,315
490.56,332,333
490.56,316,314
490.56,330,332
490.56,318,317
490.56,330,331
490.56,322,318
490.56,323,326
490.62,328,322
490.62,317,321
490.62,331,327
490.62,315,316
490.62,329,329
490.62,316,316
490.62,333,332
490.68,315,314
490.68,331,331
490.68,314,313
490.68,331,332
490.68,314,314
490.68,328,329
490.69,319,315
490.75,323,326
490.75,321,320
490.75,322,324
490.75,330,326
490.75,319,320
490.75,330,329
490.76,318,318
490.81,335,333
490.81,316,317
490.81,333,335
490.81,318,318
490.81,336,334
490.81,318,316
490.82,333,334
490.87,316,317
490.87,331,332
490.87,324,320
490.87,327,329
490.87,328,324
490.88,322,326
490.89,330,327
490.95,319,320
490.95,331,330
490.95,317,316
490.95,334,332
490.95,314,315
490.95,333,332
490.95,314,313
491.01,331,331
491.01,315,314
491.01,330,331
491.01,319,315
491.01,326,328
491.01,322,317
491.02,322,324
491.07,327,323
491.07,318,321
491.07,330,326
491.07,314,317
491.07,332,331
491.08,311,315
491.08,331,332
491.13,314,313
491.14,332,331
491.14,317,314
491.14,334,332
491.14,318,315
491.14,331,331
491.15,321,318
491.21,326,328
491.21,323,319
491.21,321,324
491.21,329,324
491.21,318,320
491.21,331,329
491.21,318,318
491.27,333,329
491.27,313,312
491.27,329,329
491.27,311,311
491.27,329,329
491.27,314,311
491.28,327,328
491.34,312,311
491.34,325,326
491.34,316,312
491.34,320,323
491.34,320,316
491.34,316,318
491.35,327,323
491.4,313,316
491.4,329,327
491.4,314,314
491.4,331,329
491.4,313,312
491.4,330,331
491.41,312,312
491.47,331,330
491.47,313,312
491.47,329,329
491.48,315,313
491.48,325,327
491.48,321,317
491.48,322,324
491.54,325,319
491.54,314,318
491.54,325,324
491.54,314,314
491.54,329,328
491.54,312,312
491.54,329,328
491.6,313,311
491.6,327,329
491.6,313,312
491.6,329,330
491.6,315,312
491.6,325,326
491.61,316,314
491.66,321,323
491.66,322,316
491.66,319,322
491.66,322,320
491.66,314,316
491.66,327,325
491.67,313,314
491.74,328,329
491.74,311,312
491.74,330,328
491.74,310,310
491.74,329,329
491.74,311,310
491.74,327,327
491.8,310,309
491.8,320,325
491.8,316,311
491.8,316,319
491.8,318,313
491.8,311,314
491.8,321,317
491.86,310,311
491.86,323,321
491.86,306,307
491.86,325,323
491.86,306,306
491.86,323,323
491.87,307,305
491.93,322,322
491.93,305,305
491.93,322,323
491.93,307,306
491.93,319,321
491.93,315,310
491.94,313,317
491.99,320,315
491.99,309,312
491.99,320,319
491.99,308,308
491.99,325,322
491.99,307,306
492.0,323,324
492.07,306,306
492.07,325,323
492.07,305,305
492.07,324,325
492.07,308,307
492.07,323,322
492.07,313,309
492.13,317,320
492.13,317,312
492.13,312,317
492.13,323,319
492.13,312,314
492.13,326,323
492.13,308,310
492.19,327,325
492.19,307,308
492.19,324,325
492.19,309,309
492.19,328,328
492.19,307,307
492.2,325,326
492.25,310,310
492.25,326,326
492.25,318,313
492.25,321,323
492.25,322,317
492.25,315,318
492.26,326,322
492.32,314,314
492.32,325,324
492.32,311,310
492.32,327,325
492.32,310,309
492.32,327,326
492.33,311,309
492.38,328,329
492.38,310,310
492.38,324,328
492.38,313,310
492.38,323,324
492.39,319,315
492.39,316,321
492.46,323,317
492.46,312,316
492.46,325,321
492.46,312,313
492.46,328,327
492.46,309,311
492.46,329,328
492.52,311,311
492.52,329,328
492.52,308,309
492.52,327,326
492.52,311,309
492.52,324,325
492.53,314,310
492.58,320,323
492.58,317,314
492.58,314,317
492.58,322,318
492.58,312,313
492.58,324,321
492.59,308,309
492.64,324,323
492.64,309,308
492.64,327,324
492.64,309,308
492.64,326,326
492.65,308,309
492.66,325,327
492.72,313,311
492.72,324,326
492.72,316,313
492.72,317,321
492.72,322,316
492.72,318,319
492.72,326,323
492.78,313,316
492.78,329,326
492.78,313,312
492.78,331,329
492.78,310,311
492.78,331,330
492.79,312,312
492.84,331,330
492.84,314,312
492.84,330,328
492.84,314,313
492.84,326,327
492.84,318,315
492.85,322,324
492.91,322,320
492.91,316,318
492.91,325,324
492.91,313,314
492.91,332,329
492.91,312,312
492.92,331,330
492.97,315,314
492.97,333,332
492.97,315,314
492.97,334,333
492.97,317,316
492.98,330,332
492.98,321,317
493.05,327,328
493.05,322,319
493.05,320,322
493.05,330,325
493.05,315,319
493.05,332,327
493.05,313,315
493.11,330,329
493.11,313,312
493.11,331,330
493.11,314,314
493.11,333,331
493.11,310,310
493.11,327,330
493.17,315,313
493.17,328,329
493.17,320,316
493.17,322,326
493.17,327,321
493.17,317,320
493.18,330,325
493.23,313,314
493.23,329,325
493.23,312,313
493.23,331,329
493.23,312,311
493.24,326,328
493.25,311,310
493.3,327,329
493.3,311,310
493.3,328,328
493.3,316,312
493.3,323,325
493.3,317,314
493.31,319,322
493.37,323,318
493.37,312,316
493.37,326,322
493.37,312,313
493.37,329,326
493.37,312,312
493.38,326,326
493.44,308,309
493.44,329,327
493.44,310,308
493.44,328,328
493.44,312,309
493.44,325,326
493.44,315,311
493.5,321,323
493.5,319,314
493.5,314,318
493.5,321,318
493.5,310,313
493.5,328,324
493.51,309,310
493.56,326,323
493.56,310,309
493.56,326,327
493.56,310,308
493.56,330,328
493.57,310,309
493.57,327,327
493.62,312,310
493.62,324,325
493.62,318,313
493.62,320,324
493.62,320,317
493.63,315,319
493.64,325,320
493.7,309,313
493.7,327,324
493.7,311,311
493.7,331,328
493.7,311,311
493.7,327,327
493.7,310,310
493.76,329,328
493.76,312,311
493.76,328,329
493.76,313,311
493.76,323,325
493.76,317,315
493.77,319,322
493.83,327,321
493.83,317,319
493.83,329,325
493.83,313,314
493.83,329,327
493.83,313,312
493.84,328,328
493.89,311,309
493.89,328,327
493.89,307,308
493.89,325,326
493.89,311,309
493.89,322,326
493.9,315,311
493.95,322,323
493.95,319,314
493.95,314,317
493.95,323,319
493.95,311,312
493.96,325,321
493.97,306,309
494.03,323,322
494.03,307,306
494.03,324,322
494.03,305,305
494.03,323,323
494.03,302,303
494.03,320,322
494.09,309,306
494.09,318,320
494.09,310,308
494.09,314,317
494.09,312,311
494.09,308,313
494.1,322,318
494.15,310,312
494.15,325,323
494.15,310,310
494.15,325,325
494.15,306,307
494.16,326,327
494.17,310,309
494.18,325,327
494.18,310,310
494.19,327,328
494.25,315,313
494.25,323,326
494.25,316,315
494.25,319,321
494.25,323,319
494.25,315,318
494.26,328,323
494.31,314,314
494.31,330,328
494.31,312,312
494.31,329,329
494.31,312,311
494.31,330,328
494.32,309,309
494.37,327,327
494.37,309,309
494.37,324,327
494.37,313,311
494.37,320,324
494.38,319,314
494.39,315,320
494.45,324,319
494.45,314,316
494.45,326,323
494.45,311,313
494.45,330,327
494.45,309,312
494.45,331,330
494.51,310,310
494.51,331,330
494.51,312,311
494.51,327,328
494.51,315,313
494.51,324,327
494.52,317,313
494.58,322,324
494.58,320,318
494.58,316,320
494.58,328,323
494.58,315,316
494.58,329,325
494.59,313,315
494.64,330,329
494.64,314,313
494.64,332,331
494.64,315,313
494.64,332,332
494.64,315,313
494.65,328,330
494.71,319,315
494.71,327,328
494.71,320,317
494.71,320,323
494.71,327,322
494.71,316,320
494.72,328,326
494.77,316,317
494.77,331,329
494.77,314,314
494.77,331,330
494.77,313,314
494.77,330,329
494.78,313,311
494.85,328,331
494.85,317,314
494.85,328,329
494.85,317,314
494.85,321,325
494.85,321,317
494.85,318,322
494.91,326,322
494.91,317,318
494.91,330,328
494.91,312,315
494.91,331,330
494.91,312,312
494.91,331,330
494.97,314,312
494.97,331,330
494.97,314,312
494.97,331,331
494.97,312,312
494.97,325,327
494.98,318,315
495.03,323,325
495.03,323,319
495.03,317,320
495.03,328,324
495.03,313,315
495.04,330,329
495.04,315,315
495.11,333,331
495.11,315,315
495.11,330,332
495.11,318,316
495.11,334,334
495.11,316,316
495.11,331,331
495.17,317,315
495.17,327,329
495.17,322,317
495.17,320,325
495.17,326,321
495.17,317,320
495.18,331,327
495.23,317,317
495.23,332,330
495.23,311,313
495.23,330,330
495.23,310,312
495.23,331,331
495.24,310,311
495.3,326,328
495.3,310,308
495.3,322,324
495.3,310,310
495.3,322,323
495.3,320,314
495.31,314,319
495.36,325,319
495.36,312,313
495.36,326,323
495.36,309,310
495.36,328,326
495.36,307,309
495.37,324,326
495.42,307,307
495.42,325,325
495.42,309,308
495.42,324,325
495.42,313,310
495.43,323,325
495.44,316,314
495.5,321,322
495.5,320,317
495.5,315,317
495.5,327,322
495.5,311,313
495.5,328,325
495.5,313,314
495.56,328,328
495.56,310,312
495.56,331,329
495.56,311,311
495.56,330,330
495.56,312,311
495.57,325,327
495.62,315,311
495.62,323,325
495.62,318,315
495.62,318,321
495.62,321,318
495.63,313,316
495.63,325,321
495.69,309,311
495.69,327,324
495.69,307,309
495.69,328,327
495.69,308,309
495.69,325,326
495.7,310,308
495.76,327,325
495.76,308,307
495.76,321,323
495.76,311,309
495.76,317,319
495.76,316,312
495.76,314,316
495.83,319,316
495.83,308,312
495.83,324,322
495.83,308,309
495.83,324,323
495.83,306,306
495.83,325,325
495.89,307,306
495.89,326,325
495.89,307,306
495.89,323,324
495.89,309,306
495.89,318,320
495.9,309,306
495.95,311,316
495.95,313,308
495.95,310,310
495.95,317,313
495.95,303,306
495.95,318,316
495.96,302,303
496.01,320,318
496.01,301,301
496.01,319,317
496.01,300,301
496.01,318,317
496.02,299,298
496.03,314,315
496.09,303,300
496.09,309,312
496.09,306,302
496.09,305,307
496.09,308,305
496.09,303,305
496.09,314,310
496.15,299,300
496.15,314,313
496.15,297,297
496.15,313,313
496.15,294,295
496.15,317,315
496.16,297,297
496.22,315,315
496.22,298,296
496.22,310,313
496.22,300,298
496.22,306,311
496.22,307,303
496.22,304,308
496.28,312,308
496.28,302,303
496.28,314,312
496.28,301,301
496.28,318,317
496.28,302,302
496.29,320,320
496.34,302,300
496.34,318,318
496.34,300,300
496.34,319,319
496.34,303,302
496.35,314,317
496.35,307,305
496.42,312,315
496.42,315,309
496.42,307,311
496.42,317,315
496.42,304,307
496.42,320,319
496.42,305,306
496.48,325,323
496.48,307,308
496.48,322,323
496.48,307,306
496.48,325,324
496.48,305,305
496.49,322,323
496.54,312,309
496.54,320,323
496.54,317,313
496.54,317,321
496.54,322,318
496.54,315,317
496.55,326,323
496.61,312,315
496.61,328,328
496.61,314,313
496.61,331,329
496.61,311,310
496.61,328,329
496.62,312,312
496.67,330,329
496.67,313,312
496.67,329,329
496.67,316,313
496.67,323,327
496.67,320,318
496.68,319,323
496.75,327,322
496.75,315,317
496.75,331,328
496.75,313,314
496.75,329,328
496.75,312,313
496.75,329,327
496.81,311,310
496.81,329,328
496.81,309,309
496.81,327,327
496.81,312,308
496.81,323,324
496.81,317,313
496.87,321,323
496.87,321,315
496.87,314,317
496.87,326,322
496.87,312,313
496.87,325,324
496.88,309,311
496.93,326,325
496.93,308,308
496.93,324,324
496.93,306,307
496.93,327,325
496.94,309,308
496.94,325,325
496.99,310,309
496.99,320,322
496.99,318,313
496.99,318,320
497.0,320,316
497.0,312,314
497.01,325,322
497.07,311,310
497.07,328,325
497.07,309,310
497.07,327,326
497.07,308,309
497.07,326,327
497.08,309,309
497.13,328,328
497.13,310,310
497.13,323,324
497.13,314,312
497.13,323,324
497.13,321,318
497.14,318,320
497.19,327,323
497.19,314,317
497.19,329,326
497.19,315,315
497.19,330,329
497.2,313,312
497.21,330,328
497.27,311,310
497.27,326,326
497.27,308,307
497.27,326,326
497.27,309,308
497.27,320,322
497.27,310,308
497.33,315,317
497.33,316,311
497.33,308,313
497.33,320,316
497.33,306,307
497.33,320,319
497.34,304,304
497.4,323,321
497.4,306,305
497.4,322,320
497.4,305,304
497.4,322,322
497.4,304,304
497.4,319,320
497.46,307,305
497.46,314,318
497.46,309,307
497.46,310,314
497.46,317,313
497.46,308,310
497.47,320,317
497.52,305,307
497.52,322,319
497.52,304,305
497.52,321,321
497.52,305,304
497.53,323,322
497.53,305,304
497.6,323,322
497.6,305,304
497.6,320,320
497.6,308,306
497.6,313,317
497.6,312,310
497.6,313,315
497.66,319,315
497.66,308,310
497.66,320,319
497.66,306,306
497.66,322,321
497.66,307,306
497.67,322,322
497.72,303,304
497.72,322,321
497.72,307,304
497.72,321,322
497.72,306,304
497.72,319,319
497.73,312,309
497.79,315,317
497.79,316,312
497.79,309,312
497.79,320,315
497.79,307,308
497.79,322,320
497.8,306,307
497.85,323,323
497.85,307,306
497.85,327,325
497.85,307,306
497.85,325,326
497.85,309,308
497.86,322,325
497.93,309,308
497.93,319,321
497.93,314,311
497.93,316,319
497.93,321,316
497.93,312,313
497.93,323,320
497.99,308,309
497.99,327,324
497.99,309,308
497.99,325,324
497.99,306,306
497.99,326,325
497.99,307,306
498.05,324,325
498.05,308,308
498.05,323,323
498.05,312,310
498.05,319,321
498.05,316,313
498.06,315,318
498.11,322,317
498.11,309,312
498.11,324,322
498.11,309,309
498.11,327,325
498.12,309,308
498.12,326,324
498.18,307,307
498.18,324,324
498.18,305,305
498.18,322,324
498.18,310,308
498.18,319,322
498.19,312,309
498.25,315,318
498.25,317,312
498.25,310,314
498.25,320,317
498.25,309,309
498.25,320,320
498.26,306,308
498.31,325,323
498.31,306,305
498.31,324,322
498.31,304,304
498.31,321,321
498.31,305,303
498.32,316,318
498.38,305,304
498.38,316,318
498.38,309,306
498.38,312,314
498.38,315,310
498.38,305,308
498.39,318,315
498.44,302,304
498.44,318,316
498.44,301,301
498.44,317,317
498.44,298,298
498.44,318,318
498.45,300,299
498.52,316,316
498.52,302,300
498.52,313,315
498.52,301,297
498.52,309,311
498.52,307,303
498.52,303,306
498.58,312,307
498.58,300,301
498.58,313,310
498.58,297,298
498.58,315,314
498.58,295,297
498.58,315,314
498.64,295,296
498.64,313,313
498.64,298,296
498.64,312,313
498.64,299,296
498.64,309,312
498.65,303,300
498.7,306,308
498.7,308,304
498.7,302,304
498.7,311,309
498.7,300,302
498.71,314,313
498.71,298,298
498.77,317,315
498.77,299,298
498.77,316,315
498.77,302,300
498.77,318,317
498.77,302,300
498.78,315,316
498.84,302,301
498.84,310,313
498.84,307,304
498.84,309,312
498.84,312,309
498.84,305,308
498.84,318,315
498.91,305,305
498.91,321,318
498.91,302,304
498.91,325,323
498.91,305,305
498.91,322,322
498.91,307,304
498.97,321,322
498.97,304,303
498.97,319,321
498.97,309,307
498.97,316,320
498.97,314,311
498.98,310,315
499.03,318,315
499.03,307,308
499.03,322,319
499.03,304,306
499.03,322,321
499.03,305,306
499.04,326,323
499.09,307,306
499.09,324,325
499.09,310,308
499.09,327,327
499.09,311,309
499.1,322,325
499.11,314,311
499.17,318,321
499.17,320,316
499.17,315,317
499.17,324,321
499.17,311,313
499.17,327,324
499.17,310,310
499.23,328,327
499.23,310,308
499.23,324,325
499.23,307,306
499.23,325,326
499.23,308,308
499.24,325,324
499.3,313,310
499.3,320,323
499.3,317,313
499.3,315,319
499.3,324,318
499.3,314,317
499.3,326,323
499.36,311,313
499.36,327,325
499.36,310,309
499.36,327,325
499.36,309,309
499.36,325,325
499.37,306,307
499.42,324,326
499.42,311,309
499.42,324,326
499.42,316,313
499.42,320,322
499.43,317,314
499.43,314,319
499.5,323,318
499.5,312,313
499.5,326,322
499.5,309,310
499.5,324,325
499.5,311,310
499.5,326,326
499.56,310,309
499.56,327,327
499.56,310,309
499.56,327,326
499.56,310,308
499.56,323,324
499.57,315,312
499.62,316,320
499.62,320,316
499.62,312,315
499.62,323,320
499.62,311,314
499.62,327,324
499.63,310,311
499.69,328,328
499.69,309,310
499.69,328,327
499.69,309,310
499.69,330,328
499.69,310,309
499.7,324,327
499.75,310,310
499.75,320,324
499.75,317,313
499.75,317,320
499.75,320,317
499.75,313,316
499.76,325,322
499.83,310,309
499.83,324,323
499.83,309,308
499.83,325,325
499.83,308,308
499.83,327,325
499.83,308,307
499.89,323,324
499.89,309,306
499.89,321,322
499.89,310,308
499.89,317,320
499.89,315,311
499.89,312,316
499.95,319,316
499.95,309,311
499.95,323,320
499.95,307,307
499.95,325,322
499.95,306,306
499.96,322,322
500.01,306,305
500.01,325,323
500.01,304,304
500.01,322,323
500.01,308,306
500.02,319,321
500.02,311,310
500.09,312,316
500.09,315,311
500.09,309,312
500.09,321,316
500.09,307,309
500.09,322,320
500.09,305,306
500.15,324,323
500.15,306,304
500.15,323,322
500.15,305,303
500.15,322,321
500.15,306,304
500.16,320,320
500.22,307,304
500.22,316,319
500.22,310,306
500.22,310,314
500.22,316,311
500.22,307,310
500.22,318,316
500.28,304,306
500.28,321,319
500.28,304,304
500.28,318,319
500.28,301,301
500.28,318,318
500.29,302,300
500.34,318,318
500.34,304,301
500.34,314,316
500.34,305,303
500.34,312,315
500.34,311,306
500.35,308,309
500.4,314,310
500.4,303,304
500.4,316,313
500.4,301,302
500.4,318,317
500.41,302,301
500.42,320,319
500.48,301,301
500.48,317,317
500.48,301,301
500.48,318,319
500.48,304,301
500.48,314,316
500.48,310,305
500.54,313,314
500.54,313,309
500.54,306,310
500.54,319,315
500.54,305,308
500.54,320,318
500.55,303,304
500.61,320,319
500.61,302,303
500.61,322,322
500.61,304,303
500.61,323,322
500.61,306,305
500.61,322,322
500.67,309,308
500.67,319,321
500.67,315,311
500.67,313,317
500.67,320,316
500.67,311,313
500.68,325,322
500.73,310,311
500.73,326,325
500.73,308,310
500.73,329,326
500.73,307,308
500.74,327,326
500.75,307,306
500.8,324,326
500.8,310,308
500.8,321,324
500.8,313,310
500.8,319,321
500.8,315,313
500.81,313,316
500.87,318,316
500.87,309,312
500.87,321,320
500.87,308,309
500.87,325,324
500.87,306,308
500.88,327,324
500.94,306,306
500.94,323,323
500.94,306,304
500.94,322,323
500.94,305,306
500.94,316,321
500.94,312,308
501.0,316,319
501.0,314,312
501.0,310,314
501.0,322,317
501.0,305,308
501.0,322,321
501.01,305,305
501.06,322,321
501.06,307,306
501.06,324,323
501.06,307,306
501.06,322,323
501.06,306,305
501.07,322,322
501.12,309,305
501.12,319,321
501.12,312,309
501.12,315,317
501.12,316,313
501.13,308,311
501.14,320,317
501.2,307,308
501.2,320,320
501.2,307,306
501.2,322,322
501.2,305,304
501.2,325,323
501.2,303,302
501.27,322,322
501.27,305,304
501.27,320,321
501.27,309,306
501.27,314,318
501.27,313,310
501.27,312,314
501.33,319,315
501.33,305,311
501.33,322,320
501.33,306,307
501.33,321,321
501.33,304,302
501.34,322,319
501.39,302,302
501.39,321,320
501.39,300,302
501.39,319,319
501.39,304,302
501.39,313,315
501.4,307,304
501.45,309,311
501.45,311,307
501.45,304,307
501.45,315,311
501.45,302,304
501.46,316,315
501.47,302,301
501.52,316,316
501.52,298,300
501.52,317,317
501.52,302,300
501.52,318,318
501.52,299,299
501.53,316,318
501.59,303,302
501.59,312,314
501.59,307,303
501.59,308,312
501.59,312,309
501.59,301,305
501.6,316,312
501.61,301,303
501.62,319,317
501.63,300,300
501.69,319,318
501.69,298,299
501.69,319,319
501.69,303,301
501.69,318,320
501.69,303,301
501.69,317,317
501.75,304,302
501.75,309,312
501.75,309,306
501.75,306,309
501.75,310,308
501.75,303,305
501.76,315,314
501.81,302,302
501.81,317,316
501.81,299,299
501.81,319,317
501.81,300,300
501.81,320,318
501.82,302,298
501.87,316,316
501.87,301,298
501.87,311,313
501.87,302,300
501.87,306,311
501.88,308,304
501.89,300,305
501.95,312,308
501.95,301,301
501.95,316,313
501.95,302,301
501.95,316,316
501.95,299,299
501.95,318,318
502.01,299,299
502.01,317,317
502.01,302,300
502.01,315,316
502.01,302,300
502.01,310,313
502.02,308,304
502.07,308,312
502.07,314,308
502.08,303,305
502.08,318,313
502.08,300,301
502.08,318,316
502.08,299,299
502.14,317,316
502.14,300,299
502.14,316,317
502.14,297,297
502.14,314,316
502.14,299,296
502.15,312,313
502.2,303,299
502.2,306,310
502.2,307,303
502.2,304,306
502.2,310,307
502.21,300,303
502.22,317,312
502.28,298,300
502.28,316,316
502.28,300,299
502.28,316,316
502.28,300,299
502.28,318,316
502.28,301,299
502.34,315,315
502.34,301,299
502.34,314,314
502.34,305,304
502.34,310,312
502.34,312,307
502.35,303,307
502.4,313,311
502.4,302,303
502.4,316,313
502.4,298,299
502.4,315,315
502.4,297,298
502.41,316,316
502.47,298,298
502.47,315,316
502.47,300,298
502.47,314,316
502.47,302,300
502.47,312,314
502.48,307,303
502.53,307,311
502.53,313,308
502.53,304,306
502.53,317,313
502.53,303,302
502.54,318,317
502.54,301,300
502.61,322,324
502.61,306,305
502.61,324,322
502.61,306,304
502.61,322,323
502.61,307,305
502.61,320,321
502.67,310,305
502.67,314,316
502.67,311,306
502.67,306,312
502.67,316,312
502.67,305,306
502.67,319,316
502.73,301,302
502.73,320,318
502.73,301,301
502.73,319,317
502.73,302,300
502.73,318,320
502.74,300,300
502.79,317,318
502.79,302,301
502.79,314,317
502.8,307,304
502.8,309,313
502.8,312,307
502.81,306,308
502.86,316,311
502.86,302,304
502.86,315,314
502.86,300,302
502.86,319,318
502.86,300,301
502.87,318,318
502.93,300,300
502.93,319,318
502.93,301,300
502.93,318,318
502.93,301,300
502.93,313,315
502.94,307,304
503.0,307,310
503.0,312,308
503.0,303,304
503.0,315,311
503.0,301,300
503.0,314,313
503.0,296,297
503.06,317,315
503.06,296,296
503.06,315,314
503.06,295,294
503.06,313,314
503.06,297,296
503.07,308,312
503.12,301,298
503.12,306,310
503.12,304,301
503.12,304,305
503.12,311,306
503.13,299,301
503.13,315,311
503.19,299,299
503.19,317,314
503.19,298,297
503.19,313,314
503.19,297,297
503.19,315,316
503.2,298,298
503.26,316,318
503.26,301,298
503.26,310,314
503.26,306,302
503.26,308,311
503.26,311,305
503.26,303,307
503.32,315,312
503.33,302,302
503.33,317,315
503.33,298,300
503.33,318,317
503.33,301,301
503.33,317,317
503.39,301,298
503.39,318,318
503.39,304,302
503.39,317,318
503.39,307,303
503.39,315,317
503.4,313,308
503.45,312,314
503.45,319,313
503.45,311,312
503.45,323,319
503.45,309,309
503.45,324,322
503.46,305,308
503.51,326,324
503.51,309,308
503.51,327,327
503.51,310,308
503.51,325,326
503.52,308,307
503.53,322,323
503.59,313,309
503.59,319,322
503.59,316,313
503.59,316,318
503.59,322,319
503.59,311,314
503.59,325,323
503.65,309,309
503.65,325,325
503.65,309,310
503.65,326,327
503.65,311,310
503.65,329,328
503.66,311,309
503.72,326,327
503.72,313,312
503.72,325,325
503.72,315,313
503.72,322,324
503.72,323,318
503.72,317,319
503.78,328,323
503.78,315,316
503.78,328,328
503.78,315,314
503.78,329,329
503.78,312,312
503.79,331,331
503.84,315,314
503.84,334,332
503.84,314,313
503.84,329,331
503.84,317,315
503.85,326,329
503.85,320,317
503.92,321,324
503.92,326,322
503.92,316,320
503.92,329,325
503.92,313,315
503.92,329,327
503.92,310,311
503.98,328,328
503.98,310,310
503.98,327,327
503.98,311,309
503.98,324,325
503.98,311,308
503.99,323,325
504.04,315,312
504.04,318,322
504.04,319,315
504.04,314,318
504.04,322,320
504.04,314,314
504.05,328,325
504.1,311,313
504.1,329,326
504.11,314,312
504.11,331,329
504.11,310,312
504.11,330,330
504.12,311,312
504.17,330,330
504.17,315,311
504.17,324,326
504.17,316,314
504.17,323,325
504.17,321,317
504.18,316,319
504.24,326,323
504.24,315,315
504.24,330,327
504.24,312,313
504.24,331,329
504.24,313,312
504.25,330,328
504.31,311,311
504.31,329,329
504.31,314,311
504.31,326,328
504.31,314,312
504.31,326,327
504.31,320,317
504.37,320,324
504.37,325,320
504.37,317,318
504.37,330,326
504.37,315,316
504.37,328,329
504.38,313,314
504.43,333,331
504.43,315,314
504.43,331,332
504.43,315,313
504.43,333,332
504.44,315,314
504.44,327,331
504.5,320,317
504.5,325,329
504.5,325,320
504.5,322,325
504.5,329,325
504.5,317,319
504.51,330,328
504.57,316,316
504.57,333,331
504.57,313,313
504.57,332,332
504.57,314,313
504.57,329,330
504.57,311,311
504.64,328,329
504.64,315,314
504.64,325,327
504.64,319,315
504.64,323,325
504.64,325,319
504.64,317,321
504.7,327,324
504.7,317,318
504.7,330,327
504.7,313,314
504.7,330,330
504.7,311,311
504.71,330,329
504.76,311,312
504.76,329,328
504.76,311,310
504.76,327,329
504.76,314,313
504.76,321,325
504.77,321,316
504.82,318,321
504.82,324,318
504.82,315,318
504.82,327,324
504.82,313,313
504.83,328,326
504.84,311,311
504.9,330,327
504.9,308,310
504.9,329,328
504.9,308,309
504.9,327,326
504.9,311,308
504.9,324,324
504.96,314,310
504.96,319,322
504.96,319,314
504.96,314,317
504.96,321,317
504.96,308,312
504.97,323,320
505.03,305,306
505.03,325,322
505.03,305,306
505.03,326,324
505.03,304,304
505.03,324,322
505.03,305,303
505.09,320,321
505.09,304,304
505.09,317,319
505.09,309,308
505.09,314,317
505.09,316,312
505.1,311,313
505.15,321,316
505.15,307,309
505.15,323,321
505.15,306,307
505.15,324,323
505.16,305,306
505.16,326,324
505.23,303,305
505.23,325,325
505.23,309,306
505.23,322,322
505.23,309,306
505.23,317,320
505.23,313,311
505.29,312,317
505.29,319,314
505.29,309,312
505.29,323,319
505.29,309,309
505.29,324,322
505.3,305,308
505.35,324,324
505.35,307,306
505.35,325,325
505.36,305,306
505.36,324,326
505.36,308,306
505.36,321,324
505.42,312,308
505.42,316,320
505.42,315,311
505.42,313,316
505.42,319,315
505.42,308,311
505.43,322,319
505.48,306,308
505.48,324,323
505.48,306,307
505.48,324,324
505.48,307,307
505.48,325,326
505.49,309,308
505.56,325,325
505.56,309,308
505.56,321,323
505.56,313,311
505.56,317,321
505.56,318,315
505.56,314,316
505.62,322,318
505.62,310,313
505.62,325,323
505.62,308,311
505.62,328,326
505.62,310,311
505.62,329,327
505.68,311,310
505.68,328,329
505.68,313,310
505.68,328,329
505.68,314,313
505.68,322,327
505.69,320,316
505.75,318,323
505.75,325,321
505.75,317,319
505.75,329,325
505.75,314,315
505.75,329,327
505.75,311,312
505.81,331,329
505.81,312,311
505.81,328,328
505.81,310,311
505.81,328,329
505.81,314,313
505.82,327,328
505.87,315,312
505.87,323,324
505.87,320,317
505.87,318,320
505.87,325,321
505.88,312,316
505.89,328,327
505.95,314,313
505.95,330,328
505.95,310,311
505.95,329,330
505.95,309,310
505.95,331,330
505.95,310,310
506.01,326,327
506.01,312,310
506.01,321,325
506.01,316,314
506.01,321,323
506.01,323,317
506.02,314,318
506.07,326,321
506.07,312,312
506.07,326,324
506.07,308,310
506.07,329,327
506.07,306,308
506.08,325,325
506.13,307,307
506.13,327,326
506.13,309,308
506.13,323,325
506.13,310,310
506.14,320,324
506.15,317,313
506.21,316,320
506.21,322,317
506.21,315,316
506.21,324,323
506.21,312,313
506.21,328,326
506.21,312,312
506.27,331,328
506.27,311,310
506.27,330,328
506.27,309,308
506.27,326,327
506.27,313,310
506.28,325,326
506.34,314,312
506.34,322,324
506.34,319,315
506.34,318,322
506.34,322,319
506.34,315,316
506.34,329,325
506.4,312,312
506.4,329,326
506.4,310,311
506.4,329,328
506.4,309,308
506.4,328,329
506.41,312,309
506.46,327,327
506.46,312,311
506.46,324,326
506.46,317,314
506.46,321,324
506.47,323,317
506.48,313,316
506.54,326,323
506.54,313,315
506.54,327,325
506.54,309,310
506.54,327,326
506.54,307,309
506.54,326,325
506.6,308,308
506.6,327,325
506.6,310,308
506.6,324,325
506.6,314,311
506.6,323,324
506.61,316,313
506.66,319,321
506.66,321,318
506.66,312,315
506.66,323,321
506.66,311,311
506.67,326,324
506.67,306,307
506.73,326,324
506.73,308,308
506.73,325,324
506.73,305,305
506.73,320,321
506.73,304,304
506.74,320,321
506.79,309,305
506.79,318,318
506.79,313,309
506.79,311,313
506.79,318,314
506.79,306,309
506.8,321,317
506.87,304,305
506.87,320,320
506.87,304,304
506.87,321,320
506.87,301,302
506.87,322,322
506.87,304,304
506.93,319,320
506.93,304,303
506.93,318,319
506.93,310,305
506.93,313,315
506.93,312,310
506.93,308,311
506.99,316,313
506.99,302,306
506.99,320,318
506.99,304,306
506.99,323,322
506.99,305,306
507.0,326,324
507.05,307,306
507.05,324,325
507.05,309,308
507.05,323,325
507.05,312,309
507.06,320,322
507.07,317,312
507.12,317,319
507.12,320,316
507.12,312,316
507.12,326,323
507.12,312,314
507.12,330,327
507.13,312,311
507.19,330,328
507.19,311,310
507.19,329,328
507.19,311,311
507.19,329,329
507.19,314,311
507.2,327,329
507.26,318,314
507.26,323,327
507.26,322,318
507.26,318,322
507.26,327,322
507.26,318,319
507.26,328,326
507.32,313,314
507.32,330,330
507.32,315,315
507.32,332,332
507.32,313,314
507.32,333,332
507.33,314,313
507.38,330,330
507.38,315,314
507.38,326,329
507.38,322,318
507.38,323,327
507.38,325,320
507.39,319,322
507.46,328,326
507.46,317,318
507.46,333,330
507.46,313,316
507.46,332,331
507.46,317,316
507.46,332,332
507.52,316,315
507.52,334,334
507.52,315,314
507.52,334,334
507.52,318,316
507.52,328,330
507.52,321,317
507.58,324,326
507.58,326,323
507.58,317,321
507.58,330,326
507.58,316,317
507.58,330,329
507.59,315,315
507.64,331,330
507.64,312,312
507.64,333,331
507.64,313,313
507.64,334,333
507.65,315,313
507.66,331,331
507.71,318,316
507.71,328,330
507.71,323,319
507.71,322,324
507.71,328,325
507.71,319,321
507.72,329,327
507.78,315,316
507.78,330,329
507.78,312,313
507.78,331,331
507.78,312,312
507.78,331,330
507.79,312,312
507.85,330,330
507.85,313,311
507.85,327,328
507.85,319,314
507.85,323,325
507.85,323,318
507.85,318,320
507.91,327,323
507.91,312,315
507.91,329,326
507.91,312,312
507.91,330,328
507.91,310,312
507.92,329,329
507.97,312,312
507.97,328,330
507.97,315,313
507.97,328,328
507.97,316,313
507.97,325,326
507.98,319,315
508.03,321,323
508.03,324,321
508.03,319,320
508.03,328,325
508.03,311,315
508.04,330,328
508.05,312,314
508.11,333,330
508.11,312,313
508.11,331,330
508.11,311,311
508.11,331,330
508.11,314,312
508.11,328,328
508.17,318,314
508.17,324,327
508.18,322,318
508.18,320,322
508.18,326,322
508.18,316,318
508.18,327,326
508.24,314,316
508.24,331,329
508.24,314,315
508.24,331,331
508.24,315,314
508.24,330,332
508.24,315,313
508.3,330,331
508.3,314,313
508.3,328,329
508.3,320,316
508.3,324,327
508.3,325,319
508.31,320,322
508.36,328,324
508.36,315,317
508.36,331,329
508.36,312,313
508.36,330,329
508.37,314,313
508.38,330,330
508.44,312,312
508.44,328,329
508.44,310,310
508.44,328,328
508.44,314,311
508.44,325,326
508.44,318,313
508.5,318,322
508.5,323,318
508.5,314,317
508.5,327,323
508.5,313,313
508.5,326,325
508.51,310,311
508.56,330,328
508.56,308,309
508.56,330,330
508.56,312,313
508.56,329,329
508.56,312,311
508.57,326,329
508.63,316,314
508.63,325,326
508.63,321,318
508.63,321,323
508.63,328,324
508.63,317,319
508.64,331,328
508.69,317,317
508.69,332,332
508.69,317,317
508.69,335,335
508.69,317,317
508.7,334,335
508.7,318,317
508.77,334,334
508.77,317,316
508.77,330,332
508.77,323,320
508.77,327,328
508.77,328,322
508.77,321,324
508.83,332,327
508.83,318,320
508.83,330,328
508.83,314,317
508.83,333,331
508.83,315,314
508.83,333,332
508.89,313,314
508.89,333,332
508.89,314,314
508.89,330,330
508.89,316,313
508.89,325,328
508.9,322,317
508.95,320,324
508.95,323,319
508.95,317,318
508.95,327,322
508.95,315,315
508.96,330,328
508.97,311,312
509.02,329,328
509.02,312,311
509.02,327,328
509.02,311,310
509.02,328,328
509.02,310,309
509.03,323,326
509.09,312,311
509.09,320,324
509.09,319,314
509.09,314,318
509.09,321,318
509.09,310,313
509.1,325,322
509.16,310,311
509.16,326,324
509.16,311,310
509.16,326,325
509.16,308,309
509.16,330,328
509.16,312,311
509.22,329,328
509.22,315,312
509.22,327,329
509.22,317,315
509.22,325,326
509.22,326,322
509.23,319,321
509.24,330,325
509.25,317,318
509.26,330,328
509.31,315,317
509.31,332,331
509.31,316,316
509.31,336,333
509.31,316,316
509.31,334,333
509.32,317,316
509.37,332,334
509.37,320,318
509.37,329,332
509.37,326,322
509.37,326,330
509.38,331,326
509.39,323,327
509.45,335,333
509.45,320,322
509.45,336,335
509.45,320,321
509.45,337,336
509.45,317,318
509.45,337,335
509.51,316,316
509.51,334,334
509.51,316,315
509.51,330,333
509.51,322,319
509.51,327,331
509.52,326,322
509.58,325,327
509.58,328,325
509.58,317,319
509.58,329,327
509.58,316,317
509.58,331,328
509.58,313,313
509.64,332,330
509.64,312,312
509.64,331,330
509.64,310,311
509.64,329,329
509.64,315,313
509.65,326,328
509.7,318,315
509.7,321,325
509.7,320,317
509.7,318,320
509.7,326,323
509.71,313,316
509.72,329,325
509.78,313,314
509.78,330,328
509.78,312,311
509.78,330,329
509.78,312,312
509.78,331,330
509.78,312,311
509.84,328,328
509.84,314,312
509.84,326,327
509.84,321,316
509.84,321,325
509.84,325,320
509.85,318,319
509.9,328,325
509.9,315,316
509.9,329,328
509.9,310,312
509.9,331,329
509.9,312,311
509.91,329,328
509.97,312,312
509.97,329,328
509.97,310,311
509.97,327,328
509.97,315,313
509.97,324,326
509.98,321,316
510.03,319,322
510.03,326,321
510.03,314,316
510.03,326,324
510.03,311,313
510.03,328,327
510.04,311,311
510.11,329,328
510.11,310,310
510.11,330,329
510.11,310,309
510.11,326,327
510.11,314,311
510.11,324,326
510.17,314,311
510.17,319,320
510.17,317,313
510.17,313,315
510.17,320,317
510.17,307,310
510.17,322,321
510.23,307,307
510.23,322,322
510.23,304,306
510.23,323,322
510.23,304,304
510.23,321,322
510.24,304,304
510.29,321,320
510.29,306,304
510.29,318,320
510.29,311,307
510.29,312,315
510.3,318,312
510.31,309,312
510.36,321,317
510.36,306,308
510.36,322,321
510.36,307,307
510.36,325,323
510.36,307,306
510.37,323,323
510.43,305,304
510.43,322,322
510.43,307,304
510.43,321,322
510.43,308,306
510.43,317,321
510.44,316,312
510.49,313,317
510.49,320,317
510.5,312,313
510.5,325,320
510.5,308,310
510.5,327,324
510.5,311,309
510.56,328,328
510.56,310,309
510.56,328,328
510.56,311,310
510.56,330,329
510.56,312,311
510.57,325,328
510.62,317,312
510.62,320,323
510.62,324,319
510.62,317,320
510.62,329,323
510.62,313,316
510.63,330,327
510.68,314,314
510.68,330,328
510.68,314,313
510.68,330,330
510.68,313,312
510.69,331,330
510.7,315,314
510.76,327,330
510.76,316,314
510.76,326,328
510.76,321,316
510.76,323,324
510.76,324,321
510.76,317,321
510.82,328,325
510.82,314,316
510.82,331,329
510.82,314,315
510.82,331,331
510.82,314,312
510.83,331,330
510.89,311,312
510.89,330,331
510.89,315,313
510.89,329,330
510.89,319,316
510.89,324,327
510.89,325,319
510.95,320,324
510.95,328,324
510.95,317,321
510.95,332,329
510.95,316,317
510.95,334,332
510.96,315,314
511.01,333,330
511.01,313,313
511.01,334,331
511.01,315,312
511.01,328,329
511.02,315,313
511.03,326,328
511.09,317,315
511.09,323,326
511.09,323,319
511.09,317,321
511.09,327,323
511.09,314,317
511.09,329,327
511.15,312,315
511.15,331,329
511.15,313,312
511.15,329,330
511.15,313,312
511.15,330,329
511.16,312,311
511.21,327,328
511.21,314,313
511.21,324,328
511.21,319,315
511.21,319,323
511.21,321,318
511.22,318,319
511.27,327,324
511.27,315,314
511.27,326,325
511.28,312,312
511.28,330,328
511.28,310,311
511.29,327,327
511.34,308,308
511.34,328,328
511.34,313,309
511.34,325,325
511.34,314,310
511.35,321,324
511.35,320,315
511.42,315,320
511.42,323,319
511.42,312,315
511.42,328,324
511.42,312,313
511.42,327,327
511.42,310,311
511.48,330,328
511.48,311,311
511.48,329,329
511.48,314,313
511.48,329,329
511.48,315,312
511.48,327,330
511.54,321,317
511.54,325,327
511.54,323,320
511.54,320,323
511.54,329,326
511.54,317,319
511.55,330,329
511.6,314,316
511.6,333,331
511.6,315,315
511.6,336,334
511.6,316,314
511.61,335,333
511.62,318,315
511.68,331,332
511.68,319,317
511.68,328,330
511.68,323,319
511.68,324,327
511.68,328,323
511.68,322,323
511.74,331,327
511.74,316,318
511.74,333,331
511.74,317,316
511.74,332,331
511.74,315,316
511.75,332,332
511.8,315,314
511.8,333,334
511.8,319,317
511.8,331,332
511.8,320,318
511.8,328,331
511.81,325,321
511.87,325,326
511.87,330,327
511.87,320,323
511.87,336,331
511.87,319,319
511.87,336,333
511.88,319,318
511.93,337,336
511.93,317,318
511.93,337,336
511.93,319,317
511.93,334,335
511.94,320,318
511.94,330,333
512.01,323,319
512.01,326,330
512.01,329,323
512.01,321,325
512.01,330,325
512.01,318,318
512.01,328,327
512.07,315,314
512.07,329,328
512.07,313,312
512.07,330,330
512.07,312,312
512.07,330,330
512.07,313,312
512.13,329,329
512.13,315,311
512.13,323,326
512.13,318,313
512.13,318,321
512.13,320,316
512.14,312,315
512.19,323,320
512.19,309,311
512.19,327,324
512.19,308,309
512.19,324,324
512.2,310,309
512.21,328,328
512.26,310,310
512.26,329,329
512.26,315,312
512.26,328,329
512.26,316,315
512.26,327,328
512.27,323,317
512.33,321,325
512.33,327,324
512.33,318,320
512.33,331,328
512.33,314,317
512.33,333,331
512.34,316,317
512.4,334,333
512.4,314,315
512.4,336,335
512.4,315,316
512.4,333,334
512.4,318,317
512.4,331,332
512.46,321,319
512.46,329,330
512.46,327,322
512.46,320,325
512.46,332,327
512.46,319,320
512.47,332,330
512.52,317,317
512.52,334,333
512.52,316,317
512.52,335,336
512.52,319,317
512.53,334,335
512.53,319,317
512.58,335,334
512.58,319,317
512.58,330,333
512.58,324,320
512.58,324,329
512.59,327,325
512.6,321,324
512.66,333,330
512.66,319,319
512.66,333,331
512.66,319,319
512.66,337,334
512.66,316,317
512.66,336,336
512.72,316,316
512.72,336,335
512.72,319,318
512.72,333,334
512.72,322,320
512.72,327,332
512.73,326,324
512.79,326,330
512.79,332,328
512.79,322,325
512.79,338,334
512.79,323,324
512.79,338,337
512.8,320,321
512.85,337,337
512.85,320,320
512.85,337,337
512.85,319,318
512.85,336,336
512.85,321,318
512.86,333,335
512.91,325,320
512.91,328,330
512.91,327,323
512.91,320,324
512.91,333,328
512.92,320,322
512.93,330,329
512.99,317,317
512.99,334,332
512.99,314,314
512.99,334,332
512.99,312,312
512.99,331,331
512.99,315,312
513.05,330,330
513.05,314,312
513.05,326,326
513.05,321,316
513.05,319,321
513.05,323,318
513.06,316,318
513.12,325,322
513.12,311,313
513.12,327,325
513.12,311,311
513.12,329,327
513.12,306,309
513.12,328,327
513.18,306,307
513.18,322,325
513.18,311,308
513.18,325,325
513.18,310,309
513.18,317,320
513.19,317,312
513.24,313,317
513.24,322,317
513.24,311,313
513.24,323,320
513.24,308,310
513.25,323,324
513.25,307,305
513.3,326,325
513.3,304,305
513.3,325,324
513.3,307,307
513.3,324,325
513.31,309,307
513.32,321,323
513.38,313,309
513.38,319,321
513.38,317,312
513.38,313,317
513.38,323,318
513.38,311,311
513.39,325,321
513.44,311,310
513.44,324,324
513.44,307,307
513.44,326,326
513.44,308,307
513.44,325,326
513.45,309,308
513.51,323,323
513.51,310,308
513.51,320,324
513.51,312,310
513.51,316,320
513.51,318,315
513.52,313,315
513.57,324,320
513.57,310,311
513.57,326,323
513.57,311,311
513.57,328,327
513.57,309,309
513.58,326,327
513.63,310,311
513.63,327,328
513.63,313,310
513.63,328,329
513.63,314,313
513.64,325,327
513.65,321,317
513.71,320,323
513.71,326,321
513.71,315,318
513.71,329,327
513.71,315,316
513.71,330,329
513.71,314,315
513.77,334,332
513.77,314,313
513.77,333,333
513.77,315,313
513.77,332,333
513.77,317,314
513.78,329,332
513.83,320,318
513.83,327,328
513.83,327,322
513.83,321,324
513.83,331,326
513.84,320,321
513.84,335,333
513.9,320,320
513.9,335,334
513.9,319,320
513.9,336,335
513.9,317,318
513.9,336,336
513.91,319,318
513.97,335,336
513.97,322,321
513.97,333,335
513.97,328,323
513.97,328,332
513.97,332,328
513.97,324,328
514.04,335,332
514.04,320,322
514.04,337,335
514.04,319,320
514.04,339,336
514.04,319,319
514.04,336,336
514.1,317,316
514.1,333,335
514.1,319,318
514.1,334,334
514.1,320,318
514.1,330,333
514.11,327,321
514.16,323,327
514.16,331,326
514.16,318,323
514.16,333,331
514.16,316,318
514.16,336,334
514.17,317,318
514.22,336,334
514.22,319,319
514.22,338,337
514.22,319,318
514.22,335,337
514.23,323,320
514.24,334,336
514.3,326,323
514.3,333,335
514.3,332,328
514.3,327,329
514.3,337,333
514.3,324,327
514.3,342,339
514.36,325,324
514.36,340,339
514.36,322,321
514.36,341,339
514.36,323,321
514.36,339,339
514.37,320,320
514.43,335,337
514.43,323,319
514.43,332,335
514.43,326,323
514.43,328,332
514.43,330,327
514.43,321,324
514.49,333,329
514.49,316,318
514.49,332,330
514.49,313,313
514.49,331,330
514.49,313,313
514.5,333,331
514.55,314,312
514.55,330,330
514.55,313,312
514.55,327,329
514.55,314,313
514.56,323,325
514.56,319,314
514.63,317,320
514.63,323,319
514.63,312,316
514.63,324,323
514.63,308,312
514.63,328,327
514.63,311,310
514.69,328,327
514.69,311,310
514.69,328,328
514.69,311,310
514.69,327,329
514.69,311,312
514.7,325,327
514.75,315,312
514.75,319,323
514.75,323,318
514.75,317,320
514.75,324,320
514.75,311,314
514.76,328,325
514.82,310,312
514.82,328,327
514.82,311,311
514.82,328,329
514.82,311,311
514.82,328,328
514.83,311,311
514.88,328,328
514.88,312,310
514.88,323,325
514.88,318,314
514.88,320,322
514.88,322,318
514.89,314,317
514.96,330,325
514.96,314,315
514.96,329,329
514.96,311,312
514.96,328,327
514.96,308,310
514.96,328,326
515.02,306,308
515.02,325,325
515.02,310,307
515.02,322,324
515.02,313,308
515.02,319,322
515.02,316,311
515.08,313,316
515.08,320,316
515.08,308,312
515.08,323,321
515.08,308,309
515.08,327,324
515.09,307,307
515.14,327,325
515.14,307,307
515.14,326,327
515.14,311,308
515.14,326,326
515.15,312,310
515.15,327,327
515.21,314,313
515.21,319,322
515.21,320,316
515.21,317,319
515.21,324,320
515.21,313,315
515.22,328,326
515.28,313,313
515.28,328,327
515.28,313,313
515.28,333,331
515.28,315,314
515.28,332,332
515.29,317,315
515.35,331,332
515.35,317,316
515.35,328,331
515.35,322,320
515.35,325,328
515.35,329,325
515.35,323,324
515.41,332,329
515.41,321,321
515.41,334,333
515.41,317,318
515.41,333,334
515.41,316,316
515.42,336,334
515.47,317,315
515.47,334,335
515.47,319,316
515.47,332,334
515.47,323,320
515.47,333,334
515.48,330,326
515.54,326,329
515.54,333,330
515.54,321,326
515.54,337,336
515.54,321,324
515.54,338,338
515.55,323,325
515.6,342,341
515.6,325,324
515.6,343,342
515.6,326,324
515.6,340,341
515.61,327,324
515.61,337,338
515.68,327,325
515.68,331,334
515.68,331,326
515.68,325,329
515.68,336,331
515.68,318,323
515.68,336,335
515.74,322,322
515.74,334,334
515.74,318,318
515.74,336,336
515.74,317,317
515.74,336,335
515.74,317,316
515.8,334,333
515.8,317,316
515.8,331,331
515.8,323,318
515.8,325,326
515.8,325,321
515.81,319,322
515.86,329,326
515.86,317,318
515.86,332,331
515.86,316,318
515.86,335,334
515.87,318,317
515.88,335,335
515.93,318,318
515.93,337,336
515.93,322,318
515.93,334,336
515.93,322,321
515.93,331,332
515.94,328,324
516.0,326,329
516.0,334,328
516.0,322,326
516.0,336,334
516.0,321,322
516.0,335,335
516.01,322,322
516.07,339,337
516.07,319,318
516.07,336,337
516.07,319,318
516.07,335,336
516.07,318,317
516.07,330,332
516.13,321,319
516.13,326,329
516.13,326,322
516.13,321,325
516.13,328,326
516.13,318,321
516.14,334,330
516.19,315,315
516.19,329,329
516.19,312,313
516.19,331,330
516.19,312,311
516.19,328,328
516.2,314,311
516.25,329,328
516.25,314,312
516.25,325,327
516.25,322,317
516.25,322,326
516.26,326,322
516.27,321,323
516.33,331,328
516.33,316,319
516.33,334,333
516.33,317,318
516.33,337,335
516.33,318,317
516.33,336,335
516.39,316,316
516.39,335,335
516.39,317,317
516.39,332,335
516.39,322,320
516.39,329,332
516.4,327,323
516.46,326,329
516.46,331,327
516.46,320,323
516.46,333,332
516.46,320,320
516.46,337,336
516.47,318,318
516.52,336,335
516.52,319,317
516.52,337,336
516.52,316,316
516.52,333,335
516.52,319,317
516.53,333,334
516.58,323,319
516.58,326,330
516.58,328,323
516.58,322,327
516.58,331,327
516.59,318,321
516.6,332,332
516.66,318,319
516.66,336,334
516.66,316,317
516.66,337,335
516.66,318,317
516.66,336,335
516.67,317,316
516.67,333,335
516.68,319,317
516.69,330,333
516.75,324,321
516.75,327,330
516.75,329,325
516.75,323,325
516.75,336,332
516.75,321,321
516.76,336,333
516.82,319,320
516.82,335,334
516.82,317,318
516.82,337,336
516.82,317,316
516.82,336,336
516.82,319,318
516.88,333,334
516.88,322,320
516.88,331,332
516.88,327,323
516.88,327,329
516.88,333,328
516.89,321,323
516.94,335,331
516.94,320,321
516.94,336,334
516.94,317,318
516.94,336,334
516.94,316,317
516.95,337,335
517.0,317,316
517.0,332,335
517.0,319,317
517.0,329,332
517.0,322,320
517.01,325,328
517.02,326,323
517.08,323,325
517.08,332,328
517.08,321,322
517.08,336,333
517.08,318,318
517.08,336,333
517.08,316,316
517.14,334,334
517.14,317,316
517.14,334,334
517.14,317,317
517.14,335,335
517.14,320,318
517.15,331,332
517.2,323,319
517.21,325,328
517.21,329,324
517.21,320,323
517.21,334,329
517.21,317,320
517.21,332,332
517.27,316,317
517.27,335,334
517.27,317,317
517.27,334,334
517.27,315,316
517.27,333,334
517.28,318,315
517.35,331,333
517.35,321,318
517.35,330,330
517.35,324,320
517.35,320,324
517.35,329,324
517.35,315,317
517.41,328,324
517.41,312,314
517.41,327,327
517.41,311,311
517.41,326,327
517.41,309,310
517.41,328,328
517.47,314,311
517.47,330,328
517.47,313,311
517.47,327,328
517.47,321,316
517.47,321,324
517.48,322,318
517.53,318,321
517.53,324,321
517.53,310,314
517.53,327,326
517.53,311,312
517.53,329,328
517.54,313,312
517.59,328,328
517.59,312,311
517.59,330,328
517.59,312,310
517.59,327,327
517.6,313,311
517.61,320,324
517.67,318,315
517.67,320,322
517.67,321,318
517.67,315,316
517.67,325,322
517.67,312,314
517.67,328,326
517.73,311,310
517.73,326,326
517.73,308,309
517.73,329,327
517.73,309,308
517.73,327,326
517.74,308,308
517.8,324,325
517.8,313,310
517.8,324,325
517.8,320,314
517.8,316,320
517.8,324,321
517.8,314,316
517.86,330,327
517.86,315,316
517.86,331,329
517.86,314,314
517.86,334,332
517.86,313,314
517.87,332,332
517.92,313,313
517.92,330,332
517.92,317,314
517.92,329,331
517.92,322,318
517.93,324,328
517.94,326,323
518.0,321,325
518.0,330,327
518.0,319,321
518.0,334,332
518.0,317,319
518.0,336,333
518.0,316,316
518.06,336,335
518.06,318,317
518.06,335,337
518.06,320,319
518.06,337,337
518.06,323,320
518.07,333,335
518.12,326,324
518.12,329,331
518.12,331,327
518.12,322,326
518.12,335,331
518.12,321,322
518.13,335,334
518.19,321,320
518.19,339,336
518.19,319,318
518.19,339,338
518.19,321,320
518.19,336,338
518.2,321,320
518.25,335,338
518.25,327,323
518.25,332,336
518.25,330,327
518.25,327,332
518.26,336,331
518.26,325,328
518.33,340,337
518.33,323,325
518.33,342,340
518.33,324,324
518.33,343,340
518.33,324,324
518.33,341,341
518.39,324,324
518.39,341,342
518.39,327,325
518.39,337,339
518.39,331,327
518.39,335,336
518.39,335,330
518.45,330,333
518.45,337,333
518.45,326,326
518.45,341,337
518.45,323,323
518.45,339,338
518.46,320,320
518.51,338,337
518.51,320,319
518.51,339,338
518.51,323,321
518.51,337,338
518.52,322,320
518.53,334,335
518.59,327,323
518.59,328,331
518.59,330,327
518.59,325,327
518.59,336,332
518.59,321,322
518.59,334,334
518.65,316,320
518.65,336,335
518.65,318,319
518.65,337,337
518.65,317,317
518.65,337,337
518.66,320,318
518.71,335,334
518.71,321,319
518.71,329,332
518.71,328,324
518.71,323,328
518.71,332,329
518.72,321,325
518.78,335,331
518.78,320,321
518.78,337,336
518.78,320,320
518.78,339,337
518.78,319,319
518.79,341,340
518.84,323,321
518.84,339,338
518.84,325,322
518.84,337,338
518.84,329,326
518.84,333,335
518.85,332,328
518.91,327,331
518.91,338,334
518.91,326,328
518.92,339,338
518.92,326,325
518.92,342,339
518.92,320,322
518.98,342,340
518.98,321,319
518.98,336,338
518.98,320,318
518.98,335,335
518.98,321,319
518.98,330,334
519.04,327,322
519.04,326,331
519.04,332,327
519.04,325,327
519.04,337,332
519.04,322,323
519.05,338,336
519.1,322,320
519.1,336,337
519.1,320,320
519.1,339,337
519.1,318,319
519.11,336,337
519.12,320,318
519.18,334,335
519.18,323,320
519.18,329,332
519.18,328,324
519.18,324,327
519.18,331,327
519.18,321,324
519.24,334,330
519.24,316,319
519.24,335,332
519.24,317,317
519.24,334,334
519.24,318,316
519.25,334,336
519.3,317,316
519.3,336,336
519.3,320,318
519.3,332,334
519.3,322,321
519.3,329,332
519.31,329,325
519.37,322,326
519.37,333,330
519.37,321,324
519.37,338,334
519.37,320,320
519.37,337,335
519.38,316,318
519.43,335,335
519.43,316,317
519.43,334,335
519.43,319,317
519.43,335,335
519.43,319,316
519.44,328,331
519.51,323,320
519.51,325,328
519.51,327,323
519.51,321,323
519.51,333,328
519.51,318,320
519.51,335,332
519.57,317,317
519.57,332,332
519.57,316,315
519.57,334,333
519.57,314,313
519.57,330,332
519.57,314,312
519.63,329,331
519.63,321,316
519.63,325,328
519.63,322,319
519.63,320,324
519.63,327,322
519.64,315,318
519.69,332,329
519.69,317,317
519.69,334,332
519.69,315,316
519.69,333,333
519.7,313,314
519.71,332,332
519.76,315,314
519.76,330,331
519.76,317,315
519.76,328,331
519.76,321,318
519.76,325,329
519.77,324,321
519.83,322,324
519.83,329,326
519.83,316,320
519.83,330,329
519.83,315,315
519.83,334,332
519.84,315,316
519.89,334,332
519.9,316,316
519.9,334,334
519.9,317,315
519.9,333,333
519.9,320,317
519.9,327,330
519.96,322,319
519.96,324,327
519.96,328,323
519.96,320,323
519.96,330,328
519.96,317,320
519.97,332,332
520.02,317,317
520.02,334,333
520.02,316,315
520.02,336,333
520.02,314,314
520.02,333,333
520.03,317,316
520.08,332,332
520.08,321,318
520.08,328,331
520.08,325,321
520.08,324,327
520.09,333,327
520.1,321,323
520.16,333,330
520.16,317,319
520.16,334,333
520.16,319,318
520.16,335,334
520.16,317,317
520.16,336,335
520.22,319,317
520.22,336,335
520.22,322,320
520.22,332,334
520.22,324,321
520.22,327,330
520.23,329,324
520.28,323,326
520.28,331,329
520.28,318,322
520.28,336,333
520.28,316,318
520.29,336,333
520.29,316,316
520.35,336,335
520.35,316,316
520.35,334,334
520.35,317,316
520.35,331,331
520.35,319,317
520.36,329,330
520.42,323,319
520.42,323,327
520.42,326,322
520.42,317,322
520.42,331,327
520.42,317,317
520.43,332,331
520.49,313,315
520.49,332,332
520.49,314,314
520.49,333,332
520.49,315,314
520.49,331,332
520.49,317,314
520.55,328,331
520.55,318,316
520.55,327,329
520.55,323,319
520.55,321,325
520.55,329,324
520.56,317,321
520.61,332,330
520.61,318,319
520.61,334,333
520.61,319,319
520.61,338,336
520.61,320,319
520.62,340,338
520.69,321,320
520.69,338,339
520.69,325,322
520.69,335,337
520.69,330,327
520.69,329,333
520.69,333,329
520.75,326,329
520.75,336,332
520.75,324,326
520.75,339,335
520.75,321,321
520.75,340,337
520.75,320,319
520.81,341,340
520.81,320,320
520.81,338,339
520.81,323,320
520.81,335,337
520.81,324,321
520.82,335,337
520.87,330,327
520.87,331,333
520.87,334,331
520.87,326,329
520.87,339,335
520.88,322,325
520.88,341,337
520.94,321,321
520.94,340,338
520.94,322,323
520.94,342,340
520.94,322,322
520.94,340,341
520.95,324,322
521.01,336,339
521.01,328,324
521.01,332,336
521.01,332,328
521.02,330,334
521.02,337,333
521.02,322,327
521.08,339,336
521.08,324,325
521.08,340,340
521.08,321,322
521.08,340,339
521.08,323,322
521.08,342,341
521.14,322,321
521.14,342,341
521.14,325,324
521.14,336,339
521.14,328,326
521.14,334,336
521.15,332,329
521.2,327,329
521.2,336,333
521.2,326,326
521.2,340,338
521.2,324,325
521.2,341,340
521.21,326,325
521.26,346,344
521.26,324,322
521.26,342,341
521.26,321,322
521.26,339,341
521.27,328,324
521.28,335,338
521.34,330,328
521.34,330,334
521.34,336,331
521.34,328,330
521.34,340,337
521.34,323,325
521.34,339,338
521.4,323,324
521.4,340,339
521.4,322,322
521.4,340,340
521.4,323,321
521.4,341,341
521.41,326,323
521.47,335,338
521.47,326,323
521.47,332,336
521.47,332,328
521.47,329,332
521.47,336,332
521.47,324,328
521.53,341,336
521.53,322,324
521.53,340,338
521.53,322,322
521.53,341,340
521.53,322,322
521.54,341,341
521.59,326,323
521.59,341,341
521.59,325,325
521.59,338,341
521.59,331,326
521.6,334,336
521.61,335,329
521.67,327,330
521.67,336,333
521.67,322,325
521.67,338,337
521.67,323,323
521.67,341,339
521.67,322,323
521.73,340,339
521.73,322,321
521.73,340,339
521.73,321,320
521.73,338,339
521.73,322,321
521.74,331,333
521.79,325,321
521.8,324,328
521.8,329,324
521.8,319,323
521.8,334,329
521.8,316,318
521.8,330,330
521.86,312,314
521.86,333,330
521.86,313,312
521.86,330,331
521.86,313,312
521.86,330,330
521.87,313,312
521.92,327,328
521.92,318,313
521.92,321,325
521.92,322,318
521.92,318,320
521.93,325,322
521.93,315,316
522.0,329,326
522.0,312,314
522.0,329,326
522.0,309,310
522.0,329,327
522.0,310,310
522.0,330,328
522.06,311,309
522.06,327,327
522.06,313,311
522.06,325,326
522.06,316,313
522.06,320,323
522.06,321,318
522.12,318,321
522.12,326,323
522.12,315,315
522.12,329,325
522.12,313,314
522.12,329,328
522.13,312,312
522.18,331,330
522.18,311,310
522.18,329,329
522.18,312,312
522.18,326,328
522.19,315,312
522.2,322,326
522.25,321,316
522.25,320,323
522.25,325,321
522.25,316,319
522.25,328,325
522.25,314,316
522.26,330,329
522.32,314,314
522.32,334,331
522.32,311,313
522.32,331,331
522.32,315,314
522.32,332,332
522.33,317,315
522.39,331,331
522.39,320,316
522.39,327,328
522.39,327,321
522.39,321,323
522.39,330,325
522.39,319,321
522.45,331,330
522.45,316,319
522.45,336,334
522.45,317,318
522.45,337,336
522.45,318,318
522.46,337,337
522.51,322,319
522.51,337,336
522.51,323,321
522.51,334,337
522.51,327,325
522.51,331,334
522.52,332,328
522.57,325,329
522.57,337,333
522.57,324,325
522.57,338,337
522.57,321,323
522.58,342,340
522.59,323,322
522.65,343,341
522.65,324,322
522.65,340,341
522.65,326,323
522.65,340,341
522.65,325,323
522.65,336,338
522.71,333,328
522.71,332,335
522.71,337,334
522.71,328,331
522.71,341,340
522.71,326,328
522.72,343,343
522.78,325,325
522.78,344,342
522.78,324,325
522.78,345,344
522.78,325,325
522.78,344,345
522.79,331,328
522.84,341,343
522.84,333,330
522.84,337,339
522.84,335,332
522.84,331,334
522.84,338,335
522.85,326,329
522.9,342,338
522.9,327,327
522.9,342,342
522.9,325,324
522.9,343,342
522.91,324,323
522.92,340,341
522.98,325,323
522.98,340,341
522.98,325,324
522.98,336,339
522.98,333,329
522.98,335,337
522.98,334,331
523.04,331,332
523.04,341,336
523.04,326,328
523.04,341,340
523.04,325,324
523.04,343,341
523.05,323,323
523.1,341,340
523.1,321,321
523.1,342,342
523.1,322,322
523.1,338,340
523.1,327,324
523.11,333,336
523.16,331,326
523.16,328,331
523.16,335,331
523.17,324,328
523.17,339,336
523.17,324,326
523.18,340,338
523.24,322,324
523.24,341,340
523.24,321,320
523.24,340,340
523.24,321,321
523.24,340,339
523.24,324,322
523.31,337,337
523.31,327,325
523.31,333,335
523.31,333,328
523.31,327,332
523.31,337,333
523.31,326,328
523.37,341,339
523.37,322,324
523.37,339,339
523.37,323,323
523.37,340,341
523.37,323,322
523.37,340,341
523.43,325,323
523.43,339,342
523.43,326,325
523.43,336,338
523.43,330,328
523.43,335,337
523.44,335,331
523.5,328,332
523.5,339,337
523.5,326,328
523.5,343,341
523.5,326,325
523.5,343,340
523.51,325,324
523.56,341,340
523.56,321,321
523.56,335,337
523.56,321,319
523.56,335,336
523.56,324,322
523.57,331,334
523.64,329,324
523.64,325,329
523.64,334,328
523.64,322,326
523.64,336,333
523.64,321,320
523.64,338,336
523.7,319,318
523.7,338,337
523.7,318,318
523.7,336,336
523.7,320,319
523.7,337,337
523.7,321,320
523.76,332,335
523.76,325,321
523.76,328,330
523.76,326,324
523.76,322,327
523.76,333,328
523.77,320,321
523.82,332,331
523.82,316,318
523.82,333,332
523.82,315,316
523.82,333,333
523.83,316,316
523.83,333,335
523.88,318,317
523.88,332,334
523.89,321,318
523.89,331,332
523.89,325,320
523.89,324,328
523.9,327,325
523.96,321,323
523.96,333,330
523.96,320,322
523.96,334,333
523.96,319,320
523.96,335,335
523.96,316,317
524.03,334,334
524.03,317,316
524.03,335,334
524.03,318,317
524.03,330,332
524.03,320,318
524.03,329,331
524.09,326,322
524.09,325,326
524.09,330,325
524.09,320,321
524.09,333,329
524.09,318,320
524.1,335,333
524.15,320,319
524.15,337,335
524.15,319,318
524.15,336,335
524.15,318,316
524.15,335,334
524.16,321,317
524.21,329,332
524.21,321,319
524.21,327,328
524.21,327,323
524.21,322,325
524.22,331,328
524.23,318,321
524.29,334,331
524.29,319,319
524.29,336,333
524.29,316,317
524.29,334,334
524.29,319,318
524.3,337,336
524.3,320,319
524.31,338,337
524.32,323,321
524.38,333,335
524.38,326,324
524.38,328,331
524.38,333,328
524.38,322,326
524.38,335,332
524.39,320,321
524.45,333,333
524.45,319,317
524.45,333,334
524.45,318,317
524.45,336,334
524.45,319,317
524.45,335,335
524.51,319,318
524.51,334,334
524.51,323,319
524.51,330,332
524.51,326,323
524.51,325,327
524.52,333,327
524.57,322,322
524.57,335,331
524.57,319,319
524.57,335,333
524.57,320,319
524.58,335,334
524.58,317,317
524.63,335,335
524.63,319,317
524.63,333,334
524.63,320,317
524.63,332,332
524.64,325,320
524.65,329,330
524.71,328,323
524.71,322,326
524.71,333,330
524.71,323,323
524.71,335,333
524.71,319,320
524.71,336,335
524.77,318,318
524.77,339,336
524.77,322,320
524.77,337,338
524.77,321,318
524.77,335,336
524.78,320,319
524.84,332,334
524.84,326,322
524.84,327,330
524.84,333,328
524.84,326,328
524.84,335,333
524.85,323,325
524.9,340,336
524.9,321,322
524.9,340,338
524.9,320,321
524.9,340,339
524.9,320,320
524.91,339,339
524.98,320,317
524.98,335,335
524.98,320,316
524.98,328,329
524.98,323,319
524.98,322,324
524.98,326,323
525.04,320,323
525.04,334,330
525.04,322,322
525.04,338,336
525.04,322,321
525.04,340,338
525.04,321,321
525.1,341,340
525.1,322,322
525.1,343,343
525.1,326,326
525.1,342,343
525.1,332,329
525.11,339,342
525.16,337,333
525.16,336,339
525.16,343,339
525.16,333,336
525.16,347,346
525.16,335,336
525.17,348,348
525.23,336,334
525.23,349,350
525.23,331,330
525.23,346,346
525.23,328,326
525.23,342,342
525.24,328,326
525.29,336,337
525.29,329,326
525.29,331,334
525.29,331,327
525.29,327,328
525.3,334,329
525.3,318,320
525.37,329,328
525.37,310,311
525.37,325,323
525.37,305,304
525.37,318,318
525.37,303,301
525.37,319,317
525.43,298,297
525.43,314,314
525.43,303,300
525.43,310,313
525.43,306,304
525.43,306,310
525.44,312,309
525.49,301,304
525.49,313,311
525.49,298,300
525.49,314,313
525.49,297,298
525.49,315,314
525.5,297,298
525.55,318,317
525.55,300,299
525.55,317,317
525.55,305,303
525.55,316,319
525.56,312,307
525.57,315,319
525.63,317,315
525.63,312,317
525.63,323,320
525.63,314,314
525.63,329,327
525.63,313,314
525.63,330,327
525.69,313,314
525.69,331,330
525.69,314,314
525.69,336,335
525.69,319,316
525.69,333,334
525.7,322,320
525.76,330,332
525.76,327,324
525.76,327,330
525.76,331,328
525.76,325,326
525.76,338,335
525.76,321,323
525.82,340,338
525.82,323,323
525.82,340,341
525.82,324,324
525.82,342,342
525.82,324,322
525.83,340,340
525.88,329,326
525.88,339,341
525.88,331,326
525.88,336,338
525.88,337,331
525.89,331,333
525.89,339,336
525.96,328,330
525.96,343,341
525.96,328,330
525.96,347,344
525.96,328,328
525.96,345,346
525.96,330,329
526.02,348,348
526.02,328,328
526.02,347,347
526.02,336,332
526.02,346,347
526.02,340,335
526.02,341,343
526.08,345,339
526.08,332,337
526.08,346,343
526.08,333,334
526.08,349,347
526.08,329,330
526.09,350,349
526.15,331,331
526.15,348,349
526.15,331,329
526.15,349,348
526.15,330,328
526.15,345,345
526.16,333,331
526.21,341,341
526.21,335,332
526.21,334,338
526.21,343,338
526.21,328,332
526.21,343,341
526.22,323,326
526.29,345,342
526.29,323,324
526.29,345,344
526.29,324,324
526.29,345,344
526.29,325,325
526.29,342,343
526.35,326,324
526.35,339,340
526.35,331,326
526.35,335,337
526.35,332,328
526.35,326,329
526.35,336,334
526.41,326,327
526.41,340,337
526.41,322,323
526.41,337,336
526.41,320,321
526.41,339,338
526.42,317,317
526.48,339,338
526.48,320,318
526.48,333,335
526.48,321,318
526.48,328,332
526.48,326,321
526.48,325,329
526.54,329,325
526.54,318,323
526.54,331,329
526.54,317,319
526.54,337,334
526.54,318,317
526.55,338,335
526.6,315,315
526.6,334,335
526.6,316,316
526.6,335,336
526.6,318,316
526.61,333,333
526.61,323,319
526.68,329,331
526.68,328,323
526.68,324,328
526.68,333,328
526.68,321,323
526.68,336,334
526.68,319,320
526.74,335,336
526.74,318,319
526.74,339,337
526.74,319,318
526.74,337,338
526.74,318,317
526.75,336,337
526.8,321,319
526.8,335,336
526.8,327,322
526.8,326,332
526.8,330,325
526.8,322,326
526.81,334,330
526.87,318,321
526.87,335,333
526.87,319,319
526.87,337,335
526.87,317,316
526.87,334,334
526.88,315,315
526.93,334,335
526.93,317,316
526.93,334,335
526.93,320,319
526.93,330,334
526.93,325,321
526.94,326,329
527.01,332,329
527.01,323,326
527.01,338,334
527.01,322,322
527.01,339,336
527.01,322,321
527.01,339,337
527.07,323,321
527.07,341,339
527.07,321,319
527.07,338,340
527.07,323,322
527.07,335,339
527.07,327,323
527.13,332,337
527.13,333,328
527.13,331,333
527.13,338,332
527.13,324,327
527.13,338,337
527.14,324,324
527.19,341,340
527.19,324,325
527.19,342,341
527.19,324,323
527.19,343,343
527.2,323,322
527.2,341,341
527.25,328,325
527.26,338,340
527.26,330,328
527.26,333,336
527.26,335,330
527.26,329,332
527.27,340,337
527.33,329,330
527.33,345,344
527.33,329,329
527.33,346,347
527.33,331,330
527.33,352,349
527.34,329,330
527.39,351,352
527.39,335,332
527.39,348,350
527.39,337,333
527.39,342,346
527.39,338,335
527.4,336,340
527.46,341,337
527.46,333,336
527.46,347,343
527.46,330,332
527.46,347,346
527.46,331,331
527.47,350,348
527.52,331,329
527.52,350,349
527.52,330,330
527.52,348,348
527.52,330,329
527.52,345,347
527.53,334,332
527.58,342,342
527.58,341,335
527.58,336,339
527.58,345,341
527.58,330,333
527.59,347,344
527.6,330,332
527.66,347,346
527.66,328,328
527.66,347,345
527.66,327,327
527.66,347,346
527.66,328,327
527.66,344,345
527.72,334,329
527.72,340,343
527.72,332,329
527.72,336,340
527.72,339,335
527.72,330,334
527.73,340,337
527.79,327,327
527.79,341,338
527.79,320,322
527.79,341,340
527.79,321,322
527.79,340,339
527.79,317,318
527.85,337,338
527.85,320,319
527.85,335,335
527.85,322,320
527.85,330,333
527.85,326,324
527.86,328,330
527.91,330,329
527.91,323,324
527.91,336,332
527.91,321,321
527.91,337,334
527.92,320,320
527.93,337,337
527.99,317,317
527.99,337,338
527.99,320,318
527.99,337,338
527.99,322,319
527.99,330,334
527.99,325,320
528.05,327,331
528.05,326,322
528.05,320,325
528.05,331,327
528.05,320,322
528.05,335,332
528.06,316,317
528.11,336,334
528.11,318,317
528.11,335,335
528.11,318,316
528.11,337,335
528.11,319,316
528.12,334,334
528.18,320,317
528.18,330,331
528.18,323,319
528.18,325,329
528.18,328,324
528.18,322,325
528.19,334,331
528.25,321,322
528.25,338,335
528.25,318,320
528.25,339,337
528.25,317,318
528.25,339,340
528.25,321,319
528.31,341,339
528.31,321,319
528.31,335,338
528.31,325,322
528.31,333,335
528.31,328,325
528.32,327,331
528.38,337,331
528.38,324,327
528.38,339,336
528.38,323,325
528.38,342,340
528.38,321,322
528.38,340,340
528.44,325,323
528.44,343,344
528.44,324,322
528.44,341,342
528.44,326,323
528.44,337,340
528.45,330,326
528.5,332,335
528.5,333,328
528.5,329,333
528.5,338,334
528.5,325,327
528.51,342,338
528.52,324,325
528.58,342,341
528.58,325,323
528.58,344,341
528.58,323,322
528.58,344,343
528.58,324,323
528.58,340,341
528.64,327,325
528.64,339,341
528.64,333,329
528.64,336,338
528.64,339,334
528.64,331,333
528.65,344,339
528.7,328,329
528.7,345,342
528.7,326,328
528.7,345,344
528.7,325,326
528.7,347,346
528.71,328,326
528.76,345,346
528.76,328,326
528.76,342,344
528.76,330,329
528.76,339,341
528.77,336,330
528.78,332,334
528.83,341,336
528.83,326,330
528.83,341,338
528.83,326,327
528.83,342,341
528.83,323,324
528.84,342,341
528.9,321,322
528.9,342,341
528.9,323,322
528.9,343,342
528.9,324,323
528.9,337,338
528.91,326,324
528.97,330,335
528.97,330,328
528.97,327,329
528.97,336,333
528.97,325,327
528.97,337,336
528.97,323,322
529.03,338,337
529.03,319,321
529.03,338,337
529.03,319,318
529.03,337,336
529.03,319,317
529.04,335,335
529.09,322,318
529.09,329,332
529.09,324,320
529.09,326,327
529.09,330,325
529.1,318,321
529.11,332,328
529.16,318,319
529.16,332,330
529.16,315,316
529.16,334,333
529.16,315,315
529.16,334,334
529.17,315,314
529.23,332,333
529.23,317,314
529.23,329,331
529.23,318,316
529.23,328,330
529.23,324,320
529.24,320,324
529.3,330,324
529.3,316,319
529.3,332,328
529.3,315,315
529.3,332,331
529.3,315,314
529.3,333,333
529.36,315,314
529.36,334,333
529.36,315,314
529.36,330,332
529.36,319,316
529.36,329,330
529.37,322,319
529.42,325,328
529.42,327,322
529.42,320,324
529.42,331,325
529.42,316,319
529.42,332,328
529.43,313,315
529.48,332,331
529.48,312,313
529.48,333,332
529.48,313,312
529.48,330,332
529.49,314,313
529.5,327,330
529.56,316,313
529.56,326,326
529.56,320,315
529.56,319,321
529.56,324,318
529.56,314,317
529.56,326,323
529.62,315,315
529.62,329,328
529.63,313,313
529.63,331,330
529.63,310,312
529.63,333,333
529.63,312,313
529.69,332,332
529.69,318,314
529.69,332,332
529.69,318,317
529.69,328,330
529.69,325,322
529.69,323,327
529.75,330,327
529.75,321,323
529.75,336,334
529.75,321,322
529.75,340,338
529.75,321,322
529.76,339,338
529.81,319,318
529.81,338,338
529.81,321,320
529.81,338,338
529.81,325,322
529.82,335,337
529.83,328,324
529.89,330,332
529.89,331,328
529.89,323,327
529.89,335,332
529.89,324,324
529.89,335,334
529.89,321,321
529.95,339,337
529.95,319,320
529.95,339,338
529.95,319,318
529.95,338,338
529.95,320,319
529.96,335,335
530.02,323,320
530.02,330,333
530.02,327,322
530.02,324,329
530.02,334,328
530.02,322,324
530.02,333,331
530.08,318,320
530.08,338,334
530.08,319,319
530.08,336,335
530.08,317,318
530.08,336,338
530.09,321,319
530.14,338,338
530.14,320,319
530.14,336,338
530.14,325,323
530.14,332,335
530.15,333,327
530.15,327,331
530.2,337,332
530.2,322,326
530.2,339,337
530.2,323,323
530.2,339,338
530.21,322,321
530.22,340,339
530.28,320,320
530.28,338,340
530.28,321,320
530.28,340,343
530.28,329,325
530.28,340,341
530.28,334,329
530.34,338,341
530.34,342,337
530.34,335,337
530.34,345,342
530.34,333,334
530.34,349,346
530.35,331,332
530.41,351,349
530.41,330,330
530.41,352,350
530.41,329,329
530.41,350,349
530.41,331,329
530.42,348,348
530.47,335,332
530.47,342,346
530.47,338,335
530.47,336,340
530.47,344,340
530.47,334,335
530.48,346,342
530.53,328,330
530.53,345,344
530.53,325,326
530.53,344,343
530.53,326,325
530.54,344,344
530.55,326,323
530.61,345,344
530.61,325,323
530.61,341,342
530.61,328,325
530.61,333,336
530.61,331,328
530.61,326,331
530.67,338,333
530.67,322,325
530.67,336,335
530.67,321,323
530.67,337,336
530.67,320,321
530.68,340,339
530.73,323,321
530.73,341,340
530.73,321,320
530.73,336,340
530.73,324,322
530.74,334,336
530.74,327,324
530.8,329,332
530.8,331,326
530.8,323,325
530.8,333,331
530.8,321,324
530.8,340,338
530.81,320,320
530.86,339,337
530.86,320,320
530.86,339,338
530.86,317,317
530.86,334,335
530.87,317,317
530.87,331,333
530.94,320,317
530.94,328,332
530.94,325,320
530.94,322,327
530.94,330,324
530.94,318,321
530.94,330,327
531.0,315,315
531.0,332,332
531.0,316,317
531.0,335,334
531.0,315,315
531.0,336,334
531.01,316,315
531.06,334,335
531.06,318,316
531.06,331,333
531.06,321,318
531.06,326,331
531.06,330,324
531.07,323,325
531.13,330,327
531.13,320,321
531.13,335,332
531.13,318,319
531.13,338,335
531.13,319,319
531.14,339,338
531.19,321,320
531.19,341,340
531.19,320,318
531.19,336,339
531.19,322,320
531.19,333,335
531.2,329,325
531.27,331,334
531.27,335,330
531.27,325,328
531.27,338,335
531.27,323,325
531.27,341,338
531.27,322,323
531.33,342,340
531.33,323,322
531.33,344,342
531.33,323,322
531.33,340,341
531.33,323,322
531.33,339,341
531.39,327,324
531.39,334,337
531.39,332,329
531.39,330,334
531.39,337,334
531.39,328,331
531.4,340,338
531.45,325,326
531.45,342,340
531.45,323,324
531.45,343,341
531.45,321,321
531.46,345,343
531.46,323,322
531.52,341,343
531.52,327,324
531.52,340,340
531.52,331,326
531.52,332,336
531.52,335,329
531.53,329,330
531.59,336,331
531.59,323,324
531.59,339,336
531.59,321,321
531.59,336,337
531.59,319,319
531.6,338,338
531.65,319,317
531.65,334,337
531.65,319,317
531.65,335,335
531.66,322,319
531.66,331,334
531.66,325,321
531.72,327,330
531.72,331,327
531.72,322,326
531.72,337,333
531.72,320,322
531.72,339,337
531.73,321,321
531.74,338,338
531.75,320,320
531.75,338,339
531.81,323,321
531.81,340,340
531.81,322,321
531.81,336,339
531.81,328,324
531.81,333,335
531.82,333,328
531.87,329,331
531.87,334,332
531.87,325,326
531.87,337,336
531.87,323,324
531.88,339,338
531.89,320,321
531.94,340,338
531.94,320,319
531.94,341,340
531.94,321,321
531.94,338,340
531.94,324,321
531.95,335,337
532.02,327,323
532.02,327,332
532.02,331,326
532.02,324,328
532.02,334,330
532.02,323,323
532.02,336,335
532.08,320,321
532.08,339,337
532.08,320,320
532.08,341,339
532.08,322,321
532.08,341,340
532.08,323,321
532.14,338,341
532.14,327,323
532.14,335,338
532.14,330,327
532.14,331,335
532.14,336,332
532.15,326,331
532.2,341,337
532.2,327,327
532.2,340,341
532.2,324,326
532.2,346,344
532.21,324,324
532.21,347,344
532.27,325,325
532.27,344,344
532.27,324,324
532.27,338,341
532.27,331,326
532.27,335,336
532.28,334,329
532.34,329,332
532.34,337,333
532.34,324,327
532.34,339,336
532.34,323,323
532.34,340,338
532.34,323,321
532.41,343,341
532.41,320,320
532.41,339,339
532.41,322,320
532.41,335,337
532.41,320,317
532.41,329,332
532.47,323,319
532.47,323,326
532.47,325,322
532.47,318,321
532.47,329,324
532.47,312,315
532.48,330,328
532.53,312,313
532.53,331,330
532.53,312,311
532.53,332,330
532.53,312,310
532.53,331,331
532.54,313,312
532.59,328,329
532.59,315,313
532.59,324,326
532.59,321,316
532.59,318,322
532.6,325,320
532.61,315,316
532.67,328,326
532.67,311,313
532.67,329,327
532.67,312,313
532.67,331,330
532.67,312,312
532.67,333,333
532.73,312,312
532.73,333,332
532.73,316,315
532.73,333,333
532.73,321,319
532.73,326,330
532.74,328,324
532.79,323,326
532.79,332,329
532.79,320,322
532.79,336,333
532.79,321,320
532.8,339,336
532.8,320,320
532.86,339,337
532.86,318,319
532.86,339,339
532.86,320,319
532.86,337,339
532.86,323,322
532.87,331,335
532.93,328,324
532.93,329,332
532.93,334,329
532.93,324,327
532.93,338,334
532.93,322,324
532.93,338,337
533.0,320,322
533.0,341,339
533.0,321,321
533.0,342,342
533.0,322,322
533.0,342,343
533.0,323,323
533.06,340,343
533.06,326,325
533.06,338,340
533.06,335,329
533.06,330,334
533.06,340,336
533.07,326,329
533.12,339,338
533.12,324,325
533.12,342,340
533.12,323,323
533.12,345,343
533.12,322,322
533.13,343,341
533.19,323,321
533.19,340,340
533.19,325,323
533.19,337,338
533.19,327,324
533.19,333,335
533.2,333,329
533.25,327,329
533.25,337,334
533.25,325,325
533.25,338,336
533.25,321,322
533.25,340,338
533.26,322,321
533.33,340,340
533.33,319,318
533.33,339,339
533.33,321,320
533.33,335,336
533.33,321,320
533.33,332,334
533.39,326,322
533.39,327,329
533.39,328,325
533.39,320,324
533.39,332,328
533.39,316,318
533.39,334,332
533.45,314,317
533.45,336,335
533.45,315,316
533.45,337,337
533.45,318,316
533.45,334,335
533.46,321,318
533.51,333,335
533.51,321,319
533.51,331,333
533.51,326,323
533.51,326,328
533.52,331,328
533.52,321,325
533.58,337,334
533.58,320,322
533.58,340,338
533.58,319,319
533.58,338,339
533.58,320,320
533.59,337,337
533.65,317,316
533.65,333,335
533.65,320,317
533.65,330,333
533.65,325,321
533.65,327,330
533.66,328,323
533.71,322,324
533.71,331,327
533.71,316,318
533.71,330,329
533.71,314,314
533.71,331,330
533.72,312,311
533.78,330,330
533.78,312,311
533.78,330,329
533.78,312,310
533.78,326,327
533.78,313,311
533.79,322,324
533.84,316,314
533.84,317,320
533.84,322,317
533.84,310,315
533.84,324,322
533.84,309,310
533.85,327,323
533.91,305,307
533.92,325,324
533.92,306,305
533.92,324,324
533.92,305,305
533.92,325,325
533.92,305,305
533.98,323,324
533.98,312,308
533.98,315,318
533.98,318,314
533.98,315,317
533.98,322,318
533.98,309,313
534.04,326,324
534.04,310,310
534.04,326,326
534.04,311,311
534.04,331,329
534.04,310,312
534.05,333,332
534.1,313,313
534.1,330,333
534.1,322,317
534.1,331,332
534.1,322,319
534.11,326,328
534.11,327,324
534.16,322,326
534.16,334,332
534.16,322,323
534.16,339,338
534.16,320,322
534.17,341,340
534.18,323,322
534.24,343,342
534.24,322,322
534.24,344,344
534.24,324,325
534.24,342,343
534.24,331,328
534.25,339,341
534.31,337,332
534.31,334,338
534.31,342,338
534.31,332,335
534.31,344,343
534.31,329,330
534.31,349,345
534.37,327,328
534.37,349,347
534.37,327,326
534.37,348,349
534.37,328,328
534.37,344,346
534.38,329,327
534.43,342,345
534.43,332,329
534.43,340,342
534.43,338,334
534.43,334,337
534.43,344,340
534.44,331,332
534.49,345,343
534.49,326,329
534.49,346,345
534.49,325,326
534.49,343,345
534.5,324,325
534.51,343,343
534.57,324,323
534.57,341,342
534.57,326,323
534.57,336,339
534.57,333,328
534.57,332,335
534.57,336,332
534.63,327,329
534.63,340,337
534.63,322,324
534.63,339,338
534.63,323,323
534.63,339,339
534.64,318,320
534.69,339,339
534.69,321,319
534.69,338,339
534.7,321,319
534.7,335,337
534.7,324,322
534.7,332,335
534.76,329,323
534.76,325,329
534.76,334,329
534.76,321,325
534.76,336,333
534.76,320,322
534.77,336,336
534.82,319,320
534.82,338,338
534.82,321,320
534.82,341,339
534.82,321,321
534.83,340,341
534.84,324,322
534.9,337,339
534.9,330,325
534.9,332,336
534.9,337,331
534.9,330,331
534.9,339,335
534.9,326,328
534.96,343,340
534.96,325,325
534.96,345,343
534.96,325,325
534.96,344,343
534.96,322,322
534.97,341,342
535.02,324,324
535.02,342,343
535.02,325,323
535.02,335,339
535.02,331,327
535.02,328,332
535.03,334,331
535.09,326,328
535.09,339,334
535.09,322,324
535.09,339,337
535.09,320,320
535.09,338,337
535.1,319,318
535.15,340,339
535.15,319,317
535.15,336,336
535.15,320,318
535.15,332,335
535.15,323,320
535.16,327,330
535.23,326,322
535.23,323,326
535.23,332,327
535.23,316,318
535.23,335,332
535.23,316,316
535.23,332,330
535.29,312,314
535.29,333,331
535.29,312,312
535.29,332,331
535.29,312,312
535.29,329,330
535.29,317,315
535.35,329,330
535.35,319,316
535.35,323,326
535.35,326,321
535.35,316,320
535.35,331,326
535.36,315,318
535.41,332,331
535.41,315,315
535.41,335,333
535.41,313,312
535.41,332,332
535.42,313,311
535.42,331,333
535.48,315,313
535.48,331,331
535.48,318,314
535.48,326,329
535.48,323,318
535.48,321,325
535.49,327,323
535.56,316,320
535.56,330,329
535.56,317,317
535.56,332,332
535.56,314,316
535.56,336,334
535.56,317,315
535.62,335,334
535.62,316,317
535.62,336,336
535.62,321,317
535.62,334,336
535.62,324,320
535.62,329,332
535.68,330,326
535.68,325,330
535.68,336,333
535.68,327,327
535.68,338,336
535.68,324,326
535.69,345,343
535.74,327,329
535.74,350,350
535.74,333,332
535.74,352,351
535.74,336,334
535.74,352,353
535.75,337,335
535.8,349,351
535.8,345,340
535.8,346,350
535.8,350,348
535.8,344,346
535.81,356,353
535.82,339,341
535.88,356,356
535.88,341,342
535.88,361,359
535.88,340,340
535.88,360,359
535.88,341,341
535.88,360,361
535.94,343,342
535.94,358,358
535.95,344,343
535.95,354,357
535.95,351,346
535.95,349,352
535.95,357,351
536.01,343,345
536.01,357,354
536.01,341,342
536.01,359,357
536.01,337,338
536.01,357,356
536.01,336,337
536.07,358,356
536.07,336,334
536.07,352,355
536.07,337,334
536.07,348,352
536.07,340,337
536.08,344,348
536.13,344,340
536.13,338,341
536.13,350,345
536.13,334,337
536.13,351,349
536.14,333,334
536.15,351,348
536.21,330,330
536.21,348,348
536.21,328,327
536.21,344,345
536.21,324,324
536.21,344,344
536.21,330,327
536.27,337,340
536.27,335,330
536.27,333,337
536.27,339,335
536.27,327,329
536.27,341,337
536.28,326,328
536.33,342,339
536.33,322,323
536.33,343,340
536.33,323,322
536.33,342,341
536.33,320,321
536.34,340,341
536.4,324,323
536.4,339,339
536.4,329,325
536.4,333,336
536.4,332,329
536.4,330,333
536.41,336,333
536.46,326,328
536.46,339,336
536.46,322,325
536.46,342,341
536.46,323,322
536.47,342,342
536.47,326,323
536.54,345,343
536.54,327,324
536.54,342,343
536.54,327,324
536.54,337,340
536.54,329,326
536.54,332,335
536.6,335,331
536.6,328,331
536.6,339,335
536.6,325,326
536.6,340,339
536.6,321,322
536.6,341,339
536.66,322,322
536.66,341,340
536.66,320,321
536.66,342,341
536.66,323,321
536.66,339,340
536.67,327,324
536.73,335,338
536.73,331,327
536.73,331,333
536.73,336,332
536.73,325,330
536.73,340,336
536.74,322,325
536.79,342,339
536.79,321,324
536.79,341,341
536.79,322,323
536.79,342,342
536.79,326,323
536.8,341,341
536.86,325,323
536.86,341,342
536.86,331,326
536.86,336,338
536.86,336,331
536.86,328,332
536.87,339,334
536.93,326,329
536.93,341,339
536.93,325,325
536.93,343,341
536.93,324,323
536.93,344,343
536.93,326,324
536.99,343,343
536.99,324,324
536.99,343,343
536.99,329,326
536.99,340,341
536.99,333,329
537.0,336,337
537.05,339,333
537.05,327,330
537.05,341,336
537.05,325,327
537.05,343,340
537.06,325,326
537.06,343,342
537.11,325,324
537.11,346,344
537.11,324,323
537.11,344,344
537.11,327,324
537.12,341,343
537.13,327,324
537.19,339,340
537.19,331,328
537.19,333,336
537.19,338,335
537.19,330,332
537.19,341,339
537.19,327,327
537.25,344,344
537.25,327,326
537.25,344,345
537.25,325,326
537.25,347,346
537.25,326,326
537.26,346,347
537.31,331,327
537.31,342,346
537.31,332,329
537.31,337,341
537.31,338,333
537.32,333,336
537.33,343,339
537.38,331,333
537.38,346,343
537.38,326,328
537.38,347,344
537.38,328,328
537.38,348,346
537.39,327,325
537.45,346,345
537.45,327,324
537.45,341,343
537.45,326,324
537.45,336,340
537.45,328,325
537.46,330,333
537.52,333,328
537.52,322,326
537.52,334,331
537.52,320,321
537.52,337,333
537.52,314,316
537.52,334,333
537.58,315,314
537.58,336,333
537.58,313,312
537.58,330,331
537.58,312,310
537.58,327,329
537.59,314,312
537.64,321,324
537.64,319,314
537.64,318,321
537.64,327,321
537.64,312,317
537.64,329,326
537.65,313,314
537.7,331,330
537.7,315,313
537.7,333,331
537.7,313,312
537.7,331,331
537.71,312,312
537.72,330,331
537.78,315,313
537.78,327,329
537.78,318,316
537.78,323,326
537.78,324,319
537.78,318,321
537.78,328,325
537.84,314,318
537.84,330,329
537.84,314,316
537.84,334,332
537.84,314,316
537.84,334,332
537.85,315,313
537.91,335,333
537.91,315,315
537.91,329,331
537.91,317,315
537.91,326,330
537.91,322,319
537.92,323,325
537.97,327,321
537.97,319,321
537.97,331,326
537.97,315,318
537.97,331,330
537.97,316,316
537.98,335,333
538.04,315,314
538.04,333,333
538.04,312,311
538.04,330,332
538.04,314,313
538.04,330,330
538.05,319,316
538.1,325,329
538.1,325,321
538.1,322,326
538.1,332,328
538.1,322,324
538.1,335,333
538.11,318,320
538.18,336,335
538.18,318,317
538.18,336,336
538.18,318,316
538.18,336,336
538.18,318,316
538.18,336,337
538.24,319,317
538.24,333,333
538.24,323,319
538.24,326,329
538.24,327,322
538.24,321,325
538.24,330,327
538.3,317,321
538.3,337,332
538.3,319,319
538.3,338,336
538.3,320,319
538.3,339,337
538.31,318,320
538.36,338,339
538.36,321,321
538.36,338,340
538.36,324,324
538.36,335,338
538.37,330,327
538.37,330,335
538.44,339,333
538.44,326,330
538.44,340,337
538.44,326,327
538.44,342,341
538.44,323,324
538.44,343,341
538.5,320,321
538.5,343,342
538.5,324,323
538.5,343,343
538.5,326,323
538.5,338,341
538.5,329,326
538.56,335,337
538.56,332,330
538.56,332,335
538.56,340,335
538.56,327,331
538.56,342,340
538.57,326,328
538.63,343,340
538.63,326,325
538.63,343,343
538.63,326,325
538.63,344,343
538.63,322,324
538.64,344,344
538.69,328,326
538.69,340,343
538.69,331,327
538.69,335,338
538.69,335,332
538.69,330,332
538.7,341,338
538.75,328,328
538.75,342,340
538.75,325,326
538.75,342,341
538.75,324,324
538.76,343,341
538.77,322,322
538.83,342,341
538.83,323,321
538.83,339,339
538.83,324,322
538.83,337,338
538.83,330,326
538.83,329,333
538.89,336,332
538.89,325,327
538.89,337,335
538.89,322,325
538.89,337,337
538.89,322,321
538.9,339,340
538.96,319,319
538.96,341,339
538.96,322,322
538.96,341,341
538.96,325,322
538.96,338,339
538.96,328,325
539.02,333,336
539.02,335,330
539.02,330,332
539.02,338,335
539.02,325,327
539.02,342,339
539.03,326,326
539.08,341,340
539.08,321,322
539.08,342,341
539.08,322,321
539.08,338,339
539.09,321,320
539.09,337,339
539.16,324,321
539.16,336,336
539.16,329,326
539.16,328,332
539.16,333,329
539.16,324,327
539.16,335,333
539.22,321,324
539.22,339,337
539.22,321,321
539.22,340,338
539.22,321,321
539.22,340,340
539.23,318,319
539.28,340,340
539.28,322,320
539.28,335,336
539.28,325,321
539.28,331,334
539.28,329,323
539.29,328,330
539.35,334,329
539.35,322,326
539.35,338,332
539.35,322,322
539.35,340,337
539.35,319,319
539.36,338,337
539.37,319,318
539.38,337,338
539.39,319,317
539.44,337,337
539.44,321,318
539.44,332,335
539.44,323,320
539.44,329,332
539.44,328,323
539.45,323,326
539.5,331,327
539.5,317,321
539.5,333,329
539.5,314,315
539.5,332,330
539.51,310,312
539.52,332,332
539.58,312,312
539.58,332,332
539.58,312,310
539.58,330,330
539.58,315,311
539.58,325,328
539.58,321,316
539.64,321,324
539.64,324,322
539.64,319,321
539.64,330,328
539.64,317,318
539.64,333,331
539.65,318,317
539.71,335,335
539.71,316,317
539.71,338,336
539.71,318,316
539.71,338,338
539.71,322,319
539.71,337,337
539.77,326,321
539.77,333,335
539.77,331,326
539.77,326,331
539.77,334,331
539.77,324,326
539.78,338,336
539.83,324,323
539.83,340,338
539.83,320,321
539.83,340,340
539.83,321,321
539.84,342,341
539.84,321,320
539.91,339,340
539.91,322,320
539.91,337,339
539.91,330,327
539.91,333,336
539.91,333,329
539.91,328,332
539.97,337,334
539.97,323,325
539.97,341,338
539.97,323,325
539.97,342,340
539.97,323,323
539.98,342,341
540.03,320,321
540.03,341,341
540.03,323,322
540.03,339,340
540.03,324,322
540.03,336,337
540.04,329,325
540.1,328,333
540.1,333,330
540.1,325,328
540.1,337,334
540.1,323,323
540.1,339,336
540.11,318,320
540.16,339,336
540.16,318,318
540.16,337,337
540.16,314,316
540.16,335,336
540.16,319,317
540.17,333,334
540.24,321,319
540.24,327,331
540.24,327,322
540.24,323,326
540.24,331,327
540.24,319,322
540.24,333,329
540.3,317,319
540.3,333,332
540.3,315,315
540.3,338,335
540.3,318,316
540.3,335,335
540.3,317,316
540.36,331,333
540.36,318,315
540.36,329,332
540.36,321,317
540.36,323,327
540.36,324,320
540.37,317,322
540.42,327,323
540.42,315,317
540.42,329,329
540.42,314,316
540.42,332,332
540.43,315,314
540.43,334,332
540.48,316,314
540.48,335,334
540.48,317,316
540.48,333,334
540.48,318,317
540.49,329,332
540.5,324,320
540.56,326,328
540.56,326,324
540.56,317,320
540.56,330,328
540.56,315,318
540.56,334,331
540.57,314,315
540.63,334,332
540.63,312,313
540.63,333,333
540.63,314,314
540.63,332,333
540.63,315,313
540.63,328,328
540.69,317,315
540.69,324,328
540.69,324,318
540.69,321,324
540.69,328,323
540.69,319,320
540.7,331,329
540.75,316,317
540.75,334,331
540.75,315,314
540.75,335,333
540.75,314,315
540.75,335,333
540.76,316,314
540.81,334,334
540.81,317,316
540.81,330,333
540.81,324,320
540.81,327,330
540.82,328,324
540.83,323,325
540.89,332,329
540.89,322,322
540.89,334,333
540.89,318,320
540.89,335,335
540.89,318,320
540.89,339,338
540.95,318,319
540.95,338,338
540.95,321,320
540.95,338,338
540.95,325,323
540.95,336,337
540.96,329,326
541.01,331,334
541.01,337,332
541.01,328,331
541.01,340,338
541.01,328,328
541.02,343,342
541.02,324,326
541.08,344,342
541.08,324,324
541.08,345,343
541.08,326,324
541.08,342,341
541.08,325,322
541.09,340,342
541.14,329,326
541.14,336,338
541.14,332,329
541.14,329,334
541.14,337,333
541.15,327,329
541.15,340,337
541.22,325,325
541.22,343,341
541.22,322,322
541.22,338,339
541.22,320,321
541.22,341,340
541.22,323,320
541.28,339,339
541.28,321,320
541.28,334,336
541.28,324,323
541.28,329,333
541.28,330,326
541.29,323,327
541.35,338,332
541.35,318,322
541.35,339,336
541.35,319,320
541.35,337,336
541.35,318,318
541.35,339,337
541.41,315,314
541.41,332,333
541.41,316,316
541.41,330,332
541.41,317,316
541.41,329,330
541.42,323,319
541.47,322,325
541.47,329,323
541.47,317,320
541.47,332,329
541.47,314,317
541.47,333,331
541.48,314,315
541.53,333,331
541.53,313,314
541.53,333,334
541.53,313,313
541.53,332,333
541.54,316,314
541.55,330,331
541.61,320,317
541.61,326,328
541.61,326,321
541.61,322,324
541.61,329,326
541.61,316,320
541.61,333,331
541.67,317,317
541.67,336,334
541.67,317,317
541.67,336,336
541.67,317,317
541.67,338,336
541.68,318,318
541.73,336,337
541.73,320,319
541.73,335,336
541.73,325,323
541.73,329,332
541.74,332,328
541.74,323,326
541.8,336,333
541.8,323,323
541.8,338,335
541.8,319,320
541.8,338,336
541.8,316,318
541.81,339,338
541.87,320,318
541.87,336,338
541.87,322,319
541.87,337,337
541.87,325,323
541.87,335,336
541.88,330,327
541.94,329,332
541.94,333,330
541.94,324,327
541.94,337,335
541.94,323,325
541.94,341,339
541.94,322,323
542.0,341,341
542.0,323,322
542.0,341,340
542.0,321,320
542.0,339,340
542.0,321,320
542.01,337,338
542.06,325,321
542.06,331,333
542.06,329,325
542.06,327,329
542.06,335,331
542.06,322,325
542.07,337,334
542.12,319,320
542.12,338,337
542.12,316,318
542.12,338,337
542.12,319,317
542.13,337,338
542.14,321,319
542.2,338,338
542.2,323,321
542.2,338,339
542.2,329,325
542.2,330,334
542.2,335,330
542.2,327,330
542.26,338,335
542.26,325,325
542.26,340,338
542.26,323,323
542.26,343,342
542.27,322,323
542.27,341,340
542.33,321,320
542.33,341,340
542.33,323,320
542.33,337,337
542.33,324,321
542.33,330,334
542.33,326,323
542.39,326,330
542.39,334,327
542.39,320,324
542.39,332,330
542.39,319,319
542.39,334,333
542.4,316,317
542.45,336,334
542.45,314,315
542.45,334,334
542.45,314,313
542.45,333,333
542.46,316,313
542.47,327,330
542.52,318,315
542.52,324,327
542.52,323,320
542.52,320,323
542.52,327,324
542.52,317,318
542.53,332,329
542.59,313,315
542.59,331,330
542.59,313,314
542.59,333,332
542.59,314,314
542.59,334,335
542.6,316,314
542.66,334,334
542.66,320,317
542.66,330,333
542.66,326,321
542.66,327,330
542.66,331,326
542.66,322,326
542.72,334,330
542.72,320,321
542.72,335,333
542.72,320,320
542.72,338,336
542.72,316,317
542.73,337,336
542.78,320,318
542.78,337,335
542.78,317,316
542.78,335,335
542.78,320,317
542.79,329,333
542.79,326,323
542.86,323,328
542.86,331,327
542.86,323,325
542.86,338,334
542.86,320,323
542.86,338,337
542.86,321,321
542.92,338,338
542.92,318,319
542.92,342,339
542.92,321,319
542.92,339,338
542.92,323,320
542.92,335,338
542.98,326,323
542.98,331,334
542.98,333,328
542.98,327,331
542.98,337,334
542.98,326,327
542.99,339,337
543.04,324,325
543.04,342,341
543.04,321,321
543.04,340,340
543.04,320,320
543.05,341,340
543.06,323,321
543.11,339,340
543.11,323,322
543.11,336,337
543.11,328,326
543.11,329,334
543.11,335,329
543.12,325,329
543.19,336,335
543.19,326,326
543.19,342,338
543.19,323,324
543.19,343,340
543.19,321,322
543.19,340,342
543.25,321,321
543.25,339,340
543.25,322,321
543.25,340,340
543.25,326,325
543.25,337,340
543.25,331,326
543.31,330,331
543.31,334,329
543.31,323,324
543.31,337,334
543.31,320,322
543.31,335,336
543.32,321,320
543.37,341,338
543.37,319,318
543.37,339,338
543.37,319,318
543.37,336,337
543.37,319,318
543.38,332,335
543.44,321,318
543.44,326,331
543.44,326,323
543.44,325,327
543.44,333,329
543.44,320,322
543.45,332,331
543.51,317,317
543.51,334,333
543.51,314,315
543.51,335,333
543.51,312,314
543.51,333,333
543.51,316,314
543.58,331,333
543.58,316,314
543.58,328,329
543.58,320,317
543.58,323,325
543.58,328,323
543.58,320,323
543.64,332,328
543.64,315,317
543.64,330,331
543.64,313,315
543.64,334,333
543.64,315,314
543.65,335,332
543.7,311,313
543.7,332,332
543.7,316,313
543.7,331,332
543.7,318,317
543.7,327,329
543.71,326,321
543.76,322,326
543.76,327,323
543.76,317,320
543.76,330,329
543.76,314,315
543.77,333,332
543.78,313,315
543.84,331,331
543.84,310,312
543.84,335,334
543.84,314,314
543.84,332,333
543.84,319,316
543.84,331,331
543.91,320,318
543.91,327,329
543.91,325,322
543.91,322,324
543.91,328,326
543.91,317,319
543.91,333,330
543.97,313,315
543.97,335,332
543.97,313,314
543.97,335,333
543.97,313,312
543.97,334,335
543.97,314,314
544.03,332,333
544.03,316,315
544.03,327,331
544.03,323,319
544.03,323,327
544.03,327,323
544.04,321,323
544.09,332,327
544.09,316,320
544.09,334,333
544.09,317,317
544.09,337,335
544.1,316,316
544.1,339,337
544.15,319,318
544.15,338,338
544.15,321,318
544.16,337,337
544.16,326,322
544.16,332,334
544.17,326,323
544.23,327,330
544.23,334,329
544.23,323,325
544.23,338,334
544.23,320,322
544.23,339,337
544.23,320,320
544.3,338,337
544.3,318,319
544.3,341,340
544.3,321,319
544.3,338,338
544.3,321,320
544.3,334,335
544.36,324,322
544.36,329,332
544.36,330,324
544.36,323,326
544.36,335,330
544.36,320,321
544.37,338,334
544.42,318,319
544.42,339,336
544.42,317,318
544.42,338,336
544.42,318,317
544.42,337,337
544.43,319,318
544.48,335,337
544.48,322,319
544.48,330,333
544.48,324,321
544.48,327,329
544.49,329,325
544.5,320,323
544.56,333,331
544.56,319,319
544.56,336,332
544.56,316,318
544.56,338,337
544.56,318,318
544.56,339,338
544.63,320,318
544.63,337,338
544.63,321,318
544.63,334,336
544.63,324,321
544.63,330,333
544.63,329,324
544.69,326,330
544.69,335,330
544.69,320,324
544.69,337,335
544.69,322,322
544.69,339,337
544.69,320,320
544.75,340,340
544.75,318,319
544.75,339,340
544.75,318,318
544.75,338,338
544.75,321,319
544.76,334,336
544.81,325,322
544.82,327,331
544.82,330,324
544.82,324,327
544.82,335,330
544.82,321,322
544.82,337,334
544.88,317,318
544.88,335,335
544.88,318,318
544.88,337,336
544.88,317,316
544.88,337,337
544.89,319,316
544.94,332,334
544.94,323,319
544.94,329,332
544.94,324,321
544.94,327,329
544.95,330,325
544.96,322,324
545.02,332,329
545.02,317,319
545.02,336,333
545.02,316,317
545.02,336,335
545.02,318,316
545.02,335,334
545.08,316,315
545.08,331,334
545.08,317,314
545.08,332,334
545.08,321,318
545.08,330,331
545.09,324,320
545.14,321,325
545.14,327,324
545.14,318,321
545.14,333,331
545.14,317,319
545.14,335,334
545.15,315,314
545.2,335,334
545.2,314,314
545.2,336,335
545.2,317,315
545.2,334,334
545.21,319,317
545.22,331,332
545.28,320,318
545.28,326,328
545.28,327,322
545.28,321,324
545.28,331,327
545.28,319,319
545.28,334,333
545.34,316,317
545.34,335,333
545.34,317,316
545.34,336,334
545.34,315,316
545.34,335,336
545.35,317,316
545.41,333,335
545.41,320,317
545.41,328,331
545.41,324,322
545.41,324,329
545.41,331,326
545.41,319,322
545.47,333,329
545.47,318,320
545.47,335,333
545.47,315,317
545.47,336,334
545.47,315,316
545.48,337,335
545.53,317,316
545.53,336,335
545.53,317,315
545.53,331,333
545.53,321,318
545.54,326,331
545.55,326,322
545.61,321,326
545.61,331,327
545.61,320,323
545.61,336,332
545.61,319,319
545.61,336,334
545.61,317,318
545.67,336,336
545.67,315,316
545.67,334,336
545.67,316,316
545.67,335,336
545.67,319,317
545.68,332,335
545.73,324,319
545.73,326,330
545.73,328,323
545.73,322,326
545.73,333,330
545.73,318,319
545.74,333,332
545.8,317,317
545.8,334,334
545.8,316,317
545.8,336,337
545.8,316,317
545.8,336,337
545.81,320,318
545.86,336,339
545.86,325,323
545.86,334,337
545.86,332,328
545.86,334,337
545.87,339,335
545.87,329,334
545.94,342,340
545.94,330,333
545.94,348,348
545.94,332,332
545.94,354,351
545.94,332,333
545.94,352,352
546.0,332,332
546.0,354,353
546.0,337,335
546.0,350,351
546.0,341,337
546.0,344,349
546.0,346,341
546.06,341,344
546.06,349,344
546.06,335,337
546.06,351,348
546.06,335,334
546.06,349,349
546.07,334,333
546.13,352,350
546.13,329,331
546.13,350,351
546.13,332,330
546.13,351,352
546.13,335,333
546.14,346,350
546.19,341,336
546.19,343,347
546.19,344,340
546.19,336,340
546.19,349,346
546.19,335,336
546.2,349,348
546.25,331,333
546.25,352,350
546.25,331,331
546.25,350,350
546.25,331,331
546.26,351,351
546.27,334,332
546.33,348,349
546.33,338,334
546.33,345,348
546.33,340,336
546.33,341,344
546.33,344,341
546.33,335,339
546.39,348,345
546.39,332,333
546.39,348,346
546.39,330,331
546.39,349,348
546.39,328,330
546.4,349,348
546.45,328,327
546.45,347,346
546.45,328,327
546.45,343,343
546.45,330,328
546.45,338,340
546.46,335,332
546.52,331,335
546.52,341,336
546.52,329,330
546.52,345,340
546.52,325,327
546.52,347,344
546.53,326,325
546.59,346,344
546.59,326,324
546.59,345,344
546.59,326,324
546.59,343,343
546.59,326,324
546.59,341,342
546.66,333,328
546.66,334,338
546.66,337,331
546.66,330,333
546.66,342,338
546.66,326,328
546.66,343,341
546.72,325,326
546.72,344,343
546.72,325,325
546.72,343,344
546.72,324,325
546.72,343,345
546.73,327,325
546.78,343,342
546.78,329,326
546.78,339,340
546.78,330,327
546.78,331,333
546.78,335,332
546.79,325,328
546.8,338,335
546.81,325,325
546.82,339,337
546.87,321,322
546.87,339,338
546.87,319,319
546.87,342,340
546.87,319,320
546.88,337,338
546.89,323,320
546.95,336,338
546.95,325,321
546.95,329,333
546.95,327,323
546.95,323,325
546.95,333,327
546.95,319,320
547.01,331,328
547.01,313,315
547.01,333,330
547.01,313,313
547.01,331,330
547.01,311,311
547.02,328,330
547.07,310,310
547.07,328,329
547.07,312,311
547.07,325,328
547.07,318,313
547.07,318,323
547.08,322,317
547.14,314,318
547.14,326,322
547.14,312,314
547.14,332,328
547.14,313,315
547.14,334,331
547.15,312,312
547.2,333,332
547.2,314,313
547.2,333,334
547.2,317,315
547.2,332,335
547.2,322,317
547.21,328,333
547.28,329,323
547.28,326,330
547.28,331,327
547.28,322,325
547.28,336,333
547.28,319,319
547.28,337,334
547.34,318,317
547.34,337,335
547.34,316,316
547.34,337,337
547.34,318,317
547.34,335,336
547.34,320,318
547.4,333,335
547.4,323,318
547.4,327,330
547.4,325,321
547.4,320,324
547.4,327,323
547.41,314,318
547.46,332,330
547.46,315,315
547.46,333,331
547.46,315,314
547.46,335,333
547.47,312,311
547.47,332,332
547.53,314,313
547.53,332,332
547.53,314,313
547.53,326,329
547.53,322,317
547.53,322,327
547.54,326,322
547.6,317,320
547.6,331,326
547.6,314,316
547.6,331,329
547.6,313,314
547.6,334,333
547.61,313,314
547.67,334,332
547.67,312,312
547.67,335,334
547.67,316,315
547.67,332,333
547.67,320,317
547.67,326,329
547.73,322,319
547.73,322,326
547.73,327,323
547.73,317,319
547.73,331,328
547.73,317,318
547.74,333,331
547.79,314,314
547.79,333,332
547.79,311,312
547.79,332,331
547.79,311,310
547.79,329,330
547.8,311,310
547.85,327,329
547.85,314,311
547.85,320,324
547.85,318,315
547.85,315,319
547.86,324,319
547.87,312,313
547.93,326,324
547.93,309,309
547.93,328,325
547.93,307,307
547.93,326,326
547.93,306,305
547.93,325,326
547.99,305,305
548.0,321,323
548.0,309,307
548.0,320,323
548.0,314,309
548.0,317,319
548.0,318,313
548.06,308,312
548.06,321,316
548.06,307,308
548.06,322,321
548.06,305,306
548.06,327,324
548.06,304,305
548.12,327,324
548.12,305,305
548.12,324,324
548.12,306,306
548.12,324,325
548.12,313,309
548.13,320,323
548.18,316,312
548.18,315,319
548.18,321,317
548.18,309,313
548.18,324,320
548.19,309,310
548.2,329,326
548.25,310,310
548.25,331,328
548.25,311,309
548.25,330,329
548.25,310,310
548.25,329,329
548.26,311,309
548.33,325,328
548.33,317,312
548.33,323,326
548.33,322,318
548.33,317,320
548.33,326,322
548.33,316,317
548.39,327,326
548.39,312,313
548.39,331,329
548.39,309,311
548.39,333,331
548.39,313,311
548.39,335,334
548.45,313,312
548.45,331,333
548.45,317,315
548.45,329,331
548.45,322,318
548.45,324,327
548.46,327,322
548.51,319,322
548.51,332,328
548.51,316,318
548.51,334,331
548.51,314,315
548.51,334,331
548.52,312,313
548.57,333,332
548.58,311,311
548.58,335,334
548.58,314,313
548.58,330,332
548.58,319,315
548.59,328,330
548.65,326,321
548.65,325,328
548.65,332,328
548.65,321,323
548.65,336,332
548.65,322,322
548.65,339,335
548.72,318,319
548.72,337,337
548.72,320,319
548.72,340,339
548.72,319,317
548.72,337,339
548.72,321,318
548.78,335,337
548.78,323,321
548.78,330,334
548.78,331,325
548.78,323,326
548.78,332,329
548.79,321,322
548.84,337,333
548.84,318,319
548.84,334,334
548.84,319,318
548.84,337,335
548.84,317,318
548.85,337,336
548.9,319,316
548.9,336,336
548.9,322,318
548.9,331,334
548.9,324,321
548.91,325,330
548.92,333,327
548.98,325,327
548.98,335,332
548.98,320,321
548.98,339,336
548.98,321,321
548.98,339,338
548.98,321,321
549.04,340,339
549.04,319,318
549.04,339,338
549.04,322,318
549.04,334,337
549.04,320,318
549.05,332,334
549.1,326,323
549.11,323,327
549.11,333,327
549.11,319,322
549.11,334,331
549.11,318,319
549.11,335,334
549.17,316,318
549.17,338,335
549.17,314,316
549.17,336,336
549.17,315,314
549.17,336,336
549.18,317,315
549.23,331,332
549.23,321,317
549.23,325,329
549.23,327,322
549.23,323,325
549.24,329,326
549.24,318,319
549.31,332,330
549.31,314,316
549.31,334,332
549.31,313,315
549.31,335,333
549.31,313,313
549.31,334,334
549.37,315,314
549.37,332,334
549.37,317,315
549.37,331,332
549.37,321,318
549.37,324,327
549.38,327,321
549.43,317,321
549.43,327,325
549.43,315,317
549.43,331,329
549.43,313,313
549.43,333,331
549.44,313,313
549.49,330,330
549.49,311,312
549.49,331,331
549.49,313,311
549.49,328,330
549.5,317,313
549.51,322,326
549.56,320,317
549.56,318,322
549.56,325,320
549.56,311,316
549.56,328,325
549.56,311,312
549.57,328,326
549.63,309,309
549.63,330,327
549.63,310,307
549.63,326,327
549.63,305,306
549.63,325,326
549.64,308,306
549.7,320,322
549.7,314,309
549.7,318,319
549.7,316,311
549.7,310,314
549.7,320,316
549.7,308,307
549.76,322,319
549.76,303,305
549.76,322,322
549.76,302,304
549.76,325,324
549.76,303,303
549.77,322,323
549.82,304,303
549.82,321,322
549.82,306,305
549.82,316,319
549.82,311,306
549.83,310,314
549.83,316,312
549.9,306,310
549.9,317,314
549.9,305,305
549.9,321,318
549.9,303,304
549.9,322,322
549.9,301,302
549.96,323,322
549.96,302,302
549.96,321,323
549.96,304,303
549.96,321,323
549.96,308,306
549.97,318,320
550.02,312,309
550.02,309,313
550.02,319,314
550.03,307,309
550.03,323,320
550.03,306,307
550.03,324,323
550.09,306,305
550.09,324,324
550.09,305,305
550.09,328,326
550.09,307,306
550.09,325,325
550.1,309,306
550.15,322,324
550.15,315,311
550.15,317,321
550.15,321,316
550.15,313,318
550.15,327,321
550.16,312,313
550.21,328,326
550.21,309,311
550.21,328,328
550.21,308,309
550.21,329,329
550.22,308,309
550.23,331,330
550.29,312,310
550.29,326,329
550.29,315,312
550.29,325,328
550.29,320,316
550.29,320,324
550.29,328,322
550.35,315,319
550.35,326,326
550.35,312,315
550.35,330,329
550.35,312,313
550.35,331,330
550.36,312,310
550.42,331,330
550.42,310,310
550.42,329,330
550.42,310,309
550.42,328,329
550.42,314,311
550.42,322,326
550.48,320,316
550.48,317,321
550.48,326,323
550.48,315,317
550.48,331,328
550.48,311,313
550.49,330,329
550.54,311,311
550.54,332,332
550.54,313,313
550.54,332,332
550.54,315,313
550.55,332,333
550.55,317,314
550.62,329,331
550.62,321,318
550.62,325,329
550.62,327,323
550.62,323,325
550.62,333,329
550.62,320,321
550.68,338,334
550.68,319,319
550.68,338,336
550.68,319,318
550.68,338,337
550.68,319,319
550.69,339,340
550.74,320,318
550.74,337,339
550.74,326,321
550.74,336,336
550.74,328,324
550.74,330,332
550.75,335,330
550.81,324,328
550.81,339,335
550.81,322,325
550.81,339,337
550.81,321,321
550.81,342,340
550.82,320,321
550.87,340,340
550.87,321,321
550.87,338,338
550.87,322,320
550.87,337,339
550.87,324,321
550.88,331,334
550.93,331,326
550.93,327,329
550.93,336,331
550.93,321,323
550.93,334,333
550.94,320,320
550.95,338,336
551.01,316,318
551.01,337,335
551.01,318,316
551.01,336,335
551.01,317,315
551.01,332,334
551.01,318,316
551.07,331,331
551.07,321,318
551.07,326,328
551.07,328,324
551.07,318,323
551.07,330,327
551.08,315,317
551.13,334,331
551.13,314,315
551.13,333,332
551.14,313,312
551.14,332,333
551.14,312,312
551.14,333,332
551.2,312,311
551.2,329,331
551.2,316,313
551.2,328,330
551.2,320,318
551.2,323,325
551.21,328,323
551.26,315,319
551.26,329,326
551.26,314,316
551.26,333,332
551.26,313,313
551.27,333,331
551.28,308,310
551.34,333,332
551.34,313,311
551.34,332,332
551.34,315,312
551.34,328,331
551.34,318,314
551.34,323,327
551.4,323,318
551.4,316,321
551.4,329,323
551.4,315,317
551.4,331,328
551.4,312,313
551.41,330,329
551.46,313,312
551.46,334,332
551.46,312,312
551.46,334,333
551.46,313,311
551.46,330,333
551.47,315,314
551.54,327,331
551.54,321,316
551.54,321,326
551.54,325,319
551.54,317,321
551.54,329,325
551.54,313,313
551.6,330,328
551.6,309,311
551.6,331,329
551.6,310,312
551.6,330,330
551.6,310,310
551.6,331,332
551.66,311,310
551.66,327,328
551.66,311,310
551.66,321,325
551.66,318,314
551.66,319,322
551.67,321,318
551.72,314,316
551.72,328,324
551.72,311,312
551.72,326,326
551.72,307,308
551.73,329,326
551.73,308,308
551.79,331,329
551.79,309,307
551.79,329,329
551.79,311,308
551.79,325,327
551.79,315,312
551.8,320,323
551.85,318,314
551.85,315,318
551.85,324,319
551.85,310,313
551.85,326,324
551.86,310,310
551.87,328,326
551.93,308,308
551.93,327,327
551.93,310,309
551.93,330,330
551.93,309,309
551.93,327,329
551.93,312,310
551.99,326,327
551.99,315,313
551.99,319,323
551.99,323,317
551.99,317,318
551.99,326,323
552.0,314,314
552.06,330,327
552.06,311,311
552.06,329,328
552.06,310,310
552.06,328,329
552.06,311,309
552.06,328,330
552.12,313,311
552.12,329,329
552.12,316,312
552.12,324,325
552.12,321,316
552.12,320,322
552.13,324,321
552.18,315,316
552.18,329,326
552.18,314,314
552.18,332,329
552.18,310,312
552.19,333,332
552.19,308,310
552.24,331,330
552.24,312,310
552.24,331,330
552.24,313,310
552.24,327,328
552.25,318,316
552.26,321,325
552.32,323,318
552.32,317,320
552.32,326,323
552.32,315,316
552.32,329,325
552.32,314,313
552.32,330,329
552.38,312,311
552.38,332,330
552.38,311,310
552.38,332,331
552.38,310,310
552.38,330,331
552.39,314,311
552.45,324,327
552.45,318,315
552.45,321,324
552.45,325,320
552.45,315,319
552.45,326,324
552.46,313,315
552.51,331,329
552.51,310,311
552.51,331,329
552.51,309,310
552.51,328,330
552.51,310,308
552.52,328,328
552.58,312,309
552.58,325,325
552.58,313,311
552.58,320,322
552.58,316,313
552.58,314,319
552.59,325,319
552.65,312,314
552.65,328,324
552.65,311,311
552.65,326,326
552.65,305,307
552.65,329,327
552.65,306,307
552.71,327,328
552.71,306,306
552.71,326,326
552.71,312,309
552.71,325,326
552.71,315,312
552.72,318,321
552.77,320,315
552.77,312,318
552.77,324,320
552.77,311,313
552.77,327,325
552.77,307,309
552.78,326,325
552.83,310,309
552.83,327,327
552.83,306,306
552.83,327,327
552.83,309,306
552.84,324,325
552.85,314,310
552.91,323,323
552.91,315,312
552.91,316,320
552.91,322,318
552.91,315,316
552.91,326,323
552.91,313,313
552.98,328,326
552.98,308,310
552.98,330,329
552.98,311,310
552.98,330,331
552.98,310,309
552.98,328,329
553.04,314,312
553.04,325,326
553.04,314,312
553.04,323,325
553.04,320,317
553.04,317,320
553.05,325,320
553.1,313,317
553.1,328,325
553.1,312,312
553.1,331,328
553.1,310,311
553.1,330,329
553.11,310,310
553.16,330,330
553.16,312,310
553.16,328,330
553.16,311,310
553.16,327,328
553.17,319,315
553.18,322,325
553.24,324,319
553.24,315,317
553.24,328,325
553.24,313,315
553.24,329,328
553.24,312,314
553.24,332,330
553.3,313,314
553.3,333,333
553.3,314,313
553.3,333,332
553.3,315,313
553.3,331,332
553.31,317,315
553.36,329,331
553.36,323,320
553.36,323,325
553.36,330,325
553.36,318,322
553.36,332,329
553.37,318,318
553.43,336,333
553.43,317,318
553.43,336,336
553.43,318,317
553.43,336,336
553.43,316,317
553.44,337,337
553.49,319,317
553.49,333,334
553.49,326,322
553.49,329,332
553.49,330,324
553.5,324,328
553.5,334,330
553.57,322,324
553.57,338,335
553.57,320,321
553.57,336,337
553.57,317,319
553.57,339,339
553.57,317,318
553.63,341,340
553.63,321,318
553.63,335,338
553.63,323,321
553.63,332,335
553.63,328,324
553.63,328,331
553.69,332,327
553.69,324,326
553.69,336,332
553.69,323,323
553.69,338,335
553.69,319,319
553.7,337,335
553.75,316,317
553.75,338,337
553.75,319,317
553.75,337,338
553.75,322,319
553.76,333,335
553.77,321,319
553.82,330,334
553.82,328,323
553.82,326,329
553.82,334,329
553.82,321,324
553.82,336,333
553.83,316,319
553.89,335,334
553.89,317,317
553.89,337,337
553.89,316,317
553.89,339,338
553.89,319,316
553.9,337,337
553.96,320,319
553.96,332,334
553.96,324,320
553.96,329,331
553.96,329,324
553.96,321,325
553.96,330,327
554.02,317,319
554.02,332,330
554.02,315,316
554.02,336,335
554.02,314,315
554.02,335,334
554.03,316,315
554.08,336,335
554.08,318,315
554.08,334,334
554.08,320,317
554.08,326,331
554.09,325,320
554.09,326,328
554.14,327,324
554.14,318,322
554.14,331,329
554.14,315,317
554.14,333,332
554.15,314,315
554.16,334,333
554.22,313,315
554.22,335,334
554.22,313,313
554.22,333,333
554.22,317,314
554.22,331,332
554.22,318,315
554.29,324,328
554.29,325,319
554.29,318,324
554.29,329,324
554.29,316,320
554.29,334,329
554.29,315,315
554.3,331,331
554.31,314,314
554.32,333,332
554.38,311,313
554.38,332,332
554.38,311,312
554.38,330,332
554.38,315,314
554.38,329,330
554.38,320,317
554.44,324,326
554.44,326,323
554.44,318,321
554.44,331,326
554.44,317,318
554.44,333,330
554.45,315,316
554.5,336,333
554.5,313,315
554.51,337,335
554.51,315,315
554.51,335,335
554.51,317,314
554.52,332,334
554.57,318,316
554.57,327,329
554.57,322,318
554.57,320,324
554.57,329,323
554.57,315,319
554.58,329,326
554.64,312,313
554.65,327,327
554.65,309,309
554.65,329,328
554.65,308,309
554.65,328,328
554.65,311,309
554.71,329,329
554.71,312,310
554.71,325,327
554.71,316,312
554.71,323,325
554.71,322,318
554.71,317,321
554.77,328,323
554.77,314,315
554.77,328,327
554.77,310,313
554.77,332,329
554.77,312,310
554.78,330,330
554.83,311,309
554.83,328,329
554.83,312,310
554.83,327,328
554.83,312,310
554.84,323,325
554.84,316,313
554.91,318,322
554.91,319,315
554.91,313,317
554.91,324,321
554.91,311,311
554.91,328,325
554.91,309,311
554.97,330,327
554.97,307,308
554.97,329,328
554.97,309,308
554.97,327,329
554.97,310,309
554.97,325,327
555.03,312,308
555.03,318,321
555.03,317,312
555.03,311,316
555.03,318,314
555.03,308,310
555.04,320,318
555.1,306,306
555.1,326,324
555.1,304,306
555.1,326,324
555.1,306,306
555.1,325,325
555.11,307,306
555.16,324,325
555.16,310,306
555.16,323,325
555.16,315,310
555.16,319,321
555.16,319,313
555.17,310,314
555.24,322,318
555.24,308,309
555.24,323,322
555.24,307,307
555.24,325,323
555.24,305,306
555.24,326,324
555.3,304,304
555.3,325,324
555.3,304,302
555.3,323,323
555.3,309,305
555.3,320,323
555.3,314,311
555.36,314,318
555.36,320,315
555.36,313,316
555.36,327,323
555.36,310,311
555.36,330,325
555.37,308,308
555.42,330,328
555.42,310,308
555.42,328,328
555.42,313,311
555.43,329,329
555.43,312,309
555.43,328,331
555.49,315,312
555.49,321,325
555.49,320,316
555.49,316,319
555.49,325,320
555.49,312,316
555.5,328,326
555.55,313,313
555.55,329,328
555.55,309,310
555.55,333,330
555.55,309,309
555.56,332,331
555.56,311,309
555.63,330,331
555.63,313,311
555.63,328,331
555.63,319,313
555.63,324,327
555.63,326,321
555.63,318,322
555.69,330,327
555.69,316,318
555.69,333,332
555.69,318,317
555.69,335,335
555.69,315,316
555.7,337,337
555.75,316,317
555.75,339,338
555.75,318,317
555.75,339,339
555.75,323,320
555.75,337,338
555.76,328,325
555.82,331,335
555.82,338,332
555.82,328,332
555.82,341,337
555.82,327,328
555.82,346,343
555.83,324,324
555.88,347,344
555.88,323,323
555.88,345,344
555.88,323,321
555.88,341,342
555.88,325,323
555.89,335,338
555.95,323,321
555.95,331,332
555.95,327,323
555.95,318,323
555.95,327,322
555.95,313,314
555.96,326,324
556.02,309,309
556.02,324,323
556.02,302,303
556.02,321,321
556.02,301,302
556.02,323,321
556.02,302,301
556.08,321,321
556.08,303,302
556.08,317,318
556.08,310,305
556.08,311,315
556.08,313,309
556.09,307,310
556.14,319,314
556.14,307,309
556.14,322,321
556.14,307,308
556.14,324,323
556.15,304,306
556.15,324,325
556.21,307,306
556.21,327,326
556.21,308,306
556.21,325,325
556.21,310,308
556.21,321,325
556.22,319,313
556.28,318,322
556.28,323,320
556.28,314,318
556.28,326,324
556.28,311,314
556.28,329,326
556.28,311,311
556.34,326,325
556.34,307,308
556.34,324,325
556.34,308,305
556.35,325,325
556.35,308,306
556.35,321,322
556.41,309,305
556.41,315,317
556.41,312,307
556.41,308,311
556.41,315,310
556.41,301,304
556.42,315,313
556.47,301,302
556.47,316,314
556.47,298,299
556.47,318,316
556.47,299,298
556.47,319,318
556.48,297,297
556.55,314,315
556.55,300,298
556.55,313,314
556.55,303,300
556.55,309,311
556.55,306,304
556.55,306,307
556.61,313,310
556.61,303,303
556.61,316,313
556.61,301,301
556.61,319,316
556.61,300,302
556.61,321,319
556.67,300,302
556.67,320,320
556.67,302,302
556.67,320,320
556.67,307,304
556.67,319,319
556.68,311,308
556.73,314,318
556.73,318,314
556.73,312,314
556.73,320,317
556.73,310,311
556.74,322,321
556.74,310,310
556.8,324,323
556.8,310,310
556.8,326,326
556.8,306,308
556.8,330,328
556.8,310,310
556.81,327,328
556.86,315,310
556.86,320,323
556.86,315,313
556.86,321,323
556.86,321,319
556.87,318,319
556.87,327,324
556.94,316,317
556.94,329,325
556.94,313,314
556.94,331,329
556.94,313,312
556.94,330,331
556.94,311,311
557.0,329,329
557.0,311,312
557.0,330,330
557.0,317,314
557.0,325,327
557.0,321,317
557.01,320,322
557.06,326,322
557.06,319,319
557.06,324,322
557.06,314,316
557.06,329,327
557.06,315,315
557.07,333,330
557.13,311,314
557.13,332,331
557.13,313,314
557.13,330,331
557.13,316,313
557.13,330,332
557.14,320,316
557.19,327,328
557.19,322,319
557.19,326,326
557.19,324,323
557.19,322,322
557.19,328,326
557.2,319,320
557.27,333,328
557.27,319,319
557.27,330,330
557.27,315,316
557.27,334,333
557.27,315,315
557.27,334,334
557.33,317,316
557.33,332,334
557.33,319,316
557.33,325,329
557.33,323,320
557.33,327,327
557.33,325,323
557.39,323,324
557.39,326,325
557.39,322,323
557.39,331,328
557.39,318,320
557.39,334,331
557.4,317,318
557.45,335,333
557.45,312,312
557.45,332,333
557.45,313,313
557.45,332,333
557.46,318,315
557.46,328,329
557.52,321,318
557.52,324,327
557.52,323,320
557.52,322,325
557.52,328,325
557.52,318,321
557.53,331,328
557.59,314,316
557.59,328,327
557.59,314,314
557.59,329,329
557.59,311,311
557.59,355,349
557.6,288,291
557.66,361,360
557.66,286,283
557.66,359,362
557.66,291,286
557.66,350,357
557.66,299,291
557.66,339,347
557.72,311,300
557.72,323,334
557.72,325,312
557.72,307,319
557.72,340,328
557.72,295,304
557.73,352,342
557.78,282,291
557.78,361,354
557.78,277,281
557.78,359,360
557.78,278,276
557.78,354,358
557.79,285,279
557.84,345,352
557.84,299,289
557.84,332,343
557.84,313,302
557.84,316,329
557.85,330,316
557.86,300,311
557.91,343,330
557.91,286,297
557.91,354,343
557.91,277,284
557.91,358,355
557.91,277,277
557.92,356,358
557.98,281,276
557.98,351,357
557.98,291,284
557.98,341,349
557.98,304,293
557.98,328,338
557.99,318,306
558.05,313,323
558.05,336,324
558.05,295,308
558.05,350,339
558.05,287,296
558.05,362,353
558.05,279,283
558.11,363,361
558.11,282,280
558.11,360,362
558.11,288,282
558.11,352,358
558.11,300,290
558.12,341,348
558.17,312,301
558.17,326,335
558.17,327,313
558.17,307,320
558.17,343,332
558.18,293,304
558.19,356,346
558.24,283,290
558.24,362,356
558.24,278,280
558.24,363,363
558.24,281,278
558.24,355,360
558.25,291,282
558.31,346,353
558.31,302,291
558.31,332,344
558.31,318,305
558.31,316,327
558.31,334,320
558.32,302,314
558.37,347,333
558.37,284,296
558.37,354,345
558.37,276,282
558.37,360,356
558.37,278,277
558.38,358,360
558.43,283,278
558.43,352,357
558.43,290,283
558.43,341,349
558.43,304,295
558.44,325,335
558.45,321,308
558.51,308,319
558.51,335,321
558.51,295,304
558.51,349,338
558.51,282,291
558.51,358,351
558.51,278,281
558.56,361,358
558.56,278,275
558.56,357,359
558.56,284,278
558.56,346,354
558.57,297,286
558.58,335,343
558.72,311,300
558.72,320,330
558.72,327,314
558.72,304,315
558.72,341,329
558.72,287,297
558.72,352,343
558.72,277,282
558.72,357,353
558.72,275,275
558.72,357,357
558.72,279,275
558.72,352,356
558.72,286,279
558.72,339,348
558.73,300,290
558.74,327,337
