time_s,raw,averaged
0.23,312,314
0.23,315,312
0.23,282,282
0.23,293,296
0.23,308,305
0.23,289,289
0.23,305,307
0.23,318,316
0.23,318,317
0.23,339,341
0.23,335,333
0.23,332,336
0.23,352,353
0.23,340,339
0.23,350,353
0.23,335,329
0.23,286,287
0.23,306,307
0.23,308,304
0.23,295,295
0.23,320,319
0.23,314,312
0.23,320,325
0.23,354,354
0.23,345,343
0.23,368,368
0.23,353,352
0.23,370,372
0.23,362,359
0.23,372,374
0.23,336,330
0.23,331,333
0.23,336,331
0.23,329,331
0.23,345,342
0.23,338,341
0.23,369,370
0.23,362,361
0.23,382,383
0.23,367,367
0.23,387,386
0.24,370,369
0.24,386,388
0.24,349,341
0.24,348,349
0.24,341,339
0.24,347,347
0.24,349,347
0.24,350,355
0.24,367,366
0.24,365,369
0.24,381,378
0.24,366,369
0.24,385,383
0.24,369,369
0.24,387,388
0.24,351,349
0.24,348,347
0.24,335,335
0.24,346,348
0.24,337,337
0.24,349,349
0.24,348,348
0.24,360,361
0.24,363,359
0.25,357,359
0.26,370,366
0.31,355,360
0.31,376,375
0.31,361,360
0.31,380,379
0.31,363,362
0.31,380,380
0.32,366,365
0.37,377,379
0.37,368,366
0.37,378,378
0.37,369,365
0.37,374,375
0.38,368,366
0.39,366,371
0.45,371,368
0.45,364,367
0.45,372,371
0.45,363,365
0.45,375,373
0.45,362,361
0.45,374,373
0.51,359,359
0.51,373,373
0.51,355,355
0.51,368,368
0.51,355,354
0.51,361,363
0.52,356,352
0.58,360,361
0.58,353,350
0.58,355,357
0.58,352,351
0.58,350,353
0.58,354,350
0.58,347,348
0.64,352,350
0.64,340,342
0.64,350,348
0.64,334,337
0.64,351,348
0.64,330,332
0.65,347,345
0.7,325,326
0.7,348,346
0.7,320,319
0.7,344,346
0.7,316,315
0.71,346,347
0.72,318,315
0.78,341,344
0.78,324,319
0.78,334,337
0.78,329,324
0.78,325,330
0.78,334,328
0.78,319,323
0.84,336,330
0.84,311,314
0.84,344,338
0.84,309,311
0.84,348,346
0.84,309,309
0.85,353,352
0.9,310,307
0.9,351,352
0.9,312,307
0.9,343,348
0.9,316,312
0.9,334,338
0.91,324,317
0.97,323,330
0.97,332,326
0.97,314,321
0.97,338,330
0.97,303,308
0.97,346,339
0.98,300,303
1.03,347,343
1.03,297,298
1.03,342,344
1.03,302,299
1.03,340,344
1.03,308,302
1.04,334,338
1.1,313,307
1.1,324,329
1.1,318,311
1.1,313,318
1.1,327,321
1.11,306,311
1.11,338,331
1.17,298,303
1.17,342,337
1.17,289,293
1.17,342,340
1.17,288,288
1.17,339,340
1.17,291,288
1.23,330,335
1.23,296,289
1.23,311,318
1.23,633,628
1.23,0,0
1.23,0,0
1.23,0,0
1.29,0,0
1.29,0,0
1.29,0,0
1.29,1,0
1.29,0,0
1.29,0,0
1.29,0,0
1.29,0,0
1.29,0,0
1.29,0,0
1.29,0,0
1.29,0,0
1.3,0,0
1.3,0,0
1.31,0,0
1.37,0,0
1.37,0,0
1.37,0,0
1.37,0,0
1.37,0,0
1.37,0,0
1.37,0,0
1.37,0,0
1.37,0,0
1.37,0,0
1.37,0,0
1.37,0,0
1.37,0,0
1.38,0,0
1.38,0,0
1.45,0,0
1.45,0,0
1.45,0,0
1.45,0,0
1.45,0,0
1.45,0,0
1.45,0,0
1.45,0,0
1.45,0,0
1.51,0,0
1.51,0,0
1.51,0,0
1.51,0,0
1.51,0,0
1.51,0,0
1.51,0,0
1.51,0,0
1.51,0,0
1.57,0,0
1.57,0,0
1.57,0,0
1.57,0,0
1.57,0,0
1.57,0,0
1.57,0,0
1.57,0,0
1.58,0,0
1.63,0,0
1.63,0,0
1.63,0,0
1.63,0,0
1.63,0,0
1.63,0,0
1.63,0,0
1.63,0,0
1.7,0,0
1.7,0,0
1.7,0,0
1.7,0,0
1.7,0,0
1.7,0,0
1.7,0,0
1.7,0,0
1.7,0,0
1.76,0,0
1.76,0,0
1.76,0,0
1.76,0,0
1.76,0,0
1.76,0,0
1.76,0,0
1.76,0,0
1.76,0,0
1.82,0,0
1.82,0,0
1.82,0,0
1.82,0,0
1.82,0,0
1.82,0,0
1.82,0,0
1.82,0,0
1.83,0,0
1.83,0,0
1.89,0,0
1.89,0,0
1.89,0,0
1.89,0,0
1.89,0,0
1.89,0,0
1.89,0,0
1.89,0,0
1.95,0,0
1.95,0,0
1.95,0,0
1.95,0,0
1.95,0,0
1.95,0,0
1.95,0,0
1.95,0,0
2.01,0,0
2.01,0,0
2.01,0,0
2.01,0,0
2.01,0,0
2.01,0,0
2.01,0,0
2.01,0,0
2.01,0,0
2.01,0,0
2.07,0,0
2.07,0,0
2.07,0,0
2.07,0,0
2.07,0,0
2.07,0,0
2.07,0,0
2.07,0,0
2.13,0,0
2.13,0,0
2.13,0,0
2.13,0,0
2.13,0,0
2.13,0,0
2.13,0,0
2.13,0,0
2.14,0,0
2.14,0,0
2.15,0,0
2.21,0,0
2.21,0,0
2.21,0,0
2.21,0,0
2.21,0,0
2.21,0,0
2.21,0,0
2.21,0,0
2.21,0,0
2.27,0,0
2.27,0,0
2.27,0,0
2.27,0,0
2.27,0,0
2.27,0,0
2.27,0,0
2.27,0,0
2.28,0,0
2.33,0,0
2.33,0,0
2.33,0,0
2.33,0,0
2.33,0,0
2.33,0,0
2.33,0,0
2.33,0,0
2.4,0,0
2.4,0,0
2.4,0,0
2.4,0,0
2.4,0,0
2.4,0,0
2.4,0,0
2.4,0,0
2.4,0,0
2.46,0,0
2.46,0,0
2.46,0,0
2.46,0,0
2.46,0,0
2.46,0,0
2.46,0,0
2.46,0,0
2.46,0,0
2.52,0,0
2.52,0,0
2.52,0,0
2.52,0,0
2.52,0,0
2.52,0,0
2.52,0,0
2.52,0,0
2.53,0,0
2.58,0,0
2.58,0,0
2.58,0,0
2.58,0,0
2.58,0,0
2.58,0,0
2.58,0,0
2.58,0,0
2.65,0,0
2.65,0,0
2.65,0,0
2.65,0,0
2.65,0,0
2.65,0,0
2.65,0,0
2.65,0,0
2.65,0,0
2.71,0,0
2.71,0,0
2.71,0,0
2.71,0,0
2.71,0,0
2.71,0,0
2.71,0,0
2.71,0,0
2.71,0,0
2.77,0,0
2.77,0,0
2.77,0,0
2.77,0,0
2.77,0,0
2.77,0,0
2.77,0,0
2.77,0,0
2.78,0,0
2.78,0,0
2.84,0,0
2.84,0,0
2.84,0,0
2.84,0,0
2.84,1,0
2.84,0,0
2.84,0,0
2.84,0,0
2.9,0,0
2.9,0,0
2.9,0,0
2.9,0,0
2.9,0,0
2.9,0,0
2.9,0,0
2.9,0,0
2.96,0,0
2.96,0,0
2.96,0,0
2.96,0,0
2.96,0,0
2.96,0,0
2.96,0,0
2.96,0,0
2.96,0,0
2.96,0,0
3.02,0,0
3.02,0,0
3.02,0,0
3.02,0,0
3.02,0,0
3.02,0,0
3.02,0,0
3.02,0,0
3.08,0,0
3.08,0,0
3.08,0,0
3.08,0,0
3.08,0,0
3.08,0,0
3.08,0,0
3.08,0,0
3.09,0,0
3.09,0,0
3.15,0,0
3.15,0,0
3.15,0,0
3.15,1,0
3.15,0,0
3.15,0,0
3.15,0,0
3.15,0,0
3.21,0,0
3.21,0,0
3.21,0,0
3.21,0,0
3.21,0,0
3.21,0,0
3.21,0,0
3.21,0,0
3.27,0,0
3.27,0,0
3.27,0,0
3.27,0,0
3.27,0,0
3.27,0,0
3.27,0,0
3.27,0,0
3.27,0,0
3.28,0,0
3.34,0,0
3.34,0,0
3.34,0,0
3.34,0,0
3.34,0,0
3.34,0,0
3.34,0,0
3.34,0,0
3.4,0,0
3.4,0,0
3.4,0,0
3.4,0,0
3.4,0,0
3.4,0,0
3.4,0,0
3.4,0,0
3.4,0,0
3.46,0,0
3.46,0,0
3.46,0,0
3.46,0,0
3.46,0,0
3.46,0,0
3.46,0,0
3.46,0,0
3.46,0,0
3.52,0,0
3.52,0,0
3.52,0,0
3.52,0,0
3.52,0,0
3.52,0,0
3.52,0,0
3.52,0,0
3.53,0,0
3.58,0,0
3.58,0,0
3.58,0,0
3.58,0,0
3.58,0,0
3.58,0,0
3.58,0,0
3.58,0,0
3.65,0,0
3.65,0,0
3.65,0,0
3.65,0,0
3.65,0,0
3.65,0,0
3.65,0,0
3.65,0,0
3.65,0,0
3.71,0,0
3.71,0,0
3.71,0,0
3.71,0,0
3.71,0,0
3.71,0,0
3.71,0,0
3.71,0,0
3.71,0,0
3.77,0,0
3.77,0,0
3.77,0,0
3.77,0,0
3.77,0,0
3.77,0,0
3.77,0,0
3.77,0,0
3.77,0,0
3.78,0,0
3.83,0,0
3.83,0,0
3.83,0,0
3.83,0,0
3.83,0,0
3.83,0,0
3.83,0,0
3.84,0,0
3.9,0,0
3.9,0,0
3.9,0,0
3.9,0,0
3.9,0,0
3.9,0,0
3.9,0,0
3.9,0,0
3.96,0,0
3.96,0,0
3.96,0,0
3.96,0,0
3.96,0,0
3.96,0,0
3.96,0,0
3.96,0,0
3.96,0,0
3.96,0,0
4.02,0,0
4.02,0,0
4.02,0,0
4.02,0,0
4.02,0,0
4.02,0,0
4.02,0,0
4.02,0,0
4.08,0,0
4.08,0,0
4.08,0,0
4.08,0,0
4.08,0,0
4.08,0,0
4.08,0,0
4.08,0,0
4.09,0,0
4.09,0,0
4.14,0,0
4.14,0,0
4.14,0,0
4.15,0,0
4.15,0,0
4.15,0,0
4.15,0,0
4.15,0,0
4.21,0,0
4.21,0,0
4.21,0,0
4.21,0,0
4.21,0,0
4.21,0,0
4.21,0,0
4.21,0,0
4.27,0,0
4.27,0,0
4.27,0,0
4.27,0,0
4.27,0,0
4.27,0,0
4.27,0,0
4.27,0,0
4.27,0,0
4.27,0,0
4.33,0,0
4.33,0,0
4.33,0,0
4.33,0,0
4.33,0,0
4.33,0,0
4.33,0,0
4.33,0,0
4.39,0,0
4.39,0,0
4.39,0,0
4.39,0,0
4.39,0,0
4.39,0,0
4.39,0,0
4.39,0,0
4.46,0,0
4.46,0,0
4.46,0,0
4.46,0,0
4.46,0,0
4.46,0,0
4.46,0,0
4.46,0,0
4.46,0,0
4.46,0,0
4.52,0,0
4.52,0,0
4.52,0,0
4.52,0,0
4.52,0,0
4.52,0,0
4.52,0,0
4.52,0,0
4.58,0,0
4.58,0,0
4.58,0,0
4.58,0,0
4.58,0,0
4.58,0,0
4.58,0,0
4.58,0,0
4.58,0,0
4.64,0,0
4.64,0,0
4.64,0,0
4.64,0,0
4.64,0,0
4.64,0,0
4.64,0,0
4.64,0,0
4.64,0,0
4.71,0,0
4.71,0,0
4.71,0,0
4.71,0,0
4.71,0,0
4.71,0,0
4.71,0,0
4.71,0,0
4.71,0,0
4.77,0,0
4.77,0,0
4.77,0,0
4.77,0,0
4.77,0,0
4.77,0,0
4.77,0,0
4.77,0,0
4.83,0,0
4.83,0,0
4.83,0,0
4.83,0,0
4.83,0,0
4.83,0,0
4.83,0,0
4.83,0,0
4.83,0,0
4.89,0,0
4.89,0,0
4.89,0,0
4.89,1,0
4.89,0,0
4.89,0,0
4.89,0,0
4.89,0,0
4.89,0,0
4.95,0,0
4.95,0,0
4.95,1,0
4.95,0,0
4.95,0,0
4.95,0,0
4.95,0,0
4.95,0,0
5.02,0,0
5.02,0,0
5.02,0,0
5.02,0,0
5.02,0,0
5.02,0,0
5.02,0,0
5.02,0,0
5.02,0,0
5.02,0,0
5.08,0,0
5.08,0,0
5.08,0,0
5.08,0,0
5.08,0,0
5.08,0,0
5.08,0,0
5.08,0,0
5.14,0,0
5.14,0,0
5.14,0,0
5.15,0,0
5.15,0,0
5.15,0,0
5.15,0,0
5.15,0,0
5.15,0,0
5.15,0,0
5.21,0,0
5.21,0,0
5.21,0,0
5.21,0,0
5.21,0,0
5.21,0,0
5.21,0,0
5.21,0,0
5.27,0,0
5.27,0,0
5.27,0,0
5.27,0,0
5.27,0,0
5.27,0,0
5.27,0,0
5.27,0,0
5.27,0,0
5.27,0,0
5.33,0,0
5.33,0,0
5.33,0,0
5.33,0,0
5.33,0,0
5.33,0,0
5.33,0,0
5.33,0,0
5.39,0,0
5.39,0,0
5.39,0,0
5.39,0,0
5.39,0,0
5.39,0,0
5.39,0,0
5.39,0,0
5.4,0,0
5.46,0,0
5.46,1,0
5.46,0,0
5.46,0,0
5.46,0,0
5.46,0,0
5.46,0,0
5.46,0,0
5.46,0,0
5.52,0,0
5.52,0,0
5.52,0,0
5.52,1,0
5.52,0,0
5.52,0,0
5.52,0,0
5.52,0,0
5.52,0,0
5.58,0,0
5.58,0,0
5.58,0,0
5.58,0,0
5.58,0,0
5.58,0,0
5.58,0,0
5.58,0,0
5.65,0,0
5.65,0,0
5.65,0,0
5.65,0,0
5.65,0,0
5.65,0,0
5.65,0,0
5.65,0,0
5.65,0,0
5.65,0,0
5.71,0,0
5.71,0,0
5.71,0,0
5.71,0,0
5.71,1,0
5.71,0,0
5.71,0,0
5.71,0,0
5.77,0,0
5.77,0,0
5.77,0,0
5.77,0,0
5.77,0,0
5.77,0,0
5.77,0,0
5.77,0,0
5.77,0,0
5.78,0,0
5.83,0,0
5.83,0,0
5.83,0,0
5.83,0,0
5.83,0,0
5.83,0,0
5.83,0,0
5.84,0,0
5.9,0,0
5.9,0,0
5.9,0,0
5.9,0,0
5.9,0,0
5.9,0,0
5.9,0,0
5.9,0,0
5.96,0,0
5.96,0,0
5.96,0,0
5.96,0,0
5.96,0,0
5.96,0,0
5.96,0,0
5.96,0,0
5.96,0,0
5.96,0,0
6.02,0,0
6.02,0,0
6.02,0,0
6.02,0,0
6.02,0,0
6.02,0,0
6.02,1,0
6.02,0,0
6.08,0,0
6.08,0,0
6.08,0,0
6.08,0,0
6.08,0,0
6.08,0,0
6.08,0,0
6.08,0,0
6.09,0,0
6.09,0,0
6.15,0,0
6.15,0,0
6.15,0,0
6.15,0,0
6.15,0,0
6.15,0,0
6.15,0,0
6.15,0,0
6.21,0,0
6.21,0,0
6.21,0,0
6.21,0,0
6.21,0,0
6.21,0,0
6.21,0,0
6.21,0,0
6.21,0,0
6.27,0,0
6.27,0,0
6.27,0,0
6.27,0,0
6.27,0,0
6.27,0,0
6.27,0,0
6.27,0,0
6.27,0,0
6.33,0,0
6.33,0,0
6.33,0,0
6.33,0,0
6.33,0,0
6.33,0,0
6.33,0,0
6.33,0,0
6.39,0,0
6.39,0,0
6.39,0,0
6.39,0,0
6.39,0,0
6.39,0,0
6.39,0,0
6.39,0,0
6.4,0,0
6.46,0,0
6.46,0,0
6.46,0,0
6.46,0,0
6.46,0,0
6.46,0,0
6.46,0,0
6.46,0,0
6.46,0,0
6.52,0,0
6.52,1,0
6.52,0,0
6.52,0,0
6.52,0,0
6.52,0,0
6.52,0,0
6.52,0,0
6.58,0,0
6.58,0,0
6.58,1,0
6.58,0,0
6.58,0,0
6.58,0,0
6.58,0,0
6.58,0,0
6.58,0,0
6.64,0,0
6.64,0,0
6.64,0,0
6.64,0,0
6.64,0,0
6.64,0,0
6.64,0,0
6.64,0,0
6.64,0,0
6.71,0,0
6.71,0,0
6.71,0,0
6.71,0,0
6.71,0,0
6.71,0,0
6.71,0,0
6.71,0,0
6.71,0,0
6.77,0,0
6.77,0,0
6.77,0,0
6.77,0,0
6.77,0,0
6.77,0,0
6.77,0,0
6.77,0,0
6.83,0,0
6.83,0,0
6.83,0,0
6.83,0,0
6.83,0,0
6.83,0,0
6.83,0,0
6.83,0,0
6.83,0,0
6.83,0,0
6.89,0,0
6.89,0,0
6.89,0,0
6.89,0,0
6.89,0,0
6.89,0,0
6.89,0,0
6.89,0,0
6.95,0,0
6.95,0,0
6.95,0,0
6.95,0,0
6.95,0,0
6.95,0,0
6.96,0,0
6.96,0,0
6.96,0,0
6.96,0,0
7.02,0,0
7.02,0,0
7.02,0,0
7.02,0,0
7.02,0,0
7.02,0,0
7.02,0,0
7.02,0,0
7.08,0,0
7.08,1,0
7.08,0,0
7.08,0,0
7.08,0,0
7.08,0,0
7.08,0,0
7.08,0,0
7.14,0,0
7.14,0,0
7.14,0,0
7.14,0,0
7.14,0,0
7.14,0,0
7.14,0,0
7.14,0,0
7.14,0,0
7.15,0,0
7.2,0,0
7.2,0,0
7.2,0,0
7.2,0,0
7.2,0,0
7.2,0,0
7.2,0,0
7.21,0,0
7.27,0,0
7.27,0,0
7.27,0,0
7.27,0,0
7.27,0,0
7.27,0,0
7.27,0,0
7.27,0,0
7.27,0,0
7.27,0,0
7.33,0,0
7.33,0,0
7.33,0,0
7.33,1,0
7.33,0,0
7.33,0,0
7.33,0,0
7.33,0,0
7.39,0,0
7.39,0,0
7.39,0,0
7.39,0,0
7.39,0,0
7.39,0,0
7.39,0,0
7.39,185,226
7.4,0,0
7.45,192,419
7.45,634,607
7.45,0,0
7.45,191,271
7.45,504,419
7.45,0,0
7.45,102,204
7.52,336,119
7.52,0,75
7.52,637,636
7.52,0,0
7.52,243,538
7.52,637,636
7.52,0,0
7.52,176,262
7.53,594,528
7.53,0,0
7.59,36,110
7.59,0,0
7.59,0,0
7.59,0,0
7.59,0,0
7.59,0,0
7.59,0,0
7.59,0,0
7.59,0,0
7.59,0,0
7.6,0,0
7.66,0,0
7.66,1,0
7.66,0,0
7.66,0,0
7.66,0,0
7.66,0,0
7.66,0,0
7.66,0,0
7.66,1,0
7.72,0,0
7.72,0,0
7.72,0,0
7.72,0,0
7.72,0,0
7.72,0,0
7.72,0,0
7.72,0,0
7.78,0,0
7.78,1,0
7.78,0,0
7.78,0,0
7.78,0,0
7.78,0,0
7.78,0,0
7.78,0,0
7.78,0,0
7.84,0,0
7.84,0,0
7.84,0,0
7.84,0,0
7.84,0,0
7.84,0,0
7.84,0,0
7.84,0,0
7.84,0,0
7.91,0,0
7.91,0,0
7.91,0,0
7.91,0,0
7.91,0,0
7.91,0,0
7.91,0,0
7.91,0,0
7.91,0,0
7.97,0,0
7.97,0,0
7.97,0,0
7.97,0,0
7.97,0,0
7.97,0,0
7.97,0,0
7.97,0,0
8.03,0,0
8.03,0,0
8.03,0,0
8.03,0,0
8.03,0,0
8.03,0,0
8.03,0,0
8.03,0,0
8.03,0,0
8.09,0,0
8.09,0,0
8.09,0,0
8.09,0,0
8.09,636,636
8.09,637,595
8.09,0,0
8.09,636,637
8.1,495,171
8.15,0,78
8.15,636,636
8.15,0,0
8.15,206,527
8.15,636,636
8.15,0,0
8.15,638,636
8.22,636,613
8.22,0,0
8.22,226,339
8.22,260,64
8.22,0,8
8.22,637,636
8.22,108,3
8.22,0,307
8.28,637,636
8.28,0,0
8.28,487,623
8.28,638,634
8.28,0,0
8.28,619,634
8.28,554,409
8.28,0,0
8.28,0,0
8.29,0,0
8.29,0,0
8.36,0,0
8.36,0,0
8.36,0,0
8.36,1,0
8.36,0,0
8.36,0,0
8.36,0,0
8.36,0,0
8.36,0,0
8.36,0,0
8.36,0,0
8.42,0,0
8.42,0,0
8.42,0,0
8.42,0,0
8.42,0,0
8.42,0,0
8.42,1,0
8.42,0,0
8.42,0,0
8.48,0,0
8.48,0,0
8.48,0,0
8.48,0,0
8.48,0,0
8.48,0,0
8.48,0,0
8.48,0,0
8.49,0,0
8.54,0,0
8.54,0,0
8.54,0,0
8.54,0,0
8.54,0,0
8.54,0,0
8.54,0,0
8.54,0,0
8.61,0,0
8.61,0,0
8.61,0,0
8.61,0,0
8.61,0,0
8.61,0,0
8.61,0,0
8.61,0,0
8.61,0,0
8.67,0,0
8.67,0,0
8.67,0,0
8.67,0,0
8.67,0,0
8.67,0,0
8.67,0,0
8.67,0,0
8.67,0,0
8.73,0,0
8.73,0,0
8.73,0,0
8.73,0,0
8.73,0,0
8.73,0,0
8.73,0,0
8.73,0,0
8.79,0,0
8.79,0,0
8.79,0,0
8.79,0,0
8.79,1,0
8.79,0,0
8.79,0,0
8.79,0,0
8.79,0,0
8.86,2,0
8.86,0,0
8.86,0,0
8.86,0,0
8.86,0,0
8.86,0,0
8.86,0,0
8.86,0,0
8.86,0,0
8.92,0,0
8.92,0,0
8.92,0,0
8.92,0,0
8.92,0,0
8.92,0,0
8.92,0,0
8.92,0,0
8.92,0,0
8.92,0,0
8.98,0,0
8.98,0,0
8.98,0,0
8.98,0,0
8.98,0,0
8.98,0,0
8.98,0,0
8.98,0,0
9.04,0,0
9.04,0,0
9.04,0,0
9.04,0,0
9.04,0,0
9.04,0,0
9.04,0,0
9.04,49,98
9.05,411,426
9.06,365,344
9.07,282,283
9.12,446,508
9.12,0,0
9.12,0,0
9.12,0,0
9.12,0,0
9.12,0,0
9.12,0,0
9.12,0,0
9.12,0,0
9.18,0,0
9.18,0,0
9.18,0,0
9.18,0,0
9.18,0,0
9.18,0,0
9.18,0,0
9.18,0,0
9.19,0,0
9.19,0,0
9.24,0,0
9.24,0,0
9.24,0,0
9.24,0,0
9.25,0,0
9.25,0,0
9.25,0,0
9.31,0,0
9.31,0,0
9.31,0,0
9.31,0,0
9.31,0,0
9.31,0,0
9.31,0,0
9.31,0,0
9.31,0,0
9.37,0,0
9.37,0,0
9.37,0,0
9.37,0,0
9.37,0,0
9.37,0,0
9.37,0,0
9.37,0,0
9.37,1,0
9.38,0,0
9.43,0,0
9.43,0,0
9.43,0,0
9.43,0,0
9.43,0,0
9.43,0,0
9.43,0,0
9.44,0,0
9.5,0,0
9.5,0,0
9.5,0,0
9.5,0,0
9.5,0,0
9.5,0,0
9.5,0,0
9.5,0,0
9.56,0,0
9.56,0,0
9.56,0,0
9.56,0,0
9.56,0,0
9.56,0,0
9.56,0,0
9.56,0,0
9.56,0,0
9.56,0,0
9.62,0,0
9.62,0,0
9.62,0,0
9.62,0,0
9.62,1,0
9.62,0,0
9.62,0,0
9.62,0,0
9.68,0,0
9.68,0,0
9.68,0,0
9.68,0,0
9.68,0,0
9.68,0,0
9.68,78,131
9.68,474,506
9.69,365,334
9.7,272,51
9.71,0,0
9.71,0,0
9.71,0,0
9.78,0,0
9.78,0,0
9.78,0,0
9.78,0,0
9.78,0,0
9.78,0,0
9.78,0,0
9.78,0,0
9.78,0,0
9.84,0,0
9.84,0,0
9.84,0,0
9.84,0,0
9.84,0,0
9.84,143,199
9.84,436,434
9.84,328,311
9.9,286,293
9.9,330,332
9.9,325,322
9.9,318,317
9.9,320,321
9.9,322,320
9.91,321,321
9.96,322,319
9.96,322,320
9.96,321,321
9.96,320,318
9.96,318,320
9.96,322,321
9.97,319,319
10.02,320,321
10.02,319,343
10.02,0,0
10.02,47,138
10.02,161,11
10.02,0,0
10.03,0,0
10.03,0,0
10.03,0,0
10.09,0,0
10.09,0,0
10.09,1,0
10.09,0,0
10.09,0,0
10.09,0,0
10.09,0,0
10.09,0,0
10.09,0,0
10.09,0,0
10.09,0,0
10.15,0,0
10.15,0,0
10.15,0,0
10.15,0,0
10.15,0,0
10.15,0,0
10.15,0,0
10.15,0,0
10.15,0,0
10.15,0,0
10.21,0,0
10.21,0,0
10.21,0,0
10.21,0,0
10.21,0,0
10.21,0,0
10.21,0,0
10.21,0,0
10.21,0,0
10.27,0,0
10.27,0,0
10.27,0,0
10.27,0,0
10.27,0,0
10.27,0,0
10.27,0,0
10.27,0,0
10.28,1,0
10.34,0,0
10.34,0,0
10.34,0,0
10.34,0,0
10.34,0,0
10.34,0,0
10.34,0,0
10.34,0,0
10.4,0,0
10.4,0,0
10.4,0,0
10.4,1,0
10.4,0,0
10.4,0,0
10.4,0,0
10.4,0,0
10.4,0,0
10.46,0,0
10.46,0,0
10.46,0,0
10.46,0,0
10.46,0,0
10.46,0,0
10.46,0,0
10.46,86,143
10.47,434,441
10.48,345,325
10.48,281,285
10.54,329,331
10.54,327,324
10.54,315,315
10.54,321,321
10.54,321,319
10.54,320,319
10.55,321,321
10.6,320,319
10.6,321,320
10.6,322,320
10.6,319,319
10.6,322,320
10.61,322,320
10.62,320,319
10.68,320,321
10.68,318,319
10.68,322,320
10.68,322,320
10.68,319,319
10.68,320,320
10.68,346,365
10.74,425,434
10.74,604,629
10.74,636,636
10.74,634,634
10.74,459,403
10.74,371,408
10.75,355,334
10.8,359,406
10.8,408,372
10.8,303,331
10.8,488,447
10.8,238,276
10.8,508,482
10.81,253,252
10.87,515,505
10.87,268,258
10.87,510,518
10.87,371,448
10.87,0,0
10.87,0,0
10.87,0,0
10.93,0,0
10.93,1,0
10.93,0,0
10.93,0,0
10.93,0,0
10.93,0,0
10.93,0,0
10.93,0,0
10.93,0,0
10.93,0,0
10.93,0,0
10.93,0,0
10.99,0,0
10.99,0,0
10.99,0,0
10.99,0,0
10.99,0,0
10.99,0,0
10.99,0,0
10.99,0,0
10.99,0,0
10.99,0,0
10.99,0,0
10.99,0,0
11.0,0,0
11.0,0,0
11.06,0,0
11.06,0,0
11.06,0,0
11.06,0,0
11.06,0,0
11.06,0,0
11.06,0,0
11.06,0,0
11.06,0,0
11.12,0,0
11.12,0,0
11.12,0,0
11.12,0,0
11.12,0,0
11.12,0,0
11.12,0,0
11.12,0,0
11.18,0,0
11.18,0,0
11.18,0,0
11.18,0,0
11.18,0,0
11.18,0,0
11.18,0,0
11.18,0,0
11.18,0,0
11.18,0,0
11.24,82,108
11.24,404,421
11.24,361,343
11.24,443,464
11.24,379,352
11.24,269,278
11.25,505,505
11.31,333,308
11.31,294,348
11.31,497,471
11.31,278,263
11.31,538,616
11.31,582,535
11.32,230,215
11.37,276,297
11.37,359,356
11.37,316,313
11.37,311,312
11.37,326,324
11.37,322,320
11.38,319,319
11.45,320,321
11.45,320,319
11.45,320,320
11.45,320,321
11.45,319,319
11.45,321,320
11.45,321,320
11.51,318,319
11.51,318,320
11.51,321,319
11.51,322,320
11.51,320,319
11.51,320,320
11.51,357,377
11.57,544,567
11.57,636,635
11.57,637,636
11.57,638,636
11.57,635,636
11.57,638,636
11.58,638,636
11.63,636,637
11.63,637,636
11.63,637,636
11.63,638,636
11.63,637,636
11.63,636,636
11.64,636,636
11.7,637,636
11.7,638,636
11.7,637,637
11.7,637,637
11.7,638,636
11.7,635,636
11.71,637,636
11.77,635,637
11.77,638,635
11.77,637,636
11.77,637,636
11.77,637,636
11.77,635,636
11.77,639,637
11.83,636,637
11.83,637,637
11.84,636,636
11.84,636,636
11.84,638,636
11.84,638,637
11.84,637,636
11.9,638,637
11.9,638,637
11.9,636,637
11.9,635,636
11.9,635,636
11.9,639,637
11.91,638,636
11.96,638,637
11.96,637,636
11.96,636,636
11.96,637,637
11.96,637,636
11.96,638,637
11.97,638,637
12.02,636,637
12.02,636,636
12.02,638,636
12.02,634,637
12.02,635,637
12.03,637,636
12.04,636,636
12.1,637,637
12.1,637,636
12.1,637,637
12.1,636,636
12.1,636,636
12.1,636,636
12.1,637,637
12.16,638,636
12.16,637,637
12.16,637,636
12.16,636,636
12.16,638,636
12.16,638,636
12.17,637,637
12.23,638,636
12.23,636,636
12.23,636,636
12.23,637,635
12.23,636,636
12.23,636,635
12.23,635,634
12.29,631,626
12.29,547,540
12.29,504,503
12.29,500,499
12.29,455,449
12.29,434,435
12.3,412,405
12.35,374,377
12.35,367,359
12.35,322,323
12.35,319,313
12.35,271,271
12.36,277,273
12.36,228,226
12.43,236,233
12.43,186,183
12.43,193,191
12.43,155,148
12.43,152,152
12.43,124,118
12.43,111,113
12.49,97,90
12.49,68,72
12.49,86,84
12.49,58,51
12.49,47,49
12.49,56,52
12.49,22,17
12.49,27,29
12.5,25,20
12.55,0,0
12.55,5,7
12.55,0,0
12.55,0,0
12.55,0,0
12.55,0,0
12.55,0,0
12.55,0,0
12.55,0,0
12.55,0,0
12.55,0,0
12.62,0,0
12.62,0,0
12.62,0,0
12.62,0,0
12.62,0,0
12.62,0,0
12.62,0,0
12.62,0,0
12.62,0,0
12.62,0,0
12.62,0,0
12.62,0,0
12.62,0,0
12.63,0,0
12.63,0,0
12.69,0,0
12.69,0,0
12.69,0,0
12.69,0,0
12.69,0,0
12.69,0,0
12.69,0,0
12.69,0,0
12.69,0,0
12.69,0,0
12.7,0,0
12.75,0,0
12.75,0,0
12.75,0,0
12.75,0,0
12.75,0,0
12.75,0,0
12.75,0,0
12.75,0,0
12.82,0,0
12.82,0,0
12.82,0,0
12.82,0,0
12.82,0,0
12.82,0,0
12.82,0,0
12.82,0,0
12.82,0,0
12.82,0,0
12.88,0,0
12.88,0,0
12.88,0,0
12.88,0,0
12.88,0,0
12.88,0,0
12.88,0,0
12.88,0,0
12.94,0,0
12.94,0,0
12.94,0,0
12.94,0,0
12.94,0,0
12.94,0,0
12.94,0,0
12.94,16,19
12.95,33,30
12.95,36,37
12.96,43,40
12.97,39,40
12.97,56,56
13.04,58,57
13.04,53,50
13.04,26,24
13.04,6,4
13.04,7,9
13.04,16,16
13.04,0,0
13.04,2,5
13.04,22,20
13.05,20,19
13.05,35,37
13.11,43,41
13.11,40,42
13.11,57,61
13.11,64,65
13.12,80,81
13.12,100,99
13.12,93,94
13.12,109,110
13.18,133,131
13.18,124,122
13.18,138,141
13.18,155,153
13.18,149,149
13.18,169,173
13.18,186,186
13.24,174,174
13.24,191,193
13.24,194,191
13.24,183,183
13.24,198,198
13.24,191,189
13.24,192,195
13.3,207,208
13.3,206,205
13.3,211,212
13.3,214,212
13.3,216,217
13.3,233,234
13.31,238,237
13.36,246,248
13.36,264,263
13.36,260,259
13.36,273,274
13.36,287,288
13.37,286,287
13.38,297,299
13.43,298,296
13.43,302,304
13.43,311,307
13.43,304,305
13.43,319,317
13.43,309,310
13.44,321,319
13.5,305,304
13.5,328,327
13.5,311,308
13.5,327,328
13.5,305,303
13.5,314,317
13.51,306,302
13.57,302,305
13.57,310,303
13.57,287,291
13.57,315,310
13.57,282,285
13.57,315,310
13.57,282,284
13.63,321,321
13.63,290,288
13.63,329,332
13.63,306,301
13.63,329,334
13.63,311,304
13.64,313,319
13.69,308,301
13.69,296,302
13.69,305,298
13.69,284,289
13.69,310,304
13.7,277,283
13.7,314,311
13.75,282,284
13.75,320,316
13.75,283,282
13.75,313,315
13.75,280,276
13.76,302,304
13.77,276,273
13.83,293,295
13.83,280,274
13.83,277,285
13.83,285,279
13.83,272,276
13.83,292,286
13.83,267,271
13.9,297,293
13.9,261,264
13.9,296,293
13.9,259,260
13.9,294,292
13.9,259,257
13.9,289,289
13.96,262,258
13.96,281,284
13.96,268,264
13.96,276,280
13.96,275,272
13.96,269,274
13.97,281,276
14.02,261,264
14.02,283,279
14.02,248,252
14.02,280,277
14.02,248,249
14.02,287,286
14.03,256,258
14.08,296,297
14.08,274,271
14.08,300,305
14.08,284,278
14.08,291,294
14.09,282,274
14.1,271,275
14.15,276,270
14.15,228,223
14.15,204,199
14.15,194,199
14.15,256,254
14.15,250,254
14.16,317,317
14.22,319,322
14.22,379,382
14.22,360,358
14.22,385,386
14.22,355,350
14.22,356,355
14.23,336,331
14.29,285,277
14.29,158,146
14.29,158,165
14.29,193,190
14.29,196,204
14.29,283,287
14.29,306,312
14.35,374,375
14.35,362,364
14.35,399,399
14.35,367,363
14.35,382,381
14.35,334,329
14.36,336,340
14.41,248,232
14.41,196,200
14.41,202,196
14.41,200,206
14.41,239,236
14.42,267,276
14.42,328,326
14.49,326,332
14.49,377,375
14.49,350,351
14.49,380,376
14.49,340,338
14.49,352,349
14.49,306,304
14.55,275,266
14.55,184,183
14.55,214,217
14.55,206,201
14.55,229,236
14.55,270,269
14.56,293,299
14.62,328,326
14.62,325,331
14.62,366,362
14.62,337,340
14.62,366,362
14.62,322,321
14.62,339,336
14.68,297,292
14.68,312,313
14.68,281,276
14.68,298,302
14.68,292,287
14.68,309,315
14.69,323,319
14.74,329,336
14.74,347,345
14.74,339,342
14.74,359,356
14.74,334,335
14.74,351,348
14.75,311,313
14.82,336,333
14.82,290,291
14.82,315,317
14.82,287,286
14.82,314,316
14.82,299,293
14.82,315,321
14.88,320,316
14.88,322,326
14.88,332,326
14.88,321,324
14.88,334,328
14.88,310,311
14.88,325,322
14.94,295,295
14.94,316,313
14.94,279,282
14.94,306,304
14.94,275,276
14.94,304,304
14.95,285,283
15.0,308,310
15.0,300,296
15.0,309,311
15.0,308,304
15.0,303,306
15.01,311,307
15.01,297,298
15.07,309,306
15.07,286,288
15.07,306,302
15.07,282,282
15.07,299,299
15.07,276,279
15.08,304,304
15.13,288,287
15.13,307,310
15.13,300,296
15.13,310,312
15.13,304,302
15.14,306,307
15.15,310,305
15.21,302,302
15.21,306,305
15.21,294,294
15.21,309,305
15.21,286,287
15.21,306,305
15.21,289,288
15.27,308,309
15.27,292,294
15.27,316,316
15.27,303,301
15.27,317,317
15.27,306,304
15.28,314,315
15.34,315,309
15.34,310,311
15.34,314,309
15.34,303,304
15.34,311,310
15.34,297,300
15.34,318,314
15.4,299,300
15.4,319,320
15.4,307,306
15.4,327,326
15.4,312,311
15.4,326,328
15.41,314,312
15.46,320,322
15.46,317,314
15.46,315,316
15.46,319,316
15.46,308,311
15.46,318,317
15.47,304,307
15.54,319,319
15.54,306,307
15.54,323,322
15.54,307,308
15.54,327,328
15.54,314,311
15.54,329,329
15.6,317,314
15.6,324,328
15.6,320,316
15.6,321,324
15.6,322,320
15.6,320,319
15.6,323,321
15.66,315,317
15.66,327,325
15.66,314,316
15.66,331,330
15.66,316,317
15.66,335,333
15.67,318,317
15.72,334,334
15.72,319,318
15.72,332,333
15.72,321,320
15.72,327,330
15.73,326,323
15.73,322,326
15.79,329,327
15.79,326,327
15.79,337,333
15.79,325,326
15.79,342,338
15.79,323,326
15.8,339,340
15.86,326,325
15.86,344,341
15.86,326,324
15.86,339,339
15.86,326,325
15.86,339,339
15.87,332,328
15.93,332,337
15.93,334,334
15.93,333,336
15.93,342,338
15.93,332,333
15.93,346,344
15.93,331,331
15.99,345,345
15.99,330,330
15.99,348,346
15.99,329,329
15.99,346,345
15.99,333,330
16.0,341,345
16.05,335,332
16.05,339,342
16.05,338,336
16.05,339,341
16.05,344,341
16.05,338,339
16.06,345,343
16.12,333,334
16.12,348,345
16.12,328,330
16.12,346,344
16.12,329,328
16.12,344,343
16.13,328,326
16.18,345,345
16.18,331,327
16.18,337,341
16.18,334,332
16.18,338,338
16.19,339,335
16.19,335,334
16.26,341,339
16.26,332,332
16.26,341,340
16.26,325,329
16.26,346,343
16.26,330,329
16.26,348,347
16.32,330,328
16.32,346,347
16.32,331,330
16.32,344,344
16.32,334,331
16.32,339,341
16.33,337,334
16.34,334,336
16.35,339,338
16.35,331,332
16.41,342,340
16.41,328,329
16.41,340,339
16.41,326,326
16.41,343,342
16.41,328,326
16.42,345,345
16.48,330,327
16.48,344,345
16.48,334,330
16.48,340,343
16.48,336,334
16.48,340,341
16.48,342,338
16.54,335,337
16.54,341,341
16.54,333,334
16.54,348,345
16.54,331,332
16.54,347,345
16.55,333,331
16.6,347,347
16.6,328,328
16.6,346,346
16.6,331,329
16.6,342,345
16.61,332,330
16.62,338,339
16.68,336,332
16.68,330,334
16.68,339,336
16.68,328,331
16.68,340,337
16.68,326,328
16.68,337,337
16.74,325,324
16.74,341,340
16.74,323,323
16.74,341,340
16.74,321,323
16.74,338,338
16.75,324,323
16.8,331,334
16.8,327,325
16.8,327,330
16.8,328,324
16.8,325,327
16.8,331,330
16.81,318,321
16.87,333,333
16.87,320,321
16.87,336,335
16.87,320,320
16.87,338,338
16.87,319,319
16.88,337,337
16.94,321,320
16.94,333,334
16.94,326,322
16.94,330,332
16.94,328,325
16.94,325,326
16.94,333,329
17.0,320,324
17.0,333,331
17.0,318,320
17.0,333,333
17.01,317,317
17.01,335,333
17.01,317,316
17.07,332,333
17.07,319,316
17.07,331,331
17.07,321,318
17.07,325,328
17.07,323,321
17.07,325,327
17.13,328,326
17.13,319,322
17.13,329,326
17.13,320,320
17.13,332,330
17.13,315,316
17.14,333,331
17.19,315,314
17.19,329,331
17.19,313,314
17.19,329,332
17.19,316,316
17.2,327,328
17.21,323,319
17.27,323,326
17.27,324,322
17.27,323,324
17.27,329,326
17.27,319,321
17.27,332,330
17.27,318,319
17.33,334,332
17.33,315,317
17.33,335,334
17.33,317,316
17.33,336,335
17.33,319,318
17.34,334,333
17.39,322,320
17.39,329,332
17.39,329,325
17.39,330,330
17.39,333,331
17.39,328,328
17.4,336,333
17.46,324,324
17.46,339,337
17.46,322,324
17.46,342,340
17.46,325,323
17.46,341,341
17.47,324,323
17.52,339,341
17.52,327,324
17.52,337,337
17.52,329,326
17.52,331,334
17.52,330,329
17.53,328,329
17.59,337,334
17.59,324,327
17.59,340,337
17.6,326,326
17.6,341,338
17.6,322,323
17.6,341,339
17.66,323,323
17.66,342,341
17.66,325,324
17.66,339,340
17.66,330,326
17.66,335,337
17.66,333,329
17.72,331,333
17.72,336,333
17.72,328,329
17.72,336,335
17.72,326,327
17.72,342,338
17.73,324,324
17.78,338,339
17.78,323,323
17.78,342,341
17.78,323,320
17.78,338,338
17.79,327,323
17.8,335,337
17.85,327,325
17.85,331,332
17.85,330,328
17.85,329,329
17.85,335,332
17.85,323,326
17.86,337,336
17.92,322,322
17.92,338,338
17.92,321,322
17.92,337,339
17.92,322,320
17.92,337,339
17.93,324,321
17.99,336,337
17.99,326,324
17.99,332,334
17.99,331,329
17.99,329,331
17.99,335,330
17.99,326,328
18.05,339,336
18.05,324,325
18.05,341,340
18.05,325,326
18.05,344,343
18.05,324,324
18.06,343,342
18.11,327,324
18.11,339,341
18.11,330,326
18.11,336,339
18.11,330,330
18.11,334,337
18.12,335,334
18.17,331,334
18.17,341,337
18.17,329,329
18.17,345,341
18.17,325,326
18.18,342,340
18.19,322,322
18.25,343,341
18.25,323,323
18.25,341,340
18.25,325,323
18.25,335,337
18.25,328,326
18.25,331,333
18.31,331,329
18.31,329,331
18.31,335,331
18.31,325,328
18.31,339,335
18.31,325,325
18.32,340,338
18.37,324,322
18.37,341,340
18.37,324,322
18.37,340,339
18.37,322,323
18.38,336,340
18.38,328,325
18.45,337,337
18.45,331,328
18.45,331,334
18.45,337,333
18.45,330,331
18.45,337,336
18.45,328,328
18.51,338,339
18.51,327,326
18.51,342,341
18.51,325,326
18.51,342,341
18.51,326,324
18.52,342,341
18.57,328,326
18.57,339,341
18.57,331,329
18.57,332,335
18.57,334,331
18.57,330,333
18.58,335,334
18.64,330,330
18.64,339,337
18.64,326,326
18.64,339,337
18.64,324,324
18.64,343,341
18.65,325,324
18.7,342,341
18.7,327,325
18.7,340,340
18.7,329,327
18.7,335,338
18.7,331,329
18.71,332,334
18.76,334,332
18.76,326,331
18.76,339,336
18.76,327,329
18.76,342,340
18.77,326,326
18.78,339,340
18.84,323,323
18.84,340,341
18.84,326,324
18.84,339,339
18.84,325,323
18.84,338,338
18.84,330,326
18.9,331,334
18.9,333,331
18.9,328,331
18.9,335,332
18.9,326,327
18.9,340,336
18.91,326,325
18.97,341,339
18.97,324,326
18.97,341,342
18.97,326,324
18.97,343,343
18.97,329,326
18.97,342,342
19.03,329,327
19.03,338,339
19.03,334,331
19.03,334,337
19.03,340,336
19.03,331,332
19.04,340,338
19.09,328,328
19.09,339,339
19.09,323,326
19.09,343,339
19.09,324,323
19.1,342,341
19.11,323,323
19.17,340,340
19.17,329,325
19.17,339,339
19.17,333,329
19.17,336,337
19.17,336,334
19.17,329,334
19.23,342,338
19.23,330,332
19.23,343,341
19.23,328,329
19.23,345,343
19.23,326,326
19.24,341,343
19.3,325,324
19.3,341,342
19.3,326,325
19.3,337,340
19.3,328,326
19.3,335,337
19.3,333,330
19.36,330,334
19.36,335,333
19.36,329,330
19.36,341,337
19.36,325,329
19.36,344,341
19.37,327,327
19.42,344,343
19.42,326,326
19.42,345,342
19.42,327,325
19.42,341,341
19.43,329,326
19.43,336,340
19.48,330,328
19.48,331,336
19.48,333,332
19.48,331,332
19.48,338,335
19.49,327,329
19.5,342,339
19.56,327,328
19.56,346,344
19.56,328,327
19.56,348,346
19.56,329,328
19.56,345,346
19.56,331,328
19.63,343,343
19.63,333,330
19.63,338,341
19.63,337,334
19.63,334,336
19.63,339,335
19.63,332,334
19.69,343,340
19.69,324,328
19.69,343,341
19.69,324,327
19.69,344,343
19.69,323,324
19.7,343,343
19.75,324,324
19.75,342,342
19.75,329,326
19.75,337,339
19.75,331,328
19.75,335,337
19.76,337,333
19.81,330,332
19.81,339,335
19.81,327,328
19.81,340,338
19.81,325,328
19.82,342,341
19.83,328,328
19.89,344,345
19.89,330,328
19.89,343,345
19.89,330,329
19.89,339,343
19.89,333,331
19.89,338,339
19.95,338,334
19.95,333,335
19.95,340,337
19.95,331,332
19.95,340,339
19.95,327,329
19.96,344,342
20.02,327,328
20.02,344,343
20.02,326,326
20.02,344,344
20.02,327,327
20.02,343,344
20.02,330,328
20.08,340,341
20.08,336,332
20.08,336,337
20.08,336,334
20.08,330,333
20.08,340,338
20.09,329,330
20.14,342,339
20.14,326,327
20.14,342,342
20.14,323,324
20.14,342,342
20.15,323,322
20.15,341,343
20.22,327,326
20.22,337,339
20.22,330,326
20.22,333,336
20.22,335,330
20.22,329,333
20.22,338,333
20.28,328,329
20.28,340,336
20.28,324,325
20.28,340,338
20.28,322,322
20.28,339,337
20.29,320,320
20.34,336,337
20.34,320,319
20.34,336,337
20.34,324,321
20.34,331,334
20.34,328,326
20.35,330,331
20.4,331,329
20.4,325,328
20.4,337,332
20.4,322,323
20.4,337,335
20.41,320,321
20.42,338,336
20.47,322,320
20.47,340,337
20.47,317,319
20.47,336,337
20.47,322,320
20.47,334,336
20.48,328,325
20.55,332,334
20.55,329,328
20.55,326,328
20.55,335,331
20.55,323,325
20.55,336,334
20.55,322,323
20.61,337,337
20.61,322,321
20.61,338,337
20.61,316,318
20.61,339,338
20.61,322,319
20.61,336,336
20.67,327,323
20.67,329,333
20.67,327,326
20.67,328,331
20.67,332,328
20.67,324,326
20.68,334,331
20.73,320,322
20.73,337,334
20.73,320,321
20.73,336,335
20.73,317,318
20.74,339,338
20.74,319,319
20.8,337,336
20.8,321,320
20.8,334,336
20.8,326,323
20.8,329,331
20.8,332,329
20.81,326,327
20.87,333,330
20.87,323,323
20.87,337,335
20.87,321,323
20.87,336,336
20.87,319,320
20.88,339,339
20.94,320,319
20.94,335,338
20.94,323,320
20.94,335,336
20.94,327,323
20.94,332,334
20.94,328,324
21.0,327,328
21.0,332,329
21.0,324,324
21.0,332,330
21.0,323,323
21.0,336,334
21.01,320,320
21.06,338,337
21.06,319,318
21.06,334,335
21.06,318,317
21.06,335,336
21.06,320,318
21.07,329,332
21.12,325,321
21.12,325,329
21.12,328,325
21.12,326,327
21.12,331,328
21.13,322,323
21.14,336,333
21.2,319,320
21.2,338,336
21.2,320,317
21.2,338,337
21.2,320,317
21.2,337,335
21.2,321,318
21.26,333,335
21.26,324,321
21.26,331,332
21.26,328,325
21.26,328,329
21.26,330,328
21.27,325,326
21.32,335,331
21.33,323,324
21.33,337,336
21.33,318,320
21.33,338,337
21.33,318,318
21.33,338,338
21.39,321,318
21.39,336,336
21.39,322,320
21.39,331,333
21.39,328,325
21.39,329,331
21.4,330,327
21.45,324,328
21.45,332,331
21.45,321,324
21.45,336,333
21.45,320,322
21.46,339,336
21.46,319,321
21.53,340,338
21.53,319,318
21.53,335,335
21.53,321,320
21.53,334,335
21.53,327,323
21.53,331,335
21.59,330,328
21.59,329,332
21.59,334,331
21.59,326,328
21.59,337,334
21.59,323,324
21.6,337,338
21.65,323,323
21.65,340,339
21.65,320,321
21.65,338,338
21.65,323,323
21.65,337,339
21.66,328,324
21.71,335,337
21.71,330,327
21.71,330,333
21.71,332,330
21.71,324,329
21.72,338,334
21.73,326,326
21.78,339,336
21.78,323,324
21.78,342,339
21.78,321,321
21.78,340,339
21.78,321,321
21.79,338,339
21.86,322,320
21.86,334,337
21.86,327,325
21.86,332,336
21.86,334,330
21.86,329,331
21.86,336,332
21.92,328,329
21.92,338,337
21.92,325,326
21.92,341,338
21.92,324,324
21.92,340,339
21.92,323,322
21.98,342,341
21.98,323,322
21.98,336,337
21.98,325,323
21.98,334,336
21.98,329,327
21.99,327,331
22.04,331,329
22.04,328,329
22.04,335,333
22.04,323,324
22.04,338,334
22.05,322,323
22.05,336,336
22.11,321,320
22.11,339,336
22.11,321,319
22.11,336,336
22.11,323,320
22.11,332,334
22.12,326,323
22.17,328,331
22.17,331,325
22.17,326,327
22.17,332,329
22.17,321,323
22.18,337,332
22.19,319,320
22.25,337,334
22.25,316,317
22.25,333,334
22.25,317,316
22.25,332,333
22.25,318,316
22.25,333,333
22.31,321,319
22.31,329,330
22.31,324,322
22.31,325,328
22.31,329,326
22.31,323,325
22.32,333,331
22.37,320,321
22.37,334,332
22.37,317,320
22.37,337,335
22.37,317,318
22.37,335,337
22.38,322,320
22.44,337,337
22.44,323,320
22.44,334,335
22.44,326,323
22.44,327,330
22.44,330,326
22.45,325,328
22.51,335,330
22.51,324,325
22.51,334,334
22.51,321,323
22.51,337,335
22.51,321,321
22.51,341,338
22.58,320,320
22.58,339,339
22.58,323,322
22.58,336,338
22.58,326,324
22.58,332,336
22.58,331,328
22.64,331,334
22.64,338,334
22.64,327,330
22.64,338,335
22.64,324,327
22.64,341,339
22.64,323,324
22.7,342,340
22.7,322,323
22.7,343,342
22.7,322,322
22.7,338,339
22.7,327,325
22.71,335,337
22.76,329,326
22.76,332,334
22.76,333,329
22.76,330,330
22.76,337,333
22.77,326,327
22.78,337,336
22.84,321,323
22.84,339,339
22.84,321,322
22.84,341,340
22.84,321,321
22.84,338,339
22.84,324,321
22.9,335,337
22.9,327,323
22.9,334,334
22.9,332,328
22.9,328,330
22.9,334,330
22.91,327,328
22.97,337,334
22.97,323,326
22.97,340,338
22.97,323,324
22.97,344,342
22.97,324,323
22.97,344,344
23.03,326,325
23.03,339,341
23.03,327,324
23.03,334,338
23.03,328,325
23.03,331,333
23.04,331,329
23.09,327,329
23.09,335,332
23.09,325,325
23.09,338,337
23.09,320,322
23.1,341,340
23.1,322,323
23.15,342,342
23.15,324,322
23.15,342,342
23.15,327,325
23.15,337,338
23.16,330,325
23.17,333,335
23.23,332,329
23.23,329,331
23.23,336,331
23.23,327,328
23.23,335,334
23.23,322,323
23.23,336,335
23.29,316,320
23.29,335,335
23.29,319,319
23.29,336,336
23.29,320,317
23.29,330,334
23.3,322,319
23.36,330,332
23.36,323,322
23.36,327,329
23.36,328,325
23.36,321,324
23.36,330,327
23.37,320,322
23.42,333,332
23.42,318,319
23.42,335,333
23.42,319,318
23.42,336,335
23.42,318,316
23.43,336,337
23.48,322,318
23.48,332,333
23.48,324,321
23.48,329,330
23.48,326,324
23.49,326,327
23.5,330,328
23.56,322,324
23.56,333,332
23.56,319,321
23.56,337,334
23.56,321,321
23.56,335,335
23.56,319,319
23.62,338,338
23.62,323,320
23.62,335,336
23.62,326,323
23.62,331,334
23.62,329,325
23.63,330,331
23.68,333,329
23.68,324,326
23.68,334,331
23.68,321,322
23.68,336,334
23.68,321,321
23.69,340,338
23.75,322,321
23.75,337,337
23.75,320,319
23.75,336,337
23.75,325,321
23.75,334,335
23.76,327,324
23.77,328,331
23.78,331,328
23.79,326,328
23.84,334,331
23.84,321,325
23.84,336,333
23.84,319,323
23.84,338,335
23.84,320,321
23.85,337,337
23.92,320,319
23.92,334,336
23.92,321,319
23.92,332,334
23.92,321,320
23.92,329,332
23.92,324,323
23.98,325,327
23.98,331,327
23.98,324,325
23.98,334,330
23.98,322,322
23.98,334,332
23.98,316,319
24.04,335,333
24.04,318,317
24.04,336,336
24.04,320,316
24.04,335,335
24.04,322,319
24.05,334,333
24.1,325,321
24.1,329,331
24.1,328,325
24.1,326,328
24.1,332,330
24.11,322,322
24.12,334,332
24.17,317,319
24.17,332,332
24.17,320,318
24.17,336,335
24.17,320,318
24.17,336,337
24.18,322,320
24.24,333,335
24.24,322,321
24.24,330,331
24.24,328,325
24.24,325,327
24.24,332,329
24.25,320,325
24.31,332,330
24.31,318,320
24.31,332,332
24.31,316,318
24.31,335,333
24.31,315,315
24.31,334,335
24.37,320,316
24.37,330,334
24.37,321,317
24.37,330,331
24.37,324,320
24.37,326,328
24.38,328,325
24.43,320,325
24.43,331,327
24.43,318,320
24.43,333,331
24.43,317,320
24.43,336,334
24.44,318,317
24.49,336,334
24.49,318,317
24.49,333,335
24.49,321,318
24.49,333,333
24.5,324,322
24.51,328,331
24.57,329,325
24.57,327,329
24.57,331,330
24.57,322,326
24.57,335,334
24.57,321,323
24.57,338,336
24.63,323,321
24.63,336,337
24.63,320,321
24.63,338,337
24.63,321,322
24.63,338,338
24.64,326,323
24.7,334,335
24.7,331,327
24.7,328,332
24.7,335,333
24.7,330,331
24.7,340,336
24.7,327,328
24.76,342,339
24.76,328,327
24.76,342,340
24.76,324,325
24.76,344,342
24.76,326,326
24.77,344,344
24.84,329,327
24.84,340,343
24.84,334,332
24.84,341,342
24.84,339,336
24.84,336,338
24.84,342,339
24.9,332,335
24.9,343,342
24.9,330,330
24.9,346,345
24.9,328,330
24.9,347,347
24.9,327,328
24.96,347,346
24.96,326,328
24.96,340,344
24.96,332,329
24.96,337,339
24.96,332,330
24.97,332,334
25.02,336,332
25.02,329,330
25.02,336,335
25.02,324,326
25.02,336,335
25.02,322,322
25.03,336,337
25.08,320,320
25.09,335,335
25.09,318,317
25.09,334,334
25.09,318,318
25.09,330,332
25.1,323,319
25.15,328,329
25.15,326,321
25.15,323,326
25.15,332,327
25.15,321,323
25.16,335,332
25.16,320,320
25.23,335,332
25.23,320,319
25.23,334,334
25.23,317,317
25.23,335,335
25.23,317,319
25.23,333,335
25.29,323,320
25.29,330,331
25.29,325,323
25.29,326,326
25.29,328,325
25.29,321,322
25.29,332,328
25.35,319,319
25.35,330,328
25.35,313,315
25.35,332,331
25.35,315,313
25.35,331,330
25.36,312,312
25.41,330,330
25.41,314,312
25.41,325,327
25.41,319,315
25.41,319,322
25.42,321,317
25.43,316,318
25.48,323,320
25.48,315,315
25.48,328,324
25.48,313,313
25.48,329,327
25.48,314,312
25.49,330,328
25.55,309,310
25.55,329,328
25.55,311,311
25.55,326,328
25.55,317,314
25.55,323,324
25.56,320,317
25.62,319,321
25.62,325,322
25.62,315,318
25.62,327,324
25.62,315,317
25.62,331,328
25.62,315,316
25.68,333,330
25.68,315,314
25.68,333,331
25.68,317,315
25.68,329,331
25.68,320,316
25.69,328,329
25.74,322,319
25.74,323,326
25.74,325,324
25.74,322,325
25.74,329,327
25.75,318,320
25.75,330,330
25.81,318,318
25.81,335,332
25.81,315,317
25.81,334,333
25.81,316,316
25.81,334,333
25.82,321,318
25.88,331,334
25.88,326,321
25.88,331,333
25.88,334,330
25.88,331,334
25.88,337,334
25.88,328,329
25.94,337,335
25.94,324,324
25.94,340,337
25.94,320,322
25.94,339,338
25.94,321,320
25.95,336,338
26.01,321,318
26.01,335,336
26.01,322,320
26.01,332,333
26.01,326,322
26.01,327,329
26.02,327,326
26.07,322,323
26.07,330,327
26.07,318,319
26.07,334,331
26.07,315,317
26.07,335,333
26.08,317,318
26.13,335,336
26.13,316,316
26.13,334,333
26.13,320,316
26.13,330,330
26.14,322,318
26.15,327,329
26.21,325,322
26.21,326,327
26.21,329,326
26.21,319,323
26.21,330,328
26.21,318,319
26.21,334,332
26.27,316,317
26.27,335,334
26.27,315,316
26.27,334,334
26.27,320,318
26.27,334,334
26.28,322,320
26.34,327,332
26.34,325,322
26.34,324,327
26.34,330,326
26.34,320,324
26.34,332,328
26.34,321,322
26.4,336,332
26.4,319,320
26.4,335,335
26.4,320,318
26.4,338,336
26.4,319,318
26.41,335,335
26.46,321,318
26.46,330,333
26.46,324,321
26.46,327,330
26.46,327,324
26.47,325,326
26.47,332,328
26.54,322,323
26.54,333,330
26.54,320,320
26.54,336,334
26.54,317,320
26.54,335,335
26.54,319,318
26.6,336,336
26.6,322,319
26.6,334,336
26.6,323,323
26.6,334,335
26.6,327,324
26.61,328,330
26.66,330,329
26.66,326,328
26.66,334,332
26.66,319,323
26.66,335,335
26.66,321,322
26.67,338,336
26.72,319,320
26.72,336,337
26.72,319,319
26.72,336,336
26.72,322,321
26.73,334,335
26.74,326,323
26.8,331,332
26.8,329,326
26.8,325,328
26.8,332,329
26.8,327,326
26.8,334,335
26.8,322,323
26.86,338,337
26.86,322,323
26.86,340,340
26.86,324,323
26.86,340,341
26.86,326,324
26.87,340,341
26.92,331,328
26.92,337,339
26.92,335,331
26.92,334,335
26.92,338,334
26.92,330,332
26.93,339,337
26.99,325,326
26.99,340,338
26.99,322,325
26.99,342,340
26.99,321,322
26.99,340,341
27.0,322,323
27.05,339,341
27.05,326,325
27.05,338,339
27.05,329,327
27.05,333,337
27.06,337,332
27.06,331,334
27.13,339,336
27.13,329,330
27.13,340,337
27.13,324,325
27.13,343,341
27.13,323,323
27.13,345,342
27.19,320,320
27.19,340,343
27.19,321,320
27.19,338,339
27.19,321,321
27.19,336,338
27.2,329,325
27.25,330,332
27.25,334,329
27.25,326,328
27.25,339,335
27.25,320,322
27.25,342,338
27.26,317,319
27.31,342,340
27.31,312,312
27.31,342,341
27.31,317,313
27.31,336,337
27.32,317,314
27.33,333,335
27.38,320,318
27.38,327,329
27.38,329,323
27.38,324,325
27.38,333,329
27.38,318,319
27.39,336,333
27.46,313,317
27.46,340,338
27.46,313,314
27.46,339,339
27.46,313,312
27.46,338,338
27.46,316,313
27.52,334,336
27.52,320,317
27.52,328,332
27.52,326,321
27.52,322,325
27.52,329,325
27.52,317,319
27.58,332,330
27.58,313,315
27.58,336,334
27.58,310,312
27.58,339,336
27.58,308,309
27.59,335,337
27.64,312,311
27.64,334,337
27.64,319,313
27.64,327,333
27.64,324,319
27.65,324,328
27.65,330,324
27.71,320,323
27.71,332,328
27.71,315,319
27.71,337,335
27.71,311,315
27.71,341,338
27.72,313,313
27.78,341,339
27.78,314,311
27.78,336,338
27.78,314,311
27.78,334,337
27.78,321,317
27.78,325,330
27.85,328,322
27.85,322,325
27.85,331,328
27.85,317,320
27.85,336,332
27.85,314,317
27.85,337,335
27.91,307,310
27.91,340,337
27.91,308,307
27.91,334,334
27.91,308,306
27.91,330,332
27.92,313,310
27.97,325,330
27.97,326,321
27.97,330,335
27.97,344,339
27.97,335,340
27.97,352,350
27.98,335,337
28.03,353,350
28.03,320,322
28.03,350,347
28.03,306,304
28.03,320,319
28.04,295,295
28.05,330,332
28.1,323,321
28.1,350,354
28.1,357,353
28.1,385,389
28.1,398,393
28.1,386,388
28.11,386,380
28.18,349,351
28.18,346,338
28.18,251,232
28.18,108,101
28.18,115,121
28.18,211,219
28.18,280,283
28.24,329,338
28.24,406,415
28.24,481,485
28.24,474,471
28.24,471,474
28.24,457,452
28.24,443,444
28.3,402,385
28.3,296,301
28.3,345,342
28.3,316,316
28.3,342,343
28.3,396,412
28.31,555,560
28.36,558,561
28.36,604,607
28.36,567,564
28.36,567,568
28.36,526,519
28.37,511,511
28.37,470,461
28.44,442,442
28.44,364,348
28.44,290,295
28.44,325,324
28.44,339,346
28.44,434,439
28.44,447,448
28.5,505,507
28.5,484,483
28.5,495,493
28.5,448,443
28.5,442,442
28.5,404,398
28.51,381,383
28.56,357,350
28.56,326,326
28.56,289,283
28.56,296,303
28.56,340,342
28.56,389,397
28.57,440,436
28.63,405,406
28.63,438,436
28.63,396,393
28.63,399,399
28.63,361,356
28.63,350,350
28.64,321,315
28.69,306,309
28.69,301,295
28.69,290,292
28.69,303,301
28.69,307,315
28.69,366,364
28.7,355,356
28.75,375,376
28.75,351,349
28.75,363,362
28.75,324,319
28.75,321,323
28.76,301,297
28.77,269,272
28.83,354,353
28.83,232,230
28.83,457,479
28.83,194,154
28.83,414,468
28.83,250,180
28.83,253,311
28.89,389,357
28.89,271,280
28.89,312,309
28.89,308,309
28.89,291,288
28.89,307,308
28.9,293,289
28.95,294,296
28.95,290,284
28.95,275,277
28.95,285,281
28.95,254,257
28.96,284,281
28.96,239,240
29.02,283,281
29.02,240,237
29.02,282,283
29.02,246,242
29.02,274,279
29.02,248,239
29.03,240,250
29.08,293,263
29.08,0,36
29.08,552,609
29.08,279,200
29.08,633,634
29.08,628,599
29.14,636,635
29.14,636,635
29.14,637,635
29.14,637,636
29.14,636,636
29.14,637,636
29.15,638,637
29.21,638,636
29.21,635,636
29.21,637,636
29.21,636,636
29.21,635,637
29.21,636,636
29.21,635,637
29.27,635,636
29.27,637,636
29.27,637,636
29.27,636,636
29.27,634,637
29.27,638,637
29.28,635,637
29.33,638,637
29.33,637,637
29.33,639,636
29.33,638,636
29.33,638,637
29.34,637,637
29.35,639,637
29.41,637,636
29.41,637,637
29.41,637,636
29.41,637,637
29.41,636,637
29.41,637,636
29.41,636,636
29.47,637,636
29.47,637,636
29.47,637,636
29.47,635,636
29.47,637,636
29.47,637,636
29.48,638,636
29.53,455,352
29.53,635,636
29.53,0,0
29.53,94,219
29.53,631,568
29.53,0,0
29.53,636,635
29.54,506,384
29.6,517,621
29.6,634,612
29.6,124,267
29.6,632,570
29.6,0,0
29.6,533,556
29.6,0,0
29.66,0,0
29.66,0,0
29.66,0,0
29.66,0,0
29.66,0,0
29.66,0,0
29.66,280,481
29.66,470,274
29.66,0,0
29.66,638,636
29.67,0,0
29.72,0,0
29.72,0,0
29.72,0,0
29.72,0,0
29.72,0,0
29.72,202,260
29.72,473,453
29.72,107,62
29.78,0,0
29.78,0,0
29.78,0,0
29.78,0,0
29.78,0,0
29.78,0,0
29.78,0,0
29.78,0,0
29.78,0,0
29.78,0,0
29.78,0,0
29.79,0,0
29.79,0,0
29.8,0,0
29.8,0,0
29.86,0,0
29.86,0,0
29.86,0,0
29.86,0,0
29.86,0,0
29.86,0,0
29.86,0,0
29.86,0,0
29.86,0,0
29.86,0,0
29.86,0,0
29.87,0,0
29.92,0,0
29.92,0,0
29.92,0,0
29.92,0,0
29.92,0,0
29.92,0,0
29.92,0,0
29.92,0,0
29.99,1,0
29.99,0,0
29.99,0,0
29.99,0,0
29.99,0,0
29.99,0,0
29.99,0,0
29.99,0,0
29.99,0,0
30.05,0,0
30.05,0,0
30.05,0,0
30.05,0,0
30.05,0,0
30.05,0,0
30.05,0,0
30.05,0,0
30.05,0,0
30.11,0,0
30.11,0,0
30.11,0,0
30.11,0,0
30.11,0,0
30.11,0,0
30.11,0,0
30.11,0,0
30.12,0,0
30.17,2,0
30.17,0,0
30.17,0,0
30.17,0,0
30.17,0,0
30.17,0,0
30.17,0,0
30.17,0,0
30.24,0,0
30.24,0,0
30.24,0,0
30.24,0,0
30.24,0,0
30.24,0,0
30.24,0,0
30.24,0,0
30.24,0,0
30.3,0,0
30.3,0,0
30.3,0,0
30.3,0,0
30.3,0,0
30.3,0,0
30.3,0,0
30.3,0,0
30.3,0,0
30.36,0,0
30.36,0,0
30.36,0,0
30.36,0,0
30.36,0,0
30.36,0,0
30.36,0,0
30.36,0,0
30.42,0,0
30.42,0,0
30.42,0,0
30.42,0,0
30.42,0,0
30.42,0,0
30.42,0,0
30.42,0,0
30.42,0,0
30.43,0,0
30.49,0,0
30.49,0,0
30.49,0,0
30.49,0,0
30.49,0,0
30.49,0,0
30.49,0,0
30.49,0,0
30.55,0,0
30.55,0,0
30.55,0,0
30.55,0,0
30.55,0,0
30.55,0,0
30.55,0,0
30.55,0,0
30.55,0,0
30.55,0,0
30.61,0,0
30.61,0,0
30.61,0,0
30.61,0,0
30.61,0,0
30.61,0,0
30.61,0,0
30.61,0,0
30.67,0,0
30.67,0,0
30.67,0,0
30.67,0,0
30.67,0,0
30.67,0,0
30.67,0,0
30.67,0,0
30.68,0,0
30.68,0,0
30.74,0,0
30.74,0,0
30.74,0,0
30.74,0,0
30.74,0,0
30.74,0,0
30.74,0,0
30.74,0,0
30.8,0,0
30.8,0,0
30.8,0,0
30.8,0,0
30.8,0,0
30.8,0,0
30.8,0,0
30.8,0,0
30.86,0,0
30.86,0,0
30.86,0,0
30.86,0,0
30.86,0,0
30.86,0,0
30.86,0,0
30.86,0,0
30.86,0,0
30.86,0,0
30.92,0,0
30.92,0,0
30.92,0,0
30.92,0,0
30.92,0,0
30.92,0,0
30.92,0,0
30.92,0,0
30.98,0,0
30.98,0,0
30.98,0,0
30.98,0,0
30.98,0,0
30.98,0,0
30.98,0,0
30.98,0,0
30.99,0,0
31.04,0,0
31.04,0,0
31.05,0,0
31.05,0,0
31.05,0,0
31.05,0,0
31.05,0,0
31.05,0,0
31.05,0,0
31.11,0,0
31.11,0,0
31.11,0,0
31.11,0,0
31.11,0,0
31.11,0,0
31.11,0,0
31.11,0,0
31.17,0,0
31.17,0,0
31.17,0,0
31.17,0,0
31.17,0,0
31.17,0,0
31.17,0,0
31.17,0,0
31.17,0,0
31.23,0,0
31.23,0,0
31.23,0,0
31.23,0,0
31.23,0,0
31.23,0,0
31.23,0,0
31.23,0,0
31.23,0,0
31.3,0,0
31.3,0,0
31.3,0,0
31.3,0,0
31.3,0,0
31.3,0,0
31.3,0,0
31.3,0,0
31.3,0,0
31.36,0,0
31.36,0,0
31.36,0,0
31.36,0,0
31.36,0,0
31.36,0,0
31.36,0,0
31.36,1,32
31.42,528,602
31.42,514,439
31.42,90,112
31.42,472,495
31.42,364,313
31.42,207,223
31.42,397,404
31.43,339,321
31.48,291,300
31.48,354,353
31.48,298,293
31.48,305,315
31.48,336,332
31.49,284,281
31.5,320,328
31.55,327,317
31.55,283,285
31.55,333,337
31.55,246,110
31.55,0,0
31.55,0,0
31.55,0,0
31.61,0,0
31.61,0,0
31.61,0,0
31.61,286,337
31.61,433,412
31.61,270,261
31.61,315,323
31.61,335,325
31.62,293,294
31.63,335,336
31.64,308,303
31.7,304,310
31.7,339,338
31.7,302,296
31.7,318,326
31.7,336,330
31.7,296,297
31.7,333,337
31.76,327,320
31.76,304,308
31.76,341,339
31.76,301,301
31.76,464,553
31.76,0,0
31.76,0,0
31.83,0,0
31.83,0,0
31.83,0,0
31.83,0,0
31.83,0,0
31.83,19,212
31.83,637,637
31.83,635,636
31.83,637,637
31.84,638,636
31.84,636,636
31.86,635,632
31.86,345,301
31.87,276,295
31.88,341,335
31.94,325,325
31.94,308,308
31.94,333,333
31.94,310,307
31.94,327,329
31.94,317,311
31.95,320,323
32.0,322,317
32.0,313,317
32.0,330,323
32.0,305,307
32.0,331,328
32.0,299,296
32.01,637,637
32.08,635,591
32.08,0,27
32.08,143,22
32.08,0,0
32.08,0,0
32.08,0,0
32.08,0,0
32.08,0,0
32.08,0,0
32.08,0,0
32.08,0,0
32.14,0,0
32.14,0,0
32.14,150,204
32.14,414,415
32.14,334,321
32.14,276,279
32.14,318,325
32.2,340,334
32.2,299,296
32.2,320,325
32.2,331,324
32.2,300,300
32.2,334,335
32.2,301,300
32.26,332,334
32.26,307,303
32.26,328,331
32.26,309,306
32.26,323,326
32.26,151,25
32.26,0,0
32.27,0,0
32.32,0,0
32.32,0,0
32.32,0,0
32.32,0,0
32.32,0,0
32.32,0,0
32.32,0,0
32.32,0,0
32.32,0,0
32.32,0,0
32.32,0,0
32.39,0,0
32.39,0,0
32.39,0,0
32.39,0,0
32.39,0,0
32.39,0,0
32.39,0,0
32.39,0,0
32.39,636,637
32.39,638,636
32.39,637,637
32.45,638,637
32.45,637,637
32.45,637,635
32.45,573,522
32.45,231,219
32.45,297,313
32.46,348,341
32.51,321,319
32.51,322,321
32.51,311,312
32.51,329,330
32.51,322,318
32.52,308,311
32.52,333,332
32.59,316,312
32.59,314,318
32.59,334,332
32.59,309,310
32.59,334,332
32.59,312,310
32.59,332,331
32.65,312,309
32.65,635,636
32.65,636,636
32.65,636,637
32.65,637,636
32.65,637,636
32.65,635,636
32.71,636,637
32.71,637,636
32.71,634,634
32.71,635,636
32.71,406,243
32.71,401,562
32.72,480,328
32.77,151,306
32.77,605,503
32.77,24,125
32.77,636,634
32.77,0,1
32.77,636,636
32.78,572,468
32.79,573,632
32.85,638,636
32.85,636,636
32.85,637,636
32.85,636,636
32.85,637,637
32.85,638,637
32.86,635,636
32.92,639,636
32.92,638,637
32.92,635,636
32.92,635,637
32.92,637,636
32.92,636,637
32.92,638,636
32.98,638,637
32.98,638,636
32.98,636,637
32.98,636,637
32.98,637,636
32.98,637,637
32.99,638,636
33.04,638,637
33.04,638,637
33.04,636,637
33.04,637,636
33.04,636,637
33.04,637,636
33.05,637,637
33.1,638,636
33.1,636,636
33.1,636,637
33.1,637,637
33.1,638,637
33.11,635,637
33.12,637,637
33.18,639,637
33.18,636,637
33.18,636,636
33.18,637,636
33.18,0,0
33.18,258,396
33.18,118,12
33.18,0,0
33.24,0,0
33.24,0,0
33.24,0,0
33.24,0,0
33.24,0,0
33.24,0,0
33.24,0,0
33.24,0,0
33.24,0,0
33.24,0,0
33.24,0,0
33.31,0,0
33.31,0,0
33.31,0,0
33.31,0,0
33.31,0,0
33.31,0,0
33.31,0,0
33.31,0,0
33.31,0,0
33.31,0,0
33.31,0,0
33.31,0,0
33.31,0,0
33.31,0,0
33.32,0,0
33.37,0,0
33.37,0,0
33.37,0,0
33.37,0,0
33.37,0,0
33.37,0,0
33.37,0,0
33.37,43,177
33.38,637,636
33.43,536,490
33.43,635,636
33.43,638,637
33.43,636,637
33.43,637,637
33.43,638,636
33.44,639,637
33.49,637,636
33.49,635,637
33.49,637,637
33.49,638,637
33.49,636,637
33.5,638,637
33.51,638,636
33.56,636,637
33.56,636,637
33.56,637,636
33.56,636,637
33.56,638,636
33.56,637,637
33.57,637,637
33.63,638,636
33.63,639,636
33.63,638,636
33.63,637,637
33.63,637,637
33.63,638,637
33.64,638,637
33.7,637,637
33.7,636,636
33.7,638,636
33.7,637,636
33.7,635,637
33.7,636,637
33.7,638,637
33.76,637,637
33.76,635,636
33.76,637,636
33.76,634,628
33.76,637,636
33.76,598,499
33.77,589,634
33.82,635,622
33.82,486,602
33.82,636,635
33.82,529,607
33.82,635,635
33.83,398,459
33.83,637,636
33.9,259,254
33.9,637,636
33.9,219,132
33.9,638,637
33.9,331,188
33.9,637,636
33.9,546,428
33.96,635,635
33.96,616,524
33.96,332,512
33.96,636,595
33.96,100,237
33.96,636,633
33.97,0,85
33.97,636,636
33.98,250,97
33.99,558,629
34.06,516,376
34.06,203,359
34.06,511,358
34.06,0,4
34.06,594,563
34.06,0,0
34.06,0,0
34.06,0,0
34.06,0,0
34.06,0,0
34.06,0,0
34.12,0,0
34.12,0,0
34.12,0,0
34.12,0,0
34.12,0,0
34.12,0,0
34.12,0,0
34.12,0,0
34.12,0,0
34.12,0,0
34.12,0,0
34.18,0,0
34.18,69,206
34.18,634,623
34.18,108,171
34.18,638,637
34.18,638,636
34.18,637,636
34.19,637,637
34.24,638,637
34.24,637,637
34.24,638,637
34.24,636,637
34.24,638,637
34.25,637,637
34.26,639,636
34.32,638,637
34.32,637,636
34.32,637,636
34.32,638,637
34.32,636,636
34.32,635,637
34.32,637,637
34.38,637,636
34.38,635,636
34.38,637,636
34.38,636,636
34.38,636,636
34.38,636,630
34.39,312,448
34.44,634,612
34.44,0,80
34.44,635,636
34.44,0,0
34.44,304,484
34.44,636,630
34.44,35,145
34.51,636,636
34.51,299,270
34.51,637,636
34.51,335,234
34.51,637,636
34.51,341,184
34.51,635,636
34.57,427,274
34.57,377,546
34.57,587,481
34.57,219,385
34.57,635,617
34.57,59,173
34.58,637,635
34.58,0,0
34.63,630,635
34.63,308,128
34.63,0,62
34.63,621,537
34.63,0,0
34.63,166,292
34.7,199,55
34.7,0,1
34.7,634,633
34.7,0,0
34.7,170,331
34.7,635,634
34.7,7,91
34.7,638,636
34.7,573,484
34.71,637,636
34.72,637,635
34.78,637,636
34.78,635,636
34.78,637,637
34.78,638,636
34.78,637,636
34.78,639,636
34.78,637,637
34.84,637,636
34.84,637,636
34.84,639,636
34.84,635,636
34.84,637,636
34.84,636,636
34.85,637,637
34.9,637,636
34.9,635,636
34.9,638,637
34.9,637,636
34.9,636,637
34.91,635,637
34.92,637,635
34.98,636,637
34.98,636,636
34.98,637,636
34.98,635,636
34.98,392,327
34.98,637,635
34.98,0,0
35.04,283,456
35.04,632,615
35.04,0,49
35.04,636,636
35.04,12,0
35.04,149,285
35.04,612,524
35.04,0,41
35.11,635,635
35.11,129,29
35.11,495,606
35.11,502,389
35.11,192,310
35.11,559,477
35.11,0,15
35.17,278,294
35.17,170,152
35.17,134,134
35.17,74,67
35.17,60,58
35.17,34,24
35.17,0,0
35.17,0,0
35.17,0,0
35.23,0,0
35.23,0,0
35.23,0,0
35.23,0,0
35.23,0,0
35.23,0,0
35.23,0,0
35.23,0,0
35.23,0,0
35.23,0,0
35.23,0,0
35.29,0,0
35.29,0,0
35.29,0,0
35.29,0,0
35.29,0,0
35.29,0,0
35.29,0,0
35.29,0,0
35.29,0,0
35.29,0,0
35.29,0,0
35.29,0,0
35.3,0,0
35.3,0,0
35.3,0,0
35.36,0,0
35.36,0,0
35.36,0,0
35.36,0,0
35.36,0,0
35.36,0,0
35.36,0,0
35.36,0,0
35.42,0,0
35.42,0,0
35.42,0,0
35.42,0,0
35.42,0,0
35.42,0,0
35.42,0,0
35.42,0,0
35.42,0,0
35.48,0,0
35.48,0,0
35.48,0,0
35.48,0,0
35.48,0,0
35.48,0,0
35.48,0,0
35.48,0,0
35.48,0,0
35.54,0,0
35.54,0,0
35.54,0,0
35.54,0,0
35.54,0,0
35.54,0,0
35.54,0,0
35.54,0,0
35.55,0,0
35.61,0,0
35.61,0,0
35.61,0,0
35.61,0,0
35.61,0,0
35.61,0,0
35.61,0,0
35.61,0,0
35.61,0,0
35.62,0,0
35.67,0,0
35.67,0,0
35.67,0,0
35.67,0,0
35.67,0,0
35.67,0,0
35.67,0,0
35.67,0,0
35.73,0,0
35.73,0,0
35.73,0,0
35.73,0,0
35.73,0,0
35.73,0,0
35.73,0,0
35.73,179,103
35.74,0,0
35.8,52,157
35.8,321,156
35.8,0,0
35.8,404,556
35.8,165,30
35.8,0,0
35.8,636,636
35.8,0,0
35.81,16,125
35.82,635,633
35.87,0,0
35.87,331,519
35.88,635,591
35.88,0,0
35.88,636,636
35.88,542,393
35.88,0,9
35.88,637,636
35.89,183,36
35.89,0,96
35.9,637,635
35.97,0,0
35.97,207,393
35.97,635,629
35.97,0,0
35.97,636,636
35.97,636,614
35.97,0,63
35.97,639,636
35.98,635,623
35.99,507,609
36.0,638,636
36.01,634,633
36.01,637,637
36.06,637,637
36.06,635,636
36.06,638,636
36.06,636,636
36.06,636,635
36.07,636,636
36.08,637,636
36.14,636,636
36.14,635,636
36.14,637,636
36.14,638,636
36.14,638,636
36.14,636,636
36.14,637,636
36.2,637,636
36.2,637,636
36.2,637,636
36.2,638,636
36.2,637,636
36.2,637,637
36.21,637,636
36.27,637,636
36.27,637,637
36.27,636,636
36.27,637,636
36.27,638,636
36.27,638,636
36.28,638,636
36.33,637,636
36.33,638,636
36.33,638,636
36.33,637,637
36.33,635,636
36.33,636,635
36.34,635,636
36.41,636,635
36.41,637,636
36.41,636,635
36.41,637,636
36.41,635,636
36.41,638,636
36.41,636,637
36.47,635,636
36.47,637,636
36.47,637,636
36.47,635,636
36.47,635,635
36.47,638,637
36.47,637,636
36.53,636,636
36.53,638,636
36.53,637,636
36.53,637,637
36.53,636,636
36.53,637,637
36.54,636,637
36.59,637,636
36.59,639,637
36.59,636,636
36.59,637,637
36.59,639,636
36.59,638,636
36.6,636,636
36.66,638,637
36.66,636,636
36.66,636,636
36.66,636,637
36.66,636,636
36.66,635,636
36.67,635,637
36.72,637,636
36.72,636,636
36.72,637,637
36.72,638,636
36.72,636,635
36.73,443,392
36.73,230,245
36.8,371,368
36.8,305,299
36.8,328,332
36.8,320,315
36.8,320,325
36.8,325,319
36.8,313,319
36.86,328,325
36.86,312,313
36.86,332,329
36.86,306,309
36.86,335,331
36.86,317,316
36.87,637,637
36.92,636,637
36.92,637,636
36.92,637,637
36.92,637,636
36.92,638,637
36.92,638,637
36.93,636,636
36.98,638,636
36.98,638,636
36.98,636,636
36.98,638,636
36.98,639,637
36.99,635,637
37.0,638,636
37.05,637,636
37.05,637,636
37.05,636,636
37.05,638,636
37.05,639,637
37.05,638,637
37.06,637,637
37.12,638,636
37.12,636,637
37.12,637,637
37.12,636,636
37.12,636,636
37.12,636,637
37.13,637,637
37.19,636,637
37.19,637,637
37.19,638,637
37.19,638,636
37.19,636,636
37.19,637,637
37.19,635,637
37.25,636,636
37.25,636,636
37.25,634,635
37.25,637,636
37.25,257,196
37.25,636,636
37.25,0,0
37.31,357,528
37.31,602,478
37.31,0,0
37.31,634,634
37.31,0,0
37.31,0,0
37.31,311,243
37.37,0,0
37.37,0,0
37.37,50,3
37.37,0,0
37.37,0,0
37.37,0,0
37.37,0,0
37.37,0,0
37.37,0,0
37.37,0,0
37.37,0,0
37.37,0,0
37.38,0,0
37.38,0,0
37.44,0,0
37.44,0,0
37.44,0,0
37.44,0,0
37.44,0,0
37.44,0,0
37.44,0,0
37.44,0,77
37.44,74,8
37.44,0,13
37.45,635,636
37.45,543,436
37.51,448,596
37.51,635,636
37.51,635,635
37.51,638,637
37.51,638,636
37.51,637,636
37.52,636,636
37.58,637,636
37.58,635,636
37.58,637,636
37.58,637,636
37.58,638,636
37.58,637,636
37.59,636,636
37.64,638,637
37.64,635,636
37.64,638,637
37.64,636,636
37.64,638,636
37.64,636,637
37.65,637,636
37.7,637,636
37.7,638,636
37.7,636,636
37.7,636,637
37.7,638,636
37.71,636,636
37.72,637,637
37.78,638,636
37.78,638,637
37.78,637,636
37.78,637,636
37.78,637,636
37.78,637,635
37.78,404,354
37.84,244,260
37.84,360,362
37.84,307,303
37.84,322,326
37.84,324,319
37.84,315,319
37.85,327,323
37.9,311,315
37.9,329,326
37.9,309,312
37.91,331,329
37.91,308,310
37.91,329,330
37.91,325,336
37.97,636,636
37.97,634,636
37.97,635,636
37.97,636,636
37.97,637,635
37.97,637,636
37.98,632,634
38.04,635,636
38.04,622,594
38.04,638,637
38.04,632,626
38.04,636,636
38.04,634,635
38.04,636,637
38.11,636,635
38.11,637,636
38.11,636,634
38.11,493,591
38.11,636,635
38.11,434,523
38.11,638,636
38.17,633,635
38.17,636,636
38.17,637,636
38.17,638,636
38.17,637,636
38.17,638,636
38.18,637,636
38.23,639,637
38.23,638,636
38.23,637,636
38.23,636,636
38.23,638,636
38.23,636,637
38.24,634,637
38.29,637,636
38.29,638,637
38.29,636,636
38.29,637,637
38.29,635,637
38.3,636,637
38.31,635,636
38.37,637,636
38.37,638,636
38.37,635,637
38.37,638,636
38.37,638,636
38.37,638,637
38.37,635,636
38.43,635,636
38.43,635,636
38.43,635,636
38.43,638,636
38.43,637,636
38.43,637,637
38.44,638,636
38.49,638,636
38.49,637,636
38.49,637,636
38.49,638,637
38.5,637,636
38.5,637,636
38.5,637,636
38.56,637,636
38.56,637,636
38.56,636,635
38.56,320,377
38.56,633,613
38.56,0,6
38.57,622,633
38.62,161,40
38.62,0,44
38.62,484,434
38.62,0,0
38.62,14,59
38.62,4,0
38.62,0,0
38.62,0,0
38.62,0,0
38.68,0,0
38.68,0,0
38.68,0,0
38.68,0,0
38.68,0,0
38.68,0,0
38.68,0,0
38.68,0,0
38.68,0,0
38.68,0,0
38.68,0,0
38.74,0,0
38.74,0,0
38.74,0,0
38.74,0,0
38.74,0,0
38.74,0,0
38.75,0,0
38.75,0,0
38.75,0,0
38.75,0,0
38.75,0,0
38.75,0,0
38.75,0,0
38.75,0,0
38.76,0,0
38.81,0,0
38.81,0,0
38.81,0,0
38.81,0,0
38.81,0,0
38.81,0,0
38.81,0,0
38.81,0,0
38.87,0,0
38.87,0,0
38.87,0,0
38.87,0,0
38.87,0,0
38.87,0,0
38.87,0,0
38.87,0,0
38.93,0,0
38.93,0,0
38.93,0,0
38.93,0,0
38.93,0,0
38.93,0,0
38.93,0,0
38.93,0,0
38.93,0,0
38.94,0,0
38.99,0,0
38.99,0,0
38.99,0,0
38.99,0,0
38.99,0,0
38.99,0,0
38.99,0,0
39.0,0,0
39.06,0,0
39.06,0,0
39.06,0,0
39.06,0,0
39.06,0,0
39.06,0,0
39.06,0,0
39.06,0,0
39.06,0,0
39.12,0,0
39.12,0,0
39.12,0,0
39.12,0,0
39.12,0,0
39.12,0,0
39.12,0,0
39.12,0,0
39.12,0,0
39.18,0,0
39.18,0,0
39.18,0,0
39.18,0,0
39.18,0,0
39.18,0,0
39.18,0,0
39.18,0,0
39.24,0,0
39.24,0,0
39.24,0,0
39.24,0,0
39.24,0,0
39.24,0,0
39.24,0,0
39.24,0,0
39.24,0,0
39.3,0,0
39.3,0,0
39.3,0,0
39.3,0,0
39.3,0,0
39.3,0,0
39.3,0,0
39.3,0,0
39.31,0,0
39.37,0,0
39.37,0,0
39.37,0,0
39.37,0,0
39.37,0,0
39.37,0,0
39.37,0,0
39.37,0,0
39.43,0,0
39.43,0,0
39.43,0,0
39.43,0,0
39.43,0,0
39.43,0,0
39.43,0,0
39.43,0,0
39.43,0,0
39.49,0,0
39.49,0,0
39.49,0,0
39.49,0,0
39.49,0,0
39.49,0,0
39.49,0,0
39.49,0,0
39.49,0,0
39.55,27,29
39.55,22,27
39.55,71,75
39.55,60,53
39.55,38,46
39.55,110,111
39.55,81,72
39.56,78,88
39.56,138,136
39.57,97,91
39.58,124,134
39.59,160,155
39.6,118,116
39.65,168,177
39.65,174,168
39.65,145,150
39.65,212,213
39.65,186,176
39.65,180,188
39.66,240,236
39.73,192,187
39.73,218,228
39.73,250,245
39.73,204,206
39.73,258,265
39.73,259,249
39.73,229,234
39.79,294,294
39.79,260,255
39.79,261,271
39.79,312,310
39.79,267,261
39.79,296,304
39.79,322,315
39.85,275,276
39.85,328,335
39.85,324,314
39.85,297,304
39.85,350,346
39.85,302,308
39.86,368,364
39.91,311,313
39.91,376,378
39.91,326,323
39.91,381,386
39.91,347,339
39.92,381,389
39.92,365,356
39.98,379,387
39.98,381,373
39.98,373,382
39.98,400,392
39.98,370,377
39.98,417,409
39.99,367,372
40.05,425,421
40.05,370,371
40.05,433,431
40.05,376,374
40.05,431,436
40.05,386,381
40.06,428,435
40.12,398,392
40.12,422,429
40.12,413,406
40.12,412,420
40.12,427,419
40.12,401,410
40.12,440,431
40.18,396,402
40.18,448,440
40.18,391,394
40.18,453,449
40.18,392,392
40.18,450,452
40.19,399,394
40.24,446,449
40.24,406,399
40.24,433,441
40.24,415,407
40.24,421,428
40.24,426,416
40.26,407,416
40.26,435,426
40.27,398,404
40.28,440,435
40.34,388,393
40.34,446,442
40.34,386,386
40.34,444,443
40.34,385,382
40.34,437,440
40.35,388,383
40.4,426,432
40.4,395,388
40.4,411,419
40.4,404,394
40.4,398,407
40.4,414,406
40.41,385,393
40.48,422,413
40.48,376,381
40.48,428,420
40.48,366,370
40.48,426,423
40.48,361,362
40.48,422,422
40.54,365,362
40.54,414,417
40.54,371,366
40.54,402,408
40.54,382,373
40.54,386,395
40.54,392,382
40.6,373,381
40.6,399,391
40.6,362,368
40.6,406,400
40.6,352,356
40.6,409,404
40.61,344,346
40.66,406,405
40.66,347,343
40.66,397,402
40.66,352,344
40.66,388,395
40.67,362,351
40.67,374,382
40.73,368,358
40.73,362,369
40.73,376,368
40.73,347,354
40.73,386,378
40.73,337,342
40.74,391,383
40.79,329,332
40.79,390,387
40.79,324,326
40.79,384,387
40.79,330,325
40.8,376,381
40.81,337,329
40.87,363,370
40.87,346,337
40.87,349,357
40.87,355,346
40.87,337,344
40.87,363,355
40.87,325,331
40.93,370,363
40.93,315,319
40.93,374,369
40.93,310,312
40.93,371,370
40.93,312,310
40.94,361,364
40.99,320,313
40.99,352,359
40.99,328,320
40.99,341,350
40.99,338,329
40.99,329,335
41.0,346,339
41.06,316,324
41.06,352,346
41.06,309,313
41.06,356,351
41.06,302,303
41.06,356,356
41.07,302,301
41.12,352,354
41.12,307,301
41.12,346,350
41.12,315,307
41.12,333,340
41.13,323,315
41.13,321,327
41.2,330,322
41.2,311,317
41.2,339,332
41.2,301,306
41.2,342,338
41.2,295,299
41.2,348,344
41.26,291,290
41.26,345,345
41.26,293,289
41.26,336,340
41.26,296,292
41.26,328,333
41.26,309,299
41.32,314,323
41.32,318,308
41.32,302,309
41.32,327,318
41.32,293,299
41.32,334,326
41.33,290,292
41.39,337,332
41.39,282,283
41.39,334,333
41.39,281,280
41.39,329,332
41.39,284,281
41.4,321,327
41.45,296,288
41.45,311,318
41.45,304,298
41.45,301,308
41.45,313,307
41.45,292,299
41.46,326,318
41.53,285,289
41.53,331,324
41.53,280,282
41.53,333,331
41.53,275,276
41.53,329,328
41.53,278,275
41.59,320,325
41.59,286,280
41.59,313,319
41.59,297,291
41.59,306,313
41.59,313,303
41.59,295,301
41.65,321,313
41.65,284,290
41.65,325,320
41.65,276,280
41.65,329,324
41.65,274,274
41.66,329,328
41.71,277,275
41.71,324,329
41.71,285,281
41.71,320,326
41.71,301,292
41.71,312,318
41.72,306,300
41.78,298,305
41.78,315,307
41.78,285,292
41.78,321,316
41.78,278,283
41.78,328,323
41.79,276,279
41.84,332,332
41.84,282,280
41.84,332,336
41.84,291,285
41.84,327,333
41.85,298,289
41.85,315,322
41.92,306,295
41.92,304,310
41.92,314,304
41.92,293,299
41.92,323,316
41.92,285,290
41.92,330,325
41.98,283,286
41.98,338,333
41.98,279,282
41.98,335,335
41.98,286,281
41.98,327,331
41.98,292,286
42.05,317,324
42.05,298,293
42.05,307,314
42.05,309,301
42.05,296,303
42.05,319,310
42.05,290,295
42.11,324,318
42.11,283,286
42.11,330,325
42.11,276,280
42.11,331,330
42.11,281,278
42.12,326,329
42.17,284,281
42.17,319,323
42.17,294,286
42.17,307,313
42.17,300,293
42.17,297,304
42.18,309,302
42.25,288,295
42.25,317,311
42.25,283,287
42.25,324,320
42.25,282,284
42.25,332,331
42.25,283,282
42.31,330,332
42.31,281,279
42.31,323,326
42.31,287,280
42.31,310,314
42.31,291,283
42.31,298,304
42.37,299,292
42.37,289,296
42.37,312,305
42.37,288,293
42.37,327,320
42.37,286,290
42.38,330,327
42.43,283,283
42.44,327,325
42.44,278,277
42.44,315,317
42.44,280,275
42.44,302,308
42.44,285,280
42.5,297,303
42.5,299,293
42.5,294,300
42.5,314,307
42.5,292,297
42.5,318,316
42.51,290,291
42.56,320,317
42.56,281,282
42.56,313,313
42.56,279,278
42.56,304,308
42.57,280,276
42.57,299,303
42.64,286,283
42.64,297,301
42.64,300,294
42.64,295,299
42.64,307,302
42.64,291,294
42.64,308,305
42.7,283,285
42.7,306,305
42.7,274,276
42.7,307,304
42.7,275,273
42.7,302,303
42.71,279,276
42.76,300,303
42.76,286,281
42.76,297,301
42.76,292,289
42.76,290,295
42.76,299,294
42.77,287,290
42.83,300,298
42.83,281,284
42.83,304,301
42.83,276,280
42.83,307,304
42.83,275,277
42.84,306,306
42.89,277,274
42.89,300,304
42.89,283,279
42.89,299,302
42.89,290,284
42.89,294,297
42.9,295,290
42.97,288,291
42.97,300,296
42.97,284,286
42.97,302,299
42.97,277,280
42.97,303,300
42.97,274,277
43.03,303,301
43.03,277,275
43.03,302,303
43.03,280,277
43.03,301,302
43.03,288,282
43.03,298,300
43.09,292,289
43.09,291,295
43.09,298,294
43.09,288,289
43.09,303,298
43.09,280,282
43.1,302,300
43.16,276,278
43.16,303,303
43.16,280,279
43.16,304,304
43.16,281,279
43.16,302,305
43.16,286,284
43.22,302,303
43.22,294,289
43.22,295,297
43.22,297,292
43.22,288,292
43.22,301,298
43.23,285,286
43.28,305,302
43.28,282,282
43.28,308,305
43.28,280,282
43.28,309,308
43.29,285,283
43.3,308,310
43.36,288,285
43.36,305,307
43.36,292,289
43.36,300,304
43.36,298,294
43.36,293,298
43.36,305,300
43.42,290,292
43.42,307,304
43.42,285,287
43.42,309,307
43.42,285,284
43.42,311,310
43.43,285,284
43.48,310,309
43.48,285,284
43.48,307,309
43.48,291,287
43.48,300,303
43.48,295,290
43.49,294,299
43.54,298,294
43.54,286,291
43.54,304,299
43.55,285,287
43.55,305,303
43.55,281,283
43.56,309,307
43.62,279,282
43.62,309,309
43.62,285,281
43.62,303,308
43.62,288,283
43.62,301,304
43.62,288,286
43.68,295,296
43.68,293,290
43.68,287,290
43.68,298,295
43.68,284,287
43.69,304,300
43.69,283,284
43.75,305,303
43.75,279,280
43.75,308,305
43.75,281,279
43.75,303,304
43.75,281,278
43.75,301,303
43.81,285,282
43.81,295,298
43.81,290,286
43.81,289,294
43.81,294,291
43.81,283,287
43.82,301,298
43.87,282,282
43.87,302,301
43.87,280,280
43.87,305,302
43.87,279,276
43.88,305,304
43.89,279,277
43.95,300,302
43.95,281,278
43.95,296,299
43.95,288,283
43.95,292,296
43.95,295,289
43.95,287,290
44.01,299,294
44.01,280,284
44.01,303,300
44.01,280,280
44.01,304,301
44.01,277,279
44.02,304,303
44.07,278,276
44.07,303,303
44.07,281,278
44.07,296,301
44.07,287,282
44.07,295,298
44.08,292,287
44.14,288,293
44.14,298,294
44.14,284,287
44.14,303,300
44.14,281,284
44.14,306,302
44.15,276,280
44.2,305,304
44.2,277,277
44.2,302,303
44.2,279,278
44.2,301,303
44.2,286,282
44.21,295,299
44.27,292,286
44.27,290,295
44.28,297,292
44.28,289,292
44.28,300,297
44.28,285,287
44.28,307,303
44.34,281,282
44.34,305,304
44.34,280,280
44.34,307,307
44.34,281,278
44.34,303,306
44.34,284,281
44.4,301,304
44.4,292,287
44.4,298,302
44.4,298,294
44.4,293,296
44.4,300,297
44.41,284,290
44.46,308,304
44.46,286,287
44.46,310,308
44.46,285,284
44.46,311,310
44.47,285,282
44.48,309,310
44.53,288,284
44.53,306,309
44.53,291,287
44.53,304,306
44.53,299,294
44.53,297,300
44.54,304,298
44.6,293,297
44.61,310,304
44.61,290,292
44.61,311,308
44.61,288,288
44.61,312,311
44.61,286,285
44.67,314,313
44.67,289,286
44.67,309,312
44.67,293,289
44.67,305,309
44.67,297,292
44.67,298,303
44.73,303,298
44.73,293,299
44.73,307,301
44.73,288,292
44.73,312,307
44.73,287,289
44.74,312,311
44.79,284,286
44.79,314,312
44.79,286,285
44.79,309,312
44.79,288,286
44.79,307,309
44.8,293,289
44.86,301,306
44.86,297,292
44.86,295,298
44.86,304,298
44.86,290,293
44.86,309,304
44.87,285,289
44.92,309,307
44.92,284,285
44.92,312,310
44.92,282,283
44.92,310,310
44.93,284,282
44.93,308,309
45.0,290,286
45.0,301,305
45.0,295,290
45.0,296,299
45.0,301,295
45.0,293,295
45.0,303,300
45.06,288,290
45.06,307,304
45.06,285,286
45.06,311,307
45.06,282,282
45.06,310,310
45.07,284,283
45.12,309,310
45.12,288,285
45.12,304,306
45.12,292,287
45.12,299,302
45.12,297,293
45.13,291,297
45.18,304,298
45.18,289,293
45.18,309,305
45.18,288,289
45.18,312,308
45.19,285,286
45.2,312,310
45.26,283,284
45.26,312,312
45.26,286,285
45.26,308,310
45.26,291,287
45.26,301,305
45.26,296,291
45.32,296,301
45.32,303,296
45.32,291,293
45.32,306,301
45.32,288,289
45.32,309,305
45.33,284,285
45.39,310,309
45.39,285,284
45.39,308,309
45.39,285,283
45.39,309,311
45.39,287,285
45.39,302,307
45.45,295,289
45.45,297,301
45.45,299,293
45.45,294,296
45.45,303,300
45.45,287,291
45.46,307,303
45.51,286,286
45.51,306,306
45.51,281,283
45.51,311,309
45.51,283,281
45.52,308,309
45.52,286,284
45.59,307,309
45.59,289,287
45.59,303,305
45.59,296,291
45.59,296,300
45.59,305,299
45.59,292,296
45.65,308,304
45.65,284,289
45.65,312,308
45.65,284,286
45.65,312,310
45.65,286,285
45.66,310,312
45.71,286,285
45.71,311,311
45.71,291,287
45.71,304,308
45.72,298,293
45.72,299,303
45.72,302,298
45.78,294,298
45.78,308,304
45.78,291,293
45.78,312,308
45.78,287,289
45.78,311,310
45.79,287,287
45.84,313,313
45.84,287,286
45.84,313,313
45.84,288,286
45.84,309,311
45.84,296,291
45.85,303,307
45.9,301,296
45.9,298,302
45.9,308,304
45.9,293,297
45.9,312,309
45.91,293,294
45.92,314,313
45.98,289,291
45.98,318,317
45.98,293,291
45.98,314,317
45.98,294,290
45.98,316,317
45.98,299,294
46.04,310,313
46.04,301,298
46.04,303,307
46.04,306,303
46.04,299,303
46.04,312,309
46.05,294,298
46.1,315,313
46.1,294,294
46.1,317,317
46.1,292,292
46.1,319,319
46.11,291,291
46.11,317,317
46.17,297,293
46.17,312,316
46.17,300,297
46.17,305,309
46.17,309,303
46.17,303,307
46.18,312,310
46.23,299,302
46.23,316,314
46.23,296,296
46.23,318,317
46.23,293,294
46.24,320,318
46.24,292,293
46.31,318,321
46.31,296,294
46.31,316,318
46.31,301,298
46.31,313,315
46.31,307,303
46.31,305,309
46.37,314,308
46.37,298,303
46.37,317,314
46.37,295,299
46.37,322,318
46.37,296,298
46.38,322,321
46.43,296,295
46.43,322,323
46.43,297,296
46.43,320,323
46.43,300,297
46.43,315,318
46.44,305,302
46.5,311,313
46.5,312,306
46.5,305,308
46.5,316,311
46.5,299,302
46.5,320,317
46.51,296,298
46.56,321,320
46.56,293,294
46.56,324,323
46.56,296,295
46.56,321,321
46.56,298,295
46.57,315,318
46.64,302,298
46.64,311,314
46.64,308,303
46.64,304,308
46.64,311,308
46.64,298,303
46.64,317,314
46.7,296,299
46.7,319,316
46.7,292,294
46.7,321,319
46.7,292,293
46.7,320,318
46.7,293,291
46.76,314,315
46.76,297,292
46.76,310,312
46.76,302,299
46.76,304,307
46.76,308,303
46.77,297,302
46.82,313,308
46.82,293,295
46.82,313,311
46.82,289,290
46.82,316,313
46.83,286,287
46.83,315,314
46.89,287,285
46.89,313,314
46.89,294,290
46.89,310,311
46.89,296,292
46.89,302,306
46.9,301,297
46.96,297,301
46.96,307,302
46.96,293,295
46.96,310,308
46.96,289,291
46.96,314,310
46.97,288,288
47.03,317,314
47.03,287,285
47.03,312,315
47.03,289,287
47.03,309,311
47.03,295,290
47.03,303,307
47.09,297,295
47.09,298,300
47.09,304,299
47.09,292,296
47.09,307,304
47.09,287,291
47.1,312,309
47.15,284,287
47.15,312,312
47.15,285,285
47.15,312,313
47.15,285,283
47.15,309,311
47.16,288,286
47.21,305,307
47.21,293,291
47.21,299,302
47.21,299,296
47.21,294,298
47.22,305,301
47.23,289,291
47.29,308,306
47.29,285,286
47.29,313,309
47.29,285,285
47.29,311,311
47.29,283,283
47.29,312,311
47.35,289,286
47.35,307,308
47.35,294,289
47.35,302,306
47.35,299,295
47.35,296,301
47.36,304,300
47.41,290,295
47.41,309,305
47.41,291,292
47.41,312,312
47.41,289,289
47.42,318,315
47.42,287,289
47.48,315,316
47.48,291,289
47.48,314,315
47.48,294,291
47.48,307,310
47.48,301,295
47.49,305,308
47.55,307,303
47.55,298,300
47.55,312,308
47.55,292,296
47.55,315,313
47.55,290,294
47.56,318,315
47.62,291,291
47.62,317,318
47.62,292,290
47.62,316,318
47.62,296,294
47.62,312,316
47.62,303,297
47.68,309,311
47.68,307,302
47.68,303,307
47.68,314,307
47.68,299,302
47.68,319,315
47.69,295,297
47.74,323,319
47.74,292,294
47.74,321,321
47.74,292,293
47.74,319,320
47.74,296,294
47.75,315,318
47.8,300,297
47.8,311,313
47.8,303,300
47.8,305,309
47.8,310,307
47.81,300,304
47.82,317,312
47.83,298,299
47.84,320,317
47.85,293,295
47.91,324,323
47.91,298,298
47.91,327,326
47.91,303,300
47.91,328,328
47.91,307,302
47.91,319,324
47.98,312,308
47.98,314,319
47.98,314,310
47.98,310,312
47.98,320,317
47.98,305,307
47.98,324,320
48.04,300,302
48.04,326,323
48.04,296,297
48.04,325,323
48.04,296,296
48.04,323,324
48.04,300,297
48.1,318,322
48.1,304,301
48.1,315,318
48.1,309,306
48.1,310,312
48.1,314,311
48.11,302,306
48.16,320,315
48.16,298,300
48.16,322,319
48.16,294,296
48.16,323,321
48.17,293,294
48.17,321,322
48.23,294,293
48.23,317,319
48.23,302,297
48.23,312,315
48.23,303,299
48.23,304,310
48.24,309,305
48.3,302,304
48.3,315,310
48.3,294,298
48.3,316,314
48.3,294,294
48.3,319,317
48.3,294,293
48.37,318,318
48.37,292,290
48.37,315,318
48.37,296,293
48.37,313,315
48.37,302,297
48.37,307,310
48.43,307,301
48.43,298,304
48.43,309,307
48.43,296,298
48.43,313,310
48.43,289,292
48.44,315,312
48.49,288,288
48.49,315,314
48.49,287,286
48.49,314,314
48.49,289,287
48.49,310,311
48.5,292,288
48.55,305,307
48.55,298,294
48.55,299,304
48.55,308,303
48.55,297,301
48.56,311,310
48.57,296,298
48.63,319,318
48.63,295,296
48.63,322,319
48.63,294,293
48.63,321,320
48.63,295,292
48.63,317,318
48.69,298,293
48.69,312,314
48.69,301,296
48.69,305,309
48.69,304,300
48.69,295,302
48.7,311,306
48.75,293,297
48.75,314,310
48.75,289,291
48.75,314,312
48.75,286,288
48.76,314,314
48.76,289,288
48.82,315,316
48.82,288,288
48.82,309,313
48.82,296,291
48.82,308,310
48.82,301,297
48.83,299,304
48.88,307,304
48.88,294,299
48.88,313,307
48.88,290,293
48.88,317,312
48.89,289,289
48.89,317,314
48.96,287,288
48.96,316,318
48.96,289,288
48.96,315,316
48.96,293,290
48.96,308,313
48.96,299,293
49.02,302,307
49.02,308,302
49.02,298,303
49.02,311,306
49.02,293,298
49.02,314,310
49.03,289,292
49.08,317,315
49.08,284,287
49.08,320,320
49.08,291,289
49.08,318,321
49.08,295,290
49.09,314,318
49.14,299,293
49.14,312,315
49.14,304,298
49.14,304,308
49.15,309,304
49.15,297,301
49.16,315,310
49.21,291,295
49.21,321,316
49.21,285,290
49.21,327,324
49.21,286,286
49.21,327,329
49.22,287,284
49.29,324,329
49.29,293,287
49.29,320,325
49.29,301,294
49.29,310,319
49.29,311,302
49.29,304,310
49.35,320,313
49.35,298,302
49.35,327,320
49.35,291,294
49.35,327,326
49.35,287,291
49.35,330,329
49.41,289,287
49.41,326,329
49.41,292,288
49.41,322,327
49.41,299,294
49.41,313,319
49.42,307,300
49.47,305,310
49.47,312,308
49.47,296,302
49.47,320,315
49.47,290,295
49.48,327,321
49.48,284,288
49.54,328,327
49.54,283,284
49.54,330,328
49.54,288,283
49.54,322,325
49.54,290,285
49.55,318,321
49.61,299,292
49.61,309,314
49.61,309,301
49.61,298,303
49.61,317,311
49.61,291,296
49.62,325,318
49.68,284,288
49.68,328,323
49.68,282,283
49.68,331,328
49.68,281,282
49.68,325,329
49.68,289,284
49.74,320,324
49.74,298,291
49.74,310,317
49.74,304,296
49.74,298,306
49.74,313,305
49.75,290,298
49.8,322,314
49.8,284,290
49.8,328,322
49.8,282,285
49.8,332,330
49.8,279,281
49.81,330,333
49.86,285,280
49.86,324,330
49.86,286,280
49.86,311,317
49.86,294,285
49.87,300,307
49.88,303,295
49.94,292,300
49.94,317,311
49.94,296,302
49.94,336,331
49.94,295,300
49.94,346,339
49.94,290,291
50.0,335,335
50.0,276,275
50.0,318,320
50.0,272,266
50.0,306,310
50.0,280,276
50.01,307,314
50.07,311,304
50.07,317,325
50.07,341,336
50.07,324,331
50.07,357,350
50.07,313,317
50.07,349,343
50.13,288,291
50.13,330,326
50.13,271,269
50.13,318,318
50.13,274,270
50.13,320,326
50.14,302,298
50.19,340,348
50.19,338,330
50.19,347,355
50.19,355,346
50.19,335,341
50.2,353,343
50.21,309,313
50.27,337,332
50.27,285,287
50.27,330,326
50.27,277,279
50.27,339,338
50.27,297,297
50.27,359,361
50.33,322,316
50.33,353,361
50.33,325,318
50.33,338,342
50.33,321,310
50.33,304,312
50.34,310,302
50.39,280,287
50.39,311,304
50.39,271,277
50.39,328,324
50.39,282,286
50.39,347,345
50.4,294,295
50.46,353,353
50.46,295,292
50.46,337,342
50.46,293,284
50.46,315,322
50.46,288,279
50.47,293,301
50.53,295,285
50.53,280,292
50.53,312,302
50.53,274,285
50.53,329,322
50.53,272,276
50.53,334,329
50.59,260,263
50.6,334,333
50.6,256,253
50.6,322,325
50.6,261,252
50.6,311,321
50.6,276,267
50.66,307,317
50.66,296,286
50.66,298,308
50.66,312,301
50.66,280,292
50.66,323,312
50.66,258,268
50.72,332,321
50.72,247,251
50.72,334,329
50.72,248,248
50.72,334,337
50.72,259,253
50.73,331,338
50.78,270,263
50.78,320,330
50.78,285,272
50.78,301,313
50.78,298,284
50.79,278,292
50.8,317,303
50.86,262,275
50.86,326,316
50.86,279,289
50.86,339,330
50.86,274,278
50.86,365,360
50.86,139,125
50.92,379,400
50.92,174,146
50.92,294,323
50.92,180,147
50.92,259,302
50.92,246,196
50.93,163,216
50.98,315,257
50.98,66,126
50.98,492,443
50.98,0,0
50.98,283,337
50.99,0,0
50.99,0,0
50.99,0,0
51.05,0,0
51.05,0,0
51.05,0,0
51.05,0,0
51.05,0,0
51.05,0,0
51.05,0,0
51.05,0,0
51.05,0,0
51.05,0,0
51.05,0,0
51.05,0,0
51.05,0,0
51.06,0,0
51.06,0,0
51.13,0,0
51.13,0,0
51.13,0,0
51.13,0,0
51.13,0,0
51.13,0,0
51.13,0,0
51.13,0,0
51.13,0,0
51.13,0,0
51.13,0,0
51.13,0,0
51.13,0,0
51.14,0,0
51.14,0,0
51.2,0,0
51.2,0,0
51.2,0,0
51.2,0,0
51.2,0,0
51.2,59,108
51.2,386,398
51.2,352,343
51.21,307,304
51.27,290,291
51.27,337,343
51.27,325,315
51.27,293,296
51.27,351,352
51.27,305,294
51.28,297,305
51.33,353,350
51.33,288,286
51.33,320,335
51.33,351,342
51.33,276,277
51.34,347,358
51.34,339,322
51.41,273,280
51.41,366,328
51.41,0,0
51.41,0,0
51.41,167,222
51.41,379,372
51.41,328,340
51.41,353,342
51.42,233,238
51.43,393,420
51.49,374,331
51.49,165,192
51.49,632,623
51.49,154,44
51.49,134,222
51.49,635,634
51.49,0,0
51.5,637,637
51.56,635,636
51.56,638,636
51.56,637,636
51.56,634,636
51.56,637,636
51.56,638,636
51.57,638,636
51.63,637,637
51.63,638,636
51.63,638,636
51.63,638,636
51.63,635,637
51.63,636,637
51.63,635,636
51.69,636,636
51.69,637,637
51.69,636,636
51.69,638,637
51.69,637,637
51.69,635,636
51.7,637,637
51.75,638,637
51.75,635,636
51.75,638,637
51.75,635,637
51.75,638,637
51.75,637,636
51.76,638,637
51.81,635,636
51.81,637,636
51.81,637,636
51.81,638,637
51.81,638,636
51.82,638,637
51.83,637,637
51.89,639,637
51.89,638,637
51.89,636,636
51.89,635,637
51.89,637,635
51.89,636,636
51.89,638,637
51.95,635,637
51.95,636,636
51.95,637,637
51.95,635,636
51.95,637,637
51.95,637,637
51.96,637,636
52.02,636,636
52.02,637,636
52.02,635,636
52.02,638,636
52.02,639,637
52.02,638,636
52.02,639,637
52.08,638,636
52.08,637,636
52.08,637,637
52.08,637,637
52.08,637,636
52.08,638,637
52.09,638,637
52.14,637,636
52.14,637,637
52.14,638,636
52.14,638,637
52.14,637,637
52.15,635,637
52.16,637,636
52.22,638,636
52.22,635,636
52.22,637,636
52.22,636,637
52.22,638,637
52.22,638,636
52.22,637,636
52.28,637,636
52.28,638,636
52.28,637,636
52.28,635,637
52.28,637,637
52.28,635,636
52.29,638,637
52.34,638,636
52.34,636,637
52.34,637,637
52.34,639,636
52.34,637,636
52.34,637,636
52.35,637,637
52.41,637,637
52.41,637,636
52.41,637,635
52.41,634,618
52.41,49,114
52.41,633,626
52.41,0,1
52.42,605,632
52.48,436,290
52.48,165,284
52.48,547,462
52.48,69,142
52.48,631,608
52.48,0,10
52.48,609,631
52.55,175,64
52.55,188,307
52.55,481,389
52.55,121,195
52.55,154,113
52.55,165,235
52.55,613,566
52.56,0,34
52.56,599,627
52.57,184,90
52.58,231,342
52.59,434,341
52.65,136,205
52.65,489,434
52.65,118,157
52.65,505,473
52.65,129,151
52.65,505,491
52.65,139,142
52.72,491,492
52.72,157,146
52.72,457,480
52.72,212,179
52.72,637,636
52.72,568,495
52.72,233,278
52.78,357,312
52.78,266,306
52.78,387,351
52.78,216,247
52.78,428,401
52.78,190,213
52.79,456,440
52.84,186,194
52.84,456,453
52.84,183,181
52.84,436,442
52.84,207,195
52.84,398,423
52.85,263,228
52.9,343,381
52.9,309,244
52.9,0,54
52.9,485,494
52.9,254,240
52.9,368,373
52.97,252,251
52.97,389,394
52.97,250,242
52.97,363,378
52.97,286,263
52.97,331,355
52.97,325,299
53.03,303,325
53.03,353,332
53.03,282,296
53.03,370,354
53.03,261,274
53.03,377,367
53.04,258,264
53.09,372,367
53.09,302,390
53.09,638,636
53.09,534,482
53.09,240,253
53.09,323,317
53.1,338,344
53.15,308,296
53.15,319,331
53.15,334,323
53.15,302,312
53.15,342,336
53.16,298,302
53.17,348,344
53.23,292,293
53.23,350,348
53.23,291,290
53.23,347,348
53.23,295,292
53.23,340,344
53.23,298,293
53.29,638,636
53.29,638,637
53.29,635,637
53.29,635,637
53.29,637,637
53.29,638,636
53.3,637,637
53.36,635,637
53.36,637,637
53.36,637,637
53.36,637,637
53.36,638,637
53.36,58,1
53.36,0,0
53.36,0,0
53.37,0,0
53.37,0,0
53.44,0,0
53.44,0,0
53.44,0,0
53.44,0,0
53.44,0,0
53.44,0,13
53.44,323,358
53.44,394,382
53.44,295,291
53.44,296,300
53.5,336,338
53.5,328,322
53.5,302,305
53.5,333,334
53.5,324,317
53.5,310,311
53.51,332,331
53.56,307,308
53.56,333,331
53.56,306,306
53.56,331,331
53.56,309,308
53.56,330,331
53.57,157,34
53.58,0,0
53.64,547,627
53.64,621,564
53.64,636,636
53.64,638,636
53.64,635,637
53.64,637,637
53.64,637,637
53.7,636,636
53.7,636,636
53.7,637,636
53.7,637,636
53.7,637,636
53.7,637,637
53.71,636,636
53.76,638,636
53.76,636,636
53.76,637,636
53.76,638,637
53.76,635,636
53.76,637,636
53.77,637,636
53.83,636,634
53.83,366,321
53.83,263,284
53.83,357,351
53.83,311,311
53.83,325,324
53.84,321,321
53.89,321,321
53.89,322,320
53.89,320,321
53.89,320,320
53.89,320,321
53.9,320,320
53.9,320,320
53.97,320,320
53.97,396,425
53.97,633,634
53.97,633,636
53.97,638,636
53.97,637,636
53.97,638,637
53.98,636,636
53.99,636,636
54.0,637,636
54.06,635,636
54.06,637,636
54.06,636,636
54.06,637,637
54.06,637,636
54.06,636,636
54.06,635,636
54.12,635,636
54.12,633,636
54.12,637,635
54.12,637,637
54.12,638,636
54.12,637,636
54.13,638,636
54.18,638,636
54.18,637,637
54.18,637,636
54.18,638,636
54.18,635,637
54.19,638,636
54.19,635,637
54.25,636,637
54.25,638,636
54.25,636,636
54.25,638,636
54.25,639,637
54.25,635,637
54.26,635,637
54.33,636,636
54.33,637,637
54.33,637,636
54.33,637,636
54.33,637,636
54.33,635,636
54.33,636,636
54.39,635,637
54.39,635,636
54.39,638,636
54.39,636,637
54.39,638,637
54.39,636,637
54.39,636,637
54.45,635,636
54.45,635,637
54.45,637,636
54.45,636,637
54.45,638,637
54.45,638,636
54.46,637,637
54.51,638,637
54.51,638,636
54.51,635,637
54.51,637,637
54.51,637,637
54.51,637,637
54.52,637,636
54.58,638,636
54.58,635,636
54.58,637,636
54.58,636,636
54.58,638,636
54.58,636,637
54.59,637,636
54.65,634,636
54.65,637,636
54.65,635,636
54.65,638,637
54.65,638,637
54.65,637,636
54.65,637,636
54.71,638,636
54.71,637,636
54.71,637,636
54.71,638,636
54.71,637,636
54.71,635,637
54.72,635,636
54.78,638,636
54.78,637,636
54.78,635,636
54.78,635,635
54.78,637,636
54.78,638,637
54.78,636,637
54.84,637,636
54.84,636,636
54.84,635,634
54.84,291,318
54.84,634,618
54.84,12,40
54.85,635,635
54.86,190,96
54.87,358,467
54.87,347,234
54.93,39,91
54.93,330,272
54.93,0,0
54.93,111,153
54.93,0,0
54.93,0,0
54.93,132,136
54.93,0,0
54.94,0,2
54.99,193,159
54.99,0,0
54.99,11,46
54.99,139,72
54.99,0,0
54.99,74,125
54.99,41,3
54.99,0,0
55.0,188,237
55.01,0,0
55.07,0,0
55.07,283,285
55.07,0,0
55.07,0,23
55.07,305,251
55.07,0,0
55.07,45,107
55.07,216,118
55.07,0,0
55.08,166,242
55.13,38,2
55.13,0,0
55.13,245,287
55.13,0,0
55.13,0,0
55.13,290,270
55.13,0,0
55.13,0,28
55.14,293,205
55.15,0,0
55.15,8,60
55.16,102,26
55.17,0,0
55.23,222,310
55.23,20,0
55.23,0,0
55.23,406,449
55.23,0,0
55.23,0,38
55.23,528,489
55.23,0,0
55.23,98,191
55.24,477,380
55.29,0,0
55.29,281,378
55.29,334,222
55.29,0,2
55.29,452,514
55.29,156,59
55.3,16,69
55.3,521,513
55.31,0,0
55.32,22,73
55.33,373,337
55.33,0,0
55.38,86,140
55.38,231,182
55.38,0,0
55.38,105,139
55.38,92,50
55.38,0,0
55.39,145,164
55.39,22,3
55.4,1,18
55.41,191,186
55.41,0,0
55.46,47,79
55.46,184,163
55.46,0,0
55.46,94,115
55.46,110,85
55.46,0,6
55.46,160,175
55.47,98,74
55.48,39,62
55.49,216,219
55.5,88,71
55.51,134,158
55.51,192,173
55.57,134,157
55.57,239,219
55.57,139,155
55.57,275,261
55.57,143,150
55.57,292,286
55.58,158,158
55.63,288,291
55.63,188,181
55.63,276,284
55.63,214,207
55.64,278,287
55.64,242,229
55.64,270,279
55.7,261,248
55.7,253,265
55.7,271,258
55.7,230,240
55.7,274,262
55.7,214,221
55.71,259,252
55.78,207,210
55.78,266,265
55.78,223,224
55.78,287,288
55.78,247,241
55.78,289,294
55.78,265,260
55.84,284,290
55.84,275,268
55.84,278,284
55.84,292,285
55.84,277,282
55.84,306,300
55.84,279,284
55.9,318,314
55.9,280,282
55.9,320,318
55.9,283,281
55.9,320,321
55.9,286,285
55.91,320,321
55.96,292,290
55.96,312,316
55.96,300,295
55.96,305,309
55.96,311,305
55.96,302,304
55.97,318,312
56.02,294,296
56.02,321,315
56.02,288,291
56.02,319,318
56.02,288,287
56.03,318,318
56.04,288,286
56.1,315,317
56.1,292,289
56.1,307,312
56.1,297,291
56.1,300,305
56.1,300,296
56.1,295,298
56.17,305,299
56.17,286,290
56.17,309,304
56.17,283,285
56.17,313,309
56.17,280,280
56.17,314,313
56.23,283,282
56.23,313,313
56.23,284,281
56.23,305,308
56.23,290,284
56.23,300,304
56.23,291,287
56.29,291,296
56.29,299,293
56.29,284,288
56.29,301,296
56.29,280,282
56.29,306,302
56.3,271,275
56.35,307,305
56.35,271,270
56.35,306,305
56.35,268,268
56.35,299,302
56.36,274,270
56.37,293,297
56.42,283,276
56.42,288,292
56.42,290,282
56.42,282,285
56.42,294,289
56.42,276,280
56.43,302,297
56.49,273,275
56.49,305,303
56.49,268,269
56.49,306,303
56.49,268,267
56.49,300,303
56.5,269,266
56.56,292,298
56.56,277,273
56.56,289,294
56.56,287,280
56.56,286,290
56.56,292,288
56.56,280,284
56.62,301,295
56.62,273,276
56.62,303,300
56.62,268,271
56.62,306,305
56.62,270,268
56.63,307,307
56.68,275,272
56.68,305,307
56.68,281,278
56.68,300,303
56.68,291,285
56.69,294,300
56.69,299,294
56.76,289,294
56.76,305,301
56.76,282,287
56.76,307,305
56.76,282,283
56.76,313,310
56.76,279,279
56.82,312,313
56.82,282,279
56.82,308,313
56.82,287,283
56.82,305,311
56.82,294,291
56.82,305,309
56.88,307,301
56.88,305,308
56.88,314,310
56.88,299,304
56.88,320,316
56.88,293,296
56.89,325,320
56.94,290,290
56.94,322,322
56.94,290,288
56.94,322,324
56.94,296,294
56.95,324,327
56.96,308,305
57.01,326,329
57.01,320,316
57.01,321,325
57.01,326,320
57.01,310,312
57.01,322,318
57.02,297,299
57.08,321,317
57.08,291,292
57.08,322,321
57.08,289,290
57.08,326,325
57.08,299,296
57.09,326,330
57.15,305,300
57.15,323,326
57.15,312,307
57.15,314,320
57.15,317,310
57.15,309,312
57.15,323,317
57.21,304,306
57.21,327,322
57.21,298,301
57.21,331,327
57.21,296,297
57.21,332,332
57.22,299,298
57.27,330,331
57.27,304,301
57.27,326,330
57.27,313,308
57.27,325,328
57.27,321,318
57.28,321,326
57.34,331,325
57.34,315,318
57.34,335,329
57.34,307,311
57.34,338,333
57.34,304,306
57.35,339,335
57.4,303,305
57.4,338,340
57.4,312,310
57.4,339,343
57.4,323,320
57.41,343,346
57.41,334,330
57.47,336,340
57.47,338,333
57.47,327,331
57.48,341,335
57.48,319,322
57.48,343,341
57.48,318,320
57.54,351,350
57.54,322,324
57.54,354,355
57.54,330,329
57.54,353,355
57.54,336,334
57.55,350,354
57.6,340,337
57.6,343,345
57.6,344,339
57.6,333,338
57.6,347,341
57.6,329,332
57.61,351,348
57.66,328,330
57.66,357,354
57.66,334,335
57.66,362,361
57.66,339,338
57.67,362,362
57.68,345,342
57.74,356,360
57.74,347,343
57.74,349,354
57.74,350,346
57.74,344,347
57.74,353,350
57.74,340,342
57.8,359,354
57.8,341,341
57.8,360,358
57.8,337,338
57.8,361,361
57.8,340,338
57.81,362,363
57.86,343,340
57.86,357,359
57.86,343,341
57.86,352,355
57.86,349,344
57.86,347,350
57.87,352,349
57.93,343,345
57.93,355,351
57.93,340,342
57.93,359,355
57.93,339,342
57.93,363,361
57.94,340,341
57.99,365,364
57.99,344,343
57.99,360,362
57.99,347,345
57.99,357,360
58.0,352,349
58.0,356,357
58.05,356,354
58.05,351,354
58.05,360,358
58.05,349,351
58.05,364,362
58.06,348,350
58.07,370,367
58.13,349,349
58.13,370,370
58.13,351,349
58.13,367,368
58.13,352,349
58.13,365,366
58.14,355,351
58.19,360,362
58.19,360,355
58.19,356,359
58.19,363,361
58.19,356,359
58.19,371,368
58.2,356,357
58.26,374,371
58.26,353,354
58.26,376,373
58.26,353,353
58.26,374,373
58.26,355,353
58.27,368,368
58.32,356,354
58.32,364,367
58.32,358,357
58.32,360,363
58.32,365,362
58.32,360,362
58.33,369,366
58.38,357,359
58.38,378,373
58.38,356,357
58.38,376,374
58.38,352,354
58.39,371,372
58.4,353,353
58.46,371,372
58.46,357,354
58.46,367,369
58.46,360,358
58.46,365,368
58.46,369,364
58.46,362,363
58.52,370,367
58.52,360,362
58.52,375,372
58.52,359,359
58.52,376,373
58.52,356,356
58.53,374,374
58.59,355,353
58.59,373,373
58.59,355,353
58.59,371,371
58.59,360,357
58.59,368,369
58.59,365,362
58.65,365,367
58.65,369,366
58.65,360,364
58.65,374,370
58.65,359,360
58.65,373,373
58.66,358,358
58.71,377,375
58.71,355,357
58.71,375,376
58.71,356,356
58.71,370,374
58.72,360,358
58.72,369,371
58.79,365,362
58.79,365,367
58.79,369,365
58.79,361,362
58.79,368,367
58.79,354,358
58.79,370,368
58.85,354,354
58.85,374,371
58.85,352,351
58.85,373,371
58.85,352,352
58.85,371,370
58.86,357,354
58.91,369,370
58.91,359,355
58.91,365,367
58.91,364,361
58.91,361,364
58.91,366,364
58.92,358,359
58.98,368,366
58.98,354,354
58.98,370,368
58.98,352,352
58.98,373,370
58.98,351,351
58.99,371,372
59.04,354,351
59.04,367,369
59.04,354,352
59.04,363,366
59.04,361,356
59.04,361,363
59.05,363,360
59.12,355,358
59.12,364,363
59.12,353,354
59.12,369,365
59.12,349,352
59.12,368,368
59.12,353,352
59.18,371,372
59.18,354,352
59.18,369,371
59.18,357,354
59.18,370,371
59.18,359,357
59.18,364,367
59.24,366,362
59.24,359,362
59.24,369,365
59.24,359,359
59.24,369,368
59.24,355,356
59.25,373,370
59.3,354,354
59.3,373,373
59.3,353,353
59.3,370,372
59.3,353,352
59.31,367,370
59.31,359,355
59.37,366,367
59.37,359,357
59.37,360,363
59.37,363,360
59.37,357,358
59.37,368,365
59.38,353,354
59.43,367,366
59.43,347,351
59.43,369,368
59.43,351,350
59.43,367,368
59.44,349,349
59.45,368,368
59.51,353,351
59.51,365,366
59.51,354,351
59.51,357,362
59.51,362,357
59.51,354,358
59.51,362,359
59.57,350,353
59.57,366,363
59.57,349,351
59.57,368,366
59.57,347,347
59.57,369,366
59.58,347,346
59.63,366,366
59.63,349,346
59.63,362,364
59.63,353,349
59.63,360,361
59.63,356,352
59.64,354,357
59.7,361,357
59.7,352,353
59.7,365,361
59.7,349,351
59.7,366,363
59.7,347,348
59.71,365,365
59.72,344,344
59.73,365,365
59.74,345,345
59.79,362,364
59.79,350,345
59.79,357,359
59.79,350,347
59.79,353,354
59.79,354,349
59.8,348,350
59.85,359,355
59.85,345,346
59.85,360,358
59.85,344,346
59.85,362,360
59.86,344,343
59.87,362,363
59.93,344,342
59.93,363,363
59.93,345,343
59.93,360,361
59.93,348,347
59.93,354,357
59.93,354,351
59.99,351,352
59.99,357,354
59.99,347,348
59.99,359,357
59.99,345,345
59.99,362,359
60.0,347,345
60.06,363,361
60.06,342,342
60.06,363,363
60.06,343,344
60.06,362,362
60.06,350,346
60.06,357,360
60.12,354,350
60.12,355,357
60.12,356,352
60.12,351,352
60.12,361,357
60.12,348,349
60.13,364,361
60.19,346,347
60.19,364,363
60.2,347,346
60.2,365,364
60.2,348,346
60.2,365,365
60.2,350,348
60.26,363,365
60.26,354,351
60.26,359,360
60.26,357,354
60.26,352,356
60.26,362,360
60.26,350,352
60.32,366,363
60.32,348,351
60.32,366,365
60.32,351,350
60.32,367,368
60.32,350,350
60.33,368,369
60.38,353,351
60.38,370,370
60.38,355,353
60.38,362,365
60.38,360,356
60.38,356,360
60.39,362,361
60.45,355,357
60.45,368,364
60.45,354,355
60.45,369,365
60.45,353,352
60.45,371,368
60.46,351,350
60.51,369,368
60.51,351,349
60.51,366,367
60.51,353,350
60.51,365,366
60.51,357,354
60.52,361,363
60.59,362,357
60.59,355,359
60.59,366,362
60.59,353,355
60.59,364,362
60.59,350,350
60.59,368,366
60.65,347,347
60.65,368,366
60.65,349,348
60.65,369,369
60.65,353,350
60.65,365,367
60.65,357,353
60.71,363,363
60.71,359,355
60.71,357,359
60.71,362,359
60.71,353,355
60.71,365,363
60.72,352,352
60.77,367,366
60.77,350,351
60.77,370,368
60.77,348,350
60.77,366,367
60.78,350,349
60.78,365,366
60.84,354,351
60.84,361,362
60.84,356,353
60.84,357,358
60.84,359,355
60.84,352,355
60.85,361,359
60.91,352,352
60.91,363,361
60.91,347,348
60.91,366,365
60.91,347,346
60.91,364,365
60.92,348,345
60.98,361,363
60.98,349,345
60.98,359,360
60.98,352,349
60.98,355,357
60.98,354,350
60.98,352,353
61.04,359,354
61.04,347,348
61.04,361,357
61.04,344,346
61.04,361,358
61.04,341,343
61.05,359,360
61.1,343,341
61.1,358,359
61.1,341,340
61.1,354,356
61.1,346,342
61.1,351,353
61.11,347,345
61.17,349,349
61.17,352,349
61.17,344,346
61.17,355,351
61.17,339,341
61.17,355,353
61.18,336,338
61.23,355,355
61.23,337,338
61.23,354,355
61.23,340,338
61.23,353,355
61.24,343,341
61.24,349,352
61.3,348,344
61.3,345,348
61.3,348,346
61.3,343,345
61.3,352,351
61.31,343,342
61.31,356,354
61.37,340,340
61.37,356,355
61.37,337,338
61.37,357,355
61.37,339,338
61.37,357,355
61.37,343,340
61.43,349,351
61.43,344,342
61.43,347,348
61.43,349,345
61.43,345,346
61.43,352,350
61.44,344,344
61.49,355,352
61.49,341,340
61.49,355,354
61.49,340,340
61.49,359,357
61.5,338,340
61.51,358,358
61.57,342,341
61.57,357,357
61.57,346,343
61.57,353,357
61.57,350,349
61.57,354,354
61.57,353,350
61.63,348,351
61.63,357,355
61.63,347,348
61.63,357,357
61.63,344,346
61.63,362,361
61.64,343,343
61.69,361,360
61.69,344,342
61.69,358,361
61.69,345,342
61.69,354,358
61.69,346,345
61.7,353,354
61.76,352,347
61.76,350,353
61.76,354,351
61.76,345,347
61.76,358,355
61.76,345,346
61.77,359,356
61.82,342,342
61.82,360,359
61.82,342,340
61.82,359,358
61.82,340,338
61.83,356,358
61.83,341,341
61.9,355,357
61.9,347,343
61.9,352,353
61.9,350,347
61.9,345,348
61.9,355,351
61.9,342,344
61.96,357,353
61.96,338,340
61.96,360,357
61.96,337,338
61.96,359,357
61.96,337,338
61.96,359,359
62.02,338,338
62.02,358,358
62.02,345,341
62.02,351,354
62.02,346,342
62.02,348,349
62.03,350,347
62.08,342,345
62.08,354,351
62.08,339,340
62.08,356,355
62.08,337,336
62.09,358,357
62.1,334,336
62.16,359,358
62.16,336,335
62.16,357,356
62.16,337,335
62.16,353,356
62.16,345,339
62.16,349,352
62.22,349,345
62.22,344,346
62.22,352,349
62.22,338,342
62.22,360,355
62.22,335,338
62.23,362,360
62.29,334,334
62.29,363,361
62.29,333,334
62.29,360,364
62.29,338,336
62.29,359,361
62.29,341,339
62.35,356,357
62.35,348,344
62.35,349,354
62.35,354,350
62.35,346,351
62.35,365,360
62.36,343,346
62.41,365,364
62.41,338,342
62.41,370,368
62.41,339,339
62.41,374,373
62.42,341,338
62.42,369,370
62.49,346,341
62.49,362,365
62.49,348,344
62.49,358,361
62.49,355,349
62.49,347,352
62.49,359,354
62.55,341,345
62.55,365,359
62.55,338,340
62.55,366,363
62.55,332,335
62.55,366,366
62.55,333,333
62.61,366,366
62.61,337,334
62.61,361,363
62.61,343,338
62.61,353,356
62.61,348,343
62.62,347,353
62.68,354,348
62.68,339,344
62.68,362,357
62.68,336,338
62.68,364,359
62.68,332,334
62.69,364,363
62.74,332,330
62.74,361,363
62.74,332,331
62.74,360,363
62.74,338,333
62.74,353,358
62.75,344,338
62.82,347,352
62.82,350,345
62.82,345,347
62.82,357,352
62.82,337,340
62.82,362,357
62.82,330,335
62.88,366,362
62.88,330,330
62.88,363,363
62.88,331,330
62.88,363,365
62.88,335,333
62.88,361,363
62.94,342,336
62.94,352,356
62.94,350,344
62.94,345,349
62.94,355,348
62.94,338,342
62.95,359,354
63.0,333,336
63.0,364,360
63.0,333,335
63.0,366,367
63.0,336,337
63.0,373,372
63.01,341,337
63.06,367,368
63.06,342,336
63.06,358,361
63.06,347,340
63.07,347,351
63.07,350,344
63.08,340,345
63.13,357,353
63.13,339,342
63.13,365,362
63.13,334,339
63.13,374,369
63.14,335,336
63.14,367,367
63.21,331,331
63.21,358,362
63.21,332,329
63.21,355,358
63.21,341,336
63.21,346,354
63.21,350,345
63.27,343,351
63.27,357,353
63.27,342,345
63.27,364,359
63.27,337,340
63.27,364,361
63.28,329,330
63.33,360,360
63.33,327,324
63.33,361,361
63.33,331,327
63.33,357,359
63.33,340,334
63.34,355,360
63.39,347,342
63.39,349,354
63.39,355,348
63.39,340,345
63.39,357,352
63.4,335,337
63.41,361,356
63.46,329,329
63.46,360,359
63.46,328,329
63.46,365,364
63.46,333,331
63.46,365,366
63.47,337,334
63.53,358,363
63.53,344,339
63.53,352,356
63.53,350,343
63.53,345,348
63.53,356,349
63.54,336,339
63.59,357,353
63.59,328,333
63.59,362,359
63.59,326,328
63.59,362,362
63.6,331,329
63.6,361,363
63.66,332,328
63.66,355,359
63.66,337,331
63.66,351,353
63.66,343,337
63.66,342,347
63.67,351,345
63.72,338,342
63.72,355,349
63.72,331,335
63.72,359,354
63.72,324,327
63.73,358,356
63.73,325,323
63.8,358,357
63.8,327,323
63.8,355,355
63.8,331,326
63.8,349,353
63.8,337,333
63.8,345,349
63.86,347,340
63.86,337,342
63.86,349,345
63.86,331,333
63.86,353,347
63.86,323,326
63.87,356,353
63.92,320,322
63.92,354,355
63.92,322,323
63.92,355,357
63.92,328,324
63.92,349,354
63.93,333,328
63.99,347,350
63.99,338,334
63.99,339,343
63.99,346,342
63.99,331,335
63.99,351,345
64.0,322,327
64.05,352,350
64.05,321,322
64.05,353,351
64.05,320,320
64.05,355,356
64.05,323,321
64.06,354,358
64.13,333,327
64.13,351,354
64.13,339,333
64.13,341,346
64.13,342,336
64.13,333,337
64.13,346,342
64.19,326,330
64.19,352,348
64.19,323,326
64.19,358,355
64.19,320,322
64.19,358,358
64.19,322,320
64.25,356,358
64.25,327,323
64.25,348,352
64.25,330,326
64.25,342,346
64.25,336,330
64.26,333,339
64.31,343,337
64.31,330,333
64.31,352,346
64.31,326,328
64.31,356,352
64.32,320,323
64.32,355,355
64.37,318,316
64.37,355,356
64.37,323,320
64.37,351,355
64.37,330,323
64.38,346,349
64.39,333,328
64.45,337,342
64.45,337,332
64.45,330,333
64.45,345,340
64.45,322,326
64.45,350,344
64.45,322,324
64.51,359,354
64.51,323,323
64.51,359,360
64.51,327,325
64.51,356,358
64.51,327,322
64.52,347,351
64.58,328,322
64.58,335,341
64.58,333,325
64.58,330,334
64.58,342,336
64.58,326,330
64.59,353,347
64.64,323,327
64.64,359,354
64.64,321,323
64.64,360,357
64.64,317,318
64.64,354,354
64.65,317,315
64.72,346,348
64.72,322,316
64.72,338,344
64.72,331,325
64.72,337,341
64.72,342,336
64.72,333,337
64.78,350,344
64.78,325,330
64.78,356,351
64.78,320,323
64.78,356,354
64.78,316,318
64.78,353,354
64.84,319,316
64.84,351,353
64.84,325,319
64.84,347,350
64.84,328,325
64.84,342,347
64.85,341,334
64.9,335,339
64.9,345,339
64.9,326,331
64.9,352,347
64.9,323,326
64.91,357,352
64.91,319,321
64.97,361,357
64.97,323,321
64.97,359,359
64.97,322,320
64.97,352,356
64.97,330,323
64.98,345,347
65.03,336,332
65.03,338,346
65.03,348,342
65.03,340,343
65.03,359,353
65.04,333,336
65.04,363,359
65.11,326,327
65.11,361,358
65.11,321,321
65.11,358,357
65.11,321,319
65.11,355,358
65.11,331,328
65.17,356,359
65.17,341,337
65.17,354,357
65.17,352,347
65.17,347,351
65.17,360,355
65.18,336,341
65.23,359,356
65.23,325,329
65.23,359,356
65.23,320,323
65.23,359,360
65.23,320,322
65.24,361,363
65.3,333,330
65.3,361,364
65.3,344,339
65.3,359,363
65.3,351,344
65.3,347,352
65.31,354,347
65.36,334,339
65.36,353,349
65.36,326,330
65.36,358,354
65.36,324,327
65.36,361,361
65.37,331,330
65.44,369,369
65.44,334,333
65.44,368,370
65.44,341,336
65.44,359,364
65.44,345,338
65.44,347,350
65.5,346,340
65.5,335,341
65.5,352,346
65.5,333,336
65.5,360,357
65.5,331,335
65.5,368,365
65.56,331,332
65.56,366,367
65.56,326,327
65.56,361,364
65.56,329,325
65.56,354,358
65.57,335,330
65.62,349,354
65.62,346,339
65.62,343,350
65.62,355,349
65.62,339,343
65.63,359,354
65.63,333,336
65.69,363,358
65.69,325,326
65.69,360,356
65.69,316,318
65.69,356,356
65.69,322,320
65.7,355,357
65.75,333,327
65.75,351,356
65.75,340,334
65.75,343,349
65.75,347,340
65.76,334,339
65.77,347,343
65.83,324,330
65.83,352,347
65.83,319,323
65.83,358,356
65.83,320,323
65.83,363,362
65.83,328,325
65.89,361,363
65.89,331,326
65.89,353,355
65.89,332,328
65.89,342,348
65.89,337,331
65.9,336,340
65.96,345,338
65.96,328,334
65.96,355,349
65.96,327,331
65.96,360,356
65.96,324,328
65.96,364,361
66.02,324,324
66.02,357,358
66.02,321,318
66.02,350,353
66.02,326,321
66.02,344,348
66.03,334,329
66.08,341,347
66.08,349,343
66.08,338,344
66.08,359,352
66.08,333,337
66.09,361,357
66.09,325,328
66.14,357,354
66.14,314,317
66.14,350,352
66.14,315,312
66.14,351,353
66.15,325,320
66.16,350,354
66.22,338,332
66.22,350,354
66.22,350,342
66.22,342,347
66.22,352,348
66.22,330,334
66.22,351,345
66.28,315,320
66.28,347,345
66.28,312,313
66.28,352,350
66.28,315,316
66.28,359,360
66.29,330,326
66.35,360,364
66.35,337,333
66.35,352,357
66.35,340,336
66.35,338,342
66.35,339,332
66.36,320,326
66.41,340,332
66.41,314,316
66.41,343,340
66.41,313,317
66.41,357,355
66.41,322,324
66.42,364,364
66.49,327,326
66.49,361,362
66.49,330,324
66.49,347,350
66.49,327,321
66.49,330,335
66.49,328,321
66.55,320,326
66.55,336,331
66.55,323,326
66.55,348,344
66.55,322,327
66.55,359,354
66.55,319,323
66.61,358,355
66.61,316,314
66.61,347,349
66.61,314,309
66.61,338,342
66.61,317,311
66.62,332,339
66.67,331,326
66.67,336,340
66.67,345,340
66.67,332,338
66.67,352,346
66.67,325,328
66.68,350,345
66.73,311,313
66.73,344,342
66.73,307,306
66.73,344,343
66.73,310,308
66.74,349,351
66.75,321,319
66.81,348,354
66.81,333,329
66.81,343,347
66.81,341,333
66.81,328,333
66.81,341,335
66.81,318,321
66.87,343,337
66.87,308,313
66.87,345,342
66.88,309,313
66.88,357,353
66.88,319,317
66.88,355,355
66.94,320,318
66.94,346,350
66.94,325,318
66.94,335,339
66.94,324,319
66.94,323,327
66.95,329,324
67.0,314,320
67.0,339,335
67.0,311,317
67.0,348,343
67.0,316,317
67.0,353,351
67.01,313,314
67.06,349,351
67.06,314,309
67.06,340,343
67.06,314,308
67.06,330,334
67.07,317,312
67.08,321,327
67.14,325,320
67.14,318,324
67.14,337,331
67.14,315,320
67.14,344,339
67.14,312,314
67.14,343,341
67.2,305,305
67.2,340,340
67.2,303,302
67.2,335,339
67.2,308,303
67.2,330,335
67.21,313,309
67.27,326,332
67.27,325,319
67.27,321,326
67.27,330,325
67.27,314,317
67.27,335,329
67.27,305,309
67.33,334,332
67.33,301,303
67.33,337,335
67.33,301,300
67.33,334,336
67.33,303,302
67.34,333,336
67.35,313,309
67.36,332,335
67.37,323,318
67.42,324,330
67.42,331,326
67.42,317,322
67.42,336,330
67.42,311,313
67.42,334,330
67.43,305,306
67.5,334,332
67.5,301,304
67.5,334,335
67.5,306,304
67.5,334,337
67.5,314,309
67.5,331,336
67.56,321,315
67.56,329,332
67.56,328,322
67.56,321,327
67.56,331,326
67.56,315,318
67.56,332,328
67.62,308,311
67.62,337,332
67.62,306,306
67.62,336,334
67.62,307,305
67.62,335,336
67.63,309,307
67.69,333,334
67.69,316,312
67.69,328,330
67.69,320,317
67.69,320,324
67.69,326,321
67.69,311,316
67.75,330,326
67.75,308,311
67.75,330,328
67.75,306,310
67.75,334,334
67.75,311,311
67.76,339,339
67.83,315,312
67.83,332,336
67.83,320,317
67.83,332,333
67.83,323,320
67.83,326,328
67.83,328,324
67.89,320,322
67.89,331,327
67.89,319,320
67.89,338,334
67.89,317,318
67.89,343,340
67.89,323,321
67.95,344,343
67.95,320,321
67.95,342,344
67.95,326,322
67.95,337,339
67.95,324,323
67.96,331,334
68.01,330,326
68.01,325,328
68.01,334,330
68.01,321,324
68.01,336,334
68.01,320,322
68.02,337,336
68.07,319,320
68.07,341,339
68.07,322,321
68.08,343,341
68.08,320,320
68.08,337,338
68.09,326,321
68.15,332,334
68.15,327,323
68.15,327,330
68.15,327,326
68.15,324,325
68.15,335,331
68.15,324,324
68.22,337,337
68.22,323,323
68.22,343,342
68.22,320,321
68.22,342,341
68.22,319,317
68.22,334,334
68.28,316,312
68.28,322,326
68.28,313,310
68.28,318,320
68.28,316,314
68.28,311,315
68.28,322,319
68.34,313,315
68.34,328,325
68.34,313,315
68.34,333,333
68.34,315,316
68.34,335,335
68.35,316,316
68.4,335,334
68.4,319,316
68.4,333,334
68.4,321,318
68.4,330,332
68.41,325,322
68.42,326,328
68.47,332,328
68.47,324,325
68.47,336,332
68.47,323,324
68.47,341,338
68.47,320,321
68.48,340,340
68.54,320,319
68.54,338,340
68.54,321,319
68.54,337,340
68.54,324,321
68.54,335,338
68.55,332,327
68.61,333,336
68.61,333,330
68.61,330,332
68.61,338,334
68.61,327,328
68.61,340,337
68.61,322,323
68.67,341,338
68.67,320,322
68.67,341,341
68.67,321,320
68.67,340,342
68.67,324,321
68.68,336,340
68.73,325,323
68.73,335,337
68.73,330,329
68.73,332,335
68.73,336,334
68.74,330,331
68.74,343,339
68.81,325,327
68.81,343,341
68.81,325,324
68.81,344,343
68.81,324,323
68.81,343,342
68.81,323,320
68.87,341,342
68.87,328,324
68.87,336,340
68.87,327,326
68.87,333,336
68.87,336,331
68.87,331,334
68.93,338,335
68.93,325,327
68.93,341,337
68.93,323,323
68.93,340,338
68.93,318,320
68.94,342,341
68.99,321,318
68.99,338,340
68.99,323,319
68.99,334,337
68.99,325,322
69.0,331,334
69.01,329,325
69.06,327,330
69.06,333,327
69.06,323,324
69.06,334,332
69.06,320,321
69.06,339,336
69.07,317,318
69.13,340,338
69.13,319,317
69.13,339,338
69.13,318,317
69.13,335,338
69.13,320,319
69.14,334,335
69.2,327,323
69.2,330,332
69.2,328,325
69.2,325,328
69.2,337,333
69.2,320,322
69.2,340,335
69.26,316,318
69.26,339,336
69.26,314,316
69.26,340,338
69.26,315,314
69.26,337,335
69.27,316,315
69.32,333,334
69.32,322,318
69.32,325,329
69.32,325,322
69.32,323,325
69.32,327,325
69.33,319,321
69.4,332,329
69.4,314,316
69.4,334,332
69.4,311,314
69.4,335,335
69.4,315,314
69.4,333,334
69.46,314,313
69.46,333,335
69.46,318,313
69.46,326,328
69.46,320,317
69.46,323,324
69.46,326,321
69.52,317,320
69.52,330,327
69.52,317,317
69.52,332,329
69.52,316,317
69.52,336,333
69.53,314,313
69.59,334,336
69.59,313,313
69.59,334,335
69.59,318,315
69.59,332,333
69.59,322,318
69.6,328,330
69.65,325,322
69.65,322,325
69.65,331,327
69.65,321,322
69.65,338,335
69.65,317,318
69.66,337,334
69.71,316,316
69.71,339,339
69.71,321,320
69.71,343,344
69.71,324,323
69.72,341,343
69.73,330,325
69.78,334,339
69.78,330,328
69.78,331,333
69.78,337,332
69.78,328,329
69.78,336,335
69.79,323,325
69.85,340,338
69.85,319,321
69.85,339,338
69.85,318,319
69.85,341,341
69.85,319,317
69.86,338,338
69.92,321,317
69.92,331,334
69.92,325,320
69.92,327,330
69.92,328,323
69.92,322,323
69.92,331,328
69.98,319,320
69.98,332,331
69.98,315,316
69.98,334,332
69.98,311,313
69.98,334,333
69.99,309,309
70.04,331,331
70.04,314,311
70.04,330,331
70.04,319,314
70.04,325,328
70.05,320,316
70.05,319,322
70.1,324,320
70.1,314,318
70.1,328,324
70.1,311,312
70.1,331,327
70.11,311,310
70.12,333,330
70.18,308,308
70.18,331,330
70.18,310,309
70.18,328,330
70.18,311,311
70.18,327,328
70.18,319,315
70.25,322,323
70.25,320,319
70.25,319,321
70.25,326,324
70.25,315,317
70.25,332,328
70.25,313,314
70.31,334,331
70.31,311,312
70.31,335,333
70.31,314,312
70.31,332,333
70.31,315,313
70.32,331,333
70.37,320,317
70.37,327,329
70.37,325,319
70.37,323,325
70.37,329,324
70.37,317,320
70.38,331,327
70.43,315,316
70.43,335,332
70.43,313,314
70.43,336,333
70.43,315,313
70.44,337,335
70.45,315,313
70.51,330,332
70.51,318,316
70.51,329,332
70.51,322,318
70.51,326,328
70.51,328,324
70.51,321,323
70.57,330,328
70.57,317,319
70.57,332,331
70.57,312,315
70.57,336,333
70.57,310,311
70.58,335,334
70.63,313,311
70.63,333,332
70.63,311,310
70.64,329,331
70.64,316,315
70.64,325,326
70.64,320,318
70.7,317,320
70.7,324,322
70.7,315,317
70.7,326,326
70.7,310,313
70.7,330,329
70.71,311,311
70.76,335,332
70.76,312,310
70.76,333,332
70.76,312,311
70.76,328,330
70.77,315,312
70.77,327,329
70.84,320,317
70.84,320,324
70.84,322,321
70.84,318,321
70.84,329,326
70.84,313,317
70.84,331,329
70.9,314,314
70.9,338,335
70.9,311,314
70.9,337,335
70.9,312,313
70.9,332,335
70.91,318,315
70.96,331,334
70.96,321,319
70.96,328,330
70.96,325,322
70.96,322,325
70.96,331,326
70.97,320,323
71.02,333,330
71.02,317,319
71.02,335,334
71.02,315,315
71.02,338,337
71.03,315,315
71.04,337,338
71.1,317,316
71.1,334,336
71.1,321,318
71.1,333,335
71.1,330,324
71.1,329,331
71.1,332,328
71.16,325,328
71.17,338,333
71.17,321,323
71.17,339,335
71.17,319,319
71.17,339,336
71.17,319,318
71.23,340,340
71.23,318,317
71.23,337,337
71.23,321,319
71.23,335,335
71.23,325,321
71.23,327,332
71.29,327,325
71.29,324,327
71.29,330,327
71.29,319,320
71.29,334,330
71.29,317,318
71.3,338,335
71.35,314,314
71.35,338,335
71.35,312,312
71.35,334,335
71.35,315,313
71.36,330,332
71.36,314,313
71.42,328,329
71.42,321,318
71.42,321,325
71.42,328,323
71.42,318,321
71.42,330,326
71.43,312,315
71.49,330,329
71.49,312,314
71.49,336,333
71.49,313,313
71.49,336,335
71.49,313,312
71.5,330,334
71.55,317,314
71.55,328,331
71.55,320,316
71.55,325,328
71.55,324,321
71.55,321,322
71.56,328,325
71.62,317,319
71.62,333,328
71.62,313,314
71.62,333,331
71.62,309,311
71.62,335,334
71.63,311,310
71.68,332,332
71.68,314,310
71.68,327,329
71.68,315,311
71.68,320,324
71.68,319,314
71.69,317,320
71.74,324,318
71.74,315,317
71.74,324,323
71.74,310,312
71.74,330,327
71.75,309,310
71.76,331,329
71.82,308,308
71.82,331,330
71.82,311,308
71.82,327,329
71.82,313,311
71.82,325,328
71.82,318,313
71.88,320,323
71.88,321,318
71.88,316,319
71.88,327,323
71.88,315,317
71.88,328,328
71.89,314,315
71.95,332,333
71.95,312,312
71.95,332,333
71.95,311,312
71.95,334,333
71.95,315,313
71.95,330,332
72.01,319,314
72.01,326,329
72.01,323,320
72.01,320,323
72.01,327,322
72.01,317,319
72.02,330,327
72.07,315,315
72.07,331,329
72.07,308,311
72.07,330,330
72.07,307,307
72.08,333,331
72.09,312,310
72.15,329,330
72.15,314,310
72.15,325,326
72.15,317,312
72.15,321,322
72.15,321,317
72.15,314,316
72.21,323,320
72.21,311,312
72.21,327,324
72.21,307,308
72.21,327,325
72.21,303,305
72.22,326,326
72.27,303,304
72.27,322,325
72.27,307,304
72.27,321,323
72.27,310,308
72.27,318,319
72.28,316,311
72.34,311,315
72.34,320,317
72.34,310,312
72.34,323,319
72.34,307,309
72.34,322,322
72.35,305,306
72.4,329,326
72.4,304,304
72.4,328,328
72.4,306,305
72.4,326,325
72.4,308,307
72.41,320,322
72.48,314,311
72.48,318,320
72.48,320,317
72.48,315,317
72.48,327,322
72.48,312,314
72.48,326,325
72.54,308,310
72.54,330,328
72.54,307,308
72.54,327,329
72.54,309,306
72.54,328,329
72.54,308,307
72.6,325,327
72.6,315,311
72.6,321,323
72.6,318,315
72.6,315,319
72.6,323,320
72.61,314,316
72.66,327,324
72.66,311,312
72.66,328,326
72.66,305,308
72.66,329,328
72.67,305,305
72.68,329,328
72.73,310,307
72.73,324,326
72.73,314,308
72.73,322,324
72.73,314,311
72.73,316,319
72.74,319,314
72.8,311,313
72.8,323,319
72.8,304,309
72.8,322,319
72.8,302,303
72.8,326,323
72.81,302,301
72.87,326,324
72.87,302,300
72.87,321,322
72.87,302,302
72.87,318,319
72.87,309,304
72.87,313,314
72.93,308,307
72.93,306,309
72.93,316,312
72.93,303,306
72.93,319,316
72.93,302,302
72.94,320,319
72.99,301,300
72.99,320,319
72.99,300,300
72.99,322,321
72.99,300,299
72.99,319,320
73.0,307,303
73.06,312,316
73.06,309,306
73.06,308,313
73.06,312,310
73.06,303,307
73.06,320,316
73.07,304,304
73.12,321,318
73.12,301,300
73.12,320,319
73.12,300,299
73.12,321,321
73.13,299,298
73.13,321,321
73.2,304,301
73.2,318,319
73.2,308,305
73.2,311,316
73.2,313,310
73.2,308,312
73.2,319,314
73.26,308,310
73.26,320,318
73.26,304,306
73.26,325,322
73.26,303,302
73.26,325,324
73.26,305,304
73.32,326,325
73.32,304,303
73.32,321,323
73.32,309,305
73.32,318,319
73.32,314,310
73.33,314,316
73.38,319,314
73.38,308,311
73.38,320,317
73.38,305,307
73.38,323,321
73.39,301,304
73.4,323,324
73.45,304,302
73.45,324,324
73.45,305,302
73.45,322,322
73.45,304,302
73.45,316,319
73.46,307,304
73.53,313,314
73.53,314,308
73.53,307,310
73.53,318,313
73.53,305,307
73.53,318,316
73.53,301,303
73.59,322,321
73.59,300,301
73.59,322,322
73.59,301,301
73.59,320,322
73.59,303,302
73.59,320,323
73.65,307,305
73.65,317,320
73.65,312,309
73.65,311,314
73.65,319,314
73.65,308,310
73.66,323,319
73.71,303,307
73.71,325,323
73.71,305,305
73.71,328,326
73.71,306,306
73.72,326,327
73.72,306,305
73.78,324,326
73.78,310,306
73.78,320,323
73.78,315,312
73.78,317,320
73.78,320,315
73.79,313,316
73.84,323,318
73.84,310,311
73.84,326,321
73.84,305,306
73.84,325,324
73.85,303,304
73.85,327,327
73.92,306,305
73.92,325,327
73.92,308,306
73.92,324,326
73.92,310,309
73.92,320,323
73.92,319,315
73.98,318,319
73.98,322,320
73.98,314,317
73.98,328,326
73.98,314,315
73.98,332,331
73.99,311,312
74.04,333,333
74.04,313,312
74.04,332,333
74.04,314,312
74.04,331,332
74.04,316,314
74.05,327,328
74.1,320,317
74.1,321,325
74.1,327,322
74.1,317,322
74.1,330,326
74.11,318,318
74.12,330,329
74.18,312,315
74.18,335,332
74.18,310,312
74.18,337,336
74.18,318,316
74.18,338,340
74.18,321,319
74.24,340,341
74.24,327,324
74.24,334,338
74.24,335,330
74.24,333,336
74.24,343,339
74.25,332,334
74.31,346,343
74.31,330,334
74.31,352,349
74.31,330,333
74.31,353,353
74.31,335,333
74.31,355,356
74.37,336,335
74.37,354,356
74.37,341,338
74.37,352,355
74.37,346,343
74.37,350,351
74.38,352,347
74.43,346,347
74.43,353,352
74.43,343,345
74.43,361,357
74.43,339,341
74.44,363,360
74.44,339,338
74.51,358,359
74.51,338,338
74.51,358,360
74.51,341,338
74.51,355,358
74.51,345,341
74.51,350,353
74.57,349,345
74.57,346,348
74.57,355,350
74.57,339,342
74.57,355,353
74.57,334,338
74.58,356,354
74.63,334,336
74.63,357,355
74.63,332,332
74.63,355,354
74.63,333,331
74.63,351,351
74.64,337,333
74.69,343,346
74.69,337,335
74.69,339,342
74.69,342,338
74.69,333,336
74.7,345,343
74.71,333,333
74.72,347,344
74.73,328,328
74.74,349,347
74.79,324,325
74.79,346,346
74.79,323,322
74.79,343,343
74.79,325,323
74.79,337,339
74.8,328,325
74.87,332,336
74.87,334,328
74.87,328,331
74.87,336,333
74.87,325,326
74.87,339,335
74.87,322,321
74.93,339,335
74.93,314,316
74.93,337,335
74.93,313,312
74.93,333,333
74.93,313,311
74.93,330,331
74.99,315,310
74.99,323,325
74.99,317,314
74.99,317,320
74.99,321,317
74.99,311,312
75.0,320,318
75.05,307,308
75.05,326,323
75.05,304,306
75.05,326,323
75.05,300,302
75.05,326,324
75.06,303,301
75.12,318,321
75.12,305,302
75.12,319,319
75.12,309,305
75.12,311,316
75.12,313,309
75.13,311,312
75.19,317,314
75.19,303,307
75.19,319,317
75.19,301,303
75.19,324,322
75.19,301,300
75.19,325,323
75.25,301,300
75.25,320,323
75.25,302,301
75.25,320,322
75.25,308,304
75.25,313,317
75.26,308,306
75.32,309,311
75.32,311,309
75.32,304,305
75.32,316,312
75.32,301,302
75.32,319,316
75.33,299,299
75.38,321,319
75.38,299,298
75.38,320,320
75.38,299,298
75.38,318,321
75.38,305,303
75.39,316,318
75.46,307,304
75.46,309,314
75.46,310,308
75.46,308,310
75.46,318,313
75.46,302,305
75.46,321,317
75.52,301,302
75.52,321,320
75.52,301,299
75.52,321,322
75.52,299,298
75.52,319,321
75.52,303,300
75.58,316,319
75.58,307,302
75.58,314,315
75.58,311,306
75.58,309,311
75.58,314,309
75.59,303,306
75.64,318,314
75.64,302,303
75.64,321,318
75.64,301,301
75.64,323,320
75.64,300,300
75.65,323,322
75.7,300,297
75.7,315,319
75.7,303,302
75.7,314,316
75.7,310,305
75.71,311,313
75.72,310,308
75.78,307,309
75.78,316,312
75.78,304,304
75.78,320,318
75.78,298,301
75.78,322,319
75.78,302,300
75.84,322,320
75.84,299,298
75.84,320,320
75.84,298,298
75.84,318,318
75.84,303,301
75.85,313,316
75.91,309,305
75.91,308,310
75.91,313,310
75.91,304,307
75.91,318,316
75.91,302,304
75.92,322,318
75.97,302,301
75.97,321,320
75.97,301,300
75.97,321,323
75.97,305,302
75.97,320,322
75.98,309,306
76.03,322,323
76.03,311,310
76.03,317,319
76.03,318,315
76.03,314,316
76.04,323,319
76.05,311,313
76.11,329,324
76.11,307,309
76.11,329,328
76.11,307,306
76.11,330,329
76.11,308,308
76.11,327,329
76.17,310,308
76.17,326,327
76.17,316,312
76.17,321,323
76.17,322,316
76.17,316,320
76.18,324,321
76.23,316,317
76.23,325,324
76.23,311,312
76.23,329,328
76.23,308,308
76.23,329,329
76.24,308,307
76.3,328,330
76.3,310,308
76.3,327,328
76.3,312,309
76.3,324,325
76.3,314,313
76.31,319,322
76.36,323,318
76.36,315,318
76.36,326,321
76.36,309,312
76.36,327,324
76.37,307,307
76.37,328,326
76.42,306,306
76.42,328,328
76.42,308,307
76.42,327,328
76.42,307,306
76.43,323,326
76.44,313,311
76.5,317,321
76.5,317,314
76.5,314,317
76.5,321,317
76.5,308,311
76.5,322,319
76.5,302,304
76.57,321,321
76.57,301,303
76.57,324,322
76.57,299,301
76.57,324,323
76.57,302,300
76.57,319,319
76.63,305,302
76.63,313,315
76.63,304,303
76.63,310,310
76.63,312,307
76.63,303,307
76.64,314,312
76.69,298,301
76.69,317,314
76.69,297,297
76.69,318,317
76.69,296,296
76.69,316,317
76.7,297,295
76.75,316,317
76.75,300,297
76.75,315,316
76.75,302,300
76.75,308,312
76.76,308,305
76.77,304,308
76.83,314,310
76.83,301,303
76.83,315,312
76.83,297,300
76.83,319,316
76.83,296,296
76.83,320,317
76.89,297,296
76.89,317,318
76.89,294,294
76.89,315,316
76.89,301,298
76.89,312,314
76.9,306,302
76.96,305,309
76.96,312,307
76.96,302,306
76.96,317,313
76.96,301,302
76.96,318,314
76.96,299,300
77.02,322,319
77.02,298,297
77.02,321,320
77.02,296,297
77.02,318,319
77.02,304,300
77.03,315,317
77.08,306,303
77.08,313,315
77.08,310,308
77.08,307,310
77.08,316,313
77.09,305,307
77.09,319,317
77.16,304,305
77.16,325,322
77.16,302,303
77.16,327,325
77.16,304,304
77.16,325,326
77.16,305,304
77.22,323,325
77.22,313,308
77.22,321,324
77.22,318,314
77.22,317,319
77.22,323,318
77.23,314,316
77.28,326,322
77.28,308,312
77.28,330,327
77.28,310,312
77.28,330,330
77.28,308,308
77.29,330,332
77.35,311,309
77.35,328,331
77.35,315,311
77.35,327,327
77.35,319,314
77.35,320,323
77.36,323,318
77.41,318,320
77.41,327,322
77.41,314,315
77.41,327,326
77.41,311,312
77.41,331,328
77.42,306,308
77.49,331,329
77.49,307,306
77.49,330,329
77.49,308,307
77.49,326,329
77.49,315,310
77.49,323,325
77.55,320,315
77.55,317,322
77.55,320,319
77.55,313,315
77.55,325,322
77.55,309,310
77.55,325,323
77.61,307,308
77.61,329,326
77.61,305,306
77.61,327,326
77.61,307,304
77.61,327,327
77.62,309,307
77.67,322,324
77.67,314,309
77.67,317,321
77.67,319,315
77.67,315,316
77.68,322,319
77.68,309,312
77.73,324,322
77.73,307,308
77.73,327,325
77.74,307,306
77.74,328,327
77.74,306,305
77.75,328,328
77.81,308,306
77.81,322,325
77.81,313,309
77.81,318,321
77.81,315,311
77.81,315,316
77.82,318,315
77.87,311,313
77.87,322,319
77.87,306,308
77.87,325,322
77.87,303,305
77.87,325,324
77.88,303,305
77.94,328,327
77.94,305,303
77.94,323,324
77.94,307,305
77.94,319,321
77.94,313,308
77.95,318,318
78.0,316,312
78.0,311,313
78.0,320,317
78.0,307,309
78.0,324,320
78.0,305,307
78.01,326,325
78.08,303,305
78.08,329,329
78.08,307,306
78.08,328,328
78.08,310,306
78.08,326,327
78.08,314,311
78.14,322,325
78.14,319,314
78.14,317,321
78.14,322,321
78.14,314,317
78.14,328,324
78.14,314,314
78.2,328,328
78.2,309,310
78.2,333,333
78.2,313,312
78.2,332,332
78.2,311,309
78.21,332,331
78.26,312,312
78.26,327,328
78.26,317,314
78.26,322,325
78.26,322,319
78.27,318,319
78.27,324,323
78.32,314,316
78.33,331,328
78.33,310,312
78.33,333,329
78.33,309,310
78.33,330,330
78.34,311,308
78.4,331,331
78.4,312,311
78.4,328,328
78.4,318,312
78.4,323,325
78.4,319,316
78.41,318,320
78.47,324,320
78.47,313,315
78.47,324,322
78.47,309,310
78.47,327,325
78.47,308,309
78.47,327,326
78.53,304,305
78.53,328,328
78.53,307,305
78.53,327,327
78.53,310,309
78.53,322,325
78.54,312,310
78.59,317,321
78.59,319,315
78.59,315,316
78.59,322,318
78.59,309,311
78.59,326,324
78.6,308,309
78.65,326,325
78.65,308,307
78.65,327,328
78.65,306,305
78.65,329,329
78.66,311,307
78.67,323,327
78.72,311,309
78.72,320,322
78.72,318,313
78.72,313,317
78.72,321,316
78.72,309,313
78.73,324,320
78.79,307,310
78.79,326,324
78.79,304,306
78.79,327,325
78.79,304,303
78.79,329,327
78.8,305,303
78.86,323,324
78.86,307,304
78.86,320,322
78.86,312,308
78.86,315,318
78.86,316,312
78.86,308,312
78.92,319,316
78.92,305,307
78.92,319,317
78.92,300,304
78.92,323,320
78.92,299,299
78.93,322,322
78.98,301,300
78.98,320,321
78.98,303,301
78.98,319,321
78.98,306,303
78.99,315,317
79.0,310,307
79.06,310,314
79.06,316,312
79.06,307,311
79.06,319,317
79.06,302,304
79.06,320,319
79.06,299,301
79.12,321,321
79.12,300,300
79.12,320,321
79.12,302,300
79.12,318,320
79.12,305,301
79.13,318,320
79.19,308,305
79.19,310,313
79.19,314,309
79.19,309,310
79.19,317,314
79.19,303,306
79.19,321,316
79.25,303,303
79.25,323,321
79.25,302,302
79.25,325,323
79.25,301,301
79.25,322,324
79.26,305,303
79.31,321,323
79.31,311,307
79.31,318,319
79.31,313,311
79.31,313,315
79.31,320,315
79.32,310,311
79.38,322,318
79.38,305,308
79.38,325,323
79.38,303,305
79.38,323,321
79.38,295,297
79.39,317,318
79.44,297,294
79.44,315,315
79.44,298,296
79.44,306,309
79.44,302,298
79.45,303,306
79.45,304,301
79.52,295,301
79.52,304,303
79.52,293,296
79.52,311,309
79.52,293,293
79.52,315,312
79.52,289,291
79.58,315,313
79.58,291,290
79.58,312,313
79.58,294,293
79.58,308,311
79.58,300,295
79.58,306,306
79.64,303,298
79.64,301,302
79.64,305,303
79.64,296,298
79.64,308,305
79.64,290,292
79.65,311,307
79.7,289,288
79.7,311,309
79.7,287,287
79.7,311,310
79.7,290,288
79.71,308,308
79.72,288,288
79.78,302,305
79.78,297,292
79.78,296,300
79.78,302,296
79.78,292,296
79.78,303,300
79.78,289,292
79.84,306,305
79.84,286,289
79.84,309,305
79.84,290,288
79.84,311,309
79.84,287,286
79.85,309,309
79.91,289,287
79.91,305,306
79.91,293,290
79.91,300,302
79.91,299,294
79.91,296,298
79.91,303,299
79.97,292,296
79.97,308,305
79.97,291,292
79.97,311,308
79.97,291,291
79.97,310,311
79.98,290,290
80.03,312,314
80.03,291,291
80.03,308,312
80.03,298,295
80.03,309,310
80.04,298,296
80.04,302,307
80.11,307,303
80.11,304,306
80.11,313,308
80.11,298,299
80.11,317,313
80.11,297,297
80.11,321,317
80.17,297,296
80.17,319,320
80.17,299,298
80.17,318,320
80.17,303,300
80.17,318,320
80.17,305,304
80.23,316,318
80.23,312,309
80.23,311,313
80.23,316,312
80.23,309,311
80.23,321,319
80.24,306,308
80.29,326,324
80.29,304,304
80.29,327,324
80.29,305,304
80.29,327,326
80.3,304,304
80.31,323,324
80.37,312,308
80.37,322,323
80.37,314,311
80.37,316,321
80.37,321,316
80.37,312,316
80.37,327,322
80.43,309,311
80.43,329,326
80.43,309,309
80.43,329,328
80.43,308,309
80.43,331,329
80.44,308,307
80.5,329,329
80.5,310,308
80.5,325,327
80.5,313,310
80.5,320,325
80.5,318,315
80.5,317,319
80.56,325,320
80.56,313,315
80.56,327,324
80.56,309,313
80.56,331,328
80.56,309,309
80.57,329,329
80.62,309,308
80.62,330,330
80.62,310,308
80.62,329,329
80.62,313,310
80.63,322,325
80.63,316,313
80.68,318,323
80.68,322,317
80.68,312,316
80.68,324,321
80.68,311,312
80.69,328,324
80.7,309,308
80.76,328,325
80.76,305,305
80.76,328,328
80.76,304,304
80.76,326,326
80.76,303,304
80.76,320,323
80.82,311,307
80.82,317,320
80.82,316,311
80.82,313,315
80.82,319,316
80.82,310,311
80.83,323,320
80.89,306,309
80.89,326,323
80.89,304,306
80.89,328,327
80.89,305,306
80.89,326,328
80.9,310,306
80.95,325,327
80.95,310,307
80.95,323,324
80.95,317,312
80.95,317,319
80.95,319,314
80.96,310,313
81.01,320,317
81.01,303,307
81.01,322,322
81.01,305,307
81.01,326,324
81.02,304,304
81.03,326,326
81.09,303,302
81.09,322,323
81.09,307,304
81.09,321,322
81.09,308,305
81.09,315,318
81.09,315,311
81.15,310,314
81.15,320,314
81.15,306,308
81.15,320,317
81.15,304,303
81.15,323,320
81.16,302,302
81.22,321,321
81.22,302,300
81.22,322,322
81.22,303,302
81.22,320,322
81.22,306,304
81.22,317,318
81.28,313,308
81.28,313,314
81.28,314,310
81.28,307,310
81.28,317,314
81.28,302,304
81.29,319,318
81.34,299,300
81.34,322,320
81.34,300,301
81.34,322,323
81.34,301,301
81.35,321,323
81.35,304,304
81.42,322,323
81.42,313,308
81.42,315,320
81.42,317,312
81.42,312,313
81.42,316,313
81.42,307,308
81.48,320,317
81.48,304,305
81.48,321,319
81.48,299,300
81.48,322,321
81.48,299,298
81.49,322,321
81.54,300,298
81.54,316,318
81.54,301,298
81.54,310,314
81.54,307,302
81.54,306,310
81.55,310,305
81.6,300,305
81.61,312,310
81.61,301,301
81.61,317,313
81.61,294,297
81.61,318,316
81.62,293,295
81.67,319,318
81.67,294,294
81.67,316,316
81.67,299,295
81.67,311,313
81.67,303,299
81.68,304,309
81.75,307,301
81.75,301,304
81.75,308,305
81.75,298,301
81.75,314,311
81.75,294,297
81.75,314,312
81.81,292,294
81.81,315,314
81.81,294,293
81.81,316,315
81.81,295,293
81.81,312,313
81.81,299,297
81.87,309,311
81.87,301,299
81.87,304,305
81.87,305,302
81.87,298,302
81.87,312,308
81.88,295,299
81.93,317,314
81.93,296,298
81.93,319,316
81.93,298,297
81.93,318,318
81.94,296,297
81.94,319,320
81.99,303,298
81.99,314,316
81.99,307,302
81.99,310,312
81.99,309,305
82.0,305,307
82.01,315,310
82.07,300,304
82.07,315,312
82.07,296,299
82.07,316,315
82.07,294,296
82.07,316,316
82.08,295,294
82.14,315,318
82.14,297,296
82.14,314,317
82.14,304,300
82.14,310,314
82.14,304,302
82.14,307,310
82.2,310,306
82.2,303,305
82.2,314,313
82.2,299,301
82.2,318,316
82.2,299,299
82.21,321,319
82.22,298,297
82.23,322,320
82.23,299,297
82.29,319,319
82.29,303,299
82.29,317,318
82.29,308,303
82.29,309,312
82.29,312,308
82.3,305,308
82.35,316,312
82.35,302,305
82.35,318,314
82.35,299,300
82.35,319,317
82.36,297,298
82.37,322,320
82.42,299,298
82.42,320,320
82.42,301,299
82.42,316,318
82.42,302,300
82.42,313,315
82.43,306,303
82.5,307,310
82.5,312,309
82.5,302,305
82.5,313,310
82.5,297,300
82.5,319,315
82.5,299,299
82.56,318,317
82.56,295,296
82.56,321,320
82.56,299,299
82.56,321,320
82.56,302,301
82.56,315,318
82.62,307,303
82.62,309,312
82.62,311,305
82.62,305,308
82.62,317,312
82.62,298,302
82.63,316,314
82.68,299,299
82.68,319,317
82.68,297,296
82.68,321,319
82.68,297,296
82.69,318,319
82.69,303,299
82.74,314,317
82.74,303,301
82.74,311,314
82.74,310,305
82.74,306,309
82.75,314,310
82.76,305,306
82.82,319,314
82.82,299,302
82.82,318,317
82.82,297,299
82.82,321,320
82.82,299,298
82.82,322,321
82.89,301,299
82.89,319,321
82.89,304,301
82.89,315,318
82.89,308,306
82.89,314,316
82.89,314,312
82.95,309,313
82.95,317,313
82.95,304,308
82.95,323,319
82.95,302,304
82.95,323,322
82.96,304,303
83.01,324,324
83.01,301,302
83.01,323,324
83.01,305,301
83.01,321,322
83.01,310,307
83.02,315,318
83.07,314,309
83.07,311,314
83.07,317,314
83.07,306,310
83.07,321,317
83.08,303,305
83.09,324,321
83.15,305,305
83.15,326,323
83.15,300,301
83.15,325,325
83.15,306,303
83.15,322,324
83.15,306,304
83.21,319,321
83.21,311,307
83.21,313,317
83.21,318,313
83.21,309,313
83.21,318,315
83.22,304,307
83.27,322,319
83.27,304,304
83.27,323,321
83.27,301,302
83.27,325,323
83.28,300,300
83.28,322,322
83.34,302,301
83.34,317,319
83.34,305,303
83.34,314,317
83.34,310,307
83.34,310,313
83.35,315,312
83.4,305,309
83.4,318,316
83.4,301,305
83.4,321,319
83.4,302,303
83.41,322,320
83.41,302,301
83.48,323,322
83.48,302,300
83.48,320,321
83.48,306,301
83.48,314,317
83.48,306,303
83.48,311,313
83.54,311,307
83.54,303,307
83.54,314,311
83.54,302,305
83.54,320,317
83.54,299,301
83.55,319,317
83.61,296,297
83.61,321,319
83.61,297,297
83.61,320,321
83.61,302,301
83.61,316,319
83.61,306,303
83.67,315,316
83.67,313,307
83.67,309,312
83.67,315,312
83.67,306,308
83.67,321,316
83.68,301,304
83.73,323,320
83.73,301,303
83.73,323,323
83.73,301,301
83.73,321,321
83.73,301,301
83.74,318,321
83.79,303,301
83.79,315,318
83.79,309,305
83.79,312,315
83.79,315,311
83.8,308,310
83.81,319,313
83.87,305,306
83.87,321,318
83.87,302,304
83.87,321,321
83.87,299,300
83.87,322,320
83.87,302,300
83.93,321,320
83.93,303,300
83.93,316,319
83.93,305,304
83.93,314,317
83.93,314,308
83.94,308,313
84.0,319,313
84.0,307,308
84.0,318,317
84.0,305,305
84.0,320,319
84.0,302,304
84.0,322,323
84.06,302,302
84.06,321,322
84.06,304,302
84.06,321,321
84.06,307,303
84.06,318,320
84.07,311,306
84.12,314,315
84.12,316,313
84.12,311,312
84.12,319,317
84.12,308,309
84.13,323,321
84.14,304,304
84.2,325,323
84.2,302,303
84.2,326,324
84.2,303,302
84.2,322,322
84.2,308,305
84.2,317,320
84.26,311,307
84.26,314,317
84.26,313,310
84.26,310,313
84.26,318,315
84.26,306,309
84.27,321,319
84.32,305,304
84.32,323,321
84.32,300,301
84.32,322,322
84.32,305,304
84.32,324,323
84.33,306,305
84.39,323,323
84.39,308,306
84.39,315,320
84.39,315,312
84.39,313,317
84.39,319,315
84.4,314,314
84.45,322,320
84.45,307,308
84.45,325,322
84.45,306,306
84.45,324,322
84.45,301,302
84.46,322,321
84.52,301,300
84.52,320,321
84.52,302,301
84.52,316,319
84.52,309,304
84.53,313,316
84.53,313,308
84.59,307,311
84.59,314,313
84.59,306,308
84.59,320,317
84.59,303,305
84.59,324,321
84.59,304,304
84.65,325,323
84.65,304,302
84.65,324,324
84.65,305,303
84.65,322,322
84.65,307,303
84.66,316,319
84.71,309,306
84.71,311,313
84.71,314,309
84.71,305,308
84.71,316,313
84.72,302,303
84.73,319,317
84.79,298,300
84.79,320,317
84.79,298,298
84.79,319,321
84.79,299,300
84.79,319,320
84.79,304,301
84.85,316,320
84.85,310,306
84.85,314,317
84.85,311,309
84.85,308,312
84.85,316,313
84.86,305,307
84.91,321,316
84.91,300,302
84.91,319,317
84.91,299,299
84.91,322,321
84.91,299,298
84.92,320,322
84.97,300,300
84.97,317,319
84.97,306,301
84.97,313,316
84.97,306,303
84.98,309,311
84.99,312,310
85.05,304,307
85.05,318,314
85.05,304,307
85.05,322,319
85.05,303,305
85.05,323,322
85.05,300,301
85.11,323,322
85.11,300,301
85.11,320,320
85.11,304,301
85.11,317,319
85.11,310,305
85.12,313,315
85.18,312,311
85.18,311,313
85.18,321,316
85.18,309,310
85.18,321,318
85.18,305,306
85.18,322,321
85.24,302,303
85.24,324,322
85.24,301,300
85.24,320,322
85.24,306,302
85.24,321,322
85.25,308,304
85.3,317,319
85.3,312,308
85.3,311,313
85.3,315,310
85.3,307,309
85.31,320,315
85.31,305,305
85.38,320,319
85.38,300,301
85.38,321,321
85.38,299,299
85.38,322,321
85.38,301,298
85.38,318,320
85.44,304,301
85.44,314,317
85.44,306,304
85.44,312,315
85.44,312,308
85.44,304,309
85.45,314,311
85.5,301,305
85.5,319,315
85.5,298,300
85.51,317,316
85.51,295,297
85.51,318,317
85.51,297,295
85.57,316,315
85.57,297,295
85.57,315,317
85.57,303,299
85.57,314,315
85.57,306,304
85.58,309,312
85.63,311,310
85.63,304,307
85.63,314,312
85.63,300,303
85.63,317,314
85.63,297,297
85.64,318,314
85.71,293,294
85.71,317,315
85.71,295,294
85.71,315,316
85.71,298,296
85.71,312,314
85.71,302,300
85.77,306,309
85.77,309,304
85.77,306,306
85.77,308,307
85.77,299,301
85.77,312,309
85.77,296,298
85.83,316,315
85.83,295,295
85.83,317,316
85.83,297,296
85.83,317,318
85.83,299,298
85.84,315,315
85.9,303,299
85.9,309,311
85.9,303,301
85.9,306,309
85.9,311,307
85.9,300,305
85.9,317,313
85.96,300,302
85.96,319,316
85.96,297,301
85.96,322,320
85.96,302,299
85.96,323,321
85.97,300,299
86.02,320,320
86.02,304,300
86.02,318,319
86.02,309,304
86.02,311,313
86.03,313,309
86.04,305,309
86.1,315,313
86.1,303,307
86.1,321,317
86.1,303,304
86.1,324,321
86.1,301,303
86.1,324,322
86.16,302,301
86.16,320,323
86.16,306,302
86.16,322,323
86.16,309,306
86.16,318,319
86.17,315,310
86.22,310,316
86.22,321,316
86.22,309,310
86.22,323,320
86.22,307,308
86.22,324,323
86.23,305,305
86.29,326,324
86.29,302,303
86.29,323,324
86.29,303,301
86.29,322,323
86.29,305,303
86.3,320,320
86.36,311,308
86.36,315,318
86.36,315,312
86.36,312,314
86.36,320,316
86.36,307,309
86.36,323,320
86.42,305,305
86.42,323,320
86.42,299,301
86.42,323,322
86.42,300,301
86.43,324,324
86.43,305,302
86.49,321,322
86.49,309,305
86.49,317,318
86.49,311,309
86.49,311,314
86.49,314,311
86.49,305,310
86.55,317,315
86.55,304,305
86.55,322,319
86.55,298,300
86.55,321,322
86.55,300,300
86.56,322,321
86.61,303,300
86.61,319,320
86.61,305,301
86.61,311,315
86.61,307,302
86.62,310,311
86.63,311,306
86.69,304,306
86.69,312,310
86.69,299,301
86.69,314,312
86.69,297,298
86.69,315,314
86.69,294,295
86.75,316,316
86.75,296,294
86.75,314,316
86.75,299,295
86.75,313,313
86.75,300,298
86.76,309,311
86.82,305,301
86.82,303,305
86.82,307,304
86.82,298,302
86.82,313,310
86.82,296,299
86.82,311,311
86.88,295,297
86.88,314,313
86.88,294,293
86.88,317,316
86.88,298,296
86.88,316,317
86.89,302,298
86.94,311,314
86.94,306,303
86.94,309,310
86.94,309,306
86.94,305,307
86.95,317,312
86.95,301,305
87.02,319,317
87.02,301,303
87.02,322,320
87.02,300,302
87.02,326,325
87.02,306,303
87.02,324,325
87.08,309,305
87.08,321,324
87.08,311,306
87.08,314,319
87.08,315,312
87.08,312,315
87.08,320,316
87.14,311,311
87.14,321,319
87.14,306,308
87.14,323,321
87.14,302,302
87.14,323,323
87.15,302,300
87.2,320,322
87.2,302,299
87.2,318,318
87.2,302,301
87.2,315,316
87.21,306,303
87.22,310,312
87.27,310,307
87.27,304,306
87.27,313,310
87.27,301,302
87.27,315,312
87.27,295,298
87.28,316,315
87.34,293,294
87.34,317,315
87.34,293,292
87.34,313,313
87.34,296,293
87.34,309,312
87.35,299,295
87.41,305,307
87.41,304,301
87.41,302,302
87.41,304,301
87.41,293,297
87.41,310,305
87.41,291,294
87.47,311,308
87.47,289,289
87.47,310,311
87.47,288,289
87.47,312,312
87.47,291,290
87.48,311,310
87.53,294,292
87.53,305,307
87.53,299,295
87.53,303,305
87.53,306,301
87.53,296,300
87.54,308,305
87.61,295,297
87.61,311,308
87.61,292,294
87.61,312,310
87.61,292,291
87.61,315,313
87.61,293,290
87.67,314,313
87.67,294,293
87.67,308,311
87.67,299,296
87.67,305,307
87.67,303,301
87.67,298,302
87.73,309,304
87.73,295,299
87.73,310,308
87.73,296,296
87.73,311,311
87.73,295,294
87.74,315,313
87.8,293,291
87.8,314,314
87.8,295,292
87.8,310,312
87.8,298,296
87.8,308,310
87.81,301,297
87.86,304,306
87.86,306,304
87.86,300,303
87.86,313,309
87.86,298,300
87.86,315,313
87.87,295,297
87.92,317,317
87.92,294,295
87.92,318,316
87.92,295,295
87.92,316,316
87.93,301,297
87.94,315,315
88.0,302,300
88.0,309,311
88.0,307,303
88.0,304,307
88.0,311,307
88.0,299,301
88.0,313,311
88.06,297,300
88.06,316,315
88.06,296,298
88.06,317,317
88.06,294,297
88.06,319,319
88.07,299,298
88.12,317,318
88.12,300,299
88.12,311,313
88.12,307,304
88.12,307,311
88.12,312,308
88.13,305,307
88.19,315,311
88.19,301,302
88.19,320,317
88.19,300,302
88.19,320,318
88.19,302,301
88.2,321,322
88.25,302,300
88.25,318,320
88.25,303,300
88.25,312,317
88.25,305,303
88.26,313,315
88.26,311,306
88.33,306,310
88.33,315,311
88.33,302,305
88.33,318,316
88.33,301,303
88.33,319,318
88.33,300,299
88.39,320,320
88.39,301,300
88.39,320,321
88.39,303,300
88.39,319,320
88.39,305,304
88.4,317,320
88.45,313,310
88.45,314,315
88.45,316,312
88.45,306,310
88.45,320,316
88.45,304,304
88.46,321,317
88.51,301,302
88.51,322,323
88.51,300,301
88.51,322,323
88.51,304,303
88.52,323,324
88.53,305,303
88.59,318,320
88.59,309,305
88.59,315,317
88.59,316,311
88.59,310,313
88.59,316,315
88.59,306,309
88.65,323,319
88.65,300,305
88.65,323,321
88.65,304,304
88.65,325,324
88.65,303,302
88.66,326,325
88.72,304,302
88.72,320,323
88.72,308,304
88.72,316,318
88.72,311,308
88.72,311,313
88.72,314,311
88.78,304,307
88.78,318,314
88.78,300,304
88.78,320,317
88.78,299,301
88.78,322,319
88.79,296,298
88.84,318,320
88.84,299,298
88.84,319,319
88.84,302,300
88.84,313,315
88.85,305,302
88.85,310,312
88.9,311,307
88.9,306,308
88.9,313,310
88.9,303,304
88.9,319,314
88.91,301,301
88.92,320,318
88.98,301,301
88.98,323,320
88.98,299,299
88.98,320,322
88.98,301,299
88.98,318,319
88.98,306,302
89.05,315,316
89.05,310,308
89.05,309,313
89.05,314,313
89.05,307,308
89.05,317,315
89.05,304,305
89.11,322,318
89.11,300,302
89.11,322,322
89.11,301,301
89.11,322,322
89.11,301,301
89.12,320,321
89.17,305,304
89.17,316,320
89.17,308,305
89.17,312,317
89.17,312,309
89.17,309,311
89.18,319,314
89.23,304,307
89.23,320,318
89.23,301,303
89.23,322,321
89.23,299,300
89.24,323,324
89.25,300,300
89.31,322,322
89.31,305,301
89.31,320,320
89.31,306,303
89.31,314,317
89.31,313,308
89.31,311,314
89.37,317,312
89.37,305,308
89.37,318,316
89.37,306,306
89.37,321,320
89.37,301,304
89.38,323,321
89.44,301,300
89.44,323,322
89.44,300,298
89.44,318,320
89.44,306,301
89.44,315,317
89.44,308,305
89.5,313,315
89.5,313,311
89.5,310,313
89.5,319,315
89.5,307,309
89.5,321,319
89.51,305,305
89.56,325,322
89.56,300,302
89.56,326,323
89.56,303,301
89.56,322,324
89.57,305,302
89.57,320,322
89.64,311,306
89.64,314,317
89.64,313,308
89.64,308,313
89.64,315,312
89.64,305,308
89.64,320,317
89.7,303,304
89.7,323,320
89.7,300,303
89.7,324,323
89.7,302,300
89.7,321,322
89.71,301,299
89.72,319,322
89.73,304,301
89.73,312,317
89.79,308,305
89.8,312,314
89.8,313,309
89.8,309,311
89.8,318,316
89.8,304,307
89.8,323,319
89.86,302,304
89.86,321,320
89.86,301,301
89.86,323,322
89.86,301,300
89.86,322,323
89.87,304,302
89.92,316,319
89.92,307,303
89.92,317,317
89.92,313,307
89.92,309,311
89.92,316,312
89.93,304,307
89.98,319,316
89.98,304,305
89.98,320,317
89.98,301,300
89.98,321,320
89.99,300,300
90.0,322,321
90.06,302,299
90.06,320,322
90.06,303,302
90.06,316,318
90.06,309,305
90.06,311,313
90.06,313,310
90.12,307,311
90.12,317,313
90.12,303,305
90.12,323,319
90.12,299,302
90.12,322,321
90.13,301,300
90.18,322,321
90.18,301,299
90.18,321,321
90.18,303,300
90.18,316,320
90.18,307,303
90.19,314,315
90.25,310,307
90.25,310,311
90.25,317,311
90.25,304,307
90.25,318,315
90.25,301,302
90.26,320,318
90.31,296,299
90.31,320,319
90.31,296,297
90.31,319,319
90.31,300,299
90.32,319,319
90.32,306,302
90.39,315,317
90.39,306,304
90.39,311,313
90.39,314,310
90.39,306,310
90.39,318,314
90.39,303,304
90.45,318,316
90.45,301,301
90.45,322,319
90.45,299,298
90.45,321,320
90.45,299,298
90.46,319,320
90.51,303,299
90.51,315,318
90.51,308,303
90.51,312,316
90.51,310,307
90.51,309,312
90.52,316,313
90.57,306,310
90.57,323,320
90.57,305,307
90.57,325,323
90.57,302,304
90.58,327,324
90.59,304,302
90.65,324,325
90.65,307,304
90.65,323,324
90.65,309,305
90.65,319,322
90.65,315,311
90.65,313,318
90.71,319,314
90.71,312,313
90.71,322,319
90.71,306,309
90.71,323,321
90.71,303,306
90.72,326,323
90.78,304,303
90.78,325,324
90.78,304,302
90.78,325,324
90.78,306,302
90.78,319,321
90.78,308,305
90.84,314,315
90.84,312,308
90.84,308,311
90.84,314,311
90.84,305,307
90.84,319,316
90.85,303,305
90.9,323,321
90.9,299,301
90.9,325,323
90.9,302,300
90.9,320,322
90.91,299,299
90.91,315,317
90.98,302,299
90.98,312,314
90.98,306,303
90.98,307,309
90.98,312,309
90.98,305,307
90.98,314,311
91.04,298,301
91.04,317,315
91.04,295,298
91.04,319,317
91.04,298,298
91.04,319,318
91.05,296,296
91.1,318,319
91.1,302,298
91.1,312,316
91.1,306,302
91.1,310,312
91.1,310,305
91.11,302,307
91.17,313,308
91.17,300,303
91.17,315,312
91.17,299,300
91.17,317,315
91.17,294,296
91.18,319,317
91.23,298,296
91.23,320,319
91.23,299,297
91.23,315,316
91.23,300,299
91.23,312,314
91.24,309,303
91.31,307,310
91.31,309,306
91.31,300,304
91.31,314,310
91.31,297,300
91.31,314,311
91.31,294,297
91.37,316,315
91.37,292,293
91.37,315,314
91.37,292,292
91.37,313,314
91.37,298,294
91.37,309,312
91.43,300,296
91.43,303,307
91.43,307,302
91.43,304,305
91.43,309,306
91.43,298,300
91.44,312,310
91.49,297,297
91.49,317,313
91.49,292,292
91.49,315,314
91.49,294,292
91.5,315,315
91.5,294,293
91.55,313,313
91.55,299,296
91.55,309,311
91.55,301,299
91.55,302,304
91.56,308,303
91.57,298,299
91.63,308,306
91.63,292,295
91.63,313,310
91.63,290,292
91.63,314,312
91.63,291,291
91.63,312,313
91.69,294,290
91.69,310,312
91.69,295,292
91.69,306,309
91.69,299,295
91.69,301,305
91.7,303,300
91.75,297,301
91.75,306,304
91.76,294,297
91.76,312,308
91.76,292,294
91.76,313,311
91.77,293,292
91.82,313,313
91.82,291,290
91.82,314,313
91.82,295,291
91.82,311,311
91.82,299,296
91.83,307,309
91.89,303,301
91.89,304,306
91.89,311,306
91.89,298,302
91.89,312,310
91.89,299,299
91.9,317,313
91.96,297,297
91.96,318,317
91.96,296,296
91.96,316,318
91.96,297,295
91.96,315,316
91.96,300,297
92.02,311,313
92.02,303,300
92.02,306,310
92.02,310,306
92.02,302,305
92.02,314,311
92.03,302,303
92.08,318,314
92.08,296,299
92.08,322,319
92.08,295,297
92.08,323,322
92.09,299,297
92.09,320,320
92.16,301,297
92.16,315,316
92.16,304,302
92.16,312,314
92.16,311,306
92.16,308,311
92.16,314,311
92.22,304,307
92.22,319,317
92.22,301,303
92.22,320,319
92.22,299,301
92.22,324,322
92.22,299,300
92.28,320,321
92.28,300,299
92.28,316,319
92.28,304,301
92.28,314,316
92.28,307,304
92.29,311,313
92.35,312,307
92.35,306,308
92.35,317,312
92.35,300,302
92.35,316,314
92.35,298,300
92.36,321,317
92.41,297,297
92.41,315,317
92.41,295,296
92.41,318,320
92.41,302,297
92.41,314,317
92.42,303,300
92.49,310,312
92.49,309,303
92.49,305,309
92.49,315,309
92.49,304,305
92.49,319,316
92.49,300,301
92.55,321,317
92.55,298,298
92.55,320,319
92.55,297,296
92.55,322,322
92.55,300,298
92.55,320,320
92.61,305,300
92.61,314,316
92.61,309,306
92.61,310,313
92.61,313,309
92.61,305,307
92.62,315,313
92.67,301,303
92.67,318,314
92.67,299,299
92.67,321,319
92.67,297,297
92.68,322,321
92.68,298,297
92.73,316,319
92.74,300,298
92.74,315,317
92.74,305,301
92.74,309,312
92.74,309,306
92.75,305,306
92.81,312,309
92.81,300,303
92.81,318,313
92.81,299,299
92.81,319,317
92.81,296,296
92.81,319,317
92.88,296,295
92.88,315,317
92.88,297,296
92.88,312,314
92.88,298,296
92.88,307,310
92.88,305,301
92.94,306,307
92.94,306,304
92.94,301,302
92.94,314,309
92.94,298,299
92.94,313,311
92.95,294,297
93.0,318,314
93.0,296,294
93.0,317,317
93.0,293,294
93.0,317,317
93.0,301,296
93.01,313,314
93.06,303,300
93.06,306,310
93.06,310,305
93.06,306,307
93.06,315,310
93.07,300,303
93.08,313,313
93.14,297,299
93.14,319,317
93.14,298,299
93.14,322,320
93.14,298,297
93.14,318,318
93.14,299,297
93.2,315,316
93.2,301,298
93.2,311,312
93.2,307,302
93.2,307,310
93.2,314,309
93.21,305,308
93.26,316,314
93.26,301,302
93.26,319,316
93.26,300,300
93.26,319,317
93.26,296,297
93.27,322,320
93.33,299,297
93.33,317,318
93.33,301,300
93.33,314,318
93.33,307,304
93.33,311,314
93.34,310,307
93.39,306,309
93.39,313,311
93.39,304,304
93.39,318,315
93.39,301,301
93.4,319,317
93.4,300,299
93.47,322,320
93.47,298,298
93.47,320,321
93.47,303,299
93.47,316,319
93.47,305,301
93.47,311,316
93.53,310,305
93.53,307,311
93.53,313,311
93.53,306,307
93.53,318,315
93.53,306,306
93.54,323,319
93.59,299,302
93.59,323,321
93.59,300,300
93.59,322,322
93.59,301,301
93.59,321,321
93.6,304,300
93.65,315,317
93.65,309,304
93.65,313,314
93.65,313,309
93.65,306,310
93.66,315,311
93.67,300,304
93.72,318,316
93.72,300,302
93.72,320,319
93.72,300,299
93.72,320,320
93.72,301,299
93.73,319,322
93.8,301,299
93.8,318,319
93.8,307,302
93.8,311,313
93.8,309,305
93.8,306,310
93.8,313,309
93.86,303,305
93.86,315,313
93.86,301,303
93.86,320,319
93.86,298,301
93.86,323,320
93.86,300,300
93.92,323,322
93.92,301,300
93.92,319,319
93.92,304,302
93.92,315,319
93.92,307,304
93.93,311,313
93.98,314,310
93.98,308,309
93.98,319,314
93.98,306,306
93.98,320,317
93.99,301,303
93.99,320,319
94.04,298,299
94.04,323,322
94.04,300,300
94.04,322,322
94.04,304,303
94.05,320,322
94.06,307,304
94.12,314,316
94.12,311,308
94.12,309,312
94.12,314,313
94.12,306,308
94.12,318,316
94.13,301,303
94.18,322,319
94.18,301,301
94.18,323,322
94.18,301,300
94.18,322,322
94.18,304,302
94.19,321,321
94.25,304,303
94.25,316,319
94.25,310,306
94.25,311,315
94.25,314,312
94.25,309,310
94.26,316,314
94.31,304,306
94.31,318,317
94.31,301,302
94.31,320,319
94.31,299,298
94.31,320,320
94.32,299,296
94.39,318,319
94.39,303,299
94.39,314,318
94.39,304,302
94.39,310,313
94.39,308,306
94.39,305,309
94.45,312,309
94.45,300,303
94.45,315,312
94.45,298,300
94.45,318,316
94.45,297,299
94.45,322,320
94.51,299,299
94.51,322,321
94.51,303,300
94.51,319,320
94.51,305,302
94.51,315,317
94.52,307,304
94.57,309,312
94.57,310,308
94.57,306,307
94.57,317,314
94.57,303,305
94.58,321,319
94.58,301,303
94.64,323,322
94.64,300,302
94.64,324,323
94.64,302,300
94.64,320,321
94.64,305,302
94.65,318,319
94.7,308,305
94.7,313,316
94.7,315,311
94.7,312,314
94.7,320,316
94.71,306,309
94.71,323,319
94.78,304,307
94.78,326,322
94.78,302,304
94.78,324,323
94.78,303,301
94.78,323,322
94.78,305,304
94.84,322,322
94.84,308,304
94.84,317,319
94.84,312,308
94.84,314,316
94.84,315,313
94.85,308,310
94.9,319,317
94.9,303,306
94.9,322,320
94.9,304,303
94.9,323,321
94.9,301,302
94.91,322,322
94.96,302,301
94.97,320,322
94.97,304,301
94.97,318,319
94.97,308,305
94.97,309,313
94.98,310,306
95.03,307,310
95.03,315,311
95.03,300,303
95.03,317,314
95.03,301,301
95.03,318,315
95.04,298,297
95.11,320,318
95.11,296,297
95.11,320,320
95.11,301,299
95.11,319,319
95.11,305,301
95.11,314,317
95.17,308,306
95.17,310,313
95.17,316,310
95.17,306,308
95.17,319,315
95.17,304,305
95.17,320,318
95.23,301,302
95.23,323,321
95.23,300,301
95.23,323,324
95.23,301,301
95.23,323,324
95.24,305,303
95.3,316,320
95.3,308,305
95.3,312,315
95.3,310,309
95.3,309,312
95.3,317,313
95.3,306,307
95.36,322,320
95.36,303,304
95.36,322,322
95.36,302,304
95.36,327,325
95.36,303,303
95.37,325,324
95.42,305,302
95.42,319,322
95.42,307,305
95.42,315,317
95.42,312,308
95.43,310,314
95.44,319,314
95.5,309,310
95.5,321,319
95.5,305,307
95.5,324,321
95.5,303,304
95.5,324,323
95.5,301,300
95.56,323,323
95.56,303,301
95.56,323,323
95.56,304,302
95.56,318,320
95.56,309,306
95.57,312,315
95.62,313,309
95.62,309,311
95.62,316,313
95.62,303,306
95.63,320,316
95.63,300,301
95.63,321,319
95.69,299,300
95.69,323,321
95.69,299,298
95.69,320,320
95.69,303,301
95.69,319,321
95.7,307,304
95.75,315,317
95.75,311,307
95.75,310,312
95.75,317,313
95.75,306,309
95.76,322,317
95.76,304,306
95.83,324,320
95.83,301,302
95.83,324,321
95.83,301,301
95.83,322,321
95.83,301,300
95.83,318,321
95.89,304,300
95.89,317,320
95.89,308,305
95.89,312,314
95.89,310,309
95.89,308,312
95.89,317,314
95.95,306,306
95.95,318,318
95.95,303,303
95.95,322,320
95.95,301,300
95.95,324,322
95.96,300,301
96.02,320,322
96.02,304,302
96.02,319,320
96.02,309,304
96.02,315,317
96.02,312,307
96.03,309,312
96.08,317,312
96.08,306,308
96.08,320,317
96.08,306,306
96.08,324,321
96.08,300,302
96.09,327,323
96.16,302,302
96.16,324,325
96.16,303,303
96.16,324,325
96.16,311,306
96.16,321,323
96.16,314,311
96.22,316,320
96.22,320,316
96.22,314,317
96.22,324,321
96.22,311,313
96.22,324,322
96.22,305,307
96.28,327,326
96.28,304,307
96.28,329,327
96.28,305,305
96.28,325,326
96.28,306,305
96.29,322,323
96.34,309,306
96.34,316,319
96.34,313,310
96.34,311,314
96.34,316,314
96.34,307,309
96.35,322,317
96.41,302,305
96.41,323,320
96.41,300,302
96.41,325,323
96.41,303,303
96.41,324,325
96.42,303,302
96.47,320,323
96.47,309,306
96.47,318,321
96.47,312,307
96.47,314,316
96.48,314,311
96.48,309,310
96.54,320,315
96.54,303,306
96.54,318,318
96.54,301,303
96.54,322,321
96.54,301,298
96.55,320,320
96.61,299,296
96.61,319,319
96.61,300,297
96.61,311,315
96.61,303,300
96.62,308,311
96.62,308,304
96.68,302,306
96.68,312,308
96.68,300,302
96.68,314,312
96.68,298,299
96.68,316,315
96.68,297,297
96.74,318,317
96.74,297,296
96.74,319,319
96.74,298,296
96.74,313,315
96.74,303,300
96.75,313,316
96.8,308,304
96.8,307,311
96.8,310,308
96.8,302,306
96.8,315,313
96.8,300,303
96.81,319,317
96.86,299,302
96.86,319,319
96.86,299,300
96.86,323,320
96.86,301,298
96.87,320,321
96.88,304,300
96.93,316,319
96.93,306,303
96.93,311,314
96.93,312,308
96.93,310,311
96.93,316,312
96.94,304,307
97.0,320,315
97.0,302,304
97.0,322,319
97.0,299,302
97.01,321,322
97.01,302,301
97.01,322,324
97.07,304,301
97.07,321,323
97.07,308,304
97.07,316,320
97.07,312,308
97.07,312,315
97.07,318,312
97.13,308,310
97.13,320,317
97.13,303,307
97.13,323,320
97.13,304,304
97.13,325,323
97.14,302,302
97.15,325,325
97.16,302,303
97.17,320,324
97.22,306,302
97.22,316,319
97.22,310,304
97.22,313,316
97.22,312,309
97.23,307,311
97.23,319,315
97.29,306,307
97.29,320,317
97.29,301,303
97.29,323,319
97.29,301,302
97.29,324,322
97.3,302,300
97.35,322,323
97.35,304,300
97.35,319,321
97.35,307,304
97.35,317,319
97.36,313,309
97.36,312,316
97.43,318,315
97.43,310,312
97.43,323,318
97.43,305,307
97.43,322,322
97.43,304,306
97.43,325,323
97.49,304,305
97.49,326,326
97.49,306,303
97.49,325,326
97.49,309,305
97.49,321,322
97.5,310,307
97.55,315,317
97.55,315,311
97.55,310,312
97.55,319,315
97.55,304,309
97.55,323,320
97.56,303,306
97.62,322,321
97.62,301,302
97.62,324,323
97.62,303,301
97.62,323,322
97.62,302,299
97.63,319,321
97.68,307,304
97.68,314,318
97.68,311,307
97.68,311,313
97.68,315,311
97.68,306,309
97.69,319,315
97.76,302,305
97.76,325,321
97.76,299,301
97.76,322,321
97.76,301,301
97.76,325,324
97.76,301,300
97.82,321,322
97.82,306,302
97.82,316,319
97.82,309,305
97.82,312,316
97.82,311,310
97.82,307,311
97.88,317,315
97.88,305,307
97.88,320,318
97.88,302,303
97.88,322,320
97.88,298,299
97.89,323,321
97.95,300,299
97.95,321,321
97.95,304,300
97.95,316,319
97.95,308,303
97.95,311,316
97.95,312,307
98.01,311,312
98.01,317,312
98.01,304,308
98.01,319,316
98.01,304,305
98.01,321,321
98.02,302,301
98.07,323,322
98.07,302,301
98.07,323,323
98.07,302,301
98.07,321,322
98.08,307,303
98.09,317,320
98.14,308,307
98.14,314,315
98.14,314,311
98.14,309,310
98.14,317,314
98.14,303,306
98.15,323,320
98.21,302,303
98.21,325,322
98.21,302,301
98.21,326,323
98.21,301,301
98.21,320,322
98.22,302,300
98.27,317,319
98.27,305,301
98.27,313,316
98.27,312,307
98.27,308,311
98.27,315,311
98.28,305,307
98.34,318,314
98.34,301,302
98.34,320,318
98.34,297,299
98.34,321,319
98.34,296,297
98.35,319,320
98.4,299,297
98.4,317,318
98.4,304,300
98.4,313,316
98.4,308,304
98.41,310,313
98.41,313,308
98.48,304,308
98.48,317,313
98.48,302,304
98.48,321,317
98.48,299,301
98.48,320,320
98.48,300,300
98.54,323,324
98.54,302,300
98.54,322,324
98.54,304,302
98.54,316,318
98.54,308,305
98.54,315,316
98.6,312,309
98.6,312,314
98.61,317,313
98.61,307,309
98.61,322,319
98.61,303,306
98.61,322,321
98.67,303,303
98.67,325,324
98.67,305,303
98.67,326,326
98.67,304,303
98.67,322,323
98.68,309,306
98.73,318,321
98.73,313,309
98.73,315,317
98.73,317,313
98.73,312,315
98.73,323,320
98.74,309,312
98.79,327,323
98.79,307,307
98.79,328,327
98.79,304,305
98.79,329,328
98.8,304,304
98.81,327,326
98.87,307,305
98.87,320,324
98.87,310,308
98.87,316,319
98.87,316,311
98.87,313,316
98.87,319,316
98.93,307,310
98.93,325,321
98.93,305,306
98.93,325,322
98.93,302,305
98.93,326,325
98.94,304,302
99.0,328,327
99.0,306,303
99.0,323,325
99.0,309,306
99.0,317,321
99.0,312,309
99.0,314,318
99.06,317,314
99.06,311,314
99.06,323,320
99.06,304,308
99.06,324,322
99.06,304,304
99.07,323,323
99.12,304,303
99.12,325,324
99.12,303,302
99.12,323,323
99.12,304,304
99.13,320,322
99.13,310,306
99.2,313,316
99.2,314,310
99.2,311,313
99.2,319,315
99.2,307,308
99.2,320,318
99.2,306,305
99.26,321,320
99.26,301,302
99.26,326,323
99.26,303,302
99.26,324,324
99.26,303,301
99.27,322,324
99.32,308,304
99.32,319,320
99.32,311,308
99.32,314,315
99.32,317,312
99.32,306,311
99.33,322,317
99.38,304,306
99.38,322,319
99.38,301,302
99.38,323,323
99.38,303,301
99.39,322,322
99.4,301,300
99.45,320,323
99.45,305,303
99.45,316,319
99.45,309,304
99.45,313,316
99.45,313,308
99.46,307,310
99.53,316,313
99.53,305,306
99.53,319,316
99.53,301,302
99.53,321,320
99.53,300,301
99.53,322,322
99.59,301,298
99.59,323,322
99.59,304,301
99.59,320,322
99.59,309,304
99.59,317,319
99.59,314,308
99.65,312,316
99.65,316,312
99.65,308,311
99.65,321,317
99.65,305,306
99.65,322,318
99.66,300,302
99.71,323,322
99.71,299,299
99.71,323,323
99.71,300,300
99.71,319,321
99.72,304,302
99.72,314,317
99.78,306,304
99.78,310,315
99.78,311,309
99.78,307,311
99.78,316,314
99.78,304,308
99.79,323,318
99.84,303,302
99.84,323,320
99.84,300,302
99.84,326,323
99.84,302,301
99.85,324,325
99.86,304,302
99.92,320,321
99.92,310,306
99.92,314,318
99.92,313,308
99.92,311,314
99.92,315,311
99.92,307,309
99.98,318,314
99.98,301,304
99.98,322,320
99.98,301,303
99.98,325,322
99.98,299,301
99.99,324,324
100.04,301,300
100.04,320,323
100.04,303,301
100.04,318,319
100.04,309,305
100.04,312,315
100.05,315,310
100.11,309,312
100.11,319,316
100.11,307,307
100.11,320,318
100.11,304,306
100.11,326,323
100.12,302,304
100.17,325,324
100.17,301,301
100.17,323,324
100.17,306,302
100.17,320,324
100.17,311,307
100.18,319,321
100.25,314,309
100.25,311,314
100.25,317,314
100.25,309,310
100.25,318,315
100.25,302,305
100.25,320,319
100.31,302,302
100.31,322,321
100.31,299,298
100.31,320,321
100.31,300,299
100.31,318,321
100.31,302,301
100.37,313,317
100.37,306,304
100.37,312,313
100.37,308,307
100.37,306,309
100.37,315,312
100.38,302,303
100.43,319,316
100.43,300,301
100.43,321,319
100.43,299,299
100.43,323,321
100.44,301,299
100.45,320,322
100.5,302,300
100.5,318,320
100.5,308,304
100.5,314,316
100.5,313,307
100.5,311,312
100.51,315,312
100.57,304,308
100.57,317,314
100.57,303,304
100.57,321,320
100.57,300,301
100.57,320,321
100.58,299,298
100.64,322,321
100.64,299,298
100.64,319,321
100.64,303,301
100.64,315,318
100.64,306,303
100.64,312,313
100.7,314,309
100.7,305,309
100.7,318,314
100.7,303,306
100.7,319,316
100.7,303,302
100.71,322,319
100.76,298,300
100.76,322,323
100.76,302,299
100.76,322,323
100.76,302,302
100.76,319,321
100.77,307,303
100.84,313,315
100.84,314,308
100.84,308,312
100.84,314,311
100.84,307,309
100.84,322,317
100.84,302,305
100.9,321,319
100.9,300,302
100.9,323,320
100.9,300,301
100.9,323,324
100.9,301,299
100.9,321,322
100.96,308,303
100.96,317,319
100.96,314,309
100.96,313,317
100.96,316,313
100.96,311,313
100.97,318,316
101.03,304,304
101.03,323,319
101.03,302,304
101.03,320,319
101.03,299,300
101.03,323,322
101.03,302,300
101.09,322,322
101.09,303,301
101.09,317,320
101.09,306,304
101.09,313,315
101.09,314,308
101.1,309,312
101.15,317,312
101.15,304,306
101.15,317,314
101.15,300,302
101.15,321,318
101.16,298,300
101.17,322,320
101.23,299,298
101.23,318,320
101.23,299,298
101.23,317,318
101.23,303,300
101.23,312,316
101.23,306,303
101.29,311,312
101.29,312,308
101.29,305,307
101.29,316,313
101.29,300,303
101.29,320,316
101.3,299,301
101.35,319,318
101.35,299,298
101.35,322,320
101.35,299,296
101.35,319,320
101.35,304,300
101.36,315,318
101.42,307,302
101.42,311,313
101.42,311,305
101.42,305,309
101.42,313,310
101.42,303,305
101.43,315,312
101.48,299,300
101.48,319,317
101.48,296,298
101.48,320,318
101.48,297,296
101.49,319,318
101.49,299,297
101.56,315,317
101.56,303,299
101.56,312,314
101.56,307,303
101.56,307,309
101.56,311,306
101.56,302,306
101.62,314,312
101.62,300,303
101.62,316,314
101.62,296,299
101.62,319,318
101.62,297,297
101.62,320,320
101.68,299,297
101.68,317,318
101.68,301,297
101.68,313,316
101.68,305,300
101.68,311,312
101.69,310,305
101.74,305,308
101.74,314,310
101.74,300,303
101.75,317,315
101.75,298,301
101.75,321,318
101.76,298,299
101.81,320,317
101.81,295,296
101.81,317,319
101.81,298,296
101.81,318,319
101.81,304,300
101.82,313,314
101.89,306,304
101.89,306,310
101.89,312,308
101.89,304,308
101.89,314,313
101.89,302,303
101.89,321,318
101.95,299,302
101.95,322,320
101.95,299,300
101.95,323,322
101.95,301,301
101.95,318,322
101.95,302,301
102.01,315,318
102.01,306,303
102.01,313,316
102.01,312,308
102.01,307,309
102.01,318,313
102.02,304,306
102.07,320,319
102.07,301,304
102.07,320,321
102.07,301,303
102.07,325,325
102.08,302,303
102.08,326,326
102.14,307,305
102.14,320,324
102.14,310,306
102.14,319,321
102.14,314,311
102.14,315,316
102.15,318,314
102.21,309,311
102.21,321,317
102.21,307,308
102.21,324,320
102.21,301,304
102.21,326,322
102.21,300,301
102.28,325,323
102.28,302,302
102.28,320,322
102.28,306,301
102.28,317,318
102.28,306,303
102.28,313,314
102.34,311,306
102.34,308,309
102.34,316,312
102.34,302,303
102.34,319,315
102.34,302,302
102.35,320,318
102.4,299,298
102.4,322,320
102.4,299,298
102.4,319,320
102.4,299,298
102.4,317,319
102.41,306,301
102.46,314,315
102.46,310,305
102.46,307,311
102.46,309,307
102.46,302,307
102.47,318,314
102.48,300,303
102.53,318,316
102.53,296,299
102.53,321,319
102.53,297,297
102.53,321,320
102.53,299,298
102.54,317,319
102.6,303,300
102.6,314,318
102.6,307,303
102.6,310,314
102.6,312,307
102.6,309,310
102.61,318,313
102.67,303,306
102.67,318,317
102.67,301,304
102.67,320,320
102.67,297,300
102.67,322,320
102.67,299,298
102.73,317,319
102.73,298,297
102.73,316,317
102.73,300,299
102.73,311,312
102.73,305,302
102.74,307,309
102.79,312,308
102.79,304,306
102.79,312,311
102.79,300,301
102.79,317,315
102.8,299,299
102.8,321,319
102.87,297,297
102.87,321,320
102.87,297,297
102.87,319,319
102.87,300,298
102.87,315,317
102.87,306,303
102.93,312,314
102.93,311,307
102.93,304,308
102.93,316,311
102.93,302,304
102.93,316,314
102.94,299,300
103.0,317,316
103.0,295,297
103.0,320,318
103.0,298,296
103.0,318,318
103.0,298,297
103.0,316,318
103.06,302,299
103.06,312,314
103.06,305,302
103.06,306,308
103.06,309,308
103.06,300,304
103.07,315,311
103.12,299,301
103.12,317,315
103.12,298,299
103.12,320,317
103.12,299,298
103.12,320,319
103.13,299,296
103.18,316,318
103.18,301,299
103.18,313,316
103.18,305,302
103.18,310,311
103.19,308,305
103.2,303,307
103.26,314,311
103.26,301,302
103.26,316,314
103.26,298,300
103.26,320,317
103.26,296,298
103.26,320,319
103.32,296,295
103.32,319,318
103.32,298,295
103.32,315,316
103.32,301,298
103.32,306,311
103.33,306,301
103.38,303,307
103.38,309,305
103.38,301,304
103.38,310,309
103.38,299,300
103.39,314,313
103.39,296,297
103.45,319,316
103.45,295,295
103.45,318,316
103.45,295,297
103.45,318,319
103.45,303,299
103.46,317,318
103.51,308,304
103.51,310,315
103.51,311,310
103.51,309,312
103.51,319,314
103.52,304,307
103.53,323,318
103.59,302,303
103.59,323,320
103.59,299,300
103.59,319,321
103.59,299,297
103.59,319,320
103.59,297,295
103.65,312,314
103.65,302,298
103.65,309,310
103.65,302,300
103.65,303,305
103.65,307,302
103.66,297,299
103.71,310,305
103.71,292,294
103.71,311,308
103.71,289,289
103.71,311,309
103.71,286,287
103.72,308,308
103.77,287,286
103.77,305,308
103.77,290,287
103.77,301,303
103.77,291,290
103.78,295,298
103.79,297,292
103.85,291,292
103.85,299,296
103.85,285,287
103.85,303,299
103.85,282,284
103.85,303,300
103.85,279,280
103.91,304,302
103.91,279,280
103.91,299,301
103.91,283,280
103.91,296,299
103.91,284,282
103.92,292,297
103.98,289,285
103.98,285,289
103.98,292,289
103.98,283,286
103.98,294,293
103.98,277,280
103.98,296,295
104.04,276,278
104.04,299,297
104.04,276,276
104.04,297,298
104.04,277,276
104.04,296,297
104.05,278,276
104.1,292,294
104.1,284,281
104.1,288,290
104.1,290,286
104.1,282,286
104.11,294,290
104.11,280,281
104.17,295,293
104.17,275,278
104.17,297,296
104.17,275,276
104.17,299,298
104.17,276,274
104.18,299,299
104.25,279,278
104.25,293,296
104.25,282,279
104.25,290,293
104.25,288,284
104.25,285,289
104.25,290,288
104.31,282,284
104.31,294,292
104.31,279,280
104.31,296,294
104.31,276,277
104.31,302,299
104.31,276,276
104.37,302,300
104.37,280,277
104.37,296,297
104.37,283,278
104.37,292,295
104.37,285,281
104.38,286,290
104.43,289,285
104.43,281,284
104.43,293,289
104.43,279,282
104.43,298,293
104.43,275,277
104.44,299,296
104.49,277,277
104.49,298,298
104.49,278,276
104.49,297,298
104.49,281,279
104.5,297,299
104.51,285,282
104.57,295,297
104.57,291,286
104.57,289,293
104.57,298,293
104.57,287,290
104.57,303,298
104.57,285,286
104.63,304,302
104.63,286,285
104.63,306,304
104.63,286,283
104.63,306,306
104.63,286,284
104.64,304,305
104.65,288,286
104.66,301,304
104.67,294,290
104.73,297,301
104.73,298,294
104.73,292,296
104.73,302,301
104.73,289,292
104.73,306,304
104.73,288,289
104.79,308,306
104.79,287,288
104.79,312,309
104.79,290,289
104.79,309,309
104.79,292,289
104.8,306,309
104.85,296,292
104.85,305,306
104.85,303,299
104.85,298,302
104.85,306,303
104.86,296,299
104.86,311,306
104.91,295,295
104.91,312,309
104.91,294,295
104.92,316,314
104.92,292,292
104.92,316,316
104.93,293,292
104.99,313,316
104.99,299,296
104.99,309,311
104.99,302,299
104.99,305,309
104.99,310,305
105.0,301,305
105.06,311,310
105.06,299,302
105.06,316,313
105.06,299,299
105.06,320,318
105.06,295,297
105.06,321,319
105.12,296,295
105.12,315,317
105.12,297,294
105.12,312,313
105.12,301,298
105.12,309,312
105.13,305,303
105.18,305,308
105.18,313,309
105.18,300,304
105.18,313,312
105.18,297,300
105.18,318,315
105.19,296,296
105.24,316,315
105.24,294,295
105.24,321,319
105.24,297,295
105.25,315,318
105.25,302,297
105.26,312,315
105.32,304,300
105.32,308,311
105.32,308,305
105.32,303,306
105.32,315,311
105.32,303,304
105.32,319,315
105.38,301,301
105.38,321,319
105.38,299,298
105.38,319,318
105.38,298,296
105.38,317,318
105.39,299,295
105.45,312,314
105.45,298,296
105.45,305,309
105.45,303,300
105.45,301,304
105.45,309,304
105.45,299,300
105.51,311,307
105.51,293,294
105.51,310,309
105.51,290,290
105.51,311,310
105.51,290,288
105.52,308,309
105.57,291,288
105.57,308,308
105.57,292,288
105.57,303,305
105.57,295,290
105.58,295,299
105.59,299,294
105.65,293,296
105.65,304,299
105.65,288,290
105.65,304,301
105.65,285,287
105.65,306,305
105.65,284,285
105.71,308,307
105.71,285,284
105.71,306,305
105.71,287,283
105.71,298,302
105.71,289,285
105.72,298,300
105.77,294,290
105.77,292,295
105.77,298,295
105.77,291,292
105.77,303,300
105.77,287,289
105.78,306,304
105.84,285,287
105.84,307,306
105.84,285,286
105.84,312,311
105.84,290,288
105.84,307,309
105.85,291,289
105.9,305,307
105.9,296,295
105.9,305,306
105.9,305,301
105.9,298,302
105.9,312,307
105.91,293,298
105.98,312,311
105.98,293,296
105.98,317,314
105.98,292,294
105.98,317,316
105.98,297,295
105.98,318,318
106.04,298,297
106.04,315,318
106.04,305,301
106.04,312,315
106.04,307,304
106.04,308,311
106.04,315,311
106.1,302,305
106.1,318,314
106.1,300,303
106.1,320,316
106.1,298,299
106.1,320,319
106.11,299,296
106.16,321,320
106.16,298,297
106.16,316,319
106.16,304,301
106.16,314,318
106.17,308,304
106.18,310,313
106.23,314,309
106.23,307,309
106.23,315,312
106.23,300,303
106.23,319,315
106.23,300,301
106.24,319,317
106.3,299,298
106.3,318,318
106.3,298,297
106.3,320,319
106.3,299,298
106.3,315,316
106.31,304,301
106.37,309,312
106.37,307,303
106.37,305,308
106.37,312,308
106.37,300,302
106.37,314,311
106.37,298,299
106.43,315,312
106.43,293,295
106.43,317,314
106.43,294,293
106.43,313,314
106.43,294,293
106.44,312,314
106.49,297,293
106.49,310,310
106.49,300,297
106.49,300,306
106.49,305,302
106.49,301,303
106.5,309,306
106.57,297,298
106.57,312,309
106.57,293,294
106.57,313,312
106.57,291,290
106.57,312,313
106.57,291,289
106.63,311,311
106.63,292,288
106.63,306,309
106.63,298,294
106.63,303,305
106.63,300,296
106.63,299,302
106.69,305,301
106.69,297,299
106.69,308,306
106.69,293,293
106.69,310,308
106.69,289,290
106.7,309,308
106.75,284,286
106.75,309,308
106.75,285,285
106.75,303,306
106.75,290,286
106.76,301,303
106.76,292,290
106.83,297,300
106.83,297,296
106.83,294,296
106.83,303,300
106.83,289,292
106.83,304,302
106.83,289,289
106.89,309,308
106.89,288,286
106.89,310,309
106.89,289,287
106.89,306,309
106.89,291,288
106.9,305,308
106.96,294,291
106.96,304,306
106.96,300,296
106.96,296,301
106.96,302,298
106.96,292,295
106.96,307,303
107.02,291,292
107.02,306,306
107.02,286,289
107.02,312,309
107.02,289,288
107.02,313,312
107.03,288,288
107.08,307,307
107.08,292,289
107.08,304,305
107.08,295,292
107.08,298,301
107.08,300,296
107.09,295,297
107.14,304,301
107.14,291,292
107.14,305,303
107.14,288,289
107.14,310,306
107.15,285,288
107.16,308,307
107.22,284,284
107.22,307,307
107.22,287,283
107.22,303,304
107.22,291,287
107.22,296,300
107.22,294,292
107.28,294,297
107.28,297,294
107.28,288,292
107.28,301,298
107.28,284,288
107.28,304,302
107.29,281,284
107.35,303,304
107.35,281,282
107.35,307,305
107.35,282,283
107.35,304,304
107.35,287,285
107.35,300,302
107.41,293,290
107.41,298,300
107.41,298,294
107.41,294,295
107.41,302,298
107.41,291,292
107.42,303,302
107.47,288,288
107.47,307,304
107.47,285,286
107.47,308,307
107.47,286,284
107.48,305,306
107.49,286,285
107.55,304,305
107.55,292,288
107.55,299,302
107.55,298,293
107.55,293,297
107.55,300,297
107.55,291,293
107.61,301,301
107.61,289,291
107.61,307,303
107.61,287,286
107.61,309,306
107.61,284,284
107.62,307,305
107.67,285,284
107.67,307,307
107.67,289,286
107.67,304,305
107.67,294,290
107.67,298,302
107.68,302,296
107.74,296,298
107.74,304,303
107.74,293,295
107.74,309,306
107.74,288,293
107.74,312,309
107.75,289,290
107.8,314,312
107.8,291,290
107.8,311,313
107.8,292,293
107.8,308,312
107.81,300,296
107.81,306,309
107.86,303,299
107.86,301,306
107.86,306,303
107.86,299,302
107.86,312,307
107.87,293,297
107.88,315,312
107.94,290,294
107.94,316,315
107.94,292,293
107.94,319,317
107.94,295,293
107.94,314,315
107.94,294,294
108.0,309,312
108.0,302,298
108.0,307,309
108.0,303,301
108.0,301,303
108.0,309,304
108.01,298,299
108.07,312,308
108.07,293,296
108.07,312,312
108.07,294,295
108.07,318,316
108.07,292,292
108.08,316,315
108.13,295,292
108.13,310,314
108.13,298,294
108.13,307,310
108.13,301,296
108.13,299,304
108.14,301,299
108.21,295,299
108.21,307,303
108.21,293,295
108.21,311,308
108.21,290,292
108.21,312,311
108.21,291,290
108.27,314,312
108.27,289,289
108.27,310,310
108.27,294,289
108.27,305,308
108.27,293,291
108.27,300,303
108.33,299,295
108.33,296,300
108.33,303,300
108.33,294,295
108.33,305,302
108.33,289,291
108.34,311,307
108.39,288,291
108.39,310,310
108.39,289,288
108.39,312,312
108.39,292,290
108.4,309,311
108.4,295,291
108.45,304,307
108.45,297,293
108.45,299,303
108.45,301,297
108.45,295,297
108.46,306,302
108.47,290,293
108.53,310,307
108.53,288,292
108.53,313,310
108.53,291,290
108.53,313,311
108.53,289,288
108.53,312,312
108.59,294,290
108.6,306,309
108.6,296,292
108.6,301,304
108.6,300,294
108.6,298,301
108.6,302,298
108.66,293,296
108.66,305,302
108.66,289,290
108.66,308,305
108.66,288,289
108.66,307,306
108.67,287,286
108.72,309,309
108.72,286,285
108.72,305,307
108.72,288,286
108.72,300,304
108.72,292,289
108.73,298,300
108.78,295,294
108.78,293,294
108.78,302,298
108.78,288,289
108.78,302,300
108.79,284,286
108.8,306,303
108.85,280,284
108.85,308,306
108.85,286,284
108.85,307,306
108.85,288,284
108.85,303,306
108.86,292,289
108.92,302,303
108.92,298,293
108.92,297,300
108.92,301,298
108.92,291,294
108.92,305,300
108.93,288,291
108.99,308,305
108.99,288,289
108.99,309,306
108.99,285,286
108.99,307,308
108.99,287,285
108.99,308,309
109.05,290,287
109.05,303,304
109.05,295,291
109.05,299,302
109.05,298,295
109.05,294,298
109.06,303,300
109.11,290,293
109.11,307,304
109.11,288,290
109.11,307,305
109.11,286,287
109.12,309,308
109.12,287,286
109.19,308,308
109.19,287,287
109.19,304,306
109.19,293,289
109.19,302,303
109.19,296,294
109.19,295,299
109.25,303,298
109.25,295,297
109.25,305,303
109.25,291,293
109.25,311,307
109.25,290,290
109.25,313,309
109.31,288,288
109.31,313,312
109.31,290,288
109.31,309,311
109.31,291,289
109.31,305,307
109.32,298,293
109.38,302,303
109.38,302,296
109.38,296,301
109.38,304,302
109.38,293,296
109.38,309,306
109.39,294,294
109.44,312,309
109.44,292,292
109.44,312,312
109.44,289,289
109.44,312,312
109.44,290,289
109.45,311,311
109.51,294,292
109.51,307,309
109.51,300,295
109.51,301,304
109.51,306,300
109.51,299,301
109.52,306,304
109.58,295,296
109.58,310,308
109.58,293,294
109.58,314,310
109.58,290,290
109.58,314,312
109.58,290,289
109.64,310,312
109.64,293,290
109.64,307,309
109.64,294,291
109.64,305,307
109.64,300,298
109.65,298,301
109.7,307,303
109.7,296,297
109.7,311,306
109.7,292,295
109.7,313,309
109.71,291,291
109.71,314,310
109.78,290,289
109.78,310,311
109.78,292,289
109.78,306,309
109.78,294,290
109.78,306,309
109.78,297,294
109.84,302,305
109.84,305,299
109.84,296,300
109.84,307,302
109.84,294,295
109.84,309,305
109.84,291,292
109.9,310,308
109.9,287,288
109.9,312,310
109.9,287,288
109.9,311,311
109.9,291,289
109.91,309,310
109.96,298,293
109.96,302,306
109.96,301,296
109.96,299,303
109.96,303,301
109.97,294,297
109.98,308,306
110.04,293,295
110.04,310,308
110.04,290,291
110.04,311,311
110.04,289,289
110.04,313,313
110.04,291,290
110.1,309,310
110.1,293,290
110.1,306,308
110.1,296,293
110.1,301,304
110.1,298,296
110.11,295,297
110.17,303,300
110.17,294,295
110.17,309,304
110.17,289,290
110.17,308,307
110.17,287,287
110.17,311,309
110.23,288,286
110.23,308,309
110.23,288,287
110.23,306,307
110.23,290,288
110.23,300,303
110.24,295,291
110.29,297,298
110.29,298,294
110.29,290,294
110.29,304,299
110.29,290,290
110.3,307,304
110.3,284,287
110.35,305,303
110.35,283,283
110.35,307,306
110.35,284,281
110.35,304,305
110.36,284,283
110.37,300,302
110.43,289,285
110.43,295,297
110.43,292,290
110.43,289,294
110.43,299,295
110.43,286,290
110.43,302,299
110.49,286,286
110.49,304,302
110.49,283,284
110.49,307,305
110.49,285,284
110.49,306,305
110.5,284,284
110.56,303,305
110.56,288,286
110.56,298,302
110.56,295,291
110.56,296,299
110.56,300,296
110.57,294,296
110.62,303,301
110.62,291,293
110.62,309,306
110.62,289,290
110.62,312,309
110.62,289,288
110.63,311,310
110.68,286,286
110.68,310,309
110.68,290,288
110.68,303,308
110.68,296,291
110.69,302,306
110.7,300,296
110.76,297,301
110.76,304,302
110.76,297,299
110.76,310,306
110.76,295,296
110.76,313,310
110.76,291,293
110.82,314,311
110.82,291,290
110.82,312,314
110.82,295,292
110.82,313,312
110.82,294,293
110.83,309,310
110.88,299,297
110.88,304,306
110.88,305,301
110.88,300,302
110.88,308,305
110.89,298,298
110.89,312,310
110.95,295,295
110.95,315,313
110.95,292,293
110.95,315,314
110.95,288,290
110.95,312,313
110.96,295,293
111.01,311,312
111.01,299,296
111.01,306,310
111.01,300,298
111.01,301,303
111.02,305,300
111.02,297,300
111.09,309,305
111.09,292,296
111.09,314,309
111.09,293,293
111.09,314,313
111.09,292,292
111.09,312,313
111.15,292,292
111.15,312,313
111.15,294,293
111.15,307,308
111.15,298,295
111.15,304,307
111.16,303,298
111.21,300,302
111.21,307,302
111.21,296,298
111.21,310,307
111.21,291,292
111.21,310,310
111.22,289,291
111.28,313,311
111.28,291,289
111.28,310,311
111.28,290,288
111.28,309,310
111.28,295,290
111.29,302,306
111.34,297,294
111.34,297,301
111.34,303,300
111.34,294,298
111.34,308,304
111.34,294,295
111.35,313,308
111.4,291,292
111.4,312,310
111.4,290,290
111.4,313,311
111.4,288,288
111.41,311,311
111.42,292,290
111.48,306,310
111.48,296,292
111.48,305,306
111.48,302,298
111.48,298,302
111.48,305,302
111.48,295,298
111.54,311,307
111.54,293,295
111.54,312,309
111.54,291,292
111.54,314,312
111.54,291,291
111.55,314,312
111.61,288,289
111.61,309,311
111.61,295,292
111.61,305,307
111.61,299,295
111.61,300,304
111.61,302,299
111.67,295,297
111.67,303,301
111.67,289,293
111.67,309,305
111.67,286,289
111.67,311,308
111.68,289,288
111.73,312,311
111.73,289,289
111.73,309,311
111.73,291,287
111.73,305,308
111.74,294,291
111.75,301,304
111.81,297,294
111.81,297,299
111.81,301,298
111.81,292,297
111.81,308,306
111.81,293,293
111.81,311,308
111.87,291,291
111.87,312,310
111.87,289,288
111.87,310,310
111.87,289,288
111.87,307,309
111.88,290,288
111.93,303,307
111.93,298,292
111.93,299,302
111.93,300,297
111.93,296,297
111.93,306,301
111.94,292,295
112.0,308,305
112.0,288,290
112.0,307,306
112.0,287,287
112.0,309,308
112.0,285,285
112.01,306,308
112.06,288,286
112.06,304,307
112.06,291,290
112.06,298,303
112.06,296,293
112.06,295,299
112.07,301,297
112.14,293,295
112.14,304,301
112.14,294,293
112.14,309,307
112.14,290,289
112.14,310,309
112.14,289,288
112.15,310,310
112.16,289,288
112.17,310,310
112.23,292,289
112.23,306,308
112.23,298,293
112.23,301,304
112.23,303,297
112.23,298,300
112.23,305,303
112.29,295,297
112.29,310,306
112.29,292,294
112.29,312,310
112.29,288,290
112.29,312,312
112.3,288,289
112.36,311,312
112.36,293,291
112.36,308,310
112.36,295,294
112.36,305,307
112.36,301,296
112.36,299,303
112.42,302,298
112.42,296,297
112.42,306,301
112.42,290,292
112.42,307,304
112.42,287,288
112.43,309,307
112.48,286,287
112.48,308,308
112.48,288,288
112.48,309,309
112.48,290,289
112.49,307,308
112.49,296,292
112.55,301,304
112.55,300,297
112.55,299,302
112.55,303,301
112.55,297,299
112.55,309,305
112.56,291,295
112.62,313,309
112.62,291,291
112.62,311,311
112.62,289,289
112.62,312,311
112.62,290,289
112.63,306,309
112.68,294,292
112.68,305,307
112.69,299,295
112.69,301,304
112.69,304,300
112.69,297,300
112.69,308,305
112.75,296,297
112.75,312,309
112.75,293,294
112.75,311,311
112.75,290,292
112.75,314,313
112.76,294,291
112.81,311,313
112.81,293,291
112.81,309,310
112.81,298,294
112.81,307,309
112.81,303,299
112.82,303,305
112.89,307,304
112.89,298,300
112.89,310,308
112.89,296,297
112.89,315,312
112.89,295,296
112.89,317,314
112.95,295,294
112.95,319,318
112.95,296,293
112.95,314,315
112.95,298,295
112.95,308,312
112.95,301,298
113.01,306,309
113.01,305,302
113.01,299,302
113.01,309,306
113.01,294,295
113.01,311,307
113.02,291,292
113.08,314,310
113.08,291,291
113.08,313,313
113.08,291,291
113.08,312,314
113.08,293,292
113.08,311,312
113.14,296,294
113.14,306,309
113.14,303,298
113.14,301,305
113.14,304,302
113.14,297,300
113.15,309,306
113.2,294,295
113.2,310,309
113.2,291,292
113.2,314,311
113.2,291,291
113.21,314,314
113.22,292,290
113.28,312,312
113.28,294,290
113.28,307,307
113.28,296,292
113.28,299,304
113.28,302,297
113.28,294,299
113.34,305,301
113.34,296,298
113.34,311,307
113.34,293,295
113.34,312,312
113.34,293,292
113.35,312,312
113.4,288,289
113.4,311,312
113.4,291,290
113.4,309,311
113.4,294,292
113.4,303,305
113.41,299,294
113.47,296,300
113.47,301,297
113.47,294,296
113.47,305,301
113.47,291,292
113.47,307,303
113.48,287,289
113.53,310,307
113.53,287,288
113.53,310,309
113.53,287,288
113.53,311,311
113.54,289,289
113.54,305,308
113.61,294,291
113.61,302,306
113.61,301,296
113.61,295,300
113.61,303,300
113.61,295,297
113.61,308,306
113.67,292,293
113.67,308,308
113.67,290,290
113.67,314,310
113.67,289,289
113.67,310,312
113.67,288,287
113.73,307,309
113.73,294,291
113.73,303,307
113.73,296,293
113.73,301,303
113.73,304,299
113.74,298,299
113.79,309,305
113.79,295,296
113.79,308,307
113.79,290,294
113.79,311,310
113.8,290,290
113.81,312,311
113.86,289,289
113.86,312,310
113.86,288,289
113.86,309,310
113.86,297,292
113.86,303,305
113.87,301,297
113.93,299,302
113.93,304,301
113.94,296,298
113.94,309,305
113.94,294,295
113.94,311,307
113.94,289,291
114.0,313,311
114.0,290,290
114.0,312,312
114.0,293,290
114.0,311,312
114.0,296,292
114.0,305,308
114.06,301,296
114.06,301,305
114.06,304,300
114.06,299,302
114.06,307,305
114.06,295,299
114.07,311,307
114.12,292,295
114.12,311,310
114.12,291,291
114.12,315,312
114.12,290,289
114.13,312,311
114.13,292,289
114.18,310,311
114.18,296,293
114.18,304,307
114.18,301,297
114.18,302,303
114.19,304,299
114.2,296,298
114.26,305,303
114.26,291,293
114.26,307,305
114.26,289,291
114.26,311,309
114.26,287,288
114.26,311,310
114.32,290,288
114.32,309,310
114.32,292,290
114.32,306,308
114.32,298,294
114.33,301,304
114.33,303,298
114.39,297,300
114.39,307,301
114.39,295,297
114.39,308,306
114.39,290,291
114.39,309,307
114.4,287,289
114.45,310,310
114.45,286,287
114.45,312,310
114.45,291,289
114.45,309,310
114.45,295,292
114.46,305,305
114.53,299,294
114.53,298,301
114.53,301,298
114.53,295,297
114.53,304,301
114.53,289,291
114.53,307,304
114.59,289,290
114.59,308,308
114.59,287,288
114.59,308,308
114.59,288,287
114.59,308,310
114.59,289,287
114.65,305,307
114.65,294,290
114.65,300,302
114.65,299,296
114.65,297,298
114.65,302,298
114.66,291,294
114.71,303,300
114.71,288,289
114.71,307,305
114.71,284,287
114.71,310,309
114.71,286,287
114.72,311,311
114.77,287,286
114.77,306,309
114.77,293,290
114.77,305,307
114.77,298,294
114.78,300,304
114.79,304,299
114.85,295,298
114.85,306,303
114.85,292,294
114.85,311,308
114.85,290,292
114.85,311,309
114.85,291,291
114.91,311,310
114.91,288,288
114.91,313,313
114.91,292,291
114.91,310,310
114.91,297,294
114.92,305,306
114.98,299,296
114.98,300,303
114.98,304,302
114.98,297,298
114.98,308,304
114.98,291,295
114.99,311,309
115.04,289,289
115.04,312,310
115.04,288,289
115.04,310,311
115.04,290,289
115.04,308,309
115.05,293,290
115.1,304,306
115.1,297,293
115.1,299,302
115.1,299,296
115.1,294,298
115.11,304,300
115.12,294,295
115.18,308,306
115.18,290,291
115.18,312,310
115.18,289,291
115.18,311,311
115.18,291,290
115.18,313,314
115.24,293,291
115.24,311,312
115.24,299,295
115.24,307,309
115.24,306,300
115.24,298,303
115.25,306,302
115.3,299,301
115.3,310,305
115.3,294,295
115.3,310,309
115.3,290,292
115.3,315,312
115.31,293,291
115.37,316,314
115.37,293,291
115.37,314,316
115.37,297,295
115.37,309,312
115.37,302,298
115.38,305,309
115.44,307,302
115.44,302,303
115.44,308,306
115.44,296,299
115.44,311,310
115.44,296,297
115.44,314,312
115.51,295,295
115.51,315,314
115.51,294,291
115.51,314,313
115.51,291,289
115.51,309,310
115.51,294,292
115.57,305,306
115.57,301,297
115.57,300,302
115.57,304,299
115.57,296,298
115.57,307,302
115.58,292,293
115.63,309,307
115.63,288,291
115.63,310,311
115.63,289,290
115.63,310,312
115.63,291,290
115.64,311,312
115.69,297,293
115.69,308,312
115.69,298,297
115.69,309,311
115.69,309,304
115.7,301,305
115.71,312,310
115.77,302,304
115.77,318,314
115.77,302,302
115.77,320,317
115.77,296,299
115.77,321,320
115.77,298,296
115.83,319,318
115.83,299,298
115.83,314,316
115.83,302,300
115.83,315,315
115.83,308,303
115.84,308,311
115.89,314,308
115.89,304,308
115.89,315,312
115.89,301,302
115.89,317,316
115.89,299,299
115.9,319,316
115.96,297,297
115.96,319,317
115.96,296,294
115.96,315,316
115.96,297,296
115.96,312,314
115.97,302,297
116.02,307,311
116.02,304,301
116.02,303,305
116.02,309,305
116.02,296,301
116.03,315,311
116.03,298,299
116.1,316,313
116.1,296,296
116.1,318,316
116.1,296,296
116.1,316,318
116.1,295,293
116.1,315,315
116.16,301,298
116.16,309,312
116.16,303,299
116.16,305,308
116.16,307,304
116.16,303,305
116.16,308,307
116.22,297,299
116.22,314,309
116.22,296,297
116.22,315,313
116.22,293,293
116.22,315,315
116.23,291,291
116.28,312,314
116.28,297,293
116.28,311,312
116.28,298,295
116.28,305,306
116.29,300,297
116.3,298,302
116.36,305,300
116.36,294,297
116.36,304,303
116.36,289,291
116.36,308,305
116.36,285,287
116.36,309,307
116.42,285,284
116.42,307,306
116.42,284,284
116.42,305,305
116.42,289,284
116.42,298,301
116.43,289,287
116.48,293,296
116.48,294,290
116.48,287,290
116.48,298,294
116.48,286,287
116.48,301,298
116.49,283,283
116.55,302,301
116.55,278,279
116.55,301,302
116.55,281,280
116.55,301,303
116.55,285,280
116.56,299,301
116.61,288,284
116.61,296,298
116.61,291,287
116.61,289,292
116.61,293,290
116.62,286,289
116.62,299,295
116.69,282,285
116.69,301,299
116.69,281,283
116.69,305,302
116.69,281,280
116.69,301,302
116.69,280,279
116.75,302,304
116.75,286,283
116.75,300,302
116.75,292,288
116.75,295,298
116.75,296,291
116.75,290,293
116.81,299,295
116.81,286,289
116.81,303,298
116.81,287,288
116.81,307,306
116.81,287,288
116.82,311,308
116.87,289,287
116.87,311,310
116.87,288,289
116.87,308,311
116.87,297,295
116.88,305,308
116.89,302,298
116.94,303,306
116.94,305,302
116.94,299,303
116.94,312,308
116.94,299,299
116.94,314,311
116.95,294,296
117.01,318,315
117.01,296,296
117.01,318,316
117.01,296,294
117.01,315,317
117.01,299,296
117.02,313,315
117.07,302,299
117.07,310,312
117.07,308,306
117.07,305,308
117.07,315,310
117.07,301,304
117.08,314,312
117.14,299,299
117.14,316,313
117.14,292,294
117.14,318,316
117.14,293,294
117.14,319,318
117.15,295,293
117.2,311,315
117.2,301,298
117.2,310,312
117.2,306,300
117.2,307,309
117.21,309,306
117.21,304,305
117.28,312,310
117.28,300,302
117.28,316,312
117.28,293,296
117.28,316,314
117.28,291,292
117.28,315,313
117.34,292,292
117.34,312,312
117.34,292,290
117.34,308,310
117.34,298,293
117.34,301,304
117.34,301,296
117.4,295,299
117.4,302,300
117.4,294,297
117.4,307,305
117.4,293,293
117.4,311,308
117.41,288,290
117.46,311,309
117.46,291,290
117.46,312,312
117.46,289,288
117.46,309,309
117.47,292,291
117.48,303,306
117.53,296,293
117.53,301,305
117.53,304,299
117.53,299,301
117.53,308,303
117.53,294,296
117.54,311,308
117.6,292,293
117.6,312,311
117.6,293,292
117.6,314,314
117.6,293,292
117.6,315,315
117.61,296,295
117.67,313,314
117.67,301,298
117.67,310,311
117.67,303,300
117.67,303,307
117.67,310,305
117.67,301,303
117.73,315,310
117.73,296,298
117.73,315,313
117.73,297,297
117.73,318,316
117.73,295,293
117.74,316,317
117.79,298,296
117.79,314,315
117.79,297,296
117.79,311,313
117.79,301,298
117.79,304,308
117.8,305,302
117.85,303,304
117.85,312,307
117.85,297,300
117.85,317,312
117.85,295,297
117.86,315,314
117.87,293,294
117.93,316,314
117.93,292,292
117.93,313,314
117.93,296,293
117.93,310,312
117.93,296,294
117.93,305,308
117.99,299,296
117.99,298,301
117.99,301,299
117.99,295,297
117.99,305,303
117.99,291,292
118.0,309,306
118.06,290,290
118.06,311,309
118.06,287,288
118.06,312,311
118.06,288,286
118.06,308,309
118.07,293,290
118.12,304,308
118.12,297,294
118.12,303,306
118.12,304,299
118.12,294,300
118.12,305,302
118.13,293,295
118.2,308,308
118.2,293,294
118.2,312,310
118.2,289,292
118.2,314,314
118.2,292,291
118.2,311,313
118.26,294,292
118.26,311,312
118.26,296,294
118.26,309,311
118.26,304,300
118.26,305,308
118.26,309,305
118.32,299,302
118.32,311,309
118.32,296,299
118.32,315,311
118.32,295,297
118.32,317,316
118.33,295,295
118.38,318,318
118.38,295,295
118.38,314,316
118.38,299,296
118.38,311,314
118.38,300,299
118.39,309,311
118.45,308,304
118.45,304,306
118.45,309,307
118.45,300,302
118.45,313,310
118.45,294,297
118.46,317,314
118.52,293,294
118.52,317,315
118.52,294,294
118.52,314,314
118.52,297,294
118.52,313,314
118.52,299,294
118.58,306,309
118.58,301,297
118.58,302,303
118.58,303,300
118.59,294,298
118.59,305,303
118.59,291,294
118.65,311,308
118.65,291,292
118.65,312,310
118.65,289,290
118.65,312,313
118.65,293,291
118.66,314,313
118.71,294,294
118.71,309,311
118.71,299,295
118.71,305,308
118.71,304,300
118.71,302,305
118.72,306,304
118.77,297,301
118.77,310,308
118.77,296,297
118.77,314,311
118.77,294,293
118.78,314,313
118.79,289,290
118.85,309,309
118.85,284,283
118.85,302,302
118.85,284,281
118.85,292,295
118.85,285,281
118.85,284,288
118.91,288,283
118.91,278,281
118.91,287,284
118.91,273,275
118.91,289,286
118.91,269,269
118.92,290,287
118.97,264,266
118.97,291,288
118.97,267,266
118.98,287,288
118.98,272,269
118.98,287,289
118.98,273,270
119.04,278,283
119.04,277,273
119.04,275,278
119.04,282,278
119.04,273,274
119.04,285,281
119.05,270,271
119.1,288,286
119.1,267,268
119.1,291,289
119.1,269,267
119.1,291,291
119.11,271,268
119.11,290,291
119.18,275,272
119.18,288,292
119.18,282,279
119.18,288,289
119.18,290,284
119.18,285,286
119.18,292,290
119.24,282,284
119.24,298,294
119.24,279,280
119.24,302,299
119.24,278,280
119.24,305,303
119.24,282,280
119.3,303,304
119.3,284,282
119.3,301,304
119.3,289,286
119.3,299,303
119.3,297,292
119.31,297,300
119.36,303,299
119.36,292,296
119.36,309,305
119.36,296,297
119.36,312,310
119.37,291,292
119.38,316,314
119.43,290,290
119.43,314,315
119.43,294,292
119.43,313,313
119.43,295,294
119.43,311,312
119.44,302,299
119.5,307,310
119.5,303,301
119.5,304,306
119.5,311,307
119.5,300,301
119.5,317,313
119.51,297,298
119.57,319,315
119.57,297,296
119.57,319,318
119.57,296,296
119.57,320,320
119.57,301,298
119.57,319,321
119.63,304,302
119.63,315,317
119.63,312,307
119.63,312,314
119.63,316,313
119.63,308,311
119.64,319,317
119.65,305,308
119.66,322,320
119.67,303,304
119.72,324,323
119.72,301,303
119.72,324,324
119.72,302,299
119.72,322,322
119.72,305,303
119.73,319,321
119.78,308,304
119.78,314,316
119.79,312,307
119.79,309,311
119.79,313,311
119.79,304,307
119.8,321,316
119.86,302,305
119.86,323,320
119.86,302,302
119.86,323,322
119.86,301,300
119.86,321,321
119.86,299,297
119.92,319,320
119.92,304,299
119.92,315,317
119.92,306,303
119.92,311,314
119.92,315,310
119.93,307,310
119.99,316,312
119.99,302,304
119.99,320,318
119.99,301,303
119.99,324,322
119.99,300,300
119.99,320,320
120.05,298,298
120.05,319,319
120.05,301,299
120.05,316,319
120.05,304,301
120.05,310,315
120.06,309,305
120.11,304,308
120.11,310,307
120.11,301,304
120.11,317,314
120.11,299,301
120.12,317,315
120.13,295,297
120.19,318,318
120.19,295,295
120.19,314,317
120.19,297,294
120.19,315,315
120.19,296,295
120.19,307,312
120.25,302,298
120.25,304,306
120.25,302,301
120.25,299,301
120.25,307,303
120.25,294,295
120.26,311,307
120.31,289,291
120.31,309,308
120.31,287,288
120.31,312,309
120.31,287,286
120.31,308,310
120.32,290,288
120.38,307,308
120.38,293,290
120.38,301,303
120.38,299,294
120.38,297,301
120.38,302,299
120.39,293,296
120.44,307,304
120.44,291,294
120.44,309,306
120.44,290,290
120.44,314,311
120.44,289,288
120.45,308,309
120.51,289,287
120.51,307,309
120.51,290,286
120.52,300,303
120.52,294,288
120.52,294,296
120.52,294,290
120.58,287,290
120.58,298,292
120.58,284,285
120.58,299,296
120.58,280,281
120.58,301,299
120.58,279,280
120.64,303,301
120.64,280,278
120.64,301,301
120.64,282,281
120.64,298,300
120.64,286,283
120.65,297,298
120.7,290,288
120.7,293,295
120.7,297,292
120.7,289,290
120.7,300,297
120.71,284,288
120.72,303,300
120.78,282,284
120.78,306,303
120.78,282,281
120.78,304,304
120.78,281,281
120.78,302,304
120.78,285,283
120.84,299,302
120.84,290,285
120.84,294,298
120.84,294,291
120.84,291,293
120.84,296,292
120.85,287,289
120.91,300,298
120.91,282,284
120.91,303,301
120.91,284,285
120.91,307,305
120.91,283,283
120.91,305,305
120.97,287,284
120.97,302,304
120.97,289,287
120.97,301,302
120.97,294,290
120.97,295,298
120.98,299,295
121.03,291,294
121.03,304,300
121.03,289,291
121.03,310,307
121.03,291,293
121.03,313,313
121.04,295,294
121.09,319,317
121.09,296,295
121.09,319,318
121.09,299,298
121.09,314,318
121.1,305,302
121.11,312,314
121.17,312,307
121.17,310,312
121.17,315,313
121.17,307,307
121.17,320,317
121.17,302,305
121.17,322,320
121.23,302,303
121.23,328,325
121.23,301,302
121.23,325,325
121.24,303,302
121.24,320,322
121.24,304,302
121.3,314,318
121.3,309,305
121.3,312,316
121.3,314,309
121.3,308,310
121.3,320,315
121.31,303,304
121.36,322,318
121.36,300,302
121.36,321,320
121.36,299,299
121.36,321,322
121.36,299,298
121.37,321,321
121.42,301,298
121.42,316,319
121.42,303,301
121.42,315,316
121.42,309,305
121.43,307,310
121.44,315,310
121.5,303,306
121.5,314,313
121.5,298,300
121.5,319,315
121.5,295,296
121.5,319,317
121.5,296,295
121.56,317,317
121.56,296,293
121.56,314,316
121.56,300,296
121.56,309,312
121.56,303,298
121.57,305,307
121.62,305,303
121.62,302,303
121.62,310,307
121.62,297,299
121.62,315,312
121.62,295,297
121.63,316,315
121.69,294,295
121.69,317,317
121.69,294,294
121.69,318,317
121.69,297,295
121.69,312,315
121.7,303,298
121.75,306,309
121.75,303,299
121.75,303,305
121.75,307,303
121.75,299,301
121.76,311,307
121.76,292,296
121.83,314,310
121.83,291,293
121.83,313,313
121.83,292,291
121.83,315,314
121.83,292,291
121.83,311,311
121.89,293,290
121.89,306,308
121.89,296,293
121.89,299,302
121.89,301,296
121.89,293,297
121.89,304,300
121.95,289,292
121.95,307,303
121.95,286,287
121.95,305,304
121.95,284,286
121.95,309,308
121.96,288,286
122.01,309,308
122.01,286,285
122.01,304,306
122.01,291,287
122.01,299,302
122.02,293,292
122.03,294,298
122.09,298,295
122.09,290,293
122.09,302,300
122.09,287,290
122.09,304,302
122.09,284,287
122.09,306,305
122.15,283,284
122.15,307,305
122.15,284,284
122.15,305,305
122.15,285,282
122.15,302,302
122.16,289,287
122.22,294,299
122.22,297,292
122.22,290,295
122.22,301,297
122.22,289,292
122.22,302,300
122.22,287,288
122.28,306,303
122.28,286,285
122.28,310,308
122.28,282,282
122.28,306,307
122.28,287,285
122.29,303,305
122.34,288,286
122.34,299,303
122.34,293,289
122.34,294,298
122.34,299,295
122.35,294,295
122.35,304,299
122.41,288,290
122.41,306,305
122.41,289,290
122.41,311,309
122.41,286,287
122.41,312,310
122.42,289,287
122.48,309,311
122.48,293,289
122.48,307,308
122.49,296,293
122.49,302,303
122.49,302,298
122.49,297,301
122.55,307,304
122.55,298,299
122.55,312,307
122.55,294,295
122.55,313,309
122.55,290,292
122.55,315,314
122.61,291,290
122.61,312,314
122.61,294,292
122.61,312,314
122.61,298,294
122.61,306,310
122.62,300,297
122.67,301,304
122.67,303,300
122.67,297,299
122.67,308,303
122.67,292,295
122.67,310,305
122.68,287,290
122.74,310,309
122.74,289,290
122.74,310,309
122.74,287,287
122.74,308,309
122.74,288,286
122.75,302,306
122.8,294,289
122.8,300,303
122.8,295,293
122.8,295,297
122.8,296,294
122.8,288,289
122.81,298,295
122.88,281,283
122.88,302,297
122.88,277,277
122.88,299,297
122.88,275,276
122.88,298,297
122.88,275,274
122.94,294,295
122.94,280,276
122.94,290,294
122.94,283,279
122.94,284,287
122.94,287,284
122.94,283,285
123.0,293,288
123.0,278,279
123.0,295,291
123.0,272,276
123.0,296,292
123.0,272,272
123.01,294,294
123.07,273,271
123.07,294,294
123.07,275,271
123.07,290,292
123.07,276,274
123.07,287,291
123.07,283,279
123.13,280,285
123.13,288,285
123.13,280,282
123.13,294,290
123.13,278,278
123.13,297,294
123.14,277,277
123.19,300,296
123.19,276,277
123.19,302,302
123.19,280,279
123.19,301,302
123.2,287,284
123.21,299,302
123.27,293,289
123.27,297,300
123.27,300,297
123.27,297,301
123.27,307,304
123.27,298,299
123.27,313,311
123.33,295,296
123.33,317,316
123.33,296,297
123.33,319,318
123.33,297,298
123.33,318,320
123.34,300,298
123.39,317,318
123.39,304,299
123.39,312,316
123.39,307,304
123.39,309,311
123.4,311,306
123.4,303,304
123.46,311,309
123.46,297,300
123.46,318,314
123.46,297,298
123.46,321,318
123.46,296,296
123.47,321,320
123.52,299,298
123.52,321,321
123.52,302,301
123.52,318,320
123.52,308,303
123.52,315,317
123.53,313,310
123.6,311,313
123.6,318,313
123.6,307,309
123.6,321,319
123.6,305,304
123.6,322,321
123.6,304,303
123.66,325,325
123.66,302,303
123.66,326,326
123.66,306,304
123.66,322,324
123.66,307,304
123.66,317,320
123.72,312,309
123.72,315,317
123.72,318,313
123.72,311,312
123.72,318,316
123.72,304,307
123.73,321,318
123.79,301,303
123.79,323,320
123.79,299,299
123.79,322,321
123.79,300,298
123.79,317,319
123.8,300,297
123.85,313,316
123.85,302,299
123.85,307,311
123.85,308,303
123.85,304,305
123.85,308,305
123.86,299,302
123.93,312,310
123.93,296,298
123.93,316,313
123.93,292,294
123.93,318,315
123.93,292,293
123.93,316,318
123.99,297,294
123.99,313,315
123.99,298,294
123.99,309,310
123.99,300,297
123.99,304,305
123.99,303,300
124.05,297,299
124.05,306,305
124.05,294,297
124.05,310,307
124.05,292,292
124.05,310,309
124.06,289,289
124.11,314,312
124.11,291,290
124.11,311,312
124.11,292,291
124.11,309,309
124.11,298,294
124.12,306,308
124.19,302,299
124.19,302,305
124.19,309,304
124.19,300,303
124.19,310,307
124.19,295,299
124.19,316,313
124.25,293,295
124.25,316,313
124.25,295,293
124.25,317,316
124.25,292,292
124.25,312,314
124.25,296,294
124.31,311,312
124.31,303,299
124.31,306,307
124.31,307,302
124.31,301,304
124.31,311,306
124.32,299,300
124.38,312,310
124.38,296,297
124.38,313,312
124.38,293,292
124.38,316,314
124.38,293,292
124.39,312,313
124.44,292,291
124.44,311,311
124.44,294,292
124.44,304,305
124.44,299,295
124.44,298,301
124.45,304,299
124.5,294,298
124.5,306,304
124.5,292,294
124.5,309,307
124.5,288,291
124.51,310,310
124.52,290,288
124.58,311,310
124.58,291,289
124.58,312,312
124.58,293,291
124.58,308,311
124.58,300,297
124.58,304,307
124.64,305,301
124.64,300,304
124.64,310,307
124.64,299,300
124.64,313,310
124.64,296,297
124.65,315,313
124.7,293,294
124.7,316,316
124.7,294,293
124.71,316,317
124.71,297,295
124.71,317,317
124.71,302,297
124.77,311,312
124.77,303,301
124.77,305,308
124.77,307,303
124.77,299,301
124.77,310,306
124.78,294,298
124.83,314,310
124.83,292,294
124.83,313,313
124.83,291,291
124.83,313,314
124.84,293,292
124.84,314,314
124.91,295,291
124.91,308,310
124.91,297,294
124.91,303,306
124.91,301,298
124.91,299,302
124.91,305,301
124.97,296,298
124.97,308,305
124.97,291,294
124.97,312,309
124.97,291,291
124.97,312,312
124.98,290,290
125.03,315,314
125.03,290,290
125.03,311,311
125.03,296,293
125.03,305,309
125.03,302,297
125.04,304,306
125.1,306,302
125.1,301,303
125.1,308,305
125.1,297,299
125.1,313,309
125.1,295,295
125.11,317,314
125.16,292,293
125.16,316,314
125.16,294,292
125.16,315,316
125.16,297,294
125.16,311,314
125.17,301,298
125.24,312,313
125.24,304,302
125.24,304,308
125.24,311,307
125.24,302,304
125.24,316,312
125.24,300,301
125.3,316,315
125.3,296,297
125.3,319,317
125.3,296,296
125.3,319,318
125.3,296,296
125.3,314,316
125.36,300,296
125.36,310,313
125.36,300,298
125.36,307,310
125.36,307,303
125.36,303,305
125.37,312,307
125.42,299,300
125.42,313,311
125.42,295,296
125.42,317,313
125.42,293,295
125.43,316,317
125.43,293,293
125.5,316,317
125.5,297,294
125.5,312,314
125.5,300,297
125.5,307,311
125.5,300,298
125.5,303,307
125.56,305,303
125.56,298,302
125.56,310,309
125.56,297,298
125.56,312,310
125.56,293,294
125.56,314,312
125.62,293,292
125.62,313,314
125.62,292,291
125.62,314,314
125.62,295,292
125.62,307,310
125.63,297,293
125.69,300,303
125.69,299,296
125.69,294,299
125.69,304,298
125.69,291,292
125.69,303,302
125.7,289,290
125.75,307,304
125.75,285,286
125.75,306,304
125.75,281,282
125.75,304,304
125.75,282,281
125.76,300,302
125.81,288,284
125.81,297,299
125.81,293,288
125.81,292,296
125.81,297,292
125.82,289,292
125.83,298,296
125.89,284,288
125.89,301,299
125.89,281,284
125.89,304,301
125.89,279,281
125.89,307,304
125.89,283,281
125.95,302,304
125.95,284,282
125.95,298,301
125.95,290,286
125.95,296,297
125.95,291,288
125.96,292,292
126.01,296,291
126.01,286,289
126.02,301,298
126.02,283,285
126.02,303,300
126.02,281,283
126.02,304,304
126.08,283,282
126.08,306,304
126.08,284,282
126.08,300,303
126.08,286,283
126.08,298,301
126.09,293,288
126.14,293,297
126.14,298,294
126.14,293,296
126.14,305,301
126.14,289,291
126.15,307,304
126.15,285,288
126.22,311,308
126.22,288,288
126.22,312,309
126.22,287,286
126.22,311,311
126.22,290,288
126.22,306,307
126.28,295,291
126.28,302,305
126.28,299,296
126.28,299,302
126.28,304,299
126.28,295,297
126.29,307,304
126.34,289,293
126.34,308,306
126.34,289,290
126.34,313,310
126.35,287,287
126.35,312,311
126.35,292,288
126.41,311,312
126.41,294,291
126.41,307,309
126.41,299,293
126.41,300,304
126.41,300,297
126.42,298,301
126.47,305,301
126.47,292,295
126.47,311,307
126.47,293,293
126.47,313,310
126.47,289,291
126.48,312,312
126.53,291,290
126.53,312,314
126.53,294,293
126.53,311,314
126.53,299,296
126.54,309,310
126.55,304,299
126.61,304,306
126.61,309,306
126.61,302,304
126.61,311,310
126.61,300,302
126.61,320,316
126.61,301,301
126.68,323,320
126.68,299,298
126.68,323,322
126.68,301,299
126.68,323,322
126.68,306,301
126.68,316,319
126.74,307,305
126.74,312,316
126.74,313,308
126.74,308,312
126.74,316,313
126.74,304,308
126.74,319,317
126.8,301,302
126.8,321,317
126.8,300,300
126.8,323,320
126.8,298,298
126.8,320,320
126.81,301,298
126.86,318,320
126.86,300,299
126.86,313,315
126.86,306,303
126.86,306,310
126.87,311,307
126.88,301,305
126.94,312,308
126.94,298,298
126.94,314,310
126.94,292,295
126.94,314,312
126.94,291,290
126.94,312,312
127.0,291,289
127.0,310,310
127.0,291,288
127.0,304,306
127.0,291,288
127.0,295,300
127.01,291,288
127.06,291,293
127.06,292,289
127.06,281,282
127.06,294,290
127.06,274,277
127.07,292,289
127.07,265,268
127.13,285,286
127.13,262,263
127.13,283,282
127.13,260,259
127.13,279,279
127.13,262,259
127.14,273,275
127.2,265,262
127.2,269,273
127.2,272,267
127.2,265,269
127.2,277,273
127.2,262,267
127.21,282,277
127.22,260,263
127.22,285,281
127.23,262,262
127.3,285,284
127.3,262,262
127.3,282,284
127.3,262,260
127.3,279,282
127.3,267,263
127.3,274,277
127.36,272,267
127.36,274,274
127.36,274,272
127.36,267,271
127.36,281,278
127.36,267,268
127.36,284,283
127.42,265,267
127.42,291,288
127.42,267,267
127.42,291,290
127.42,269,268
127.42,289,290
127.43,272,268
127.49,286,288
127.49,276,273
127.49,285,287
127.49,283,278
127.49,278,282
127.49,286,283
127.49,277,278
127.55,291,288
127.55,274,275
127.55,295,291
127.55,272,273
127.55,295,296
127.55,275,273
127.56,298,296
127.61,277,274
127.61,294,295
127.61,278,276
127.61,289,292
127.61,284,279
127.62,285,289
127.62,289,285
127.69,283,285
127.69,295,291
127.69,281,283
127.69,297,296
127.69,278,280
127.69,301,297
127.69,278,279
127.75,304,302
127.75,279,278
127.75,303,303
127.75,282,280
127.75,296,299
127.75,287,282
127.76,295,297
127.81,293,288
127.81,291,294
127.81,297,294
127.81,288,290
127.81,303,299
127.81,286,287
127.82,309,305
127.87,287,287
127.87,308,309
127.87,288,288
127.88,313,312
127.88,289,290
127.88,313,313
127.89,297,295
127.95,314,315
127.95,304,299
127.95,305,309
127.95,308,304
127.95,304,306
127.95,312,310
127.95,300,303
128.01,314,313
128.01,297,299
128.01,314,315
128.01,293,294
128.01,317,317
128.01,295,295
128.02,316,317
128.08,299,296
128.08,314,317
128.08,304,300
128.08,312,313
128.08,306,303
128.08,304,309
128.08,312,308
128.14,301,304
128.14,314,310
128.14,295,299
128.14,313,313
128.14,295,295
128.14,316,315
128.15,295,294
128.2,318,317
128.2,295,295
128.2,315,317
128.2,299,297
128.2,310,313
128.21,301,299
128.21,308,312
128.28,308,304
128.28,304,308
128.28,312,309
128.28,302,304
128.28,316,314
128.28,298,301
128.28,321,318
128.34,298,298
128.34,320,320
128.34,298,297
128.34,320,321
128.34,301,299
128.34,320,321
128.35,305,303
128.4,316,319
128.4,309,306
128.4,311,313
128.4,315,310
128.4,310,311
128.4,317,314
128.41,303,306
128.47,323,320
128.47,304,305
128.47,324,322
128.47,303,302
128.47,325,325
128.47,304,302
128.48,326,325
128.53,304,302
128.53,321,323
128.53,310,307
128.53,317,319
128.53,312,310
128.53,311,314
128.54,317,313
128.61,307,310
128.61,321,318
128.61,302,304
128.61,323,320
128.61,302,302
128.61,325,324
128.61,301,301
128.67,323,324
128.67,304,302
128.67,322,322
128.67,306,305
128.67,318,321
128.67,312,309
128.67,314,318
128.73,316,313
128.73,310,313
128.73,322,319
128.73,308,312
128.73,327,323
128.73,307,309
128.74,329,326
128.79,303,306
128.79,328,329
128.79,306,305
128.79,328,328
128.79,306,304
128.8,320,323
128.8,310,306
128.86,318,321
128.86,315,310
128.86,312,316
128.86,317,314
128.86,309,311
128.86,318,316
128.87,305,306
128.93,323,319
128.93,301,304
128.93,325,323
128.93,303,302
128.93,325,324
128.93,303,303
128.94,321,324
129.0,306,302
129.0,320,322
129.0,309,307
129.0,315,318
129.0,313,309
129.0,310,314
129.0,318,316
129.06,308,309
129.06,321,319
129.06,304,305
129.06,326,323
129.06,304,305
129.06,327,326
129.07,304,302
129.12,326,328
129.12,306,305
129.12,326,326
129.12,308,306
129.12,320,322
129.12,315,310
129.13,314,315
129.18,317,312
129.18,308,311
129.18,318,316
129.19,306,308
129.19,325,321
129.19,302,304
129.2,324,323
129.25,302,303
129.25,325,324
129.25,305,303
129.25,324,324
129.25,304,303
129.26,320,323
129.26,309,307
129.32,319,321
129.32,314,312
129.32,313,316
129.32,321,317
129.32,309,312
129.32,322,320
129.33,306,309
129.39,326,324
129.39,306,307
129.39,326,325
129.39,305,306
129.39,325,325
129.39,304,305
129.39,325,326
129.45,308,305
129.45,320,323
129.45,311,309
129.45,315,318
129.45,316,312
129.45,311,313
129.46,320,316
129.51,304,306
129.51,323,319
129.51,304,304
129.51,323,320
129.51,301,300
129.52,323,322
129.53,298,298
129.59,320,319
129.59,301,299
129.59,317,319
129.59,307,302
129.59,312,316
129.59,311,305
129.59,310,311
129.65,313,309
129.65,303,306
129.65,314,311
129.65,296,300
129.65,317,314
129.65,295,296
129.66,318,316
129.71,294,294
129.71,318,316
129.71,293,292
129.71,315,315
129.71,297,293
129.71,308,311
129.72,301,296
129.78,303,307
129.78,306,302
129.78,300,304
129.78,310,306
129.78,298,300
129.78,308,309
129.79,294,297
129.84,315,312
129.84,292,294
129.84,316,316
129.84,295,293
129.84,315,317
129.84,296,296
129.85,313,317
129.92,300,298
129.92,309,312
129.92,307,302
129.92,305,309
129.92,311,306
129.92,304,306
129.92,315,311
129.98,302,302
129.98,318,315
129.98,297,299
129.98,320,318
129.98,299,299
129.98,320,320
129.98,300,296
130.04,317,319
130.04,302,298
130.04,316,317
130.04,303,301
130.04,311,313
130.04,310,305
130.05,308,310
130.1,315,310
130.1,303,306
130.1,318,315
130.1,300,302
130.1,318,318
130.11,295,298
130.12,321,319
130.17,296,296
130.17,319,320
130.17,301,297
130.17,316,319
130.17,302,299
130.17,312,314
130.18,305,302
130.24,309,312
130.24,310,307
130.24,305,308
130.24,316,311
130.24,302,304
130.24,316,314
130.25,299,300
130.31,320,318
130.31,296,298
130.31,321,320
130.31,298,298
130.31,321,321
130.31,301,299
130.31,319,319
130.37,307,302
130.37,315,316
130.37,311,305
130.37,307,311
130.37,311,308
130.37,304,306
130.38,319,314
130.43,302,304
130.43,320,317
130.43,299,300
130.43,320,319
130.43,298,296
130.43,316,317
130.44,296,294
130.49,313,316
130.49,297,295
130.49,311,312
130.49,301,296
130.49,303,304
130.5,303,299
130.51,297,301
130.57,307,302
130.57,292,295
130.57,308,305
130.57,289,291
130.57,310,308
130.57,288,288
130.57,308,309
130.63,287,286
130.63,307,308
130.63,288,287
130.63,305,306
130.63,292,289
130.63,301,303
130.64,296,293
130.7,296,299
130.7,301,298
130.7,292,297
130.7,305,303
130.7,292,294
130.7,310,308
130.7,289,291
130.76,312,310
130.76,287,287
130.76,312,311
130.76,288,286
130.76,308,310
130.76,292,290
130.77,307,308
130.82,294,293
130.82,302,304
130.82,303,297
130.82,299,302
130.82,305,302
130.83,295,296
130.84,310,308
130.9,292,294
130.9,312,309
130.9,289,289
130.9,312,311
130.9,288,287
130.9,309,311
130.9,290,288
130.96,310,310
130.96,292,291
130.96,304,308
130.96,300,296
130.96,303,305
130.96,305,301
130.97,298,300
131.02,308,305
131.02,295,296
131.02,311,308
131.02,292,294
131.02,314,311
131.02,290,291
131.03,314,313
131.09,294,292
131.09,314,315
131.09,295,293
131.09,313,314
131.09,300,297
131.09,309,312
131.1,305,302
131.15,303,308
131.15,312,308
131.15,302,303
131.15,317,311
131.15,300,301
131.16,317,316
131.16,299,300
131.23,323,321
131.23,299,298
131.23,323,322
131.23,300,299
131.23,320,320
131.23,303,301
131.23,316,317
131.29,305,302
131.29,308,312
131.29,309,306
131.29,302,306
131.29,312,308
131.29,299,301
131.29,312,311
131.35,296,298
131.35,316,314
131.35,293,294
131.35,315,314
131.35,294,292
131.35,313,314
131.36,295,292
131.42,309,311
131.42,299,295
131.42,306,310
131.42,302,298
131.42,303,306
131.42,309,304
131.43,302,303
131.48,311,309
131.48,295,297
131.48,315,311
131.48,295,296
131.48,316,314
131.48,293,294
131.49,319,317
131.56,298,297
131.56,316,316
131.56,299,297
131.56,313,316
131.56,304,302
131.56,311,313
131.56,308,306
131.62,307,311
131.62,311,310
131.62,303,306
131.62,318,316
131.62,303,305
131.62,322,320
131.62,301,301
131.68,324,322
131.68,301,301
131.68,320,322
131.68,302,301
131.68,321,323
131.68,307,304
131.69,318,322
131.74,312,310
131.74,314,318
131.74,319,314
131.74,312,314
131.74,321,319
131.75,307,308
131.75,324,323
131.81,305,305
131.81,326,325
131.81,304,303
131.81,327,326
131.81,303,303
131.81,325,325
131.82,307,303
131.88,319,320
131.88,307,304
131.88,316,317
131.88,311,307
131.88,309,311
131.88,314,312
131.88,307,308
131.95,319,315
131.95,301,304
131.95,320,318
131.95,296,299
131.95,321,319
131.95,299,297
131.95,321,321
132.01,301,299
132.01,317,319
132.01,303,299
132.01,315,318
132.01,307,303
132.01,309,312
132.02,313,307
132.07,307,310
132.07,315,312
132.07,303,305
132.07,318,316
132.07,298,302
132.07,322,319
132.08,301,300
132.14,321,321
132.14,300,298
132.14,319,319
132.14,301,298
132.14,316,318
132.14,301,298
132.15,310,314
132.2,306,302
132.2,305,308
132.2,308,306
132.2,303,304
132.2,311,310
132.2,297,299
132.21,314,311
132.28,295,295
132.28,315,313
132.28,292,293
132.28,314,314
132.28,291,292
132.28,313,314
132.28,295,293
132.34,310,312
132.34,300,298
132.34,304,308
132.34,305,301
132.34,301,304
132.34,308,304
132.34,299,301
132.4,313,310
132.4,295,298
132.4,317,313
132.4,296,296
132.4,318,317
132.4,295,294
132.41,319,317
132.46,296,295
132.46,314,316
132.46,301,297
132.46,308,312
132.46,303,301
132.47,306,309
132.47,308,304
132.53,301,304
132.53,314,310
132.53,299,300
132.53,316,313
132.53,294,297
132.53,314,314
132.54,294,294
132.61,317,316
132.61,297,294
132.61,313,315
132.61,297,294
132.61,312,314
132.61,298,296
132.61,308,311
132.67,307,302
132.67,303,306
132.67,310,305
132.67,301,303
132.67,312,309
132.67,292,296
132.67,311,311
132.73,292,293
132.73,314,313
132.73,293,291
132.73,314,313
132.73,290,289
132.73,312,313
132.74,295,292
132.79,308,311
132.79,300,296
132.79,304,306
132.79,303,300
132.79,297,302
132.79,307,304
132.8,296,297
132.85,310,308
132.85,294,295
132.85,313,311
132.85,293,293
132.85,314,314
132.86,293,291
132.87,314,314
132.93,293,292
132.93,310,312
132.93,299,296
132.93,306,310
132.93,302,299
132.93,304,306
132.93,308,304
132.99,298,302
132.99,313,308
132.99,294,298
133.0,314,311
133.0,292,294
133.0,315,313
133.0,291,292
133.06,315,312
133.06,292,291
133.06,314,314
133.06,295,292
133.06,310,311
133.06,297,295
133.06,304,308
133.12,303,300
133.12,300,303
133.12,309,304
133.12,296,299
133.12,314,310
133.12,295,296
133.13,312,311
133.18,292,293
133.18,315,312
133.18,293,291
133.18,315,314
133.18,295,292
133.19,311,314
133.2,298,295
133.26,310,311
133.26,302,300
133.26,304,309
133.26,310,306
133.26,302,306
133.26,315,310
133.26,298,302
133.32,316,314
133.32,298,299
133.32,319,317
133.32,295,298
133.32,320,320
133.32,298,296
133.33,318,319
133.38,299,296
133.38,314,317
133.38,302,300
133.38,311,313
133.38,308,304
133.38,307,309
133.39,313,307
133.44,301,304
133.44,315,311
133.44,296,298
133.44,316,314
133.44,297,296
133.45,316,315
133.46,296,296
133.52,318,317
133.52,295,294
133.52,316,316
133.52,299,296
133.52,310,313
133.52,303,300
133.52,306,309
133.58,306,303
133.58,302,305
133.58,312,309
133.58,297,301
133.58,313,312
133.58,299,299
133.59,318,317
133.65,296,296
133.65,319,317
133.65,298,296
133.65,319,319
133.65,298,296
133.65,316,318
133.65,303,300
133.71,311,315
133.71,307,304
133.71,308,311
133.71,313,308
133.71,305,306
133.71,317,313
133.72,301,303
133.77,322,318
133.77,298,299
133.77,323,320
133.77,299,299
133.77,321,320
133.78,298,297
133.79,319,321
133.85,304,300
133.85,318,318
133.85,304,301
133.85,311,313
133.85,309,305
133.85,304,308
133.85,313,309
133.91,300,303
133.91,315,312
133.91,297,297
133.91,317,314
133.91,295,295
133.91,317,317
133.92,294,292
133.97,317,316
133.97,295,293
133.97,314,314
133.97,299,296
133.97,310,311
133.97,301,298
133.98,304,306
134.04,307,304
134.04,300,304
134.04,312,307
134.04,296,299
134.04,313,311
134.04,294,295
134.05,316,314
134.1,293,292
134.1,313,314
134.1,295,293
134.1,313,314
134.1,294,292
134.1,309,311
134.11,298,295
134.18,306,309
134.18,303,300
134.18,303,304
134.18,307,304
134.18,295,300
134.18,314,309
134.18,297,298
134.24,316,313
134.24,295,295
134.24,318,315
134.24,296,294
134.24,317,315
134.24,297,295
134.24,315,316
134.3,301,297
134.3,312,314
134.3,306,302
134.3,308,312
134.3,308,305
134.3,304,307
134.31,314,310
134.36,298,301
134.36,315,312
134.36,295,298
134.36,316,315
134.36,297,297
134.37,316,316
134.37,294,293
134.44,317,316
134.44,295,295
134.44,311,315
134.44,300,298
134.44,306,311
134.44,301,299
134.44,304,306
134.5,304,303
134.5,298,302
134.5,312,308
134.5,297,298
134.5,312,310
134.5,291,292
134.51,315,313
134.56,293,292
134.56,312,313
134.56,292,290
134.57,312,312
134.57,296,292
134.57,306,310
134.57,299,295
134.63,305,306
134.63,304,301
134.63,300,302
134.63,307,304
134.63,299,300
134.63,311,307
134.64,295,296
134.69,313,312
134.69,294,294
134.69,314,314
134.69,292,293
134.69,313,314
134.69,293,292
134.71,312,314
134.71,297,294
134.72,309,311
134.73,302,298
134.78,303,305
134.78,303,300
134.78,298,301
134.78,310,304
134.78,295,296
134.79,313,308
134.8,294,294
134.86,312,310
134.86,289,288
134.86,311,310
134.86,289,289
134.86,310,309
134.86,289,286
134.86,302,305
134.92,291,288
134.92,299,300
134.92,296,291
134.92,290,295
134.92,297,294
134.92,289,290
134.93,300,296
134.98,282,284
134.98,300,299
134.98,281,282
134.98,303,302
134.98,280,280
134.99,304,302
134.99,283,280
135.05,302,302
135.05,287,283
135.05,295,298
135.05,292,288
135.05,295,297
135.05,298,293
135.06,292,295
135.11,301,297
135.11,291,292
135.11,305,303
135.11,285,290
135.11,309,307
135.12,289,289
135.12,311,310
135.19,289,288
135.19,309,310
135.19,292,289
135.19,307,308
135.19,294,291
135.19,303,305
135.19,297,295
135.25,299,302
135.25,304,300
135.25,298,299
135.25,308,305
135.25,294,296
135.25,312,310
135.26,293,294
135.31,315,312
135.31,291,292
135.31,315,314
135.31,290,290
135.31,312,314
135.31,297,294
135.32,308,312
135.37,301,298
135.37,306,307
135.37,306,302
135.37,301,304
135.37,311,307
135.38,298,301
135.39,312,310
135.44,294,297
135.44,315,312
135.44,293,294
135.44,317,315
135.44,296,294
135.44,316,316
135.45,294,294
135.51,315,316
135.51,299,296
135.51,311,313
135.51,305,302
135.52,307,309
135.52,309,305
135.52,305,306
135.58,314,312
135.58,303,304
135.58,319,315
135.58,299,300
135.58,321,320
135.58,300,299
135.58,320,321
135.64,300,300
135.64,319,320
135.64,302,301
135.64,319,320
135.64,306,305
135.64,316,318
135.65,313,309
135.7,312,313
135.7,316,314
135.7,306,310
135.7,318,316
135.7,304,304
135.71,323,319
135.71,300,303
135.76,325,322
135.76,301,302
135.76,325,323
135.76,304,301
135.76,323,323
135.77,306,304
135.78,319,320
135.84,310,307
135.84,313,316
135.84,314,311
135.84,308,312
135.84,322,316
135.84,306,307
135.85,323,320
135.91,304,306
135.91,326,323
135.91,303,303
135.91,324,324
135.91,302,303
135.91,324,326
135.91,306,302
135.97,321,323
135.97,308,306
135.97,319,321
135.97,316,311
135.97,314,318
135.97,320,315
135.98,311,313
136.03,322,319
136.03,309,311
136.03,328,324
136.03,307,307
136.03,328,327
136.03,306,305
136.04,328,328
136.09,306,305
136.09,327,327
136.09,308,306
136.09,320,324
136.1,312,309
136.1,318,319
136.11,315,311
136.17,310,315
136.17,320,315
136.17,306,309
136.17,323,319
136.17,304,306
136.17,322,320
136.17,301,302
136.23,323,321
136.23,300,300
136.23,322,322
136.23,303,301
136.23,318,320
136.23,306,304
136.24,315,318
136.3,310,306
136.3,310,314
136.3,315,311
136.3,305,310
136.3,319,315
136.3,302,305
136.3,320,317
136.36,303,303
136.36,320,320
136.36,301,301
136.36,323,323
136.36,303,302
136.36,323,324
136.37,303,302
136.42,318,321
136.42,309,305
136.42,317,319
136.42,315,310
136.42,313,315
136.43,316,314
136.44,307,311
136.5,321,317
136.5,303,306
136.5,325,321
136.5,301,303
136.5,324,323
136.5,301,301
136.5,323,324
136.56,302,301
136.56,321,322
136.56,305,302
136.56,317,320
136.56,308,305
136.56,315,317
136.57,315,311
136.62,309,312
136.62,319,315
136.62,306,309
136.62,323,319
136.62,303,305
136.62,327,323
136.63,302,304
136.69,327,325
136.69,305,304
136.69,324,326
136.69,307,304
136.69,323,326
136.69,312,310
136.7,320,323
136.75,316,313
136.75,317,320
136.75,322,318
136.75,313,316
136.75,326,323
136.75,311,313
136.76,329,327
136.83,307,309
136.83,331,329
136.83,307,308
136.83,329,329
136.83,309,307
136.83,330,330
136.83,314,309
136.89,324,326
136.89,314,311
136.89,319,322
136.89,318,315
136.89,313,316
136.89,324,320
136.89,314,314
136.95,324,321
136.95,306,308
136.95,328,325
136.95,304,307
136.95,330,327
136.95,304,303
136.96,327,326
137.02,307,305
137.02,323,325
137.02,309,304
137.02,317,321
137.02,312,307
137.02,312,313
137.02,315,310
137.08,308,310
137.08,317,313
137.08,301,305
137.08,320,316
137.08,300,301
137.08,320,318
137.09,296,296
137.16,319,319
137.16,297,296
137.16,315,317
137.16,297,296
137.16,313,315
137.16,304,299
137.16,308,312
137.22,304,301
137.22,301,305
137.22,306,304
137.22,298,302
137.22,313,308
137.22,294,296
137.22,315,313
137.28,293,294
137.28,317,314
137.28,292,292
137.28,315,315
137.28,294,293
137.28,314,314
137.29,297,295
137.34,309,312
137.34,300,298
137.34,302,307
137.34,305,303
137.34,298,303
137.34,308,306
137.35,295,299
137.41,314,310
137.41,294,296
137.41,315,313
137.41,292,293
137.41,317,315
137.41,294,294
137.42,317,316
137.47,297,296
137.47,314,318
137.47,303,301
137.47,314,315
137.47,308,306
137.48,308,312
137.48,313,311
137.55,307,309
137.55,319,316
137.55,306,307
137.55,323,319
137.55,302,304
137.55,322,322
137.55,302,301
137.61,324,324
137.61,303,303
137.61,326,325
137.61,308,306
137.61,323,324
137.61,315,311
137.61,321,322
137.67,319,316
137.67,318,320
137.67,326,322
137.67,315,317
137.67,328,326
137.67,313,314
137.68,333,329
137.73,310,310
137.73,332,330
137.73,312,310
137.73,331,333
137.73,313,310
137.74,330,330
137.75,314,312
137.81,325,328
137.81,320,315
137.81,321,324
137.81,324,321
137.81,319,321
137.81,330,325
137.81,313,316
137.87,331,330
137.87,314,313
137.87,334,331
137.87,310,312
137.87,335,333
137.87,313,312
137.88,333,332
137.94,313,312
137.94,329,332
137.94,316,315
137.94,324,329
137.94,322,319
137.94,320,323
137.94,326,323
138.0,315,319
138.0,330,327
138.0,312,315
138.0,331,328
138.0,308,310
138.0,333,331
138.01,310,309
138.06,329,330
138.06,311,308
138.06,327,328
138.06,312,309
138.06,323,325
138.07,315,310
138.07,318,320
138.14,318,315
138.14,314,316
138.14,323,318
138.14,310,312
138.14,325,322
138.14,305,308
138.14,330,326
138.2,303,306
138.2,329,328
138.2,307,307
138.2,329,331
138.2,311,308
138.2,327,329
138.2,314,312
138.26,322,325
138.26,317,314
138.26,320,322
138.26,324,319
138.26,315,316
138.26,326,324
138.27,311,313
138.33,331,327
138.33,309,310
138.33,330,330
138.33,309,309
138.33,330,330
138.33,309,308
138.34,330,329
138.39,312,308
138.39,326,326
138.39,316,313
138.39,317,321
138.39,317,313
138.39,313,316
138.4,318,316
138.47,308,311
138.47,323,318
138.47,304,304
138.47,323,321
138.47,303,303
138.47,323,323
138.47,300,300
138.53,321,322
138.53,300,300
138.53,317,320
138.53,305,301
138.53,315,316
138.53,308,303
138.53,306,311
138.59,310,306
138.59,303,305
138.59,313,309
138.59,298,300
138.59,314,312
138.59,295,296
138.6,317,315
138.65,291,292
138.65,316,315
138.65,294,293
138.65,315,315
138.65,296,295
138.65,309,313
138.66,301,297
138.71,307,308
138.71,305,300
138.71,301,305
138.71,308,305
138.72,300,303
138.72,312,310
138.73,297,298
138.79,317,314
138.79,297,297
138.79,318,316
138.79,297,295
138.79,315,316
138.79,295,291
138.79,313,313
138.86,296,292
138.86,307,310
138.86,299,296
138.86,303,304
138.86,304,298
138.86,296,299
138.86,305,302
138.92,291,293
138.92,306,304
138.92,289,290
138.92,310,307
138.92,286,288
138.92,309,309
138.93,286,287
138.98,311,310
138.98,290,289
138.98,306,308
138.98,293,290
138.98,301,302
138.98,297,292
138.99,294,298
139.04,299,296
139.04,291,294
139.04,304,300
139.04,287,290
139.04,308,303
139.05,286,286
139.06,306,304
139.12,284,284
139.12,308,306
139.12,282,283
139.12,305,304
139.12,287,283
139.12,300,301
139.12,291,287
139.18,293,297
139.18,294,289
139.18,291,294
139.18,296,295
139.18,288,291
139.18,308,304
139.19,292,293
139.24,312,312
139.24,295,295
139.24,320,320
139.24,302,301
139.24,322,324
139.24,307,305
139.25,325,327
139.31,315,311
139.31,325,328
139.31,321,315
139.31,323,325
139.31,328,323
139.31,321,322
139.32,330,329
139.37,319,322
139.37,337,333
139.37,317,318
139.37,340,338
139.37,321,320
139.38,344,344
139.38,323,321
139.45,346,345
139.45,327,324
139.45,344,345
139.45,334,330
139.45,340,343
139.45,337,334
139.45,334,338
139.51,341,339
139.51,333,335
139.51,349,345
139.51,330,332
139.51,350,347
139.51,330,330
139.52,352,350
139.57,327,328
139.57,350,350
139.57,329,327
139.57,349,351
139.57,332,330
139.57,347,348
139.58,338,333
139.63,339,342
139.63,342,338
139.63,336,338
139.63,347,342
139.63,330,333
139.64,347,343
139.65,328,328
139.71,348,345
139.71,322,324
139.71,347,346
139.71,322,321
139.71,342,345
139.71,324,323
139.71,341,342
139.77,328,323
139.77,338,339
139.77,330,326
139.77,331,333
139.77,332,329
139.77,324,326
139.78,334,330
139.83,317,319
139.83,337,334
139.83,314,317
139.83,337,334
139.83,310,311
139.83,336,335
139.84,312,309
139.9,331,331
139.9,311,310
139.9,324,327
139.9,317,312
139.9,320,322
139.9,319,314
139.91,313,316
139.96,321,316
139.96,309,312
139.96,323,320
139.96,303,305
139.96,323,321
139.97,300,303
139.97,323,323
140.04,300,300
140.04,323,322
140.04,301,299
140.04,316,318
140.04,301,298
140.04,313,314
140.04,307,304
140.1,308,311
140.1,310,306
140.1,304,307
140.1,313,310
140.1,299,302
140.1,317,314
140.1,298,298
140.16,316,315
140.16,296,295
140.16,318,319
140.16,299,297
140.16,319,319
140.16,298,297
140.17,312,316
140.22,302,299
140.22,309,313
140.22,305,303
140.22,305,307
140.22,310,306
140.23,303,305
140.24,313,311
140.3,298,300
140.3,317,315
140.3,296,297
140.3,316,317
140.3,295,296
140.3,317,317
140.3,296,294
140.36,314,316
140.36,297,295
140.36,309,313
140.36,304,299
140.36,305,310
140.36,305,303
140.37,303,304
140.42,311,307
140.42,299,301
140.42,315,311
140.42,296,298
140.42,315,314
140.42,292,293
140.43,317,315
140.49,291,292
140.49,315,315
140.49,294,293
140.49,312,315
140.49,300,296
140.49,309,310
140.5,306,300
140.55,303,307
140.55,308,305
140.55,298,302
140.55,314,309
140.55,299,299
140.56,316,313
140.56,296,297
140.63,317,315
140.63,296,296
140.63,319,318
140.63,295,293
140.63,316,316
140.63,298,296
140.63,311,313
140.69,302,299
140.69,306,311
140.69,307,304
140.69,303,307
140.69,312,309
140.69,301,303
140.69,316,313
140.75,297,299
140.75,319,316
140.75,296,297
140.75,317,318
140.75,298,295
140.75,319,319
140.76,297,296
140.81,313,316
140.81,298,298
140.81,313,314
140.81,307,302
140.81,307,310
140.82,312,307
140.83,300,305
140.88,315,310
140.88,300,301
140.88,317,314
140.88,297,298
140.88,319,319
140.88,296,297
140.89,317,319
140.95,295,297
140.95,317,318
140.95,300,297
140.95,312,315
140.95,303,298
140.95,308,311
140.96,305,301
141.02,303,306
141.02,311,306
141.02,298,302
141.02,314,312
141.02,298,301
141.02,317,315
141.02,296,297
141.08,316,316
141.08,296,295
141.08,319,318
141.08,299,296
141.08,317,320
141.08,304,299
141.09,313,316
141.14,307,304
141.14,311,313
141.14,310,307
141.14,307,310
141.14,315,312
141.15,304,305
141.15,319,315
141.2,298,300
141.2,321,319
141.2,298,300
141.2,323,321
141.2,300,298
141.21,322,321
141.22,301,298
141.28,318,321
141.28,305,302
141.28,313,316
141.28,310,305
141.28,308,313
141.28,313,309
141.28,306,308
141.35,320,315
141.35,300,303
141.35,318,317
141.35,301,300
141.35,322,319
141.35,296,298
141.35,320,320
141.41,297,296
141.41,319,320
141.41,299,297
141.41,314,316
141.41,304,299
141.41,309,310
141.42,306,303
141.47,304,306
141.47,311,306
141.47,298,301
141.47,312,310
141.47,296,298
141.47,314,312
141.48,292,294
141.54,317,315
141.54,293,293
141.54,314,316
141.54,295,292
141.54,311,314
141.54,299,295
141.55,306,310
141.6,302,298
141.6,304,307
141.6,305,302
141.6,301,302
141.6,311,307
141.6,294,297
141.61,314,311
141.68,292,294
141.68,313,312
141.68,292,293
141.68,314,314
141.68,295,292
141.68,313,314
141.68,298,295
141.74,313,313
141.74,298,297
141.74,309,311
141.74,304,300
141.74,306,308
141.74,311,306
141.74,301,303
141.8,316,311
141.8,299,300
141.8,316,314
141.8,296,298
141.8,319,317
141.8,297,296
141.81,318,320
141.86,299,296
141.86,319,319
141.86,302,300
141.86,315,317
141.86,305,302
141.87,310,313
141.87,311,307
141.92,306,310
141.93,313,311
141.93,300,304
141.93,316,315
141.93,299,302
141.93,320,319
141.94,296,299
142.0,323,322
142.0,299,299
142.0,322,320
142.0,302,300
142.0,320,321
142.0,307,303
142.01,316,319
142.07,310,306
142.07,312,314
142.07,316,311
142.07,307,309
142.07,319,315
142.07,304,306
142.08,322,319
142.08,301,302
142.09,326,322
142.1,299,299
142.16,322,323
142.16,300,302
142.16,322,322
142.16,302,300
142.16,319,320
142.16,309,304
142.17,314,317
142.23,314,309
142.23,309,312
142.23,318,314
142.23,307,309
142.23,322,317
142.23,303,303
142.23,322,319
142.29,301,301
142.29,322,321
142.29,300,299
142.29,323,323
142.29,301,301
142.29,319,321
142.3,306,301
142.35,315,317
142.35,309,304
142.35,311,313
142.35,312,308
142.35,307,308
142.35,314,311
142.36,300,302
142.41,318,313
142.41,299,300
142.41,319,317
142.41,293,296
142.41,318,319
142.42,297,295
142.43,319,318
142.49,299,297
142.49,314,315
142.49,300,298
142.49,308,311
142.49,305,301
142.49,303,306
142.49,311,306
142.55,297,301
142.55,313,308
142.55,292,295
142.55,313,311
142.55,293,294
142.55,316,315
142.56,292,291
142.62,316,315
142.62,294,291
142.62,311,313
142.62,297,293
142.62,311,312
142.62,301,297
142.62,306,308
142.68,304,302
142.68,303,305
142.68,311,307
142.68,299,301
142.68,315,312
142.68,296,298
142.69,316,314
142.74,292,295
142.74,318,316
142.74,296,295
142.74,317,318
142.74,298,295
142.75,313,315
142.76,301,299
142.82,309,313
142.82,303,300
142.82,304,309
142.82,311,306
142.82,301,305
142.82,316,312
142.82,299,300
142.88,318,315
142.88,300,301
142.88,321,318
142.88,298,297
142.88,323,321
142.88,301,298
142.89,322,322
142.94,302,301
142.94,317,320
142.94,306,304
142.94,312,316
142.94,311,310
142.94,311,314
142.95,316,314
143.01,306,309
143.01,320,318
143.01,301,305
143.01,322,320
143.01,301,303
143.01,323,322
143.02,301,300
143.07,321,322
143.07,302,299
143.07,319,320
143.07,302,301
143.07,313,316
143.07,307,303
143.08,310,313
143.15,313,309
143.15,305,307
143.15,314,310
143.15,298,301
143.15,316,313
143.15,295,298
143.15,317,317
143.21,295,295
143.21,317,316
143.21,294,293
143.21,315,316
143.21,297,294
143.21,311,315
143.21,302,298
143.27,310,312
143.27,305,302
143.27,302,306
143.27,310,306
143.27,302,302
143.27,311,309
143.28,298,299
143.33,317,315
143.33,296,297
143.33,319,318
143.33,297,296
143.33,318,318
143.34,295,296
143.34,318,319
143.4,302,299
143.4,314,318
143.4,308,304
143.4,311,312
143.4,311,306
143.4,306,309
143.41,314,312
143.47,304,306
143.47,318,314
143.47,298,301
143.47,319,318
143.47,296,298
143.47,321,321
143.48,298,298
143.54,322,320
143.54,301,298
143.54,319,319
143.54,306,301
143.54,312,315
143.54,307,303
143.54,309,311
143.6,310,307
143.6,302,306
143.6,314,312
143.6,300,302
143.6,314,314
143.6,297,297
143.61,320,317
143.66,294,295
143.66,319,318
143.66,297,296
143.66,317,317
143.66,299,297
143.66,313,315
143.67,302,300
143.73,312,313
143.73,309,305
143.73,307,309
143.73,315,311
143.73,303,305
143.73,316,313
143.74,299,302
143.79,320,317
143.79,298,299
143.79,321,319
143.79,299,297
143.79,319,318
143.8,296,296
143.8,315,316
143.87,303,298
143.87,313,314
143.87,306,303
143.87,307,309
143.87,308,305
143.87,302,305
143.87,313,310
143.93,300,301
143.93,315,313
143.93,296,299
143.93,317,316
143.93,295,295
143.93,318,318
143.93,296,294
143.99,317,318
143.99,296,296
143.99,315,316
143.99,304,299
143.99,311,312
143.99,304,302
144.0,305,307
144.06,310,308
144.06,303,304
144.06,315,312
144.06,301,301
144.06,319,316
144.06,297,300
144.07,321,318
144.12,297,296
144.12,319,319
144.12,295,296
144.12,314,317
144.12,298,297
144.12,310,315
144.13,302,299
144.2,309,312
144.2,311,306
144.2,306,307
144.2,311,310
144.2,303,303
144.2,318,314
144.2,299,300
144.26,319,316
144.26,295,297
144.26,320,319
144.26,295,296
144.26,319,320
144.26,299,296
144.26,316,318
144.32,305,301
144.32,314,316
144.32,310,305
144.32,308,311
144.32,310,308
144.32,302,305
144.33,315,312
144.38,302,302
144.38,318,314
144.38,298,300
144.38,320,318
144.38,297,297
144.39,320,319
144.39,296,296
144.45,317,319
144.45,302,298
144.45,314,316
144.45,302,300
144.45,307,311
144.45,306,302
144.46,304,308
144.51,309,306
144.51,298,301
144.51,312,310
144.51,297,298
144.51,316,314
144.52,292,294
144.52,316,316
144.59,296,294
144.59,316,316
144.59,297,294
144.59,315,315
144.59,299,296
144.59,311,314
144.59,304,301
144.65,307,310
144.65,309,306
144.65,303,305
144.65,314,310
144.65,298,301
144.65,317,314
144.66,296,299
144.71,318,317
144.71,296,296
144.71,320,320
144.71,299,297
144.71,319,319
144.71,301,299
144.72,316,318
144.77,305,302
144.77,310,312
144.77,307,303
144.77,304,310
144.77,312,307
144.78,304,305
144.79,314,312
144.85,302,303
144.85,322,318
144.85,299,301
144.85,325,323
144.85,301,300
144.85,325,324
144.85,302,301
144.91,320,322
144.91,303,301
144.91,316,319
144.91,308,304
144.91,313,314
144.91,313,307
144.92,306,310
144.98,317,311
144.98,302,305
144.98,319,315
144.98,300,301
144.98,320,318
144.98,297,300
144.98,323,320
145.04,297,297
145.04,323,322
145.04,303,300
145.04,318,321
145.04,307,303
145.04,317,319
145.05,312,307
145.1,312,315
145.1,316,311
145.1,307,309
145.1,318,314
145.1,303,304
145.11,319,317
145.11,300,302
145.18,320,318
145.18,298,297
145.18,317,316
145.18,294,294
145.18,315,316
145.18,298,293
145.18,309,312
145.24,298,295
145.24,300,304
145.24,299,296
145.24,295,298
145.24,301,298
145.24,289,292
145.25,304,300
145.3,286,286
145.3,304,301
145.3,279,282
145.3,302,303
145.3,281,281
145.3,303,302
145.31,283,281
145.36,302,303
145.36,287,283
145.36,296,299
145.36,288,286
145.36,293,296
145.37,296,293
145.38,291,293
145.43,298,296
145.43,288,289
145.43,303,300
145.43,283,286
145.43,304,303
145.43,282,286
145.44,307,307
145.5,288,285
145.5,310,310
145.5,290,289
145.5,307,309
145.5,295,292
145.5,304,307
145.51,302,298
145.57,302,304
145.57,307,303
145.57,299,302
145.57,313,308
145.57,297,299
145.57,315,314
145.57,297,298
145.63,319,317
145.63,296,297
145.63,318,317
145.63,299,297
145.63,319,320
145.63,304,300
145.64,318,319
145.69,307,305
145.69,313,316
145.69,313,309
145.69,311,313
145.69,318,315
145.7,306,309
145.7,323,321
145.77,306,306
145.77,326,324
145.77,306,305
145.77,330,327
145.77,304,305
145.77,328,328
145.77,310,307
145.83,329,329
145.83,312,309
145.83,321,323
145.83,314,311
145.83,319,321
145.83,318,315
145.84,310,315
145.89,323,321
145.89,310,311
145.89,326,323
145.89,307,308
145.89,329,326
145.89,303,303
145.9,329,327
145.95,303,303
145.95,324,325
145.95,310,306
145.95,323,325
145.96,314,309
145.96,316,321
145.97,316,314
146.02,315,317
146.02,322,317
146.02,312,313
146.02,325,321
146.02,307,308
146.02,327,323
146.03,302,306
146.09,329,326
146.09,303,304
146.09,327,327
146.09,307,305
146.09,321,325
146.09,309,306
146.1,322,323
146.16,313,308
146.16,315,318
146.16,317,314
146.16,310,313
146.16,320,317
146.16,306,310
146.16,324,322
146.22,302,306
146.22,325,322
146.22,301,303
146.22,325,324
146.22,304,304
146.22,326,324
146.23,303,303
146.28,321,323
146.28,309,305
146.28,316,319
146.28,312,308
146.28,311,314
146.29,316,313
146.29,306,310
146.34,318,315
146.34,305,305
146.34,323,320
146.34,303,303
146.34,326,324
146.35,303,302
146.36,326,325
146.42,303,301
146.42,321,323
146.42,303,300
146.42,317,319
146.42,309,305
146.42,312,315
146.42,311,308
146.48,307,310
146.48,316,313
146.48,304,306
146.48,317,316
146.48,300,301
146.48,321,317
146.49,297,299
146.55,320,320
146.55,298,298
146.55,321,320
146.55,299,299
146.55,319,320
146.55,304,300
146.56,315,317
146.61,309,304
146.61,311,313
146.61,315,310
146.61,307,310
146.61,316,314
146.61,304,306
146.62,322,319
146.67,301,302
146.67,324,321
146.67,300,300
146.67,323,322
146.67,300,300
146.68,323,323
146.69,304,303
146.75,320,322
146.75,309,305
146.75,315,318
146.75,312,309
146.75,311,314
146.75,317,316
146.75,309,313
146.81,325,322
146.81,307,308
146.81,324,324
146.82,305,307
146.82,328,327
146.82,306,305
146.82,329,327
146.88,306,305
146.88,327,327
146.88,309,307
146.88,321,325
146.88,314,310
146.88,318,320
146.88,319,314
146.94,311,314
146.94,321,317
146.94,309,311
146.94,326,323
146.94,305,307
146.94,328,326
146.95,305,306
147.0,328,326
147.0,304,304
147.0,327,327
147.0,309,306
147.0,325,326
147.01,312,309
147.01,321,322
147.08,316,312
147.08,317,320
147.08,320,317
147.08,311,315
147.08,325,321
147.08,306,311
147.08,327,324
147.14,308,309
147.14,328,328
147.14,307,307
147.14,328,328
147.14,307,306
147.14,327,327
147.15,308,307
147.21,323,326
147.21,314,311
147.21,316,321
147.21,319,316
147.21,315,317
147.21,321,318
147.21,310,313
147.27,325,322
147.27,308,309
147.27,326,324
147.27,305,306
147.27,327,324
147.27,302,303
147.28,327,326
147.33,304,303
147.33,321,323
147.33,309,304
147.33,318,319
147.33,312,306
147.33,310,315
147.34,314,309
147.39,306,310
147.39,316,314
147.39,304,305
147.39,321,318
147.39,300,302
147.4,323,321
147.41,299,300
147.47,322,320
147.47,301,299
147.47,318,319
147.47,301,299
147.47,315,318
147.47,305,302
147.47,313,314
147.53,309,306
147.53,308,311
147.53,313,310
147.53,302,307
147.53,316,314
147.53,300,304
147.54,321,317
147.6,299,300
147.6,321,320
147.6,297,298
147.6,320,318
147.6,297,296
147.6,318,319
147.6,300,298
147.66,314,315
147.66,306,302
147.66,307,311
147.66,310,305
147.66,303,307
147.66,312,308
147.67,297,301
147.74,314,312
147.74,295,296
147.74,318,315
147.74,296,296
147.74,317,316
147.74,296,294
147.74,316,316
147.8,298,295
147.8,316,317
147.8,302,299
147.8,311,314
147.8,307,303
147.8,306,310
147.8,313,307
147.86,302,305
147.86,314,311
147.86,300,301
147.86,318,315
147.86,296,298
147.86,316,316
147.87,296,297
147.93,316,316
147.93,296,295
147.93,315,316
147.93,299,296
147.93,311,314
147.93,302,299
147.93,306,311
147.99,307,304
147.99,301,306
147.99,312,307
147.99,299,301
147.99,315,311
147.99,298,299
148.0,316,314
148.05,296,296
148.05,319,316
148.05,296,295
148.05,316,317
148.05,292,293
148.06,314,315
148.06,296,294
148.13,310,313
148.13,304,299
148.13,304,308
148.13,309,304
148.13,303,304
148.13,312,309
148.13,299,299
148.19,316,311
148.19,295,295
148.19,314,312
148.19,290,292
148.19,316,316
148.19,292,291
148.19,315,314
148.25,295,293
148.25,314,314
148.25,298,297
148.25,306,310
148.25,304,301
148.25,305,307
148.26,309,305
148.31,300,303
148.31,312,310
148.31,296,298
148.31,314,312
148.31,296,296
148.32,317,315
148.33,294,295
148.38,315,316
148.38,295,295
148.38,316,317
148.38,300,297
148.38,314,315
148.38,302,300
148.39,307,311
148.45,307,303
148.45,301,304
148.46,309,304
148.46,295,298
148.46,312,308
148.46,292,294
148.46,313,311
148.52,291,291
148.52,313,312
148.52,288,289
148.52,311,312
148.52,291,290
148.52,309,311
148.52,294,292
148.58,304,308
148.58,299,295
148.58,302,303
148.58,304,300
148.58,295,297
148.58,303,303
148.59,292,294
148.64,309,306
148.64,290,290
148.64,312,309
148.64,288,288
148.64,310,311
148.64,289,288
148.65,310,312
148.71,292,291
148.71,306,310
148.71,297,294
148.71,303,307
148.71,303,298
148.71,297,302
148.72,307,302
148.78,295,297
148.78,310,307
148.78,294,295
148.78,313,311
148.78,292,293
148.78,313,313
148.78,293,291
148.85,316,316
148.85,295,294
148.85,313,314
148.85,298,296
148.85,311,312
148.85,300,298
148.85,304,307
148.91,307,301
148.91,301,303
148.91,310,307
148.91,298,299
148.91,313,312
148.91,294,298
148.92,319,315
148.97,294,296
148.97,319,317
148.97,294,295
148.97,317,319
148.97,297,297
148.97,316,318
148.98,303,301
149.03,310,313
149.03,308,302
149.03,307,308
149.03,310,308
149.03,303,305
149.04,314,312
149.05,302,302
149.11,316,316
149.11,296,299
149.11,322,320
149.11,300,299
149.11,320,320
149.11,299,297
149.11,321,321
149.17,303,299
149.17,317,317
149.17,303,301
149.17,310,312
149.17,308,305
149.17,306,308
149.18,312,310
149.23,302,304
149.23,315,313
149.24,300,300
149.24,316,315
149.24,298,297
149.24,320,319
149.24,298,296
149.3,317,318
149.3,299,296
149.3,316,317
149.3,301,298
149.3,313,314
149.3,306,301
149.31,307,311
149.36,309,306
149.36,301,306
149.36,314,311
149.36,300,303
149.36,316,316
149.37,295,298
149.37,319,317
149.42,297,297
149.42,320,319
149.42,300,298
149.42,320,322
149.42,303,300
149.43,318,319
149.44,307,302
149.5,312,317
149.5,311,307
149.5,309,312
149.5,315,311
149.5,307,308
149.5,320,316
149.5,304,304
149.56,320,319
149.56,300,302
149.57,322,321
149.57,302,299
149.57,321,321
149.57,300,298
149.57,318,320
149.58,303,302
149.59,317,318
149.6,308,304
149.66,312,316
149.66,313,310
149.66,309,311
149.66,316,314
149.66,303,306
149.66,322,318
149.66,301,303
149.72,321,321
149.72,299,300
149.72,323,322
149.72,300,298
149.72,321,321
149.72,301,299
149.73,318,319
149.78,304,299
149.78,311,315
149.78,307,303
149.78,309,311
149.78,313,308
149.79,302,306
149.8,315,311
149.86,300,301
149.86,319,315
149.86,299,299
149.86,318,318
149.86,298,300
149.86,322,322
149.86,300,300
149.92,322,322
149.92,303,301
149.92,318,320
149.92,306,304
149.92,313,315
149.92,314,309
149.93,304,310
149.99,316,312
149.99,304,306
149.99,319,317
149.99,300,304
149.99,321,320
149.99,300,302
149.99,324,322
150.05,300,300
150.05,324,324
150.05,303,300
150.05,318,321
150.05,305,302
150.05,317,318
150.06,309,305
150.11,312,314
150.11,315,310
150.11,307,310
150.11,317,314
150.11,305,306
150.12,320,317
150.12,301,303
150.17,321,320
150.17,299,300
150.17,323,321
150.17,300,299
150.17,322,322
150.18,300,299
150.19,316,319
150.25,306,302
150.25,314,315
150.25,308,305
150.25,307,310
150.25,313,308
150.25,304,306
150.25,315,312
150.31,299,302
150.31,319,315
150.31,296,298
150.31,318,317
150.31,297,295
150.31,318,317
150.32,298,296
150.38,315,316
150.38,296,295
150.38,312,314
150.38,303,298
150.38,306,309
150.38,306,302
150.39,303,304
150.44,310,306
150.44,296,298
150.44,311,309
150.44,294,295
150.44,314,312
150.44,290,293
150.45,316,314
150.52,290,291
150.52,312,313
150.52,295,292
150.52,312,313
150.52,295,294
150.52,306,310
150.52,303,298
150.58,302,304
150.58,306,302
150.58,298,300
150.58,310,307
150.58,294,298
150.58,315,312
150.58,294,295
150.64,317,315
150.64,295,294
150.64,316,316
150.64,296,295
150.64,316,318
150.64,299,296
150.65,313,315
150.7,304,300
150.7,310,312
150.7,308,303
150.7,305,307
150.7,311,308
150.71,301,304
150.71,317,313
150.77,298,301
150.77,321,318
150.77,298,299
150.77,318,318
150.77,297,297
150.77,319,319
150.78,299,296
150.83,318,320
150.83,300,299
150.83,314,317
150.83,308,303
150.83,312,314
150.84,311,308
150.84,306,310
150.91,318,314
150.91,305,307
150.91,321,317
150.91,300,303
150.91,323,321
150.91,302,302
150.91,326,323
150.97,301,301
150.97,323,323
150.97,303,301
150.97,318,321
150.97,309,305
150.97,317,320
150.98,311,307
151.03,311,313
151.03,316,311
151.03,305,308
151.03,320,315
151.03,302,305
151.03,321,319
151.04,300,301
151.09,325,322
151.09,301,301
151.09,325,323
151.09,301,300
151.09,322,322
151.1,303,302
151.11,319,320
151.16,310,306
151.16,314,315
151.16,312,307
151.16,307,310
151.16,315,312
151.16,305,306
151.17,319,315
151.23,301,302
151.23,321,318
151.23,297,298
151.23,321,321
151.24,298,298
151.24,321,320
151.24,299,298
151.3,318,319
151.3,304,301
151.3,314,316
151.3,307,305
151.3,311,313
151.3,315,310
151.3,307,310
151.36,318,313
151.36,302,304
151.36,320,318
151.36,300,303
151.36,322,320
151.36,301,299
151.37,322,320
151.42,299,298
151.42,319,320
151.42,302,300
151.42,318,318
151.42,307,302
151.43,312,315
151.43,310,305
151.5,307,310
151.5,311,309
151.5,305,306
151.5,317,313
151.5,298,301
151.5,321,317
151.5,296,299
151.56,320,318
151.56,296,297
151.56,319,319
151.56,297,297
151.56,317,319
151.56,304,300
151.57,315,316
151.62,306,304
151.62,311,313
151.62,312,308
151.62,307,309
151.62,315,311
151.62,303,306
151.63,320,317
151.69,303,304
151.69,323,321
151.69,302,302
151.69,324,325
151.69,301,302
151.69,325,325
151.7,307,305
151.75,324,325
151.75,310,307
151.75,318,323
151.75,317,313
151.75,316,320
151.75,323,319
151.76,315,318
151.83,327,324
151.83,313,315
151.83,333,329
151.83,310,312
151.83,332,331
151.83,311,310
151.83,332,332
151.89,311,309
151.89,331,331
151.89,313,310
151.89,328,330
151.89,318,314
151.89,323,326
151.89,320,317
151.95,317,320
151.95,323,320
151.95,313,316
151.95,329,325
151.95,309,312
151.95,331,328
151.96,308,309
152.01,331,329
152.01,307,306
152.01,331,330
152.01,307,307
152.01,328,328
152.02,313,310
152.02,323,326
152.08,318,313
152.08,319,322
152.08,321,318
152.08,313,316
152.08,325,322
152.08,312,313
152.09,329,327
152.14,310,312
152.14,332,330
152.14,311,310
152.14,331,330
152.14,310,309
152.15,331,331
152.15,310,309
152.22,325,328
152.22,316,311
152.22,321,324
152.22,321,316
152.22,320,323
152.22,323,319
152.22,312,316
152.28,329,324
152.28,310,312
152.28,330,326
152.28,307,308
152.28,330,328
152.28,307,307
152.29,329,329
152.34,307,306
152.34,327,329
152.34,310,309
152.34,322,326
152.34,315,311
152.34,317,319
152.35,318,313
152.41,310,314
152.41,322,318
152.41,309,311
152.41,326,322
152.41,305,307
152.41,325,324
152.42,306,306
152.47,327,327
152.47,305,304
152.47,326,328
152.47,307,304
152.47,323,324
152.47,312,307
152.48,316,320
152.55,314,311
152.55,314,317
152.55,319,315
152.55,308,313
152.55,323,319
152.55,308,309
152.55,326,323
152.61,304,307
152.61,327,326
152.61,307,306
152.61,326,326
152.61,304,304
152.61,326,325
152.61,308,304
152.67,323,324
152.67,310,307
152.67,316,319
152.67,315,310
152.67,313,315
152.67,317,315
152.68,305,309
152.73,322,318
152.73,302,305
152.73,323,320
152.73,298,300
152.73,320,320
152.74,299,297
152.74,318,318
152.8,297,295
152.8,314,315
152.8,298,297
152.8,311,314
152.8,303,299
152.8,302,306
152.81,304,301
152.87,298,300
152.87,308,304
152.87,294,296
152.87,311,307
152.87,293,293
152.87,313,311
152.88,289,290
152.93,310,310
152.93,287,287
152.93,308,310
152.93,290,288
152.93,305,308
152.93,294,291
152.94,301,305
152.99,299,294
152.99,297,300
153.0,302,298
153.0,292,296
153.0,306,304
153.0,293,293
153.01,312,309
153.06,291,291
153.06,313,311
153.06,289,288
153.06,310,311
153.06,291,289
153.06,311,311
153.07,293,291
153.14,305,308
153.14,298,295
153.14,301,305
153.14,302,298
153.14,297,300
153.14,307,303
153.14,292,296
153.2,308,305
153.2,289,291
153.2,308,306
153.2,286,287
153.2,309,306
153.2,284,284
153.2,306,306
153.26,285,283
153.26,302,304
153.26,290,286
153.26,295,299
153.26,290,287
153.26,292,294
153.27,295,290
153.32,286,289
153.32,295,294
153.32,281,284
153.32,300,297
153.32,279,282
153.33,300,299
153.33,277,277
153.38,299,299
153.38,277,278
153.38,300,299
153.39,282,277
153.39,296,298
153.39,287,283
153.4,293,296
153.46,290,287
153.46,289,291
153.46,293,292
153.46,285,287
153.46,302,297
153.46,282,284
153.47,304,300
153.52,281,282
153.52,302,302
153.52,281,281
153.52,305,304
153.52,285,284
153.52,302,304
153.53,287,285
153.59,299,302
153.59,293,289
153.59,297,299
153.59,298,293
153.59,292,296
153.59,304,301
153.6,292,292
153.65,307,304
153.65,289,291
153.65,312,309
153.65,290,290
153.65,312,312
153.65,290,290
153.66,313,314
153.71,292,293
153.71,311,314
153.71,301,296
153.71,308,311
153.71,305,302
153.72,305,309
153.73,312,307
153.79,303,307
153.79,317,314
153.79,303,304
153.79,322,320
153.79,299,302
153.79,324,322
153.79,301,300
153.85,323,322
153.85,300,301
153.85,322,324
153.85,307,303
153.85,321,323
153.85,313,308
153.86,315,319
153.92,315,312
153.92,314,317
153.92,320,316
153.92,311,312
153.92,324,322
153.92,305,307
153.92,326,324
153.98,305,307
153.98,329,328
153.98,305,304
153.98,326,327
153.98,308,305
153.98,325,327
153.99,312,309
154.04,325,326
154.04,318,312
154.04,319,322
154.04,323,318
154.04,313,317
154.05,326,322
154.06,313,314
154.12,329,325
154.12,306,308
154.12,331,329
154.12,307,307
154.12,328,328
154.12,305,304
154.12,326,328
154.18,310,306
154.18,325,326
154.18,312,309
154.18,320,323
154.18,318,314
154.18,315,318
154.19,320,318
154.24,311,312
154.24,324,320
154.24,306,307
154.24,326,325
154.24,304,306
154.24,330,327
154.25,304,305
154.3,326,326
154.3,306,304
154.3,325,327
154.31,309,306
154.31,320,323
154.31,309,308
154.32,315,316
154.38,315,311
154.38,311,312
154.38,318,314
154.38,304,306
154.38,320,317
154.38,300,304
154.38,323,320
154.45,300,300
154.45,320,321
154.45,298,298
154.45,318,320
154.45,303,299
154.45,316,318
154.45,302,301
154.51,312,316
154.51,306,303
154.51,307,312
154.51,312,307
154.51,304,307
154.51,316,313
154.51,302,304
154.57,321,317
154.57,299,299
154.57,320,319
154.57,297,298
154.57,318,320
154.57,300,298
154.58,319,319
154.63,302,298
154.63,315,319
154.63,305,302
154.63,314,317
154.63,312,308
154.64,310,314
154.65,318,314
154.7,307,310
154.7,323,319
154.7,306,306
154.7,322,322
154.7,304,304
154.7,325,323
154.71,303,301
154.77,325,324
154.77,304,302
154.77,323,323
154.78,305,303
154.78,316,319
154.78,309,306
154.78,313,315
154.84,315,310
154.84,307,310
154.84,319,315
154.84,306,307
154.84,323,320
154.84,303,303
154.84,321,320
154.9,300,301
154.9,325,322
154.9,302,300
154.9,323,323
154.9,304,300
154.9,318,320
154.91,306,302
154.96,317,319
154.96,310,307
154.96,312,315
154.96,316,313
154.96,307,310
154.96,321,317
154.97,303,306
155.03,322,321
155.03,301,302
155.03,327,323
155.03,303,302
155.03,324,324
155.03,302,302
155.04,320,323
155.09,305,302
155.09,318,320
155.09,310,304
155.09,314,316
155.09,311,309
155.1,306,311
155.1,317,315
155.17,307,309
155.17,323,320
155.17,305,305
155.17,325,322
155.17,303,303
155.17,326,325
155.17,302,303
155.23,324,325
155.23,305,303
155.23,323,324
155.23,311,308
155.23,321,323
155.23,315,312
155.24,316,319
155.29,318,315
155.29,312,316
155.29,324,320
155.29,309,311
155.29,324,323
155.29,305,307
155.3,330,326
155.35,304,305
155.35,329,327
155.35,306,305
155.35,327,328
155.36,310,305
155.36,322,325
155.37,308,308
155.43,319,321
155.43,316,312
155.43,314,317
155.43,320,316
155.43,311,314
155.43,325,321
155.43,307,310
155.49,330,326
155.49,306,306
155.49,328,326
155.49,304,304
155.49,327,325
155.49,304,304
155.5,326,326
155.55,308,306
155.55,320,321
155.55,310,307
155.55,315,317
155.55,312,310
155.55,308,312
155.56,319,316
155.62,303,307
155.62,320,317
155.62,302,304
155.62,322,320
155.62,300,301
155.62,324,322
155.63,299,298
155.68,322,322
155.68,300,297
155.68,316,318
155.68,302,300
155.68,311,313
155.69,305,301
155.69,305,308
155.76,308,304
155.76,301,304
155.76,314,311
155.76,297,300
155.76,316,313
155.76,295,297
155.76,318,317
155.82,293,294
155.82,316,315
155.82,295,293
155.82,311,314
155.82,296,292
155.82,310,310
155.82,298,297
155.88,307,308
155.88,306,301
155.88,300,305
155.88,309,305
155.88,296,299
155.88,311,310
155.89,296,297
155.94,314,314
155.94,294,296
155.94,317,316
155.94,296,294
155.94,319,319
155.95,297,296
155.96,315,317
156.02,302,298
156.02,309,314
156.02,308,303
156.02,307,311
156.02,309,307
156.02,304,308
156.02,319,314
156.08,300,304
156.08,318,317
156.08,300,301
156.08,320,319
156.08,299,300
156.08,322,322
156.09,298,300
156.15,321,321
156.15,302,300
156.15,317,320
156.15,305,304
156.15,316,317
156.15,309,308
156.15,310,314
156.21,317,313
156.21,307,309
156.21,318,317
156.21,303,306
156.21,321,319
156.21,299,302
156.22,322,321
156.27,302,301
156.27,323,322
156.27,301,298
156.27,320,321
156.27,303,300
156.28,316,318
156.28,308,303
156.33,310,314
156.33,312,308
156.33,307,310
156.33,317,313
156.33,303,306
156.34,318,316
156.35,300,303
156.41,324,320
156.41,298,300
156.41,323,321
156.41,300,300
156.41,322,321
156.41,301,300
156.41,318,320
156.47,305,303
156.47,315,318
156.47,309,305
156.47,308,312
156.47,312,309
156.47,304,307
156.48,315,312
156.54,300,302
156.54,318,316
156.54,299,299
156.54,320,319
156.54,296,297
156.54,319,319
156.55,297,295
156.6,315,317
156.6,298,297
156.6,313,316
156.6,305,300
156.6,307,311
156.6,309,304
156.61,302,306
156.66,310,306
156.66,301,303
156.66,314,311
156.66,296,298
156.66,316,313
156.67,292,294
156.68,317,316
156.73,293,293
156.73,316,316
156.73,296,294
156.73,313,315
156.73,297,295
156.73,308,312
156.74,302,299
156.81,307,308
156.81,307,304
156.81,303,305
156.81,314,308
156.81,298,301
156.81,318,315
156.81,296,299
156.87,319,317
156.87,294,296
156.87,316,317
156.87,294,294
156.87,319,318
156.87,297,296
156.87,317,317
156.93,301,299
156.93,310,312
156.93,307,303
156.93,305,309
156.93,312,307
156.93,302,305
156.94,315,311
156.99,297,300
156.99,316,315
156.99,296,298
156.99,319,319
156.99,296,296
157.0,319,318
157.0,297,295
157.06,318,318
157.06,301,297
157.06,315,316
157.06,300,299
157.06,310,313
157.06,308,305
157.07,303,308
157.12,311,309
157.12,301,303
157.12,314,312
157.12,299,301
157.12,320,318
157.13,299,300
157.14,321,321
157.19,299,297
157.19,321,322
157.19,302,299
157.19,319,320
157.19,303,301
157.19,315,317
157.2,308,306
157.21,313,314
157.22,316,310
157.23,306,310
157.29,318,314
157.29,303,306
157.29,323,320
157.29,303,304
157.29,324,324
157.29,302,302
157.3,324,325
157.36,303,301
157.36,322,323
157.36,302,301
157.36,320,321
157.36,307,304
157.36,313,316
157.36,313,308
157.42,311,313
157.42,316,312
157.42,306,309
157.42,319,316
157.42,303,304
157.42,321,320
157.43,300,302
157.48,325,323
157.48,302,301
157.48,324,324
157.48,304,302
157.48,323,322
157.48,305,303
157.49,318,321
157.54,308,306
157.54,314,318
157.54,315,311
157.54,311,312
157.55,320,317
157.55,305,307
157.56,322,319
157.61,304,304
157.61,323,322
157.61,304,303
157.61,327,325
157.61,304,302
157.61,326,325
157.62,304,302
157.69,320,323
157.69,308,307
157.69,320,322
157.69,313,310
157.69,316,318
157.69,320,316
157.69,310,314
157.75,323,320
157.75,309,310
157.75,325,322
157.75,304,305
157.75,328,325
157.75,303,304
157.75,327,328
157.81,304,303
157.81,324,326
157.81,308,305
157.81,321,323
157.81,311,306
157.81,315,317
157.82,312,310
157.87,309,313
157.87,317,314
157.87,307,308
157.87,321,319
157.87,306,306
157.88,324,322
157.89,302,303
157.94,327,324
157.94,304,302
157.94,326,325
157.94,304,302
157.94,324,325
157.94,308,306
157.95,316,320
158.01,311,307
158.01,313,316
158.01,317,312
158.01,307,311
158.01,320,316
158.01,305,306
158.02,323,320
158.07,301,303
158.07,324,322
158.07,300,302
158.08,326,324
158.08,303,301
158.08,323,324
158.08,305,302
158.14,319,321
158.14,306,303
158.14,314,317
158.14,313,307
158.14,310,312
158.14,315,311
158.15,307,308
158.2,316,313
158.2,300,302
158.2,318,316
158.2,299,298
158.2,319,317
158.2,294,295
158.21,319,318
158.26,297,295
158.26,315,317
158.26,299,295
158.26,310,314
158.26,303,299
158.27,310,311
158.28,307,304
158.34,304,306
158.34,312,307
158.34,295,300
158.34,315,312
158.34,297,298
158.34,316,314
158.34,294,295
158.4,317,316
158.4,293,293
158.4,314,316
158.4,297,294
158.4,315,317
158.4,302,299
158.41,312,314
158.47,304,302
158.47,305,308
158.47,311,306
158.47,302,304
158.47,314,310
158.47,296,300
158.47,317,315
158.53,298,299
158.53,319,316
158.53,294,295
158.53,318,319
158.53,296,294
158.53,316,317
158.54,298,297
158.59,312,316
158.59,303,300
158.59,309,312
158.59,310,306
158.59,306,309
158.6,314,311
158.61,304,305
158.67,316,314
158.67,298,300
158.67,317,316
158.67,296,298
158.67,320,318
158.67,298,296
158.67,318,319
158.73,298,297
158.73,318,319
158.73,300,300
158.73,314,316
158.73,308,304
158.73,312,314
158.74,311,308
158.79,306,308
158.79,317,313
158.79,302,305
158.79,318,317
158.79,301,302
158.79,323,319
158.8,298,300
158.86,323,321
158.86,300,300
158.86,322,322
158.86,301,300
158.86,320,323
158.86,308,304
158.87,315,317
158.92,311,307
158.92,310,313
158.92,315,312
158.92,304,309
158.92,317,314
158.93,303,304
158.93,321,317
159.0,300,300
159.0,323,320
159.0,298,298
159.0,323,322
159.0,300,298
159.0,321,322
159.0,305,302
159.06,319,320
159.06,309,306
159.06,314,317
159.06,315,311
159.06,309,312
159.06,318,315
159.06,308,310
159.12,325,320
159.12,305,307
159.12,327,324
159.12,303,304
159.12,327,325
159.12,304,303
159.13,325,326
159.18,303,303
159.18,322,324
159.18,309,304
159.18,319,321
159.19,311,308
159.19,313,317
159.2,317,312
159.25,309,311
159.25,323,319
159.25,308,310
159.25,325,324
159.25,308,310
159.25,331,328
159.26,307,308
159.32,329,331
159.32,307,306
159.32,329,330
159.32,311,309
159.32,326,327
159.32,311,310
159.33,322,323
159.38,321,316
159.38,316,318
159.38,321,319
159.38,313,314
159.39,326,321
159.39,307,309
159.39,326,322
159.45,302,305
159.45,327,325
159.45,303,301
159.45,326,326
159.45,304,303
159.45,324,324
159.46,307,302
159.51,316,319
159.51,309,304
159.51,314,315
159.51,314,310
159.51,307,310
159.52,316,313
159.52,303,305
159.59,318,315
159.59,299,301
159.59,321,318
159.59,296,298
159.59,320,319
159.59,296,297
159.59,320,320
159.65,300,298
159.65,315,318
159.65,304,300
159.65,312,315
159.65,307,304
159.65,307,310
159.65,313,310
159.71,306,309
159.71,319,315
159.71,304,305
159.71,321,318
159.71,299,301
159.71,322,321
159.72,298,299
159.78,321,322
159.78,301,300
159.78,322,321
159.78,302,300
159.78,314,318
159.78,306,303
159.79,314,316
159.84,310,306
159.84,308,310
159.84,314,311
159.84,302,306
159.84,319,315
159.84,301,303
159.85,321,319
159.91,298,300
159.91,320,320
159.91,300,298
159.91,321,320
159.91,302,299
159.91,317,319
159.92,302,300
159.98,315,316
159.98,306,302
159.98,310,312
159.98,310,307
159.98,304,307
159.98,315,311
159.98,300,303
160.04,316,315
160.04,299,300
160.04,321,319
160.04,296,298
160.04,322,320
160.04,299,297
160.05,318,320
160.1,301,298
160.1,315,318
160.1,304,301
160.1,310,315
160.1,309,305
160.1,307,309
160.11,312,308
160.16,304,307
160.16,319,315
160.16,300,304
160.17,322,320
160.17,301,301
160.17,325,322
160.18,298,298
160.24,322,321
160.24,301,298
160.24,320,320
160.24,303,301
160.24,314,317
160.24,308,304
160.24,312,314
160.31,312,308
160.31,306,309
160.31,317,312
160.31,302,306
160.31,318,314
160.31,299,300
160.31,321,317
160.37,299,299
160.37,320,320
160.37,296,296
160.37,321,320
160.37,301,297
160.37,316,319
160.38,302,300
160.43,314,316
160.43,307,305
160.43,310,311
160.43,311,308
160.43,304,307
160.43,317,312
160.44,301,301
160.49,316,314
160.49,297,299
160.49,321,317
160.49,295,296
160.49,322,321
160.5,297,295
160.51,317,321
160.56,300,298
160.56,315,318
160.56,305,301
160.56,312,314
160.56,312,307
160.56,308,311
160.57,316,311
160.63,304,306
160.63,321,317
160.63,300,303
160.63,323,320
160.63,299,299
160.64,323,321
160.64,300,298
160.7,321,321
160.7,299,297
160.7,317,318
160.7,302,299
160.7,314,316
160.7,304,303
160.7,308,311
160.76,311,306
160.76,305,307
160.76,315,310
160.76,300,301
160.76,313,312
160.76,297,298
160.77,314,314
160.82,294,294
160.82,317,316
160.82,295,293
160.82,316,317
160.82,295,295
160.83,313,317
160.83,301,298
160.9,312,314
160.9,309,305
160.9,309,310
160.9,311,306
160.9,302,306
160.9,317,312
160.9,298,300
160.96,316,314
160.96,297,298
160.96,321,318
160.96,298,296
160.96,321,319
160.96,298,296
160.97,316,319
161.02,302,298
161.02,313,314
161.02,305,299
161.02,307,311
161.02,305,303
161.02,305,307
161.03,313,309
161.09,300,304
161.09,317,314
161.09,300,300
161.09,319,316
161.09,295,298
161.09,323,322
161.1,299,298
161.15,322,323
161.15,299,299
161.15,320,321
161.15,305,302
161.15,316,319
161.15,308,306
161.16,313,316
161.22,314,311
161.22,306,309
161.22,316,313
161.22,302,304
161.22,318,315
161.22,299,301
161.23,321,319
161.29,296,297
161.29,320,320
161.29,298,297
161.29,319,320
161.29,298,298
161.29,315,318
161.29,306,302
161.35,313,314
161.35,311,306
161.35,309,312
161.35,315,311
161.35,305,307
161.35,318,315
161.36,302,304
161.41,319,317
161.41,298,299
161.41,321,320
161.41,299,297
161.41,322,321
161.42,300,298
161.42,319,320
161.47,302,300
161.47,315,317
161.47,306,304
161.47,311,313
161.47,311,307
161.48,304,308
161.49,317,312
161.55,301,305
161.55,316,314
161.55,300,301
161.55,320,318
161.55,296,298
161.55,321,319
161.55,296,296
161.61,321,321
161.61,300,298
161.61,318,320
161.62,305,300
161.62,313,316
161.62,308,304
161.62,310,312
161.68,314,310
161.68,306,307
161.68,319,315
161.68,302,305
161.68,320,319
161.68,301,303
161.69,325,322
161.74,303,303
161.74,325,325
161.74,303,301
161.74,325,325
161.74,306,303
161.74,320,322
161.75,311,308
161.8,317,319
161.8,314,311
161.8,312,315
161.8,319,315
161.8,308,312
161.81,321,320
161.82,307,308
161.88,328,325
161.88,304,304
161.88,327,327
161.88,303,304
161.88,326,326
161.88,305,303
161.88,324,327
161.94,308,306
161.94,320,323
161.94,313,310
161.94,317,320
161.94,318,315
161.94,313,316
161.95,323,320
162.01,308,310
162.01,327,323
162.01,304,306
162.01,327,325
162.01,306,305
162.01,329,327
162.01,305,304
162.07,325,325
162.07,305,302
162.07,321,323
162.07,309,306
162.07,315,318
162.07,312,307
162.08,311,314
162.13,317,312
162.13,305,308
162.13,319,317
162.13,304,304
162.13,323,319
162.14,300,300
162.14,322,320
162.21,301,300
162.21,322,322
162.21,299,299
162.21,320,321
162.21,300,298
162.21,312,315
162.21,304,299
162.27,309,312
162.27,310,305
162.27,305,307
162.27,312,308
162.27,301,302
162.27,315,313
162.28,298,300
162.33,316,315
162.33,295,296
162.33,319,317
162.33,295,295
162.33,316,317
162.33,296,295
162.34,315,316
162.39,301,297
162.39,313,315
162.39,307,302
162.39,304,309
162.39,311,308
162.4,302,306
162.41,315,312
162.47,299,303
162.47,318,316
162.47,299,300
162.47,320,319
162.47,296,298
162.47,322,321
162.47,299,298
162.54,322,321
162.54,305,302
162.54,318,321
162.54,308,305
162.54,317,318
162.54,314,309
162.54,309,312
162.6,317,313
162.6,306,309
162.6,320,318
162.6,306,306
162.6,325,323
162.6,302,304
162.6,325,325
162.66,303,303
162.66,324,326
162.66,304,302
162.66,326,326
162.66,309,305
162.66,318,322
162.67,312,308
162.72,315,317
162.72,316,313
162.72,308,312
162.72,319,315
162.72,305,307
162.73,321,316
162.73,300,301
162.78,318,317
162.79,297,296
162.79,321,318
162.79,294,293
162.79,319,318
162.79,297,294
162.8,313,315
162.86,298,296
162.86,307,309
162.86,303,298
162.86,303,305
162.86,305,302
162.86,298,300
162.87,307,305
162.92,294,295
162.92,309,308
162.92,288,291
162.92,313,312
162.92,290,289
162.92,311,312
162.93,288,288
162.99,310,312
162.99,293,290
162.99,306,309
162.99,296,293
162.99,301,305
162.99,300,298
163.0,300,303
163.05,308,303
163.05,294,296
163.05,310,306
163.05,291,294
163.05,312,309
163.05,291,291
163.06,313,312
163.13,291,289
163.13,313,312
163.13,292,290
163.13,309,313
163.13,295,293
163.13,305,310
163.13,300,298
163.19,304,308
163.19,306,304
163.19,300,304
163.19,312,309
163.19,298,301
163.19,318,314
163.19,297,299
163.25,318,317
163.25,296,297
163.25,321,320
163.25,295,296
163.25,319,320
163.25,301,298
163.26,317,319
163.31,305,303
163.31,313,315
163.31,311,306
163.31,308,312
163.31,316,313
163.32,309,310
163.32,322,318
163.38,306,308
163.38,326,321
163.38,304,304
163.38,325,323
163.38,300,301
163.38,325,325
163.39,303,302
163.45,324,324
163.45,306,303
163.45,320,321
163.45,312,306
163.45,316,318
163.45,315,312
163.46,308,313
163.52,319,316
163.52,307,309
163.52,323,320
163.52,307,307
163.52,323,322
163.52,302,303
163.52,325,323
163.58,303,302
163.58,325,326
163.58,305,302
163.58,321,323
163.58,309,305
163.58,315,319
163.59,312,307
163.64,310,314
163.64,315,311
163.64,307,310
163.64,319,316
163.64,302,305
163.64,322,319
163.65,303,304
163.7,323,322
163.7,301,301
163.7,323,322
163.7,301,300
163.7,322,323
163.71,304,302
163.72,318,320
163.78,306,303
163.78,313,317
163.78,313,307
163.78,310,311
163.78,318,312
163.78,307,308
163.78,319,316
163.84,301,304
163.84,322,319
163.84,297,300
163.84,323,322
163.84,298,299
163.84,323,322
163.85,300,299
163.9,322,322
163.9,306,303
163.91,318,319
163.91,308,305
163.91,309,314
163.91,313,308
163.91,306,308
163.97,316,313
163.97,300,303
163.97,316,314
163.97,299,301
163.97,321,319
163.97,299,299
163.98,323,321
164.04,299,298
164.04,319,320
164.05,300,297
164.05,317,319
164.05,304,302
164.05,311,316
164.05,309,305
164.11,308,311
164.11,314,310
164.11,307,308
164.11,316,314
164.11,303,305
164.11,321,319
164.11,303,303
164.17,323,320
164.17,300,299
164.17,322,323
164.17,300,300
164.17,322,323
164.17,302,302
164.18,319,321
164.23,311,306
164.23,315,316
164.23,313,309
164.23,311,314
164.23,318,316
164.23,309,311
164.24,323,319
164.3,304,307
164.3,326,323
164.3,305,304
164.3,328,325
164.3,303,302
164.3,324,326
164.31,306,303
164.36,320,324
164.36,309,306
164.36,319,321
164.36,315,310
164.36,315,318
164.36,317,313
164.37,309,312
164.44,320,316
164.44,306,307
164.44,325,321
164.44,303,305
164.44,327,324
164.44,304,303
164.44,327,326
164.5,303,303
164.5,327,327
164.5,306,305
164.5,324,325
164.5,311,307
164.5,318,322
164.5,316,312
164.56,313,316
164.56,320,316
164.56,311,312
164.56,322,321
164.56,309,309
164.56,327,323
164.57,306,307
164.62,325,325
164.62,302,303
164.62,324,325
164.62,303,302
164.62,324,326
164.63,306,304
164.64,319,321
164.65,310,307
164.66,315,318
164.66,316,313
164.72,311,313
164.72,320,316
164.72,306,308
164.72,323,321
164.72,304,304
164.72,326,323
164.73,304,303
164.78,322,324
164.78,302,302
164.78,324,325
164.78,303,301
164.78,321,324
164.79,306,305
164.79,316,319
164.86,315,309
164.86,313,316
164.86,315,313
164.86,308,311
164.86,320,318
164.86,306,308
164.86,321,320
164.92,302,304
164.92,326,323
164.92,300,302
164.92,325,324
164.92,300,300
164.92,321,321
164.93,304,302
164.98,319,321
164.98,309,307
164.98,315,319
164.98,315,311
164.98,313,315
164.98,320,316
164.99,308,310
165.04,325,321
165.04,305,306
165.04,326,324
165.04,306,305
165.04,325,324
165.05,304,302
165.06,324,326
165.11,304,303
165.11,323,323
165.11,308,304
165.11,317,321
165.11,311,309
165.11,316,319
165.12,317,314
165.19,312,314
165.19,322,317
165.19,306,310
165.19,324,321
165.19,306,305
165.19,327,323
165.19,303,304
165.25,327,325
165.25,304,302
165.25,325,326
165.25,305,303
165.25,323,325
165.25,310,308
165.25,319,322
165.31,315,311
165.31,312,316
165.31,319,315
165.31,309,311
165.31,323,320
165.31,305,308
165.32,326,322
165.37,304,304
165.37,327,325
165.37,304,303
165.37,329,328
165.38,307,304
165.38,327,327
165.38,310,306
165.44,323,325
165.44,314,311
165.44,315,319
165.44,318,313
165.44,313,314
165.44,321,316
165.45,306,310
165.5,324,320
165.5,302,306
165.5,322,321
165.5,300,302
165.5,325,323
165.51,302,301
165.52,323,323
165.58,302,300
165.58,322,322
165.58,307,304
165.58,318,320
165.58,311,308
165.58,311,315
165.58,317,313
165.64,309,311
165.64,322,317
165.64,305,307
165.64,323,320
165.64,305,305
165.64,326,325
165.65,304,304
165.7,324,324
165.7,304,302
165.7,325,326
165.7,306,305
165.7,323,325
165.7,311,307
165.71,317,319
165.77,313,311
165.77,313,315
165.77,318,315
165.77,309,311
165.77,323,319
165.77,306,306
165.78,325,321
165.83,300,302
165.83,324,324
165.83,301,301
165.83,324,324
165.83,305,302
165.83,322,324
165.84,307,304
165.91,317,321
165.91,311,306
165.91,314,317
165.91,314,312
165.91,308,313
165.91,320,316
165.91,307,310
165.97,322,321
165.97,304,307
165.97,329,326
165.97,306,305
165.97,326,326
165.97,307,305
165.97,326,327
166.03,308,306
166.03,323,325
166.03,311,307
166.03,319,322
166.03,315,311
166.03,315,317
166.04,320,316
166.09,309,312
166.09,323,319
166.09,305,308
166.09,322,322
166.09,303,305
166.1,324,323
166.11,302,302
166.16,324,322
166.16,301,300
166.16,320,322
166.16,303,301
166.16,319,320
166.16,307,304
166.17,314,316
166.23,314,309
166.23,309,311
166.23,317,314
166.23,304,307
166.23,321,319
166.23,302,305
166.24,325,322
166.3,300,302
166.3,326,324
166.3,300,300
166.3,323,324
166.3,305,303
166.3,322,325
166.3,306,304
166.36,316,320
166.36,311,306
166.36,311,314
166.36,314,310
166.36,307,309
166.36,317,313
166.37,303,305
166.42,321,317
166.42,300,301
166.42,320,320
166.42,300,299
166.42,321,321
166.42,298,297
166.43,317,318
166.48,299,297
166.48,314,316
166.48,302,299
166.48,310,313
166.48,307,303
166.49,305,307
166.5,310,306
166.56,298,300
166.56,311,308
166.56,296,296
166.56,313,311
166.56,291,292
166.56,313,313
166.56,290,290
166.62,314,314
166.62,292,290
166.62,312,313
166.62,296,293
166.62,307,311
166.62,302,298
166.63,305,309
166.68,304,301
166.68,300,303
166.69,309,307
166.69,296,300
166.69,314,309
166.69,294,296
166.7,315,314
166.75,293,294
166.75,319,317
166.75,297,295
166.75,316,318
166.75,299,296
166.75,317,317
166.76,303,300
166.83,313,315
166.83,311,306
166.83,311,314
166.83,314,312
166.83,308,311
166.83,321,317
166.83,304,307
166.89,324,322
166.89,303,304
166.89,327,324
166.89,305,304
166.89,327,327
166.89,305,305
166.89,326,328
166.95,308,307
166.95,323,326
166.95,314,311
166.95,322,324
166.95,322,318
166.95,316,320
166.96,325,322
167.01,313,316
167.01,330,327
167.01,313,315
167.01,334,332
167.01,311,313
167.01,335,335
167.02,314,313
167.07,334,335
167.07,317,315
167.07,334,335
167.07,318,316
167.07,329,331
167.08,323,319
167.09,326,327
167.15,327,323
167.15,318,321
167.15,331,327
167.15,313,316
167.15,332,328
167.15,310,313
167.15,335,332
167.22,310,310
167.22,332,330
167.22,309,307
167.22,330,330
167.22,312,308
167.22,325,327
167.22,314,311
167.28,321,325
167.28,320,315
167.28,318,321
167.28,323,319
167.28,312,314
167.28,325,321
167.28,310,311
167.34,327,326
167.34,305,307
167.34,330,329
167.34,305,307
167.34,331,329
167.34,309,306
167.35,329,329
167.4,312,310
167.4,324,326
167.4,318,312
167.4,317,321
167.4,320,315
167.41,313,314
167.42,322,318
167.48,308,311
167.48,325,322
167.48,305,308
167.48,326,325
167.48,302,305
167.48,326,326
167.48,305,304
167.54,327,326
167.54,307,303
167.54,321,323
167.54,309,305
167.54,317,321
167.54,311,309
167.55,310,314
167.61,316,313
167.61,309,310
167.61,321,317
167.61,303,307
167.61,325,321
167.61,303,303
167.61,324,322
167.67,301,300
167.67,321,321
167.67,301,300
167.67,317,319
167.67,302,300
167.67,317,318
167.68,307,302
167.73,311,314
167.73,312,307
167.73,306,310
167.73,316,312
167.73,302,305
167.74,319,316
167.74,300,302
167.81,322,318
167.81,296,298
167.81,320,319
167.81,297,296
167.81,316,319
167.81,300,296
167.81,313,316
167.87,300,299
167.87,310,313
167.87,304,300
167.87,304,308
167.87,308,304
167.87,303,304
167.87,314,310
167.93,298,301
167.93,317,313
167.93,295,297
167.93,319,317
167.93,296,296
167.93,317,318
167.94,296,294
167.99,314,317
167.99,298,295
167.99,314,315
168.0,300,297
168.0,309,312
168.0,304,301
168.01,301,305
168.06,309,305
168.06,299,301
168.06,313,309
168.06,298,299
168.06,315,313
168.06,296,295
168.07,320,317
168.14,294,294
168.14,317,316
168.14,297,295
168.14,314,317
168.14,299,297
168.14,313,315
168.14,306,301
168.2,306,310
168.2,309,304
168.2,303,305
168.2,312,308
168.2,297,301
168.2,317,313
168.2,297,300
168.26,321,318
168.26,298,299
168.26,321,321
168.26,301,299
168.26,321,322
168.26,304,301
168.27,320,322
168.32,309,304
168.32,316,320
168.32,314,309
168.32,313,316
168.32,318,315
168.33,311,313
168.33,321,319
168.39,305,308
168.39,325,324
168.39,305,306
168.39,327,324
168.39,300,303
168.39,326,328
168.4,307,304
168.46,325,326
168.46,307,306
168.46,322,324
168.46,313,309
168.46,320,322
168.46,320,315
168.46,315,319
168.53,323,320
168.53,312,315
168.53,328,325
168.53,310,311
168.53,327,326
168.53,309,309
168.53,331,330
168.59,309,308
168.59,329,330
168.59,310,309
168.59,330,330
168.59,315,311
168.59,324,327
168.6,318,313
168.65,321,323
168.65,320,317
168.65,313,317
168.65,327,323
168.65,313,314
168.65,331,326
168.66,309,310
168.71,330,329
168.71,306,308
168.71,334,331
168.71,309,307
168.71,331,331
168.72,312,309
168.73,327,328
168.79,314,310
168.79,323,325
168.79,322,317
168.79,317,320
168.79,323,319
168.79,313,315
168.79,327,323
168.85,312,312
168.85,331,328
168.85,307,307
168.85,331,329
168.85,308,307
168.85,329,329
168.86,308,308
168.91,329,329
168.91,312,309
168.91,325,327
168.91,317,312
168.91,321,323
168.91,321,317
168.92,317,318
168.98,324,322
168.98,311,314
168.98,329,327
168.98,312,312
168.98,332,329
168.98,311,309
168.99,330,330
169.04,309,309
169.04,330,331
169.04,310,308
169.04,327,329
169.04,318,313
169.05,323,326
169.05,316,313
169.12,317,321
169.12,322,319
169.12,315,317
169.12,327,323
169.12,310,313
169.12,329,326
169.12,308,309
169.18,331,329
169.18,308,308
169.18,331,331
169.18,306,306
169.18,328,330
169.18,311,310
169.19,325,328
169.24,317,313
169.24,323,326
169.24,320,318
169.24,317,322
169.24,328,325
169.24,317,318
169.25,331,328
169.3,315,316
169.3,335,331
169.3,311,312
169.3,332,333
169.3,312,311
169.31,333,334
169.32,315,312
169.37,332,333
169.37,317,314
169.37,328,331
169.37,320,318
169.37,323,327
169.37,328,325
169.38,321,323
169.45,333,329
169.45,319,320
169.45,334,333
169.45,316,318
169.45,339,337
169.45,316,317
169.45,339,338
169.51,316,315
169.51,338,338
169.51,319,316
169.51,333,335
169.51,322,320
169.51,330,332
169.51,326,322
169.57,322,327
169.57,331,326
169.57,320,322
169.57,333,331
169.57,317,319
169.57,336,332
169.58,315,317
169.64,337,335
169.64,312,313
169.64,334,335
169.64,315,313
169.64,332,335
169.64,317,315
169.64,330,333
169.7,322,318
169.7,325,329
169.7,326,323
169.7,322,323
169.7,331,325
169.7,315,319
169.71,333,330
169.76,315,316
169.76,334,332
169.76,312,313
169.76,334,334
169.76,312,312
169.77,333,333
169.78,312,311
169.84,328,331
169.84,316,313
169.84,323,327
169.84,320,317
169.84,318,322
169.84,324,320
169.84,315,318
169.9,328,325
169.9,309,312
169.9,327,326
169.9,307,310
169.9,331,328
169.9,307,307
169.91,329,329
169.96,305,306
169.96,330,329
169.96,312,308
169.96,325,327
169.96,314,311
169.96,319,323
169.97,320,315
170.02,312,317
170.02,325,319
170.02,310,313
170.02,326,323
170.02,305,308
170.03,327,324
170.04,302,304
170.09,326,325
170.09,301,302
170.09,323,324
170.09,304,301
170.09,320,323
170.09,308,304
170.1,315,318
170.17,309,306
170.17,309,314
170.17,315,311
170.17,307,309
170.17,318,313
170.17,303,304
170.17,322,318
170.23,300,302
170.23,320,319
170.23,298,300
170.23,323,322
170.23,299,300
170.23,322,323
170.23,304,301
170.29,320,323
170.29,308,305
170.29,316,319
170.29,315,312
170.29,313,317
170.29,322,317
170.3,309,312
170.35,322,320
170.35,307,308
170.35,325,324
170.35,303,305
170.35,329,327
170.36,303,304
170.37,326,326
170.42,306,303
170.42,322,325
170.42,310,306
170.42,318,321
170.42,312,307
170.42,315,317
170.43,315,310
170.48,307,311
170.48,317,314
170.48,302,306
170.48,321,317
170.48,299,301
170.49,321,317
170.5,297,298
170.56,317,317
170.56,294,295
170.56,317,318
170.56,298,295
170.56,312,315
170.56,303,299
170.56,313,314
170.62,305,302
170.62,305,308
170.62,312,308
170.62,300,304
170.62,314,311
170.62,296,298
170.63,315,312
170.68,294,297
170.68,317,315
170.68,292,293
170.68,317,316
170.68,295,293
170.68,312,314
170.69,296,293
170.75,309,311
170.75,297,294
170.75,301,303
170.75,297,295
170.75,293,296
170.75,301,296
170.76,288,288
170.82,301,298
170.82,281,282
170.82,302,299
170.82,276,277
170.82,299,297
170.82,274,273
170.82,295,295
170.89,273,271
170.89,291,293
170.89,277,273
170.89,287,290
170.89,282,277
170.89,281,285
170.89,286,281
170.95,276,279
170.95,288,286
170.95,273,276
170.95,294,290
170.95,272,272
170.95,293,293
170.95,268,270
171.01,293,291
171.01,270,269
171.01,293,293
171.01,273,272
171.01,289,290
171.01,279,274
171.02,282,286
171.07,281,277
171.07,278,283
171.07,284,283
171.07,274,277
171.07,289,285
171.08,273,273
171.09,293,290
171.15,269,270
171.15,291,290
171.15,270,268
171.15,290,292
171.15,272,269
171.15,289,290
171.15,274,270
171.21,286,288
171.21,277,274
171.21,281,283
171.21,282,280
171.21,278,279
171.21,286,282
171.22,270,275
171.28,291,287
171.28,272,272
171.28,292,292
171.28,271,271
171.28,296,295
171.28,275,272
171.28,296,296
171.34,277,275
171.34,292,296
171.34,282,280
171.34,293,296
171.34,290,284
171.34,289,292
171.35,293,290
171.4,285,286
171.4,299,296
171.4,283,285
171.4,301,300
171.4,283,284
171.41,304,303
171.41,283,282
171.48,306,308
171.48,284,283
171.48,304,305
171.48,289,287
171.48,303,304
171.48,292,290
171.48,297,301
171.54,299,294
171.54,294,297
171.54,303,298
171.54,290,292
171.54,307,304
171.54,289,291
171.54,309,307
171.6,287,287
171.6,312,310
171.6,288,288
171.6,311,311
171.6,291,288
171.6,307,311
171.61,297,293
171.67,307,309
171.67,302,296
171.67,302,306
171.67,307,302
171.67,300,301
171.67,310,306
171.68,297,298
171.73,316,312
171.73,296,295
171.73,318,315
171.73,293,294
171.73,319,318
171.73,297,295
171.74,316,318
171.79,299,297
171.79,315,316
171.79,302,300
171.79,313,314
171.79,310,305
171.8,307,311
171.81,317,310
171.87,306,307
171.87,319,316
171.87,301,303
171.87,322,320
171.87,302,303
171.87,327,324
171.87,302,302
171.93,323,324
171.93,306,304
171.93,323,324
171.93,308,304
171.93,320,322
171.93,312,309
171.94,316,319
171.99,319,313
171.99,309,315
171.99,322,319
171.99,308,311
171.99,326,323
171.99,306,309
172.0,326,326
172.06,308,308
172.06,330,328
172.06,307,305
172.06,327,329
172.06,308,308
172.06,326,328
172.07,315,311
172.13,321,326
172.13,321,316
172.13,319,322
172.13,324,319
172.13,315,317
172.13,328,325
172.14,311,312
172.15,330,327
172.15,308,310
172.16,331,330
172.23,306,307
172.23,330,330
172.23,311,308
172.23,331,331
172.23,314,311
172.23,326,329
172.23,318,314
172.29,323,327
172.29,323,318
172.29,318,322
172.29,329,324
172.29,316,319
172.29,330,328
172.29,312,314
172.35,335,331
172.35,313,312
172.35,335,336
172.35,314,314
172.35,337,338
172.35,317,314
172.36,335,336
172.42,320,318
172.42,332,334
172.42,327,323
172.42,326,329
172.42,329,326
172.42,321,325
172.43,334,330
172.48,319,321
172.48,337,334
172.48,317,317
172.48,339,337
172.48,315,316
172.48,339,338
172.49,316,315
172.54,337,337
172.54,319,315
172.54,334,336
172.54,323,320
172.54,330,334
172.55,328,324
172.56,324,327
172.62,331,328
172.62,318,322
172.62,335,332
172.62,318,320
172.62,339,335
172.62,318,318
172.62,340,338
172.68,314,314
172.68,339,338
172.68,318,316
172.68,335,337
172.68,318,317
172.68,329,333
172.69,321,317
172.74,324,327
172.74,327,321
172.74,321,322
172.74,328,325
172.74,315,317
172.74,332,329
172.75,314,313
172.81,332,332
172.81,311,311
172.81,333,334
172.81,309,309
172.81,332,332
172.81,313,309
172.82,327,329
172.88,315,312
172.88,323,326
172.88,319,316
172.88,317,322
172.88,324,320
172.88,316,318
172.88,326,324
172.95,310,314
172.95,329,329
172.95,312,312
172.95,332,333
172.95,309,310
172.95,333,334
172.95,313,313
173.01,333,334
173.01,319,314
173.01,326,331
173.01,322,316
173.01,324,327
173.01,326,322
173.02,319,322
173.07,328,324
173.07,316,319
173.07,331,329
173.07,313,314
173.07,334,331
173.07,311,311
173.08,333,333
173.13,311,309
173.13,329,331
173.13,309,309
173.13,329,329
173.13,313,309
173.14,321,323
173.15,315,311
173.21,316,318
173.21,318,315
173.21,311,313
173.21,322,320
173.21,309,311
173.21,328,324
173.21,306,307
173.27,330,328
173.27,307,307
173.27,330,330
173.27,311,308
173.27,330,329
173.27,312,309
173.28,326,327
173.34,315,312
173.34,320,324
173.34,321,317
173.34,318,320
173.34,326,321
173.34,314,315
173.34,328,325
173.4,310,313
173.4,331,330
173.4,310,311
173.4,332,331
173.4,311,311
173.4,336,335
173.41,316,313
173.46,332,335
173.46,321,316
173.46,333,334
173.46,324,321
173.46,328,331
173.47,331,327
173.47,325,326
173.54,335,330
173.54,320,324
173.54,337,335
173.54,317,319
173.54,340,338
173.54,312,315
173.54,337,336
173.6,313,313
173.6,335,335
173.6,315,313
173.6,328,330
173.6,319,314
173.6,322,326
173.6,318,317
173.66,318,321
173.66,321,319
173.66,312,315
173.66,327,322
173.66,310,311
173.66,328,324
173.67,303,306
173.72,330,327
173.72,306,304
173.72,328,327
173.72,304,303
173.72,325,325
173.73,307,304
173.74,320,322
173.79,311,309
173.79,315,319
173.79,317,313
173.79,315,317
173.79,321,318
173.79,311,312
173.8,325,323
173.86,307,308
173.87,329,326
173.87,304,307
173.87,332,331
173.87,309,309
173.87,334,333
173.87,313,310
173.93,329,332
173.93,317,313
173.93,325,327
173.93,321,318
173.93,323,325
173.93,328,323
173.93,317,320
173.99,330,327
173.99,315,316
173.99,335,331
173.99,312,314
173.99,335,334
173.99,312,312
174.0,334,334
174.05,312,311
174.05,332,333
174.05,312,310
174.05,327,330
174.05,316,313
174.06,321,324
174.06,321,316
174.12,314,318
174.12,325,320
174.12,312,314
174.12,328,325
174.12,309,310
174.12,331,328
174.13,306,307
174.19,328,327
174.19,305,303
174.19,326,327
174.19,305,302
174.19,320,324
174.19,309,304
174.19,319,320
174.26,313,308
174.26,312,316
174.26,315,311
174.26,309,311
174.26,320,317
174.26,306,307
174.26,322,319
174.32,301,303
174.32,325,322
174.32,303,303
174.32,324,325
174.32,303,300
174.32,326,326
174.33,304,302
174.38,319,321
174.38,306,304
174.38,315,317
174.38,309,307
174.38,310,313
174.38,314,310
174.39,305,308
174.45,319,315
174.45,301,302
174.45,323,320
174.45,300,300
174.45,322,321
174.45,299,298
174.46,321,322
174.51,300,299
174.51,319,320
174.51,305,301
174.51,316,319
174.51,307,305
174.51,310,314
174.52,315,310
174.59,308,311
174.59,318,315
174.59,303,307
174.59,324,320
174.59,303,305
174.59,322,322
174.59,304,304
174.65,325,326
174.65,302,303
174.65,328,328
174.65,306,304
174.65,321,324
174.65,310,306
174.65,316,320
174.71,312,310
174.71,314,315
174.71,318,314
174.71,309,311
174.71,323,319
174.71,307,308
174.72,325,323
174.77,302,305
174.77,326,325
174.78,301,302
174.78,326,326
174.78,303,302
174.78,325,325
174.78,305,303
174.84,321,322
174.84,310,307
174.84,316,319
174.84,317,312
174.84,312,315
174.84,321,315
174.85,310,311
174.91,322,319
174.91,306,307
174.91,323,322
174.91,301,303
174.91,325,325
174.91,301,302
174.92,326,326
174.98,305,303
174.98,323,324
174.98,308,305
174.98,318,322
174.98,312,309
174.98,313,317
174.98,319,316
175.04,310,314
175.04,323,320
175.04,310,310
175.04,327,323
175.04,305,308
175.04,330,327
175.05,306,306
175.1,328,329
175.1,308,306
175.1,329,329
175.1,310,307
175.1,327,328
175.1,314,310
175.11,322,324
175.17,318,314
175.17,316,319
175.17,323,319
175.17,312,315
175.17,329,324
175.17,309,310
175.18,331,327
175.24,304,308
175.24,330,327
175.24,307,306
175.24,331,330
175.24,307,305
175.24,326,326
175.24,310,307
175.3,320,323
175.3,312,309
175.3,315,319
175.3,316,312
175.3,311,313
175.3,320,316
175.31,306,309
175.37,322,319
175.37,302,304
175.37,325,322
175.37,303,303
175.37,324,324
175.37,301,301
175.37,326,325
175.43,304,302
175.43,320,322
175.43,309,304
175.43,315,318
175.43,314,309
175.43,312,316
175.44,316,314
175.5,311,311
175.5,322,319
175.5,307,308
175.5,327,324
175.51,304,303
175.51,327,324
175.51,302,303
175.57,326,326
175.57,304,303
175.57,324,325
175.57,306,303
175.57,320,322
175.57,310,307
175.57,315,318
175.63,314,311
175.63,309,312
175.63,317,313
175.63,305,308
175.63,320,318
175.63,302,304
175.64,323,321
175.69,301,302
175.69,326,323
175.69,298,300
175.69,324,324
175.69,302,300
175.69,321,322
175.7,306,303
175.75,315,318
175.75,311,306
175.75,312,315
175.75,315,312
175.75,308,309
175.76,317,314
175.77,301,304
175.83,320,318
175.83,299,300
175.83,323,321
175.83,297,298
175.83,322,321
175.83,299,297
175.83,318,319
175.89,298,297
175.89,314,318
175.89,303,300
175.89,310,312
175.89,307,303
175.89,304,309
175.9,313,309
175.96,303,305
175.96,317,314
175.96,297,299
175.96,319,315
175.96,295,297
175.96,319,316
175.96,295,293
176.02,317,316
176.02,297,294
176.02,315,315
176.02,301,296
176.02,310,312
176.02,302,299
176.03,307,310
176.08,308,304
176.08,303,305
176.08,313,309
176.08,299,302
176.08,316,313
176.09,297,297
176.1,316,315
176.16,298,296
176.16,321,318
176.16,292,293
176.16,315,315
176.16,295,293
176.16,312,315
176.16,300,297
176.22,306,310
176.22,303,300
176.22,303,306
176.22,310,306
176.22,300,303
176.22,311,309
176.23,297,298
176.28,314,312
176.28,293,295
176.28,316,315
176.28,292,293
176.28,318,317
176.28,297,295
176.29,314,316
176.35,301,296
176.35,312,314
176.35,304,300
176.35,310,311
176.35,309,306
176.35,304,307
176.36,315,310
176.42,304,304
176.42,316,314
176.42,299,300
176.42,319,318
176.42,298,299
176.42,323,321
176.42,299,298
176.49,323,322
176.49,301,299
176.49,317,320
176.49,306,302
176.49,315,317
176.49,309,306
176.49,310,314
176.55,313,310
176.55,306,308
176.55,319,314
176.55,300,304
176.55,321,317
176.55,298,300
176.55,322,320
176.61,295,298
176.61,323,322
176.61,297,298
176.61,320,321
176.61,304,300
176.61,317,319
176.62,305,302
176.67,313,316
176.67,312,309
176.67,310,313
176.67,318,314
176.67,307,309
176.68,323,319
176.68,302,305
176.75,322,321
176.75,302,303
176.75,325,323
176.75,300,301
176.75,324,324
176.75,303,302
176.75,323,325
176.81,308,305
176.81,316,320
176.81,313,308
176.81,315,317
176.81,318,312
176.81,309,313
176.82,321,318
176.87,305,310
176.87,325,321
176.87,306,306
176.87,325,323
176.87,301,303
176.87,327,324
176.88,302,302
176.93,324,324
176.93,305,302
176.93,320,322
176.93,311,306
176.93,316,320
176.94,315,311
176.95,314,315
177.01,317,315
177.01,307,311
177.01,322,319
177.01,307,308
177.01,324,323
177.01,302,304
177.01,327,326
177.07,304,304
177.07,326,326
177.07,301,301
177.07,322,325
177.07,306,304
177.07,317,321
177.08,307,305
177.14,315,318
177.14,315,311
177.14,309,312
177.14,319,316
177.14,307,309
177.14,321,319
177.14,304,307
177.2,325,323
177.2,303,302
177.2,324,324
177.2,304,302
177.2,325,325
177.2,306,303
177.21,320,323
177.26,309,304
177.26,318,320
177.26,312,309
177.26,312,316
177.26,317,314
177.27,310,311
177.27,323,319
177.34,307,309
177.34,325,322
177.34,304,306
177.34,330,327
177.34,305,305
177.34,329,328
177.34,306,306
177.4,328,329
177.4,310,309
177.4,327,328
177.4,313,311
177.4,322,324
177.4,322,317
177.41,314,318
177.46,324,320
177.46,313,316
177.46,328,324
177.46,309,311
177.46,329,328
177.46,308,311
177.47,334,331
177.53,308,307
177.53,330,331
177.53,311,308
177.53,329,331
177.53,314,312
177.53,325,328
177.54,321,315
177.59,321,322
177.59,322,318
177.59,315,317
177.59,326,322
177.59,312,313
177.59,331,326
177.6,306,309
177.67,329,326
177.67,305,306
177.67,330,329
177.67,306,306
177.67,329,329
177.67,307,307
177.67,325,327
177.73,311,309
177.73,321,323
177.73,319,314
177.73,316,318
177.73,321,318
177.73,309,312
177.73,326,323
177.79,306,309
177.79,326,324
177.79,304,306
177.79,328,325
177.79,303,303
177.79,328,327
177.8,305,304
177.86,326,327
177.86,311,307
177.86,321,323
177.86,314,309
177.86,316,320
177.86,318,312
177.86,310,314
177.92,321,317
177.92,307,310
177.92,323,321
177.92,306,305
177.92,327,323
177.92,303,302
177.93,325,325
178.0,303,302
178.0,324,325
178.0,303,301
178.0,322,323
178.0,307,303
178.0,318,319
178.0,312,307
178.06,312,316
178.06,316,312
178.06,306,310
178.06,321,317
178.06,305,306
178.06,321,319
178.06,302,303
178.12,322,321
178.12,299,299
178.12,324,323
178.12,301,300
178.12,321,323
178.12,303,302
178.13,319,321
178.18,309,306
178.18,314,318
178.18,315,311
178.18,311,313
178.18,317,314
178.18,307,309
178.19,322,319
178.24,302,305
178.24,324,322
178.24,302,302
178.24,325,324
178.24,303,302
178.25,324,326
178.26,303,303
178.31,325,326
178.31,308,306
178.31,321,323
178.31,316,311
178.31,315,319
178.31,318,315
178.32,311,314
178.37,323,319
178.37,306,308
178.37,323,321
178.37,306,306
178.37,326,324
178.38,302,303
178.39,326,327
178.45,306,304
178.45,324,327
178.45,306,303
178.45,322,324
178.45,309,306
178.45,319,322
178.45,316,311
178.51,314,318
178.51,322,317
178.51,312,315
178.51,327,323
178.51,310,310
178.51,329,326
178.52,307,308
178.58,332,330
178.58,307,306
178.58,329,329
178.58,306,306
178.58,329,330
178.58,310,306
178.59,326,326
178.64,313,308
178.64,318,322
178.64,316,312
178.64,313,315
178.64,318,316
178.64,308,311
178.65,323,319
178.72,301,305
178.72,326,322
178.72,299,301
178.72,327,325
178.72,301,299
178.72,328,327
178.72,303,300
178.78,326,326
178.78,306,301
178.78,318,321
178.78,309,305
178.78,315,319
178.78,312,308
178.78,309,312
178.84,319,315
178.84,302,307
178.84,322,319
178.84,299,300
178.84,328,324
178.84,296,297
178.85,326,327
178.9,294,293
178.9,326,325
178.9,298,294
178.9,321,325
178.9,299,296
178.9,314,320
178.91,308,302
178.96,311,315
178.97,314,308
178.97,302,308
178.97,320,315
178.97,295,300
178.97,324,320
178.98,291,294
179.04,330,324
179.04,287,288
179.04,329,328
179.04,287,286
179.04,325,327
179.04,292,286
179.04,320,323
179.1,294,288
179.1,312,317
179.1,300,294
179.1,303,309
179.1,308,303
179.1,293,300
179.11,316,310
179.17,286,290
179.17,321,317
179.17,277,283
179.17,328,325
179.17,278,278
179.17,326,328
179.17,279,274
179.23,325,329
179.23,286,279
179.23,316,323
179.23,292,284
179.23,311,317
179.23,302,293
179.24,299,306
179.29,312,305
179.29,289,298
179.29,324,315
179.29,279,288
179.29,334,326
179.3,274,279
179.31,338,333
179.37,275,274
179.37,335,336
179.37,278,275
179.37,328,334
179.37,288,281
179.37,320,328
179.37,297,288
179.43,309,318
179.43,311,301
179.43,299,308
179.43,323,314
179.43,288,295
179.43,334,324
179.44,280,285
179.49,341,335
179.49,278,278
179.49,342,341
179.49,281,277
179.49,336,341
179.49,286,282
179.5,332,339
179.55,298,291
179.55,325,333
179.55,314,305
179.55,315,324
179.55,328,317
179.56,302,312
179.57,338,329
179.63,295,302
179.63,349,340
179.63,288,292
179.63,351,348
179.63,286,287
179.63,350,351
179.64,291,286
179.65,344,347
179.65,297,291
179.66,335,341
179.73,308,302
179.73,325,332
179.73,320,312
179.73,312,321
179.73,332,323
179.73,300,308
179.73,343,334
179.79,290,298
179.79,348,341
179.79,287,289
179.79,349,349
179.79,285,285
179.79,347,350
179.79,293,288
179.85,340,345
179.85,301,294
179.85,329,338
179.85,314,304
179.85,318,326
179.85,322,313
179.86,303,313
179.91,332,323
179.91,293,300
179.91,344,335
179.91,288,292
179.91,349,344
179.92,285,286
179.92,349,347
179.99,286,283
179.99,340,345
179.99,291,285
179.99,330,337
179.99,301,294
179.99,319,329
179.99,313,303
180.05,310,319
180.05,327,316
180.05,296,306
180.05,337,327
180.05,287,293
180.05,343,336
180.06,281,284
180.11,347,344
180.11,280,280
180.11,344,345
180.11,285,280
180.11,337,341
180.11,293,287
180.12,327,333
180.18,303,296
180.18,314,323
180.18,316,306
180.18,303,310
180.18,327,318
180.18,289,298
180.19,339,330
180.24,280,286
180.24,344,337
180.24,275,277
180.24,342,344
180.24,278,276
180.24,339,343
180.25,283,277
180.32,329,335
180.32,295,286
180.32,317,327
180.32,303,295
180.32,304,315
180.32,316,306
180.32,294,302
180.38,329,318
180.38,283,290
180.38,338,330
180.38,273,278
180.38,342,339
180.38,272,273
180.38,342,343
180.44,276,272
180.44,337,340
180.44,287,280
180.44,329,335
180.44,298,288
180.44,314,324
180.45,312,299
180.5,300,309
180.5,321,312
180.5,286,298
180.5,335,326
180.5,280,287
180.51,344,339
180.51,275,277
180.57,346,344
180.57,271,272
180.57,341,342
180.57,282,276
180.57,330,336
180.57,291,284
180.58,320,329
180.63,303,293
180.63,308,317
180.63,315,305
180.63,299,307
180.63,328,318
180.64,288,296
180.65,339,331
180.71,281,286
180.71,347,343
180.71,277,278
180.71,349,350
180.71,280,278
180.71,343,348
180.71,287,283
180.77,333,341
180.77,302,292
180.77,323,332
180.77,314,304
180.77,310,320
180.77,326,316
180.78,297,307
180.83,339,329
180.83,285,294
180.83,348,342
180.83,279,283
180.83,353,350
180.83,279,278
180.84,352,352
180.9,284,280
180.9,344,349
180.9,293,284
180.9,332,340
180.9,306,295
180.9,318,328
180.91,319,306
180.97,304,313
180.97,331,319
180.97,288,298
180.97,344,333
180.97,276,285
180.97,353,346
180.97,270,275
181.04,354,353
181.04,275,271
181.04,347,352
181.04,282,275
181.04,340,348
181.04,293,284
181.04,327,337
181.1,308,298
181.1,315,326
181.1,328,315
181.1,301,312
181.1,347,334
181.1,287,300
181.1,372,358
181.16,270,279
181.16,382,376
181.16,266,269
181.16,378,382
181.16,277,271
181.16,371,379
181.17,291,280
181.22,357,369
181.22,309,295
181.22,336,352
181.22,331,314
181.22,318,332
181.23,345,330
181.24,295,307
181.29,357,345
181.29,286,295
181.29,362,354
181.29,284,285
181.29,362,358
181.29,282,282
181.3,356,358
181.37,294,286
181.37,346,352
181.37,302,293
181.37,332,340
181.37,313,302
181.37,317,325
181.37,322,313
181.43,302,310
181.43,335,326
181.43,293,300
181.43,343,337
181.43,288,291
181.43,352,347
181.43,287,288
181.49,349,350
181.49,294,290
181.49,345,347
181.49,304,296
181.49,336,341
181.49,312,303
181.5,325,332
181.55,321,312
181.55,313,320
181.55,329,321
181.55,304,310
181.55,341,333
181.55,293,298
181.56,350,343
181.62,288,291
181.62,351,347
181.62,289,288
181.62,347,350
181.62,295,289
181.62,340,344
181.63,303,294
181.68,333,339
181.68,310,300
181.68,317,328
181.68,320,310
181.68,301,309
181.69,324,317
181.69,291,299
181.74,337,330
181.74,283,288
181.74,349,342
181.74,279,280
181.74,348,347
181.75,280,277
181.76,341,345
181.82,287,280
181.82,331,338
181.82,297,288
181.82,317,325
181.82,311,301
181.82,304,314
181.83,324,313
181.89,295,303
181.89,331,321
181.89,286,291
181.89,337,332
181.89,278,284
181.89,338,338
181.89,281,280
181.95,339,340
181.95,286,282
181.95,331,335
181.95,294,288
181.95,322,328
181.95,304,298
181.96,313,320
182.01,318,309
182.01,304,311
182.01,325,318
182.01,294,302
182.01,335,328
182.01,286,292
182.02,343,339
182.07,288,290
182.07,348,348
182.07,290,289
182.07,346,349
182.07,296,289
182.08,337,343
182.09,302,294
182.15,329,335
182.15,310,301
182.15,312,322
182.15,322,311
182.15,298,307
182.15,330,321
182.15,287,294
182.21,338,330
182.21,277,281
182.21,343,337
182.21,273,273
182.21,340,341
182.21,278,273
182.22,333,337
182.28,285,277
182.28,321,328
182.28,294,285
182.28,309,317
182.28,306,296
182.28,296,306
182.28,316,307
182.34,285,294
182.34,328,320
182.34,277,284
182.34,335,328
182.34,275,278
182.34,339,337
182.35,274,273
182.4,336,339
182.4,283,277
182.4,337,341
182.4,293,286
182.4,328,338
182.41,309,298
182.42,316,327
182.48,321,310
182.48,305,314
182.48,337,326
182.48,291,300
182.48,347,339
182.48,281,288
182.48,353,349
182.54,279,279
182.54,353,352
182.54,282,280
182.54,346,350
182.54,290,285
182.55,335,343
182.55,306,295
182.61,325,334
182.61,317,308
182.61,315,323
182.61,331,320
182.61,303,311
182.61,343,334
182.61,294,301
182.67,352,345
182.67,291,293
182.67,355,352
182.67,289,290
182.67,354,355
182.67,293,290
182.68,350,353
182.73,302,296
182.73,338,348
182.73,316,306
182.73,330,340
182.73,332,321
182.73,318,330
182.74,348,336
182.8,305,317
182.8,364,352
182.8,290,298
182.8,371,365
182.8,282,287
182.8,375,373
182.81,282,281
182.87,366,369
182.87,291,284
182.87,352,359
182.87,303,294
182.87,335,345
182.87,317,305
182.87,319,330
182.93,329,318
182.93,303,314
182.93,343,332
182.93,293,300
182.93,351,343
182.93,285,290
182.94,356,352
183.0,284,287
183.0,357,356
183.0,290,288
183.0,349,353
183.0,299,292
183.0,340,346
183.0,310,300
183.06,325,333
183.06,322,309
183.06,311,319
183.06,332,322
183.06,298,308
183.06,347,337
183.07,288,297
183.12,356,350
183.12,282,285
183.12,366,365
183.12,280,279
183.12,370,372
183.13,283,275
183.14,358,365
183.2,292,281
183.2,343,354
183.2,310,295
183.2,324,336
183.2,326,312
183.2,303,315
183.2,338,326
183.26,284,294
183.26,348,338
183.26,272,279
183.26,349,342
183.26,267,268
183.26,347,345
183.27,270,267
183.32,337,341
183.32,280,274
183.32,328,334
183.32,293,284
183.32,314,324
183.32,306,297
183.33,302,310
183.38,318,307
183.38,286,296
183.38,328,318
183.38,276,284
183.38,339,330
183.39,268,275
183.4,345,342
183.46,270,272
183.46,347,349
183.46,276,272
183.46,340,347
183.46,284,277
183.46,331,339
183.46,297,285
183.52,314,327
183.52,308,297
183.52,295,308
183.52,327,314
183.52,283,292
183.52,338,327
183.53,270,279
183.59,343,335
183.59,265,267
183.59,339,337
183.59,268,266
183.59,335,337
183.59,279,273
183.59,324,333
183.65,292,285
183.65,317,324
183.65,305,299
183.65,304,313
183.65,317,310
183.65,297,303
183.66,329,320
183.71,290,295
183.71,335,328
183.71,288,290
183.71,338,334
183.71,287,287
183.72,335,336
183.73,294,291
183.79,331,334
183.79,301,297
183.79,322,329
183.79,310,304
183.79,314,320
183.79,318,312
183.79,306,312
183.85,326,320
183.85,300,305
183.85,331,327
183.85,299,301
183.85,332,332
183.85,299,300
183.86,332,332
183.91,304,300
183.91,328,329
183.91,309,304
183.91,323,325
183.91,311,307
183.91,317,319
183.92,319,312
183.98,309,313
183.98,321,319
183.98,306,310
183.98,327,325
183.98,308,307
183.98,332,329
183.99,304,305
184.04,329,329
184.04,306,305
184.04,328,328
184.04,311,307
184.04,324,326
184.05,315,310
184.05,317,321
184.12,320,315
184.12,314,318
184.12,322,318
184.12,309,313
184.12,328,324
184.12,309,311
184.12,329,326
184.18,305,306
184.18,331,328
184.18,307,306
184.18,328,329
184.18,311,308
184.18,326,329
184.18,312,310
184.24,323,325
184.24,317,314
184.24,318,321
184.24,322,319
184.24,314,316
184.24,324,321
184.25,312,313
184.3,326,325
184.3,310,310
184.3,331,327
184.3,307,308
184.3,331,329
184.31,306,306
184.32,328,329
184.37,311,307
184.37,324,326
184.37,315,310
184.37,318,321
184.37,317,314
184.37,311,316
184.38,321,317
184.44,310,311
184.44,322,320
184.44,307,308
184.44,323,321
184.44,301,303
184.44,325,324
184.45,301,300
184.51,323,324
184.51,303,302
184.51,322,323
184.51,306,305
184.51,318,320
184.51,312,308
184.51,313,316
184.57,315,311
184.57,310,311
184.57,318,313
184.57,305,307
184.57,318,317
184.57,303,303
184.58,323,321
184.63,299,299
184.63,323,322
184.63,302,300
184.63,323,323
184.63,304,300
184.63,319,320
184.64,307,303
184.69,312,315
184.69,307,305
184.69,307,312
184.69,315,310
184.69,304,307
184.7,318,315
184.71,302,303
184.77,320,319
184.77,302,302
184.77,323,322
184.77,301,300
184.77,324,324
184.77,302,302
184.77,323,324
184.83,305,303
184.83,317,320
184.83,313,307
184.83,313,317
184.83,316,312
184.83,308,312
184.84,321,316
184.9,307,308
184.9,323,320
184.9,305,305
184.9,325,322
184.9,302,302
184.9,322,323
184.91,301,302
184.96,325,324
184.96,305,302
184.96,322,324
184.96,310,305
184.96,318,321
184.96,313,309
184.97,315,318
185.02,317,314
185.02,308,313
185.02,321,319
185.02,307,309
185.02,323,322
185.03,306,306
185.04,325,323
185.1,303,303
185.1,325,326
185.1,304,302
185.1,323,325
185.1,307,303
185.1,318,321
185.1,310,305
185.16,313,317
185.16,313,310
185.16,311,313
185.16,317,313
185.16,306,308
185.16,321,318
185.17,304,304
185.22,321,321
185.22,301,302
185.22,324,323
185.22,300,300
185.22,324,324
185.22,306,303
185.23,321,323
185.29,308,305
185.29,318,320
185.29,310,307
185.29,315,318
185.29,316,312
185.29,311,313
185.3,320,317
185.35,306,308
185.35,325,321
185.35,306,307
185.35,330,326
185.35,305,306
185.36,329,327
185.36,305,306
185.43,328,328
185.43,310,307
185.43,321,325
185.43,312,309
185.43,321,322
185.43,317,314
185.43,315,317
185.49,320,317
185.49,312,314
185.49,326,321
185.49,309,311
185.49,329,326
185.49,307,306
185.49,326,326
185.56,303,305
185.56,328,327
185.56,309,306
185.56,325,327
185.56,310,307
185.56,320,323
185.56,313,311
185.62,320,321
185.62,319,314
185.62,313,317
185.62,322,320
185.62,308,313
185.62,324,321
185.63,309,310
185.68,329,326
185.68,305,307
185.68,331,329
185.68,305,305
185.68,327,329
185.68,311,308
185.69,327,328
185.75,312,309
185.75,323,324
185.75,316,313
185.75,319,320
185.75,320,316
185.75,310,315
185.76,324,320
185.81,310,310
185.81,326,323
185.81,306,308
185.81,329,327
185.81,304,305
185.81,331,329
185.82,310,308
185.89,329,330
185.89,313,309
185.89,327,329
185.89,319,314
185.89,324,326
185.89,322,318
185.89,317,321
185.95,327,324
185.95,317,320
185.95,332,330
185.95,316,318
185.95,335,334
185.95,314,316
185.95,337,336
186.01,313,314
186.01,337,336
186.01,315,313
186.01,332,335
186.01,319,315
186.01,329,331
186.02,324,319
186.07,323,326
186.07,324,320
186.07,318,322
186.07,326,325
186.07,315,316
186.08,331,329
186.08,310,312
186.14,335,332
186.14,310,309
186.14,332,332
186.14,311,309
186.14,329,330
186.14,312,309
186.15,327,329
186.21,315,312
186.21,321,325
186.21,318,317
186.21,319,321
186.21,324,320
186.21,314,317
186.22,328,325
186.28,310,311
186.28,330,326
186.28,308,308
186.28,330,327
186.28,304,305
186.28,327,328
186.28,307,305
186.34,327,327
186.34,311,308
186.34,321,324
186.34,315,310
186.34,318,321
186.34,321,315
186.35,312,316
186.4,323,319
186.4,308,311
186.4,325,320
186.4,306,308
186.4,328,326
186.4,301,304
186.41,326,326
186.47,305,302
186.47,324,325
186.47,304,303
186.47,321,324
186.47,306,305
186.47,317,321
186.48,314,309
186.53,312,314
186.53,316,314
186.53,308,311
186.53,319,316
186.53,304,306
186.54,323,319
186.54,303,304
186.61,324,323
186.61,300,301
186.61,325,324
186.61,304,302
186.61,325,324
186.61,308,304
186.61,321,322
186.67,310,306
186.67,315,318
186.67,313,310
186.67,310,314
186.67,319,316
186.67,309,311
186.67,323,321
186.73,306,308
186.73,326,324
186.73,303,306
186.73,326,326
186.73,302,303
186.73,327,327
186.74,307,304
186.79,324,325
186.79,308,307
186.79,321,324
186.79,315,311
186.79,316,320
186.8,319,315
186.81,313,316
186.87,323,319
186.87,308,311
186.87,324,322
186.87,305,308
186.87,327,326
186.87,306,305
186.87,331,329
186.93,305,304
186.93,326,328
186.93,306,305
186.93,323,325
186.93,313,308
186.93,317,320
186.94,315,311
186.99,312,316
186.99,317,314
186.99,306,311
186.99,323,320
186.99,305,307
186.99,326,322
187.0,302,303
187.06,323,323
187.06,302,302
187.06,323,323
187.06,303,301
187.06,321,322
187.06,305,303
187.07,317,320
187.08,309,306
187.09,314,317
187.1,312,310
187.15,310,313
187.15,318,315
187.15,305,308
187.15,321,318
187.15,301,302
187.15,323,321
187.16,301,301
187.22,322,322
187.22,300,300
187.22,321,323
187.22,305,302
187.22,319,321
187.22,303,303
187.23,314,318
187.28,310,307
187.28,311,314
187.28,313,310
187.28,304,309
187.28,318,316
187.28,302,305
187.29,321,318
187.36,298,302
187.36,323,322
187.36,299,299
187.36,324,323
187.36,303,300
187.36,321,323
187.36,305,302
187.42,319,321
187.42,308,306
187.42,314,318
187.42,316,312
187.42,313,315
187.42,320,317
187.42,308,311
187.48,325,321
187.48,306,308
187.48,326,326
187.48,305,306
187.48,330,328
187.48,307,306
187.49,328,328
187.54,307,307
187.54,327,329
187.54,311,308
187.54,322,325
187.54,318,313
187.55,319,321
187.56,323,318
187.61,315,317
187.61,328,322
187.61,313,314
187.61,330,327
187.61,311,313
187.61,332,330
187.62,310,309
187.69,332,332
187.69,310,308
187.69,331,331
187.69,310,309
187.69,323,326
187.69,315,312
187.69,320,324
187.75,318,314
187.75,317,319
187.75,324,320
187.75,314,315
187.75,328,323
187.75,309,311
187.75,327,326
187.81,306,307
187.81,328,326
187.81,307,305
187.81,329,327
187.81,305,304
187.81,324,326
187.82,310,307
187.87,320,323
187.87,313,309
187.87,319,321
187.87,319,314
187.87,310,315
187.87,320,317
187.88,307,311
187.94,326,322
187.94,307,307
187.94,327,325
187.94,304,304
187.94,329,326
187.94,303,303
187.95,327,325
188.0,303,302
188.0,322,322
188.0,310,305
188.0,317,318
188.0,313,309
188.01,311,315
188.01,318,313
188.08,306,310
188.08,320,317
188.08,303,306
188.08,323,320
188.08,304,304
188.08,324,323
188.08,302,301
188.14,325,324
188.14,303,301
188.14,322,324
188.14,304,303
188.14,318,322
188.14,311,308
188.15,315,317
188.2,314,311
188.2,311,314
188.2,319,317
188.2,307,310
188.2,323,320
188.2,307,307
188.21,326,323
188.26,304,305
188.26,325,325
188.26,302,302
188.26,327,326
188.26,305,303
188.27,321,323
188.28,307,304
188.33,316,320
188.33,311,309
188.33,312,315
188.33,316,313
188.33,308,311
188.33,318,317
188.34,307,307
188.4,325,321
188.4,302,304
188.4,325,322
188.4,300,301
188.4,326,325
188.4,304,302
188.41,323,324
188.47,303,302
188.47,318,320
188.47,307,306
188.47,315,319
188.47,314,309
188.47,310,314
188.47,317,313
188.53,306,309
188.53,322,317
188.53,302,304
188.53,324,321
188.53,301,303
188.53,324,323
188.54,303,302
188.59,323,324
188.59,302,301
188.59,321,323
188.59,305,301
188.59,316,319
188.6,311,306
188.6,314,316
188.67,314,311
188.67,309,312
188.67,321,316
188.67,306,306
188.67,323,320
188.67,304,305
188.67,324,323
188.73,303,301
188.73,324,323
188.73,301,300
188.73,323,324
188.73,305,302
188.73,319,321
188.73,307,303
188.79,314,317
188.79,313,308
188.79,311,313
188.79,318,312
188.79,305,308
188.79,317,315
188.8,303,305
188.85,323,320
188.85,302,302
188.85,323,322
188.85,301,302
188.85,325,324
188.86,302,301
188.87,322,323
188.92,306,304
188.92,318,321
188.92,311,308
188.92,314,318
188.92,318,313
188.92,310,314
188.93,318,316
188.99,309,310
188.99,324,321
188.99,305,307
188.99,327,324
188.99,303,305
188.99,326,326
189.0,304,303
189.06,326,326
189.06,304,303
189.06,323,324
189.06,307,306
189.06,319,321
189.06,316,310
189.06,313,316
189.12,317,313
189.12,308,311
189.12,322,318
189.12,307,308
189.12,321,320
189.12,302,304
189.13,324,322
189.18,299,301
189.18,323,324
189.18,301,300
189.18,322,322
189.18,306,304
189.19,319,321
189.19,313,308
189.26,316,320
189.26,313,311
189.26,312,315
189.26,319,316
189.26,308,311
189.26,323,320
189.26,305,307
189.32,325,324
189.32,302,305
189.32,326,325
189.32,305,304
189.32,327,327
189.32,307,305
189.32,325,326
189.38,309,307
189.38,319,322
189.38,315,311
189.38,315,319
189.38,321,317
189.38,313,315
189.39,326,322
189.45,310,313
189.45,326,324
189.45,309,310
189.45,329,328
189.45,307,309
189.45,333,331
189.46,309,308
189.51,326,329
189.51,312,309
189.51,324,327
189.51,314,312
189.51,320,324
189.51,316,314
189.52,316,319
189.57,321,318
189.57,311,313
189.57,326,322
189.57,306,307
189.57,326,322
189.58,305,305
189.59,326,324
189.65,303,303
189.65,325,324
189.65,303,301
189.65,320,322
189.65,305,301
189.65,316,317
189.65,306,302
189.71,309,312
189.71,309,305
189.71,302,306
189.71,314,309
189.71,299,301
189.71,316,313
189.72,297,297
189.77,315,312
189.77,294,293
189.77,318,316
189.77,292,293
189.77,313,316
189.78,297,294
189.78,312,315
189.84,300,299
189.84,310,312
189.84,306,301
189.84,305,308
189.84,311,305
189.84,299,302
189.85,312,310
189.91,297,298
189.91,314,313
189.91,296,297
189.91,316,316
189.91,296,296
189.91,318,319
189.91,296,296
189.98,316,318
189.98,300,297
189.98,313,316
189.98,305,302
189.98,311,314
189.98,311,308
189.98,307,310
190.04,316,314
190.04,306,308
190.04,322,318
190.04,303,307
190.04,323,323
190.04,303,304
190.05,328,326
190.1,305,304
190.1,327,328
190.1,309,306
190.1,324,327
190.1,312,309
190.1,322,326
190.11,318,312
190.16,318,321
190.16,323,319
190.16,314,316
190.16,328,324
190.16,312,316
190.17,330,327
190.18,311,312
190.24,332,331
190.24,310,309
190.24,332,333
190.24,312,310
190.24,332,333
190.24,316,313
190.24,330,334
190.3,322,319
190.3,330,333
190.3,331,326
190.3,327,331
190.3,334,332
190.3,327,329
190.31,340,339
190.37,324,326
190.37,346,343
190.37,324,326
190.37,347,345
190.37,325,324
190.37,346,349
190.37,329,326
190.43,345,348
190.43,334,330
190.43,342,347
190.43,336,334
190.43,340,343
190.43,343,337
190.44,337,339
190.49,349,345
190.49,334,335
190.49,349,347
190.49,332,332
190.49,354,351
190.5,331,331
190.5,353,352
190.57,329,329
190.57,351,352
190.57,331,328
190.57,346,348
190.57,334,332
190.57,342,346
190.57,341,337
190.63,342,344
190.63,347,343
190.63,336,340
190.63,349,346
190.63,332,334
190.63,351,349
190.64,329,331
190.7,351,350
190.7,326,327
190.7,351,350
190.7,328,326
190.7,348,348
190.7,331,327
190.7,343,344
190.76,333,328
190.76,335,338
190.76,334,331
190.76,328,330
190.76,337,333
190.76,324,327
190.77,339,336
190.82,318,321
190.82,340,338
190.82,317,317
190.82,337,338
190.82,316,315
190.82,336,336
190.83,317,315
190.88,333,334
190.88,318,317
190.88,328,330
190.88,324,320
190.88,321,323
190.89,324,320
190.9,314,317
190.96,328,325
190.96,313,313
190.96,327,325
190.96,309,310
190.96,330,329
190.96,305,306
190.96,328,328
191.03,307,304
191.03,326,327
191.03,306,304
191.03,319,322
191.03,313,308
191.03,314,317
191.03,314,310
191.09,309,313
191.09,319,314
191.09,304,308
191.09,319,317
191.09,305,305
191.09,320,320
191.09,303,303
191.15,327,325
191.15,302,302
191.15,324,325
191.15,306,304
191.15,325,326
191.15,309,306
191.16,321,323
191.21,315,312
191.21,317,320
191.21,320,316
191.21,311,316
191.21,326,322
191.22,307,311
191.23,328,325
191.28,306,309
191.28,328,326
191.28,306,306
191.28,329,328
191.28,306,305
191.28,329,329
191.29,311,307
191.35,325,326
191.35,311,309
191.35,318,321
191.35,317,312
191.35,312,316
191.35,319,316
191.36,306,310
191.42,322,319
191.42,306,306
191.42,322,320
191.42,302,302
191.42,326,323
191.42,301,300
191.42,320,322
191.48,301,300
191.48,318,320
191.48,303,301
191.48,314,318
191.48,308,305
191.48,310,313
191.49,311,308
191.54,305,308
191.54,317,314
191.54,301,304
191.54,319,316
191.54,299,302
191.54,320,320
191.55,298,299
191.6,320,321
191.6,299,299
191.6,320,322
191.6,302,299
191.6,318,319
191.61,306,303
191.62,313,316
191.68,310,307
191.68,307,311
191.68,312,309
191.68,303,306
191.68,318,314
191.68,302,304
191.68,320,317
191.74,300,301
191.74,324,321
191.74,299,299
191.74,320,321
191.74,302,298
191.74,320,321
191.75,303,300
191.81,317,319
191.81,306,303
191.81,311,314
191.81,312,308
191.81,309,310
191.81,314,311
191.81,304,305
191.87,320,317
191.87,301,301
191.87,321,318
191.87,298,299
191.87,320,319
191.87,299,298
191.88,320,320
191.93,300,298
191.93,317,319
191.93,304,301
191.93,313,315
191.93,309,305
191.94,310,312
191.95,314,310
192.01,305,308
192.01,318,315
192.01,300,303
192.01,321,319
192.01,299,300
192.01,320,319
192.01,297,298
192.07,323,322
192.07,298,299
192.07,318,320
192.07,302,301
192.07,317,320
192.07,310,304
192.08,314,316
192.14,312,309
192.14,309,312
192.14,319,314
192.14,307,308
192.14,323,319
192.14,304,307
192.14,327,323
192.2,303,303
192.2,324,325
192.2,304,303
192.2,325,324
192.2,304,303
192.2,320,323
192.21,307,304
192.26,318,320
192.26,311,308
192.26,315,318
192.26,317,312
192.26,310,314
192.27,325,319
192.27,308,310
192.34,324,322
192.34,304,306
192.34,323,323
192.34,304,304
192.34,326,324
192.34,303,301
192.34,323,325
192.4,305,304
192.4,318,322
192.4,309,306
192.4,315,317
192.4,314,308
192.4,310,312
192.4,314,311
192.46,302,304
192.46,315,312
192.46,297,300
192.46,318,315
192.46,295,297
192.46,318,316
192.47,294,292
192.52,315,315
192.52,293,292
192.52,310,314
192.52,296,294
192.52,306,311
192.53,301,296
192.54,303,306
192.6,308,302
192.6,300,302
192.6,309,307
192.6,297,297
192.6,312,311
192.6,294,295
192.6,315,312
192.66,292,293
192.66,315,312
192.66,293,291
192.66,312,313
192.66,294,291
192.66,307,310
192.67,297,294
192.73,304,306
192.73,301,298
192.73,298,302
192.73,307,302
192.73,294,298
192.73,309,306
192.73,294,296
192.79,310,309
192.79,289,292
192.79,314,312
192.79,291,292
192.79,311,312
192.79,290,290
192.8,309,311
192.85,298,293
192.85,306,310
192.85,300,298
192.85,305,306
192.85,306,303
192.86,303,305
192.86,311,308
192.93,298,302
192.93,313,312
192.93,297,299
192.93,318,317
192.93,298,298
192.93,321,319
192.93,297,297
192.99,317,319
192.99,301,297
192.99,314,318
192.99,305,300
192.99,308,313
192.99,308,304
192.99,307,311
193.05,312,308
193.05,301,304
193.05,315,312
193.05,301,301
193.05,319,316
193.05,298,300
193.06,320,318
193.11,299,299
193.11,320,320
193.11,301,299
193.11,320,321
193.11,305,301
193.12,316,319
193.13,307,302
193.18,311,313
193.18,310,309
193.18,305,309
193.18,314,311
193.18,301,305
193.18,317,314
193.19,298,302
193.26,322,320
193.26,299,301
193.26,323,322
193.26,303,301
193.26,322,323
193.26,301,301
193.26,321,322
193.32,306,303
193.32,317,318
193.32,310,307
193.32,312,315
193.32,316,312
193.32,311,313
193.32,320,318
193.38,308,308
193.38,325,322
193.38,306,306
193.38,328,326
193.38,307,305
193.38,327,326
193.39,304,303
193.44,325,327
193.44,310,305
193.44,321,323
193.44,310,308
193.44,320,320
193.45,315,313
193.45,315,317
193.51,322,318
193.51,309,313
193.51,326,322
193.51,306,308
193.51,327,325
193.51,304,307
193.52,330,328
193.58,306,307
193.58,329,328
193.58,308,306
193.58,327,327
193.58,313,309
193.58,322,325
193.58,316,313
193.65,319,320
193.65,321,316
193.65,312,316
193.65,324,320
193.65,311,312
193.65,326,324
193.65,306,308
193.71,330,327
193.71,307,306
193.71,328,328
193.71,307,306
193.71,325,328
193.71,309,307
193.72,325,326
193.77,313,310
193.77,319,322
193.77,318,314
193.77,316,318
193.77,320,317
193.77,310,313
193.78,325,322
193.83,305,308
193.83,327,323
193.83,305,306
193.83,328,326
193.83,307,305
193.84,327,327
193.85,307,306
193.91,323,326
193.91,311,307
193.91,322,323
193.91,314,310
193.91,316,320
193.91,320,314
193.91,314,315
193.97,321,318
193.97,310,311
193.97,325,323
193.97,307,308
193.97,329,327
193.97,304,306
193.98,328,328
194.03,306,306
194.03,326,327
194.03,307,305
194.03,322,325
194.03,312,310
194.03,323,324
194.04,318,315
194.1,320,321
194.1,324,321
194.1,315,318
194.1,330,325
194.1,312,315
194.1,331,329
194.11,314,313
194.16,333,333
194.16,312,311
194.16,332,333
194.16,311,311
194.16,329,332
194.17,317,313
194.17,326,329
194.24,320,316
194.24,323,326
194.24,324,320
194.24,317,321
194.24,327,326
194.24,316,319
194.24,331,329
194.3,315,315
194.3,332,331
194.3,311,312
194.3,335,333
194.3,311,310
194.3,333,334
194.31,317,313
194.36,331,333
194.36,317,317
194.36,329,330
194.36,323,319
194.36,323,325
194.36,326,322
194.37,318,319
194.42,330,327
194.42,314,317
194.42,333,330
194.42,310,313
194.42,334,332
194.43,310,312
194.44,334,333
194.45,314,312
194.46,330,332
194.46,315,312
194.52,329,331
194.52,319,316
194.52,325,327
194.52,325,321
194.52,318,323
194.52,330,325
194.53,316,319
194.6,330,329
194.6,313,314
194.6,334,330
194.6,311,311
194.6,335,332
194.6,310,311
194.6,335,334
194.66,312,311
194.66,330,332
194.66,318,314
194.66,324,328
194.66,321,317
194.66,322,325
194.66,326,323
194.72,318,321
194.72,329,326
194.72,314,317
194.72,334,332
194.72,313,314
194.72,335,333
194.73,310,312
194.78,334,333
194.78,310,310
194.78,332,333
194.78,313,311
194.78,325,328
194.78,316,313
194.79,322,325
194.85,320,316
194.85,317,319
194.85,325,321
194.85,313,315
194.85,327,323
194.85,311,312
194.86,329,326
194.92,308,309
194.92,329,327
194.92,307,307
194.92,329,330
194.92,309,308
194.92,328,329
194.92,313,308
194.99,321,324
194.99,318,312
194.99,316,318
194.99,319,315
194.99,313,314
194.99,322,319
194.99,309,311
195.05,323,321
195.05,304,307
195.05,326,325
195.05,302,304
195.05,324,324
195.05,305,304
195.05,324,325
195.11,306,305
195.11,322,323
195.11,311,307
195.11,317,320
195.11,314,312
195.11,311,316
195.12,320,316
195.17,310,313
195.17,325,322
195.17,309,310
195.17,329,325
195.17,304,307
195.18,328,327
195.19,305,306
195.24,329,327
195.24,306,304
195.24,323,326
195.24,312,308
195.24,323,324
195.24,315,311
195.25,319,320
195.31,319,314
195.31,312,316
195.31,322,318
195.31,306,310
195.31,325,322
195.31,304,307
195.32,326,323
195.38,302,303
195.38,328,325
195.38,305,302
195.38,323,322
195.38,304,303
195.38,321,322
195.38,308,306
195.44,317,319
195.44,313,309
195.44,312,315
195.44,317,314
195.44,307,309
195.44,322,318
195.45,306,307
195.5,324,321
195.5,303,304
195.5,326,324
195.5,301,303
195.5,325,325
195.51,302,302
195.51,322,323
195.58,304,302
195.58,317,320
195.58,309,308
195.58,315,317
195.58,315,312
195.58,308,313
195.58,320,316
195.64,308,310
195.64,322,320
195.64,306,307
195.64,324,324
195.64,305,306
195.64,325,326
195.64,306,304
195.7,324,325
195.7,305,303
195.7,321,322
195.7,311,308
195.7,318,319
195.7,311,309
195.71,314,316
195.77,317,314
195.77,307,310
195.77,321,318
195.77,303,307
195.77,324,322
195.77,304,305
195.78,326,325
195.83,305,304
195.83,325,326
195.83,305,303
195.83,325,326
195.83,309,305
195.83,321,323
195.84,312,308
195.89,316,320
195.89,316,311
195.89,310,314
195.89,319,317
195.89,306,309
195.9,322,319
195.91,302,305
195.97,325,323
195.97,302,304
195.97,327,325
195.97,302,303
195.97,324,325
195.97,306,305
195.97,326,325
196.03,310,307
196.03,320,323
196.03,317,312
196.03,313,318
196.03,318,315
196.03,313,316
196.04,324,322
196.09,310,313
196.09,326,325
196.09,308,309
196.09,331,328
196.09,306,307
196.09,329,329
196.1,308,308
196.15,327,329
196.15,312,310
196.15,329,330
196.15,316,312
196.15,324,325
196.16,322,319
196.17,319,321
196.23,329,325
196.23,316,319
196.23,332,329
196.23,314,316
196.23,334,332
196.23,312,313
196.23,336,333
196.3,314,312
196.3,337,336
196.3,316,314
196.3,335,335
196.3,316,314
196.3,328,330
196.3,319,317
196.36,322,326
196.36,325,321
196.36,320,322
196.36,331,327
196.36,314,316
196.36,330,329
196.37,312,314
196.42,335,332
196.42,313,311
196.42,332,333
196.42,313,310
196.42,331,333
196.42,314,311
196.43,329,330
196.48,318,314
196.48,322,325
196.48,321,319
196.48,319,322
196.48,325,322
196.49,315,316
196.5,328,326
196.55,312,313
196.55,329,327
196.55,308,310
196.55,329,328
196.55,307,306
196.55,328,328
196.56,307,305
196.62,325,327
196.62,309,307
196.62,321,324
196.62,313,309
196.62,314,318
196.62,318,313
196.63,311,313
196.69,319,317
196.69,305,308
196.69,320,318
196.69,304,304
196.69,325,321
196.69,298,300
196.69,323,321
196.75,301,299
196.75,321,321
196.75,303,302
196.75,319,320
196.75,309,304
196.75,315,317
196.76,313,307
196.81,309,313
196.81,316,312
196.81,307,309
196.81,322,317
196.81,304,307
196.82,322,320
196.82,303,303
196.89,324,322
196.89,302,301
196.89,325,324
196.89,302,302
196.89,321,323
196.89,308,305
196.89,319,321
196.95,311,308
196.95,315,318
196.95,315,311
196.95,309,314
196.95,321,318
196.95,309,311
196.96,325,322
197.02,307,308
197.02,329,327
197.02,307,308
197.02,329,329
197.02,307,306
197.02,326,328
197.02,308,307
197.08,325,327
197.08,312,310
197.08,319,322
197.08,316,311
197.08,316,318
197.08,321,317
197.09,310,314
197.14,326,321
197.14,308,311
197.14,326,324
197.14,306,308
197.14,329,327
197.14,307,307
197.15,329,329
197.2,309,307
197.2,329,329
197.2,312,309
197.2,324,328
197.2,315,312
197.21,319,322
197.22,319,315
197.28,315,319
197.28,322,319
197.28,312,313
197.28,327,324
197.28,309,311
197.28,331,327
197.28,308,308
197.34,330,329
197.34,307,306
197.34,330,330
197.34,311,308
197.34,326,329
197.34,314,311
197.35,322,326
197.4,319,314
197.4,318,321
197.4,323,320
197.4,314,318
197.4,326,323
197.41,311,314
197.41,331,327
197.47,311,312
197.47,332,331
197.47,311,311
197.47,332,332
197.47,312,309
197.47,330,333
197.48,316,313
197.53,328,330
197.53,317,315
197.53,323,328
197.53,324,321
197.53,322,323
197.54,328,324
197.55,314,317
197.61,331,328
197.61,313,314
197.61,333,330
197.61,310,311
197.61,332,332
197.61,311,309
197.61,334,333
197.67,312,310
197.67,331,331
197.67,316,313
197.67,326,327
197.67,323,319
197.67,325,327
197.68,327,322
197.73,319,323
197.73,330,328
197.73,315,318
197.73,332,330
197.73,315,315
197.73,335,334
197.74,313,314
197.8,337,335
197.8,312,311
197.8,332,335
197.8,318,315
197.8,332,334
197.8,321,317
197.81,326,330
197.86,325,321
197.86,323,325
197.86,329,324
197.86,318,320
197.86,332,330
197.86,316,317
197.87,334,332
197.94,316,316
197.94,336,336
197.94,315,314
197.94,337,336
197.94,317,314
197.94,333,334
197.94,319,314
198.0,327,330
198.0,323,318
198.0,325,327
198.0,324,322
198.0,321,323
198.0,331,326
198.0,318,319
198.06,333,329
198.06,314,315
198.06,333,331
198.06,311,311
198.06,336,335
198.06,311,311
198.07,330,333
198.12,313,311
198.12,331,332
198.12,319,315
198.12,326,329
198.12,323,319
198.13,323,326
198.13,328,325
198.19,318,322
198.19,332,330
198.19,317,318
198.19,334,333
198.19,313,315
198.19,337,334
198.2,311,311
198.26,333,333
198.26,314,310
198.26,330,332
198.26,314,311
198.26,327,329
198.26,316,315
198.27,322,324
198.33,324,318
198.33,318,319
198.33,327,323
198.33,311,314
198.33,327,325
198.33,310,312
198.33,331,329
198.39,309,309
198.39,333,332
198.39,309,308
198.39,331,331
198.39,313,310
198.39,329,330
198.4,316,313
198.45,322,325
198.45,318,315
198.45,319,322
198.45,322,320
198.45,315,316
198.45,326,324
198.46,310,313
198.53,329,327
198.53,307,309
198.53,331,329
198.53,309,307
198.53,331,328
198.53,306,308
198.53,329,328
198.59,311,309
198.59,325,327
198.59,317,312
198.59,321,324
198.59,323,319
198.59,318,321
198.59,325,322
198.65,313,317
198.65,329,326
198.65,309,312
198.65,329,328
198.65,309,310
198.65,331,330
198.66,308,309
198.72,331,331
198.72,310,309
198.72,329,329
198.72,315,312
198.72,322,326
198.72,321,316
198.72,321,323
198.78,325,320
198.78,315,318
198.78,327,324
198.78,314,314
198.78,332,329
198.78,308,310
198.79,332,331
198.84,309,309
198.84,334,332
198.84,310,310
198.84,331,332
198.84,314,310
198.85,328,330
198.86,320,315
198.92,322,325
198.92,321,317
198.92,318,321
198.92,327,323
198.92,314,317
198.92,331,327
198.92,310,313
198.98,334,331
198.98,309,310
198.98,331,330
198.98,310,309
198.98,331,330
198.98,311,308
198.99,326,328
199.04,314,311
199.04,326,326
199.04,319,315
199.04,320,322
199.04,322,319
199.04,314,317
199.05,324,322
199.11,310,313
199.11,326,326
199.11,311,311
199.11,329,328
199.11,306,308
199.11,330,330
199.12,309,307
199.17,329,328
199.17,310,307
199.17,327,328
199.17,315,310
199.17,320,324
199.18,319,315
199.18,314,318
199.25,324,321
199.25,312,316
199.25,327,324
199.25,312,312
199.25,331,328
199.25,309,310
199.25,328,329
199.31,306,306
199.31,330,330
199.31,310,308
199.31,328,328
199.31,313,310
199.31,322,325
199.31,315,311
199.37,317,320
199.37,319,316
199.37,311,315
199.37,323,320
199.37,308,311
199.37,325,323
199.38,306,307
199.43,329,325
199.43,306,305
199.43,329,329
199.43,306,304
199.43,328,329
199.44,308,306
199.45,325,327
199.5,314,309
199.5,320,323
199.5,318,314
199.5,314,317
199.5,323,318
199.5,312,314
199.51,326,321
199.57,309,310
199.57,326,323
199.57,303,305
199.57,328,327
199.57,304,303
199.57,325,325
199.58,306,303
199.64,323,323
199.64,307,303
199.64,316,320
199.64,309,306
199.64,315,317
199.64,315,312
199.64,309,312
199.7,318,316
199.7,307,308
199.7,323,319
199.7,305,306
199.7,322,322
199.7,304,303
199.71,325,324
199.76,300,301
199.76,324,324
199.76,302,301
199.76,321,323
199.76,309,306
199.76,316,319
199.77,314,312
199.82,316,319
199.82,322,317
199.82,312,314
199.82,325,320
199.82,305,308
199.83,325,323
199.84,304,306
199.9,331,327
199.9,305,305
199.9,328,330
199.9,307,304
199.9,324,327
199.9,311,308
199.9,323,324
199.96,315,310
199.96,319,321
199.96,319,316
199.96,315,317
199.96,323,320
199.96,311,313
199.97,327,325
200.03,310,311
200.03,329,328
200.03,308,309
200.03,330,330
200.03,308,308
200.03,332,332
200.04,312,309
200.09,327,329
200.09,314,311
200.09,324,326
200.09,319,315
200.09,318,322
200.09,325,321
200.1,313,317
200.17,327,325
200.17,313,315
200.17,328,326
200.17,310,312
200.17,332,330
200.17,310,310
200.17,335,333
200.23,310,309
200.23,330,330
200.23,315,311
200.23,326,329
200.23,316,314
200.23,323,325
200.23,323,319
200.29,317,320
200.29,328,324
200.29,315,318
200.29,328,326
200.29,312,313
200.29,333,331
200.3,311,313
200.35,332,332
200.35,309,310
200.35,332,332
200.35,312,310
200.35,330,331
200.35,317,313
200.36,326,329
200.42,318,317
200.42,321,322
200.42,323,319
200.42,314,319
200.42,328,326
200.42,312,316
200.43,331,329
200.48,309,311
200.48,332,331
200.48,309,310
200.48,332,331
200.48,312,309
200.49,331,332
200.49,313,311
200.56,327,329
200.56,317,312
200.56,323,325
200.56,324,318
200.56,318,321
200.56,324,322
200.56,312,316
200.62,326,325
200.62,310,311
200.62,325,325
200.62,308,309
200.62,329,328
200.62,307,307
200.62,327,330
200.68,308,305
200.68,325,327
200.68,310,307
200.68,321,323
200.68,314,310
200.68,315,319
200.69,316,314
200.74,309,313
200.74,322,318
200.74,305,309
200.74,325,320
200.74,304,307
200.75,327,324
200.76,304,303
200.81,325,325
200.81,305,304
200.81,326,326
200.81,308,305
200.81,322,324
200.81,311,306
200.82,319,322
200.89,319,314
200.89,314,318
200.89,323,317
200.89,310,313
200.89,324,322
200.89,309,310
200.89,328,326
200.95,306,308
200.95,328,327
200.95,307,306
200.95,328,328
200.95,309,306
200.95,324,328
200.95,311,308
201.01,320,324
201.01,315,310
201.01,315,320
201.01,318,316
201.01,312,318
201.01,325,320
201.02,312,313
201.07,330,326
201.07,308,311
201.07,334,330
201.07,309,309
201.07,332,331
201.08,308,308
201.08,331,332
201.14,312,311
201.14,329,331
201.14,319,315
201.14,328,329
201.14,321,318
201.14,320,324
201.15,328,324
201.2,319,320
201.2,329,326
201.2,314,316
201.2,335,332
201.2,313,313
201.21,334,334
201.21,310,313
201.28,335,334
201.28,314,312
201.28,331,333
201.28,315,313
201.28,329,330
201.28,319,315
201.28,323,325
201.34,323,319
201.34,320,322
201.34,328,323
201.34,315,317
201.34,331,328
201.34,314,313
201.35,331,330
201.4,307,310
201.4,333,332
201.4,309,310
201.4,330,332
201.4,314,310
201.4,327,330
201.41,315,313
201.47,324,327
201.47,319,315
201.47,322,323
201.47,324,321
201.47,315,319
201.47,327,324
201.48,310,312
201.53,327,327
201.53,309,311
201.53,332,329
201.53,307,307
201.53,329,329
201.53,306,306
201.54,328,329
201.59,310,308
201.59,323,325
201.59,311,308
201.59,318,320
201.59,319,314
201.6,313,316
201.61,317,316
201.67,306,311
201.67,323,320
201.67,306,307
201.67,325,322
201.67,300,302
201.67,325,323
201.67,303,302
201.73,325,324
201.73,303,301
201.73,318,321
201.73,303,302
201.73,314,318
201.73,309,305
201.74,309,312
201.8,310,308
201.8,306,307
201.8,317,313
201.8,303,304
201.8,319,314
201.8,297,299
201.8,318,317
201.86,294,297
201.86,319,318
201.86,296,296
201.86,318,318
201.86,299,297
201.86,316,317
201.87,304,301
201.92,313,315
201.92,309,306
201.92,306,310
201.92,314,310
201.92,304,306
201.93,316,313
201.94,300,303
202.0,318,316
202.0,299,300
202.0,322,319
202.0,297,296
202.0,318,318
202.0,300,297
202.0,319,319
202.06,303,300
202.06,312,316
202.06,307,303
202.06,308,312
202.06,312,307
202.06,305,309
202.07,318,314
202.08,303,304
202.09,319,317
202.1,298,302
202.16,324,321
202.16,300,302
202.16,321,321
202.16,303,301
202.16,325,325
202.16,305,302
202.16,320,322
202.22,310,304
202.22,318,320
202.22,314,310
202.22,312,317
202.22,322,317
202.22,311,314
202.23,326,322
202.28,309,311
202.28,327,324
202.28,307,308
202.28,328,328
202.28,307,306
202.28,329,328
202.29,307,305
202.34,326,328
202.34,311,307
202.34,320,323
202.34,313,310
202.34,316,320
202.35,316,314
202.36,313,315
202.41,323,318
202.41,307,310
202.41,323,321
202.41,307,307
202.41,327,324
202.41,302,306
202.42,324,325
202.49,303,304
202.49,326,326
202.49,307,304
202.49,323,324
202.49,312,308
202.49,320,323
202.49,317,312
202.55,318,319
202.55,321,318
202.55,313,316
202.55,325,322
202.55,311,312
202.55,329,327
202.55,309,309
202.61,331,328
202.61,307,308
202.61,330,330
202.61,308,307
202.61,329,331
202.61,312,308
202.62,325,327
202.67,316,312
202.67,320,325
202.67,320,317
202.67,317,319
202.67,326,322
202.68,312,316
202.69,328,326
202.75,311,313
202.75,331,328
202.75,310,311
202.75,334,332
202.75,310,310
202.75,331,332
202.75,312,311
202.81,328,332
202.81,316,313
202.81,326,330
202.81,324,321
202.81,324,327
202.81,328,323
202.82,320,322
202.88,333,328
202.88,318,319
202.88,335,333
202.88,317,317
202.88,337,336
202.88,314,314
202.88,338,338
202.94,314,315
202.94,338,338
202.94,321,317
202.94,335,335
202.94,323,319
202.94,329,332
202.95,326,323
203.0,325,327
203.0,331,327
203.0,320,323
203.0,336,332
203.0,319,320
203.0,335,335
203.01,316,316
203.08,337,335
203.08,315,314
203.08,336,336
203.08,314,313
203.08,331,333
203.08,319,316
203.08,331,333
203.14,321,318
203.14,326,327
203.14,328,324
203.14,320,323
203.14,329,326
203.14,316,320
203.14,333,332
203.2,316,318
203.2,339,336
203.2,316,315
203.2,337,337
203.2,317,316
203.2,337,337
203.21,318,315
203.27,332,336
203.27,322,320
203.27,333,334
203.27,330,325
203.27,326,330
203.27,333,329
203.28,325,328
203.33,336,335
203.33,320,324
203.33,338,338
203.33,321,322
203.33,340,341
203.33,321,319
203.34,342,342
203.39,321,320
203.39,336,340
203.39,321,320
203.39,332,336
203.39,325,321
203.4,330,331
203.41,329,323
203.47,325,327
203.47,333,328
203.47,318,320
203.47,333,332
203.47,315,317
203.47,335,334
203.47,314,315
203.53,334,335
203.53,311,313
203.53,334,334
203.53,314,312
203.53,330,331
203.53,316,314
203.54,324,328
203.59,322,316
203.59,319,323
203.59,323,320
203.59,317,318
203.59,328,325
203.59,312,315
203.6,330,327
203.66,309,310
203.66,327,328
203.66,308,307
203.66,329,330
203.66,309,306
203.66,326,328
203.67,310,309
203.72,324,326
203.72,315,310
203.72,321,323
203.72,320,315
203.72,314,317
203.73,324,320
203.73,311,314
203.8,325,322
203.8,309,310
203.8,329,326
203.8,307,308
203.8,328,329
203.8,306,306
203.8,331,330
203.86,308,306
203.86,326,327
203.86,312,309
203.86,320,324
203.86,314,311
203.86,316,319
203.86,319,316
203.92,313,316
203.92,325,320
203.92,308,311
203.92,327,324
203.92,307,307
203.92,326,325
203.93,304,304
203.98,327,327
203.98,306,305
203.98,325,326
203.98,308,306
203.98,323,325
203.99,314,309
204.0,319,322
204.06,317,314
204.06,314,317
204.06,318,316
204.06,310,312
204.06,324,320
204.06,307,309
204.06,328,324
204.12,307,307
204.12,330,326
204.12,306,305
204.12,330,328
204.12,307,305
204.12,327,327
204.13,311,309
204.18,325,327
204.18,317,313
204.18,321,322
204.18,320,318
204.19,317,319
204.19,327,323
204.19,314,314
204.25,325,324
204.25,307,309
204.25,328,328
204.25,307,309
204.25,329,329
204.25,306,305
204.26,329,328
204.31,310,307
204.31,325,328
204.31,311,309
204.31,320,323
204.31,317,313
204.32,315,319
204.32,320,317
204.39,310,314
204.39,322,320
204.39,307,308
204.39,327,324
204.39,307,307
204.39,327,324
204.39,302,304
204.45,328,327
204.45,305,304
204.45,326,326
204.45,308,305
204.45,321,324
204.45,311,309
204.45,317,319
204.51,314,311
204.51,311,313
204.51,321,317
204.51,309,311
204.51,324,321
204.51,306,306
204.52,327,324
204.57,302,304
204.57,327,325
204.57,305,303
204.57,325,325
204.57,305,304
204.58,323,324
204.59,310,305
204.64,320,322
204.64,314,311
204.64,315,318
204.64,320,316
204.64,312,314
204.64,325,321
204.65,309,309
204.71,328,324
204.71,307,307
204.71,328,325
204.71,306,304
204.71,326,326
204.71,306,304
204.72,325,325
204.78,308,305
204.78,323,324
204.78,310,308
204.78,317,320
204.78,318,314
204.78,315,318
204.78,322,318
204.84,311,313
204.84,328,324
204.84,308,310
204.84,328,326
204.84,307,309
204.84,330,330
204.85,308,308
204.9,330,329
204.9,309,308
204.9,330,330
204.9,315,311
204.9,325,327
204.91,318,314
204.91,322,325
204.96,322,319
204.96,317,320
204.96,328,324
204.96,314,317
204.96,333,330
204.97,314,314
204.98,336,333
205.04,312,314
205.04,336,335
205.04,313,311
205.04,332,332
205.04,315,312
205.04,328,331
205.04,317,312
205.1,323,325
205.1,321,318
205.1,321,323
205.1,325,321
205.1,317,320
205.1,332,329
205.11,316,317
205.16,336,332
205.16,315,316
205.16,338,337
205.16,316,316
205.16,339,339
205.17,316,315
205.18,335,336
205.23,319,317
205.23,333,336
205.23,326,321
205.23,329,331
205.23,331,326
205.23,322,325
205.24,333,329
205.3,321,322
205.3,336,333
205.3,315,318
205.3,338,336
205.3,313,316
205.3,336,336
205.31,315,313
205.37,337,335
205.37,315,312
205.37,331,334
205.37,319,316
205.37,326,329
205.37,321,317
205.37,321,323
205.43,324,320
205.43,315,318
205.43,327,324
205.43,311,312
205.43,329,326
205.43,306,309
205.44,327,326
205.49,306,305
205.49,329,327
205.49,305,304
205.49,325,325
205.49,307,304
205.5,321,323
205.5,313,307
205.57,314,318
205.57,314,310
205.57,310,314
205.57,321,317
205.57,310,312
205.57,324,320
205.57,304,307
205.63,325,322
205.63,301,302
205.63,327,325
205.63,302,304
205.63,323,323
205.63,304,302
205.63,319,322
205.69,307,303
205.69,315,320
205.69,311,306
205.69,312,315
205.69,313,311
205.69,309,311
205.7,319,316
205.76,304,307
205.76,323,320
205.76,304,304
205.76,322,321
205.76,298,301
205.76,322,323
205.77,299,298
205.82,318,320
205.82,301,299
205.82,314,316
205.82,304,301
205.82,312,314
205.82,307,304
205.83,305,308
205.88,309,307
205.88,301,303
205.88,314,310
205.88,300,301
205.88,318,314
205.89,298,297
205.9,319,317
205.96,296,296
205.96,319,318
205.96,298,296
205.96,317,318
205.96,302,298
205.96,312,316
205.96,305,302
206.02,309,312
206.02,312,307
206.02,307,308
206.02,315,312
206.02,303,305
206.02,319,317
206.03,300,303
206.09,323,321
206.09,301,302
206.09,325,324
206.09,298,301
206.09,320,323
206.09,304,301
206.09,319,321
206.15,305,302
206.15,314,316
206.15,311,306
206.15,310,313
206.15,316,313
206.15,310,311
206.16,323,319
206.21,309,310
206.21,329,325
206.21,310,309
206.21,330,329
206.21,307,308
206.22,331,331
206.22,312,310
206.29,333,333
206.29,316,313
206.29,329,332
206.29,321,316
206.29,326,329
206.29,326,322
206.29,322,325
206.35,331,327
206.35,317,321
206.35,335,332
206.35,316,318
206.35,337,335
206.35,315,317
206.36,340,341
206.41,321,321
206.41,344,344
206.41,327,325
206.41,344,344
206.41,328,326
206.41,338,341
206.42,333,330
206.47,339,340
206.47,340,338
206.47,333,337
206.47,345,343
206.47,330,333
206.48,348,346
206.49,329,331
206.55,352,349
206.55,328,328
206.55,352,350
206.55,328,327
206.55,350,350
206.55,329,329
206.55,344,348
206.61,333,330
206.61,340,343
206.61,339,333
206.61,335,339
206.61,343,338
206.61,332,334
206.62,344,342
206.67,328,329
206.67,346,343
206.67,323,324
206.67,345,344
206.67,321,322
206.67,345,344
206.68,321,322
206.74,340,342
206.74,327,323
206.74,336,339
206.74,330,327
206.74,333,336
206.74,336,331
206.75,328,330
206.8,336,334
206.8,323,326
206.8,338,337
206.8,321,322
206.8,341,339
206.81,316,317
206.81,338,337
206.88,315,316
206.88,335,336
206.88,315,313
206.88,331,332
206.88,316,314
206.88,328,329
206.88,319,316
206.94,318,321
206.94,326,321
206.94,316,318
206.94,327,323
206.94,309,311
206.94,326,326
206.94,306,308
207.0,327,328
207.0,306,306
207.0,328,327
207.0,309,307
207.0,330,330
207.0,311,308
207.01,322,326
207.06,316,312
207.06,321,324
207.06,321,317
207.06,315,318
207.06,324,321
207.07,313,316
207.08,327,325
207.13,310,312
207.13,332,329
207.13,309,310
207.13,332,331
207.13,307,307
207.13,329,329
207.14,308,306
207.2,326,327
207.2,311,309
207.2,322,324
207.2,315,311
207.2,313,316
207.2,317,314
207.21,309,312
207.27,320,317
207.27,304,307
207.27,319,318
207.27,302,303
207.27,323,321
207.27,302,303
207.27,325,325
207.33,305,303
207.33,324,325
207.33,308,305
207.33,323,326
207.33,313,309
207.33,320,322
207.34,315,312
207.39,314,319
207.39,323,318
207.39,311,313
207.39,326,324
207.39,312,313
207.4,329,327
207.4,307,309
207.46,329,328
207.46,305,306
207.46,331,330
207.46,310,308
207.46,327,328
207.46,310,309
207.47,325,326
207.53,317,314
207.53,320,322
207.53,321,319
207.53,317,320
207.53,327,324
207.54,314,317
207.54,331,328
207.6,313,314
207.6,334,334
207.6,311,314
207.6,338,335
207.6,313,313
207.6,336,336
207.6,318,315
207.66,333,334
207.66,321,317
207.66,329,330
207.66,326,321
207.66,323,325
207.66,328,324
207.67,319,322
207.72,331,328
207.72,315,316
207.72,332,330
207.72,313,313
207.72,334,333
207.72,313,313
207.73,334,335
207.78,313,311
207.78,330,332
207.78,312,311
207.78,328,329
207.78,318,313
207.79,322,325
207.8,323,318
207.86,317,320
207.86,324,320
207.86,313,315
207.86,328,324
207.86,310,311
207.86,329,327
207.86,307,307
207.92,332,330
207.92,307,307
207.92,327,330
207.92,309,307
207.92,324,328
207.92,313,309
207.93,321,325
207.99,317,313
207.99,320,321
207.99,321,316
207.99,312,315
207.99,325,321
207.99,310,313
207.99,326,324
208.05,308,310
208.05,329,328
208.05,308,309
208.05,331,332
208.05,309,309
208.05,331,331
208.06,311,310
208.11,327,329
208.11,318,313
208.11,321,325
208.11,320,315
208.11,318,319
208.12,325,321
208.12,314,317
208.19,325,324
208.19,311,311
208.19,331,328
208.19,308,309
208.19,330,329
208.19,309,308
208.19,330,330
208.25,309,309
208.25,329,330
208.25,310,309
208.25,324,327
208.25,316,314
208.25,322,326
208.26,321,320
208.31,321,323
208.31,330,326
208.31,314,318
208.31,333,331
208.31,314,316
208.31,339,336
208.32,314,316
208.38,336,337
208.38,315,314
208.38,337,336
208.38,316,315
208.38,332,335
208.38,320,316
208.39,330,330
208.44,322,319
208.44,320,324
208.44,325,320
208.44,313,317
208.44,327,323
208.44,308,311
208.45,325,323
208.51,306,305
208.51,326,324
208.51,302,301
208.51,325,323
208.51,301,300
208.51,321,322
208.52,305,301
208.58,317,318
208.58,308,302
208.58,312,314
208.58,306,304
208.58,305,307
208.58,314,309
208.58,298,301
208.64,313,309
208.64,294,297
208.64,315,313
208.64,293,295
208.64,317,315
208.64,292,292
208.65,315,314
208.7,293,290
208.7,309,311
208.7,295,290
208.7,302,305
208.7,295,291
208.71,296,298
208.71,298,295
208.78,291,293
208.78,301,296
208.78,286,288
208.78,303,300
208.78,281,284
208.78,304,301
208.78,279,280
208.84,304,304
208.84,283,280
208.84,304,304
208.84,287,284
208.84,299,302
208.84,289,286
208.85,296,299
208.9,298,293
208.9,296,299
208.9,305,301
208.9,296,298
208.9,311,308
208.9,295,296
208.91,312,310
208.97,291,293
208.97,314,314
208.97,291,292
208.97,314,315
208.97,294,293
208.97,312,316
208.98,301,297
209.03,311,312
209.03,304,299
209.03,307,309
209.03,308,304
209.03,303,306
209.03,315,312
209.04,300,304
209.11,321,317
209.11,303,304
209.11,323,320
209.11,303,303
209.11,325,323
209.11,300,300
209.11,324,322
209.17,302,301
209.17,321,322
209.17,308,305
209.17,319,321
209.17,317,313
209.17,316,320
209.17,323,320
209.23,314,317
209.23,330,325
209.23,315,316
209.23,334,330
209.23,313,315
209.23,335,335
209.24,314,314
209.29,339,338
209.29,319,315
209.29,339,340
209.29,323,319
209.29,336,338
209.3,327,324
209.3,334,336
209.36,335,329
209.36,328,332
209.36,336,334
209.36,327,330
209.36,340,338
209.36,322,325
209.37,344,342
209.43,323,324
209.43,346,344
209.43,322,323
209.43,347,346
209.43,325,323
209.43,344,345
209.44,328,327
209.5,340,343
209.5,333,329
209.5,337,341
209.5,341,335
209.5,330,334
209.5,343,339
209.5,329,330
209.56,348,343
209.56,325,327
209.56,349,346
209.56,324,325
209.56,350,348
209.56,325,324
209.57,349,349
209.58,330,325
209.59,342,344
209.6,332,328
209.65,339,342
209.65,334,332
209.65,332,335
209.65,337,335
209.65,326,330
209.65,341,338
209.66,326,328
209.71,345,343
209.71,323,324
209.71,346,346
209.71,325,324
209.71,348,347
209.72,327,324
209.73,342,344
209.78,329,326
209.78,341,342
209.78,332,330
209.78,335,339
209.78,336,333
209.78,331,334
209.79,341,336
209.85,325,328
209.85,341,340
209.85,324,324
209.85,341,340
209.85,321,321
209.85,344,342
209.86,319,318
209.92,341,341
209.92,321,320
209.92,337,340
209.92,326,322
209.92,333,335
209.92,329,326
209.92,329,332
209.98,333,329
209.98,324,327
209.98,337,333
209.98,320,322
209.98,338,336
209.98,316,319
209.99,341,338
210.04,316,317
210.04,341,340
210.04,317,317
210.04,338,338
210.04,321,317
210.05,333,336
210.05,325,320
210.11,328,331
210.11,329,326
210.11,326,328
210.11,335,330
210.11,323,324
210.11,337,333
210.12,319,320
210.18,337,336
210.18,315,317
210.18,340,338
210.18,318,317
210.19,338,340
210.19,319,318
210.19,338,339
210.25,323,319
210.25,333,336
210.25,329,324
210.25,329,332
210.25,332,328
210.25,325,328
210.25,336,334
210.31,321,323
210.31,339,338
210.31,318,321
210.31,342,340
210.31,318,318
210.31,341,342
210.32,318,318
210.37,340,341
210.37,320,319
210.37,336,337
210.37,325,321
210.37,331,335
210.37,329,326
210.38,327,329
210.43,332,329
210.44,321,324
210.44,335,333
210.44,319,319
210.44,336,335
210.44,317,317
210.45,338,337
210.51,316,316
210.51,334,336
210.51,315,313
210.51,333,336
210.51,321,317
210.51,330,333
210.51,322,319
210.57,324,328
210.58,326,323
210.58,322,324
210.58,332,328
210.58,317,320
210.58,335,331
210.58,317,318
210.64,338,335
210.64,313,314
210.64,336,336
210.64,314,313
210.64,335,335
210.64,315,313
210.64,328,331
210.7,319,315
210.7,323,325
210.7,322,316
210.7,318,321
210.7,323,319
210.7,313,316
210.71,329,325
210.76,314,313
210.76,329,326
210.76,308,310
210.76,329,327
210.76,306,307
210.77,331,329
210.77,308,305
210.84,327,328
210.84,309,306
210.84,321,324
210.84,312,310
210.84,317,320
210.84,317,313
210.84,313,314
210.9,322,317
210.9,310,311
210.9,326,320
210.9,307,307
210.9,326,324
210.9,304,304
210.91,326,325
210.97,304,302
210.97,323,324
210.97,305,303
210.97,321,322
210.97,309,305
210.97,318,319
210.97,312,307
211.03,313,315
211.03,314,311
211.03,307,310
211.03,319,315
211.03,302,306
211.03,322,317
211.04,303,303
211.09,323,321
211.09,299,299
211.09,322,322
211.09,300,298
211.09,321,321
211.09,301,299
211.1,318,320
211.15,307,304
211.15,312,316
211.15,311,306
211.15,306,309
211.15,313,309
211.16,302,303
211.17,314,312
211.23,295,298
211.23,314,313
211.23,294,294
211.23,314,314
211.23,290,291
211.23,311,313
211.23,292,290
211.29,308,309
211.29,293,290
211.29,302,304
211.29,297,292
211.29,297,301
211.29,301,296
211.3,292,296
211.35,302,300
211.35,292,294
211.35,309,306
211.35,289,291
211.35,313,310
211.36,289,290
211.36,312,311
211.42,291,290
211.42,311,313
211.42,292,292
211.42,310,313
211.42,299,295
211.42,307,310
211.43,303,300
211.48,300,305
211.48,310,305
211.48,300,301
211.48,312,309
211.48,298,299
211.49,315,313
211.5,296,297
211.56,319,316
211.56,297,295
211.56,320,318
211.56,298,297
211.56,317,320
211.56,303,299
211.56,317,319
211.62,309,306
211.62,315,318
211.62,319,313
211.62,312,317
211.62,322,320
211.62,313,316
211.63,329,326
211.68,313,313
211.68,333,332
211.68,312,312
211.68,337,335
211.68,312,312
211.68,336,336
211.69,319,315
211.75,335,337
211.75,323,320
211.75,333,335
211.75,329,325
211.75,329,333
211.75,332,330
211.76,327,330
211.81,337,334
211.81,323,325
211.81,340,340
211.81,329,329
211.81,352,352
211.81,333,334
211.82,359,358
211.89,338,337
211.89,360,361
211.89,345,342
211.89,361,363
211.89,353,348
211.89,361,362
211.89,359,354
211.95,357,360
211.95,366,361
211.95,355,356
211.95,370,366
211.95,352,354
211.95,373,370
211.95,351,352
212.01,375,373
212.01,351,349
212.01,373,374
212.01,351,350
212.01,369,373
212.01,355,353
212.02,366,370
212.08,360,355
212.08,361,363
212.08,363,359
212.08,357,359
212.08,367,363
212.08,350,354
212.09,370,366
212.14,347,349
212.14,370,368
212.14,347,347
212.14,370,368
212.14,347,345
212.14,364,365
212.15,347,345
212.2,362,363
212.2,349,345
212.2,356,358
212.2,353,349
212.2,351,354
212.21,355,352
212.22,343,347
212.28,356,354
212.28,341,344
212.28,359,357
212.28,339,338
212.28,358,358
212.28,334,334
212.28,358,358
212.34,336,334
212.34,355,355
212.34,338,335
212.34,349,351
212.34,339,336
212.34,344,346
212.35,343,339
212.4,336,341
212.4,348,344
212.4,335,336
212.4,348,345
212.4,329,330
212.4,349,347
212.41,328,327
212.47,351,348
212.47,324,322
212.47,347,346
212.47,323,321
212.47,340,341
212.47,324,320
212.48,332,334
212.54,325,323
212.54,326,328
212.54,326,323
212.54,319,320
212.54,329,325
212.54,308,312
212.54,328,324
212.6,304,307
212.6,325,323
212.6,300,302
212.61,322,322
212.61,302,300
212.61,318,320
212.61,300,299
212.67,313,316
212.67,302,299
212.67,309,310
212.67,306,302
212.67,302,304
212.67,309,305
212.68,297,298
212.73,312,308
212.73,289,292
212.73,309,306
212.73,287,286
212.73,308,306
212.73,282,283
212.74,304,303
212.79,282,279
212.79,298,301
212.79,280,279
212.79,292,294
212.79,284,280
212.8,285,287
212.81,284,282
212.87,277,282
212.87,289,285
212.87,272,276
212.87,288,286
212.87,271,271
212.87,290,289
212.87,267,267
212.93,290,290
212.93,268,267
212.93,290,288
212.93,269,266
212.93,284,286
212.93,274,269
212.94,282,284
213.0,276,274
213.0,277,279
213.0,284,281
213.0,273,275
213.0,287,284
213.0,271,274
213.0,291,289
213.06,268,270
213.06,291,290
213.06,269,269
213.06,292,293
213.06,270,270
213.06,291,294
213.07,274,272
213.12,290,291
213.12,282,277
213.12,287,289
213.12,287,283
213.12,283,285
213.13,293,288
213.13,278,282
213.18,298,295
213.18,278,280
213.18,302,299
213.18,280,281
213.18,306,304
213.19,282,282
213.2,306,305
213.26,286,284
213.26,303,306
213.26,292,289
213.26,301,304
213.26,299,295
213.26,302,303
213.26,304,300
213.32,297,298
213.32,308,305
213.32,295,297
213.32,314,311
213.32,293,295
213.32,315,313
213.33,295,295
213.39,317,317
213.39,298,297
213.39,318,319
213.39,304,300
213.39,316,318
213.39,304,303
213.4,314,315
213.45,313,308
213.45,307,311
213.45,314,312
213.45,307,308
213.45,321,317
213.45,306,306
213.46,325,322
213.53,304,304
213.53,326,324
213.53,303,304
213.53,328,327
213.53,305,303
213.53,324,325
213.53,310,305
213.59,319,322
213.59,314,311
213.59,316,319
213.59,319,314
213.59,315,316
213.59,321,318
213.59,309,311
213.65,326,324
213.65,308,310
213.65,331,329
213.65,310,310
213.65,333,332
213.65,309,309
213.66,334,333
213.71,315,312
213.71,329,332
213.71,316,314
213.71,324,328
213.71,322,319
213.72,323,325
213.72,327,324
213.77,318,321
213.78,330,328
213.78,315,318
213.78,333,332
213.78,313,314
213.78,334,333
213.79,312,311
213.85,334,334
213.85,313,312
213.85,332,335
213.85,319,315
213.85,327,331
213.85,321,319
213.85,326,328
213.91,324,322
213.91,320,324
213.91,330,327
213.91,319,321
213.91,335,332
213.91,314,318
213.92,336,334
213.98,314,314
213.98,336,336
213.98,318,315
213.98,338,337
213.98,319,317
213.98,334,337
213.99,322,319
214.04,331,334
214.04,325,322
214.04,326,330
214.04,330,327
214.04,323,325
214.04,334,331
214.05,320,322
214.1,337,335
214.1,316,317
214.1,338,338
214.1,317,317
214.1,339,337
214.11,317,316
214.12,337,339
214.18,320,318
214.18,334,336
214.18,323,320
214.18,330,333
214.18,330,325
214.18,325,329
214.18,335,329
214.24,322,326
214.24,337,333
214.24,321,321
214.24,339,336
214.24,318,318
214.24,341,340
214.25,317,317
214.3,341,341
214.3,321,319
214.31,337,339
214.31,327,323
214.31,335,336
214.31,325,324
214.31,331,333
214.37,332,327
214.37,326,328
214.37,336,331
214.37,322,323
214.37,338,336
214.37,319,319
214.38,339,337
214.43,315,317
214.43,338,338
214.43,315,314
214.43,336,338
214.43,318,316
214.44,334,337
214.44,323,319
214.51,331,333
214.51,327,323
214.51,325,328
214.51,333,328
214.51,323,325
214.51,336,333
214.51,317,319
214.57,338,335
214.57,319,320
214.57,341,339
214.57,317,317
214.57,339,340
214.57,320,318
214.58,338,341
214.63,320,318
214.63,335,336
214.63,324,321
214.63,329,331
214.63,330,325
214.63,322,327
214.64,332,329
214.69,322,323
214.69,336,333
214.69,316,319
214.69,338,336
214.69,317,317
214.7,341,338
214.71,315,315
214.76,339,339
214.76,319,316
214.76,334,337
214.76,323,318
214.76,331,333
214.76,325,323
214.77,327,329
214.83,329,326
214.83,323,325
214.83,333,330
214.83,316,320
214.83,337,334
214.83,317,317
214.84,339,337
214.9,314,315
214.9,339,339
214.9,315,314
214.9,334,336
214.9,318,314
214.9,332,334
214.9,321,318
214.96,328,332
214.96,329,323
214.96,322,326
214.96,329,326
214.96,318,321
214.96,334,331
214.97,314,317
215.02,335,334
215.02,315,315
215.02,336,336
215.02,315,315
215.02,339,338
215.03,318,316
215.03,336,338
215.1,321,318
215.1,330,334
215.1,327,322
215.1,329,332
215.1,332,327
215.1,325,327
215.1,335,330
215.16,323,324
215.16,336,335
215.16,319,320
215.16,339,337
215.16,317,316
215.16,339,338
215.17,314,314
215.22,336,338
215.22,319,317
215.22,334,336
215.22,321,320
215.22,330,333
215.22,329,324
215.23,325,329
215.29,331,328
215.29,322,324
215.29,337,333
215.29,317,320
215.29,337,336
215.29,317,317
215.3,341,339
215.35,317,316
215.35,337,337
215.35,316,316
215.35,336,336
215.35,319,316
215.35,334,336
215.36,324,319
215.43,326,329
215.43,329,324
215.43,322,326
215.43,331,328
215.43,319,323
215.43,336,332
215.43,316,320
215.49,337,336
215.49,317,318
215.49,340,339
215.49,317,319
215.49,342,341
215.49,324,320
215.49,340,340
215.55,325,322
215.55,333,335
215.55,330,326
215.55,329,332
215.55,334,329
215.55,325,327
215.56,338,333
215.62,321,322
215.62,339,335
215.62,319,320
215.62,341,337
215.62,317,319
215.62,341,340
215.62,317,317
215.68,338,337
215.68,318,317
215.68,334,334
215.68,325,320
215.68,328,332
215.68,328,323
215.69,322,326
215.74,332,328
215.74,319,322
215.74,332,331
215.74,315,318
215.74,336,334
215.75,315,316
215.76,336,335
215.82,312,312
215.82,335,336
215.82,315,314
215.82,335,335
215.82,320,317
215.82,331,332
215.82,326,322
215.88,328,330
215.88,328,326
215.88,322,325
215.88,332,330
215.88,321,321
215.88,336,333
215.89,316,318
215.94,337,336
215.94,315,316
215.94,338,339
215.94,318,315
215.94,339,339
215.94,319,316
215.95,332,335
216.01,323,318
216.01,330,331
216.01,326,321
216.01,323,326
216.01,330,326
216.01,320,322
216.02,331,329
216.07,316,318
216.07,336,332
216.07,315,315
216.07,339,337
216.07,314,315
216.07,336,335
216.08,316,314
216.15,333,335
216.15,319,315
216.15,330,333
216.15,321,318
216.15,327,328
216.15,327,323
216.15,320,323
216.21,330,327
216.21,317,319
216.21,332,330
216.21,313,316
216.21,336,333
216.21,313,313
216.21,335,334
216.27,313,314
216.27,338,336
216.27,316,314
216.27,334,335
216.27,321,319
216.27,330,332
216.28,328,324
216.33,327,330
216.33,330,328
216.33,324,327
216.33,336,334
216.33,319,322
216.34,338,335
216.34,317,318
216.41,340,339
216.41,317,318
216.41,339,339
216.41,316,315
216.41,338,339
216.41,323,319
216.41,334,337
216.47,326,322
216.47,329,334
216.47,329,326
216.47,326,329
216.47,334,330
216.47,320,324
216.48,335,333
216.53,319,320
216.53,337,335
216.53,314,317
216.53,337,337
216.53,315,314
216.53,336,337
216.54,317,315
216.6,334,334
216.6,319,315
216.6,328,331
216.6,326,321
216.6,325,329
216.6,328,324
216.61,319,322
216.66,331,327
216.66,317,319
216.66,334,330
216.66,313,315
216.66,336,332
216.66,312,312
216.67,332,333
216.74,311,311
216.74,330,332
216.74,315,312
216.74,326,330
216.74,315,313
216.74,325,326
216.74,320,316
216.8,318,320
216.8,326,322
216.8,312,316
216.8,327,325
216.8,312,313
216.8,331,329
216.8,312,313
216.86,334,331
216.86,312,310
216.86,333,333
216.86,311,308
216.86,329,331
216.86,314,310
216.87,324,327
216.93,316,313
216.93,320,323
216.93,323,318
216.93,315,319
216.93,327,322
216.93,310,314
216.93,331,328
216.99,310,311
216.99,331,329
216.99,309,309
216.99,333,331
216.99,311,309
216.99,333,334
217.0,315,312
217.07,329,331
217.07,317,315
217.07,325,328
217.07,323,320
217.07,321,324
217.07,325,322
217.07,318,319
217.08,328,326
217.09,314,316
217.09,332,332
217.16,313,315
217.16,336,334
217.16,312,313
217.16,338,337
217.16,315,313
217.16,336,336
217.16,317,315
217.22,330,332
217.22,323,319
217.22,326,330
217.22,330,324
217.22,320,326
217.22,333,329
217.23,319,320
217.28,333,331
217.28,316,318
217.28,336,333
217.28,315,315
217.28,336,336
217.28,313,312
217.29,335,337
217.35,316,314
217.35,333,335
217.35,320,317
217.35,329,332
217.35,327,322
217.35,324,328
217.36,328,325
217.41,321,323
217.41,332,329
217.41,319,319
217.41,334,333
217.41,314,316
217.41,336,334
217.42,312,313
217.49,336,336
217.49,313,312
217.49,334,335
217.49,315,313
217.49,327,332
217.49,321,317
217.49,326,329
217.55,327,322
217.55,320,324
217.55,328,324
217.55,316,319
217.55,331,328
217.55,314,317
217.55,336,333
217.61,313,314
217.61,336,335
217.61,313,314
217.61,335,336
217.61,314,312
217.61,333,334
217.62,318,315
217.67,329,331
217.67,324,320
217.67,326,328
217.67,331,326
217.67,323,325
217.68,332,330
217.68,319,320
217.74,335,333
217.74,315,318
217.74,338,335
217.74,313,315
217.74,339,336
217.74,313,313
217.75,333,335
217.81,316,314
217.81,332,334
217.81,322,319
217.81,326,331
217.81,324,321
217.81,324,326
217.82,330,325
217.88,320,322
217.88,333,330
217.88,315,317
217.88,333,332
217.88,310,313
217.88,336,334
217.88,313,312
217.94,335,334
217.94,315,312
217.94,330,333
217.94,316,313
217.94,327,331
217.94,322,318
217.95,325,327
218.0,325,322
218.0,318,323
218.0,327,324
218.0,314,317
218.0,331,328
218.0,311,314
218.01,332,331
218.06,312,312
218.06,335,332
218.06,309,309
218.06,332,333
218.06,315,312
218.07,328,330
218.08,317,313
218.14,325,328
218.14,320,318
218.14,319,324
218.14,324,321
218.14,314,320
218.14,330,328
218.14,315,316
218.2,333,331
218.2,311,314
218.2,335,332
218.2,312,311
218.2,333,334
218.2,313,312
218.21,334,336
218.27,316,313
218.27,329,332
218.27,321,319
218.27,324,329
218.27,326,321
218.27,320,323
218.27,329,325
218.33,316,319
218.33,333,330
218.33,315,316
218.33,334,332
218.33,312,313
218.33,334,333
218.34,311,311
218.39,336,335
218.39,314,312
218.39,330,333
218.39,316,314
218.39,326,330
218.4,322,318
218.41,322,326
218.47,326,323
218.47,318,322
218.47,327,327
218.47,317,317
218.47,334,330
218.47,313,315
218.47,336,333
218.53,311,313
218.53,336,334
218.53,310,311
218.53,334,334
218.53,314,312
218.53,329,330
218.54,316,314
218.59,322,327
218.59,321,319
218.59,322,323
218.59,328,323
218.59,318,319
218.59,331,327
218.6,314,316
218.66,334,332
218.66,311,312
218.66,335,333
218.66,312,311
218.66,333,335
218.66,313,312
218.67,331,333
218.72,314,313
218.72,326,329
218.72,322,317
218.72,325,327
218.72,327,322
218.72,322,324
218.73,329,326
218.8,316,319
218.8,333,330
218.8,315,315
218.8,337,334
218.8,315,314
218.8,338,335
218.8,314,314
218.86,332,335
218.86,315,313
218.86,331,333
218.86,320,317
218.86,325,330
218.86,323,321
218.86,326,327
218.92,327,325
218.92,320,321
218.92,330,326
218.92,315,316
218.92,330,329
218.92,313,313
218.93,333,332
218.98,308,309
218.98,332,332
218.98,312,309
218.98,328,331
218.98,312,309
218.99,324,327
218.99,316,314
219.05,321,324
219.05,322,317
219.05,317,319
219.05,327,323
219.05,311,315
219.05,327,326
219.06,311,312
219.12,331,328
219.12,308,310
219.12,333,331
219.12,306,307
219.12,330,331
219.12,310,309
219.13,329,330
219.18,314,312
219.18,324,328
219.18,320,317
219.18,322,323
219.18,325,321
219.18,317,319
219.19,329,327
219.25,313,316
219.25,333,329
219.25,312,313
219.25,334,332
219.25,312,312
219.25,336,334
219.26,311,310
219.31,332,333
219.31,317,312
219.31,329,332
219.31,321,316
219.31,325,327
219.31,324,320
219.32,321,322
219.39,326,324
219.39,315,318
219.39,331,328
219.39,312,315
219.39,334,332
219.39,312,312
219.39,334,333
219.45,311,311
219.45,334,335
219.45,314,313
219.45,332,335
219.45,316,314
219.45,328,331
219.45,321,319
219.51,326,328
219.51,327,324
219.51,322,324
219.51,332,330
219.51,319,320
219.51,338,334
219.52,318,318
219.58,338,336
219.58,316,316
219.58,341,339
219.58,319,318
219.58,337,338
219.58,321,317
219.58,336,337
219.64,324,321
219.64,332,334
219.64,329,326
219.64,328,330
219.64,334,331
219.64,327,329
219.65,338,336
219.72,321,323
219.72,342,341
219.72,323,323
219.72,345,343
219.72,322,321
219.72,344,343
219.72,322,320
219.78,341,342
219.78,327,323
219.78,337,339
219.78,331,327
219.78,331,334
219.78,332,329
219.78,325,329
219.84,335,333
219.84,322,325
219.84,338,335
219.84,318,320
219.84,340,337
219.84,319,318
219.85,340,339
219.9,317,317
219.9,338,339
219.9,318,315
219.9,332,335
219.9,323,318
219.9,327,330
219.91,325,320
219.97,324,327
219.97,330,325
219.97,317,320
219.97,331,329
219.97,314,316
219.97,333,329
219.98,314,313
220.03,332,331
220.03,311,311
220.03,334,333
220.03,310,310
220.03,332,333
220.04,315,311
220.04,328,330
220.11,320,316
220.11,324,327
220.11,324,320
220.11,322,323
220.11,330,325
220.11,314,318
220.11,331,329
220.17,314,316
220.17,333,332
220.17,311,311
220.17,334,332
220.17,309,308
220.17,332,333
220.17,312,309
220.23,328,330
220.23,313,310
220.23,323,326
220.23,319,314
220.23,321,323
220.23,324,320
220.24,317,319
220.29,326,324
220.29,311,314
220.29,331,327
220.29,311,312
220.29,331,330
220.3,310,310
220.31,332,332
220.36,309,308
220.36,329,330
220.36,312,309
220.36,326,328
220.36,316,312
220.36,321,324
220.37,320,317
220.43,318,319
220.43,325,322
220.43,313,315
220.43,328,326
220.43,311,314
220.43,334,331
220.44,312,313
220.49,338,335
220.49,312,313
220.49,338,338
220.49,317,316
220.49,337,336
220.49,321,317
220.5,330,335
220.56,325,323
220.56,326,329
220.56,329,325
220.56,322,326
220.56,332,330
220.56,319,321
220.57,338,334
220.62,317,317
220.62,337,336
220.62,316,315
220.62,338,336
220.62,314,314
220.63,335,336
220.63,317,314
220.7,331,333
220.7,319,315
220.7,324,329
220.7,324,319
220.7,320,322
220.7,326,321
220.7,314,317
220.76,327,323
220.76,308,311
220.76,331,328
220.76,308,308
220.76,327,328
220.76,306,307
220.76,331,330
220.82,308,306
220.82,325,328
220.82,311,309
220.82,324,327
220.82,316,313
220.82,322,323
220.83,323,318
220.88,317,320
220.88,327,322
220.88,313,315
220.88,332,328
220.88,311,312
220.89,333,331
220.9,309,310
220.96,332,332
220.96,310,308
220.96,333,332
220.96,313,311
220.96,330,333
220.96,319,316
220.96,326,331
221.02,325,320
221.02,324,326
221.02,330,324
221.02,322,323
221.02,332,330
221.02,319,320
221.03,336,334
221.08,317,317
221.08,338,336
221.08,315,315
221.08,339,338
221.08,316,316
221.08,336,337
221.09,322,319
221.14,335,337
221.14,326,321
221.14,331,332
221.15,330,326
221.15,325,328
221.15,332,330
221.16,321,323
221.21,337,335
221.21,319,319
221.21,336,335
221.21,317,317
221.21,336,337
221.21,314,314
221.22,336,338
221.29,316,313
221.29,333,336
221.29,321,317
221.29,331,332
221.29,325,321
221.29,326,328
221.29,329,324
221.35,320,323
221.35,333,329
221.35,320,322
221.35,336,335
221.35,318,321
221.35,343,341
221.35,320,320
221.41,344,344
221.41,322,322
221.41,344,345
221.41,325,324
221.41,342,344
221.41,331,327
221.42,338,340
221.48,335,333
221.48,334,336
221.48,340,337
221.48,328,331
221.48,341,340
221.48,325,327
221.49,346,344
221.54,323,324
221.54,348,347
221.54,325,324
221.54,345,346
221.54,326,324
221.54,341,344
221.55,330,324
221.62,337,341
221.62,333,327
221.62,331,334
221.62,332,329
221.62,327,328
221.62,336,334
221.62,321,323
221.68,338,336
221.68,318,320
221.68,339,336
221.68,315,316
221.68,337,335
221.68,314,313
221.68,332,334
221.74,316,312
221.74,330,331
221.74,315,313
221.74,322,326
221.74,321,317
221.74,319,322
221.75,325,322
221.8,314,315
221.8,325,324
221.8,308,311
221.8,330,327
221.8,309,309
221.8,329,329
221.81,307,307
221.88,331,331
221.88,310,308
221.88,326,328
221.88,312,310
221.88,322,325
221.88,317,313
221.88,320,323
221.94,321,317
221.94,316,319
221.94,326,320
221.94,312,313
221.94,327,324
221.94,307,309
221.94,330,327
222.0,308,308
222.0,329,328
222.0,306,304
222.0,326,327
222.0,306,305
222.0,322,325
222.01,314,309
222.07,320,323
222.07,314,312
222.07,315,319
222.07,320,317
222.07,312,314
222.07,325,322
222.08,308,312
222.13,330,325
222.13,308,308
222.13,330,327
222.13,304,307
222.13,329,329
222.13,310,307
222.14,328,329
222.19,312,310
222.19,323,327
222.19,315,312
222.19,320,325
222.19,320,317
222.2,319,321
222.21,327,322
222.27,312,317
222.27,330,328
222.27,314,314
222.27,336,332
222.27,310,312
222.27,334,333
222.27,311,311
222.33,334,334
222.33,315,312
222.33,330,331
222.33,317,315
222.33,328,330
222.33,323,320
222.34,325,327
222.39,327,325
222.39,320,323
222.39,336,331
222.39,319,321
222.39,336,333
222.39,318,318
222.4,340,338
222.46,318,318
222.46,339,338
222.46,319,317
222.46,336,339
222.46,323,320
222.46,334,337
222.47,327,322
222.52,331,333
222.52,330,325
222.52,326,330
222.52,336,331
222.52,324,326
222.53,340,337
222.53,325,326
222.6,345,342
222.6,323,323
222.6,346,345
222.6,322,324
222.6,347,346
222.6,326,324
222.6,346,346
222.66,330,326
222.66,341,343
222.66,337,333
222.66,337,339
222.66,342,337
222.66,335,337
222.66,348,345
222.72,333,335
222.72,353,349
222.72,333,334
222.72,352,352
222.72,333,332
222.72,356,356
222.73,331,330
222.79,351,353
222.79,334,332
222.79,349,351
222.79,339,334
222.79,342,344
222.79,341,337
222.8,339,341
222.85,342,340
222.85,332,336
222.85,347,344
222.85,330,331
222.85,348,346
222.85,327,328
222.86,348,348
222.93,325,325
222.93,346,348
222.93,326,324
222.93,345,346
222.93,331,326
222.93,339,341
222.93,331,328
222.99,332,335
222.99,334,329
222.99,328,330
222.99,338,332
222.99,323,325
222.99,337,337
222.99,318,321
223.05,338,337
223.05,316,317
223.05,339,338
223.05,314,315
223.05,339,338
223.05,316,316
223.06,334,335
223.11,320,318
223.11,329,330
223.11,323,320
223.11,320,325
223.11,326,324
223.12,316,320
223.12,330,328
223.18,315,316
223.18,333,329
223.18,312,312
223.18,333,331
223.18,306,309
223.18,330,331
223.19,310,306
223.24,326,329
223.24,310,308
223.24,322,326
223.24,313,311
223.24,317,321
223.25,318,315
223.25,310,315
223.32,322,318
223.32,307,310
223.32,325,321
223.32,303,307
223.32,325,324
223.32,302,304
223.32,328,326
223.38,304,304
223.38,326,328
223.38,307,305
223.38,325,326
223.38,313,308
223.38,321,322
223.39,315,312
223.44,317,319
223.44,319,315
223.44,312,314
223.44,322,320
223.44,307,310
223.44,327,323
223.45,305,306
223.5,327,325
223.5,307,305
223.5,330,328
223.5,305,304
223.5,325,327
223.51,306,306
223.52,320,324
223.57,312,308
223.57,316,319
223.57,315,311
223.57,310,314
223.57,319,315
223.57,309,310
223.58,323,319
223.64,304,307
223.64,326,324
223.64,304,303
223.64,327,326
223.64,304,302
223.64,326,325
223.65,305,302
223.71,321,324
223.71,310,305
223.71,317,322
223.71,314,309
223.71,315,317
223.71,317,314
223.71,310,312
223.77,320,317
223.77,306,308
223.77,323,322
223.77,302,305
223.77,330,325
223.77,303,304
223.78,326,327
223.83,305,303
223.83,325,327
223.83,309,305
223.83,322,325
223.83,314,310
223.84,318,322
223.84,319,317
223.89,319,321
223.9,324,322
223.9,314,318
223.9,331,328
223.9,314,317
223.9,334,332
223.91,314,314
223.97,337,336
223.97,311,312
223.97,335,336
223.97,317,314
223.97,336,337
223.97,321,317
223.98,332,335
224.04,325,322
224.04,328,332
224.04,330,327
224.04,324,328
224.04,335,332
224.04,325,326
224.04,338,337
224.1,320,321
224.1,343,342
224.1,323,322
224.1,345,345
224.1,323,322
224.1,344,346
224.11,327,324
224.16,343,346
224.16,332,330
224.16,343,344
224.16,336,335
224.16,337,340
224.16,345,341
224.17,333,335
224.22,347,343
224.22,331,333
224.22,348,346
224.22,327,328
224.22,350,349
224.23,329,328
224.24,350,351
224.3,331,328
224.3,348,347
224.3,332,328
224.3,343,344
224.3,336,330
224.3,334,338
224.3,335,332
224.36,328,332
224.36,339,334
224.36,327,328
224.36,343,340
224.36,326,325
224.37,345,342
224.37,321,322
224.43,345,345
224.43,322,321
224.43,344,345
224.43,321,320
224.43,339,341
224.43,326,323
224.43,333,335
224.49,329,325
224.49,327,330
224.49,329,327
224.49,322,325
224.49,336,331
224.49,316,318
224.5,334,333
224.51,312,315
224.52,337,334
224.53,312,312
224.58,334,332
224.58,312,312
224.58,330,332
224.58,315,311
224.58,324,328
224.59,319,313
224.59,321,323
224.64,321,315
224.64,312,316
224.64,320,317
224.64,308,311
224.64,322,320
224.65,302,304
224.66,325,322
224.72,300,301
224.72,322,322
224.72,299,300
224.72,323,323
224.72,303,300
224.72,317,321
224.73,306,301
224.78,314,316
224.78,306,304
224.78,307,310
224.78,313,308
224.78,304,306
224.78,318,313
224.79,302,303
224.84,318,316
224.85,298,300
224.85,320,317
224.85,295,295
224.85,319,317
224.85,292,293
224.86,316,316
224.91,298,294
224.91,310,313
224.91,298,297
224.91,301,307
224.91,305,301
224.91,297,302
224.92,307,302
224.98,294,298
224.98,309,306
224.98,290,294
224.98,313,311
224.98,291,292
224.98,312,312
224.99,291,291
225.05,315,314
225.05,291,291
225.05,313,314
225.05,297,294
225.05,309,311
225.05,302,300
225.05,305,308
225.11,309,305
225.11,304,305
225.11,315,310
225.11,301,303
225.11,319,317
225.11,299,300
225.12,323,321
225.17,298,299
225.17,322,322
225.17,300,300
225.17,322,324
225.17,306,304
225.18,320,323
225.18,312,307
225.25,318,320
225.25,316,312
225.25,316,319
225.25,325,324
225.25,318,319
225.25,333,329
225.25,315,318
225.31,337,335
225.31,317,318
225.31,340,338
225.31,316,317
225.31,340,340
225.31,320,317
225.31,338,339
225.37,324,320
225.37,332,336
225.37,328,324
225.37,332,335
225.37,338,333
225.37,330,334
225.38,340,337
225.43,331,333
225.43,349,345
225.43,331,332
225.43,353,350
225.43,329,331
225.44,355,354
225.45,332,331
225.5,354,355
225.5,337,333
225.5,350,353
225.5,340,336
225.5,350,351
225.5,345,341
225.51,342,346
225.58,351,346
225.58,336,341
225.58,354,349
225.58,334,336
225.58,352,351
225.58,331,333
225.58,353,353
225.64,330,329
225.64,354,353
225.64,331,329
225.64,346,348
225.64,333,329
225.64,343,346
225.64,334,332
225.7,336,341
225.7,339,335
225.7,334,335
225.7,345,339
225.7,326,329
225.7,346,342
225.71,322,325
225.76,343,344
225.76,321,322
225.76,345,343
225.76,320,320
225.76,344,344
225.77,322,319
225.77,338,339
225.83,327,323
225.83,331,334
225.83,329,325
225.83,328,330
225.83,334,330
225.83,323,326
225.84,334,332
225.9,319,321
225.9,338,335
225.9,315,316
225.9,338,338
225.9,317,317
225.9,341,340
225.9,318,317
225.97,337,340
225.97,322,318
225.97,334,337
225.97,328,325
225.97,332,334
225.97,333,329
225.97,328,331
226.03,335,333
226.03,324,327
226.03,341,338
226.03,322,323
226.03,343,342
226.03,320,322
226.04,345,343
226.09,322,321
226.09,342,343
226.09,325,323
226.09,342,345
226.09,328,326
226.09,338,340
226.1,334,330
226.15,334,337
226.15,339,336
226.15,331,332
226.15,342,340
226.15,328,331
226.16,346,343
226.17,325,325
226.22,347,345
226.22,325,324
226.22,348,347
226.22,325,323
226.22,345,344
226.22,325,323
226.23,338,341
226.29,331,326
226.29,334,337
226.29,334,329
226.29,329,332
226.29,336,333
226.29,324,326
226.3,338,336
226.36,320,322
226.36,338,337
226.36,317,318
226.36,337,338
226.36,317,315
226.36,338,340
226.36,319,317
226.42,336,338
226.42,323,319
226.42,332,334
226.42,325,322
226.42,327,330
226.42,331,327
226.43,320,324
226.48,330,329
226.48,319,319
226.48,337,333
226.48,316,317
226.48,338,336
226.49,315,316
226.49,337,336
226.56,315,313
226.56,333,335
226.56,317,314
226.56,329,332
226.56,320,318
226.56,328,330
226.56,324,321
226.62,323,325
226.62,330,327
226.62,321,322
226.62,334,331
226.62,317,318
226.62,338,334
226.63,313,315
226.68,336,334
226.68,314,312
226.68,335,335
226.68,315,312
226.68,332,334
226.68,318,315
226.69,326,330
226.74,321,318
226.74,323,326
226.74,324,319
226.74,317,320
226.74,331,326
226.75,313,316
226.76,331,328
226.82,310,312
226.82,332,331
226.82,311,309
226.82,335,332
226.82,309,309
226.82,330,331
226.82,315,311
226.88,328,330
226.88,319,315
226.88,326,327
226.88,324,320
226.88,321,325
226.88,329,325
226.89,317,321
226.95,335,330
226.95,315,316
226.95,336,332
226.95,314,314
226.95,335,334
226.95,314,313
226.95,337,335
227.01,316,314
227.01,336,337
227.01,319,316
227.01,331,332
227.01,322,319
227.01,324,329
227.02,328,324
227.07,322,324
227.07,333,329
227.07,320,321
227.07,337,334
227.07,315,318
227.08,338,337
227.08,315,317
227.15,338,337
227.15,317,316
227.15,337,336
227.15,319,316
227.15,332,335
227.15,322,317
227.15,325,329
227.21,324,321
227.21,322,326
227.21,329,326
227.21,319,321
227.21,332,328
227.21,313,317
227.22,334,331
227.27,312,312
227.27,335,332
227.27,310,312
227.27,335,334
227.27,312,312
227.27,331,333
227.28,317,313
227.34,327,328
227.34,322,317
227.34,321,324
227.34,326,322
227.34,318,321
227.34,330,326
227.35,316,318
227.4,332,329
227.4,314,316
227.4,335,333
227.4,313,312
227.4,335,335
227.4,313,311
227.41,334,334
227.46,314,312
227.46,329,331
227.46,318,314
227.46,324,328
227.46,324,319
227.47,322,324
227.48,327,323
227.54,315,318
227.54,332,328
227.54,313,315
227.54,333,331
227.54,309,311
227.54,334,333
227.54,309,310
227.6,330,331
227.6,309,308
227.6,329,330
227.6,315,311
227.6,323,326
227.6,317,312
227.61,319,322
227.66,320,315
227.66,314,317
227.66,323,319
227.66,311,313
227.66,326,324
227.67,308,309
227.67,330,326
227.73,306,305
227.73,329,328
227.73,306,304
227.73,328,327
227.73,309,306
227.73,324,325
227.74,311,309
227.79,319,321
227.79,316,313
227.79,318,319
227.79,321,318
227.79,312,315
227.8,325,323
227.81,307,311
227.87,329,327
227.87,307,308
227.87,330,328
227.87,307,306
227.87,328,330
227.87,306,305
227.87,324,327
227.93,311,307
227.93,323,325
227.93,314,310
227.93,320,322
227.93,320,315
227.93,314,318
227.94,325,320
227.99,313,314
227.99,326,325
227.99,311,311
227.99,331,329
227.99,309,310
227.99,333,331
228.0,308,308
228.05,331,332
228.05,312,309
228.05,327,329
228.05,314,311
228.05,323,327
228.06,321,316
228.07,320,321
228.12,323,320
228.12,313,316
228.12,325,323
228.12,312,315
228.12,330,328
228.12,308,309
228.13,330,331
228.2,308,309
228.2,332,332
228.2,309,309
228.2,331,331
228.2,315,312
228.2,327,328
228.2,319,314
228.26,320,324
228.26,323,317
228.26,317,318
228.26,324,323
228.26,313,315
228.26,328,327
228.26,309,311
228.32,332,329
228.32,309,309
228.32,329,330
228.32,308,308
228.32,330,331
228.32,314,310
228.33,329,330
228.38,315,313
228.38,324,326
228.38,320,316
228.38,321,323
228.38,326,321
228.39,316,318
228.39,331,327
228.45,314,316
228.45,332,329
228.45,311,311
228.45,331,330
228.45,309,309
228.45,334,333
228.46,311,310
228.52,329,330
228.52,314,310
228.52,326,329
228.52,317,314
228.53,321,325
228.53,322,319
228.53,317,320
228.59,329,323
228.59,315,316
228.59,331,328
228.59,310,313
228.59,333,330
228.59,310,310
228.59,334,333
228.65,311,310
228.65,331,331
228.65,314,311
228.65,328,331
228.65,316,313
228.65,327,328
228.66,318,316
228.71,318,321
228.71,324,320
228.71,317,318
228.71,328,324
228.71,313,314
228.71,331,328
228.72,311,311
228.78,330,331
228.78,311,310
228.78,331,332
228.78,311,309
228.78,329,331
228.78,315,311
228.79,328,330
228.84,319,315
228.84,324,326
228.84,322,319
228.84,319,322
228.84,328,324
228.85,315,315
228.85,328,326
228.92,310,313
228.92,332,330
228.92,308,311
228.92,333,333
228.92,310,310
228.92,332,334
228.92,315,311
228.98,331,332
228.98,317,313
228.98,325,327
228.98,320,317
228.98,320,323
228.98,325,321
228.98,317,320
229.04,329,326
229.04,315,315
229.04,331,328
229.04,313,313
229.04,335,331
229.04,312,312
229.05,336,333
229.1,313,310
229.1,331,332
229.1,314,312
229.1,330,330
229.1,319,316
229.11,324,327
229.12,322,319
229.18,319,321
229.18,326,322
229.18,313,316
229.18,331,328
229.18,311,313
229.18,330,330
229.18,311,310
229.24,331,331
229.24,308,308
229.24,331,332
229.24,311,309
229.24,326,329
229.24,315,310
229.25,324,326
229.3,319,314
229.3,319,322
229.3,324,320
229.3,315,317
229.3,328,324
229.3,313,314
229.31,328,328
229.36,310,310
229.36,333,331
229.36,311,310
229.36,332,333
229.36,311,310
229.37,333,332
229.38,315,313
229.43,327,331
229.43,320,317
229.43,327,328
229.43,324,320
229.43,321,325
229.44,330,326
229.44,316,320
229.51,333,330
229.51,317,318
229.51,335,334
229.51,315,315
229.51,339,337
229.51,317,314
229.51,338,337
229.57,320,316
229.57,336,337
229.57,322,317
229.57,332,334
229.57,325,322
229.57,324,328
229.57,328,326
229.63,318,322
229.63,330,329
229.63,318,319
229.63,336,333
229.63,315,316
229.63,335,335
229.64,315,315
229.69,338,336
229.69,315,313
229.69,336,336
229.69,320,316
229.69,332,334
229.7,321,318
229.71,324,329
229.76,325,321
229.76,320,324
229.76,327,325
229.76,316,319
229.76,331,329
229.76,314,317
229.77,337,333
229.83,313,316
229.83,339,338
229.83,318,317
229.83,342,341
229.83,321,319
229.83,339,341
229.84,327,324
229.9,337,339
229.9,333,329
229.9,332,336
229.9,337,333
229.9,329,332
229.9,340,337
229.9,328,329
229.96,346,343
229.96,326,329
229.96,351,348
229.96,328,328
229.96,351,350
229.96,331,328
229.97,350,352
230.02,336,332
230.02,350,351
230.02,336,335
230.02,345,348
230.02,346,341
230.02,341,345
230.03,351,346
230.08,339,341
230.08,352,349
230.08,333,336
230.08,355,352
230.08,333,333
230.09,356,353
230.1,331,331
230.16,354,354
230.16,332,331
230.16,351,352
230.16,338,333
230.16,346,349
230.16,343,338
230.16,346,348
230.23,349,343
230.23,341,342
230.23,351,350
230.23,338,341
230.23,356,353
230.23,337,339
230.23,358,357
230.29,336,337
230.29,361,360
230.29,338,336
230.29,359,359
230.29,337,338
230.29,356,358
230.3,343,341
230.35,353,355
230.35,348,346
230.35,346,349
230.35,354,349
230.35,340,343
230.35,357,354
230.36,339,341
230.41,359,356
230.41,336,337
230.41,361,358
230.41,337,336
230.41,356,359
230.42,336,336
230.43,355,357
230.49,340,337
230.49,351,353
230.49,345,340
230.49,342,347
230.49,346,343
230.49,342,343
230.49,350,347
230.55,338,338
230.55,354,348
230.55,333,333
230.55,353,350
230.55,326,328
230.55,350,348
230.56,325,324
230.61,345,345
230.61,325,323
230.61,340,341
230.61,327,322
230.61,330,335
230.61,329,325
230.62,326,329
230.68,331,328
230.68,322,323
230.68,332,330
230.68,315,316
230.68,333,331
230.68,312,313
230.69,334,333
230.74,312,310
230.74,333,333
230.74,311,310
230.74,332,331
230.74,315,312
230.75,328,329
230.75,319,315
230.82,323,325
230.82,324,321
230.82,319,323
230.82,331,327
230.82,317,320
230.82,336,332
230.82,317,319
230.88,338,336
230.88,316,317
230.88,341,339
230.88,317,316
230.88,340,340
230.88,322,318
230.89,336,338
230.94,324,321
230.94,333,334
230.94,329,326
230.94,328,331
230.94,333,329
230.94,323,325
230.95,334,332
231.01,319,321
231.01,338,335
231.01,315,317
231.01,338,337
231.01,317,316
231.01,337,338
231.02,316,315
231.07,336,335
231.07,318,316
231.07,332,333
231.07,322,320
231.07,329,330
231.07,329,325
231.08,324,326
231.15,331,328
231.15,320,322
231.15,334,333
231.15,315,316
231.15,336,334
231.15,313,312
231.15,334,334
231.21,311,312
231.21,332,332
231.21,313,311
231.21,329,331
231.21,314,312
231.21,323,326
231.21,323,317
231.27,320,322
231.27,325,321
231.27,315,316
231.27,326,325
231.27,310,313
231.27,330,328
231.28,309,310
231.33,330,329
231.33,309,308
231.33,334,332
231.33,309,308
231.33,328,330
231.34,314,310
231.34,327,328
231.4,317,313
231.4,320,323
231.4,321,318
231.4,315,318
231.4,327,323
231.4,315,316
231.41,329,325
231.47,308,311
231.47,330,329
231.47,308,309
231.47,334,331
231.47,310,310
231.47,331,332
231.47,311,310
231.54,327,331
231.54,318,313
231.54,324,327
231.54,323,318
231.54,321,324
231.54,326,323
231.54,318,319
231.6,329,326
231.6,313,317
231.6,335,333
231.6,314,315
231.6,335,332
231.6,312,312
231.61,333,334
231.66,313,311
231.66,332,334
231.66,317,314
231.66,331,332
231.66,320,318
231.66,326,328
231.67,325,322
231.73,322,324
231.73,329,326
231.73,319,320
231.73,333,331
231.73,316,318
231.73,336,335
231.74,315,316
231.79,338,336
231.79,314,313
231.79,336,337
231.79,317,315
231.79,333,335
231.79,319,317
231.8,328,331
231.87,323,321
231.87,326,328
231.87,329,325
231.87,320,323
231.87,333,328
231.87,316,317
231.87,332,330
231.93,312,314
231.93,335,333
231.93,310,310
231.93,332,333
231.93,310,309
231.93,331,330
231.93,313,310
231.99,325,327
231.99,313,311
231.99,321,322
231.99,320,316
231.99,315,317
231.99,324,320
232.0,311,312
232.01,327,323
232.02,309,309
232.03,326,324
232.09,305,306
232.09,330,327
232.09,304,305
232.09,329,328
232.09,308,307
232.09,325,328
232.09,308,308
232.15,322,324
232.15,314,311
232.15,316,319
232.15,320,317
232.15,311,315
232.15,324,322
232.16,310,311
232.22,327,324
232.22,305,306
232.22,330,327
232.22,304,305
232.22,327,327
232.22,303,304
232.22,326,326
232.29,311,307
232.29,324,325
232.29,314,310
232.29,319,321
232.29,319,315
232.29,314,317
232.29,323,319
232.35,312,313
232.35,327,325
232.35,306,309
232.35,331,328
232.35,309,309
232.35,330,330
232.36,308,308
232.41,332,333
232.41,313,311
232.41,330,331
232.41,316,313
232.41,325,329
232.41,323,319
232.42,322,325
232.47,325,322
232.47,317,321
232.47,329,327
232.47,312,316
232.47,331,329
232.48,313,314
232.49,336,333
232.55,311,313
232.55,334,335
232.55,315,313
232.55,333,336
232.55,318,314
232.55,329,331
232.55,320,318
232.61,327,330
232.61,327,322
232.61,323,326
232.61,330,326
232.61,320,321
232.61,333,331
232.62,315,316
232.68,336,333
232.68,313,315
232.68,339,335
232.68,313,312
232.68,336,335
232.68,316,315
232.68,334,334
232.74,321,317
232.74,327,331
232.74,322,319
232.74,325,327
232.74,328,324
232.74,319,322
232.75,333,329
232.8,315,318
232.8,335,333
232.8,317,318
232.8,338,335
232.8,313,314
232.81,338,337
232.81,313,312
232.86,333,335
232.86,318,313
232.86,328,332
232.87,321,318
232.87,326,328
232.87,325,321
232.88,323,324
232.94,330,326
232.94,319,320
232.94,334,330
232.94,315,316
232.94,335,333
232.94,312,313
232.95,337,335
233.01,313,312
233.01,332,333
233.01,313,312
233.01,331,333
233.01,319,315
233.01,328,329
233.01,321,317
233.07,325,327
233.07,326,322
233.07,318,322
233.07,330,328
233.07,316,318
233.07,333,331
233.08,316,317
233.13,338,334
233.13,314,314
233.13,337,335
233.13,313,312
233.13,332,334
233.13,318,314
233.14,330,332
233.21,319,315
233.21,326,329
233.21,320,319
233.21,321,323
233.21,326,323
233.21,318,318
233.21,334,329
233.27,314,315
233.27,333,331
233.27,312,312
233.27,333,332
233.27,313,312
233.27,335,335
233.27,314,312
233.33,331,333
233.33,319,315
233.33,328,330
233.33,323,318
233.33,323,326
233.33,326,324
233.34,317,322
233.39,333,329
233.39,317,319
233.39,332,330
233.39,313,315
233.39,335,332
233.4,312,311
233.4,335,333
233.46,314,312
233.46,330,332
233.46,313,311
233.46,328,332
233.46,320,315
233.46,322,327
233.47,324,320
233.53,319,324
233.53,328,326
233.53,316,320
233.53,332,328
233.53,315,316
233.54,334,332
233.54,313,313
233.6,334,333
233.6,313,311
233.6,335,333
233.6,314,311
233.6,331,333
233.6,318,314
233.6,327,330
233.66,322,317
233.66,323,326
233.66,327,322
233.66,321,322
233.66,329,327
233.66,317,319
233.67,333,331
233.72,315,315
233.72,336,334
233.72,312,314
233.72,334,335
233.72,317,315
233.72,335,336
233.73,316,314
233.78,333,334
233.78,324,320
233.78,329,331
233.78,327,323
233.78,325,327
233.79,332,329
233.8,323,326
233.86,336,334
233.86,320,321
233.86,343,339
233.86,322,321
233.86,343,341
233.86,320,319
233.86,340,342
233.92,323,320
233.92,341,341
233.92,322,321
233.92,336,338
233.92,327,325
233.92,330,334
233.93,333,330
233.99,325,327
233.99,334,332
233.99,321,324
233.99,339,337
233.99,319,321
233.99,341,338
233.99,319,319
234.05,340,339
234.05,317,315
234.05,336,337
234.05,317,315
234.05,333,334
234.05,320,317
234.06,327,331
234.11,324,321
234.11,322,325
234.11,327,324
234.11,319,320
234.11,332,328
234.12,313,317
234.12,334,333
234.18,311,314
234.18,334,334
234.18,312,313
234.18,335,335
234.18,314,312
234.18,330,334
234.19,317,314
234.25,328,329
234.25,321,317
234.25,324,326
234.25,324,321
234.25,320,322
234.25,330,325
234.26,315,316
234.31,330,327
234.31,312,314
234.31,332,331
234.31,309,311
234.31,333,333
234.31,310,311
234.32,330,332
234.38,309,308
234.38,328,328
234.38,317,312
234.38,326,326
234.38,322,318
234.38,321,323
234.39,327,323
234.44,316,318
234.44,328,326
234.44,312,314
234.44,331,328
234.44,312,312
234.44,333,332
234.45,312,311
234.5,333,333
234.5,311,311
234.5,334,335
234.5,317,314
234.5,330,331
234.51,323,318
234.52,323,326
234.58,327,322
234.58,322,325
234.58,332,328
234.58,318,321
234.58,335,333
234.58,319,320
234.58,339,337
234.64,317,317
234.64,338,338
234.64,316,315
234.64,339,339
234.64,318,316
234.64,336,336
234.65,323,319
234.71,333,334
234.71,326,325
234.71,322,327
234.71,328,327
234.71,323,326
234.71,333,332
234.71,319,321
234.77,337,336
234.77,317,318
234.77,339,337
234.77,317,316
234.77,337,340
234.77,318,318
234.78,338,339
234.85,322,319
234.85,333,337
234.85,328,325
234.85,331,334
234.85,334,329
234.85,328,330
234.85,339,334
234.91,322,325
234.91,341,337
234.91,321,322
234.91,340,339
234.91,320,320
234.91,340,341
234.91,320,320
234.97,340,341
234.97,323,321
234.97,337,339
234.97,326,322
234.97,333,336
234.97,330,325
234.98,330,331
235.03,332,330
235.03,322,325
235.03,336,334
235.03,320,321
235.03,339,336
235.03,320,320
235.04,343,341
235.1,318,319
235.1,340,341
235.1,318,317
235.1,337,338
235.1,321,319
235.1,334,337
235.11,326,323
235.16,329,332
235.16,331,326
235.16,324,327
235.16,334,331
235.16,322,323
235.17,336,333
235.17,316,319
235.24,338,336
235.24,315,315
235.24,339,337
235.24,316,316
235.24,337,336
235.24,317,315
235.24,333,336
235.3,319,317
235.3,330,331
235.3,324,321
235.3,321,324
235.3,328,323
235.3,318,322
235.3,331,328
235.36,313,317
235.36,333,331
235.36,312,313
235.36,332,332
235.36,310,311
235.36,333,332
235.37,309,309
235.42,330,331
235.42,313,311
235.42,327,328
235.42,319,315
235.42,321,325
235.43,322,319
235.44,316,321
235.5,329,326
235.5,316,319
235.5,331,327
235.5,314,315
235.5,332,331
235.5,311,313
235.5,335,333
235.56,310,309
235.56,333,333
235.56,315,312
235.56,328,331
235.56,316,314
235.56,324,327
235.57,320,318
235.62,322,326
235.62,329,324
235.62,318,323
235.62,332,329
235.63,318,321
235.63,339,335
235.63,318,318
235.69,337,337
235.69,317,318
235.69,340,340
235.69,319,317
235.69,338,339
235.69,324,321
235.7,332,336
235.75,328,323
235.75,333,334
235.75,330,327
235.75,325,329
235.75,333,332
235.76,325,326
235.76,341,338
235.81,324,325
235.81,342,339
235.81,321,322
235.81,346,344
235.81,323,322
235.82,344,344
235.83,323,321
235.89,340,341
235.89,329,325
235.89,336,338
235.89,331,327
235.89,331,333
235.89,336,331
235.89,326,327
235.95,338,333
235.95,318,322
235.95,339,335
235.95,317,318
235.95,339,338
235.95,315,314
235.96,338,337
236.02,314,314
236.02,334,335
236.02,319,314
236.02,331,333
236.02,320,317
236.02,327,329
236.03,324,322
236.08,324,325
236.08,333,328
236.08,319,321
236.08,334,330
236.08,315,317
236.08,335,333
236.09,313,314
236.15,336,336
236.15,314,312
236.15,334,333
236.15,315,312
236.16,328,332
236.16,318,314
236.16,327,328
236.22,320,317
236.22,321,324
236.22,325,319
236.22,316,318
236.22,324,323
236.22,310,314
236.22,329,326
236.28,310,310
236.28,331,329
236.28,308,308
236.28,331,330
236.28,310,307
236.28,328,329
236.29,310,308
236.34,323,326
236.34,314,312
236.34,320,323
236.34,321,318
236.34,316,320
236.34,326,322
236.35,314,317
236.4,330,326
236.4,310,313
236.4,334,330
236.4,310,311
236.4,333,333
236.41,311,312
236.42,337,336
236.48,318,314
236.48,330,333
236.48,316,316
236.48,329,331
236.48,322,318
236.48,324,326
236.48,328,324
236.54,319,322
236.54,331,328
236.54,318,318
236.54,335,332
236.54,315,316
236.54,335,333
236.55,313,314
236.61,336,336
236.61,315,313
236.61,336,336
236.61,319,315
236.61,328,333
236.61,322,318
236.62,326,330
236.67,326,320
236.67,322,324
236.67,327,323
236.67,315,316
236.67,330,326
236.67,310,313
236.68,331,329
236.73,310,309
236.73,330,329
236.73,306,308
236.73,331,330
236.73,308,307
236.74,326,328
236.75,313,309
236.81,323,326
236.81,317,312
236.81,319,321
236.81,323,318
236.81,312,315
236.81,325,321
236.81,311,312
236.87,326,324
236.87,306,308
236.87,328,326
236.87,305,306
236.87,327,327
236.87,308,306
236.88,326,328
236.93,309,305
236.93,321,324
236.93,313,309
236.93,318,323
236.93,317,312
236.93,313,316
236.94,320,319
237.0,308,311
237.0,325,323
237.0,308,311
237.0,327,324
237.0,305,306
237.0,329,327
237.01,306,304
237.06,327,327
237.06,306,304
237.06,325,326
237.06,311,306
237.06,320,322
237.07,312,310
237.07,316,319
237.14,320,315
237.14,313,316
237.14,323,320
237.14,310,311
237.14,328,325
237.14,308,310
237.14,329,328
237.2,308,310
237.2,333,332
237.2,311,309
237.2,331,333
237.2,315,313
237.2,330,332
237.21,322,317
237.26,328,330
237.26,324,321
237.26,323,327
237.26,331,326
237.26,320,323
237.26,337,332
237.27,319,319
237.32,338,335
237.32,317,318
237.32,340,340
237.32,316,317
237.32,339,342
237.33,320,319
237.34,338,340
237.39,324,320
237.39,335,338
237.39,326,323
237.39,329,333
237.39,331,327
237.39,324,327
237.4,337,332
237.46,322,325
237.46,337,336
237.46,319,321
237.46,342,339
237.46,317,317
237.46,341,342
237.47,321,319
237.53,340,341
237.53,323,319
237.53,334,339
237.53,325,323
237.53,334,336
237.53,331,327
237.53,328,331
237.59,334,332
237.59,326,326
237.59,338,335
237.59,320,322
237.59,341,338
237.59,321,321
237.6,343,341
237.65,319,320
237.65,341,342
237.65,320,318
237.65,338,340
237.65,326,321
237.66,333,337
237.66,326,323
237.73,329,332
237.73,331,327
237.73,324,327
237.73,334,331
237.73,320,323
237.73,337,334
237.73,318,318
237.79,336,335
237.79,315,315
237.79,337,335
237.79,315,313
237.79,335,335
237.79,316,314
237.79,334,334
237.85,323,318
237.85,328,331
237.85,324,321
237.85,323,326
237.85,327,325
237.85,317,319
237.86,331,327
237.92,315,316
237.92,334,331
237.92,311,313
237.92,335,334
237.92,312,312
237.92,335,334
237.93,313,312
237.98,334,334
237.98,317,314
237.98,331,332
237.98,322,318
237.98,325,327
237.98,328,323
237.99,320,323
238.04,330,328
238.04,317,318
238.04,332,330
238.04,314,314
238.04,333,330
238.05,310,311
238.06,331,332
238.12,309,309
238.12,329,331
238.12,312,310
238.12,329,329
238.12,315,311
238.12,322,326
238.12,322,316
238.19,319,321
238.19,325,322
238.19,317,319
238.19,328,326
238.19,313,313
238.19,331,329
238.19,312,312
238.25,332,331
238.25,309,310
238.25,332,333
238.25,313,310
238.25,328,330
238.25,312,311
238.25,327,328
238.31,316,313
238.31,321,323
238.31,321,317
238.31,313,316
238.31,323,320
238.31,311,313
238.32,327,324
238.37,308,309
238.37,330,326
238.37,305,307
238.37,329,328
238.37,309,307
238.38,332,332
238.38,311,310
238.44,327,330
238.44,315,313
238.44,324,327
238.44,319,315
238.44,319,320
238.44,322,320
238.45,314,317
238.51,329,323
238.51,309,313
238.51,331,327
238.51,308,309
238.51,333,330
238.51,310,309
238.52,334,332
238.58,311,310
238.58,331,332
238.58,314,311
238.58,326,329
238.58,320,316
238.58,324,327
238.58,325,320
238.64,321,322
238.64,328,324
238.64,313,316
238.64,330,326
238.64,310,312
238.64,334,331
238.65,311,311
238.7,333,332
238.7,311,311
238.7,335,334
238.7,315,313
238.7,330,333
238.7,319,317
238.71,326,330
238.76,322,320
238.76,323,326
238.76,328,325
238.76,319,322
238.76,333,330
238.77,316,318
238.78,336,334
238.84,314,317
238.84,337,336
238.84,316,315
238.84,338,338
238.84,317,316
238.84,337,336
238.84,320,317
238.9,332,334
238.9,323,318
238.9,327,329
238.9,324,321
238.9,321,323
238.9,329,325
238.91,317,319
238.97,333,330
238.97,314,314
238.97,335,334
238.97,313,313
238.97,336,335
238.97,315,314
238.97,335,336
239.03,314,313
239.03,330,334
239.03,320,317
239.03,328,331
239.03,327,321
239.03,323,327
239.04,330,326
239.1,320,323
239.1,332,329
239.1,316,318
239.1,335,333
239.1,315,316
239.11,336,336
239.11,315,314
239.17,336,335
239.17,315,316
239.17,335,337
239.17,321,317
239.17,332,335
239.17,326,321
239.17,331,333
239.23,328,324
239.23,324,328
239.23,335,331
239.23,321,324
239.23,338,335
239.23,318,320
239.24,341,338
239.29,319,320
239.29,340,341
239.29,318,318
239.29,340,341
239.29,320,320
239.29,337,339
239.3,327,323
239.36,335,338
239.36,331,326
239.36,329,333
239.36,337,332
239.36,325,328
239.36,339,336
239.37,321,324
239.42,340,338
239.42,321,322
239.42,344,342
239.42,321,320
239.42,345,344
239.42,323,320
239.43,341,342
239.5,323,321
239.5,336,340
239.5,327,323
239.5,329,333
239.5,332,327
239.5,326,329
239.5,336,331
239.51,323,325
239.52,337,334
239.53,318,321
239.59,338,337
239.59,319,319
239.59,341,339
239.59,319,318
239.59,341,340
239.59,322,320
239.59,339,340
239.65,325,321
239.65,334,336
239.65,329,324
239.65,328,332
239.65,335,329
239.65,325,327
239.66,336,333
239.72,322,323
239.72,340,338
239.72,318,320
239.72,339,337
239.72,316,316
239.72,342,340
239.72,319,317
239.78,337,339
239.78,321,319
239.78,335,337
239.78,324,320
239.78,330,331
239.78,326,323
239.79,323,326
239.84,328,326
239.84,320,322
239.84,335,330
239.84,311,315
239.84,335,331
239.85,310,311
239.86,330,331
239.91,308,308
239.91,333,332
239.91,311,308
239.91,327,330
239.91,313,311
239.91,322,326
239.92,316,314
239.98,319,322
239.98,321,318
239.98,311,316
239.98,326,321
239.98,308,311
239.98,327,324
239.99,307,308
240.04,329,327
240.04,305,305
240.04,329,328
240.04,307,306
240.05,330,328
240.05,309,306
240.05,323,324
240.11,311,309
240.11,316,320
240.11,318,312
240.11,313,316
240.11,321,316
240.11,310,311
240.12,323,320
240.17,301,305
240.17,325,321
240.17,300,302
240.17,322,322
240.17,302,300
240.17,322,323
240.18,301,300
240.23,322,322
240.23,304,301
240.23,315,317
240.23,310,305
240.23,311,315
240.24,310,308
240.25,305,308
240.31,316,314
240.31,304,304
240.31,319,317
240.31,301,302
240.31,321,321
240.31,298,299
240.31,324,323
240.37,300,299
240.37,322,322
240.37,304,300
240.37,319,321
240.37,307,305
240.37,314,317
240.38,313,309
240.44,311,313
240.44,316,314
240.44,307,309
240.44,323,318
240.44,305,306
240.44,326,322
240.44,300,302
240.5,322,324
240.5,302,302
240.5,324,324
240.5,305,302
240.5,320,323
240.5,309,304
240.51,321,322
240.58,313,310
240.58,318,320
240.58,321,316
240.58,314,314
240.58,323,320
240.58,310,313
240.58,326,324
240.64,310,310
240.64,330,328
240.64,308,308
240.64,331,330
240.64,306,306
240.64,329,330
240.64,312,310
240.7,330,331
240.7,317,314
240.7,323,326
240.7,321,318
240.7,319,321
240.7,326,321
240.71,315,317
240.76,330,326
240.76,311,313
240.76,330,328
240.76,309,309
240.76,331,329
240.76,310,310
240.77,332,331
240.82,311,309
240.82,328,331
240.82,315,312
240.82,326,329
240.82,321,317
240.83,320,326
240.84,324,321
240.9,319,321
240.9,327,324
240.9,313,317
240.9,333,330
240.9,311,315
240.9,336,333
240.9,314,315
240.96,337,335
240.96,312,313
240.96,337,337
240.96,316,315
240.96,334,335
240.96,321,318
240.97,329,330
241.03,326,322
241.03,325,327
241.03,331,326
241.03,319,323
241.03,334,333
241.03,319,320
241.03,336,334
241.09,317,317
241.09,339,337
241.09,317,316
241.09,338,339
241.09,318,317
241.09,338,339
241.1,322,319
241.15,333,336
241.15,326,323
241.15,330,334
241.15,333,327
241.15,326,328
241.16,335,332
241.17,322,325
241.23,339,336
241.23,319,321
241.23,341,338
241.23,319,319
241.23,344,342
241.23,320,318
241.23,340,341
241.29,322,319
241.29,337,338
241.29,327,324
241.29,333,337
241.29,329,325
241.29,327,330
241.3,333,328
241.35,323,326
241.35,337,333
241.35,320,323
241.35,337,336
241.35,319,319
241.35,339,338
241.36,315,315
241.41,339,339
241.41,317,315
241.41,336,336
241.41,320,318
241.41,333,334
241.42,325,321
241.43,327,330
241.49,329,324
241.49,324,327
241.49,335,329
241.49,317,321
241.49,334,333
241.49,317,317
241.49,338,335
241.55,314,314
241.55,337,337
241.55,313,312
241.55,332,335
241.55,315,313
241.55,330,332
241.56,319,315
241.62,328,331
241.62,321,319
241.62,323,326
241.62,327,323
241.62,316,320
241.62,330,327
241.62,314,315
241.68,332,330
241.68,311,312
241.68,336,333
241.68,311,311
241.68,333,334
241.68,312,312
241.69,332,333
241.74,313,312
241.74,326,330
241.74,320,316
241.74,321,326
241.74,325,320
241.75,317,321
241.76,330,324
241.81,315,316
241.81,328,328
241.81,310,313
241.81,333,330
241.81,308,310
241.81,333,332
241.82,309,310
241.88,332,332
241.88,313,310
241.88,330,332
241.88,317,314
241.88,326,331
241.88,324,320
241.89,323,326
241.95,329,324
241.95,322,324
241.95,333,329
241.95,317,319
241.95,334,333
241.95,317,317
241.95,339,336
242.01,315,315
242.01,339,338
242.01,317,316
242.01,337,339
242.01,320,316
242.01,336,337
242.02,325,321
242.07,331,333
242.07,328,325
242.07,324,328
242.07,330,329
242.07,321,323
242.07,333,332
242.08,318,321
242.13,337,336
242.13,318,317
242.13,338,337
242.13,314,314
242.13,337,338
242.14,317,314
242.15,330,334
242.21,318,316
242.21,329,330
242.21,321,318
242.21,322,326
242.21,324,323
242.21,316,319
242.21,329,325
242.27,315,316
242.27,332,328
242.27,309,311
242.27,332,331
242.27,311,310
242.27,333,332
242.28,309,308
242.34,327,330
242.34,311,307
242.34,324,326
242.34,312,310
242.34,319,321
242.34,319,314
242.35,313,316
242.4,321,317
242.4,308,311
242.4,323,321
242.4,308,309
242.4,329,326
242.4,306,308
242.41,330,329
242.46,307,307
242.46,330,331
242.46,311,309
242.46,329,332
242.46,315,313
242.47,325,328
242.48,321,317
242.54,322,326
242.54,324,321
242.54,319,321
242.54,328,324
242.54,314,316
242.54,330,328
242.54,310,312
242.6,333,332
242.6,311,312
242.6,333,333
242.6,312,312
242.6,335,335
242.6,318,313
242.61,332,334
242.67,323,318
242.67,326,330
242.67,325,322
242.67,322,326
242.67,331,327
242.67,318,321
242.67,334,329
242.73,317,318
242.73,337,334
242.73,313,314
242.73,335,334
242.73,314,313
242.73,335,335
242.74,315,313
242.79,335,336
242.79,318,315
242.79,329,332
242.79,320,318
242.79,324,327
242.8,328,322
242.8,321,324
242.85,331,328
242.85,317,321
242.85,337,332
242.85,317,319
242.85,341,338
242.86,317,318
242.87,341,340
242.93,319,318
242.93,339,340
242.93,320,318
242.93,337,338
242.93,324,321
242.93,333,335
242.94,329,324
242.99,326,330
242.99,332,329
242.99,321,323
242.99,333,331
242.99,317,318
243.0,336,335
243.0,317,316
243.06,338,336
243.06,315,314
243.06,338,337
243.06,316,314
243.06,335,336
243.06,320,318
243.07,330,334
243.12,325,320
243.12,324,329
243.12,327,324
243.12,322,324
243.12,330,327
243.12,318,319
243.13,333,331
243.2,315,315
243.2,334,332
243.2,313,314
243.2,334,336
243.2,314,313
243.2,334,335
243.2,315,312
243.26,331,333
243.26,318,316
243.26,327,330
243.26,323,320
243.26,321,324
243.26,326,324
243.26,317,320
243.32,330,329
243.32,314,316
243.32,333,331
243.32,313,314
243.32,336,334
243.32,311,312
243.33,336,336
243.38,315,312
243.38,331,334
243.38,316,313
243.38,330,333
243.38,322,318
243.39,325,327
243.39,328,323
243.44,320,324
243.44,330,328
243.44,320,321
243.44,335,333
243.44,318,319
243.45,336,335
243.46,316,316
243.52,338,337
243.52,314,314
243.52,335,337
243.52,317,317
243.52,333,336
243.52,321,319
243.52,333,335
243.59,328,322
243.59,322,327
243.59,331,326
243.59,320,323
243.59,335,331
243.59,317,319
243.59,336,334
243.65,317,319
243.65,340,338
243.65,318,316
243.65,340,340
243.65,319,317
243.65,338,339
243.66,321,318
243.71,334,336
243.71,326,321
243.71,329,332
243.71,328,325
243.71,326,328
243.71,334,330
243.72,322,324
243.79,339,335
243.79,318,320
243.79,338,337
243.79,314,317
243.79,339,339
243.79,316,316
243.79,336,337
243.85,316,315
243.85,332,333
243.85,320,316
243.85,330,332
243.85,324,321
243.85,324,326
243.85,330,325
243.91,320,324
243.91,334,332
243.91,320,323
243.91,340,337
243.91,318,320
243.91,342,340
243.92,319,318
243.97,341,340
243.97,319,318
243.97,339,340
243.97,325,322
243.97,336,338
243.98,329,324
243.98,333,335
244.03,332,329
244.03,329,331
244.03,336,332
244.03,326,327
244.03,338,337
244.04,319,322
244.05,341,339
244.11,317,319
244.11,341,340
244.11,317,316
244.11,340,339
244.11,318,317
244.11,335,337
244.11,323,320
244.17,331,333
244.17,327,323
244.17,327,330
244.17,329,325
244.17,320,323
244.17,330,329
244.18,317,318
244.23,335,332
244.23,314,316
244.23,336,333
244.24,314,312
244.24,334,336
244.24,314,311
244.25,334,334
244.3,314,312
244.3,329,331
244.3,320,315
244.3,324,327
244.3,320,319
244.3,319,322
244.31,327,323
244.38,315,317
244.38,331,326
244.38,313,314
244.38,331,329
244.38,310,310
244.38,333,332
244.38,311,311
244.44,334,333
244.44,314,311
244.44,328,331
244.44,315,311
244.44,326,328
244.44,319,315
244.44,322,323
244.5,322,317
244.5,315,316
244.5,326,321
244.5,310,313
244.5,326,324
244.5,305,308
244.51,331,328
244.56,307,307
244.56,328,329
244.56,307,305
244.56,330,330
244.56,311,307
244.57,325,326
244.57,312,310
244.62,319,322
244.62,318,312
244.62,314,318
244.62,321,316
244.62,311,314
244.63,327,323
244.64,309,312
244.7,329,327
244.7,309,310
244.7,332,331
244.7,309,308
244.7,333,333
244.7,312,309
244.7,332,333
244.76,314,312
244.76,329,331
244.76,323,319
244.76,325,327
244.76,325,321
244.76,319,322
244.77,328,326
244.83,316,317
244.83,333,329
244.83,313,314
244.83,333,332
244.83,311,310
244.83,332,331
244.84,308,309
244.89,329,331
244.89,312,309
244.89,325,330
244.89,318,313
244.89,326,328
244.89,323,320
244.9,320,324
244.97,328,323
244.97,317,320
244.97,332,328
244.97,312,316
244.97,333,329
244.97,311,311
244.97,332,332
245.03,310,309
245.03,332,333
245.03,313,310
245.03,331,332
245.03,314,312
245.03,330,330
245.03,322,317
245.09,323,325
245.09,325,321
245.09,319,321
245.09,328,325
245.09,313,315
245.09,329,327
245.1,314,314
245.15,333,330
245.15,309,310
245.15,332,332
245.15,308,308
245.15,331,330
245.16,309,307
245.16,324,328
245.22,313,310
245.22,325,326
245.22,321,316
245.22,321,325
245.22,327,323
245.22,319,320
245.23,326,326
245.28,317,318
245.28,333,331
245.28,314,314
245.28,332,332
245.28,313,313
245.29,334,335
245.29,315,312
245.36,333,334
245.36,318,313
245.36,328,331
245.36,321,319
245.36,328,329
245.36,327,322
245.36,320,325
245.42,332,329
245.42,320,321
245.42,334,332
245.42,317,319
245.42,337,336
245.42,318,318
245.43,342,339
245.48,318,316
245.48,338,340
245.48,322,320
245.48,339,341
245.48,328,325
245.48,337,340
245.49,334,330
245.54,333,336
245.54,338,334
245.54,330,332
245.54,343,338
245.55,328,330
245.55,348,345
245.56,326,328
245.61,351,349
245.61,326,326
245.61,350,351
245.61,329,329
245.61,351,351
245.61,334,331
245.62,346,347
245.69,335,333
245.69,341,344
245.69,342,336
245.69,332,337
245.69,342,339
245.69,329,332
245.69,344,342
245.75,325,327
245.75,346,344
245.75,324,324
245.75,346,344
245.75,320,320
245.75,344,344
245.75,324,322
245.81,339,341
245.81,324,321
245.81,335,338
245.81,329,324
245.81,328,333
245.81,331,327
245.82,321,325
245.87,332,330
245.87,317,320
245.87,335,331
245.87,313,315
245.87,338,335
245.88,314,314
245.88,336,336
245.94,315,312
245.94,334,335
245.94,315,312
245.94,327,329
245.94,319,315
245.94,323,325
245.95,318,315
246.0,316,320
246.0,321,319
246.0,314,315
246.0,328,325
246.0,309,311
246.01,330,328
246.02,306,308
246.08,330,329
246.08,307,306
246.08,331,330
246.08,308,306
246.08,326,328
246.08,312,309
246.08,320,325
246.14,317,314
246.14,319,321
246.14,320,317
246.14,311,317
246.14,322,320
246.14,310,310
246.15,324,322
246.2,304,304
246.2,323,321
246.2,299,298
246.2,319,319
246.2,295,295
246.2,316,318
246.21,298,294
246.27,310,313
246.27,299,297
246.27,305,309
246.27,303,298
246.27,299,303
246.27,307,303
246.28,297,297
246.33,310,306
246.33,291,293
246.33,311,309
246.33,290,292
246.33,314,312
246.33,288,289
246.34,311,312
246.41,290,289
246.41,310,311
246.41,295,292
246.41,306,309
246.41,300,297
246.41,303,306
246.41,306,303
246.47,300,303
246.47,312,307
246.47,299,301
246.47,317,313
246.47,298,298
246.47,319,316
246.47,297,297
246.53,319,319
246.53,296,296
246.53,322,321
246.53,301,299
246.53,315,319
246.53,305,303
246.54,315,317
246.6,311,309
246.6,311,315
246.6,315,313
246.6,307,310
246.6,320,318
246.6,305,307
246.6,324,322
246.66,304,304
246.66,327,325
246.66,303,302
246.66,325,326
246.66,304,302
246.66,323,324
246.67,306,304
246.73,319,321
246.74,310,307
246.74,315,317
246.74,313,311
246.74,310,314
246.74,320,315
246.74,306,308
246.8,323,319
246.8,304,306
246.8,325,323
246.8,305,305
246.8,328,328
246.8,305,306
246.8,328,329
246.86,308,306
246.86,325,328
246.86,312,309
246.86,323,325
246.86,317,314
246.86,319,323
246.87,324,320
246.92,314,318
246.92,327,325
246.92,312,314
246.92,333,330
246.92,309,312
246.92,334,333
246.94,312,312
246.94,335,336
246.95,315,312
246.96,334,336
247.02,318,315
247.02,331,334
247.02,324,321
247.02,329,332
247.02,329,326
247.02,325,329
247.03,336,332
247.08,324,325
247.08,341,337
247.08,320,321
247.08,340,339
247.08,319,320
247.08,343,342
247.09,318,318
247.16,341,341
247.16,319,317
247.16,338,339
247.16,325,321
247.16,331,335
247.16,329,324
247.16,329,331
247.22,331,327
247.22,324,326
247.22,337,331
247.22,319,321
247.22,337,333
247.22,315,315
247.22,337,335
247.28,314,314
247.28,337,336
247.28,314,313
247.28,335,336
247.28,317,315
247.28,327,331
247.29,318,315
247.34,325,328
247.34,325,320
247.34,321,325
247.34,331,326
247.34,319,321
247.35,333,330
247.35,316,317
247.41,338,335
247.41,315,315
247.41,342,340
247.41,320,319
247.41,343,342
247.41,320,319
247.42,342,343
247.49,325,322
247.49,337,339
247.49,331,328
247.49,332,335
247.49,336,332
247.49,328,332
247.49,339,336
247.55,327,328
247.55,345,341
247.55,323,325
247.55,347,345
247.55,322,323
247.55,346,345
247.55,322,322
247.61,343,344
247.61,325,322
247.61,339,340
247.61,327,323
247.61,333,336
247.61,330,327
247.62,328,331
247.67,333,329
247.67,323,326
247.67,339,336
247.67,320,323
247.67,340,338
247.67,319,318
247.68,340,339
247.73,316,316
247.73,341,341
247.73,319,318
247.73,337,338
247.73,322,318
247.74,333,336
247.75,327,323
247.81,329,333
247.81,330,327
247.81,326,327
247.81,334,331
247.81,319,322
247.81,337,334
247.81,316,318
247.87,338,335
247.87,317,316
247.87,337,337
247.87,314,314
247.87,336,337
247.87,318,314
247.88,335,335
247.94,323,320
247.94,327,332
247.94,324,321
247.94,325,327
247.94,331,326
247.94,318,321
247.94,331,329
248.0,316,317
248.0,334,332
248.0,311,314
248.0,337,335
248.0,313,311
248.0,334,334
248.01,313,310
248.06,332,333
248.06,317,312
248.06,327,330
248.06,319,314
248.06,321,324
248.07,322,318
248.08,316,320
248.14,326,322
248.14,312,314
248.14,327,326
248.14,310,312
248.14,331,329
248.14,310,309
248.14,334,331
248.2,307,306
248.2,328,329
248.2,310,309
248.2,325,329
248.2,314,311
248.2,322,325
248.21,320,315
248.26,317,320
248.26,323,318
248.26,314,317
248.26,328,324
248.26,310,313
248.26,331,328
248.27,309,311
248.33,331,330
248.33,308,308
248.33,332,332
248.33,311,309
248.33,332,333
248.33,315,312
248.34,329,332
248.39,323,318
248.39,327,329
248.39,325,321
248.39,324,326
248.39,331,327
248.39,319,321
248.4,334,331
248.47,316,317
248.47,337,334
248.47,315,315
248.47,336,335
248.47,311,310
248.47,335,335
248.47,314,314
248.53,333,334
248.53,319,315
248.53,328,330
248.53,325,320
248.53,326,328
248.53,328,325
248.53,323,325
248.59,333,330
248.59,318,319
248.59,337,334
248.59,316,317
248.59,340,339
248.59,317,316
248.6,338,339
248.65,319,316
248.65,336,338
248.65,320,316
248.65,335,336
248.65,325,320
248.66,330,333
248.67,330,327
248.73,331,333
248.73,337,334
248.73,326,330
248.73,343,338
248.73,323,325
248.73,342,342
248.73,323,323
248.79,347,344
248.79,322,323
248.79,346,347
248.79,328,326
248.79,346,347
248.79,331,328
248.8,340,344
248.86,336,332
248.86,336,339
248.86,339,335
248.86,331,334
248.86,341,338
248.86,325,328
248.86,346,342
248.92,324,325
248.92,347,343
248.92,323,323
248.92,347,346
248.92,321,322
248.92,344,345
248.93,324,323
248.98,341,343
248.98,331,326
248.98,336,339
248.98,333,330
248.98,332,335
248.98,336,333
248.99,327,328
249.05,337,337
249.05,323,324
249.05,344,340
249.05,321,322
249.05,344,341
249.05,319,318
249.06,344,343
249.12,322,319
249.12,338,340
249.12,323,321
249.12,335,337
249.12,327,324
249.12,329,332
249.12,330,327
249.19,328,330
249.19,334,331
249.19,321,324
249.19,338,337
249.19,321,321
249.19,341,338
249.19,316,318
249.25,339,339
249.25,317,315
249.25,337,336
249.25,317,313
249.25,328,331
249.25,319,314
249.25,325,326
249.31,321,316
249.31,319,322
249.31,326,321
249.31,314,317
249.31,325,322
249.31,308,312
249.32,330,328
249.37,305,309
249.37,331,329
249.37,307,308
249.37,329,329
249.37,308,307
249.38,329,330
249.39,314,309
249.45,324,327
249.45,313,310
249.45,318,321
249.45,319,314
249.45,312,316
249.45,322,317
249.45,305,309
249.51,322,318
249.51,302,303
249.51,323,321
249.51,301,301
249.51,322,322
249.51,302,299
249.52,321,322
249.58,303,301
249.58,319,319
249.58,303,302
249.58,314,318
249.58,309,304
249.58,309,312
249.58,313,310
249.64,303,307
249.64,316,314
249.64,303,304
249.64,321,317
249.64,298,300
249.64,323,320
249.65,298,300
249.7,324,323
249.7,300,298
249.7,320,321
249.7,306,302
249.7,319,320
249.71,311,306
249.71,314,317
249.78,312,309
249.78,312,314
249.78,318,316
249.78,306,311
249.78,324,320
249.78,304,307
249.78,326,324
249.84,303,305
249.84,328,326
249.84,306,304
249.84,327,326
249.84,306,305
249.84,325,327
249.84,311,307
249.9,323,324
249.9,315,312
249.9,316,321
249.9,321,317
249.9,315,317
249.9,324,321
249.91,312,314
249.96,329,326
249.96,309,311
249.96,331,329
249.97,309,310
249.97,332,334
249.97,312,310
249.98,331,332
250.03,313,311
250.03,327,330
250.03,316,313
250.03,322,325
250.03,322,318
250.03,318,322
250.04,323,320
250.1,314,317
250.1,329,326
250.1,313,314
250.1,332,330
250.1,310,311
250.1,332,331
250.11,308,309
250.17,334,332
250.17,312,309
250.17,331,332
250.17,316,313
250.17,328,331
250.17,319,316
250.17,323,326
250.23,326,321
250.23,319,321
250.23,328,325
250.23,316,319
250.23,336,331
250.23,315,315
250.24,335,334
250.29,312,311
250.29,334,334
250.29,313,312
250.29,334,333
250.29,314,311
250.3,331,332
250.3,317,314
250.35,325,328
250.35,320,317
250.35,321,324
250.35,325,322
250.35,315,320
250.36,331,328
250.37,315,316
250.43,332,332
250.43,312,314
250.43,333,333
250.43,309,310
250.43,334,334
250.43,310,310
250.43,333,333
250.49,314,312
250.5,330,331
250.5,321,316
250.5,322,326
250.5,322,320
250.5,319,321
250.5,327,325
250.56,315,318
250.56,332,328
250.56,314,315
250.56,334,332
250.56,313,313
250.56,336,334
250.57,312,313
250.62,336,334
250.62,315,312
250.62,334,334
250.62,319,315
250.62,328,332
250.62,321,318
250.63,324,327
250.7,329,323
250.7,320,322
250.7,331,327
250.7,314,318
250.7,334,331
250.7,313,315
250.7,337,334
250.76,313,312
250.76,336,336
250.76,313,312
250.76,335,335
250.76,316,314
250.76,330,334
250.76,322,318
250.82,324,328
250.82,325,322
250.82,322,324
250.82,330,327
250.82,319,321
250.82,332,330
250.83,315,317
250.88,334,331
250.88,312,313
250.88,335,335
250.88,313,312
250.88,334,335
250.89,314,312
250.89,333,334
250.95,319,314
250.95,331,333
250.95,322,318
250.95,322,327
250.95,326,323
250.95,319,322
250.96,327,326
251.01,314,318
251.01,333,330
251.01,312,314
251.01,335,333
251.01,310,311
251.02,334,334
251.02,310,310
251.07,332,333
251.07,313,311
251.07,328,330
251.07,319,315
251.07,327,328
251.08,323,319
251.09,321,323
251.15,326,323
251.15,318,319
251.15,330,327
251.15,314,316
251.15,331,330
251.15,311,311
251.16,334,333
251.21,308,310
251.21,333,334
251.21,313,311
251.21,333,333
251.21,314,313
251.21,329,332
251.22,321,317
251.28,326,327
251.28,327,322
251.28,321,324
251.28,331,325
251.28,316,319
251.28,332,330
251.29,314,316
251.34,336,334
251.34,313,314
251.34,336,334
251.34,315,313
251.34,335,336
251.34,315,313
251.35,333,335
251.42,319,316
251.42,326,332
251.42,323,320
251.42,322,327
251.42,328,326
251.42,321,324
251.42,335,330
251.48,318,318
251.48,335,334
251.48,316,318
251.48,339,337
251.48,315,317
251.48,340,339
251.48,317,316
251.54,339,340
251.54,323,319
251.54,334,337
251.54,324,321
251.54,327,332
251.54,329,326
251.55,326,328
251.6,332,328
251.6,322,324
251.6,336,334
251.6,321,322
251.6,341,338
251.61,317,318
251.61,341,339
251.66,318,318
251.66,341,341
251.66,321,318
251.66,338,340
251.67,325,321
251.67,335,336
251.68,329,325
251.74,329,333
251.74,333,329
251.74,325,328
251.74,335,332
251.74,323,324
251.74,341,337
251.75,318,321
251.81,341,339
251.81,317,317
251.81,342,341
251.81,319,317
251.81,339,339
251.81,320,318
251.81,337,337
251.87,325,320
251.87,331,334
251.87,329,325
251.87,326,329
251.87,333,329
251.87,321,325
251.88,335,333
251.93,317,320
251.93,338,337
251.93,317,317
251.93,341,340
251.93,314,314
251.93,342,341
251.94,321,319
251.99,340,342
251.99,325,323
251.99,338,341
251.99,332,328
251.99,335,339
252.0,338,334
252.01,332,335
252.07,345,340
252.07,329,332
252.07,349,345
252.07,330,330
252.07,348,347
252.07,327,326
252.07,351,350
252.13,326,326
252.13,347,349
252.13,328,327
252.13,346,347
252.13,334,329
252.13,340,344
252.14,336,333
252.2,336,338
252.2,338,336
252.2,331,333
252.2,347,342
252.2,326,330
252.2,347,345
252.2,323,322
252.26,343,343
252.26,320,320
252.26,343,341
252.26,319,317
252.26,337,339
252.26,320,317
252.27,331,334
252.32,323,319
252.32,325,328
252.32,324,321
252.32,318,321
252.32,328,324
252.33,315,316
252.33,329,327
252.4,311,313
252.4,332,330
252.4,311,311
252.4,337,336
252.4,311,312
252.4,335,337
252.4,317,314
252.46,336,336
252.46,322,318
252.46,331,334
252.46,328,324
252.46,329,331
252.46,334,330
252.47,326,328
252.52,340,337
252.52,324,326
252.52,341,339
252.52,323,324
252.52,346,343
252.52,322,321
252.53,345,345
252.59,322,319
252.59,340,342
252.59,323,321
252.59,336,340
252.59,328,324
252.59,333,335
252.6,332,328
252.65,327,329
252.65,335,331
252.65,324,327
252.65,336,335
252.65,319,321
252.65,340,338
252.66,317,317
252.73,339,339
252.73,318,316
252.73,339,337
252.73,316,314
252.73,335,337
252.73,323,319
252.73,333,334
252.79,325,323
252.79,326,330
252.79,331,326
252.79,323,324
252.79,333,329
252.79,318,321
252.79,337,335
252.85,316,318
252.85,338,338
252.85,318,319
252.85,340,340
252.85,317,317
252.85,341,341
252.86,322,317
252.91,337,339
252.91,325,321
252.91,330,335
252.91,332,327
252.91,328,331
252.92,335,330
252.92,325,327
252.98,339,335
252.98,319,321
252.98,337,335
252.98,316,318
252.98,340,339
252.98,317,317
252.99,340,341
253.05,320,318
253.05,338,339
253.05,323,319
253.05,335,336
253.05,327,321
253.05,329,331
253.06,331,326
253.12,322,326
253.12,332,329
253.12,318,320
253.12,336,332
253.12,317,317
253.12,337,335
253.12,313,313
253.18,337,337
253.18,312,313
253.18,335,337
253.18,317,314
253.18,334,336
253.18,320,317
253.19,327,332
253.24,324,321
253.24,323,327
253.24,329,326
253.24,321,322
253.24,332,330
253.24,315,318
253.25,335,332
253.3,312,314
253.3,337,335
253.3,314,313
253.3,336,337
253.3,314,312
253.31,336,336
253.32,317,313
253.38,331,332
253.38,320,317
253.38,324,328
253.38,324,322
253.38,321,324
253.38,329,325
253.38,315,318
253.44,332,329
253.44,314,316
253.44,334,332
253.44,311,313
253.44,336,336
253.44,314,312
253.45,334,335
253.51,316,314
253.51,332,335
253.51,319,315
253.51,330,331
253.51,323,320
253.51,323,325
253.51,328,324
253.57,321,322
253.57,331,327
253.57,318,319
253.57,336,334
253.57,315,316
253.57,337,335
253.58,314,313
253.63,337,336
253.63,313,313
253.63,335,335
253.63,316,313
253.63,329,331
253.64,318,315
253.65,325,327
253.71,323,320
253.71,321,323
253.71,329,326
253.71,319,320
253.71,333,329
253.71,314,315
253.71,332,331
253.77,313,314
253.77,335,333
253.77,311,310
253.77,333,334
253.77,313,310
253.77,331,331
253.78,314,311
253.83,326,327
253.83,317,313
253.83,320,324
253.83,322,319
253.83,314,318
253.83,327,323
253.84,313,314
253.9,330,326
253.9,307,309
253.9,329,328
253.9,307,307
253.9,333,330
253.9,306,306
253.91,329,329
253.96,310,307
253.96,323,326
253.96,311,310
253.96,319,322
253.96,315,312
253.97,314,315
253.97,320,316
254.04,308,311
254.04,323,319
254.04,303,305
254.04,325,321
254.04,301,303
254.04,325,322
254.04,303,301
254.1,326,325
254.1,302,302
254.1,323,323
254.1,309,304
254.1,318,320
254.1,311,307
254.1,315,317
254.16,317,312
254.16,311,313
254.16,321,316
254.16,304,309
254.16,324,319
254.16,303,306
254.17,325,323
254.22,303,304
254.23,324,325
254.23,304,305
254.23,330,329
254.23,306,305
254.23,324,326
254.24,312,307
254.29,320,324
254.29,319,314
254.29,317,320
254.29,322,320
254.29,317,319
254.29,329,324
254.3,313,314
254.37,333,329
254.37,311,313
254.37,335,333
254.37,313,312
254.37,334,335
254.37,313,311
254.37,333,334
254.43,317,315
254.43,330,333
254.43,320,318
254.43,328,329
254.43,324,321
254.43,320,324
254.44,330,327
254.44,318,320
254.45,333,330
254.46,313,316
254.52,334,332
254.52,314,314
254.52,338,336
254.52,311,312
254.52,336,336
254.52,314,314
254.53,334,336
254.58,322,316
254.58,331,332
254.58,322,320
254.58,326,327
254.58,325,324
254.58,321,323
254.59,333,329
254.65,315,319
254.65,335,333
254.65,311,316
254.65,337,336
254.65,315,315
254.65,339,338
254.66,317,314
254.71,336,336
254.71,317,315
254.71,334,335
254.71,322,319
254.71,329,331
254.71,326,322
254.72,320,325
254.79,326,323
254.79,318,319
254.79,330,327
254.79,313,314
254.79,330,328
254.79,309,310
254.79,331,331
254.85,310,310
254.85,333,332
254.85,312,311
254.85,332,333
254.85,316,313
254.85,328,330
254.85,320,318
254.91,325,328
254.91,323,321
254.91,319,321
254.91,330,326
254.91,317,318
254.91,331,329
254.92,311,314
254.97,335,331
254.97,311,312
254.97,335,333
254.97,311,309
254.97,332,333
254.98,313,310
254.99,330,330
255.05,314,311
255.05,325,326
255.05,316,315
255.05,318,321
255.05,322,319
255.05,313,316
255.05,325,323
255.11,308,312
255.11,326,325
255.11,307,307
255.11,331,328
255.11,309,308
255.11,329,332
255.12,311,308
255.17,330,333
255.17,317,311
255.17,327,329
255.17,318,314
255.17,323,326
255.17,323,319
255.18,320,322
255.24,330,324
255.24,315,317
255.24,331,327
255.24,314,315
255.24,335,332
255.24,312,312
255.25,337,335
255.3,312,312
255.3,337,335
255.3,314,313
255.3,332,333
255.3,317,314
255.3,328,330
255.31,322,317
255.38,321,324
255.38,326,322
255.38,318,321
255.38,329,326
255.38,314,317
255.38,335,331
255.38,313,313
255.44,332,331
255.44,309,311
255.44,332,331
255.44,310,310
255.44,329,331
255.44,312,311
255.44,328,330
255.5,318,313
255.5,323,326
255.5,321,317
255.5,319,321
255.5,326,321
255.5,313,316
255.51,328,324
255.56,309,312
255.56,330,329
255.57,308,310
255.57,332,331
255.57,310,308
255.57,332,332
255.57,308,309
255.63,329,331
255.63,316,312
255.63,326,330
255.63,320,315
255.63,322,327
255.63,327,322
255.64,322,323
255.7,330,327
255.7,317,320
255.7,335,332
255.7,315,317
255.7,336,335
255.7,315,316
255.71,339,338
255.77,317,316
255.77,339,340
255.77,320,318
255.77,333,337
255.77,325,321
255.77,333,334
255.77,327,325
255.83,326,330
255.83,332,329
255.83,323,325
255.83,335,333
255.83,320,322
255.83,339,336
255.84,316,318
255.89,339,339
255.89,316,316
255.89,339,339
255.89,318,316
255.89,337,338
255.89,322,317
255.9,332,335
255.95,322,320
255.96,329,330
255.96,326,323
255.96,323,325
255.96,331,327
255.96,320,322
255.97,333,330
256.02,315,318
256.02,336,334
256.02,312,314
256.02,336,336
256.02,313,313
256.03,333,334
256.03,313,311
256.09,332,334
256.09,319,315
256.1,326,330
256.1,324,319
256.1,325,327
256.1,329,324
256.1,318,322
256.16,330,327
256.16,315,317
256.16,332,330
256.16,313,314
256.16,336,334
256.16,310,311
256.16,336,334
256.22,310,310
256.22,332,332
256.22,313,310
256.22,329,330
256.22,318,315
256.22,325,327
256.23,324,319
256.28,320,324
256.28,326,323
256.28,315,317
256.28,331,328
256.28,312,315
256.29,333,330
256.3,311,313
256.35,334,333
256.35,308,311
256.35,334,335
256.35,317,314
256.35,332,332
256.35,317,313
256.36,328,330
256.42,319,317
256.42,323,326
256.42,324,321
256.42,321,322
256.42,329,325
256.42,316,319
256.43,335,331
256.49,312,314
256.49,334,333
256.49,314,313
256.49,333,333
256.49,313,312
256.49,333,334
256.49,314,311
256.55,330,332
256.55,319,314
256.55,326,329
256.55,324,319
256.55,320,324
256.55,327,323
256.56,319,320
256.61,328,327
256.61,314,315
256.61,331,329
256.61,312,313
256.61,335,333
256.62,312,311
256.62,333,335
256.68,311,311
256.68,332,333
256.68,314,312
256.68,327,329
256.68,320,315
256.68,322,326
256.69,322,318
256.75,319,320
256.75,326,322
256.75,313,314
256.75,330,328
256.75,310,314
256.75,334,330
256.76,312,313
256.82,335,334
256.82,312,310
256.82,333,334
256.82,317,314
256.82,331,336
256.82,319,317
256.82,328,331
256.88,325,321
256.88,325,327
256.88,331,326
256.88,322,323
256.88,334,331
256.88,318,320
256.89,337,335
256.94,315,318
256.94,338,337
256.94,315,315
256.94,339,338
256.94,315,314
256.94,337,337
256.95,320,318
257.01,333,335
257.01,322,318
257.01,325,330
257.01,326,321
257.01,323,325
257.01,329,325
257.02,319,320
257.07,333,328
257.07,311,314
257.07,333,331
257.07,313,313
257.07,335,335
257.07,311,311
257.08,334,334
257.15,313,311
257.15,331,332
257.15,317,313
257.15,325,328
257.15,319,316
257.15,323,324
257.15,321,319
257.21,316,320
257.21,328,324
257.21,311,314
257.21,329,326
257.21,312,313
257.21,331,331
257.21,311,312
257.27,335,333
257.27,310,310
257.27,333,334
257.27,313,311
257.27,329,332
257.27,319,315
257.28,325,329
257.33,324,320
257.33,321,323
257.33,330,325
257.33,317,320
257.33,334,329
257.34,316,318
257.34,337,333
257.39,314,314
257.39,336,335
257.39,313,312
257.39,337,336
257.4,314,314
257.4,331,334
257.41,318,314
257.47,328,330
257.47,320,317
257.47,324,328
257.47,324,320
257.47,321,323
257.47,329,326
257.48,318,319
257.53,333,330
257.53,315,316
257.53,334,333
257.53,312,313
257.53,334,334
257.53,313,311
257.54,332,332
257.6,311,309
257.6,325,329
257.6,315,313
257.6,325,328
257.6,320,317
257.6,320,323
257.61,325,320
257.66,314,318
257.66,328,325
257.66,310,314
257.66,331,328
257.66,309,311
257.66,333,331
257.67,310,311
257.72,332,332
257.72,310,309
257.72,331,332
257.72,311,310
257.72,328,329
257.73,317,313
257.74,320,324
257.8,321,318
257.8,318,322
257.8,324,322
257.8,314,317
257.8,328,326
257.8,311,314
257.8,333,331
257.86,311,311
257.86,336,333
257.86,312,310
257.86,335,334
257.86,313,311
257.86,331,333
257.87,316,313
257.92,328,330
257.92,320,318
257.92,325,328
257.92,326,324
257.92,319,323
257.93,331,328
257.93,317,320
257.99,334,333
257.99,314,318
257.99,337,337
257.99,314,316
257.99,339,338
257.99,317,316
258.0,337,338
258.06,321,318
258.06,333,335
258.06,321,318
258.06,327,332
258.07,328,323
258.07,326,327
258.07,327,326
258.13,321,323
258.13,336,330
258.13,316,319
258.13,339,335
258.13,314,317
258.13,340,337
258.13,317,316
258.19,337,337
258.19,316,314
258.19,334,336
258.19,318,316
258.19,331,334
258.19,322,320
258.2,328,330
258.25,329,323
258.25,321,325
258.25,331,328
258.25,318,321
258.25,338,333
258.25,316,319
258.26,340,337
258.31,315,315
258.31,340,338
258.31,315,314
258.31,335,336
258.31,316,314
258.32,334,334
258.33,320,316
258.39,326,329
258.39,323,318
258.39,320,323
258.39,325,321
258.39,313,316
258.39,326,321
258.39,307,310
258.45,325,323
258.45,306,307
258.45,328,326
258.45,303,304
258.45,328,326
258.45,305,303
258.46,322,324
258.52,305,303
258.52,319,321
258.52,311,306
258.52,314,317
258.52,313,311
258.52,312,314
258.52,319,316
258.58,309,310
258.58,323,320
258.58,305,309
258.58,328,325
258.58,305,304
258.58,327,325
258.59,304,304
258.64,326,325
258.64,305,303
258.64,322,325
258.64,311,307
258.64,321,323
258.65,316,313
258.65,316,320
258.72,323,319
258.72,317,320
258.72,329,325
258.72,314,318
258.72,334,332
258.72,316,318
258.72,337,337
258.78,317,317
258.78,340,340
258.78,318,318
258.78,342,342
258.78,323,322
258.78,340,342
258.79,329,324
258.84,333,336
258.84,330,328
258.84,329,334
258.84,339,333
258.84,327,329
258.84,341,337
258.85,325,327
258.91,346,341
258.91,323,323
258.91,346,343
258.91,319,319
258.91,343,342
258.91,321,320
258.92,340,343
258.97,326,322
258.97,337,339
258.97,328,324
258.97,329,334
258.97,334,328
258.97,327,329
258.98,336,333
259.05,320,323
259.05,339,334
259.05,319,319
259.05,339,337
259.05,317,315
259.05,339,337
259.05,315,314
259.11,335,336
259.11,315,314
259.11,333,334
259.11,321,317
259.11,328,331
259.11,326,321
259.11,323,325
259.18,329,325
259.18,319,321
259.18,330,328
259.18,314,317
259.18,334,331
259.18,312,313
259.18,336,333
259.24,313,312
259.24,335,335
259.24,311,312
259.24,336,336
259.24,316,314
259.24,331,334
259.24,324,320
259.3,329,331
259.3,329,324
259.3,324,326
259.3,330,327
259.3,316,321
259.3,335,330
259.31,313,317
259.36,335,333
259.36,315,314
259.36,335,335
259.36,312,312
259.36,336,336
259.37,316,313
259.38,332,335
259.43,320,317
259.43,329,331
259.43,321,319
259.43,323,327
259.43,329,324
259.43,321,324
259.44,332,329
259.5,316,319
259.5,333,332
259.5,316,316
259.5,334,334
259.5,313,314
259.5,334,335
259.51,315,314
259.57,336,336
259.57,314,314
259.57,332,333
259.57,320,317
259.57,327,328
259.57,323,320
259.57,322,324
259.63,327,324
259.63,316,320
259.63,332,329
259.63,313,316
259.63,332,331
259.63,311,313
259.64,333,334
259.69,312,311
259.69,333,333
259.69,313,310
259.69,329,333
259.69,317,312
259.7,327,328
259.7,318,315
259.77,322,324
259.77,321,318
259.77,318,320
259.77,328,324
259.77,315,317
259.77,330,328
259.77,314,314
259.83,333,332
259.83,310,312
259.83,332,333
259.83,313,312
259.83,334,333
259.83,315,311
259.83,331,332
259.89,318,316
259.89,324,329
259.89,323,319
259.89,324,325
259.89,326,322
259.89,317,319
259.9,331,327
259.96,314,316
259.96,335,332
259.96,314,314
259.96,335,334
259.96,314,312
259.96,336,336
259.97,313,313
260.02,333,335
260.02,317,313
260.02,330,332
260.02,321,317
260.02,323,327
260.02,326,321
260.03,319,323
260.1,330,326
260.1,318,319
260.1,335,331
260.1,315,317
260.1,336,334
260.1,313,315
260.1,337,336
260.16,315,314
260.16,336,337
260.16,316,313
260.16,333,335
260.16,321,317
260.16,328,331
260.16,325,320
260.22,325,326
260.22,329,325
260.22,322,323
260.22,332,329
260.22,317,320
260.22,336,334
260.23,316,317
260.28,337,336
260.28,317,316
260.28,340,339
260.28,318,316
260.28,338,338
260.29,319,316
260.29,333,336
260.35,321,318
260.35,326,329
260.35,326,321
260.35,318,321
260.35,326,322
260.35,314,315
260.36,329,325
260.41,310,311
260.41,329,326
260.41,306,308
260.41,328,327
260.41,304,305
260.42,327,327
260.42,305,304
260.49,324,324
260.49,308,304
260.49,316,319
260.49,310,307
260.49,312,315
260.49,317,311
260.49,306,309
260.55,317,313
260.55,303,305
260.55,320,317
260.55,299,301
260.55,318,318
260.55,298,298
260.56,317,318
260.61,296,296
260.61,315,317
260.61,299,296
260.61,314,315
260.61,302,298
260.61,309,312
260.62,303,301
260.67,305,308
260.67,312,306
260.67,299,301
260.67,314,311
260.67,299,299
260.68,317,314
260.69,294,297
260.74,317,317
260.74,298,296
260.74,319,319
260.74,298,296
260.74,319,320
260.74,303,299
260.75,314,317
260.81,307,303
260.81,310,313
260.81,314,309
260.81,307,310
260.81,318,314
260.81,305,308
260.82,322,319
260.88,304,305
260.88,327,324
260.88,302,304
260.88,327,327
260.88,305,303
260.88,327,327
260.88,309,307
260.94,321,325
260.94,309,307
260.94,319,322
260.94,316,313
260.94,316,320
260.94,320,318
260.95,315,316
261.0,324,322
261.0,309,311
261.0,329,326
261.0,310,311
261.0,329,329
261.01,311,310
261.01,331,331
261.06,312,310
261.06,332,333
261.06,314,311
261.06,331,331
261.06,320,317
261.07,324,328
261.08,325,322
261.14,323,326
261.14,331,328
261.14,321,323
261.14,336,334
261.14,318,320
261.14,339,337
261.15,319,319
261.2,341,340
261.2,319,319
261.2,342,342
261.2,323,320
261.2,341,342
261.2,327,325
261.21,337,339
261.27,331,327
261.27,334,336
261.27,337,333
261.27,331,332
261.27,342,340
261.27,329,330
261.28,343,341
261.33,324,326
261.33,346,345
261.33,323,323
261.33,345,345
261.33,322,322
261.33,342,344
261.34,324,322
261.39,339,340
261.39,329,324
261.39,330,335
261.39,330,326
261.39,326,331
261.4,335,330
261.41,324,326
261.47,337,334
261.47,320,322
261.47,340,338
261.47,318,320
261.47,344,342
261.47,318,320
261.47,340,340
261.53,321,318
261.53,336,339
261.53,323,320
261.53,335,336
261.53,326,322
261.53,331,333
261.54,332,327
261.59,326,329
261.59,338,333
261.59,323,325
261.59,340,337
261.59,321,321
261.6,341,338
261.6,316,317
261.66,341,340
261.66,317,316
261.66,340,341
261.66,321,319
261.66,338,341
261.66,328,324
261.67,335,338
261.73,332,329
261.73,332,336
261.73,339,335
261.73,331,333
261.73,343,339
261.73,326,329
261.73,347,344
261.8,324,326
261.8,349,346
261.8,324,324
261.8,348,347
261.8,325,324
261.8,346,347
261.8,331,326
261.86,342,343
261.86,332,328
261.86,336,339
261.86,338,333
261.86,331,335
261.86,342,338
261.87,329,331
261.92,345,341
261.92,329,328
261.92,349,345
261.92,325,328
261.92,351,348
261.92,327,325
261.94,348,348
261.94,329,325
261.95,346,346
261.96,331,327
262.01,340,343
262.01,335,331
262.01,336,340
262.01,340,336
262.01,331,333
262.02,343,340
262.03,328,330
262.08,347,343
262.08,324,326
262.08,348,346
262.08,325,323
262.08,349,348
262.08,323,322
262.09,342,345
262.15,327,325
262.15,343,344
262.15,331,327
262.15,335,338
262.15,334,331
262.15,331,334
262.16,338,334
262.22,328,329
262.22,340,337
262.22,321,323
262.22,341,339
262.22,318,320
262.22,340,340
262.22,316,316
262.28,339,339
262.28,318,317
262.28,337,337
262.28,322,317
262.28,333,335
262.28,324,321
262.29,329,330
262.34,329,325
262.34,322,326
262.34,331,329
262.34,318,321
262.34,334,331
262.35,315,315
262.35,334,334
262.4,312,312
262.4,335,332
262.4,310,308
262.4,328,331
262.4,312,308
262.41,323,327
262.42,313,308
262.48,319,322
262.48,316,311
262.48,313,316
262.48,320,315
262.48,305,309
262.48,318,317
262.48,304,305
262.54,321,320
262.54,301,301
262.54,321,321
262.54,299,299
262.54,322,321
262.54,299,297
262.55,318,319
262.6,300,299
262.6,312,316
262.6,304,302
262.6,310,313
262.6,311,306
262.61,305,308
262.62,317,312
262.67,302,304
262.67,319,316
262.67,299,300
262.67,320,318
262.67,299,299
262.67,321,321
262.68,297,297
262.74,319,319
262.74,301,298
262.74,315,318
262.74,306,302
262.74,314,317
262.74,309,305
262.75,308,312
262.81,314,311
262.81,305,308
262.81,318,314
262.81,305,306
262.81,323,320
262.81,303,302
262.81,323,322
262.87,300,302
262.87,327,325
262.87,302,302
262.87,322,324
262.87,306,303
262.87,323,325
262.88,312,308
262.93,320,323
262.93,320,315
262.93,316,320
262.93,326,323
262.93,317,317
262.93,334,329
262.94,314,316
263.0,336,332
263.0,312,314
263.0,337,335
263.0,315,313
263.0,336,337
263.0,316,314
263.01,335,336
263.07,321,317
263.07,328,333
263.07,324,322
263.07,327,330
263.07,331,328
263.07,324,327
263.07,339,335
263.14,321,324
263.14,342,338
263.14,321,323
263.14,343,342
263.14,320,320
263.14,346,345
263.14,320,320
263.2,342,344
263.2,324,322
263.2,341,342
263.2,327,325
263.2,336,340
263.2,333,330
263.21,334,336
263.26,340,337
263.26,330,333
263.26,344,340
263.26,324,328
263.26,347,343
263.26,323,323
263.27,345,343
263.33,322,322
263.33,343,342
263.33,320,319
263.33,342,342
263.33,324,322
263.33,338,338
263.34,328,324
263.39,331,334
263.39,328,326
263.39,325,328
263.39,333,331
263.39,320,324
263.39,337,335
263.4,319,319
263.46,339,336
263.46,317,317
263.46,337,337
263.46,316,315
263.46,338,336
263.47,318,313
263.47,332,334
263.53,319,315
263.53,327,330
263.53,322,318
263.53,321,324
263.53,327,323
263.53,317,320
263.53,330,326
263.59,314,316
263.59,333,329
263.59,310,313
263.59,332,333
263.59,312,311
263.59,335,333
263.6,310,309
263.65,331,332
263.65,313,311
263.65,328,329
263.65,318,313
263.65,322,324
263.66,318,315
263.66,315,319
263.73,325,320
263.73,313,315
263.73,327,325
263.73,311,313
263.73,330,329
263.73,309,311
263.73,332,332
263.79,312,310
263.79,331,332
263.79,313,312
263.79,334,334
263.79,320,316
263.79,331,332
263.8,326,321
263.85,325,328
263.85,330,326
263.85,320,324
263.85,334,330
263.85,318,321
263.85,338,336
263.86,320,321
263.92,339,336
263.92,315,317
263.92,338,339
263.92,317,316
263.92,337,338
263.92,319,318
263.93,336,337
263.98,326,321
263.98,331,334
263.98,333,327
263.98,326,331
263.98,335,333
263.98,326,326
263.99,337,334
264.06,321,323
264.06,340,337
264.06,318,320
264.06,341,340
264.06,318,318
264.06,339,340
264.06,321,318
264.12,337,338
264.12,321,319
264.12,336,337
264.12,327,323
264.12,329,332
264.12,332,327
264.12,325,326
264.18,331,328
264.18,320,321
264.18,334,333
264.18,317,318
264.18,338,335
264.18,313,314
264.19,337,336
264.24,317,314
264.24,334,337
264.24,315,312
264.24,329,333
264.24,319,317
264.25,328,330
264.25,323,320
264.3,325,327
264.3,327,324
264.3,319,321
264.3,331,328
264.3,317,318
264.31,337,333
264.32,315,315
264.38,336,335
264.38,313,313
264.38,334,335
264.38,315,312
264.38,332,333
264.38,316,313
264.38,328,329
264.44,319,314
264.44,323,325
264.44,320,317
264.44,313,317
264.44,323,320
264.45,310,312
264.45,326,322
264.51,303,307
264.51,324,324
264.51,305,305
264.51,328,327
264.51,304,304
264.51,324,325
264.52,305,304
264.57,324,326
264.57,312,307
264.57,321,321
264.57,314,311
264.57,313,318
264.57,318,315
264.58,313,315
264.63,323,319
264.63,309,311
264.63,324,321
264.63,306,306
264.63,327,325
264.64,306,306
264.65,329,327
264.71,307,305
264.71,324,326
264.71,308,305
264.71,321,323
264.71,311,309
264.71,320,321
264.71,317,314
264.77,315,317
264.77,321,319
264.77,311,313
264.77,325,322
264.77,309,309
264.77,329,326
264.78,307,307
264.83,330,328
264.83,307,305
264.83,328,328
264.83,310,306
264.83,325,325
264.84,310,308
264.84,322,325
264.9,314,311
264.9,317,320
264.9,321,317
264.9,317,319
264.9,325,321
264.9,313,314
264.91,330,326
264.96,308,311
264.96,330,327
264.96,308,309
264.96,330,332
264.96,310,308
264.97,331,331
264.97,313,309
265.04,325,329
265.04,316,312
265.04,323,325
265.04,318,315
265.04,316,320
265.04,325,321
265.04,311,316
265.1,327,325
265.1,312,313
265.1,332,329
265.1,311,310
265.1,332,331
265.1,309,309
265.11,331,332
265.16,309,309
265.16,329,330
265.16,315,311
265.16,327,329
265.16,317,314
265.16,322,326
265.17,321,318
265.22,316,320
265.22,327,322
265.22,314,316
265.22,329,326
265.22,312,314
265.23,334,332
265.24,310,311
265.29,333,333
265.29,310,311
265.29,336,336
265.29,316,313
265.29,331,332
265.29,318,314
265.3,328,328
265.36,322,318
265.36,322,325
265.36,325,322
265.36,314,319
265.36,330,327
265.36,315,315
265.37,333,330
265.43,313,314
265.43,333,331
265.43,309,310
265.43,333,334
265.43,310,310
265.43,331,332
265.43,314,312
265.49,330,331
265.49,320,316
265.49,324,327
265.49,324,320
265.49,321,324
265.49,331,327
265.5,318,320
265.55,331,330
265.55,315,318
265.55,337,336
265.55,318,319
265.55,341,340
265.56,320,319
265.56,342,344
265.63,323,321
265.63,342,342
265.63,330,325
265.63,336,340
265.63,333,329
265.63,332,336
265.63,337,333
265.69,330,333
265.69,343,339
265.69,326,329
265.69,346,342
265.69,324,327
265.69,347,345
265.7,325,325
265.75,348,348
265.75,326,325
265.75,345,347
265.75,327,326
265.75,344,346
265.75,330,329
265.76,338,342
265.82,338,334
265.82,335,338
265.82,342,338
265.82,330,334
265.82,346,343
265.82,329,331
265.83,350,348
265.88,327,328
265.88,350,349
265.88,325,326
265.88,347,349
265.88,329,328
265.88,348,350
265.89,333,329
265.96,345,347
265.96,334,331
265.96,338,343
265.96,342,337
265.96,337,338
265.96,345,342
265.96,332,333
266.02,350,347
266.02,330,331
266.02,351,349
266.02,328,329
266.02,350,351
266.02,327,328
266.02,351,353
266.08,333,330
266.08,349,350
266.08,335,333
266.08,344,347
266.08,342,339
266.08,342,343
266.09,346,341
266.14,336,339
266.14,349,346
266.14,333,334
266.14,352,350
266.14,329,330
266.15,353,352
266.15,329,330
266.21,352,353
266.21,331,329
266.21,349,350
266.21,332,330
266.21,345,347
266.21,336,333
266.22,341,342
266.28,341,337
266.28,334,337
266.28,343,339
266.28,329,331
266.28,344,342
266.28,326,328
266.29,347,344
266.35,325,324
266.35,344,346
266.35,325,323
266.35,346,346
266.35,326,322
266.35,339,340
266.35,327,323
266.41,336,338
266.41,330,326
266.41,331,333
266.41,335,329
266.41,324,328
266.41,337,335
266.42,321,324
266.47,340,336
266.47,318,321
266.47,340,339
266.47,314,316
266.47,340,340
266.47,314,315
266.48,338,338
266.53,319,317
266.53,332,335
266.53,326,320
266.53,328,329
266.53,326,323
266.54,325,327
266.55,332,328
266.61,318,321
266.61,332,331
266.61,314,317
266.61,336,333
266.61,313,314
266.61,334,334
266.61,311,310
266.67,332,334
266.67,311,311
266.68,329,331
266.68,315,312
266.68,324,328
266.68,319,314
266.68,321,323
266.74,322,319
266.74,315,317
266.74,324,322
266.74,311,312
266.74,326,324
266.74,308,310
266.74,330,329
266.8,308,307
266.8,332,331
266.8,309,308
266.8,330,332
266.8,314,310
266.8,327,331
266.81,317,315
266.86,324,327
266.86,320,318
266.86,318,322
266.86,326,320
266.86,317,318
266.87,328,324
266.88,312,314
266.94,330,328
266.94,308,310
266.94,333,331
266.94,309,309
266.94,334,334
266.94,313,309
266.94,329,331
267.0,313,311
267.0,327,327
267.0,319,314
267.0,320,324
267.0,322,318
267.0,318,320
267.01,329,325
267.06,312,315
267.06,328,325
267.06,309,310
267.06,330,328
267.06,307,308
267.06,330,329
267.07,306,305
267.13,330,330
267.13,310,308
267.13,326,327
267.13,314,310
267.13,321,324
267.13,321,315
267.14,318,322
267.19,323,319
267.19,313,316
267.19,327,324
267.19,312,314
267.19,331,327
267.19,310,310
267.2,330,330
267.27,306,307
267.27,329,329
267.27,309,306
267.27,328,330
267.27,313,310
267.27,326,327
267.27,315,312
267.33,323,325
267.33,321,317
267.33,317,319
267.33,324,321
267.33,315,317
267.33,330,327
267.33,312,313
267.39,334,331
267.39,312,311
267.39,332,332
267.39,310,308
267.39,332,332
267.39,311,309
267.4,330,331
267.45,317,312
267.45,322,327
267.45,317,315
267.45,320,322
267.45,323,318
267.46,314,315
267.47,322,319
267.53,309,310
267.53,325,321
267.53,307,307
267.53,326,325
267.53,304,304
267.53,324,324
267.53,304,301
267.59,322,323
267.59,303,301
267.59,318,319
267.59,306,303
267.59,310,314
267.59,307,305
267.6,307,309
267.66,314,309
267.66,300,302
267.66,315,311
267.66,297,298
267.66,317,315
267.66,294,296
267.66,318,316
267.72,296,295
267.72,318,317
267.72,296,294
267.72,316,316
267.72,302,297
267.72,311,313
267.73,305,301
267.78,305,309
267.78,311,306
267.78,305,306
267.78,315,312
267.78,303,304
267.78,318,316
267.79,298,301
267.86,322,321
267.86,300,301
267.86,323,323
267.86,302,300
267.86,321,322
267.86,304,301
267.86,320,322
267.92,309,304
267.92,317,320
267.92,316,310
267.92,313,316
267.92,320,316
267.92,309,311
267.92,322,320
267.98,305,308
267.98,328,324
267.98,306,308
267.98,330,329
267.98,307,308
267.98,333,332
267.99,311,309
268.04,330,332
268.04,314,312
268.04,329,330
268.04,320,316
268.05,328,329
268.05,327,323
268.05,322,324
268.11,333,328
268.11,320,322
268.11,334,332
268.11,317,319
268.11,339,337
268.11,317,317
268.12,340,339
268.18,317,316
268.18,339,341
268.18,321,318
268.18,341,341
268.18,327,322
268.18,334,337
268.19,332,327
268.25,330,332
268.25,333,328
268.25,325,327
268.25,336,332
268.25,321,324
268.25,341,338
268.25,319,320
268.31,342,339
268.31,316,318
268.31,341,341
268.31,319,318
268.31,341,341
268.31,325,321
268.32,338,339
268.37,328,324
268.37,332,337
268.37,333,329
268.37,328,333
268.37,336,333
268.37,325,329
268.38,340,337
268.44,322,324
268.44,343,341
268.44,319,320
268.44,343,342
268.44,320,319
268.44,344,343
268.45,321,319
268.51,341,343
268.51,327,323
268.51,338,341
268.51,330,328
268.51,332,335
268.51,335,332
268.51,329,331
268.58,337,336
268.58,323,325
268.58,341,337
268.58,320,322
268.58,344,341
268.58,320,320
268.58,345,342
268.64,320,319
268.64,341,341
268.64,323,319
268.64,337,339
268.64,326,323
268.64,333,335
268.64,328,325
268.7,328,330
268.7,334,329
268.7,322,325
268.7,338,334
268.7,319,320
268.7,339,336
268.71,315,318
268.76,343,339
268.76,316,317
268.76,340,340
268.76,318,316
268.76,337,339
268.77,319,317
268.78,332,335
268.83,324,321
268.83,328,331
268.83,328,325
268.83,324,327
268.83,332,330
268.83,320,323
268.84,337,333
268.9,318,318
268.9,338,335
268.9,314,316
268.9,337,336
268.9,314,313
268.9,338,338
268.91,319,315
268.97,333,336
268.97,319,317
268.97,328,331
268.97,323,320
268.97,322,326
268.97,329,325
268.97,318,321
269.03,331,328
269.03,315,317
269.03,332,329
269.03,309,312
269.03,332,332
269.03,309,310
269.04,334,334
269.09,313,311
269.09,332,334
269.09,316,313
269.09,329,332
269.09,322,316
269.1,323,327
269.1,322,320
269.17,318,323
269.17,328,325
269.17,317,318
269.17,330,329
269.17,311,314
269.17,336,332
269.17,311,312
269.23,335,333
269.23,310,310
269.23,333,334
269.23,315,312
269.23,331,332
269.23,319,314
269.23,330,331
269.29,320,318
269.29,323,325
269.29,324,322
269.29,318,321
269.29,329,326
269.29,315,316
269.3,332,328
269.36,310,311
269.36,333,331
269.36,309,308
269.36,331,331
269.36,309,308
269.36,330,330
269.37,312,308
269.42,323,326
269.42,317,312
269.42,323,325
269.42,319,315
269.42,316,320
269.42,322,319
269.44,312,315
269.44,327,323
269.45,309,312
269.46,331,328
269.51,309,310
269.51,333,330
269.51,308,308
269.51,332,333
269.51,311,310
269.52,332,332
269.53,315,313
269.58,328,331
269.58,322,317
269.58,324,327
269.58,326,322
269.58,318,322
269.58,330,328
269.59,313,318
269.66,334,331
269.66,315,317
269.66,338,336
269.66,316,315
269.66,339,336
269.66,315,314
269.66,336,337
269.72,316,314
269.72,333,334
269.72,320,317
269.72,328,333
269.72,325,321
269.72,325,326
269.72,331,326
269.78,321,323
269.78,332,330
269.78,316,320
269.78,336,334
269.78,315,316
269.78,340,338
269.79,317,316
269.84,341,340
269.84,318,315
269.84,337,337
269.84,322,318
269.84,335,336
269.84,327,322
269.85,329,332
269.91,332,328
269.91,323,327
269.91,334,331
269.91,323,325
269.91,337,334
269.91,318,320
269.92,338,337
269.97,318,317
269.97,340,338
269.97,317,315
269.97,336,339
269.97,316,316
269.98,334,336
269.98,323,320
270.05,332,334
270.05,326,321
270.05,326,329
270.05,327,326
270.05,320,322
270.05,330,328
270.05,316,319
270.11,335,332
270.11,312,315
270.11,337,335
270.11,312,314
270.11,338,337
270.11,315,313
270.12,332,334
270.17,315,312
270.17,330,333
270.17,318,317
270.17,326,329
270.17,326,321
270.17,321,324
270.18,329,326
270.23,317,320
270.23,332,330
270.23,314,317
270.23,337,334
270.23,313,315
270.24,339,336
270.25,315,313
270.31,335,337
270.31,314,313
270.31,332,334
270.31,318,315
270.31,328,331
270.31,321,318
270.31,325,327
270.38,328,323
270.38,320,324
270.38,333,328
270.38,316,319
270.38,333,331
270.38,314,316
270.38,336,333
270.44,314,314
270.44,338,337
270.44,315,313
270.44,336,336
270.44,316,314
270.44,331,334
270.44,323,318
270.5,328,329
270.5,325,320
270.5,324,326
270.5,329,324
270.5,319,320
270.5,332,329
270.51,315,317
270.56,337,334
270.56,315,314
270.56,335,333
270.56,315,314
270.56,334,335
270.57,312,311
270.57,330,335
270.63,316,315
270.63,328,331
270.63,321,319
270.63,325,327
270.63,324,321
270.63,321,323
270.64,328,326
270.7,316,318
270.7,330,329
270.7,313,315
270.7,337,334
270.7,312,312
270.7,335,335
270.7,312,312
270.76,335,334
270.76,313,311
270.76,327,329
270.76,315,312
270.76,324,326
270.76,319,316
270.77,318,322
270.83,324,321
270.83,314,318
270.83,329,324
270.83,311,313
270.83,329,328
270.83,309,310
270.84,334,331
270.89,307,307
270.89,331,329
270.89,309,308
270.89,331,331
270.89,314,310
270.89,324,326
270.9,315,311
270.95,321,323
270.95,322,316
270.95,314,319
270.95,325,320
270.95,311,314
270.96,328,326
270.97,309,311
271.03,333,329
271.03,308,309
271.03,332,332
271.03,309,308
271.03,332,332
271.03,311,309
271.03,329,331
271.09,316,313
271.09,324,327
271.09,320,317
271.09,321,324
271.09,326,320
271.09,317,320
271.1,330,327
271.15,315,318
271.15,333,331
271.15,315,315
271.15,335,334
271.15,313,312
271.16,334,335
271.16,311,310
271.22,332,334
271.22,316,313
271.22,331,331
271.22,320,316
271.22,327,329
271.22,326,322
271.23,323,327
271.28,329,326
271.28,317,320
271.28,333,329
271.28,318,318
271.28,336,333
271.29,313,314
271.29,336,336
271.35,313,314
271.35,336,337
271.35,316,314
271.35,334,335
271.35,321,318
271.35,331,333
271.36,322,319
271.42,322,328
271.42,327,322
271.42,319,322
271.42,331,327
271.42,317,319
271.42,336,332
271.43,313,316
271.48,338,334
271.48,315,315
271.48,339,338
271.48,318,315
271.48,339,340
271.48,318,315
271.49,336,336
271.55,323,319
271.55,328,332
271.55,327,323
271.55,326,328
271.55,332,328
271.55,322,324
271.56,336,332
271.61,319,321
271.61,337,335
271.61,314,316
271.61,337,336
271.61,316,315
271.61,339,338
271.62,316,315
271.69,336,336
271.69,319,316
271.69,334,335
271.69,325,320
271.69,325,329
271.69,326,323
271.69,324,327
271.75,330,328
271.75,320,322
271.75,335,333
271.75,316,319
271.75,337,335
271.75,314,313
271.75,339,337
271.82,315,314
271.82,338,337
271.82,318,316
271.82,334,337
271.82,322,320
271.82,332,336
271.82,327,323
271.88,328,331
271.88,333,327
271.88,325,325
271.88,337,333
271.88,321,323
271.88,342,338
271.88,320,321
271.94,340,338
271.94,317,318
271.94,342,341
271.94,320,317
271.94,339,341
271.94,323,320
271.95,337,340
272.0,328,325
272.0,337,339
272.0,337,332
272.0,330,335
272.0,340,338
272.01,329,332
272.02,346,342
272.07,328,330
272.07,349,346
272.07,327,327
272.07,351,349
272.07,326,326
272.07,349,350
272.08,328,327
272.14,345,347
272.14,332,328
272.14,339,344
272.15,334,331
272.15,337,339
272.15,338,335
272.15,332,336
272.21,342,339
272.21,328,330
272.21,344,342
272.21,322,324
272.21,347,344
272.21,322,322
272.21,347,345
272.27,321,320
272.27,343,344
272.27,326,322
272.27,339,340
272.27,327,323
272.27,334,338
272.28,332,329
272.33,331,334
272.33,336,331
272.33,325,328
272.33,338,335
272.33,318,321
272.33,340,337
272.34,319,319
272.39,338,339
272.39,316,315
272.39,339,339
272.39,318,316
272.39,335,335
272.4,319,316
272.41,332,334
272.47,322,319
272.47,327,330
272.47,327,322
272.47,323,325
272.47,332,328
272.47,318,320
272.47,334,331
272.54,315,316
272.54,337,334
272.54,315,315
272.54,336,335
272.54,314,312
272.54,334,335
272.54,315,313
272.6,329,332
272.6,319,315
272.6,327,329
272.6,321,318
272.6,323,325
272.6,323,322
272.61,317,319
272.66,327,325
272.66,313,315
272.66,330,328
272.66,311,311
272.66,332,331
272.66,306,309
272.67,334,332
272.72,309,308
272.72,331,332
272.72,310,309
272.72,326,330
272.72,319,313
272.73,321,324
272.74,323,317
272.8,318,320
272.8,324,322
272.8,314,317
272.8,327,326
272.8,310,312
272.8,331,328
272.8,308,309
272.86,331,330
272.86,308,308
272.86,328,330
272.86,312,309
272.86,327,331
272.86,314,312
272.87,325,329
272.92,322,316
272.93,321,325
272.93,325,321
272.93,317,320
272.93,330,326
272.93,314,316
272.93,330,328
272.99,309,312
272.99,334,331
272.99,310,310
272.99,333,333
272.99,311,309
272.99,331,332
273.0,310,309
273.05,327,329
273.05,317,313
273.05,321,324
273.05,322,318
273.05,318,320
273.06,327,322
273.06,315,318
273.13,326,324
273.13,314,314
273.13,332,329
273.13,307,309
273.13,335,332
273.13,309,309
273.13,333,333
273.19,310,310
273.19,331,332
273.19,314,312
273.19,326,328
273.19,316,314
273.19,322,324
273.2,322,319
273.25,317,320
273.25,328,323
273.25,312,316
273.25,331,328
273.25,311,314
273.25,333,332
273.26,310,312
273.31,335,335
273.31,312,311
273.31,334,335
273.31,317,313
273.31,331,332
273.32,321,317
273.33,330,333
273.38,326,321
273.38,325,328
273.38,330,327
273.38,320,324
273.38,337,332
273.38,319,320
273.39,336,336
273.45,315,318
273.45,340,339
273.45,314,315
273.45,339,339
273.45,319,316
273.45,338,340
273.46,322,318
273.52,335,337
273.52,326,322
273.52,331,333
273.52,329,326
273.52,326,329
273.52,334,329
273.52,318,320
273.58,335,331
273.58,316,318
273.58,335,334
273.58,315,315
273.58,336,337
273.58,315,314
273.59,336,337
273.64,317,314
273.64,334,335
273.64,318,316
273.64,331,332
273.64,322,320
273.65,325,328
273.65,328,325
273.7,322,324
273.7,332,329
273.7,318,320
273.7,335,332
273.7,313,315
273.71,338,336
273.72,314,313
273.78,339,336
273.78,313,314
273.78,332,334
273.78,318,315
273.78,332,334
273.78,320,317
273.78,326,330
273.84,327,323
273.84,323,325
273.84,330,327
273.84,320,321
273.84,333,329
273.84,317,318
273.85,337,334
273.91,312,314
273.91,338,336
273.91,315,313
273.91,336,335
273.91,312,312
273.91,331,333
273.92,318,313
273.97,325,329
273.97,318,315
273.97,321,325
273.97,325,320
273.97,318,319
273.97,328,324
273.98,312,316
274.03,334,330
274.03,313,312
274.03,335,332
274.03,312,312
274.03,335,334
274.04,314,311
274.05,334,334
274.11,314,312
274.11,329,331
274.11,318,315
274.11,327,329
274.11,322,319
274.11,320,324
274.11,327,323
274.17,318,321
274.17,330,328
274.17,315,318
274.17,335,332
274.17,313,315
274.17,335,335
274.18,315,315
274.23,339,337
274.23,317,314
274.23,334,336
274.23,320,315
274.23,333,333
274.24,322,318
274.24,326,329
274.3,328,323
274.3,323,325
274.3,331,328
274.3,318,323
274.3,337,332
274.3,319,319
274.31,338,335
274.36,315,316
274.36,338,336
274.36,315,314
274.36,337,338
274.36,317,314
274.37,334,334
274.37,321,318
274.44,327,331
274.44,323,321
274.44,326,327
274.44,327,325
274.44,320,322
274.44,331,328
274.44,316,317
274.5,333,331
274.5,313,314
274.5,335,333
274.5,313,312
274.5,336,335
274.5,314,312
274.51,334,333
274.56,316,314
274.56,327,331
274.56,322,318
274.56,324,328
274.56,325,321
274.56,321,324
274.57,327,324
274.62,315,316
274.62,329,325
274.62,308,312
274.62,329,327
274.62,307,306
274.63,327,327
274.64,306,304
274.7,328,327
274.7,307,304
274.7,325,326
274.7,309,305
274.7,318,321
274.7,311,308
274.7,313,317
274.76,318,312
274.76,309,312
274.76,322,317
274.76,307,308
274.76,326,321
274.76,302,304
274.77,324,323
274.83,303,302
274.83,325,325
274.83,302,302
274.83,323,325
274.83,307,305
274.83,323,325
274.83,311,308
274.89,320,322
274.89,316,314
274.89,316,318
274.89,323,319
274.89,310,314
274.89,324,322
274.9,311,311
274.95,328,328
274.95,307,309
274.95,329,329
274.95,308,307
274.95,329,329
274.96,308,307
274.96,330,330
275.03,313,310
275.03,325,328
275.03,318,314
275.03,321,324
275.03,325,321
275.03,319,321
275.03,329,326
275.09,314,319
275.09,336,331
275.09,312,316
275.09,338,335
275.09,313,314
275.09,340,338
275.1,317,314
275.15,338,339
275.15,319,317
275.15,338,339
275.15,324,320
275.15,332,335
275.15,327,323
275.16,327,331
275.21,333,328
275.21,323,326
275.21,337,333
275.21,320,323
275.21,341,337
275.22,317,318
275.23,340,337
275.29,316,315
275.29,338,337
275.29,316,313
275.29,334,337
275.29,318,316
275.29,335,336
275.29,323,319
275.35,329,332
275.35,328,324
275.35,325,327
275.35,333,330
275.35,321,324
275.35,338,334
275.36,317,320
275.42,341,337
275.42,317,319
275.42,340,339
275.42,316,317
275.42,339,340
275.42,318,316
275.42,336,338
275.48,320,317
275.48,331,334
275.48,325,322
275.48,328,331
275.48,332,328
275.48,324,328
275.49,335,333
275.54,323,324
275.54,338,337
275.54,320,320
275.54,343,340
275.54,319,319
275.55,342,341
275.55,319,318
275.6,340,342
275.6,321,319
275.6,337,339
275.6,324,321
275.6,331,334
275.61,331,326
275.62,324,328
275.68,332,328
275.68,323,324
275.68,334,332
275.68,317,321
275.68,340,337
275.68,316,317
275.69,340,339
275.74,315,316
275.74,340,341
275.74,320,317
275.74,338,338
275.74,322,318
275.74,332,335
275.75,324,322
275.81,326,331
275.81,330,326
275.81,322,327
275.81,336,331
275.81,322,323
275.81,337,335
275.82,317,319
275.87,341,337
275.87,315,316
275.87,339,339
275.87,317,316
275.87,337,338
275.87,319,315
275.88,335,337
275.95,323,318
275.95,330,331
275.95,326,323
275.95,325,329
275.95,331,327
275.95,323,325
275.95,335,332
276.01,319,320
276.01,337,334
276.01,315,316
276.01,339,337
276.01,316,315
276.01,339,338
276.01,315,313
276.07,335,337
276.07,319,315
276.07,330,334
276.07,323,318
276.07,325,329
276.07,324,322
276.08,323,325
276.13,332,327
276.13,319,320
276.13,333,330
276.13,314,318
276.13,337,335
276.14,314,314
276.14,338,339
276.2,317,315
276.2,336,338
276.2,319,317
276.2,335,337
276.2,323,318
276.2,330,334
276.21,326,323
276.27,328,330
276.27,329,326
276.27,321,325
276.27,334,331
276.27,318,320
276.27,336,334
276.28,316,317
276.34,339,337
276.34,315,314
276.34,339,338
276.34,314,314
276.34,335,337
276.34,318,317
276.34,334,336
276.4,323,320
276.4,327,332
276.4,328,325
276.4,327,328
276.4,330,328
276.4,321,325
276.41,337,334
276.46,319,319
276.46,339,336
276.46,314,317
276.46,340,339
276.46,318,318
276.46,341,340
276.47,321,318
276.52,338,340
276.52,323,319
276.52,336,338
276.52,326,324
276.52,328,333
276.53,335,329
276.54,326,328
276.6,338,334
276.6,322,325
276.6,339,337
276.6,321,322
276.6,341,338
276.6,319,318
276.6,341,341
276.66,319,318
276.66,338,340
276.66,320,319
276.66,336,338
276.66,323,319
276.66,330,333
276.67,327,323
276.72,325,328
276.72,330,328
276.73,322,323
276.73,332,329
276.73,315,318
276.73,335,333
276.73,313,315
276.79,334,333
276.79,315,314
276.79,335,336
276.79,315,312
276.79,332,335
276.79,316,314
276.8,331,333
276.85,320,317
276.85,324,328
276.85,327,323
276.85,320,324
276.85,329,327
276.86,316,320
276.86,332,331
276.93,316,317
276.93,336,332
276.93,312,312
276.93,332,335
276.93,313,311
276.93,334,336
276.93,317,313
276.94,332,334
276.95,317,316
276.96,328,332
277.02,325,320
277.02,324,327
277.02,328,323
277.02,319,321
277.02,331,327
277.02,315,317
277.02,335,331
277.08,313,314
277.08,336,334
277.08,312,311
277.08,334,333
277.08,314,312
277.08,335,335
277.09,316,312
277.14,329,331
277.14,318,316
277.14,326,328
277.14,325,321
277.15,322,325
277.15,328,325
277.16,317,320
277.21,330,328
277.21,313,316
277.21,336,332
277.21,312,313
277.21,333,334
277.21,312,310
277.22,332,334
277.29,312,312
277.29,331,332
277.29,318,313
277.29,328,330
277.29,322,318
277.29,322,326
277.29,327,323
277.35,319,322
277.35,329,326
277.35,315,317
277.35,330,328
277.35,314,314
277.35,334,332
277.35,311,310
277.41,335,333
277.41,309,309
277.41,330,332
277.41,312,310
277.41,331,332
277.41,317,314
277.42,324,327
277.47,323,318
277.47,320,324
277.47,326,323
277.47,314,319
277.47,329,327
277.48,315,316
277.48,335,333
277.54,314,313
277.54,336,335
277.54,310,312
277.54,336,337
277.54,314,312
277.54,335,336
277.55,317,314
277.6,330,333
277.6,322,318
277.6,328,331
277.6,329,325
277.6,322,327
277.61,333,330
277.61,323,325
277.68,339,336
277.68,320,322
277.68,344,343
277.68,322,324
277.68,347,346
277.68,321,322
277.68,345,344
277.74,326,324
277.74,343,345
277.74,329,327
277.74,338,343
277.74,335,331
277.74,336,339
277.75,342,336
277.8,330,334
277.8,343,341
277.8,328,329
277.8,346,344
277.8,324,326
277.8,348,345
277.81,322,322
277.86,346,346
277.86,324,323
277.86,344,345
277.86,327,323
277.86,339,342
277.87,330,327
277.88,337,339
277.94,336,333
277.94,332,335
277.94,339,335
277.94,328,331
277.94,345,341
277.94,327,328
277.94,347,344
278.0,324,324
278.0,347,346
278.0,324,323
278.0,347,346
278.0,324,322
278.0,340,342
278.01,325,323
278.07,334,337
278.07,328,326
278.07,331,334
278.07,331,328
278.07,324,328
278.07,337,332
278.07,318,322
278.13,339,335
278.13,317,319
278.13,338,337
278.13,314,315
278.13,336,337
278.13,315,314
278.14,336,335
278.19,318,315
278.19,334,335
278.19,320,317
278.19,328,331
278.19,324,320
278.2,324,326
278.2,328,323
278.27,317,320
278.27,333,329
278.27,314,316
278.27,333,330
278.27,311,311
278.27,333,332
278.27,310,311
278.33,333,334
278.33,311,311
278.33,332,334
278.33,316,313
278.33,329,332
278.33,320,317
278.34,325,327
278.39,325,321
278.39,320,321
278.39,326,324
278.39,315,318
278.39,333,328
278.39,312,313
278.4,335,331
278.46,309,311
278.46,334,332
278.46,308,308
278.46,330,332
278.46,311,309
278.46,328,330
278.47,315,311
278.52,325,327
278.52,319,315
278.52,321,323
278.52,324,322
278.52,316,319
278.52,326,325
278.53,311,314
278.58,331,328
278.58,309,310
278.58,334,332
278.58,309,309
278.58,332,333
278.59,309,309
278.6,331,332
278.66,315,311
278.66,327,329
278.66,321,315
278.66,322,328
278.66,324,320
278.66,320,324
278.66,328,322
278.72,318,320
278.72,333,330
278.72,313,315
278.72,334,332
278.72,311,313
278.72,337,335
278.73,314,313
278.78,337,336
278.78,315,313
278.78,332,336
278.78,321,318
278.78,331,332
278.79,327,322
278.79,327,329
278.85,327,325
278.85,319,324
278.85,334,330
278.85,319,320
278.85,336,333
278.85,316,317
278.86,337,337
278.91,317,316
278.91,340,338
278.91,315,315
278.91,336,338
278.91,319,316
278.92,333,336
278.93,323,319
278.99,326,331
278.99,325,322
278.99,323,326
278.99,329,326
278.99,322,324
278.99,337,332
278.99,318,319
279.05,337,333
279.05,312,314
279.05,334,333
279.05,312,310
279.05,336,334
279.05,311,309
279.06,330,331
279.11,315,313
279.11,326,330
279.11,320,316
279.11,323,324
279.11,325,320
279.11,315,318
279.12,327,322
279.17,311,314
279.17,329,325
279.17,308,310
279.17,331,327
279.17,306,306
279.18,329,328
279.19,304,305
279.25,325,326
279.25,306,304
279.25,326,326
279.25,310,305
279.25,319,321
279.25,315,310
279.25,314,317
279.31,320,314
279.31,309,311
279.31,322,319
279.31,308,309
279.31,328,324
279.31,306,305
279.32,326,326
279.38,303,304
279.38,327,328
279.38,305,304
279.38,324,326
279.38,308,305
279.38,320,323
279.38,311,308
279.44,316,319
279.44,315,311
279.44,313,315
279.44,321,318
279.44,308,311
279.44,324,321
279.45,305,307
279.5,326,324
279.5,304,305
279.5,327,326
279.5,304,304
279.5,324,326
279.51,307,304
279.51,327,326
279.58,310,307
279.58,321,324
279.58,317,313
279.58,319,322
279.58,320,317
279.58,312,316
279.58,326,323
279.64,310,313
279.64,326,325
279.64,311,310
279.64,330,329
279.64,309,309
279.64,331,331
279.65,310,308
279.7,329,330
279.7,312,309
279.7,327,329
279.7,317,313
279.7,324,328
279.7,324,319
279.71,320,323
279.76,328,325
279.76,317,320
279.76,333,329
279.76,316,318
279.76,333,332
279.77,313,314
279.78,339,336
279.83,311,314
279.83,335,337
279.83,316,315
279.83,335,337
279.83,323,319
279.83,333,334
279.84,325,323
279.91,328,331
279.91,332,327
279.91,322,327
279.91,336,332
279.91,323,324
279.91,341,339
279.91,322,323
279.97,345,341
279.97,322,322
279.97,345,344
279.97,324,322
279.97,343,344
279.97,325,321
279.97,341,344
280.03,330,327
280.03,337,340
280.03,337,333
280.03,337,339
280.03,338,336
280.03,330,334
280.04,344,342
280.09,328,330
280.09,346,345
280.09,326,328
280.09,350,348
280.09,326,326
280.1,351,350
280.1,328,327
280.16,347,348
280.16,331,328
280.16,343,345
280.16,332,331
280.16,338,341
280.16,337,334
280.17,334,336
280.23,343,337
280.23,329,330
280.23,346,341
280.23,323,325
280.23,345,343
280.23,321,322
280.24,344,344
280.3,320,320
280.3,341,342
280.3,320,319
280.3,336,339
280.3,325,321
280.3,335,336
280.3,328,325
280.36,329,333
280.36,332,330
280.36,327,329
280.36,337,334
280.36,323,325
280.36,341,338
280.37,316,320
280.42,342,340
280.42,317,318
280.42,338,339
280.42,319,317
280.42,339,339
280.42,320,318
280.43,337,338
280.5,325,321
280.5,328,333
280.5,327,325
280.5,326,329
280.5,331,328
280.5,321,323
280.5,334,332
280.56,318,321
280.56,345,342
280.56,322,322
280.56,345,345
280.56,323,321
280.56,346,345
280.56,326,323
280.62,343,343
280.62,327,324
280.62,337,340
280.62,328,325
280.62,331,334
280.62,335,331
280.63,326,329
280.68,337,334
280.68,323,325
280.68,341,337
280.68,322,321
280.69,341,339
280.69,316,318
280.69,343,340
280.75,317,317
280.75,341,340
280.75,318,316
280.75,334,336
280.75,326,322
280.75,333,335
280.76,327,324
280.82,328,331
280.82,332,329
280.82,324,326
280.82,337,334
280.82,320,322
280.82,341,338
280.83,317,318
280.89,342,339
280.89,317,318
280.89,339,339
280.89,318,316
280.89,336,338
280.89,323,319
280.89,334,336
280.95,322,320
280.95,326,330
280.95,326,322
280.95,320,323
280.95,329,325
280.95,316,317
280.96,331,328
281.01,312,313
281.01,333,330
281.01,310,311
281.01,333,333
281.01,311,310
281.01,330,332
281.02,311,310
281.07,329,330
281.07,314,311
281.07,325,326
281.07,318,314
281.07,317,322
281.08,321,319
281.09,316,318
281.15,326,321
281.15,309,311
281.15,328,325
281.15,309,310
281.15,333,330
281.15,309,308
281.15,332,332
281.21,311,308
281.21,329,331
281.21,312,310
281.22,325,327
281.22,316,313
281.22,321,324
281.22,319,316
281.28,316,319
281.28,325,321
281.28,315,316
281.28,329,325
281.28,310,313
281.28,332,330
281.28,310,311
281.34,335,334
281.34,311,311
281.34,334,335
281.34,315,312
281.34,334,335
281.34,320,316
281.35,331,334
281.4,324,320
281.4,327,329
281.4,330,326
281.4,324,327
281.4,335,330
281.41,318,321
281.42,337,335
281.47,316,319
281.47,338,337
281.47,315,317
281.47,338,338
281.47,315,314
281.47,339,339
281.48,318,316
281.54,336,336
281.55,321,317
281.55,327,332
281.55,325,321
281.55,324,328
281.55,330,325
281.55,320,323
281.61,331,329
281.61,316,318
281.61,336,334
281.61,311,315
281.61,335,335
281.61,312,312
281.61,336,336
281.67,314,311
281.67,334,335
281.67,316,313
281.67,331,333
281.67,321,318
281.67,326,329
281.68,323,321
281.74,320,323
281.74,327,325
281.74,317,319
281.74,333,329
281.74,314,315
281.74,334,331
281.74,310,310
281.8,335,333
281.8,309,308
281.8,333,334
281.8,311,310
281.8,331,332
281.8,316,314
281.81,327,330
281.86,322,316
281.86,322,325
281.86,327,321
281.86,319,321
281.86,329,327
281.87,315,318
281.87,335,330
281.94,310,311
281.94,336,334
281.94,310,312
281.94,338,336
281.94,314,312
281.94,336,337
281.94,315,313
282.0,333,335
282.0,321,318
282.0,331,333
282.0,328,323
282.0,324,328
282.0,330,328
282.01,323,324
282.06,337,334
282.06,319,320
282.06,338,335
282.06,315,316
282.06,339,337
282.06,312,312
282.07,337,337
282.12,315,312
282.12,338,337
282.12,320,316
282.12,332,334
282.12,323,320
282.13,328,331
282.14,330,324
282.2,323,326
282.2,334,330
282.2,321,324
282.2,338,335
282.2,317,319
282.2,343,339
282.2,316,317
282.26,340,340
282.26,315,316
282.26,338,340
282.26,317,315
282.26,338,340
282.26,321,318
282.27,334,334
282.33,325,322
282.33,326,329
282.33,330,327
282.33,323,324
282.33,336,331
282.33,319,320
282.33,338,334
282.39,315,315
282.39,341,337
282.39,312,313
282.39,339,339
282.39,315,312
282.39,337,338
282.4,318,314
282.45,333,334
282.45,320,317
282.45,327,331
282.45,325,320
282.45,318,323
282.46,331,326
282.46,317,321
282.51,332,330
282.51,314,316
282.51,337,335
282.51,312,313
282.51,337,335
282.52,311,310
282.53,337,336
282.59,312,311
282.59,334,334
282.59,315,311
282.59,326,329
282.59,318,314
282.59,321,323
282.6,323,319
282.65,315,317
282.65,326,323
282.65,310,313
282.66,328,326
282.66,310,310
282.66,332,330
282.66,307,307
282.72,333,333
282.72,308,307
282.72,332,333
282.72,310,309
282.72,327,332
282.72,315,311
282.73,325,327
282.78,321,317
282.78,318,322
282.78,324,321
282.78,316,318
282.78,329,325
282.78,310,312
282.79,332,329
282.84,307,307
282.84,335,333
282.84,307,307
282.84,334,334
282.84,312,308
282.85,333,333
282.86,312,309
282.92,331,332
282.92,318,314
282.92,323,326
282.92,325,321
282.92,318,323
282.92,334,328
282.92,318,319
282.98,336,331
282.98,315,317
282.98,338,336
282.98,312,313
282.98,341,340
282.98,313,312
282.99,339,339
283.04,316,313
283.04,334,338
283.04,322,318
283.04,331,334
283.04,325,322
283.05,326,330
283.05,329,326
283.11,321,324
283.11,335,331
283.11,319,321
283.11,340,337
283.11,315,316
283.11,340,339
283.12,311,313
283.17,338,340
283.17,315,312
283.17,336,337
283.17,318,313
283.17,330,334
283.18,320,315
283.18,325,329
283.25,326,321
283.25,319,323
283.25,328,324
283.25,315,318
283.25,332,330
283.25,312,314
283.25,337,333
283.31,307,308
283.31,337,335
283.31,311,309
283.31,336,336
283.31,312,311
283.31,333,336
283.32,319,315
283.37,334,335
283.37,326,323
283.37,328,332
283.37,334,330
283.37,326,330
283.37,338,336
283.38,324,326
283.44,346,342
283.44,323,325
283.44,348,347
283.44,323,322
283.44,350,348
283.44,324,324
283.45,349,348
283.5,328,326
283.5,343,346
283.5,331,327
283.5,339,341
283.5,336,332
283.5,335,337
283.51,340,336
283.58,328,331
283.58,344,341
283.58,325,328
283.58,349,346
283.58,321,322
283.58,347,345
283.58,323,321
283.64,343,344
283.64,323,320
283.64,341,342
283.64,326,321
283.64,333,336
283.64,327,324
283.64,328,332
283.7,331,328
283.7,325,327
283.7,338,332
283.7,320,323
283.7,340,337
283.7,318,319
283.71,342,340
283.76,317,316
283.76,342,341
283.76,319,317
283.76,341,343
283.76,322,319
283.77,336,340
283.77,325,322
283.84,336,338
283.84,331,327
283.84,327,332
283.84,338,333
283.84,326,329
283.84,342,337
283.84,324,326
283.9,345,342
283.9,319,321
283.9,344,343
283.9,318,319
283.9,342,343
283.9,320,317
283.91,339,340
283.96,323,319
283.96,335,337
283.96,323,321
283.96,328,332
283.96,330,326
283.96,325,326
283.97,335,331
284.03,321,322
284.03,337,334
284.03,318,320
284.03,338,338
284.03,317,319
284.03,342,340
284.04,319,317
284.09,340,341
284.09,321,317
284.09,335,339
284.09,324,321
284.09,333,335
284.09,330,325
284.1,328,332
284.15,334,329
284.15,324,326
284.15,337,333
284.15,320,324
284.15,338,336
284.16,317,319
284.17,341,338
284.23,315,316
284.23,337,339
284.23,317,315
284.23,334,337
284.23,321,315
284.23,332,332
284.23,322,318
284.3,326,328
284.3,324,320
284.3,320,323
284.3,331,327
284.3,316,319
284.3,332,330
284.3,313,316
284.36,335,333
284.36,313,313
284.36,334,335
284.36,311,312
284.36,335,334
284.36,316,313
284.37,330,333
284.38,319,315
284.38,328,330
284.39,320,317
284.45,321,324
284.45,325,321
284.45,314,316
284.45,329,324
284.45,311,313
284.45,331,328
284.46,310,312
284.51,334,333
284.51,313,312
284.51,334,334
284.51,312,312
284.51,334,336
284.52,317,315
284.52,333,333
284.58,321,319
284.58,328,330
284.58,326,323
284.58,323,326
284.58,331,327
284.58,320,322
284.59,335,330
284.65,315,316
284.65,336,333
284.65,312,313
284.65,333,334
284.65,312,312
284.65,335,336
284.66,314,313
284.71,332,335
284.71,319,315
284.72,328,331
284.72,322,320
284.72,323,327
284.72,330,324
284.72,319,322
284.78,331,327
284.78,314,317
284.78,333,333
284.78,315,315
284.78,335,333
284.78,311,313
284.79,336,335
284.84,312,312
284.84,334,334
284.84,314,313
284.84,330,333
284.84,319,315
284.84,327,330
284.85,324,320
284.9,321,325
284.91,328,324
284.91,319,320
284.91,331,328
284.91,312,316
284.91,334,331
284.92,311,313
284.98,337,334
284.98,313,312
284.98,335,336
284.98,314,313
284.98,334,335
284.98,320,316
284.98,331,333
285.04,324,320
285.04,326,327
285.04,325,322
285.04,322,323
285.04,331,327
285.04,318,319
285.05,332,329
285.11,313,315
285.11,335,334
285.11,311,313
285.11,335,335
285.11,311,312
285.11,336,337
285.11,316,314
285.17,331,333
285.17,319,317
285.17,327,330
285.17,323,320
285.17,321,325
285.17,328,323
285.18,318,321
285.23,329,327
285.23,315,315
285.23,332,330
285.23,311,312
285.23,333,332
285.24,310,310
285.25,332,333
285.31,311,310
285.31,332,333
285.31,317,313
285.31,330,332
285.31,322,317
285.31,325,329
285.31,327,323
285.37,322,326
285.37,331,329
285.37,321,323
285.37,336,332
285.37,317,320
285.37,340,338
285.38,316,318
285.43,340,339
285.43,317,317
285.43,340,339
285.43,317,316
285.44,336,339
285.44,323,319
285.44,334,336
285.5,329,324
285.5,327,330
285.5,332,327
285.5,322,326
285.5,333,331
285.5,321,321
285.51,335,333
285.56,315,317
285.56,339,335
285.56,314,314
285.56,337,336
285.56,314,313
285.56,335,335
285.57,316,314
285.64,330,331
285.64,317,314
285.64,323,326
285.64,324,320
285.64,319,321
285.64,326,323
285.64,315,317
285.7,329,326
285.7,312,315
285.7,332,330
285.7,310,311
285.7,333,332
285.7,309,310
285.7,331,331
285.76,309,308
285.76,329,331
285.76,313,310
285.76,326,327
285.76,319,314
285.76,323,324
285.77,323,320
285.82,318,321
285.82,326,324
285.82,314,317
285.82,332,328
285.82,313,314
285.83,335,333
285.83,312,312
285.89,336,334
285.89,313,312
285.89,334,334
285.89,315,312
285.89,329,333
285.89,321,316
285.9,327,329
285.97,324,320
285.97,323,325
285.97,326,323
285.97,317,320
285.97,328,327
285.97,316,317
285.97,335,331
286.03,313,313
286.03,336,334
286.03,310,312
286.03,336,334
286.03,314,310
286.03,333,334
286.03,318,314
286.09,328,332
286.09,322,317
286.09,326,327
286.09,325,321
286.09,320,324
286.09,330,325
286.1,317,319
286.15,333,329
286.15,312,313
286.15,334,332
286.15,310,312
286.15,335,333
286.15,312,311
286.16,334,333
286.21,312,310
286.21,329,331
286.21,316,313
286.21,325,328
286.21,320,317
286.22,320,324
286.23,326,324
286.29,321,322
286.29,332,328
286.29,316,320
286.29,337,335
286.29,317,318
286.29,338,337
286.29,314,316
286.35,337,338
286.36,314,315
286.36,338,337
286.36,320,317
286.36,335,338
286.36,325,322
286.36,333,336
286.42,332,329
286.42,329,332
286.42,337,334
286.42,326,330
286.42,344,340
286.42,325,327
286.42,345,343
286.48,326,326
286.48,347,345
286.48,324,324
286.48,347,348
286.48,328,326
286.48,345,347
286.49,330,327
286.54,340,343
286.54,331,329
286.54,337,339
286.54,340,335
286.54,333,335
286.55,342,339
286.56,330,330
286.61,343,342
286.61,322,326
286.61,347,344
286.61,325,324
286.61,345,345
286.61,322,320
286.62,341,342
286.68,323,321
286.68,339,341
286.68,329,325
286.68,337,340
286.68,334,329
286.68,334,336
286.69,340,336
286.75,329,332
286.75,342,340
286.75,326,329
286.75,342,342
286.75,323,325
286.75,347,345
286.75,323,322
286.81,346,345
286.81,325,322
286.81,341,343
286.81,327,323
286.81,336,339
286.81,330,325
286.82,333,336
286.87,331,328
286.87,326,330
286.87,336,332
286.87,325,327
286.87,337,335
286.88,320,323
286.88,343,340
286.94,319,320
286.94,341,339
286.94,320,318
286.94,341,340
286.94,321,317
286.94,335,337
286.95,323,319
287.01,330,333
287.01,326,323
287.01,327,329
287.01,329,325
287.01,321,323
287.01,331,328
287.01,317,318
287.08,335,331
287.08,312,313
287.08,336,333
287.08,313,312
287.08,336,335
287.08,314,312
287.08,334,335
287.14,316,315
287.14,331,332
287.14,321,317
287.14,323,327
287.14,323,319
287.14,322,323
287.15,330,325
287.2,317,320
287.2,331,329
287.2,314,317
287.2,336,332
287.2,315,315
287.2,336,335
287.21,314,314
287.26,337,336
287.26,316,313
287.26,333,334
287.26,319,315
287.26,329,332
287.27,323,319
287.28,327,329
287.34,327,324
287.34,321,323
287.34,331,327
287.34,317,318
287.34,334,332
287.34,314,316
287.34,336,333
287.4,312,312
287.4,335,334
287.4,310,311
287.4,332,334
287.4,313,310
287.4,329,330
287.41,315,312
287.47,322,325
287.47,319,316
287.47,319,321
287.47,322,319
287.47,313,316
287.47,328,325
287.47,311,313
287.53,329,327
287.53,311,311
287.53,331,329
287.53,308,309
287.53,330,331
287.53,311,308
287.54,329,330
287.59,314,311
287.59,325,328
287.59,317,312
287.59,320,323
287.59,321,315
287.6,316,318
287.6,325,320
287.67,311,313
287.67,326,324
287.67,308,310
287.67,331,329
287.67,308,309
287.67,333,332
287.67,310,310
287.73,331,331
287.73,310,309
287.73,326,327
287.73,313,309
287.73,322,325
287.73,317,312
287.74,319,321
287.79,323,318
287.79,314,316
287.79,325,320
287.79,308,311
287.79,327,323
287.79,307,308
287.8,330,330
287.85,310,308
287.85,334,333
287.85,310,309
287.85,333,334
287.85,314,313
287.86,327,332
287.87,322,317
287.92,325,329
287.92,328,323
287.92,326,327
287.92,333,330
287.92,321,324
287.92,337,334
287.93,321,323
287.99,341,339
287.99,320,321
287.99,344,343
287.99,320,321
287.99,344,344
288.0,322,322
288.0,340,344
288.06,329,326
288.06,340,343
288.06,335,330
288.06,336,338
288.06,340,335
288.06,333,335
288.06,344,339
288.12,331,332
288.12,346,342
288.12,326,327
288.12,347,345
288.12,324,324
288.12,349,348
288.13,326,324
288.18,347,347
288.18,328,325
288.18,341,343
288.18,332,328
288.18,337,340
288.19,335,330
288.19,333,335
288.26,336,334
288.26,327,328
288.26,341,338
288.26,323,324
288.26,344,341
288.26,323,323
288.26,343,343
288.32,322,322
288.32,344,344
288.32,323,320
288.32,338,341
288.32,326,322
288.32,337,340
288.33,331,327
288.38,333,337
288.38,337,332
288.38,330,333
288.38,340,336
288.38,327,328
288.38,344,341
288.39,322,325
288.45,345,343
288.45,323,324
288.45,345,344
288.45,322,321
288.45,344,345
288.45,326,323
288.46,341,342
288.51,325,324
288.51,334,337
288.51,331,328
288.51,330,334
288.51,335,332
288.51,327,330
288.52,339,336
288.57,326,326
288.57,343,339
288.57,321,321
288.57,342,340
288.57,321,320
288.58,340,341
288.59,320,318
288.65,341,341
288.65,323,321
288.65,335,337
288.65,326,324
288.65,331,334
288.65,333,328
288.65,325,328
288.71,334,331
288.71,322,323
288.71,335,332
288.71,319,320
288.71,338,334
288.71,314,315
288.72,335,335
288.78,314,312
288.78,332,333
288.78,312,309
288.78,329,331
288.78,315,311
288.78,322,326
288.78,319,314
288.84,318,320
288.84,322,317
288.84,311,315
288.84,323,320
288.84,308,311
288.84,326,324
288.85,305,306
288.9,326,325
288.9,302,303
288.9,326,325
288.9,305,303
288.9,324,324
288.91,304,302
288.91,320,323
288.98,310,306
288.98,316,319
288.98,312,310
288.98,311,313
288.98,316,314
288.98,305,309
288.98,319,316
289.04,302,305
289.04,323,320
289.04,301,301
289.04,324,322
289.04,300,300
289.04,323,322
289.05,301,299
289.1,321,321
289.1,304,302
289.1,319,320
289.1,309,307
289.1,312,314
289.1,315,310
289.11,309,311
289.17,320,316
289.17,304,308
289.17,322,320
289.17,301,304
289.17,324,322
289.17,300,302
289.18,325,325
289.23,305,303
289.23,324,326
289.23,307,305
289.23,324,325
289.23,313,309
289.23,320,323
289.24,319,315
289.31,316,320
289.31,323,318
289.31,313,316
289.31,326,323
289.31,313,314
289.31,330,328
289.31,309,311
289.37,334,331
289.37,311,310
289.37,331,332
289.37,310,310
289.37,333,333
289.37,315,312
289.37,330,331
289.43,323,319
289.43,325,330
289.43,326,322
289.43,322,325
289.43,332,328
289.43,319,321
289.44,334,330
289.49,315,317
289.49,335,333
289.49,315,314
289.49,338,336
289.49,316,315
289.5,336,338
289.5,316,314
289.57,333,335
289.57,321,316
289.57,329,332
289.57,323,320
289.57,325,327
289.57,330,325
289.57,323,325
289.63,339,334
289.63,322,325
289.63,341,339
289.63,321,323
289.63,345,341
289.63,320,322
289.64,345,346
289.69,324,322
289.69,344,344
289.69,327,324
289.69,342,343
289.69,332,329
289.69,341,342
289.7,338,334
289.76,333,337
289.76,342,339
289.76,331,333
289.76,346,345
289.76,327,331
289.76,351,347
289.77,331,331
289.82,349,349
289.82,327,327
289.82,348,350
289.82,327,328
289.82,350,350
289.82,335,331
289.83,345,346
289.9,335,332
289.9,338,340
289.9,342,337
289.9,335,337
289.9,346,342
289.9,332,334
289.9,350,347
289.96,329,331
289.96,353,350
289.96,328,328
289.96,352,352
289.96,328,328
289.96,351,350
289.96,327,326
290.02,345,346
290.02,332,329
290.02,338,340
290.02,335,332
290.02,332,335
290.02,338,335
290.03,328,330
290.08,342,339
290.08,327,327
290.08,345,342
290.08,322,324
290.08,344,343
290.09,321,321
290.09,342,343
290.16,320,319
290.16,338,340
290.16,321,318
290.16,334,338
290.16,324,322
290.16,327,332
290.16,328,326
290.22,323,325
290.22,331,328
290.22,317,320
290.22,334,332
290.22,314,316
290.22,336,335
290.23,312,314
290.28,337,336
290.28,315,313
290.28,334,333
290.29,316,313
290.29,331,332
290.29,318,315
290.29,325,328
290.35,325,320
290.35,322,325
290.35,326,322
290.35,319,321
290.35,330,328
290.35,311,315
290.36,331,328
290.41,308,312
290.41,332,331
290.41,311,311
290.41,335,333
290.41,310,309
290.41,332,333
290.42,315,312
290.47,329,330
290.47,318,316
290.47,324,328
290.47,325,321
290.47,317,321
290.48,328,323
290.49,315,316
290.55,330,326
290.55,314,314
290.55,333,329
290.55,310,312
290.55,334,332
290.55,310,310
290.55,332,333
290.61,313,311
290.61,330,332
290.61,315,312
290.61,326,329
290.61,321,318
290.61,323,326
290.62,327,323
290.68,318,322
290.68,330,327
290.68,314,318
290.68,333,331
290.68,315,315
290.68,336,334
290.68,314,313
290.74,336,336
290.74,312,312
290.74,335,334
290.74,318,315
290.74,331,334
290.74,323,320
290.75,328,332
290.8,324,322
290.8,327,329
290.8,333,328
290.8,321,324
290.8,336,332
290.81,318,320
290.82,338,337
290.87,317,318
290.87,338,338
290.87,315,315
290.87,339,338
290.87,317,316
290.87,334,337
290.88,321,318
290.94,330,333
290.94,325,322
290.94,328,330
290.94,329,325
290.94,321,325
290.94,333,330
290.95,322,322
291.01,336,333
291.01,318,319
291.01,340,337
291.01,318,317
291.01,338,339
291.01,316,316
291.01,339,338
291.07,320,317
291.07,336,337
291.07,323,318
291.07,330,333
291.07,329,325
291.07,327,329
291.08,331,327
291.13,323,325
291.13,335,331
291.13,316,320
291.13,337,335
291.13,313,316
291.13,337,336
291.14,313,312
291.19,337,335
291.19,313,312
291.19,331,333
291.19,314,312
291.19,326,328
291.2,319,314
291.21,320,323
291.27,321,317
291.27,317,318
291.27,324,320
291.27,311,313
291.27,327,324
291.27,307,307
291.27,326,325
291.33,305,305
291.33,329,327
291.33,306,305
291.33,328,327
291.33,307,306
291.33,324,327
291.34,313,309
291.4,319,322
291.4,317,314
291.4,316,320
291.4,322,318
291.4,313,316
291.4,326,322
291.41,310,312
291.46,329,325
291.46,306,308
291.46,331,328
291.46,303,306
291.46,330,329
291.46,307,305
291.47,324,326
291.54,311,308
291.54,323,328
291.54,313,310
291.54,319,322
291.54,316,314
291.54,315,318
291.54,323,320
291.6,311,312
291.6,327,323
291.6,308,310
291.6,326,325
291.6,305,307
291.6,328,327
291.6,309,307
291.66,329,330
291.66,308,309
291.66,328,329
291.66,313,311
291.66,323,326
291.66,319,315
291.67,320,324
291.73,324,320
291.73,318,321
291.73,328,326
291.73,314,318
291.73,332,330
291.73,312,315
291.73,337,334
291.79,314,315
291.79,339,338
291.79,317,316
291.79,338,339
291.79,321,318
291.79,333,336
291.8,324,320
291.85,332,335
291.85,331,327
291.85,326,331
291.85,334,331
291.85,326,327
291.86,339,335
291.86,321,323
291.91,342,339
291.91,319,321
291.91,343,343
291.91,320,320
291.91,342,344
291.92,322,321
291.93,342,344
291.99,328,324
291.99,339,341
291.99,329,326
291.99,334,337
291.99,335,331
291.99,329,332
292.0,339,336
292.01,327,328
292.02,342,340
292.02,325,326
292.09,346,343
292.09,322,322
292.09,347,345
292.09,321,320
292.09,343,342
292.09,323,320
292.09,336,340
292.15,326,323
292.15,332,335
292.15,330,325
292.15,328,330
292.15,334,330
292.15,323,325
292.15,335,332
292.21,319,320
292.21,338,334
292.21,317,317
292.21,338,336
292.21,311,313
292.21,336,336
292.22,315,313
292.27,334,336
292.27,318,315
292.27,332,334
292.27,321,319
292.27,326,329
292.28,329,323
292.29,323,325
292.34,330,328
292.34,320,322
292.34,333,331
292.34,316,319
292.34,335,333
292.34,315,315
292.35,339,337
292.41,317,316
292.41,338,339
292.41,319,316
292.41,334,337
292.41,322,319
292.41,333,335
292.42,328,324
292.48,327,329
292.48,330,326
292.48,322,326
292.48,334,330
292.48,319,321
292.48,337,335
292.48,314,318
292.54,338,336
292.54,316,316
292.54,338,337
292.54,316,315
292.54,338,338
292.54,320,317
292.55,334,337
292.6,325,320
292.6,329,332
292.6,330,324
292.6,324,329
292.6,332,330
292.61,322,326
292.61,337,333
292.66,320,321
292.66,339,336
292.66,317,317
292.66,336,336
292.66,315,314
292.67,337,336
292.68,317,314
292.74,336,336
292.74,320,316
292.74,333,334
292.74,325,320
292.74,328,330
292.74,329,326
292.74,325,328
292.81,335,330
292.81,323,323
292.81,337,335
292.81,320,321
292.81,339,337
292.81,317,318
292.81,339,339
292.87,319,319
292.87,338,339
292.87,320,317
292.87,332,334
292.87,318,316
292.87,324,328
292.88,322,316
292.93,319,321
292.93,322,319
292.93,313,314
292.93,323,320
292.93,307,308
292.93,322,321
292.94,303,305
292.99,324,324
292.99,302,302
292.99,325,324
292.99,302,301
292.99,322,322
293.0,304,303
293.01,316,318
293.06,310,305
293.06,314,315
293.06,313,308
293.06,305,309
293.06,314,311
293.06,302,304
293.07,316,314
293.13,297,300
293.13,319,316
293.13,295,297
293.13,320,320
293.13,298,298
293.13,320,320
293.14,299,298
293.2,318,319
293.2,305,300
293.2,314,316
293.2,309,305
293.2,308,311
293.2,312,309
293.2,306,307
293.26,314,313
293.26,302,305
293.26,322,318
293.26,301,303
293.26,324,322
293.26,303,302
293.27,326,325
293.32,304,302
293.32,323,325
293.32,306,305
293.32,322,324
293.32,313,309
293.33,319,322
293.33,319,315
293.4,315,318
293.4,323,319
293.4,313,315
293.4,327,324
293.4,308,312
293.4,331,328
293.4,309,310
293.46,333,332
293.46,309,309
293.46,330,331
293.46,312,310
293.46,330,332
293.46,314,313
293.47,326,329
293.52,320,318
293.52,322,326
293.52,324,322
293.52,319,322
293.52,329,326
293.52,316,318
293.53,333,330
293.58,313,314
293.58,335,333
293.58,313,314
293.58,336,335
293.58,313,312
293.59,333,335
293.6,314,313
293.65,330,332
293.65,320,316
293.65,329,331
293.65,328,323
293.65,325,328
293.65,335,330
293.66,327,329
293.72,343,339
293.72,325,327
293.72,346,344
293.72,326,328
293.72,348,348
293.72,327,327
293.73,351,352
293.79,329,329
293.79,352,353
293.79,335,334
293.79,351,352
293.79,342,340
293.79,347,351
293.79,349,345
293.85,346,348
293.85,356,352
293.85,343,345
293.85,357,356
293.85,340,341
293.85,361,358
293.86,338,339
293.91,361,361
293.91,338,338
293.91,361,361
293.91,341,338
293.91,357,359
293.92,343,340
293.92,353,356
293.97,349,345
293.97,346,350
293.97,351,347
293.97,342,344
293.97,355,351
293.98,337,339
293.99,357,354
294.05,333,335
294.05,356,354
294.05,334,332
294.05,358,356
294.05,334,333
294.05,352,353
294.06,335,333
294.11,348,351
294.11,336,333
294.11,343,346
294.11,344,339
294.11,339,341
294.11,344,342
294.12,332,336
294.18,350,345
294.18,328,331
294.18,349,346
294.18,328,328
294.18,349,347
294.18,324,325
294.19,346,348
294.24,329,325
294.24,344,345
294.24,329,325
294.24,341,343
294.24,334,328
294.24,333,337
294.25,339,333
294.32,329,331
294.32,341,336
294.32,323,325
294.32,340,337
294.32,320,321
294.32,339,339
294.32,314,315
294.38,338,338
294.38,316,315
294.38,334,337
294.38,317,312
294.38,326,328
294.38,314,311
294.38,320,322
294.44,315,312
294.44,312,315
294.44,317,312
294.44,305,307
294.44,316,315
294.44,302,302
294.45,318,316
294.5,295,297
294.5,319,317
294.5,296,295
294.5,317,318
294.5,298,295
294.51,315,317
294.51,299,297
294.57,310,312
294.57,303,301
294.57,306,310
294.57,308,305
294.57,302,305
294.57,314,310
294.58,302,304
294.64,319,317
294.64,300,302
294.64,322,321
294.64,302,302
294.64,324,325
294.64,302,301
294.65,326,325
294.7,302,303
294.7,323,324
294.7,310,306
294.7,318,320
294.7,314,309
294.7,314,316
294.71,319,316
294.77,314,316
294.77,331,327
294.77,313,316
294.77,335,331
294.77,311,313
294.77,333,332
294.78,313,311
294.83,333,333
294.83,311,311
294.83,333,333
294.83,319,316
294.83,335,336
294.83,326,322
294.84,335,338
294.91,338,336
294.91,334,338
294.91,348,344
294.91,338,341
294.91,356,353
294.91,339,339
294.91,361,358
294.97,336,338
294.97,362,360
294.97,338,336
294.97,358,360
294.97,338,336
294.97,353,356
294.97,343,338
295.03,350,352
295.03,345,340
295.03,344,346
295.03,349,343
295.03,338,341
295.03,349,346
295.04,335,338
295.09,353,350
295.09,332,333
295.09,354,353
295.09,332,330
295.09,354,354
295.1,331,329
295.1,349,351
295.16,331,327
295.16,342,345
295.16,336,330
295.16,337,340
295.16,336,332
295.16,332,335
295.17,342,337
295.23,328,331
295.23,343,341
295.23,325,327
295.23,345,343
295.23,322,323
295.23,344,344
295.23,321,322
295.3,344,345
295.3,326,322
295.3,342,343
295.3,328,324
295.3,337,340
295.3,331,327
295.3,335,337
295.36,336,331
295.36,329,331
295.36,339,335
295.36,321,323
295.36,341,339
295.36,319,321
295.37,340,339
295.42,316,317
295.42,341,340
295.42,318,316
295.42,339,338
295.42,317,317
295.42,334,336
295.43,321,320
295.48,330,333
295.48,327,325
295.48,325,330
295.48,332,330
295.48,322,326
295.49,337,334
295.5,321,322
295.56,339,336
295.56,319,319
295.56,339,337
295.56,316,316
295.56,340,339
295.56,316,316
295.56,337,338
295.62,318,316
295.62,329,333
295.62,321,318
295.62,326,328
295.62,326,322
295.62,318,321
295.63,328,323
295.69,315,316
295.69,329,327
295.69,311,311
295.69,331,328
295.69,307,309
295.69,328,329
295.69,307,307
295.75,328,329
295.75,310,309
295.75,324,326
295.75,312,309
295.75,321,323
295.75,318,313
295.76,313,318
295.81,323,318
295.81,311,313
295.81,323,320
295.81,306,310
295.81,327,325
295.82,307,308
295.82,327,327
295.87,307,305
295.88,330,329
295.88,306,304
295.88,325,328
295.88,313,308
295.88,325,326
295.89,316,312
295.95,321,323
295.95,319,316
295.95,317,319
295.95,327,323
295.95,312,316
295.95,331,326
295.96,310,313
296.02,332,330
296.02,311,312
296.02,334,333
296.02,310,310
296.02,335,334
296.02,311,311
296.02,332,333
296.08,319,314
296.08,329,331
296.08,323,319
296.08,323,325
296.08,327,323
296.08,318,321
296.09,329,327
296.14,315,317
296.14,330,329
296.14,313,315
296.14,336,334
296.14,313,314
296.14,338,336
296.15,313,313
296.2,333,336
296.2,315,313
296.2,330,334
296.2,322,319
296.2,329,330
296.21,325,322
296.22,323,326
296.28,328,326
296.28,319,323
296.28,331,330
296.28,317,320
296.28,337,335
296.28,318,316
296.28,339,338
296.34,318,315
296.34,335,337
296.34,317,315
296.34,337,337
296.34,322,319
296.34,334,335
296.35,324,322
296.41,330,332
296.41,330,326
296.41,325,328
296.41,333,330
296.41,321,322
296.41,338,334
296.41,319,319
296.47,338,338
296.47,316,316
296.47,337,337
296.47,318,316
296.47,338,338
296.47,316,314
296.48,332,335
296.53,321,318
296.53,331,332
296.53,325,322
296.53,324,328
296.53,331,328
296.54,321,324
296.55,332,330
296.6,319,320
296.6,335,334
296.6,316,317
296.6,339,337
296.6,315,314
296.6,337,338
296.61,317,314
296.68,336,337
296.68,322,317
296.68,333,334
296.68,324,319
296.68,327,330
296.68,329,324
296.68,323,327
296.74,331,327
296.74,320,323
296.74,335,331
296.74,317,318
296.74,338,336
296.74,315,316
296.74,338,338
296.8,315,314
296.8,339,338
296.8,319,315
296.8,336,336
296.8,322,318
296.8,331,332
296.81,324,321
296.86,325,329
296.86,329,326
296.86,322,325
296.86,333,330
296.86,318,320
296.86,334,333
296.87,317,317
296.93,339,335
296.93,315,314
296.93,339,337
296.93,314,314
296.93,336,337
296.93,319,316
296.94,334,337
296.99,322,319
296.99,330,332
296.99,328,323
296.99,325,327
296.99,333,328
297.0,320,324
297.0,335,332
297.07,317,318
297.07,336,334
297.07,314,317
297.07,337,337
297.07,315,314
297.07,338,338
297.07,317,315
297.13,336,336
297.13,322,318
297.13,331,332
297.13,321,316
297.13,321,324
297.13,321,317
297.14,311,316
297.19,321,319
297.19,306,309
297.19,320,318
297.19,302,303
297.19,324,321
297.19,301,301
297.2,325,323
297.26,299,297
297.26,320,320
297.26,303,299
297.26,318,319
297.26,304,302
297.26,311,314
297.27,311,306
297.32,308,312
297.32,313,310
297.32,307,308
297.32,320,316
297.32,303,305
297.32,323,319
297.33,299,301
297.38,323,321
297.38,299,298
297.38,322,322
297.38,301,300
297.38,321,322
297.39,305,302
297.4,318,320
297.46,309,306
297.46,312,316
297.46,313,311
297.46,313,315
297.46,319,316
297.46,307,310
297.46,324,322
297.53,307,309
297.53,330,326
297.53,308,308
297.53,332,330
297.53,310,308
297.53,331,331
297.53,313,309
297.59,328,331
297.59,316,313
297.59,326,329
297.59,325,321
297.59,324,327
297.59,327,324
297.59,320,324
297.65,333,330
297.65,321,322
297.65,335,334
297.65,318,319
297.65,338,338
297.65,317,317
297.66,338,340
297.71,318,318
297.71,341,340
297.71,323,321
297.71,338,341
297.71,329,324
297.72,334,336
297.72,333,328
297.78,328,334
297.78,336,334
297.78,327,329
297.78,343,338
297.78,324,326
297.78,343,342
297.79,323,323
297.85,347,345
297.85,322,320
297.85,344,344
297.85,322,322
297.85,344,345
297.85,328,326
297.86,338,341
297.92,333,330
297.92,335,336
297.92,336,333
297.92,331,333
297.92,341,336
297.92,325,328
297.92,344,340
297.98,322,325
297.98,342,342
297.98,320,322
297.98,347,345
297.98,323,322
297.98,345,345
297.99,324,321
298.04,340,342
298.04,329,325
298.04,336,338
298.04,333,328
298.04,330,333
298.04,337,332
298.05,328,329
298.11,341,336
298.11,324,325
298.11,343,341
298.11,320,322
298.11,345,341
298.11,321,319
298.12,342,342
298.17,319,318
298.17,335,338
298.17,319,316
298.17,332,335
298.17,324,320
298.18,325,329
298.18,326,323
298.23,320,323
298.23,329,325
298.23,316,318
298.23,330,328
298.23,311,315
298.24,335,332
298.25,311,312
298.31,335,333
298.31,311,311
298.31,336,334
298.31,314,313
298.31,330,332
298.31,317,314
298.31,329,331
298.38,329,324
298.38,331,333
298.38,337,333
298.38,329,332
298.38,342,340
298.38,328,331
298.38,346,345
298.44,327,329
298.44,352,350
298.44,327,327
298.44,350,351
298.44,329,328
298.44,349,349
298.45,331,328
298.5,346,348
298.5,338,333
298.5,343,346
298.5,341,337
298.5,336,342
298.5,345,342
298.51,333,336
298.57,350,346
298.57,330,331
298.57,349,347
298.57,327,328
298.57,348,347
298.57,323,324
298.58,345,345
298.64,322,322
298.64,341,342
298.64,327,322
298.64,337,338
298.64,326,324
298.64,330,332
298.64,331,326
298.7,320,326
298.7,333,330
298.71,316,320
298.71,335,333
298.71,316,316
298.71,337,334
298.71,315,314
298.77,336,335
298.77,313,312
298.77,333,333
298.77,312,311
298.77,327,330
298.77,316,313
298.77,323,326
298.83,319,315
298.83,319,321
298.83,326,321
298.83,314,316
298.83,327,325
298.83,310,313
298.84,329,328
298.89,309,311
298.89,331,330
298.89,310,309
298.89,332,331
298.89,310,309
298.9,329,332
298.9,315,312
298.97,328,330
298.97,321,316
298.97,323,325
298.97,323,321
298.97,321,323
298.97,330,326
298.97,314,317
299.03,333,330
299.03,314,315
299.03,334,331
299.03,312,312
299.03,336,335
299.03,313,312
299.04,335,334
299.09,314,312
299.09,330,333
299.09,317,315
299.09,325,329
299.09,320,318
299.09,321,324
299.1,325,321
299.16,317,319
299.16,330,326
299.16,311,315
299.16,331,328
299.16,311,311
299.16,331,331
299.17,310,310
299.22,332,332
299.22,311,307
299.22,329,329
299.22,310,308
299.22,324,327
299.22,316,312
299.23,320,322
299.29,320,316
299.3,315,318
299.3,324,321
299.3,313,315
299.3,327,323
299.3,308,312
299.3,328,328
299.36,307,307
299.36,334,331
299.36,308,308
299.36,328,329
299.36,308,307
299.36,327,329
299.37,313,311
299.38,322,326
299.38,319,314
299.39,321,322
299.45,322,319
299.45,315,319
299.45,329,325
299.45,314,316
299.45,330,328
299.45,314,314
299.46,332,331
299.51,310,311
299.51,335,334
299.51,313,310
299.51,333,334
299.51,316,314
299.52,329,332
299.52,320,317
299.57,325,328
299.57,323,319
299.57,322,324
299.57,328,324
299.57,317,321
299.58,333,330
299.59,315,316
299.65,333,332
299.65,315,315
299.65,337,334
299.65,313,313
299.65,337,337
299.65,316,313
299.65,333,335
299.71,319,316
299.71,331,332
299.71,323,319
299.71,325,328
299.71,329,324
299.71,324,325
299.72,331,327
299.78,319,320
299.78,333,331
299.78,313,315
299.78,336,333
299.78,315,315
299.78,336,335
299.79,314,314
299.84,337,336
299.84,316,314
299.84,333,335
299.84,318,317
299.84,328,331
299.84,325,321
299.85,324,327
299.92,330,326
299.92,321,322
299.92,334,330
299.92,317,319
299.92,336,334
299.92,318,317
299.92,339,337
299.98,317,315
299.98,339,336
299.98,318,315
299.98,335,338
299.98,320,317
299.98,331,334
299.98,324,321
300.04,329,331
300.04,327,324
300.04,322,326
300.04,332,329
300.04,320,321
300.04,334,332
300.05,318,319
300.1,336,335
300.1,315,316
300.1,337,337
300.1,317,316
300.1,338,338
300.1,319,316
300.11,334,336
300.16,322,318
300.16,331,333
300.16,324,321
300.16,325,329
300.16,327,323
300.17,320,322
300.18,332,329
300.24,317,318
300.24,335,331
300.24,314,316
300.24,339,336
300.24,316,315
300.24,337,337
300.24,316,315
300.3,334,335
300.3,317,315
300.3,332,335
300.3,323,320
300.3,328,332
300.3,330,326
300.31,326,329
300.37,335,331
300.37,322,326
300.37,337,334
300.37,322,322
300.37,341,339
300.37,320,321
300.38,343,341
300.43,319,318
300.43,341,340
300.43,322,319
300.43,338,340
300.43,324,321
300.43,335,338
300.44,328,326
300.5,331,334
300.5,336,331
300.5,328,330
300.5,338,335
300.5,325,328
300.5,343,341
300.51,326,326
300.57,347,345
300.57,324,324
300.57,347,347
300.57,327,324
300.57,346,347
300.57,329,326
300.57,345,347
300.63,335,329
300.63,340,343
300.63,336,333
300.63,333,336
300.63,342,336
300.63,329,332
300.64,345,341
300.69,327,328
300.69,346,344
300.69,325,325
300.69,349,346
300.69,326,324
300.69,348,346
300.7,327,323
300.75,342,345
300.75,330,326
300.75,340,343
300.75,331,328
300.75,333,337
300.76,335,333
300.77,329,332
300.83,338,336
300.83,325,328
300.83,341,339
300.83,326,327
300.83,347,346
300.83,325,326
300.83,349,347
300.89,327,326
300.89,350,350
300.89,331,328
300.89,345,348
300.89,332,329
300.89,340,344
300.9,335,333
300.96,336,339
300.96,341,339
300.96,332,335
300.96,345,343
300.96,331,332
300.96,346,346
300.96,326,329
301.02,349,346
301.02,322,324
301.02,347,345
301.02,323,322
301.02,341,344
301.02,325,323
301.03,338,341
301.08,328,325
301.08,333,337
301.08,333,329
301.08,328,330
301.08,336,331
301.09,324,325
301.1,335,333
301.16,317,320
301.16,338,335
301.16,314,315
301.16,339,336
301.16,313,313
301.16,335,335
301.16,317,313
301.22,330,333
301.22,319,315
301.22,327,330
301.22,323,319
301.22,321,324
301.22,325,321
301.23,318,320
301.29,329,326
301.29,316,317
301.29,333,329
301.29,312,312
301.29,334,332
301.29,310,309
301.29,333,332
301.35,309,307
301.35,331,331
301.35,313,310
301.35,325,327
301.35,317,312
301.35,321,323
301.36,318,315
301.41,316,320
301.41,322,319
301.41,315,316
301.41,329,325
301.41,310,312
301.42,330,328
301.42,308,309
301.47,328,329
301.47,307,307
301.47,330,330
301.47,307,305
301.47,330,330
301.48,313,310
301.49,323,325
301.55,319,314
301.55,318,322
301.55,320,316
301.55,314,318
301.55,324,322
301.55,314,314
301.55,328,326
301.61,310,311
301.61,332,329
301.61,309,308
301.61,332,332
301.61,308,308
301.61,330,330
301.62,313,309
301.68,326,328
301.68,315,312
301.68,321,326
301.68,320,316
301.68,318,322
301.68,325,320
301.69,316,318
301.74,329,325
301.74,312,314
301.74,330,328
301.74,310,312
301.74,334,332
301.74,311,309
301.75,331,331
301.8,310,308
301.8,325,328
301.8,311,307
301.8,323,323
301.8,313,308
301.81,315,317
301.82,314,311
301.88,307,311
301.88,315,313
301.88,304,307
301.88,318,317
301.88,302,303
301.88,322,319
301.88,301,301
301.94,321,322
301.94,301,300
301.94,321,322
301.94,300,300
301.94,319,321
301.94,307,304
301.95,316,319
302.0,311,306
302.0,310,313
302.0,315,312
302.0,309,310
302.0,319,316
302.01,305,306
302.01,323,320
302.07,303,303
302.07,322,321
302.07,302,302
302.07,324,325
302.07,304,303
302.07,325,326
302.08,305,305
302.13,320,323
302.13,312,308
302.13,316,319
302.13,318,313
302.13,312,315
302.14,321,318
302.14,310,313
302.21,327,322
302.21,308,309
302.21,327,325
302.21,306,307
302.21,331,329
302.21,308,308
302.21,331,330
302.27,312,309
302.27,329,330
302.27,316,312
302.27,324,327
302.27,319,315
302.27,321,323
302.28,325,322
302.33,319,321
302.33,328,325
302.33,314,317
302.33,333,330
302.33,313,315
302.33,335,334
302.34,313,313
302.39,339,337
302.39,314,315
302.39,337,337
302.39,316,315
302.4,335,336
302.4,324,320
302.41,329,332
302.46,328,325
302.46,327,331
302.46,335,330
302.46,322,326
302.46,338,335
302.46,321,322
302.47,343,339
302.54,319,319
302.54,344,341
302.54,318,318
302.54,343,342
302.54,321,319
302.54,340,341
302.54,322,321
302.6,335,338
302.6,330,325
302.6,334,335
302.6,334,330
302.6,325,329
302.6,336,334
302.6,323,324
302.66,339,338
302.66,321,321
302.66,342,340
302.66,318,320
302.66,342,342
302.66,322,321
302.67,340,342
302.72,322,321
302.72,340,340
302.72,328,324
302.72,335,337
302.72,330,326
302.73,329,332
302.73,334,331
302.8,324,328
302.8,339,335
302.8,323,326
302.8,341,338
302.8,321,321
302.8,342,341
302.8,322,320
302.86,343,342
302.86,321,319
302.86,339,339
302.86,320,318
302.86,334,337
302.86,325,321
302.87,328,332
302.92,331,326
302.92,325,327
302.92,334,330
302.92,321,324
302.92,338,334
302.92,319,321
302.93,339,337
302.99,315,317
302.99,341,339
302.99,317,316
302.99,336,338
302.99,319,317
302.99,337,337
303.0,324,320
303.05,333,334
303.05,326,323
303.05,328,330
303.05,334,328
303.05,324,327
303.05,337,333
303.06,320,322
303.13,338,335
303.13,317,318
303.13,338,338
303.13,316,317
303.13,338,338
303.13,317,316
303.13,338,341
303.19,320,318
303.19,335,337
303.19,324,321
303.19,327,331
303.19,329,326
303.19,326,328
303.19,334,331
303.25,321,325
303.25,337,334
303.25,319,319
303.25,339,337
303.25,317,318
303.25,340,340
303.26,319,317
303.31,339,340
303.31,322,318
303.31,337,339
303.31,323,321
303.31,335,336
303.32,327,324
303.32,330,333
303.38,333,328
303.38,323,327
303.38,338,334
303.38,321,323
303.38,341,338
303.38,320,321
303.39,341,340
303.45,318,320
303.45,341,340
303.45,320,320
303.45,341,342
303.45,323,320
303.45,338,340
303.45,330,325
303.51,335,338
303.52,334,329
303.52,329,332
303.52,337,333
303.52,326,330
303.52,341,337
303.52,323,324
303.58,344,341
303.58,320,321
303.58,343,342
303.58,321,320
303.58,346,344
303.58,323,320
303.59,338,342
303.64,324,321
303.64,336,339
303.64,329,326
303.64,332,336
303.64,335,329
303.64,327,329
303.65,338,334
303.7,322,325
303.7,340,337
303.7,320,321
303.7,341,340
303.7,318,320
303.71,341,341
303.72,318,318
303.78,338,341
303.78,322,319
303.78,336,339
303.78,325,323
303.78,335,336
303.78,332,327
303.78,329,332
303.84,333,330
303.84,325,328
303.84,341,337
303.84,323,324
303.84,341,338
303.85,319,321
303.85,344,341
303.91,317,319
303.91,341,342
303.91,322,319
303.91,340,341
303.91,324,321
303.91,334,337
303.91,325,323
303.97,331,333
303.97,330,327
303.97,325,328
303.97,335,330
303.97,323,324
303.97,337,335
303.98,320,321
304.03,339,337
304.03,319,319
304.03,341,339
304.03,318,317
304.03,339,339
304.04,319,316
304.04,334,336
304.11,321,318
304.11,331,334
304.11,326,323
304.11,327,330
304.11,331,327
304.11,323,325
304.11,334,331
304.17,319,321
304.17,339,335
304.17,315,318
304.17,340,337
304.17,317,316
304.17,340,338
304.18,317,315
304.23,336,338
304.23,320,316
304.23,333,334
304.23,322,319
304.23,330,331
304.23,330,325
304.24,323,326
304.3,330,329
304.3,318,321
304.3,336,334
304.3,318,321
304.3,339,336
304.3,319,318
304.31,340,339
304.36,315,315
304.36,338,339
304.36,320,317
304.36,338,339
304.36,323,320
304.36,333,334
304.37,325,322
304.44,326,330
304.44,333,327
304.44,323,327
304.44,335,334
304.44,320,322
304.44,337,337
304.44,320,320
304.5,341,339
304.5,318,318
304.5,341,341
304.5,317,316
304.5,338,340
304.5,323,320
304.5,335,339
304.56,326,323
304.56,331,334
304.56,330,326
304.56,327,330
304.56,337,332
304.56,323,326
304.57,338,334
304.62,318,321
304.62,339,337
304.62,316,318
304.62,342,339
304.62,316,316
304.63,341,340
304.63,317,314
304.7,335,337
304.7,318,315
304.7,330,332
304.7,323,319
304.7,324,328
304.7,328,324
304.7,321,324
304.76,332,329
304.76,316,319
304.76,334,332
304.76,314,317
304.76,338,336
304.76,314,313
304.77,337,336
304.82,314,313
304.82,336,336
304.82,319,315
304.82,332,335
304.82,324,320
304.82,331,332
304.83,327,323
304.89,326,328
304.89,332,328
304.89,321,324
304.89,337,333
304.89,318,320
304.89,339,336
304.9,317,319
304.95,338,339
304.95,318,318
304.95,342,340
304.95,322,318
304.95,339,339
304.95,321,319
304.96,334,336
305.01,327,322
305.01,331,334
305.01,332,328
305.01,325,329
305.01,337,332
305.02,323,324
305.03,337,335
305.09,321,321
305.09,340,339
305.09,318,319
305.09,341,340
305.09,319,316
305.09,340,340
305.09,319,318
305.15,335,337
305.15,322,320
305.15,330,334
305.15,329,324
305.15,328,331
305.15,332,329
305.16,322,325
305.22,338,334
305.22,319,321
305.22,336,335
305.22,315,317
305.22,338,338
305.22,315,315
305.22,336,337
305.28,318,315
305.28,337,336
305.28,316,315
305.28,330,333
305.28,322,320
305.28,328,330
305.29,326,322
305.34,322,325
305.34,330,328
305.34,318,322
305.34,335,331
305.34,316,318
305.35,337,334
305.36,317,317
305.42,340,337
305.42,316,315
305.42,339,338
305.42,316,315
305.42,335,336
305.42,322,319
305.42,333,334
305.48,325,322
305.48,328,330
305.48,329,326
305.48,322,325
305.48,335,331
305.48,320,322
305.49,337,335
305.54,319,319
305.54,339,337
305.54,314,316
305.54,339,340
305.54,316,315
305.54,335,338
305.55,320,317
305.61,331,334
305.61,324,320
305.61,328,331
305.61,326,323
305.61,324,327
305.61,332,329
305.62,321,323
305.68,336,331
305.68,316,318
305.68,337,335
305.68,315,317
305.68,338,338
305.68,316,316
305.68,337,338
305.75,317,316
305.75,336,337
305.75,322,320
305.75,334,336
305.75,329,323
305.75,328,331
305.75,333,328
305.81,325,328
305.81,337,333
305.81,322,324
305.81,338,336
305.81,319,321
305.81,343,340
305.81,319,319
305.87,341,341
305.87,319,316
305.87,338,340
305.87,320,319
305.87,337,338
305.87,327,322
305.88,331,334
305.93,330,325
305.93,325,329
305.93,334,329
305.93,320,323
305.93,336,332
305.94,318,320
305.95,337,335
306.01,316,317
306.01,339,338
306.01,315,314
306.01,339,338
306.01,317,315
306.01,334,336
306.01,320,317
306.07,329,332
306.07,323,320
306.07,325,328
306.07,326,323
306.07,320,323
306.07,330,327
306.08,317,319
306.14,332,332
306.14,312,315
306.14,337,334
306.14,312,314
306.14,339,336
306.14,315,313
306.14,334,337
306.2,318,317
306.2,334,337
306.2,321,318
306.2,328,331
306.2,328,323
306.2,326,328
306.21,330,327
306.26,321,322
306.26,333,330
306.26,317,320
306.26,338,334
306.26,317,317
306.26,339,336
306.27,314,315
306.34,339,337
306.34,317,314
306.34,335,336
306.34,322,318
306.34,333,335
306.34,326,321
306.34,329,332
306.4,332,327
306.4,325,328
306.4,335,330
306.4,321,324
306.4,337,334
306.4,317,319
306.4,338,337
306.46,314,316
306.46,339,338
306.46,317,316
306.46,337,337
306.46,319,315
306.46,332,336
306.47,320,319
306.52,329,332
306.52,325,322
306.52,326,330
306.52,333,329
306.52,323,325
306.53,336,331
306.54,321,322
306.59,336,334
306.59,317,318
306.59,339,338
306.59,316,317
306.59,337,338
306.59,316,316
306.6,337,339
306.66,321,318
306.66,333,336
306.66,324,321
306.66,330,334
306.66,331,326
306.66,325,328
306.67,332,330
306.73,321,324
306.73,336,334
306.73,319,320
306.73,338,337
306.73,316,317
306.73,339,338
306.73,317,315
306.79,337,338
306.79,317,316
306.79,335,337
306.79,322,317
306.79,329,333
306.79,325,321
306.8,325,327
306.85,329,325
306.85,322,324
306.85,331,329
306.85,317,319
306.85,336,333
306.85,316,316
306.87,337,335
306.88,312,312
306.88,338,336
306.89,315,314
306.95,334,336
306.95,318,316
306.95,330,333
306.95,322,319
306.95,329,333
306.95,329,324
306.96,324,327
307.01,333,327
307.01,320,322
307.01,336,331
307.01,316,318
307.01,337,335
307.01,318,317
307.02,337,336
307.09,312,314
307.09,338,337
307.09,317,314
307.09,335,336
307.09,319,316
307.09,330,333
307.09,324,320
307.15,324,327
307.15,327,322
307.15,319,322
307.15,330,328
307.15,315,318
307.15,335,331
307.15,314,315
307.21,334,333
307.21,311,312
307.21,334,334
307.21,312,311
307.21,336,335
307.21,314,313
307.22,333,334
307.27,321,318
307.27,327,331
307.27,325,322
307.27,324,327
307.27,332,327
307.28,319,321
307.28,335,331
307.35,317,318
307.35,335,333
307.35,315,316
307.35,339,336
307.35,314,315
307.35,338,338
307.35,316,314
307.41,335,336
307.41,318,315
307.41,331,334
307.41,326,321
307.41,328,331
307.41,328,325
307.42,324,327
307.47,335,331
307.47,321,324
307.47,336,334
307.47,320,321
307.47,342,339
307.47,316,316
307.48,342,340
307.54,317,317
307.54,340,340
307.54,321,318
307.54,338,339
307.54,327,322
307.54,333,336
307.55,331,326
307.6,330,333
307.6,333,330
307.6,325,328
307.6,338,337
307.6,324,325
307.6,341,339
307.61,321,322
307.68,344,342
307.68,322,321
307.68,344,344
307.68,320,319
307.68,342,343
307.68,322,321
307.68,335,339
307.74,328,325
307.74,336,337
307.74,336,330
307.74,330,333
307.74,338,334
307.74,325,327
307.74,340,339
307.8,323,325
307.8,346,342
307.8,322,322
307.8,343,344
307.8,322,321
307.8,344,344
307.81,324,321
307.86,342,344
307.86,329,324
307.86,336,337
307.86,333,328
307.86,331,335
307.87,337,332
307.87,329,331
307.92,338,336
307.92,322,325
307.93,342,339
307.93,320,320
307.93,344,341
307.93,318,320
307.94,343,343
308.0,322,319
308.0,340,341
308.0,322,321
308.0,338,340
308.0,327,323
308.0,333,336
308.01,332,328
308.07,328,331
308.07,336,331
308.07,323,325
308.07,339,335
308.07,321,323
308.07,338,339
308.07,320,320
308.13,343,341
308.13,321,319
308.13,343,342
308.13,322,319
308.13,339,339
308.13,323,321
308.14,334,337
308.19,325,323
308.19,330,332
308.19,332,328
308.19,324,326
308.19,338,333
308.19,321,324
308.2,338,335
308.25,319,320
308.25,341,337
308.25,316,317
308.25,338,339
308.25,319,317
308.26,339,339
308.27,320,319
308.33,334,337
308.33,323,320
308.33,331,333
308.33,329,325
308.33,327,329
308.33,334,329
308.33,323,324
308.39,335,333
308.39,318,320
308.39,338,335
308.39,316,317
308.39,338,337
308.39,314,316
308.4,338,338
308.45,317,316
308.45,336,338
308.45,323,318
308.45,334,336
308.45,324,322
308.46,329,332
308.46,330,325
308.52,322,325
308.52,331,328
308.52,316,320
308.52,336,332
308.52,312,317
308.52,335,335
308.53,312,314
308.59,334,335
308.59,314,312
308.59,335,335
308.59,318,314
308.59,329,332
308.59,319,315
308.6,327,328
308.66,322,319
308.66,323,324
308.66,330,325
308.66,318,321
308.66,331,328
308.66,314,317
308.66,334,332
308.72,310,313
308.72,332,332
308.72,313,311
308.72,336,334
308.72,312,311
308.72,333,334
308.73,319,315
308.78,331,333
308.78,324,319
308.78,329,330
308.78,328,323
308.78,326,327
308.78,331,327
308.79,319,320
308.86,335,332
308.86,316,318
308.86,338,336
308.86,316,317
308.86,343,342
308.86,321,320
308.86,343,344
308.92,321,319
308.92,339,340
308.92,325,324
308.92,337,338
308.92,328,326
308.92,330,333
308.92,335,330
308.98,325,327
308.98,337,333
308.98,321,324
308.98,340,338
308.98,320,320
308.98,341,339
308.99,315,316
309.04,340,340
309.04,316,314
309.04,337,337
309.04,318,315
309.04,332,336
309.05,324,320
309.05,327,331
309.11,329,324
309.11,325,327
309.11,332,329
309.11,320,324
309.11,336,334
309.11,318,321
309.12,338,337
309.18,319,318
309.18,337,338
309.18,317,317
309.18,341,340
309.18,320,318
309.18,339,340
309.19,324,318
309.25,333,335
309.25,326,321
309.25,325,330
309.25,329,326
309.25,322,326
309.25,335,333
309.25,322,324
309.31,338,337
309.31,320,320
309.31,342,338
309.31,319,319
309.31,339,340
309.31,316,315
309.32,336,338
309.37,320,318
309.37,337,338
309.37,325,321
309.37,330,333
309.37,331,326
309.37,325,329
309.38,333,329
309.45,321,325
309.45,339,335
309.45,319,321
309.45,339,335
309.45,317,318
309.45,341,339
309.45,318,316
309.51,336,338
309.51,318,316
309.51,336,338
309.51,322,318
309.51,333,335
309.51,327,322
309.51,327,332
309.57,330,326
309.57,321,324
309.57,332,330
309.57,320,321
309.57,336,334
309.57,316,318
309.58,338,336
309.64,313,315
309.64,338,337
309.64,315,314
309.64,335,336
309.64,316,313
309.64,331,332
309.64,321,315
309.7,326,326
309.7,322,317
309.7,320,322
309.7,325,321
309.7,315,316
309.7,329,325
309.71,309,312
309.76,331,327
309.76,307,308
309.76,329,328
309.76,303,305
309.76,327,326
309.77,307,304
309.78,324,326
309.84,309,306
309.84,322,323
309.84,312,309
309.84,315,316
309.84,314,311
309.84,312,314
309.84,321,316
309.9,307,309
309.9,322,320
309.9,304,306
309.9,325,324
309.9,305,304
309.9,326,326
309.91,305,304
309.96,325,326
309.96,307,305
309.96,322,325
309.96,308,306
309.96,319,321
309.96,314,311
309.97,312,316
310.03,318,315
310.03,311,313
310.03,325,322
310.03,310,311
310.03,328,324
310.03,307,308
310.04,329,328
310.1,308,308
310.1,330,330
310.1,310,308
310.1,326,329
310.1,315,310
310.1,326,328
310.1,320,315
310.16,321,325
310.16,324,320
310.16,321,323
310.16,326,324
310.16,317,318
310.16,332,329
310.17,312,314
310.23,335,331
310.23,311,312
310.23,333,333
310.23,312,311
310.23,334,335
310.23,315,312
310.23,333,334
310.29,321,316
310.29,329,331
310.29,322,320
310.29,322,326
310.29,328,324
310.29,319,321
310.3,332,328
310.35,316,318
310.35,333,331
310.35,313,315
310.35,335,334
310.35,315,314
310.36,337,336
310.36,316,314
310.42,334,336
310.42,319,316
310.42,331,333
310.42,324,318
310.42,328,330
310.42,327,324
310.43,323,327
310.49,335,330
310.49,322,324
310.49,338,333
310.49,321,322
310.49,339,337
310.49,318,319
310.5,339,338
310.55,316,317
310.55,338,339
310.55,318,316
310.55,338,340
310.55,323,321
310.56,337,339
310.56,329,326
310.62,330,334
310.62,336,331
310.62,328,330
310.62,339,336
310.62,324,326
310.62,340,337
310.63,321,322
310.68,344,341
310.68,319,318
310.68,342,340
310.68,320,319
310.68,342,343
310.68,322,320
310.69,339,340
310.74,326,323
310.74,333,335
310.74,330,327
310.74,329,332
310.74,336,333
310.75,325,328
310.76,341,338
310.82,324,326
310.82,341,340
310.82,320,322
310.82,344,343
310.82,320,320
310.82,343,344
310.82,323,320
310.88,342,341
310.88,325,322
310.88,335,338
310.88,330,327
310.88,333,336
310.88,335,331
310.89,328,331
310.94,340,336
310.94,323,325
310.94,340,339
310.95,322,322
310.95,345,342
310.95,320,320
310.95,342,342
311.01,323,321
311.01,340,343
311.01,325,321
311.01,339,342
311.01,329,325
311.01,334,338
311.02,333,328
311.08,330,334
311.08,333,331
311.08,326,328
311.08,339,336
311.08,323,325
311.08,340,339
311.09,321,322
311.15,342,342
311.15,321,319
311.15,344,344
311.15,322,319
311.15,343,343
311.15,326,322
311.15,337,339
311.21,329,325
311.21,329,334
311.21,331,329
311.21,327,331
311.21,338,333
311.21,322,324
311.22,337,335
311.27,320,322
311.27,341,340
311.27,320,319
311.27,343,342
311.27,318,319
311.27,340,341
311.28,322,320
311.33,336,339
311.33,325,321
311.33,334,337
311.33,331,327
311.33,331,333
311.34,335,331
311.35,324,328
311.41,339,336
311.41,322,325
311.41,343,340
311.41,321,324
311.41,344,343
311.41,320,321
311.41,343,344
311.47,324,321
311.47,343,343
311.47,327,323
311.47,338,341
311.47,330,327
311.47,334,337
311.48,332,330
311.54,327,332
311.54,339,334
311.54,325,328
311.54,343,339
311.54,322,325
311.54,346,342
311.54,322,322
311.6,344,343
311.6,322,320
311.6,341,343
311.6,324,320
311.6,339,342
311.6,326,322
311.61,334,337
311.66,330,325
311.66,331,334
311.66,334,329
311.66,327,329
311.66,337,334
311.67,322,325
311.68,341,338
311.74,321,321
311.74,342,341
311.74,321,319
311.74,345,343
311.74,320,319
311.74,341,342
311.74,324,321
311.8,338,340
311.8,329,324
311.8,335,337
311.8,331,328
311.8,329,330
311.8,338,333
311.81,326,327
311.87,341,338
311.87,323,325
311.87,344,340
311.87,321,321
311.87,344,344
311.87,323,321
311.87,344,344
311.93,322,321
311.93,339,342
311.93,325,322
311.93,336,337
311.93,330,325
311.93,329,334
311.94,335,330
311.99,324,328
311.99,338,335
311.99,321,325
311.99,341,336
311.99,321,321
312.0,341,339
312.0,316,316
312.05,340,340
312.05,316,315
312.05,336,339
312.05,320,316
312.05,333,336
312.06,324,321
312.07,329,333
312.13,329,323
312.13,325,327
312.13,333,328
312.13,319,322
312.13,332,331
312.13,319,319
312.13,338,334
312.2,314,316
312.2,338,338
312.2,316,316
312.2,339,339
312.2,316,316
312.2,336,338
312.2,321,319
312.26,331,333
312.26,325,320
312.26,327,329
312.26,328,324
312.26,321,325
312.26,333,329
312.27,318,322
312.32,335,332
312.32,315,316
312.32,336,335
312.32,315,315
312.32,338,338
312.32,316,314
312.33,335,337
312.38,317,314
312.38,332,334
312.38,322,317
312.38,329,330
312.38,326,321
312.39,320,325
312.4,331,326
312.46,317,321
312.46,333,329
312.46,316,318
312.46,334,334
312.46,315,316
312.46,338,335
312.46,314,314
312.52,336,337
312.52,315,315
312.52,336,338
312.52,320,318
312.52,334,336
312.52,328,325
312.53,333,336
312.59,336,332
312.59,329,333
312.59,339,337
312.59,327,330
312.59,342,340
312.59,326,326
312.59,347,343
312.65,323,323
312.65,345,344
312.65,322,321
312.65,342,342
312.65,323,321
312.65,337,339
312.66,326,321
312.71,333,336
312.71,327,323
312.71,327,330
312.71,334,329
312.71,321,325
312.72,337,333
312.72,320,320
312.79,335,333
312.79,313,316
312.79,339,337
312.79,315,314
312.79,337,337
312.79,314,314
312.79,337,337
312.85,319,315
312.85,333,334
312.85,325,320
312.85,328,331
312.85,327,323
312.85,322,326
312.86,332,327
312.91,320,323
312.91,334,333
312.91,321,322
312.91,341,340
312.91,322,322
312.91,347,345
312.92,320,320
312.97,344,344
312.97,326,324
312.97,343,343
312.97,329,325
312.97,337,341
312.98,330,328
312.99,332,335
313.04,337,331
313.04,324,329
313.04,336,334
313.04,323,323
313.04,339,336
313.04,318,319
313.05,341,340
313.11,317,317
313.11,340,340
313.11,317,316
313.11,338,338
313.11,320,318
313.11,333,335
313.12,324,321
313.18,328,331
313.18,327,323
313.18,322,327
313.18,330,327
313.18,320,323
313.18,333,330
313.18,315,316
313.24,336,332
313.24,312,313
313.24,338,335
313.24,311,311
313.24,333,334
313.24,313,312
313.25,331,334
313.3,318,315
313.3,327,331
313.3,321,318
313.3,324,329
313.3,329,324
313.31,321,323
313.31,330,328
313.36,317,319
313.36,335,332
313.36,316,316
313.36,336,334
313.36,311,313
313.37,336,335
313.38,312,312
313.44,332,334
313.44,314,313
313.44,333,333
313.44,319,316
313.44,326,329
313.44,323,319
313.44,323,325
313.51,331,327
313.51,318,321
313.51,333,330
313.51,316,318
313.51,335,334
313.51,318,317
313.51,339,338
313.57,315,315
313.57,338,338
313.57,315,313
313.57,337,337
313.57,321,316
313.57,333,334
313.58,324,322
313.63,327,329
313.63,328,324
313.63,321,323
313.63,333,329
313.63,318,321
313.63,338,334
313.64,316,317
313.69,340,337
313.69,314,316
313.69,340,338
313.69,317,315
313.69,337,338
313.7,320,316
313.71,334,336
313.76,325,320
313.76,331,333
313.76,329,324
313.76,328,330
313.76,333,329
313.76,323,325
313.77,335,333
313.83,320,322
313.83,338,337
313.83,319,319
313.83,341,339
313.83,318,318
313.83,343,341
313.84,320,318
313.9,338,340
313.9,324,320
313.9,336,338
313.9,328,323
313.9,330,333
313.9,333,328
313.9,328,330
313.96,335,332
313.96,322,325
313.96,339,336
313.96,318,322
313.96,342,340
313.96,317,318
313.97,342,341
314.02,319,317
314.02,338,339
314.02,322,318
314.02,338,340
314.02,325,320
314.03,332,335
314.03,328,324
314.1,328,331
314.1,333,328
314.1,322,325
314.1,337,334
314.1,322,323
314.1,338,337
314.1,316,318
314.16,337,337
314.16,317,315
314.16,341,340
314.16,313,313
314.16,337,337
314.16,318,317
314.17,332,335
314.22,323,318
314.22,326,330
314.22,328,324
314.22,323,327
314.22,332,328
314.22,319,321
314.23,335,332
314.29,317,319
314.29,337,336
314.29,314,316
314.29,339,338
314.29,317,316
314.29,339,338
314.3,317,315
314.35,334,338
314.35,322,320
314.35,332,335
314.35,326,322
314.35,326,329
314.35,329,326
314.36,323,324
314.43,332,331
314.43,320,321
314.43,338,335
314.43,317,318
314.43,337,337
314.43,316,317
314.43,340,338
314.44,317,315
314.45,338,338
314.46,320,317
314.52,335,336
314.52,322,320
314.52,330,333
314.52,329,325
314.52,323,328
314.52,333,330
314.52,321,324
314.58,336,333
314.58,315,318
314.58,340,336
314.58,315,316
314.58,338,337
314.58,315,316
314.59,336,338
314.64,316,315
314.64,333,335
314.64,321,317
314.64,333,335
314.64,324,320
314.64,324,328
314.65,329,326
314.71,323,325
314.71,333,329
314.71,318,319
314.71,337,334
314.71,318,319
314.71,337,336
314.72,314,315
314.77,339,338
314.77,316,316
314.77,337,338
314.77,321,316
314.77,333,334
314.78,322,319
314.78,330,333
314.85,327,323
314.85,325,327
314.85,331,327
314.85,321,322
314.85,336,333
314.85,317,319
314.85,339,336
314.91,317,318
314.91,339,338
314.91,317,318
314.91,340,341
314.91,320,319
314.91,336,340
314.92,325,320
314.97,335,338
314.97,330,325
314.97,333,336
314.97,334,330
314.97,328,331
314.97,337,335
314.98,325,326
315.04,341,339
315.04,320,324
315.04,345,342
315.04,320,321
315.04,345,344
315.04,321,320
315.05,345,344
315.1,326,321
315.1,338,341
315.1,328,323
315.1,334,337
315.1,331,327
315.1,328,331
315.11,336,332
315.17,324,327
315.17,337,335
315.17,321,322
315.17,339,337
315.17,319,320
315.18,342,339
315.18,318,317
315.24,340,340
315.24,318,316
315.24,339,339
315.24,323,318
315.24,335,336
315.24,324,320
315.24,329,333
315.3,329,325
315.3,324,327
315.3,334,329
315.3,322,323
315.3,335,331
315.3,315,316
315.31,336,335
315.36,313,314
315.36,337,336
315.36,313,312
315.36,332,336
315.36,315,311
315.37,329,330
315.37,315,311
315.43,322,326
315.43,314,311
315.43,313,316
315.43,317,312
315.43,307,310
315.43,318,314
315.44,300,303
315.5,318,315
315.5,294,296
315.5,318,315
315.5,293,293
315.5,315,314
315.5,295,292
315.5,314,317
315.57,298,297
315.57,314,317
315.57,306,304
315.57,314,317
315.57,313,310
315.57,310,313
315.57,320,318
315.63,307,310
315.63,323,322
315.63,307,309
315.63,330,326
315.63,310,308
315.63,333,331
315.64,306,307
315.69,334,332
315.69,313,309
315.69,329,330
315.69,316,312
315.69,323,326
315.69,321,317
315.7,323,325
315.75,328,322
315.75,320,322
315.75,333,329
315.75,319,320
315.75,337,334
315.76,316,318
315.77,340,338
315.83,317,317
315.83,340,340
315.83,318,316
315.83,343,342
315.83,324,321
315.83,338,341
315.83,327,325
315.89,334,338
315.89,336,332
315.89,333,335
315.89,338,336
315.89,329,330
315.89,344,341
315.9,325,328
315.96,347,345
315.96,325,327
315.96,352,348
315.96,327,327
315.96,348,349
315.96,329,327
315.96,347,351
316.02,334,331
316.02,343,347
316.02,339,335
316.02,339,342
316.02,343,339
316.02,334,337
316.03,347,343
316.08,333,335
316.08,348,346
316.08,330,330
316.08,351,348
316.08,329,329
316.09,350,349
316.09,327,325
316.16,351,350
316.16,331,328
316.16,344,347
316.16,334,330
316.16,341,345
316.16,339,335
316.16,335,338
316.22,342,339
316.22,332,335
316.22,346,343
316.22,331,332
316.22,350,347
316.22,326,329
316.23,349,347
316.28,327,325
316.28,350,348
316.28,326,324
316.28,345,346
316.28,331,327
316.28,340,343
316.29,333,328
316.35,334,337
316.35,335,332
316.35,330,334
316.35,339,336
316.35,327,330
316.35,344,340
316.36,323,325
316.41,347,343
316.41,320,322
316.41,347,345
316.41,325,322
316.41,345,346
316.41,324,323
316.42,343,344
316.49,328,326
316.49,335,339
316.49,333,328
316.49,330,334
316.49,336,331
316.49,324,328
316.49,339,336
316.55,321,325
316.55,338,337
316.55,316,320
316.55,343,341
316.55,317,318
316.55,341,340
316.55,318,317
316.61,340,340
316.61,320,318
316.61,336,337
316.61,326,321
316.61,327,332
316.61,328,325
316.62,324,327
316.67,332,329
316.67,320,322
316.67,338,334
316.67,316,319
316.67,340,338
316.68,318,317
316.68,338,338
316.74,315,314
316.74,336,338
316.74,319,316
316.74,335,336
316.74,321,318
316.74,331,334
316.75,325,321
316.81,324,328
316.81,330,325
316.81,319,322
316.81,333,329
316.81,318,319
316.81,334,331
316.82,314,316
316.88,336,335
316.88,312,311
316.88,335,335
316.88,313,312
316.88,334,336
316.88,318,314
316.88,331,333
316.94,321,317
316.94,324,328
316.94,324,322
316.94,321,324
316.94,331,326
316.94,319,321
316.95,334,330
317.0,314,318
317.0,336,334
317.0,313,315
317.0,338,336
317.0,314,314
317.0,338,339
317.01,316,314
317.06,334,337
317.06,320,317
317.06,331,334
317.06,323,321
317.06,325,328
317.07,328,326
317.08,321,325
317.14,333,330
317.14,317,319
317.14,335,334
317.14,315,317
317.14,339,336
317.14,313,313
317.14,340,338
317.2,318,316
317.2,337,337
317.2,316,314
317.2,333,335
317.2,323,319
317.2,330,331
317.21,327,325
317.27,324,327
317.27,328,326
317.27,318,322
317.27,330,327
317.27,312,315
317.27,331,330
317.27,313,313
317.33,333,332
317.33,310,309
317.33,333,332
317.33,309,308
317.33,328,331
317.33,313,311
317.34,325,327
317.39,317,315
317.39,320,324
317.39,323,320
317.39,317,321
317.39,328,324
317.4,313,316
317.41,332,328
317.47,312,312
317.47,330,329
317.47,308,308
317.47,330,329
317.47,305,305
317.47,329,328
317.47,308,306
317.53,325,327
317.53,312,308
317.53,318,320
317.53,313,309
317.53,312,314
317.53,319,314
317.54,307,309
317.59,322,317
317.59,305,305
317.59,326,322
317.59,300,302
317.59,324,323
317.59,299,299
317.6,324,323
317.66,301,299
317.66,319,321
317.66,304,302
317.66,316,319
317.66,308,305
317.66,311,317
317.67,312,310
317.72,310,313
317.72,318,315
317.72,304,307
317.72,323,320
317.72,302,304
317.73,326,325
317.73,302,304
317.79,325,325
317.8,303,303
317.8,326,327
317.8,307,305
317.8,323,326
317.8,309,308
317.8,320,324
317.86,319,313
317.86,319,320
317.86,323,319
317.86,312,316
317.86,326,323
317.86,308,311
317.86,328,324
317.92,305,308
317.92,331,328
317.92,306,307
317.92,330,330
317.92,308,308
317.92,329,331
317.93,311,309
317.98,327,327
317.98,316,312
317.98,321,323
317.98,320,316
317.98,318,320
317.99,326,323
318.0,315,317
318.05,331,327
318.05,312,313
318.05,335,332
318.05,309,311
318.05,336,335
318.05,311,311
318.06,336,335
318.12,315,313
318.12,335,335
318.12,321,316
318.12,331,332
318.12,327,322
318.12,325,327
318.13,328,324
318.18,323,324
318.18,331,330
318.18,318,320
318.18,336,333
318.18,316,317
318.19,341,338
318.19,315,316
318.25,339,339
318.25,317,315
318.25,339,338
318.25,320,318
318.25,335,337
318.25,324,321
318.26,331,332
318.31,331,327
318.31,327,330
318.31,334,330
318.31,323,325
318.31,339,334
318.31,321,323
318.32,342,339
318.37,320,320
318.37,340,341
318.37,317,318
318.37,341,343
318.37,321,318
318.38,339,340
318.39,324,319
318.45,332,336
318.45,326,322
318.45,329,331
318.45,332,327
318.45,323,326
318.45,333,330
318.45,321,323
318.51,339,335
318.51,318,319
318.51,341,339
318.51,318,317
318.51,340,340
318.51,319,317
318.52,338,339
318.57,321,319
318.57,338,339
318.57,326,322
318.57,330,335
318.57,329,325
318.58,327,330
318.59,333,331
318.64,325,326
318.64,339,334
318.64,322,323
318.64,340,338
318.64,320,321
318.64,342,341
318.65,318,318
318.71,344,343
318.71,320,319
318.71,340,342
318.71,322,321
318.71,339,340
318.71,328,324
318.72,330,333
318.78,331,328
318.78,327,329
318.78,335,332
318.78,322,325
318.78,340,337
318.78,318,321
318.78,342,341
318.84,320,320
318.84,342,342
318.84,319,319
318.84,340,342
318.84,321,319
318.84,338,340
318.85,327,323
318.9,336,337
318.9,330,327
318.9,331,334
318.9,336,332
318.9,328,330
318.9,341,338
318.91,324,326
318.96,343,341
318.96,323,324
318.96,344,343
318.96,321,322
318.96,348,347
318.97,325,322
318.98,344,345
319.04,328,325
319.04,341,343
319.04,332,327
319.04,335,338
319.04,337,332
319.04,330,334
319.04,343,339
319.11,328,330
319.11,344,342
319.11,325,327
319.11,349,345
319.11,325,325
319.11,347,345
319.11,323,322
319.17,343,346
319.17,324,321
319.17,340,343
319.17,327,324
319.17,336,340
319.17,333,328
319.17,333,335
319.23,337,333
319.23,327,329
319.23,339,336
319.23,326,326
319.23,343,339
319.23,321,321
319.24,345,342
319.29,320,320
319.29,342,343
319.29,318,318
319.29,342,342
319.29,321,320
319.3,337,339
319.31,328,324
319.36,334,335
319.36,334,328
319.36,327,330
319.36,335,333
319.36,324,326
319.36,339,336
319.37,321,322
319.43,342,339
319.43,316,317
319.43,342,341
319.43,318,318
319.43,339,342
319.43,322,320
319.44,341,344
319.49,328,325
319.49,339,340
319.49,335,331
319.49,334,338
319.49,342,337
319.49,332,335
319.5,344,340
319.56,329,331
319.56,349,346
319.56,328,329
319.56,351,349
319.56,326,327
319.56,352,351
319.57,329,326
319.62,349,350
319.62,330,329
319.62,349,349
319.62,336,333
319.62,343,345
319.63,343,338
319.63,336,341
319.7,346,343
319.7,335,338
319.7,351,347
319.7,330,334
319.7,352,351
319.7,330,330
319.7,351,351
319.76,329,328
319.76,353,352
319.76,331,328
319.76,348,350
319.76,333,330
319.76,344,347
319.76,338,333
319.82,341,343
319.82,343,338
319.82,335,337
319.82,345,341
319.82,330,332
319.82,349,345
319.83,327,327
319.88,350,347
319.88,324,326
319.88,349,348
319.88,324,324
319.88,348,348
319.89,328,324
319.9,341,344
319.96,331,327
319.96,338,340
319.96,336,333
319.96,332,336
319.96,340,336
319.96,327,330
319.96,343,339
320.02,324,325
320.02,344,341
320.02,322,322
320.02,343,342
320.02,320,320
320.02,342,342
320.03,318,318
320.09,339,341
320.09,325,322
320.09,333,337
320.09,327,324
320.09,329,333
320.09,332,328
320.09,325,327
320.15,337,332
320.15,320,323
320.15,339,335
320.15,318,320
320.15,339,336
320.15,316,315
320.16,341,338
320.21,316,315
320.21,338,339
320.21,316,315
320.21,336,337
320.21,323,319
320.22,329,333
320.22,327,322
320.27,324,328
320.27,330,328
320.27,323,324
320.27,335,331
320.27,316,318
320.28,338,335
320.29,315,317
320.35,339,337
320.35,312,314
320.35,338,338
320.35,318,315
320.35,336,336
320.35,317,313
320.35,328,330
320.41,317,314
320.41,322,325
320.41,321,318
320.41,316,318
320.41,322,319
320.41,310,313
320.42,326,322
320.48,306,307
320.48,326,323
320.48,302,303
320.48,328,329
320.48,305,305
320.48,328,331
320.49,314,310
320.54,328,332
320.54,319,315
320.54,326,329
320.54,323,319
320.54,321,324
320.54,329,326
320.55,318,321
320.6,330,328
320.6,316,318
320.6,336,332
320.6,313,314
320.6,336,335
320.61,313,313
320.62,339,337
320.68,315,312
320.68,335,337
320.68,317,314
320.68,330,332
320.68,320,318
320.68,325,328
320.68,327,322
320.74,320,324
320.74,330,327
320.74,320,321
320.74,334,332
320.74,317,317
320.74,339,335
320.75,314,316
320.8,338,337
320.8,315,313
320.8,339,340
320.8,314,312
320.8,331,335
320.81,318,316
320.81,327,329
320.87,322,319
320.87,321,326
320.87,324,322
320.87,319,321
320.87,330,326
320.87,315,316
320.88,335,330
320.94,312,313
320.94,334,331
320.94,308,309
320.94,332,331
320.94,308,307
320.94,329,330
320.94,311,308
321.01,326,327
321.01,313,309
321.01,317,321
321.01,319,314
321.01,314,317
321.01,321,317
321.01,306,311
321.07,325,320
321.07,302,306
321.07,323,322
321.07,302,304
321.07,329,326
321.07,304,303
321.08,327,327
321.13,303,304
321.13,322,325
321.13,309,306
321.13,319,322
321.13,315,311
321.13,316,318
321.14,321,316
321.2,312,314
321.2,321,319
321.2,308,309
321.2,323,323
321.2,306,306
321.2,328,326
321.21,304,303
321.26,327,326
321.26,304,303
321.26,325,325
321.26,309,308
321.26,322,325
321.26,310,307
321.27,317,321
321.34,319,314
321.34,314,317
321.34,322,319
321.34,309,314
321.34,328,323
321.34,310,310
321.34,331,327
321.4,307,307
321.4,330,329
321.4,310,308
321.4,330,331
321.4,310,309
321.4,327,330
321.4,313,310
321.46,325,329
321.46,318,315
321.46,322,325
321.46,326,321
321.46,319,321
321.46,329,324
321.47,315,317
321.52,329,328
321.52,309,312
321.52,334,332
321.52,310,311
321.52,335,333
321.53,309,309
321.53,333,334
321.59,312,312
321.59,330,332
321.59,317,315
321.59,325,329
321.59,323,319
321.59,321,324
321.6,327,325
321.66,319,320
321.66,331,328
321.66,315,316
321.66,335,333
321.66,312,315
321.66,336,336
321.67,310,312
321.72,337,336
321.72,316,314
321.73,335,336
321.73,322,318
321.73,333,335
321.73,325,322
321.73,328,330
321.79,327,325
321.79,325,327
321.79,335,331
321.79,322,324
321.79,337,335
321.79,317,320
321.8,340,339
321.81,317,317
321.82,339,339
321.82,317,316
321.88,341,341
321.88,319,316
321.88,336,337
321.88,323,319
321.88,333,334
321.88,329,323
321.89,324,329
321.95,331,327
321.95,322,324
321.95,335,331
321.95,319,321
321.95,338,336
321.95,313,316
321.96,336,336
322.01,315,314
322.01,339,338
322.01,318,315
322.01,335,337
322.01,320,318
322.01,334,336
322.02,327,322
322.08,328,331
322.08,329,324
322.08,321,325
322.08,331,328
322.08,318,321
322.08,336,332
322.09,313,316
322.15,339,336
322.15,313,315
322.15,337,336
322.15,315,314
322.15,336,337
322.15,318,315
322.15,334,338
322.21,323,318
322.21,331,334
322.21,328,324
322.21,327,330
322.21,331,328
322.21,322,326
322.22,338,333
322.27,320,321
322.27,338,335
322.27,316,318
322.27,340,339
322.27,318,317
322.28,342,340
322.28,318,317
322.33,337,338
322.33,320,318
322.33,335,338
322.33,326,322
322.33,332,334
322.34,333,327
322.35,325,329
322.41,335,332
322.41,322,324
322.41,339,335
322.41,320,321
322.41,343,339
322.41,320,321
322.41,342,342
322.47,320,318
322.47,342,343
322.47,324,321
322.47,339,341
322.47,327,323
322.47,337,339
322.48,332,328
322.54,331,335
322.54,335,333
322.54,329,331
322.54,341,337
322.54,325,327
322.54,345,341
322.55,321,324
322.6,347,346
322.6,321,322
322.6,347,345
322.6,322,322
322.6,343,344
322.6,325,323
322.61,341,343
322.68,333,328
322.68,336,338
322.68,335,330
322.68,330,333
322.68,337,334
322.68,324,326
322.68,341,339
322.74,321,324
322.74,343,342
322.74,322,321
322.74,345,343
322.74,320,321
322.74,344,343
322.74,322,321
322.8,340,342
322.8,329,324
322.8,335,339
322.8,332,327
322.8,330,334
322.8,337,331
322.81,326,329
322.86,339,335
322.86,326,326
322.86,343,339
322.86,320,322
322.86,343,340
322.87,316,318
322.87,343,342
322.92,317,317
322.92,338,340
322.92,321,318
322.92,338,338
322.92,323,320
322.93,330,332
322.94,329,324
323.0,323,327
323.0,332,328
323.0,320,322
323.0,334,332
323.0,316,319
323.0,339,335
323.0,313,316
323.06,338,337
323.06,315,314
323.06,338,338
323.06,319,315
323.06,335,337
323.06,321,317
323.07,332,335
323.13,326,323
323.13,328,331
323.13,330,327
323.13,325,327
323.13,336,331
323.13,320,322
323.14,339,335
323.19,319,320
323.19,341,338
323.19,318,317
323.19,340,340
323.19,316,316
323.19,338,339
323.2,320,318
323.25,335,337
323.25,325,322
323.25,333,335
323.25,330,327
323.25,328,331
323.26,335,331
323.27,327,329
323.33,341,336
323.33,322,324
323.33,341,339
323.33,320,321
323.33,344,341
323.33,320,321
323.33,344,343
323.39,323,320
323.39,343,344
323.39,326,323
323.39,336,339
323.39,331,328
323.39,333,337
323.4,336,331
323.45,326,331
323.45,339,335
323.45,326,326
323.45,341,339
323.45,322,322
323.45,346,342
323.46,321,321
323.52,346,344
323.52,321,320
323.52,345,347
323.52,321,320
323.52,339,342
323.52,329,323
323.53,336,338
323.59,333,329
323.59,333,335
323.59,340,335
323.59,329,330
323.59,342,338
323.59,326,327
323.59,345,342
323.66,323,324
323.66,347,343
323.66,320,320
323.66,344,344
323.66,323,321
323.66,342,344
323.66,327,324
323.72,342,342
323.72,333,328
323.72,336,338
323.72,334,331
323.72,330,334
323.72,341,337
323.73,329,329
323.78,344,340
323.78,322,325
323.78,343,341
323.78,321,321
323.78,345,344
323.78,320,320
323.79,343,343
323.84,325,321
323.84,339,341
323.84,328,324
323.84,334,337
323.84,331,327
323.85,332,334
323.86,336,332
323.92,328,330
323.92,340,337
323.92,321,325
323.92,342,340
323.92,322,322
323.92,342,343
323.92,322,322
323.98,347,346
323.98,323,320
323.98,341,343
323.98,325,322
323.98,337,341
323.98,327,326
323.99,333,336
324.04,334,331
324.04,330,332
324.04,338,334
324.04,325,327
324.04,340,337
324.04,320,323
324.05,346,342
324.11,320,321
324.11,346,344
324.11,320,319
324.11,342,343
324.11,322,320
324.11,339,340
324.12,327,323
324.17,334,337
324.17,331,327
324.17,331,333
324.17,334,330
324.17,326,329
324.18,338,335
324.18,322,324
324.25,342,338
324.25,317,320
324.25,343,340
324.25,317,319
324.25,341,341
324.25,317,317
324.25,340,341
324.31,320,319
324.31,335,338
324.31,327,323
324.31,331,334
324.31,331,327
324.31,326,329
324.32,336,331
324.37,322,325
324.37,338,334
324.37,321,321
324.37,341,338
324.37,318,320
324.37,341,341
324.38,316,317
324.43,339,340
324.43,318,318
324.43,338,340
324.43,324,321
324.43,332,337
324.44,328,326
324.45,331,333
324.5,333,328
324.5,326,327
324.5,335,333
324.5,322,324
324.5,340,336
324.5,319,321
324.51,339,338
324.57,316,316
324.57,342,340
324.57,319,317
324.57,340,340
324.57,320,318
324.58,336,338
324.58,325,322
324.64,331,335
324.64,331,326
324.64,329,332
324.64,333,330
324.64,321,324
324.64,335,333
324.64,319,320
324.7,339,335
324.7,316,318
324.7,339,339
324.7,317,316
324.7,338,339
324.7,318,316
324.71,335,339
324.76,322,319
324.76,332,335
324.76,329,324
324.76,329,331
324.76,332,327
324.77,324,328
324.77,337,332
324.82,319,322
324.82,337,334
324.82,318,319
324.82,341,338
324.82,319,318
324.83,341,340
324.84,317,316
324.9,338,340
324.9,320,317
324.9,335,336
324.9,322,319
324.9,331,333
324.9,328,324
324.91,326,330
324.96,333,328
324.96,322,325
324.96,339,336
324.97,322,324
324.97,342,339
324.97,319,319
324.97,344,342
325.03,316,317
325.03,343,343
325.03,320,319
325.03,340,343
325.03,325,321
325.03,337,339
325.04,328,325
325.09,330,334
325.09,333,329
325.09,329,331
325.09,339,335
325.09,324,327
325.09,342,339
325.1,322,323
325.15,343,340
325.15,318,319
325.15,344,342
325.15,319,318
325.15,343,344
325.16,322,320
325.17,336,340
325.23,327,323
325.23,334,338
325.23,331,327
325.23,330,333
325.23,334,330
325.23,322,326
325.23,339,334
325.29,319,322
325.29,338,338
325.29,319,321
325.29,343,341
325.29,317,317
325.29,342,342
325.3,319,318
325.36,340,341
325.36,321,319
325.36,334,337
325.36,326,322
325.36,330,333
325.36,333,327
325.36,325,329
325.42,337,333
325.42,321,325
325.42,338,335
325.42,320,321
325.42,340,338
325.42,317,317
325.43,341,339
325.48,318,316
325.48,338,341
325.48,320,317
325.48,335,338
325.48,325,322
325.49,334,336
325.49,327,325
325.56,328,332
325.56,333,329
325.56,322,326
325.56,340,335
325.56,320,322
325.56,340,338
325.56,320,322
325.62,343,341
325.62,320,319
325.62,344,343
325.62,322,320
325.62,339,341
325.62,322,321
325.63,336,340
325.69,327,324
325.69,330,334
325.69,333,328
325.69,328,330
325.69,338,333
325.69,322,326
325.69,340,337
325.75,323,323
325.75,342,339
325.75,320,320
325.75,343,341
325.75,318,318
325.75,341,342
325.76,319,317
325.81,339,340
325.81,326,322
325.81,335,336
325.81,329,325
325.81,328,332
325.81,334,330
325.82,324,328
325.87,336,333
325.87,321,323
325.87,340,338
325.87,318,321
325.87,343,339
325.88,316,319
325.89,343,342
325.95,318,318
325.95,339,340
325.95,321,318
325.95,337,338
325.95,326,322
325.95,330,333
325.95,330,326
326.01,326,329
326.01,332,328
326.01,320,324
326.01,337,334
326.01,318,320
326.01,342,339
326.02,318,319
326.07,340,341
326.07,319,318
326.07,341,341
326.08,323,319
326.08,338,340
326.08,326,323
326.08,337,340
326.14,330,325
326.14,329,332
326.14,332,329
326.14,327,329
326.14,336,334
326.14,322,326
326.15,343,338
326.2,320,323
326.2,342,342
326.2,320,320
326.2,343,342
326.2,321,318
326.21,341,342
326.22,323,320
326.28,337,338
326.28,324,321
326.28,331,335
326.28,329,326
326.28,325,328
326.28,330,327
326.28,320,322
326.34,334,331
326.34,315,317
326.34,338,333
326.34,313,314
326.34,338,336
326.34,314,313
326.35,335,337
326.41,313,312
326.41,335,336
326.41,318,314
326.41,329,331
326.41,322,319
326.41,327,329
326.41,328,324
326.47,320,324
326.47,329,327
326.47,316,320
326.47,332,330
326.47,315,316
326.47,334,333
326.48,311,312
326.53,335,335
326.53,312,310
326.53,333,334
326.53,315,312
326.53,331,332
326.54,319,315
326.54,327,329
326.61,324,320
326.61,320,325
326.61,328,325
326.61,318,321
326.61,331,328
326.61,317,317
326.61,337,332
326.67,312,313
326.67,336,334
326.67,312,312
326.67,335,336
326.67,314,312
326.67,334,335
326.67,315,314
326.73,330,333
326.73,321,318
326.73,326,328
326.73,327,322
326.73,322,324
326.73,333,328
326.74,318,320
326.79,335,331
326.79,317,318
326.79,339,336
326.79,315,316
326.79,338,338
326.8,318,316
326.81,338,339
326.87,317,316
326.87,335,337
326.87,323,319
326.87,331,334
326.87,327,322
326.87,325,329
326.87,331,327
326.93,322,325
326.93,334,332
326.93,319,321
326.93,341,337
326.93,317,319
326.93,338,337
326.94,318,316
326.99,341,340
326.99,314,314
326.99,334,338
326.99,320,319
326.99,332,335
326.99,322,320
327.0,330,334
327.06,330,326
327.06,325,328
327.06,335,330
327.06,321,323
327.06,337,335
327.06,318,321
327.07,339,336
327.12,314,316
327.12,339,339
327.12,315,316
327.12,338,340
327.12,318,317
327.12,336,338
327.13,321,319
327.18,330,334
327.18,324,322
327.18,326,330
327.18,331,327
327.18,325,327
327.19,336,332
327.2,321,323
327.26,339,336
327.26,318,319
327.26,341,339
327.26,319,318
327.26,343,342
327.26,321,320
327.26,341,344
327.32,324,322
327.32,339,342
327.32,330,326
327.32,334,339
327.32,335,331
327.32,329,333
327.33,339,336
327.39,330,333
327.39,344,341
327.39,325,328
327.39,346,344
327.39,326,326
327.39,347,346
327.4,325,324
327.45,346,346
327.45,326,324
327.45,346,347
327.45,331,327
327.45,340,345
327.45,335,331
327.46,337,339
327.51,339,335
327.51,333,335
327.51,343,339
327.51,327,330
327.51,345,342
327.52,325,328
327.53,347,345
327.58,324,324
327.58,346,346
327.58,323,323
327.58,345,345
327.58,327,324
327.58,340,343
327.59,328,326
327.65,337,339
327.65,332,329
327.65,328,333
327.65,339,335
327.65,329,330
327.65,339,337
327.66,326,326
327.72,342,340
327.72,322,323
327.72,346,343
327.72,318,320
327.72,342,343
327.72,320,318
327.72,339,341
327.78,323,320
327.78,334,338
327.78,329,325
327.78,332,335
327.78,333,329
327.78,330,331
327.79,339,333
327.84,324,325
327.84,339,336
327.84,320,323
327.84,342,340
327.84,321,320
327.85,343,342
327.85,320,318
327.9,342,341
327.9,320,319
327.9,337,339
327.9,327,323
327.9,335,336
327.91,332,327
327.92,331,334
327.98,335,330
327.98,327,329
327.98,338,336
327.98,321,324
327.98,338,337
327.98,320,321
327.99,343,341
328.04,316,319
328.04,342,342
328.04,319,318
328.04,340,341
328.04,322,320
328.04,334,337
328.05,327,322
328.11,330,334
328.11,330,326
328.11,325,330
328.11,334,331
328.11,320,324
328.11,339,335
328.12,319,320
328.17,339,336
328.17,317,317
328.17,338,337
328.17,314,314
328.17,336,337
328.17,316,314
328.18,333,333
328.25,319,315
328.25,329,332
328.25,323,320
328.25,324,328
328.25,329,325
328.25,321,324
328.25,336,331
328.31,318,320
328.31,337,334
328.31,316,318
328.31,339,336
328.31,317,316
328.31,339,339
328.31,318,316
328.37,339,339
328.37,320,317
328.37,335,337
328.37,325,321
328.37,330,334
328.37,327,324
328.38,327,329
328.44,333,330
328.44,322,325
328.44,337,336
328.44,320,322
328.44,344,340
328.44,320,321
328.44,343,341
328.5,318,320
328.5,340,342
328.5,321,319
328.5,340,342
328.5,325,322
328.5,337,338
328.51,330,325
328.56,332,334
328.56,332,330
328.56,325,329
328.56,334,333
328.56,322,325
328.57,340,338
328.57,318,320
328.64,341,341
328.64,319,318
328.64,340,340
328.64,319,318
328.64,341,342
328.64,323,320
328.64,335,338
328.7,324,322
328.7,332,335
328.7,331,326
328.7,329,332
328.7,333,330
328.7,325,327
328.71,338,335
328.76,322,324
328.76,341,338
328.76,319,320
328.76,340,340
328.76,319,319
328.76,343,342
328.77,320,319
328.83,340,341
328.83,324,320
328.83,338,339
328.83,329,325
328.83,334,336
328.83,332,329
328.84,326,329
328.89,338,334
328.89,325,326
328.89,339,335
328.89,318,321
328.89,343,341
328.89,321,321
328.9,344,342
328.95,319,319
328.95,345,345
328.95,325,322
328.95,342,343
328.95,329,326
328.96,336,339
328.97,333,329
329.03,332,335
329.03,334,331
329.03,328,330
329.03,339,335
329.03,323,325
329.03,342,339
329.03,321,321
329.09,344,341
329.09,318,319
329.09,344,342
329.09,321,318
329.09,341,342
329.09,324,322
329.1,336,339
329.15,327,324
329.15,334,335
329.15,333,329
329.16,330,333
329.16,336,333
329.16,327,328
329.16,341,338
329.22,322,324
329.22,346,340
329.22,319,320
329.22,344,343
329.22,322,321
329.22,344,344
329.23,325,321
329.29,338,342
329.29,327,324
329.29,337,340
329.29,331,327
329.29,333,335
329.29,335,332
329.3,331,332
329.36,339,337
329.36,327,327
329.36,342,340
329.36,323,324
329.36,344,344
329.36,320,321
329.36,345,344
329.42,322,321
329.42,344,344
329.42,325,323
329.42,339,342
329.42,330,325
329.42,333,337
329.43,332,329
329.44,331,332
329.45,337,332
329.46,324,327
329.51,341,337
329.51,323,324
329.51,342,340
329.51,321,322
329.51,343,342
329.51,320,321
329.52,342,343
329.58,323,320
329.58,339,341
329.58,325,323
329.58,338,341
329.58,330,328
329.58,335,337
329.59,338,334
329.64,329,331
329.64,340,338
329.64,327,327
329.64,342,339
329.64,321,323
329.64,341,340
329.65,319,319
329.7,343,343
329.7,320,320
329.7,343,342
329.7,321,320
329.7,339,341
329.71,325,321
329.72,331,334
329.78,329,325
329.78,327,331
329.78,332,328
329.78,323,326
329.78,336,333
329.78,317,320
329.78,336,334
329.84,314,316
329.84,338,335
329.84,312,313
329.84,336,335
329.84,313,311
329.84,333,334
329.85,314,313
329.91,329,329
329.91,319,315
329.91,323,326
329.91,323,318
329.91,317,320
329.91,328,323
329.91,312,315
329.97,327,325
329.97,311,313
329.97,334,331
329.97,311,311
329.97,332,332
329.97,311,309
329.98,331,332
330.04,315,312
330.04,331,331
330.04,317,314
330.04,325,328
330.04,320,318
330.04,323,324
330.05,325,323
330.1,318,321
330.1,331,328
330.1,315,319
330.1,335,333
330.1,315,316
330.1,336,335
330.11,313,313
330.18,336,338
330.18,313,313
330.18,337,336
330.18,317,313
330.18,332,334
330.18,323,319
330.18,326,331
330.24,330,325
330.24,327,328
330.24,333,328
330.24,321,323
330.24,335,332
330.24,315,318
330.24,337,333
330.3,311,314
330.3,339,336
330.3,312,312
330.3,335,336
330.3,317,314
330.3,334,335
330.31,320,318
330.36,333,335
330.36,325,321
330.36,327,332
330.36,331,328
330.36,325,327
330.36,336,332
330.37,320,324
330.44,339,335
330.44,318,320
330.44,341,339
330.44,316,316
330.44,342,340
330.44,318,316
330.44,337,340
330.5,320,318
330.5,337,338
330.5,325,320
330.5,331,334
330.5,328,324
330.5,324,328
330.5,333,329
330.56,322,324
330.56,335,332
330.56,319,321
330.56,339,336
330.56,316,318
330.56,341,338
330.57,316,317
330.62,338,339
330.62,319,317
330.62,337,338
330.62,323,319
330.62,335,338
330.63,330,325
330.64,333,336
330.69,332,329
330.69,327,331
330.69,338,333
330.69,324,325
330.69,340,338
330.69,320,323
330.7,344,341
330.77,320,321
330.77,345,342
330.77,321,319
330.77,343,343
330.77,324,322
330.77,338,342
330.77,329,325
330.83,337,339
330.83,331,328
330.83,332,336
330.83,336,334
330.83,327,329
330.83,339,337
330.83,326,327
330.89,344,342
330.89,322,323
330.89,344,343
330.89,320,321
330.89,342,343
330.89,321,318
330.9,340,342
330.95,324,320
330.95,337,339
330.95,326,323
330.95,329,334
330.95,333,328
330.95,326,329
330.96,335,332
331.02,324,326
331.02,337,335
331.02,319,321
331.02,342,338
331.02,318,318
331.02,343,340
331.03,316,316
331.08,340,340
331.08,319,317
331.08,336,338
331.08,322,320
331.08,332,336
331.09,325,323
331.09,329,333
331.16,332,328
331.16,326,330
331.16,339,334
331.16,325,326
331.16,341,338
331.16,322,324
331.16,345,343
331.22,324,322
331.22,343,344
331.22,322,321
331.22,345,344
331.22,325,322
331.22,340,343
331.22,328,324
331.28,334,337
331.28,334,330
331.28,332,334
331.28,338,333
331.28,325,329
331.28,341,339
331.29,323,325
331.34,345,342
331.34,323,324
331.34,345,344
331.34,322,323
331.34,345,346
331.35,325,322
331.36,345,345
331.41,327,324
331.41,338,341
331.41,331,329
331.41,333,338
331.41,337,332
331.41,330,332
331.42,339,336
331.48,328,330
331.48,345,343
331.48,325,327
331.48,347,345
331.48,323,323
331.48,349,347
331.49,323,322
331.55,343,346
331.55,327,323
331.55,342,345
331.55,331,327
331.55,342,342
331.55,335,330
331.55,334,338
331.61,340,336
331.61,330,333
331.61,341,339
331.61,325,327
331.61,342,342
331.61,324,324
331.62,346,343
331.67,321,320
331.67,344,343
331.67,321,320
331.67,341,343
331.67,324,322
331.68,337,341
331.68,331,326
331.73,334,337
331.73,332,329
331.73,330,332
331.73,338,333
331.73,325,326
331.74,342,338
331.75,321,322
331.81,344,340
331.81,317,320
331.81,344,343
331.81,321,319
331.81,340,342
331.81,323,321
331.81,339,340
331.87,327,323
331.87,337,339
331.87,333,328
331.87,332,336
331.87,335,332
331.87,329,331
331.88,340,337
331.94,325,327
331.94,343,340
331.94,322,325
331.94,344,342
331.94,317,319
331.94,342,342
331.95,321,320
332.0,341,341
332.0,322,321
332.0,335,340
332.0,324,322
332.0,333,335
332.0,332,327
332.01,328,331
332.08,335,332
332.08,322,325
332.08,339,335
332.08,318,322
332.08,339,337
332.08,317,318
332.08,339,338
332.14,317,316
332.14,338,339
332.14,317,316
332.14,335,338
332.14,320,317
332.14,331,333
332.14,326,320
332.2,325,329
332.2,330,324
332.2,318,323
332.2,332,329
332.2,317,319
332.2,333,332
332.21,316,317
332.26,335,332
332.26,312,312
332.26,336,335
332.26,312,312
332.26,334,337
332.27,317,313
332.27,333,334
332.33,320,316
332.33,326,332
332.33,324,321
332.33,324,327
332.33,327,325
332.33,318,321
332.34,332,330
332.4,314,317
332.4,335,333
332.4,315,317
332.4,339,337
332.4,314,315
332.4,340,340
332.4,317,317
332.47,339,339
332.47,323,318
332.47,335,336
332.47,326,322
332.47,331,333
332.47,332,326
332.47,324,328
332.53,334,330
332.53,322,325
332.53,338,335
332.53,318,320
332.53,340,338
332.53,317,317
332.54,338,339
332.59,317,315
332.59,338,337
332.59,316,315
332.59,331,334
332.59,316,314
332.59,324,328
332.6,321,316
332.65,322,324
332.65,324,320
332.65,315,318
332.65,327,323
332.65,311,312
332.66,329,325
332.67,307,308
332.72,327,327
332.72,306,306
332.72,330,329
332.72,306,306
332.72,329,330
332.72,311,309
332.73,324,327
332.79,314,311
332.79,321,325
332.79,321,317
332.79,319,321
332.79,325,322
332.79,315,318
332.8,327,326
332.86,310,313
332.86,332,330
332.86,309,311
332.86,334,332
332.86,310,309
332.86,333,332
332.86,309,308
332.92,328,331
332.92,315,312
332.92,326,327
332.92,317,314
332.92,321,326
332.92,324,319
332.93,316,319
332.98,328,325
332.98,314,316
332.98,331,328
332.98,312,314
332.98,334,332
332.99,312,313
332.99,336,334
333.06,311,310
333.06,335,335
333.06,314,312
333.06,330,332
333.06,320,316
333.06,324,328
333.06,320,317
333.12,320,324
333.12,327,322
333.12,315,318
333.12,328,326
333.12,311,313
333.12,329,328
333.13,307,309
333.19,330,329
333.19,306,306
333.19,331,330
333.19,309,307
333.19,329,330
333.19,311,309
333.19,325,326
333.25,315,312
333.25,321,322
333.25,323,318
333.25,316,318
333.25,324,321
333.25,312,315
333.26,329,325
333.31,308,311
333.31,332,328
333.31,308,310
333.31,333,331
333.31,310,309
333.31,333,334
333.32,314,310
333.37,331,332
333.37,319,316
333.37,331,333
333.37,328,323
333.37,326,331
333.38,333,329
333.39,324,329
333.45,337,334
333.45,324,326
333.45,342,340
333.45,323,324
333.45,345,343
333.45,320,322
333.45,347,344
333.51,322,321
333.51,345,345
333.51,324,323
333.51,338,342
333.51,328,325
333.51,336,338
333.52,334,331
333.58,330,333
333.58,339,335
333.58,329,331
333.58,340,339
333.58,326,328
333.58,344,343
333.58,323,324
333.64,347,344
333.64,322,321
333.64,344,344
333.64,323,321
333.64,343,343
333.64,327,323
333.65,337,340
333.71,330,327
333.71,333,336
333.71,336,331
333.71,329,332
333.71,341,337
333.71,327,328
333.72,342,341
333.78,324,325
333.78,344,342
333.78,323,322
333.78,347,344
333.78,323,322
333.78,342,344
333.78,324,323
333.84,341,344
333.84,328,325
333.84,336,339
333.84,335,329
333.84,334,335
333.84,335,334
333.85,329,331
333.9,341,339
333.9,325,327
333.9,346,343
333.9,325,325
333.9,345,344
333.9,323,323
333.91,343,346
333.96,326,324
333.96,345,347
333.96,329,327
333.96,341,343
333.96,332,329
333.97,336,340
333.98,339,335
334.04,333,336
334.04,342,338
334.04,328,332
334.04,345,342
334.04,325,327
334.04,347,344
334.04,321,323
334.11,348,346
334.11,325,324
334.11,346,346
334.11,325,324
334.11,342,343
334.11,330,325
334.11,336,338
334.17,332,327
334.17,330,334
334.17,334,330
334.17,325,327
334.17,339,335
334.17,321,324
334.17,338,336
334.23,317,319
334.23,339,337
334.23,315,317
334.23,338,338
334.23,318,315
334.23,335,336
334.24,319,316
334.29,330,334
334.29,323,319
334.29,329,330
334.29,328,323
334.29,322,326
334.3,330,327
334.3,321,324
334.37,336,332
334.37,318,320
334.37,339,335
334.37,314,317
334.37,338,337
334.37,317,315
334.37,339,339
334.43,319,316
334.43,334,335
334.43,320,317
334.43,331,333
334.43,325,321
334.43,327,329
334.44,330,324
334.49,321,323
334.49,333,329
334.49,316,320
334.49,335,332
334.49,316,318
334.5,335,335
334.5,315,315
334.56,337,336
334.56,314,313
334.56,337,337
334.56,319,314
334.56,332,334
334.56,320,317
334.57,328,331
334.62,327,322
334.62,322,325
334.62,328,325
334.62,319,322
334.62,335,331
334.62,316,319
334.63,337,333
334.7,314,316
334.7,338,337
334.7,314,313
334.7,337,337
334.7,316,313
334.7,333,336
334.7,318,315
334.76,330,333
334.76,325,320
334.76,327,329
334.76,327,324
334.76,323,325
334.76,330,327
334.76,318,322
334.82,335,333
334.82,316,319
334.82,340,338
334.82,318,320
334.82,343,342
334.82,319,320
334.83,340,341
334.88,323,320
334.88,340,344
334.88,326,325
334.88,335,339
334.88,332,328
334.89,331,335
334.89,339,335
334.95,332,335
334.95,347,344
334.95,328,331
334.95,347,344
334.95,324,326
334.95,347,345
334.96,323,324
335.02,347,347
335.02,324,323
335.02,343,345
335.02,325,323
335.02,341,343
335.02,329,326
335.03,335,337
335.09,334,329
335.09,329,332
335.09,336,333
335.09,325,327
335.09,340,338
335.09,320,322
335.09,340,339
335.15,319,321
335.15,344,342
335.15,316,317
335.15,339,340
335.15,321,318
335.15,338,339
335.16,320,318
335.21,330,332
335.21,322,319
335.21,325,328
335.21,327,325
335.21,320,323
335.21,333,328
335.22,316,320
335.28,335,333
335.28,313,317
335.28,337,336
335.28,316,316
335.28,340,338
335.28,317,315
335.29,335,337
335.34,316,315
335.34,333,335
335.34,320,317
335.34,329,330
335.34,326,323
335.35,324,328
335.35,333,328
335.42,324,327
335.42,338,335
335.42,322,323
335.42,343,340
335.42,321,322
335.42,344,343
335.42,320,319
335.48,343,344
335.48,322,320
335.48,340,342
335.48,324,322
335.48,338,339
335.48,325,324
335.48,334,336
335.54,332,329
335.54,325,330
335.54,339,334
335.54,322,326
335.54,342,337
335.54,321,323
335.55,342,342
335.6,321,321
335.6,344,341
335.6,320,319
335.6,342,342
335.6,319,318
335.61,338,340
335.62,325,323
335.67,333,336
335.67,329,326
335.67,328,332
335.67,335,331
335.67,325,328
335.67,337,334
335.68,323,324
335.74,341,338
335.75,321,321
335.75,341,338
335.75,318,317
335.75,343,341
335.75,319,317
335.75,339,339
335.81,319,318
335.81,333,335
335.81,323,320
335.81,329,332
335.81,329,326
335.81,325,328
335.81,334,330
335.87,321,323
335.87,338,335
335.87,318,320
335.87,337,336
335.87,319,319
335.87,340,340
335.88,318,318
335.93,341,340
335.93,321,318
335.93,336,340
335.93,323,321
335.93,334,336
335.94,330,325
335.94,330,333
335.99,333,329
335.99,326,328
335.99,335,332
336.0,322,323
336.0,339,337
336.0,317,319
336.01,341,339
336.07,316,318
336.07,342,340
336.07,319,319
336.07,341,343
336.07,322,321
336.07,338,342
336.07,328,323
336.14,335,337
336.14,330,329
336.14,332,334
336.14,334,332
336.14,325,329
336.14,341,337
336.14,321,324
336.2,343,340
336.2,320,321
336.2,346,342
336.2,320,320
336.2,344,344
336.2,321,321
336.21,341,343
336.26,324,323
336.26,337,339
336.26,331,326
336.26,331,334
336.26,333,329
336.26,327,330
336.27,338,334
336.32,325,326
336.32,337,334
336.32,317,321
336.32,342,338
336.32,319,318
336.33,342,338
336.34,317,317
336.4,339,338
336.4,317,316
336.4,333,335
336.4,320,317
336.4,329,333
336.4,325,322
336.4,324,328
336.46,330,326
336.46,321,324
336.46,335,331
336.46,319,321
336.46,336,335
336.46,316,318
336.47,339,337
336.53,315,315
336.53,338,338
336.53,317,315
336.53,336,337
336.53,319,317
336.53,332,333
336.53,321,318
336.59,327,331
336.59,327,325
336.59,322,326
336.59,331,328
336.59,321,324
336.59,335,333
336.6,316,318
336.65,338,335
336.65,315,316
336.65,336,337
336.65,316,316
336.65,338,339
336.66,315,315
336.66,335,337
336.73,323,318
336.73,331,332
336.73,326,320
336.73,324,327
336.73,328,324
336.73,321,323
336.73,330,328
336.79,317,317
336.79,336,332
336.79,313,314
336.79,335,334
336.79,310,312
336.79,336,335
336.8,312,312
336.85,337,336
336.85,318,315
336.85,332,334
336.85,321,317
336.85,325,328
336.85,325,322
336.86,322,327
336.91,329,326
336.92,320,323
336.92,334,332
336.92,318,321
336.92,338,336
336.92,317,317
336.93,341,339
336.94,317,316
336.95,337,338
336.96,320,317
337.01,334,337
337.01,321,318
337.01,333,336
337.01,324,321
337.01,331,333
337.01,329,326
337.02,320,326
337.07,334,331
337.07,319,322
337.07,337,333
337.07,319,319
337.07,339,337
337.08,316,317
337.09,340,340
337.15,319,317
337.15,342,341
337.15,323,320
337.15,337,339
337.15,325,321
337.15,332,336
337.15,332,327
337.21,329,333
337.21,336,331
337.21,325,328
337.21,340,337
337.21,322,324
337.21,341,341
337.22,325,326
337.27,350,349
337.27,326,328
337.27,352,352
337.27,329,330
337.27,352,353
337.27,336,332
337.28,348,349
337.34,341,336
337.34,346,347
337.34,342,339
337.34,339,342
337.34,347,343
337.34,333,335
337.35,348,345
337.4,326,329
337.4,347,347
337.4,325,326
337.4,346,346
337.4,326,326
337.41,345,346
337.41,325,322
337.48,342,343
337.48,327,325
337.48,338,341
337.48,332,329
337.48,333,336
337.48,335,332
337.48,327,330
337.54,340,337
337.54,325,327
337.54,342,341
337.54,321,323
337.54,343,341
337.54,320,321
337.54,343,344
337.6,320,320
337.6,341,342
337.6,323,321
337.6,336,340
337.6,327,325
337.6,333,335
337.61,330,327
337.66,329,333
337.66,337,333
337.66,325,327
337.66,339,335
337.66,323,323
337.67,342,339
337.68,319,320
337.73,342,341
337.73,318,318
337.73,340,341
337.73,320,318
337.73,339,340
337.73,324,321
337.74,335,337
337.8,327,324
337.8,330,333
337.8,331,328
337.8,326,329
337.8,338,333
337.8,322,325
337.81,340,339
337.87,323,324
337.87,345,341
337.87,321,321
337.87,343,343
337.87,321,320
337.87,345,345
337.87,325,322
337.93,341,343
337.93,328,324
337.93,332,338
337.93,333,328
337.93,331,333
337.93,335,332
337.94,328,329
337.99,340,337
337.99,324,325
337.99,343,339
337.99,322,322
337.99,343,341
338.0,319,320
338.0,344,343
338.07,322,320
338.07,341,342
338.07,325,321
338.07,337,338
338.07,328,326
338.07,332,335
338.07,332,329
338.13,330,331
338.13,335,333
338.13,326,327
338.13,340,337
338.13,318,322
338.13,344,340
338.13,322,321
338.19,341,341
338.19,322,320
338.19,343,342
338.19,323,319
338.19,335,339
338.19,324,322
338.2,334,335
338.25,327,325
338.25,330,332
338.25,335,330
338.26,324,328
338.26,339,335
338.26,323,324
338.27,341,337
338.32,319,321
338.32,342,340
338.32,320,320
338.32,342,342
338.32,320,319
338.32,340,342
338.33,325,322
338.39,339,341
338.4,329,324
338.4,333,336
338.4,333,329
338.4,331,333
338.4,338,335
338.4,327,329
338.46,340,339
338.46,323,326
338.46,343,342
338.46,322,324
338.46,346,345
338.46,321,321
338.46,344,343
338.52,322,320
338.52,341,343
338.52,327,322
338.52,336,339
338.52,328,325
338.52,328,332
338.53,335,330
338.58,324,328
338.58,337,333
338.58,322,325
338.58,340,336
338.58,318,321
338.58,340,338
338.59,319,318
338.65,341,340
338.65,317,317
338.65,339,339
338.65,322,319
338.65,338,338
338.65,322,321
338.66,335,337
338.71,330,326
338.71,328,332
338.71,332,330
338.71,326,328
338.71,339,335
338.72,322,324
338.72,340,338
338.79,320,320
338.79,342,340
338.79,317,317
338.79,340,340
338.79,320,318
338.79,341,340
338.79,324,321
338.85,338,342
338.85,331,328
338.85,335,338
338.85,334,331
338.85,331,333
338.85,342,336
338.86,328,329
338.91,342,340
338.91,324,326
338.91,344,343
338.91,323,322
338.91,343,342
338.91,321,322
338.92,344,344
338.97,322,321
338.97,339,340
338.97,327,323
338.97,335,338
338.97,333,328
338.98,331,334
338.99,337,333
339.05,327,331
339.05,341,337
339.05,325,326
339.05,343,339
339.05,322,324
339.05,343,343
339.05,322,322
339.11,346,347
339.11,326,323
339.11,345,345
339.11,327,325
339.11,343,344
339.11,333,329
339.12,337,341
339.18,335,332
339.18,331,335
339.18,338,335
339.18,326,329
339.18,341,339
339.18,324,325
339.18,346,343
339.24,321,323
339.24,347,344
339.24,322,322
339.24,345,346
339.24,322,322
339.24,340,343
339.25,328,324
339.3,336,339
339.3,331,327
339.3,334,337
339.3,336,331
339.3,328,333
339.31,340,336
339.31,323,327
339.36,343,338
339.36,322,322
339.36,343,341
339.36,318,319
339.36,343,342
339.37,318,319
339.38,342,342
339.44,322,320
339.44,337,340
339.44,326,323
339.44,334,337
339.44,332,328
339.44,330,333
339.45,338,334
339.51,328,330
339.51,341,338
339.51,324,327
339.51,344,342
339.51,324,325
339.51,348,346
339.51,324,324
339.57,347,347
339.57,326,324
339.57,345,346
339.57,331,326
339.57,342,344
339.57,332,329
339.58,336,340
339.63,339,335
339.63,334,337
339.63,342,339
339.63,326,331
339.63,348,345
339.63,327,330
339.64,349,347
339.69,325,325
339.69,349,348
339.69,325,325
339.69,348,350
339.69,330,327
339.7,346,348
339.71,336,331
339.77,342,345
339.77,340,336
339.77,339,342
339.77,342,339
339.77,335,338
339.77,346,344
339.77,331,332
339.83,350,347
339.83,330,330
339.83,351,349
339.83,328,329
339.83,349,349
339.83,328,326
339.84,347,348
339.9,329,326
339.9,342,344
339.9,333,329
339.9,334,339
339.9,337,332
339.9,334,336
339.9,340,337
339.96,329,332
339.96,344,341
339.96,324,326
339.96,346,342
339.96,323,322
339.96,342,343
339.97,322,320
340.02,341,342
340.02,323,320
340.02,338,340
340.02,325,321
340.02,336,337
340.03,328,323
340.04,330,332
340.1,333,327
340.1,324,328
340.1,337,332
340.1,321,322
340.1,338,335
340.1,318,319
340.1,339,336
340.16,316,316
340.16,339,339
340.16,317,316
340.16,340,340
340.16,323,320
340.16,337,338
340.17,326,322
340.22,331,335
340.22,330,327
340.22,328,330
340.22,333,329
340.22,323,325
340.22,338,334
340.23,322,323
340.29,340,338
340.29,319,320
340.29,342,341
340.29,319,318
340.29,342,341
340.29,319,317
340.3,340,341
340.35,325,320
340.35,334,337
340.35,329,325
340.35,330,335
340.35,332,329
340.35,327,330
340.36,339,334
340.43,325,327
340.43,338,336
340.43,323,324
340.43,341,339
340.43,320,321
340.43,343,343
340.43,320,320
340.49,342,343
340.49,323,321
340.49,339,341
340.49,327,325
340.49,336,339
340.49,332,327
340.49,329,333
340.55,334,331
340.55,327,329
340.55,337,336
340.55,322,325
340.55,342,340
340.55,321,322
340.56,343,340
340.61,319,319
340.61,342,343
340.61,320,318
340.61,341,343
340.61,322,321
340.62,336,339
340.62,326,324
340.68,333,335
340.68,332,327
340.68,328,329
340.68,333,328
340.68,322,323
340.68,333,332
340.69,316,319
340.75,336,334
340.75,313,314
340.75,334,334
340.75,310,310
340.75,331,332
340.75,309,306
340.76,328,329
340.82,310,307
340.82,319,321
340.82,314,309
340.82,313,316
340.82,315,311
340.82,304,308
340.82,316,312
340.88,300,303
340.88,316,314
340.88,295,297
340.88,317,315
340.88,292,293
340.88,315,315
340.89,292,292
340.94,311,313
340.94,293,292
340.94,309,310
340.94,299,295
340.94,306,307
340.94,300,296
340.95,299,301
341.0,305,301
341.0,297,298
341.0,311,306
341.0,293,295
341.0,312,310
341.01,293,293
341.02,315,314
341.08,293,291
341.08,315,315
341.08,295,292
341.08,315,316
341.08,297,296
341.08,311,315
341.08,305,301
341.14,311,313
341.14,310,307
341.14,306,309
341.14,316,313
341.14,304,305
341.14,320,316
341.15,302,303
341.21,323,321
341.21,298,301
341.21,326,324
341.21,303,302
341.21,325,325
341.21,308,305
341.21,324,326
341.27,312,308
341.27,321,324
341.27,317,314
341.27,319,322
341.27,324,320
341.27,313,318
341.28,330,326
341.33,311,314
341.33,331,328
341.33,311,312
341.33,333,331
341.33,312,311
341.34,333,332
341.35,312,309
341.41,331,332
341.41,315,312
341.41,327,330
341.41,317,315
341.41,325,328
341.41,323,320
341.41,321,325
341.47,330,326
341.47,319,322
341.47,336,332
341.47,319,320
341.47,337,336
341.47,316,318
341.48,340,340
341.53,319,317
341.53,340,340
341.53,318,317
341.53,339,341
341.53,323,320
341.53,336,337
341.54,331,327
341.6,333,334
341.6,336,331
341.6,328,332
341.6,339,336
341.6,324,326
341.6,342,340
341.61,322,323
341.67,345,343
341.67,323,324
341.67,347,346
341.67,325,324
341.67,347,349
341.67,328,324
341.67,344,346
341.73,333,329
341.73,338,344
341.73,339,335
341.73,336,340
341.73,346,340
341.73,333,335
341.74,347,344
341.8,328,330
341.8,346,345
341.8,326,326
341.8,347,346
341.8,324,324
341.8,346,346
341.8,326,325
341.86,346,346
341.86,329,325
341.86,339,342
341.86,332,328
341.86,336,339
341.86,337,334
341.87,332,336
341.92,342,338
341.92,330,331
341.92,347,342
341.92,326,326
341.92,348,346
341.93,323,325
341.94,347,347
342.0,324,324
342.0,344,346
342.0,328,327
342.0,343,345
342.0,328,325
342.0,337,340
342.0,333,330
342.06,333,335
342.06,335,333
342.06,330,332
342.06,340,337
342.06,325,327
342.06,344,341
342.07,322,323
342.12,343,341
342.12,322,321
342.12,344,343
342.12,322,320
342.12,341,341
342.12,324,321
342.13,337,339
342.19,327,322
342.19,333,335
342.19,330,326
342.19,325,330
342.19,335,332
342.19,322,325
342.2,336,333
342.25,319,320
342.25,341,338
342.25,316,318
342.25,339,338
342.25,317,316
342.25,337,339
342.26,319,315
342.33,336,337
342.33,322,319
342.33,331,333
342.33,324,320
342.33,327,329
342.33,328,325
342.33,325,326
342.39,333,330
342.39,318,321
342.39,335,332
342.39,318,317
342.39,338,337
342.39,316,316
342.39,337,338
342.45,313,313
342.45,337,337
342.45,319,315
342.45,333,335
342.45,318,316
342.45,327,329
342.46,324,321
342.51,324,327
342.51,330,326
342.51,321,324
342.51,334,332
342.51,317,318
342.52,336,335
342.53,314,318
342.58,338,339
342.58,316,316
342.58,339,340
342.58,321,320
342.58,340,341
342.58,322,320
342.59,337,338
342.65,329,324
342.65,331,334
342.65,334,328
342.65,327,329
342.65,336,332
342.65,323,325
342.66,341,336
342.71,320,323
342.71,341,339
342.71,317,317
342.72,343,341
342.72,319,317
342.72,340,340
342.72,322,319
342.78,337,339
342.78,322,319
342.78,330,333
342.78,326,322
342.78,327,329
342.78,330,326
342.79,320,323
342.84,332,330
342.84,318,322
342.84,339,335
342.84,316,319
342.84,340,337
342.84,317,317
342.85,341,339
342.92,319,316
342.92,339,340
342.92,321,319
342.92,336,340
342.92,325,322
342.92,333,335
342.92,331,326
342.98,328,329
342.98,332,330
342.98,320,324
342.98,338,335
342.98,322,322
342.98,340,337
342.98,319,320
343.04,342,341
343.04,316,317
343.04,339,340
343.04,319,318
343.04,339,340
343.04,324,321
343.05,336,337
343.1,328,325
343.1,332,336
343.1,332,330
343.1,329,332
343.1,341,336
343.11,325,327
343.12,343,340
343.17,322,325
343.17,343,342
343.17,323,324
343.17,343,345
343.17,324,323
343.17,345,344
343.18,325,322
343.25,340,342
343.25,328,324
343.25,335,339
343.25,333,327
343.25,330,333
343.25,336,331
343.25,327,329
343.31,339,337
343.31,324,324
343.31,340,338
343.31,319,319
343.31,339,338
343.31,319,317
343.31,339,341
343.37,320,318
343.37,337,340
343.37,323,320
343.37,334,336
343.37,326,322
343.37,330,333
343.38,330,327
343.43,325,329
343.43,335,331
343.43,325,326
343.43,339,336
343.43,321,323
343.43,343,339
343.44,319,318
343.5,345,342
343.5,319,318
343.5,342,342
343.5,321,318
343.5,336,339
343.5,324,321
343.51,333,335
343.57,328,324
343.57,328,332
343.57,331,327
343.57,323,327
343.57,334,332
343.57,323,325
343.57,339,337
343.63,320,322
343.63,342,341
343.63,320,321
343.63,344,343
343.63,324,323
343.63,345,345
343.64,325,323
343.7,341,343
343.7,331,326
343.7,338,340
343.7,336,333
343.7,333,336
343.7,341,336
343.7,329,332
343.76,345,342
343.76,328,329
343.76,345,344
343.76,326,326
343.76,349,346
343.76,324,326
343.77,348,348
343.82,326,324
343.82,344,347
343.82,331,329
343.82,342,345
343.82,336,331
343.83,342,344
343.84,342,337
343.9,338,340
343.9,346,342
343.9,330,334
343.9,349,346
343.9,331,331
343.9,352,350
343.9,329,328
343.96,353,351
343.96,330,328
343.96,351,350
343.96,333,330
343.96,347,349
343.96,336,332
343.97,343,345
344.02,341,336
344.02,340,343
344.02,344,341
344.02,337,339
344.02,348,345
344.02,332,336
344.03,351,349
344.08,328,330
344.08,353,350
344.08,329,330
344.08,352,352
344.08,333,331
344.09,352,353
344.1,335,332
344.15,347,351
344.15,341,336
344.15,344,345
344.15,341,338
344.15,339,342
344.16,348,343
344.16,333,335
344.23,351,347
344.23,332,333
344.23,352,349
344.23,329,329
344.23,350,350
344.23,327,328
344.23,349,348
344.29,327,327
344.29,347,347
344.29,331,327
344.29,338,342
344.29,336,330
344.29,334,339
344.29,341,336
344.35,332,334
344.35,341,338
344.35,328,330
344.35,345,341
344.35,325,327
344.35,345,342
344.36,320,322
344.41,347,345
344.41,323,322
344.41,341,343
344.41,324,322
344.41,339,341
344.42,328,325
344.43,333,336
344.44,331,326
344.45,329,331
344.45,335,330
344.51,320,324
344.51,336,333
344.51,320,321
344.51,340,336
344.51,318,319
344.51,338,338
344.52,319,319
344.58,341,342
344.58,318,319
344.58,338,340
344.58,325,321
344.58,337,338
344.58,330,325
344.59,333,337
344.65,333,329
344.65,329,332
344.65,336,334
344.65,327,328
344.65,341,338
344.65,322,324
344.65,344,340
344.71,319,321
344.71,343,343
344.71,321,320
344.71,346,345
344.71,326,322
344.71,341,342
344.72,326,325
344.77,336,339
344.77,333,329
344.77,335,337
344.77,340,334
344.77,331,332
344.77,340,338
344.78,327,328
344.83,345,343
344.84,324,327
344.84,347,346
344.84,323,324
344.84,350,348
344.84,325,325
344.85,347,347
344.91,328,326
344.91,343,345
344.91,332,328
344.91,337,340
344.91,338,334
344.91,334,335
344.91,340,335
344.98,328,332
344.98,344,339
344.98,326,327
344.98,347,344
344.98,325,325
344.98,346,347
344.98,325,324
345.04,348,348
345.04,329,326
345.04,345,346
345.04,330,329
345.04,343,345
345.04,338,332
345.04,337,338
345.1,336,334
345.1,329,333
345.1,341,336
345.1,327,329
345.1,346,341
345.1,323,325
345.11,345,343
345.16,320,323
345.16,346,344
345.16,321,319
345.16,340,340
345.16,320,318
345.17,332,335
345.18,320,317
345.24,327,330
345.24,323,320
345.24,320,324
345.24,326,321
345.24,313,319
345.24,327,323
345.24,312,313
345.3,329,327
345.3,306,309
345.3,330,328
345.3,305,304
345.3,328,328
345.3,308,305
345.31,326,327
345.36,308,307
345.36,322,325
345.36,313,309
345.36,317,320
345.36,317,312
345.36,314,315
345.37,321,317
345.43,309,311
345.43,328,324
345.43,307,309
345.43,329,326
345.43,307,307
345.43,330,328
345.44,307,307
345.49,330,329
345.49,308,308
345.49,327,328
345.49,312,312
345.49,327,329
345.49,324,319
345.5,325,329
345.57,328,326
345.57,324,326
345.57,332,330
345.57,318,321
345.57,336,333
345.57,313,316
345.57,336,333
345.63,312,314
345.63,338,336
345.63,315,313
345.63,332,334
345.63,318,314
345.63,332,333
345.63,317,316
345.69,328,330
345.69,327,322
345.69,326,327
345.69,331,327
345.69,319,321
345.69,335,330
345.7,316,319
345.75,337,334
345.75,316,317
345.75,338,336
345.75,313,315
345.75,337,338
345.76,318,315
345.77,336,337
345.82,318,316
345.82,331,334
345.82,322,320
345.82,328,330
345.82,327,326
345.82,323,326
345.83,332,329
345.9,322,323
345.9,339,335
345.9,319,321
345.9,342,338
345.9,319,319
345.9,341,340
345.9,319,318
345.96,338,340
345.96,318,318
345.96,335,338
345.96,325,322
345.96,330,334
345.96,327,325
345.96,328,331
346.02,332,328
346.02,324,326
346.02,338,333
346.02,319,323
346.02,341,338
346.02,321,321
346.03,343,340
346.08,320,319
346.08,340,341
346.08,320,318
346.08,338,341
346.08,322,319
346.08,333,338
346.09,328,324
346.15,330,334
346.15,330,327
346.15,326,331
346.15,334,332
346.15,324,326
346.15,339,335
346.16,322,323
346.21,340,339
346.21,320,320
346.21,342,343
346.21,321,320
346.21,344,344
346.22,323,322
346.22,341,342
346.29,327,323
346.29,336,339
346.29,331,327
346.29,334,336
346.29,333,331
346.29,327,329
346.29,339,335
346.35,323,325
346.35,342,338
346.35,322,322
346.35,342,341
346.35,321,321
346.35,340,341
346.35,320,320
346.41,343,344
346.41,321,320
346.41,338,340
346.41,327,324
346.41,333,335
346.41,329,326
346.42,328,331
346.47,336,330
346.47,324,328
346.47,337,334
346.47,321,324
346.47,338,337
346.48,320,320
346.49,342,340
346.54,319,319
346.54,343,342
346.54,320,319
346.54,339,342
346.54,325,322
346.54,338,339
346.55,330,324
346.62,334,336
346.62,335,330
346.62,330,334
346.62,339,335
346.62,328,329
346.62,343,340
346.62,325,325
346.68,346,343
346.68,320,323
346.68,347,346
346.68,325,324
346.68,345,346
346.68,326,325
346.68,341,344
346.74,330,327
346.74,337,341
346.74,336,331
346.74,337,338
346.74,339,335
346.74,334,334
346.75,344,340
346.8,326,331
346.8,346,343
346.8,327,329
346.8,350,348
346.8,326,327
346.81,352,350
346.81,329,328
346.87,348,352
346.87,333,330
346.87,347,349
346.87,339,334
346.87,344,346
346.87,344,339
346.88,338,341
346.93,345,342
346.93,336,337
346.93,348,345
346.93,329,331
346.93,349,348
346.94,328,330
346.94,349,348
347.01,326,324
347.01,348,350
347.01,327,326
347.01,346,346
347.01,327,326
347.01,342,343
347.01,334,329
347.07,336,339
347.07,340,334
347.07,331,334
347.07,340,338
347.07,330,330
347.07,345,342
347.08,326,329
347.13,347,343
347.13,322,322
347.13,344,343
347.13,320,319
347.13,341,340
347.13,320,318
347.14,332,336
347.2,322,320
347.2,331,333
347.2,327,324
347.2,326,329
347.2,330,326
347.2,319,321
347.21,329,327
347.26,316,318
347.26,335,331
347.26,313,313
347.26,334,332
347.26,312,311
347.26,336,334
347.27,314,312
347.34,331,332
347.34,314,311
347.34,324,328
347.34,318,315
347.34,320,323
347.34,320,317
347.34,318,320
347.4,325,321
347.4,315,317
347.4,328,325
347.4,309,312
347.4,332,329
347.4,310,310
347.4,332,331
347.46,309,310
347.46,333,334
347.46,314,310
347.46,330,332
347.46,315,313
347.46,328,330
347.47,323,318
347.53,323,326
347.53,328,324
347.53,317,321
347.53,327,326
347.53,314,319
347.53,335,331
347.53,314,315
347.59,336,335
347.59,314,314
347.59,338,336
347.59,316,314
347.59,335,336
347.59,317,316
347.6,330,335
347.67,324,320
347.67,329,331
347.67,328,323
347.67,326,328
347.67,333,328
347.67,323,324
347.67,334,334
347.73,321,323
347.73,338,337
347.73,317,319
347.73,343,340
347.73,317,318
347.73,341,342
347.73,323,318
347.79,338,341
347.79,324,320
347.79,334,336
347.79,328,324
347.79,328,333
347.79,331,327
347.8,326,328
347.85,336,331
347.85,322,323
347.85,337,335
347.85,320,321
347.85,341,339
347.85,317,318
347.86,341,339
347.92,316,316
347.92,339,339
347.92,322,318
347.92,338,339
347.92,326,322
347.92,333,338
347.93,334,329
347.98,330,334
347.98,335,331
347.98,326,329
347.98,339,336
347.98,323,325
347.99,344,341
347.99,322,322
348.06,345,342
348.06,322,322
348.06,346,344
348.06,325,322
348.06,343,343
348.06,326,322
348.06,339,340
348.12,327,325
348.12,332,336
348.12,333,330
348.12,331,332
348.12,338,333
348.12,325,327
348.12,340,337
348.18,322,323
348.18,340,340
348.18,320,322
348.18,345,343
348.18,324,322
348.18,344,346
348.19,329,325
348.24,344,345
348.24,329,326
348.24,338,343
348.24,333,332
348.24,334,338
348.25,341,338
348.26,332,336
348.31,345,340
348.31,329,331
348.31,348,345
348.31,329,329
348.31,350,349
348.31,327,326
348.32,349,349
348.39,327,329
348.39,349,348
348.39,330,326
348.39,345,346
348.39,333,330
348.39,337,342
348.39,338,334
348.45,336,338
348.45,343,339
348.45,332,334
348.45,346,342
348.45,328,331
348.45,348,347
348.45,328,330
348.51,351,349
348.51,330,328
348.51,352,351
348.51,330,328
348.51,349,351
348.51,334,331
348.52,344,348
348.57,339,335
348.57,340,343
348.57,344,339
348.57,335,338
348.57,345,343
348.57,332,334
348.58,350,346
348.64,330,331
348.64,350,349
348.64,330,328
348.64,352,351
348.64,331,329
348.64,349,351
348.65,331,329
348.7,347,349
348.7,337,332
348.7,343,345
348.7,336,333
348.7,333,338
348.71,343,338
348.71,334,335
348.78,343,341
348.78,328,329
348.78,346,344
348.78,325,326
348.78,349,346
348.78,324,324
348.78,349,348
348.84,324,324
348.84,344,347
348.84,330,326
348.84,338,343
348.84,334,328
348.84,335,337
348.85,335,331
348.9,326,332
348.9,335,331
348.9,324,327
348.9,340,336
348.9,320,321
348.9,341,339
348.91,319,319
348.96,341,341
348.96,317,318
348.96,341,340
348.96,319,316
348.96,335,337
348.97,320,318
348.98,331,333
349.03,327,322
349.03,325,329
349.03,328,326
349.03,321,324
349.03,330,329
349.03,319,320
349.04,334,331
349.11,312,316
349.11,337,334
349.11,311,313
349.11,335,336
349.11,312,312
349.11,333,334
349.11,316,313
349.17,329,331
349.17,318,313
349.17,321,325
349.17,323,318
349.17,317,321
349.17,325,321
349.17,314,316
349.23,327,324
349.23,309,312
349.23,331,328
349.23,306,309
349.23,333,330
349.23,307,307
349.24,332,331
349.3,313,310
349.3,330,332
349.3,314,313
349.3,327,328
349.3,321,316
349.3,321,324
349.3,325,321
349.36,319,322
349.36,331,327
349.36,317,318
349.36,334,330
349.36,316,317
349.36,336,334
349.37,315,314
349.42,336,336
349.42,315,313
349.42,337,336
349.42,318,316
349.42,332,335
349.43,322,319
349.44,331,333
349.5,327,322
349.5,325,328
349.5,330,327
349.5,322,324
349.5,334,331
349.5,317,319
349.5,337,333
349.56,318,317
349.56,337,337
349.56,315,314
349.56,338,336
349.56,317,314
349.56,334,337
349.57,316,315
349.62,330,334
349.62,322,318
349.62,326,329
349.62,329,323
349.62,323,325
349.62,332,329
349.63,318,322
349.69,335,331
349.69,314,316
349.69,338,334
349.69,313,314
349.69,337,335
349.69,314,313
349.7,335,335
349.75,315,312
349.75,331,333
349.75,319,315
349.75,327,330
349.75,323,318
349.75,322,325
349.76,322,320
349.83,316,320
349.83,328,324
349.83,313,315
349.83,329,327
349.83,311,312
349.83,334,332
349.83,308,309
349.89,333,333
349.89,312,310
349.89,330,332
349.89,314,311
349.89,329,330
349.89,318,315
349.89,325,327
349.95,322,319
349.95,321,323
349.95,327,324
349.95,318,320
349.95,332,330
349.95,315,318
349.96,335,333
350.01,314,315
350.01,338,335
350.01,312,312
350.01,336,335
350.01,313,313
350.02,333,335
350.02,318,314
350.08,328,330
350.08,318,316
350.08,324,327
350.08,322,320
350.08,318,319
350.08,328,323
350.09,313,316
350.15,330,326
350.15,310,311
350.15,330,329
350.15,310,309
350.15,330,331
350.15,308,307
350.16,331,330
350.22,311,308
350.22,327,328
350.22,314,313
350.22,323,326
350.22,318,316
350.22,317,321
350.22,324,322
350.28,317,318
350.28,329,326
350.28,314,315
350.28,334,330
350.28,314,313
350.28,336,332
350.29,312,311
350.34,332,333
350.34,313,310
350.34,330,331
350.34,314,312
350.34,326,328
350.34,315,312
350.35,319,322
350.42,321,318
350.42,316,318
350.42,324,321
350.42,311,313
350.42,328,325
350.42,308,310
350.42,330,327
350.48,307,307
350.48,326,327
350.48,304,306
350.48,326,328
350.48,309,307
350.48,326,327
350.48,314,310
350.54,322,325
350.54,319,315
350.54,320,323
350.54,323,320
350.54,315,318
350.54,329,325
350.55,313,316
350.6,332,329
350.6,312,312
350.6,335,332
350.6,310,312
350.6,334,334
350.61,314,312
350.61,332,333
350.67,317,314
350.67,328,333
350.67,320,318
350.67,329,332
350.67,329,325
350.67,324,328
350.68,332,331
350.74,323,325
350.74,338,333
350.74,322,323
350.74,341,339
350.74,319,321
350.74,345,343
350.75,321,320
350.81,341,343
350.81,322,321
350.81,340,343
350.81,327,325
350.81,340,341
350.81,332,329
350.81,334,338
350.87,336,334
350.87,329,333
350.87,342,339
350.87,327,331
350.87,344,343
350.87,329,329
350.88,349,346
350.93,326,327
350.93,349,348
350.93,326,326
350.93,350,349
350.93,331,328
350.93,343,346
350.94,334,330
351.0,339,343
351.0,337,333
351.0,332,336
351.0,343,337
351.0,329,332
351.0,343,339
351.01,328,330
351.06,348,343
351.06,324,325
351.06,347,345
351.06,323,323
351.06,346,346
351.07,324,324
351.07,345,346
351.14,331,327
351.14,342,344
351.14,333,331
351.14,338,340
351.14,338,333
351.14,333,335
351.14,343,338
351.2,328,331
351.2,345,342
351.2,324,327
351.2,344,344
351.2,323,324
351.2,348,346
351.2,323,322
351.26,345,344
351.26,325,323
351.26,341,342
351.26,331,326
351.26,338,340
351.26,336,330
351.27,332,336
351.32,340,335
351.32,327,332
351.32,342,337
351.32,326,327
351.32,346,342
351.33,325,325
351.34,346,345
351.4,323,323
351.4,346,346
351.4,323,322
351.4,343,344
351.4,326,324
351.4,340,343
351.4,331,327
351.46,336,338
351.46,335,331
351.46,332,336
351.46,340,337
351.46,329,331
351.46,346,342
351.47,327,329
351.52,347,345
351.52,325,325
351.52,349,347
351.52,325,325
351.52,345,347
351.52,327,325
351.53,343,345
351.59,328,327
351.59,338,341
351.59,330,328
351.59,334,337
351.59,336,333
351.59,329,332
351.6,340,337
351.65,325,327
351.65,341,338
351.65,323,325
351.65,343,343
351.65,323,321
351.65,343,344
351.66,323,321
351.73,342,343
351.73,326,324
351.73,342,344
351.73,332,327
351.73,336,340
351.73,337,332
351.73,333,337
351.79,340,337
351.79,331,333
351.79,345,341
351.79,330,331
351.79,349,348
351.79,329,330
351.79,353,352
351.85,331,331
351.85,352,354
351.85,330,330
351.85,352,354
351.85,337,335
351.85,347,351
351.86,343,338
351.87,342,347
351.88,346,343
351.89,343,344
351.95,351,348
351.95,339,340
351.95,355,351
351.95,336,337
351.95,355,354
351.95,335,335
351.95,359,358
352.01,337,334
352.01,356,357
352.01,339,336
352.01,355,356
352.01,342,337
352.01,346,351
352.02,347,341
352.07,344,346
352.07,349,344
352.07,340,341
352.07,352,349
352.07,336,339
352.08,357,353
352.09,334,335
352.15,357,355
352.15,333,332
352.15,355,356
352.15,335,333
352.15,352,354
352.15,336,334
352.15,350,351
352.21,343,339
352.21,344,348
352.21,346,341
352.21,339,342
352.21,347,344
352.21,334,337
352.22,352,348
352.27,335,335
352.27,353,352
352.27,331,331
352.27,354,352
352.28,329,328
352.28,352,350
352.28,330,328
352.34,344,347
352.34,335,330
352.34,344,345
352.34,336,332
352.34,338,340
352.34,340,335
352.35,333,335
352.4,346,341
352.4,329,330
352.4,343,342
352.4,323,324
352.4,345,343
352.4,321,321
352.41,342,343
352.46,320,319
352.46,339,341
352.46,322,319
352.46,335,337
352.46,325,322
352.47,330,333
352.48,327,324
352.54,321,326
352.54,331,328
352.54,319,320
352.54,331,328
352.54,312,317
352.54,335,331
352.54,309,311
352.6,333,332
352.6,308,308
352.6,329,332
352.6,311,310
352.6,329,331
352.6,314,312
352.61,326,329
352.66,317,315
352.66,321,325
352.66,322,319
352.66,317,320
352.66,326,324
352.67,312,316
352.67,330,328
352.73,311,312
352.73,333,332
352.73,311,311
352.73,335,333
352.73,313,310
352.73,332,334
352.74,317,313
352.79,328,331
352.79,319,315
352.79,325,329
352.79,324,321
352.79,323,325
352.8,329,325
352.81,322,323
352.87,336,332
352.87,317,320
352.87,339,336
352.87,315,318
352.87,337,337
352.87,316,317
352.87,340,340
352.93,318,317
352.93,338,337
352.93,321,317
352.93,332,335
352.93,324,321
352.93,326,332
352.94,329,325
352.99,325,326
352.99,330,327
352.99,320,323
352.99,338,334
352.99,318,320
352.99,339,336
353.0,316,317
353.06,340,338
353.06,315,314
353.06,337,337
353.06,317,315
353.06,334,336
353.06,323,319
353.07,331,333
353.12,326,320
353.12,325,328
353.12,326,325
353.12,321,322
353.12,331,328
353.13,314,317
353.13,334,330
353.2,312,311
353.2,332,331
353.2,309,307
353.2,329,329
353.2,308,307
353.2,327,327
353.2,308,307
353.26,323,325
353.26,314,309
353.26,319,321
353.26,317,312
353.26,312,315
353.26,319,316
353.26,308,311
353.32,324,320
353.32,307,307
353.32,327,324
353.32,303,304
353.32,327,326
353.32,303,304
353.33,326,326
353.38,306,304
353.38,324,325
353.38,310,306
353.38,318,322
353.39,312,310
353.39,317,318
353.4,320,315
353.45,312,315
353.45,322,319
353.45,308,311
353.45,330,325
353.45,309,309
353.45,326,326
353.46,305,306
353.52,329,328
353.52,307,306
353.52,328,329
353.52,309,307
353.52,323,326
353.52,315,311
353.53,320,323
353.59,317,313
353.59,317,320
353.59,324,321
353.59,315,317
353.59,329,326
353.59,312,315
353.59,333,331
353.65,314,313
353.65,338,335
353.65,314,313
353.65,337,336
353.65,316,314
353.65,334,333
353.66,319,315
353.71,327,331
353.71,322,317
353.71,324,327
353.71,326,321
353.71,320,322
353.72,325,323
353.72,313,316
353.79,327,326
353.79,309,310
353.79,329,327
353.79,307,308
353.79,328,329
353.79,307,305
353.79,329,330
353.85,310,308
353.85,326,327
353.85,316,311
353.85,323,326
353.85,322,317
353.85,319,322
353.85,326,320
353.91,315,318
353.91,327,325
353.91,314,316
353.91,328,328
353.91,309,311
353.91,332,332
353.92,308,309
353.98,333,333
353.98,312,310
353.98,330,332
353.98,312,311
353.98,327,329
353.98,318,314
353.99,322,326
354.04,323,319
354.04,320,323
354.04,330,325
354.04,318,320
354.04,335,331
354.04,314,317
354.05,336,335
354.1,315,316
354.1,337,336
354.1,315,315
354.1,338,339
354.1,318,318
354.11,338,338
354.12,323,319
354.18,330,334
354.18,328,323
354.18,328,330
354.18,329,326
354.18,324,326
354.18,336,332
354.18,322,325
354.24,338,337
354.24,322,322
354.24,344,340
354.24,318,319
354.24,342,344
354.24,321,320
354.25,342,344
354.3,325,322
354.3,340,341
354.3,329,324
354.3,335,338
354.3,333,331
354.3,333,335
354.31,337,334
354.37,329,331
354.37,343,338
354.37,324,327
354.37,347,343
354.37,322,325
354.37,350,347
354.38,325,325
354.44,350,349
354.44,328,327
354.44,348,351
354.44,336,333
354.44,348,349
354.44,338,337
354.44,345,347
354.5,346,343
354.5,337,341
354.51,351,347
354.51,336,339
354.51,356,351
354.51,332,335
354.51,357,354
354.57,331,332
354.57,356,356
354.57,333,332
354.57,355,356
354.57,334,332
354.57,348,353
354.58,339,336
354.63,348,350
354.63,345,343
354.63,342,346
354.63,349,345
354.63,341,342
354.63,354,350
354.64,338,338
354.69,356,353
354.69,334,335
354.69,358,355
354.69,333,334
354.69,355,355
354.7,336,333
354.71,355,357
354.77,337,335
354.77,349,352
354.77,342,339
354.77,344,350
354.77,346,343
354.77,341,344
354.77,352,347
354.83,335,339
354.83,352,350
354.83,334,335
354.83,355,352
354.83,330,332
354.83,356,354
354.84,332,331
354.9,351,353
354.9,334,331
354.9,350,352
354.9,337,333
354.9,347,349
354.9,341,338
354.9,343,347
354.96,345,342
354.96,339,341
354.96,351,347
354.96,335,337
354.96,350,348
354.96,329,330
354.97,351,349
355.02,326,327
355.02,349,350
355.02,326,325
355.02,346,348
355.02,331,327
355.03,344,346
355.03,332,330
355.1,339,342
355.1,336,331
355.1,334,335
355.1,339,335
355.1,327,329
355.1,343,339
355.1,323,325
355.16,345,341
355.16,319,320
355.16,342,342
355.16,318,320
355.16,341,341
355.16,320,318
355.17,337,341
355.22,323,321
355.22,334,336
355.22,328,323
355.22,329,332
355.22,332,327
355.22,326,327
355.23,334,332
355.28,320,322
355.28,338,333
355.28,316,318
355.28,339,336
355.28,316,316
355.29,339,337
355.3,315,314
355.35,338,337
355.35,317,315
355.35,331,334
355.35,322,318
355.35,328,330
355.35,325,320
355.36,323,326
355.42,330,325
355.42,317,321
355.42,335,330
355.42,316,319
355.42,334,333
355.42,313,315
355.43,337,336
355.49,312,312
355.49,334,334
355.49,314,313
355.49,332,333
355.49,318,315
355.49,329,332
355.49,323,320
355.55,325,328
355.55,327,323
355.55,323,326
355.55,332,328
355.55,318,321
355.55,334,331
355.56,317,318
355.61,337,333
355.61,312,316
355.61,339,337
355.61,315,316
355.61,338,339
355.62,321,318
355.62,334,338
355.69,323,321
355.69,335,337
355.69,329,325
355.69,331,335
355.69,335,333
355.69,328,330
355.69,341,337
355.75,325,327
355.75,344,342
355.75,322,324
355.75,347,345
355.75,322,323
355.75,345,345
355.75,325,322
355.81,344,345
355.81,327,323
355.81,341,342
355.81,333,328
355.81,334,338
355.81,332,331
355.82,330,333
355.88,338,334
355.88,324,327
355.88,338,336
355.88,323,324
355.88,342,340
355.88,321,322
355.89,346,344
355.94,321,320
355.94,346,344
355.94,325,323
355.94,343,344
355.94,330,327
355.94,341,343
355.95,334,330
356.0,336,339
356.0,338,333
356.0,333,334
356.0,341,338
356.0,326,328
356.01,343,340
356.02,320,323
356.08,343,340
356.08,320,320
356.08,341,342
356.08,321,319
356.08,340,342
356.08,323,319
356.08,336,339
356.14,329,324
356.14,333,335
356.14,331,327
356.14,328,331
356.15,337,332
356.15,326,327
356.15,339,336
356.21,320,322
356.21,341,339
356.21,320,322
356.21,344,342
356.21,320,319
356.21,344,344
356.21,322,320
356.27,340,342
356.27,327,323
356.27,337,339
356.27,331,326
356.27,332,335
356.27,332,329
356.28,325,329
356.33,336,331
356.33,324,327
356.33,339,337
356.33,320,322
356.33,343,340
356.34,319,319
356.34,341,341
356.4,316,316
356.4,338,341
356.4,322,320
356.4,337,339
356.4,324,321
356.4,332,336
356.41,331,325
356.47,327,330
356.47,333,329
356.47,324,327
356.47,338,334
356.47,322,322
356.47,337,335
356.48,318,319
356.54,341,339
356.54,316,317
356.54,339,339
356.54,319,316
356.54,336,338
356.54,321,318
356.54,335,335
356.6,326,321
356.6,331,332
356.6,332,326
356.6,327,329
356.6,333,331
356.6,321,324
356.61,340,335
356.66,323,323
356.66,342,340
356.66,321,320
356.66,343,342
356.66,320,319
356.66,342,343
356.67,321,320
356.72,340,341
356.72,325,322
356.72,332,338
356.72,332,329
356.72,334,337
356.73,338,334
356.74,329,331
356.8,343,339
356.8,327,328
356.8,342,340
356.8,324,326
356.8,344,343
356.8,322,321
356.8,346,345
356.86,321,321
356.86,341,344
356.86,325,323
356.86,339,340
356.86,330,327
356.86,335,338
356.87,334,331
356.93,331,333
356.93,339,335
356.93,327,329
356.93,343,340
356.93,326,326
356.93,344,342
356.93,320,323
356.99,344,344
356.99,320,320
356.99,342,344
356.99,324,322
356.99,341,342
356.99,328,325
357.0,338,341
357.05,331,327
357.05,333,336
357.05,339,333
357.05,332,334
357.05,338,337
357.06,325,328
357.07,344,340
357.13,325,325
357.13,345,344
357.13,325,324
357.13,347,346
357.13,324,324
357.13,345,345
357.13,327,325
357.19,342,343
357.19,327,326
357.19,335,339
357.19,333,330
357.19,332,335
357.19,337,334
357.2,328,330
357.25,340,337
357.25,325,325
357.25,343,341
357.25,318,321
357.25,346,343
357.25,317,319
357.26,343,343
357.32,323,320
357.32,341,342
357.32,326,323
357.32,337,340
357.32,329,326
357.32,334,336
357.33,334,331
357.38,329,331
357.38,339,334
357.38,326,327
357.38,340,338
357.38,321,324
357.38,342,340
357.39,319,320
357.46,343,343
357.46,320,320
357.46,342,343
357.46,322,322
357.46,341,341
357.46,327,324
357.46,334,338
357.52,330,329
357.52,333,335
357.52,336,333
357.52,327,331
357.52,342,337
357.52,324,326
357.52,344,341
357.58,324,325
357.58,343,342
357.58,320,321
357.58,346,345
357.58,323,321
357.58,342,344
357.59,325,323
357.64,340,343
357.64,329,326
357.64,335,338
357.64,335,331
357.64,331,334
357.65,338,335
357.66,327,331
357.71,339,338
357.71,324,324
357.71,343,340
357.71,323,323
357.71,343,342
357.71,323,321
357.72,346,344
357.78,322,320
357.78,340,342
357.78,324,323
357.78,336,338
357.78,330,327
357.78,331,334
357.79,333,329
357.85,327,330
357.85,338,335
357.85,323,325
357.85,341,337
357.85,321,322
357.85,340,340
357.85,319,319
357.91,341,341
357.91,319,318
357.91,341,341
357.91,320,319
357.91,337,339
357.91,329,324
357.92,335,337
357.97,333,328
357.97,330,333
357.97,338,334
357.97,326,330
357.97,342,339
357.97,321,325
357.98,344,341
358.03,325,324
358.03,345,343
358.03,322,322
358.03,346,345
358.03,324,322
358.04,342,344
358.05,327,322
358.11,336,339
358.11,329,325
358.11,331,333
358.11,332,328
358.11,329,330
358.11,336,334
358.11,325,326
358.17,340,336
358.17,321,324
358.17,344,342
358.17,321,322
358.17,345,344
358.17,322,320
358.18,344,345
358.24,324,322
358.24,338,341
358.24,327,323
358.24,334,336
358.24,329,326
358.24,327,331
358.25,332,329
358.3,322,324
358.3,337,334
358.3,322,322
358.3,338,335
358.3,317,320
358.3,340,338
358.31,318,318
358.36,341,340
358.36,316,315
358.36,337,337
358.36,323,318
358.36,332,334
358.37,322,320
358.38,326,331
358.44,328,323
358.44,323,326
358.44,332,328
358.44,319,322
358.44,335,333
358.44,320,321
358.44,339,337
358.5,316,317
358.5,339,339
358.5,316,316
358.5,338,340
358.5,319,316
358.5,335,337
358.51,323,318
358.56,329,332
358.56,325,322
358.56,324,328
358.56,327,325
358.56,319,323
358.56,333,330
358.57,317,319
358.63,336,334
358.63,316,318
358.63,340,338
358.63,316,319
358.63,344,343
358.63,320,320
358.64,342,342
358.69,324,323
358.69,340,342
358.69,330,327
358.69,336,340
358.69,336,332
358.7,335,337
358.7,343,338
358.77,328,332
358.77,346,342
358.77,329,331
358.77,349,347
358.77,328,329
358.77,352,351
358.77,331,330
358.83,353,353
358.83,330,330
358.83,351,351
358.83,336,332
358.83,346,349
358.83,340,337
358.84,341,345
358.89,347,342
358.89,339,340
358.89,351,346
358.89,337,338
358.89,350,349
358.89,332,335
358.9,353,350
358.96,328,329
358.96,354,352
358.96,329,329
358.96,351,352
358.96,332,330
358.96,349,350
358.97,335,332
359.02,342,345
359.02,339,336
359.02,338,342
359.02,345,341
359.02,335,337
359.02,349,346
359.03,332,333
359.1,353,350
359.1,329,332
359.1,351,353
359.1,333,331
359.1,353,352
359.1,330,329
359.1,351,351
359.16,335,331
359.16,343,348
359.16,337,335
359.16,341,346
359.16,343,338
359.16,335,339
359.16,344,341
359.22,331,335
359.22,350,346
359.22,331,333
359.22,350,349
359.22,330,330
359.22,353,351
359.23,327,328
359.28,350,352
359.28,330,330
359.28,345,348
359.28,335,330
359.28,341,345
359.29,338,334
359.29,338,339
359.34,341,337
359.34,334,336
359.35,344,340
359.35,327,331
359.35,349,345
359.35,326,328
359.36,349,347
359.37,323,323
359.38,347,346
359.39,324,322
359.44,344,345
359.44,327,323
359.44,339,341
359.44,328,325
359.44,334,337
359.45,335,330
359.45,329,331
359.52,335,333
359.52,326,328
359.52,339,336
359.52,322,324
359.52,341,339
359.52,319,320
359.52,344,343
359.58,320,320
359.58,343,343
359.58,323,320
359.58,339,341
359.58,327,323
359.58,335,336
359.58,330,324
359.64,331,334
359.64,333,328
359.64,326,327
359.64,336,332
359.64,320,323
359.64,336,334
359.65,318,318
359.7,336,336
359.7,313,314
359.7,339,337
359.7,314,314
359.7,334,336
359.71,319,316
359.72,333,334
359.78,321,318
359.78,329,330
359.78,325,320
359.78,320,323
359.78,327,322
359.78,317,320
359.78,329,327
359.84,312,315
359.84,331,329
359.84,308,310
359.84,331,330
359.84,307,307
359.84,330,329
359.85,307,304
359.9,325,326
359.9,308,305
359.9,319,320
359.9,312,309
359.9,316,318
359.9,317,312
359.91,314,315
359.97,323,319
359.97,311,313
359.97,328,324
359.97,307,309
359.97,329,328
359.97,307,308
359.98,333,330
360.03,309,308
360.03,330,330
360.03,313,308
360.03,325,329
360.03,317,313
360.04,322,326
360.04,322,318
360.11,322,323
360.11,324,321
360.11,316,319
360.11,329,325
360.11,315,317
360.11,333,329
360.11,315,315
360.17,337,334
360.17,315,314
360.17,335,336
360.17,315,315
360.17,336,338
360.17,322,318
360.17,335,336
360.23,324,321
360.23,330,332
360.23,328,326
360.23,325,330
360.23,334,331
360.23,325,326
360.24,339,336
360.3,319,322
360.3,340,339
360.3,321,320
360.3,341,341
360.3,319,318
360.3,341,340
360.31,323,320
360.36,338,340
360.36,324,323
360.36,336,338
360.36,332,327
360.36,331,334
360.36,334,331
360.37,328,330
360.42,340,336
360.42,322,326
360.42,344,340
360.42,321,324
360.42,345,343
360.43,323,323
360.44,345,345
360.5,321,320
360.5,340,342
360.5,326,322
360.5,339,339
360.5,328,324
360.5,334,336
360.5,334,330
360.56,332,333
360.56,336,334
360.56,325,328
360.56,338,336
360.56,323,325
360.56,345,341
360.57,320,321
360.63,343,340
360.63,320,320
360.63,343,342
360.63,325,322
360.63,341,342
360.63,329,324
360.63,339,340
360.69,332,328
360.69,333,336
360.69,334,332
360.69,329,332
360.69,339,337
360.69,326,330
360.7,342,341
360.75,325,326
360.75,345,343
360.75,322,323
360.75,347,345
360.75,324,323
360.76,346,345
360.76,326,323
360.83,340,343
360.83,330,326
360.83,336,338
360.83,335,330
360.83,331,335
360.83,336,334
360.83,327,329
360.89,341,337
360.89,325,325
360.89,344,341
360.89,323,323
360.89,344,341
360.89,321,320
360.9,344,343
360.95,321,320
360.95,340,341
360.95,324,321
360.95,337,339
360.95,331,326
360.95,332,336
360.96,334,331
361.02,329,332
361.02,338,335
361.02,326,329
361.02,341,338
361.02,324,325
361.02,342,341
361.03,322,321
361.08,346,343
361.08,324,322
361.08,346,346
361.08,326,324
361.08,342,345
361.08,330,327
361.09,339,342
361.16,335,331
361.16,333,336
361.16,338,333
361.16,328,332
361.16,342,338
361.16,326,327
361.16,341,340
361.22,321,323
361.22,345,343
361.22,322,322
361.22,342,343
361.22,320,320
361.22,341,342
361.22,325,322
361.28,336,339
361.28,327,324
361.28,335,336
361.28,332,328
361.28,329,333
361.28,336,335
361.29,324,328
361.34,343,339
361.34,323,326
361.34,345,341
361.34,323,323
361.34,345,342
361.35,321,321
361.35,343,345
361.41,325,321
361.41,342,343
361.41,329,326
361.41,341,342
361.41,336,331
361.41,337,339
361.42,337,335
361.47,333,334
361.47,342,340
361.47,330,333
361.47,349,346
361.47,329,329
361.48,348,349
361.48,326,327
361.55,349,349
361.55,327,326
361.55,347,349
361.55,331,327
361.55,345,346
361.55,335,330
361.55,338,341
361.61,337,334
361.61,335,337
361.61,343,338
361.61,330,332
361.61,343,341
361.61,325,328
361.62,345,343
361.67,324,325
361.67,346,345
361.67,324,324
361.67,347,348
361.67,328,325
361.67,346,348
361.68,330,328
361.73,341,343
361.73,335,330
361.73,339,340
361.73,338,334
361.73,330,335
361.74,342,339
361.75,328,330
361.81,344,342
361.81,326,326
361.81,344,343
361.81,323,323
361.81,346,345
361.81,322,321
361.81,345,345
361.87,325,323
361.87,339,342
361.87,330,326
361.87,336,340
361.87,335,330
361.87,333,335
361.88,339,335
361.94,329,333
361.94,342,339
361.94,325,329
361.94,346,343
361.94,323,326
361.94,346,346
361.94,323,323
362.0,345,346
362.0,328,325
362.0,347,346
362.0,331,327
362.0,342,344
362.0,334,330
362.01,338,341
362.06,339,334
362.06,335,338
362.06,342,339
362.06,331,333
362.06,347,344
362.07,327,329
362.07,348,346
362.13,328,328
362.13,351,350
362.13,328,327
362.13,350,351
362.13,333,330
362.13,348,351
362.14,335,332
362.2,344,347
362.2,341,337
362.2,341,344
362.2,344,341
362.2,334,338
362.2,346,345
362.21,332,334
362.26,349,347
362.26,330,332
362.26,354,350
362.26,328,328
362.27,351,350
362.27,328,326
362.27,345,348
362.33,331,327
362.33,342,345
362.33,332,329
362.33,337,340
362.33,336,334
362.33,335,336
362.34,339,335
362.39,328,330
362.39,343,338
362.39,326,325
362.39,342,341
362.39,321,321
362.39,342,343
362.4,320,320
362.47,341,342
362.47,321,319
362.47,337,339
362.47,325,321
362.47,334,337
362.47,327,323
362.47,329,332
362.53,332,329
362.53,325,329
362.53,337,334
362.53,323,325
362.53,339,335
362.53,319,321
362.53,339,339
362.59,318,318
362.59,341,340
362.59,320,317
362.59,339,339
362.59,320,317
362.59,336,337
362.6,321,320
362.65,329,332
362.65,329,324
362.65,324,326
362.65,330,326
362.66,321,322
362.66,334,330
362.66,316,319
362.72,338,335
362.72,314,316
362.72,337,337
362.72,313,315
362.72,339,336
362.72,317,315
362.73,337,337
362.8,321,317
362.8,331,333
362.8,323,321
362.8,326,330
362.8,330,325
362.8,325,327
362.8,334,330
362.86,320,323
362.86,335,333
362.86,316,317
362.86,336,335
362.86,314,315
362.86,338,336
362.86,314,313
362.92,334,335
362.92,316,315
362.92,336,336
362.92,323,319
362.92,331,333
362.92,327,322
362.93,327,329
362.98,331,328
362.98,323,326
362.98,336,333
362.98,320,322
362.98,340,337
362.98,317,320
362.99,341,339
363.04,316,318
363.04,340,339
363.04,318,318
363.04,340,340
363.04,322,321
363.05,336,340
363.06,327,326
363.12,333,334
363.12,334,330
363.12,328,331
363.12,336,333
363.12,327,328
363.12,340,339
363.12,322,324
363.19,343,340
363.19,319,321
363.19,342,342
363.19,321,320
363.19,341,341
363.19,320,320
363.19,338,339
363.25,322,320
363.25,336,337
363.25,328,324
363.25,329,331
363.25,333,328
363.25,326,327
363.25,337,334
363.31,322,325
363.31,342,337
363.31,318,322
363.31,343,340
363.31,319,319
363.31,340,340
363.32,320,318
363.37,338,340
363.37,323,320
363.37,338,338
363.37,327,322
363.37,331,334
363.38,329,325
363.39,326,329
363.45,334,330
363.45,322,325
363.45,336,334
363.45,321,323
363.45,340,338
363.45,317,319
363.45,341,339
363.51,315,317
363.51,340,340
363.51,321,318
363.51,340,341
363.51,324,322
363.51,336,338
363.52,330,325
363.57,331,335
363.57,334,330
363.58,326,329
363.58,336,333
363.58,323,325
363.58,337,335
363.58,319,320
363.64,342,338
363.64,316,317
363.64,340,340
363.64,315,316
363.64,339,338
363.64,320,317
363.65,336,337
363.7,322,319
363.7,331,333
363.7,328,324
363.7,326,328
363.7,331,327
363.7,325,326
363.71,335,331
363.76,319,321
363.76,334,333
363.76,316,317
363.76,337,336
363.76,316,316
363.77,339,338
363.78,317,315
363.84,336,336
363.84,320,317
363.84,333,335
363.84,323,320
363.84,328,331
363.84,327,324
363.84,323,325
363.9,329,327
363.9,319,320
363.9,332,329
363.9,317,317
363.9,337,334
363.9,315,316
363.91,338,338
363.96,318,315
363.96,337,338
363.96,317,316
363.96,332,335
363.96,322,319
363.97,330,332
363.98,329,324
364.03,328,332
364.03,332,330
364.03,326,328
364.03,337,334
364.03,322,324
364.03,339,337
364.04,321,323
364.1,343,340
364.1,320,319
364.1,341,342
364.1,319,317
364.1,339,340
364.1,322,321
364.11,338,339
364.16,326,324
364.17,333,335
364.17,333,328
364.17,330,332
364.17,336,333
364.17,324,328
364.17,338,337
364.23,321,323
364.23,342,339
364.23,318,321
364.23,345,343
364.23,322,321
364.23,343,344
364.24,323,321
364.29,339,341
364.29,325,322
364.29,335,338
364.29,326,325
364.29,329,332
364.29,334,329
364.3,327,328
364.37,335,333
364.37,323,323
364.37,340,337
364.37,320,321
364.37,342,339
364.37,319,318
364.37,338,340
364.43,318,318
364.43,338,340
364.43,322,320
364.43,336,339
364.43,325,321
364.43,330,333
364.43,329,325
364.5,328,330
364.5,336,331
364.5,324,326
364.5,337,334
364.5,323,324
364.5,340,339
364.5,321,321
364.56,343,343
364.56,320,321
364.56,345,345
364.56,324,322
364.56,343,343
364.56,327,324
364.56,338,343
364.62,332,329
364.62,335,339
364.62,338,335
364.62,332,335
364.62,342,339
364.62,330,333
364.63,346,343
364.68,327,330
364.68,349,347
364.68,327,329
364.68,350,349
364.68,326,326
364.69,350,350
364.7,330,328
364.76,345,346
364.76,333,330
364.76,340,344
364.76,339,334
364.76,336,339
364.76,343,338
364.76,330,334
364.82,346,343
364.82,328,331
364.82,347,345
364.82,329,330
364.82,352,350
364.82,328,327
364.83,349,349
364.89,329,326
364.89,348,349
364.89,330,329
364.89,344,347
364.89,338,333
364.89,341,342
364.89,339,336
364.95,334,336
364.95,342,338
364.95,331,332
364.95,346,342
364.95,328,328
364.95,347,344
364.96,323,324
365.01,346,344
365.01,323,322
365.01,343,346
365.01,324,323
365.01,341,341
365.02,326,324
365.02,337,339
365.09,333,328
365.09,333,335
365.09,336,332
365.09,329,331
365.09,339,335
365.09,323,326
365.09,338,337
365.15,322,321
365.15,340,339
365.15,317,318
365.15,343,341
365.15,318,315
365.15,339,339
365.15,320,318
365.21,334,336
365.21,325,321
365.21,328,331
365.21,329,324
365.21,323,328
365.21,330,327
365.22,321,322
365.27,336,333
365.27,316,320
365.27,336,335
365.27,317,316
365.27,338,336
365.28,315,313
365.29,338,336
365.34,318,315
365.34,334,337
365.34,320,317
365.34,330,334
365.34,326,322
365.34,328,331
365.35,331,327
365.41,325,327
365.41,334,331
365.41,319,322
365.41,337,334
365.41,318,319
365.41,338,337
365.42,317,318
365.48,339,338
365.48,316,316
365.48,338,339
365.48,318,317
365.48,334,336
365.48,323,319
365.48,328,332
365.54,328,323
365.54,324,329
365.54,332,330
365.54,324,326
365.54,336,332
365.54,321,321
365.55,339,335
365.6,318,319
365.6,341,339
365.6,318,318
365.6,342,341
365.6,323,320
365.61,338,339
365.61,323,322
365.68,337,338
365.68,327,323
365.68,331,334
365.68,333,329
365.68,328,330
365.68,339,334
365.68,324,327
365.74,342,338
365.74,323,325
365.74,344,343
365.74,322,323
365.74,345,344
365.74,325,324
365.74,345,344
365.8,327,324
365.8,342,343
365.8,329,326
365.8,339,339
365.8,333,328
365.8,332,336
365.81,337,333
365.86,329,330
365.86,339,336
365.86,324,326
365.86,343,339
365.86,322,323
365.87,345,343
365.88,321,321
365.93,342,343
365.93,321,320
365.93,340,342
365.93,324,321
365.93,337,340
365.93,330,324
365.94,331,335
366.0,332,330
366.0,330,331
366.0,336,332
366.0,325,327
366.0,341,338
366.0,322,325
366.01,345,341
366.07,320,322
366.07,344,343
366.07,321,319
366.07,341,342
366.07,321,320
366.07,339,340
366.07,326,322
366.13,337,339
366.13,331,327
366.13,329,333
366.13,334,331
366.13,328,329
366.13,339,336
366.14,324,326
366.19,342,339
366.19,320,324
366.19,342,342
366.19,320,321
366.19,346,344
366.2,324,321
366.2,341,343
366.25,325,322
366.25,341,342
366.25,329,326
366.25,336,338
366.25,335,331
366.26,332,336
366.27,340,336
366.33,326,331
366.33,344,340
366.33,326,328
366.33,346,344
366.33,325,326
366.33,348,346
366.33,326,325
366.39,348,348
366.39,327,325
366.39,345,346
366.39,327,326
366.39,339,342
366.39,330,329
366.4,333,337
366.46,338,333
366.46,328,332
366.46,340,337
366.46,324,327
366.46,342,340
366.46,324,326
366.47,344,343
366.52,321,323
366.52,344,344
366.52,323,322
366.52,342,344
366.52,325,324
366.52,340,343
366.53,331,327
366.6,338,339
366.6,336,331
366.6,333,335
366.6,338,333
366.6,325,329
366.6,340,336
366.6,325,327
366.66,345,342
366.66,324,325
366.66,344,345
366.66,323,324
366.66,345,345
366.66,324,322
366.66,344,345
366.72,330,324
366.72,338,341
366.72,332,329
366.72,333,337
366.72,335,331
366.72,327,333
366.73,341,336
366.78,329,330
366.78,343,340
366.78,323,324
366.78,342,340
366.78,320,321
366.78,343,341
366.79,321,320
366.85,341,342
366.85,323,320
366.85,339,340
366.85,325,323
366.85,333,337
366.85,331,327
366.86,328,331
366.87,334,329
366.88,325,329
366.89,336,335
366.94,322,325
366.94,341,338
366.94,322,322
366.94,342,340
366.94,318,319
366.94,340,341
366.95,321,319
367.02,340,341
367.02,322,320
367.02,337,339
367.02,326,324
367.02,332,334
367.02,332,329
367.02,326,329
367.08,335,332
367.08,325,327
367.08,338,336
367.08,321,323
367.08,341,340
367.08,320,321
367.08,342,342
367.14,319,319
367.14,341,341
367.14,320,319
367.14,336,339
367.14,324,322
367.14,335,336
367.15,329,324
367.2,330,333
367.2,333,329
367.2,327,330
367.2,338,335
367.2,324,326
367.21,340,339
367.22,323,325
367.27,344,342
367.27,322,323
367.27,343,345
367.27,322,322
367.27,345,345
367.27,327,324
367.28,341,343
367.34,330,327
367.34,337,340
367.34,335,331
367.34,333,335
367.34,342,337
367.34,328,332
367.35,342,340
367.41,326,329
367.41,346,344
367.41,326,326
367.41,346,347
367.41,324,325
367.41,347,348
367.41,326,325
367.47,344,346
367.47,329,326
367.47,340,343
367.47,334,330
367.47,336,339
367.47,338,334
367.48,331,334
367.53,343,338
367.53,325,329
367.53,345,341
367.53,325,328
367.53,346,344
367.53,325,325
367.54,348,346
367.61,322,324
367.61,345,345
367.61,327,323
367.61,338,341
367.61,330,326
367.61,335,338
367.61,332,330
367.67,332,335
367.67,337,335
367.67,328,331
367.67,343,339
367.67,325,328
367.67,344,341
367.67,321,324
367.73,345,344
367.73,323,323
367.73,345,345
367.73,325,324
367.73,343,343
367.73,330,326
367.74,341,342
367.79,334,328
367.79,335,339
367.79,339,334
367.79,333,335
367.79,343,339
367.8,329,331
367.8,344,341
367.87,325,327
367.87,345,343
367.87,323,324
367.87,345,343
367.87,323,321
367.87,345,344
367.87,323,320
367.93,339,340
367.93,326,323
367.93,333,336
367.93,330,327
367.93,332,333
367.93,335,331
367.94,325,328
367.99,338,333
367.99,319,323
367.99,339,338
367.99,318,320
367.99,341,339
367.99,319,320
368.0,341,341
368.06,319,318
368.06,337,340
368.06,323,319
368.06,334,335
368.06,325,321
368.06,330,331
368.07,330,326
368.12,323,327
368.12,333,330
368.12,321,324
368.12,335,334
368.12,320,321
368.12,338,337
368.13,317,318
368.2,341,339
368.2,317,318
368.2,340,340
368.2,321,319
368.2,336,338
368.2,323,320
368.2,333,336
368.26,327,323
368.26,327,330
368.26,332,329
368.26,325,328
368.26,335,333
368.26,324,325
368.26,340,338
368.32,319,322
368.32,344,341
368.32,321,321
368.32,343,342
368.32,321,320
368.32,342,342
368.33,325,321
368.38,340,342
368.38,328,327
368.38,338,340
368.38,335,331
368.38,331,335
368.39,339,336
368.39,326,331
368.45,343,340
368.45,327,328
368.45,346,343
368.45,326,327
368.45,348,348
368.45,325,324
368.46,349,349
368.52,329,326
368.52,347,349
368.52,333,331
368.52,343,347
368.52,339,336
368.52,339,343
368.53,342,340
368.59,336,340
368.59,350,345
368.59,332,336
368.59,350,348
368.59,332,334
368.59,353,351
368.59,329,329
368.65,351,351
368.65,331,329
368.65,350,351
368.65,331,329
368.65,344,348
368.65,332,331
368.66,343,344
368.71,338,334
368.71,335,339
368.71,340,337
368.71,331,334
368.71,343,341
368.71,326,329
368.72,347,344
368.77,325,326
368.77,347,345
368.77,324,324
368.77,346,347
368.77,324,325
368.78,345,347
368.79,329,329
368.85,344,346
368.85,333,332
368.85,339,343
368.85,341,337
368.85,337,340
368.85,343,341
368.85,332,335
368.91,348,346
368.91,328,330
368.91,349,347
368.91,327,328
368.91,350,350
368.91,327,326
368.92,345,346
368.98,331,326
368.98,342,344
368.98,330,326
368.98,341,342
368.98,333,330
368.98,333,336
368.98,339,334
369.04,328,332
369.04,341,338
369.04,324,327
369.04,344,342
369.04,324,325
369.04,345,345
369.05,323,322
369.12,345,344
369.12,324,321
369.12,341,343
369.12,326,322
369.12,336,337
369.12,327,323
369.12,329,332
369.18,329,326
369.18,326,328
369.18,335,332
369.18,322,325
369.18,339,335
369.18,318,320
369.18,339,337
369.24,316,317
369.24,339,339
369.24,319,318
369.24,341,340
369.24,322,319
369.24,339,339
369.25,325,320
369.3,332,336
369.3,328,326
369.3,331,332
369.3,334,329
369.3,325,327
369.3,336,333
369.31,321,323
369.37,339,336
369.37,316,320
369.37,339,338
369.37,315,316
369.37,338,338
369.37,317,316
369.38,338,339
369.43,321,317
369.43,334,336
369.43,324,321
369.43,329,332
369.43,326,323
369.44,325,327
369.44,333,328
369.51,322,323
369.51,333,331
369.51,316,316
369.51,334,333
369.51,313,314
369.51,335,334
369.51,313,311
369.57,334,334
369.57,313,311
369.57,331,334
369.57,319,315
369.57,328,330
369.57,322,319
369.57,324,328
369.63,326,323
369.63,320,323
369.63,334,329
369.63,317,319
369.63,336,333
369.63,314,316
369.64,338,336
369.69,316,315
369.69,339,338
369.69,317,317
369.69,337,338
369.69,321,318
369.7,334,337
369.71,326,322
369.76,331,333
369.76,329,325
369.76,327,328
369.76,334,329
369.76,323,325
369.76,337,333
369.77,321,322
369.83,340,338
369.83,321,321
369.83,344,342
369.83,319,319
369.83,340,340
369.83,319,317
369.84,338,339
369.9,322,320
369.9,332,336
369.9,329,324
369.9,331,333
369.9,333,328
369.9,326,327
369.9,335,331
369.96,323,324
369.96,338,337
369.96,321,321
369.96,341,340
369.96,319,319
369.96,344,342
369.97,322,320
370.02,341,341
370.02,322,320
370.02,335,338
370.02,327,323
370.02,335,337
370.02,331,329
370.03,332,334
370.08,338,333
370.08,326,328
370.08,341,338
370.08,323,325
370.08,342,340
370.09,321,323
370.1,343,343
370.16,321,321
370.16,347,345
370.16,326,323
370.16,344,344
370.16,328,324
370.16,338,342
370.16,334,329
370.22,334,338
370.22,337,333
370.22,333,336
370.22,341,339
370.22,329,330
370.22,346,343
370.23,324,327
370.29,347,346
370.29,325,326
370.29,349,348
370.29,327,326
370.29,347,349
370.29,327,326
370.3,345,348
370.35,332,330
370.35,343,345
370.35,338,334
370.35,338,342
370.35,341,338
370.35,334,336
370.36,345,343
370.41,328,332
370.41,350,346
370.41,327,327
370.41,351,348
370.41,327,326
370.42,350,351
370.43,327,326
370.49,349,350
370.49,331,328
370.49,346,348
370.49,338,333
370.49,339,343
370.49,341,336
370.49,336,339
370.55,345,341
370.55,333,335
370.55,346,344
370.55,326,330
370.55,348,346
370.55,324,326
370.56,348,348
370.61,324,322
370.61,346,347
370.61,325,323
370.61,341,344
370.61,330,325
370.61,336,339
370.62,332,328
370.68,332,333
370.68,335,330
370.68,326,329
370.68,338,335
370.68,323,325
370.68,341,337
370.69,321,321
370.75,343,340
370.75,317,318
370.75,341,339
370.75,319,316
370.75,339,341
370.75,322,320
370.75,337,337
370.81,324,320
370.81,330,333
370.81,330,325
370.82,323,328
370.82,331,328
370.82,321,324
370.82,336,333
370.88,319,320
370.88,337,336
370.88,318,318
370.88,341,339
370.88,319,317
370.88,339,340
370.88,319,318
370.94,337,338
370.94,323,319
370.94,333,334
370.94,328,324
370.94,328,331
370.94,329,326
370.95,325,328
371.0,333,331
371.0,320,322
371.0,338,334
371.0,317,317
371.0,338,335
371.01,317,316
371.02,339,337
371.08,315,314
371.08,337,338
371.08,316,314
371.08,332,335
371.08,323,318
371.08,329,330
371.08,326,323
371.14,325,328
371.14,330,328
371.14,323,324
371.14,335,332
371.14,318,321
371.14,338,335
371.15,317,318
371.21,340,339
371.21,319,318
371.21,340,339
371.21,317,315
371.21,336,337
371.21,322,318
371.21,331,332
371.27,325,321
371.27,327,330
371.27,327,326
371.27,323,326
371.27,333,330
371.27,321,322
371.28,338,334
371.33,318,319
371.33,337,336
371.33,315,315
371.33,336,335
371.33,312,313
371.34,336,336
371.34,316,315
371.41,333,335
371.41,321,318
371.41,327,331
371.41,326,322
371.41,324,327
371.41,327,325
371.41,322,323
371.47,332,330
371.47,316,318
371.47,337,333
371.47,315,316
371.47,338,337
371.47,316,315
371.47,336,336
371.53,318,314
371.53,336,337
371.53,319,317
371.53,335,337
371.53,327,323
371.53,331,333
371.54,331,326
371.59,325,327
371.59,336,332
371.59,321,324
371.59,339,336
371.59,318,320
371.6,340,339
371.61,318,319
371.66,341,340
371.66,317,316
371.66,340,341
371.66,319,317
371.66,338,339
371.66,324,321
371.67,333,336
371.73,329,326
371.73,330,332
371.73,334,329
371.73,322,326
371.73,335,333
371.73,323,324
371.74,342,338
371.8,320,321
371.8,344,342
371.8,320,319
371.8,343,343
371.8,323,321
371.8,342,344
371.8,325,323
371.86,338,339
371.86,328,325
371.86,332,335
371.86,331,327
371.86,327,332
371.86,337,333
371.87,326,327
371.92,340,336
371.92,324,324
371.92,343,339
371.92,318,321
371.92,345,342
371.93,320,320
371.93,342,343
371.98,321,321
371.98,341,343
371.98,327,324
371.98,338,339
371.98,334,330
371.99,337,339
372.0,338,333
372.06,332,333
372.06,343,339
372.06,329,330
372.06,347,344
372.06,325,327
372.06,349,347
372.06,324,325
372.12,348,347
372.12,326,325
372.12,347,348
372.12,328,325
372.12,344,346
372.12,333,329
372.13,339,340
372.19,334,333
372.19,332,337
372.19,340,337
372.19,331,332
372.19,342,341
372.19,327,328
372.2,346,344
372.25,325,325
372.25,348,347
372.25,325,323
372.25,346,346
372.25,325,324
372.25,343,346
372.26,332,328
372.33,341,343
372.33,335,332
372.33,337,341
372.33,340,336
372.33,335,336
372.33,342,341
372.33,329,332
372.39,347,343
372.39,328,330
372.39,350,347
372.39,327,327
372.39,349,348
372.39,327,326
372.39,347,348
372.45,329,325
372.45,346,347
372.45,334,329
372.45,339,342
372.45,337,333
372.45,333,337
372.46,341,336
372.51,327,332
372.51,344,342
372.51,328,328
372.51,345,341
372.51,324,325
372.51,345,344
372.52,323,322
372.58,344,346
372.58,327,324
372.58,344,344
372.58,330,326
372.58,338,341
372.58,329,326
372.59,334,336
372.64,336,331
372.64,330,333
372.64,338,337
372.64,327,329
372.64,343,340
372.65,325,328
372.65,346,343
372.72,322,324
372.72,346,346
372.72,323,322
372.72,344,346
372.72,328,325
372.72,345,345
372.72,333,328
372.78,338,342
372.78,334,331
372.78,334,337
372.78,338,335
372.78,331,334
372.78,346,343
372.79,329,331
372.84,346,345
372.84,328,328
372.84,351,350
372.84,327,328
372.84,351,349
372.84,328,325
372.85,349,348
372.9,327,326
372.9,342,344
372.9,331,329
372.9,335,339
372.9,335,331
372.91,329,333
372.92,337,334
372.97,326,328
372.97,339,337
372.97,323,323
372.97,341,340
372.97,322,320
372.97,343,343
372.98,321,319
373.05,343,343
373.05,325,320
373.05,340,341
373.05,327,324
373.05,336,338
373.05,330,326
373.05,331,334
373.11,333,330
373.11,326,328
373.11,336,334
373.11,320,323
373.11,337,335
373.11,317,319
373.11,341,338
373.17,318,317
373.17,342,340
373.17,318,315
373.17,339,339
373.17,322,320
373.17,334,337
373.18,326,322
373.23,332,334
373.23,333,328
373.23,327,332
373.23,335,332
373.23,325,328
373.24,337,334
373.24,322,322
373.3,343,339
373.3,319,319
373.3,340,339
373.3,318,318
373.3,338,339
373.3,317,316
373.31,336,337
373.37,320,317
373.37,332,335
373.37,325,322
373.37,327,331
373.37,331,327
373.37,322,325
373.38,335,331
373.43,322,322
373.43,338,334
373.44,316,318
373.44,340,337
373.44,316,317
373.44,338,338
373.44,314,314
373.5,338,337
373.5,314,312
373.5,330,331
373.5,317,314
373.5,323,325
373.5,320,317
373.51,317,320
373.56,320,318
373.56,312,314
373.56,325,320
373.56,307,309
373.56,325,323
373.56,303,303
373.57,326,324
373.64,301,300
373.64,324,324
373.64,302,301
373.64,322,324
373.64,306,304
373.64,318,321
373.64,313,308
373.7,312,316
373.7,315,312
373.7,308,314
373.7,320,316
373.7,306,309
373.7,324,319
373.7,304,304
373.76,326,323
373.76,302,302
373.76,324,324
373.76,300,301
373.76,323,324
373.76,306,301
373.77,318,320
373.82,308,304
373.82,313,317
373.82,313,309
373.82,312,315
373.82,316,314
373.83,310,311
373.83,319,317
373.89,303,306
373.89,323,321
373.89,304,305
373.89,324,323
373.89,303,303
373.89,327,327
373.9,304,304
373.96,325,327
373.96,311,307
373.96,320,324
373.96,316,312
373.96,318,322
373.96,321,316
373.96,317,319
374.02,327,323
374.02,315,317
374.02,333,329
374.03,313,315
374.03,334,331
374.03,312,312
374.03,335,334
374.09,312,312
374.09,336,336
374.09,314,313
374.09,333,334
374.09,323,318
374.09,330,333
374.1,325,322
374.15,328,330
374.15,330,328
374.15,323,325
374.15,336,331
374.15,320,321
374.15,336,335
374.16,316,317
374.21,338,338
374.21,318,317
374.21,339,340
374.21,318,317
374.21,339,339
374.22,323,320
374.23,336,338
374.29,326,324
374.29,334,336
374.29,332,329
374.29,326,331
374.29,334,332
374.29,322,326
374.3,340,338
374.3,323,324
374.31,344,341
374.32,320,321
374.38,344,342
374.38,318,319
374.38,343,342
374.38,325,322
374.38,341,341
374.38,328,324
374.39,334,336
374.45,329,327
374.45,334,334
374.45,333,330
374.45,325,327
374.45,337,333
374.45,323,325
374.45,340,337
374.51,320,321
374.51,342,341
374.51,321,320
374.51,342,342
374.51,321,320
374.51,342,341
374.52,325,321
374.57,336,339
374.57,329,325
374.57,335,336
374.57,335,330
374.57,330,333
374.58,338,334
374.58,324,328
374.65,341,337
374.65,318,322
374.65,341,340
374.65,319,320
374.65,341,341
374.65,319,317
374.65,342,342
374.71,322,320
374.71,338,340
374.71,327,322
374.71,334,337
374.71,331,326
374.71,329,333
374.71,332,328
374.77,325,328
374.77,337,333
374.77,324,325
374.77,342,338
374.77,323,325
374.77,344,342
374.78,322,322
374.83,345,343
374.83,324,322
374.83,344,344
374.83,328,324
374.83,341,342
374.84,328,326
374.85,336,338
374.9,334,331
374.9,333,336
374.9,338,336
374.9,327,332
374.9,343,343
374.9,328,329
374.91,349,346
374.97,326,328
374.97,350,348
374.97,325,326
374.97,348,349
374.97,330,327
374.97,346,346
374.98,331,327
375.04,342,344
375.04,336,332
375.04,334,340
375.04,341,337
375.04,332,335
375.04,342,340
375.04,331,332
375.1,347,343
375.1,327,328
375.1,347,345
375.1,323,324
375.1,348,346
375.1,323,321
375.11,344,346
375.16,328,325
375.16,339,342
375.16,331,327
375.16,335,339
375.16,333,330
375.17,331,334
375.17,338,335
375.24,329,330
375.24,342,338
375.24,326,327
375.24,345,341
375.24,322,324
375.24,343,343
375.24,322,323
375.3,346,345
375.3,323,322
375.3,339,342
375.3,330,325
375.3,336,339
375.3,332,328
375.3,333,337
375.36,334,331
375.36,330,332
375.36,337,335
375.36,326,328
375.36,342,338
375.36,322,323
375.37,343,340
375.42,320,321
375.42,341,341
375.42,318,319
375.42,342,341
375.42,320,320
375.43,337,340
375.44,327,323
375.49,335,338
375.49,333,329
375.49,330,332
375.49,336,332
375.49,325,328
375.49,339,336
375.5,322,323
375.56,340,339
375.56,318,320
375.56,344,341
375.56,318,320
375.57,343,341
375.57,321,319
375.57,338,340
375.63,324,320
375.63,335,336
375.63,326,323
375.63,328,332
375.63,330,326
375.63,323,327
375.63,336,332
375.69,321,323
375.69,339,335
375.69,317,320
375.69,341,339
375.69,318,320
375.69,341,342
375.7,321,320
375.75,343,343
375.75,323,321
375.75,342,343
375.75,332,327
375.75,339,341
375.75,334,331
375.76,333,337
375.81,340,336
375.81,330,334
375.81,345,342
375.81,326,330
375.82,346,344
375.82,324,327
375.83,350,347
375.89,324,325
375.89,348,347
375.89,326,324
375.89,347,347
375.89,329,327
375.89,341,345
375.89,336,332
375.95,339,341
375.95,339,335
375.95,333,338
375.95,345,340
375.95,331,333
375.95,350,344
375.96,329,330
376.02,346,346
376.02,328,327
376.02,349,349
376.02,325,324
376.02,345,346
376.02,326,325
376.03,341,345
376.08,328,325
376.08,336,340
376.08,332,328
376.08,330,335
376.08,335,332
376.08,324,330
376.09,336,335
376.14,323,325
376.14,340,338
376.14,319,321
376.14,343,342
376.14,320,321
376.15,345,344
376.16,321,319
376.22,339,342
376.22,324,322
376.22,339,339
376.22,327,323
376.22,332,335
376.22,332,329
376.22,327,330
376.28,334,332
376.28,325,326
376.28,341,337
376.28,323,323
376.28,343,340
376.28,320,321
376.29,342,342
376.34,322,321
376.34,344,344
376.34,325,323
376.34,341,342
376.34,328,324
376.34,337,340
376.35,330,327
376.41,331,334
376.41,337,333
376.41,328,330
376.41,339,336
376.41,325,328
376.41,342,340
376.42,322,322
376.47,343,343
376.47,319,321
376.47,344,344
376.47,321,319
376.47,341,342
376.48,322,322
376.48,337,339
376.55,327,323
376.55,332,337
376.55,333,328
376.55,330,332
376.55,338,334
376.55,324,327
376.55,341,339
376.61,323,324
376.61,342,341
376.61,321,321
376.61,342,342
376.61,321,320
376.61,343,344
376.61,324,323
376.67,340,343
376.67,329,325
376.67,340,341
376.67,333,330
376.67,334,338
376.67,340,335
376.68,331,333
376.73,344,340
376.73,328,331
376.73,345,342
376.73,323,325
376.73,344,343
376.74,323,323
376.75,347,346
376.8,326,324
376.8,344,346
376.8,328,325
376.8,341,341
376.8,331,327
376.8,337,339
376.81,337,331
376.87,331,334
376.87,339,336
376.87,329,331
376.87,344,340
376.87,327,327
376.87,347,344
376.88,326,326
376.94,348,346
376.94,324,324
376.94,348,348
376.94,326,325
376.94,344,345
376.94,331,328
376.94,343,344
377.0,333,330
377.0,337,340
377.0,337,333
377.0,330,335
377.0,341,338
377.0,329,329
377.01,343,342
377.06,325,327
377.06,349,345
377.06,323,323
377.06,346,346
377.06,326,323
377.07,342,345
377.07,327,323
377.14,341,343
377.14,329,326
377.14,336,338
377.14,335,330
377.14,332,335
377.14,339,335
377.14,328,331
377.2,343,340
377.2,325,330
377.2,346,344
377.2,323,325
377.2,346,346
377.2,325,323
377.2,346,346
377.26,324,324
377.26,344,345
377.26,331,327
377.26,339,341
377.26,331,329
377.26,336,339
377.27,336,333
377.33,330,333
377.33,341,338
377.33,328,330
377.33,345,341
377.33,323,325
377.33,340,340
377.34,322,321
377.39,344,342
377.39,321,320
377.39,342,342
377.39,323,320
377.39,336,338
377.39,325,322
377.4,330,334
377.47,326,323
377.47,324,329
377.47,332,327
377.47,321,322
377.47,334,329
377.47,317,317
377.47,336,332
377.53,314,313
377.53,335,334
377.53,312,311
377.53,333,333
377.53,312,312
377.53,330,333
377.53,316,314
377.59,329,330
377.59,322,318
377.59,325,326
377.59,326,322
377.59,321,324
377.59,331,326
377.6,316,319
377.65,330,329
377.65,314,314
377.65,337,334
377.65,315,315
377.65,338,337
377.66,316,315
377.66,337,337
377.72,318,316
377.72,336,337
377.72,323,320
377.72,331,333
377.72,329,323
377.72,326,330
377.73,331,327
377.79,321,324
377.79,334,331
377.79,320,321
377.79,336,335
377.79,316,318
377.79,339,338
377.79,318,318
377.86,341,340
377.86,320,318
377.86,338,340
377.86,321,319
377.86,334,338
377.86,327,323
377.86,333,335
377.92,333,328
377.92,326,330
377.92,339,334
377.92,325,327
377.92,341,338
377.92,323,323
377.93,342,340
377.98,322,321
377.98,341,342
377.98,321,320
377.98,344,343
377.98,324,320
377.98,338,340
377.99,325,322
378.04,333,336
378.04,329,324
378.04,326,330
378.04,331,327
378.04,323,326
378.05,336,332
378.06,320,321
378.12,338,337
378.12,316,319
378.12,341,340
378.12,318,319
378.12,342,341
378.12,321,319
378.12,339,340
378.18,324,320
378.18,332,336
378.18,329,324
378.18,330,334
378.18,333,328
378.18,327,331
378.19,337,334
378.24,324,327
378.24,341,338
378.24,323,325
378.24,343,342
378.24,320,322
378.24,342,341
378.25,320,319
378.31,343,342
378.31,323,319
378.31,336,339
378.31,325,320
378.31,331,334
378.31,325,323
378.32,327,329
378.37,331,327
378.37,325,328
378.37,335,333
378.37,324,326
378.37,342,340
378.38,323,324
378.38,344,342
378.45,321,323
378.45,348,347
378.45,327,324
378.45,346,347
378.45,331,327
378.45,342,344
378.45,334,331
378.51,339,341
378.51,339,334
378.51,333,337
378.51,346,341
378.51,334,336
378.51,347,343
378.52,329,330
378.57,347,347
378.57,326,327
378.57,349,348
378.57,325,325
378.57,346,346
378.57,327,325
378.58,343,344
378.64,330,327
378.64,338,341
378.64,332,330
378.64,334,338
378.64,339,335
378.64,329,333
378.65,344,340
378.7,327,330
378.7,344,343
378.7,324,328
378.7,349,348
378.7,325,325
378.7,348,349
378.71,328,327
378.78,347,348
378.78,331,328
378.78,344,346
378.78,333,331
378.78,340,342
378.78,339,334
378.78,335,337
378.84,343,339
378.84,330,332
378.84,345,341
378.84,327,328
378.84,346,343
378.84,321,322
378.84,345,343
378.9,320,320
378.9,342,342
378.9,321,319
378.9,337,339
378.9,323,320
378.9,333,334
378.91,327,322
378.96,322,328
378.96,329,325
378.96,320,324
378.96,332,329
378.96,316,319
378.97,332,331
378.97,312,315
379.03,337,334
379.03,310,311
379.03,336,334
379.03,314,311
379.03,332,334
379.03,316,313
379.04,327,331
379.1,318,317
379.11,324,328
379.11,325,320
379.11,322,324
379.11,329,324
379.11,317,321
379.11,333,331
379.17,314,317
379.17,335,333
379.17,317,316
379.17,338,337
379.17,316,315
379.17,338,338
379.17,316,316
379.23,337,338
379.23,322,319
379.23,332,336
379.23,327,324
379.23,331,333
379.23,334,328
379.24,327,329
379.29,339,335
379.29,323,325
379.29,340,338
379.29,323,323
379.29,343,341
379.29,321,321
379.3,344,344
379.35,326,323
379.35,345,345
379.35,327,324
379.35,339,343
379.35,330,327
379.36,339,341
379.37,336,332
379.43,333,334
379.43,341,337
379.43,329,332
379.43,343,338
379.43,323,325
379.43,342,341
379.43,323,324
379.49,344,341
379.49,320,321
379.49,342,342
379.49,320,319
379.49,339,341
379.49,327,322
379.5,332,336
379.56,329,324
379.56,328,332
379.56,330,328
379.56,326,327
379.56,335,332
379.56,322,325
379.56,338,335
379.62,315,318
379.62,340,338
379.62,316,316
379.62,339,339
379.62,314,316
379.62,337,337
379.63,318,318
379.68,334,335
379.68,323,319
379.68,329,331
379.68,329,324
379.68,325,328
379.69,331,327
379.7,321,323
379.76,335,332
379.76,317,319
379.76,336,334
379.76,316,317
379.76,341,339
379.76,318,318
379.76,340,341
379.82,321,319
379.82,342,342
379.82,326,322
379.82,338,339
379.82,330,326
379.82,333,335
379.83,334,331
379.88,325,330
379.88,337,334
379.88,323,326
379.88,342,339
379.88,323,324
379.88,345,342
379.89,321,322
379.95,343,343
379.95,322,321
379.95,342,343
379.95,324,321
379.95,338,341
379.95,327,325
379.96,334,336
380.01,331,327
380.01,327,331
380.01,336,332
380.01,323,326
380.01,335,333
380.01,320,321
380.02,336,335
380.07,316,318
380.07,338,336
380.07,314,314
380.07,337,338
380.07,318,315
380.08,335,335
380.09,318,315
380.15,327,331
380.15,322,318
380.15,324,326
380.15,325,322
380.15,320,321
380.15,329,325
380.15,314,316
380.21,329,327
380.21,312,313
380.21,333,331
380.21,311,311
380.21,332,331
380.21,310,308
380.22,331,331
380.28,310,309
380.28,326,328
380.28,317,313
380.28,323,326
380.28,320,316
380.28,318,320
380.28,322,320
380.34,314,316
380.34,327,325
380.34,311,316
380.34,329,328
380.34,312,314
380.34,334,333
380.35,311,311
380.4,332,333
380.4,313,312
380.4,330,332
380.4,317,313
380.4,329,330
380.41,318,317
380.42,322,326
380.48,326,321
380.48,318,321
380.48,332,326
380.48,316,319
380.48,331,329
380.48,312,316
380.48,333,332
380.54,313,313
380.54,336,335
380.54,313,313
380.54,336,335
380.54,315,314
380.54,333,335
380.55,320,316
380.6,328,331
380.6,324,320
380.6,323,327
380.6,329,325
380.6,319,321
380.6,332,330
380.61,318,319
380.67,336,335
380.67,315,317
380.67,340,337
380.67,314,316
380.67,337,338
380.67,319,317
380.68,336,337
380.73,321,318
380.73,334,336
380.73,327,322
380.73,331,333
380.73,334,329
380.74,325,329
380.74,336,333
380.81,325,327
380.81,341,337
380.81,320,322
380.81,342,340
380.81,321,320
380.81,343,342
380.81,322,320
380.87,341,343
380.87,326,321
380.87,338,340
380.87,328,324
380.87,336,338
380.87,333,328
380.87,334,335
380.93,337,334
380.93,328,331
380.93,343,339
380.93,326,327
380.93,344,343
380.93,323,325
380.94,344,345
380.99,323,322
380.99,344,345
380.99,323,322
380.99,340,342
380.99,325,323
381.0,336,340
381.01,329,325
381.06,334,336
381.06,334,330
381.06,328,332
381.06,342,337
381.06,329,330
381.06,346,341
381.07,324,326
381.14,347,344
381.14,324,325
381.14,346,346
381.14,327,326
381.14,346,349
381.14,328,327
381.14,345,347
381.2,333,329
381.2,343,345
381.2,336,333
381.2,336,340
381.2,341,339
381.2,334,334
381.2,343,342
381.26,329,329
381.26,343,344
381.26,324,326
381.26,348,347
381.26,326,324
381.26,346,344
381.27,324,321
381.32,341,342
381.32,324,321
381.32,334,337
381.32,327,323
381.32,329,332
381.33,330,325
381.33,324,327
381.39,330,327
381.39,316,320
381.39,333,331
381.39,315,316
381.39,336,333
381.39,314,313
381.4,336,335
381.46,312,312
381.46,335,335
381.46,317,314
381.46,329,333
381.46,318,315
381.46,326,329
381.46,323,320
381.53,322,325
381.53,328,325
381.53,320,323
381.53,334,329
381.53,318,320
381.53,336,333
381.53,314,316
381.59,336,336
381.59,315,315
381.59,339,338
381.59,318,316
381.59,335,337
381.59,320,319
381.6,336,336
381.65,325,322
381.65,331,332
381.65,329,326
381.65,326,328
381.65,333,330
381.65,322,324
381.66,338,334
381.71,320,321
381.71,341,338
381.71,319,320
381.71,343,341
381.71,317,317
381.72,342,341
381.73,320,319
381.79,335,337
381.79,326,321
381.79,330,335
381.79,330,325
381.79,328,330
381.79,330,328
381.79,325,327
381.85,338,335
381.85,323,324
381.85,342,337
381.85,321,321
381.85,343,341
381.85,318,318
381.86,343,342
381.92,318,318
381.92,337,339
381.92,322,320
381.92,336,337
381.92,328,323
381.92,331,333
381.93,333,327
381.94,329,330
381.94,335,331
381.95,321,326
382.01,339,336
382.01,320,322
382.01,342,340
382.01,319,319
382.01,341,340
382.01,319,318
382.02,339,340
382.07,320,317
382.07,337,338
382.07,325,320
382.07,334,335
382.07,329,324
382.07,328,330
382.08,333,330
382.14,325,328
382.14,337,333
382.14,320,322
382.14,340,337
382.14,321,321
382.14,341,340
382.15,318,319
382.21,342,340
382.21,321,320
382.21,340,341
382.21,324,320
382.21,336,340
382.21,328,326
382.21,334,334
382.28,332,329
382.28,329,330
382.28,337,333
382.28,327,327
382.28,340,338
382.28,323,324
382.28,342,340
382.34,318,320
382.34,343,342
382.34,321,320
382.34,344,343
382.34,322,321
382.34,340,342
382.35,328,324
382.4,337,339
382.4,331,328
382.4,332,335
382.4,337,334
382.4,328,331
382.4,339,336
382.41,325,327
382.46,343,340
382.46,323,324
382.46,345,344
382.46,323,324
382.46,347,346
382.47,324,324
382.48,346,346
382.53,328,325
382.53,340,342
382.53,331,327
382.53,337,340
382.53,337,334
382.53,334,337
382.54,342,340
382.6,331,334
382.6,349,345
382.6,329,330
382.6,348,345
382.6,325,325
382.6,349,347
382.61,326,325
382.67,346,347
382.67,327,325
382.67,342,346
382.67,331,328
382.67,341,344
382.67,336,331
382.67,334,338
382.73,340,337
382.73,331,334
382.73,344,342
382.73,328,330
382.73,348,346
382.73,330,330
382.74,350,348
382.79,330,328
382.79,352,351
382.79,330,330
382.79,351,352
382.79,333,332
382.8,346,349
382.8,337,334
382.87,341,344
382.87,342,338
382.87,336,339
382.87,344,340
382.87,332,336
382.87,348,344
382.87,329,330
382.93,350,347
382.93,326,325
382.93,346,345
382.93,322,321
382.93,344,345
382.93,324,322
382.93,341,343
382.99,329,325
382.99,338,339
382.99,331,328
382.99,332,336
382.99,337,332
382.99,327,328
383.0,338,336
383.05,322,325
383.05,338,338
383.06,321,321
383.06,342,339
383.06,319,318
383.06,340,340
383.07,316,316
383.12,337,337
383.12,321,318
383.12,331,335
383.12,323,320
383.12,327,331
383.12,330,324
383.13,323,327
383.19,330,329
383.2,321,322
383.2,337,333
383.2,319,321
383.2,339,335
383.2,315,318
383.2,338,338
383.26,317,317
383.26,340,340
383.26,321,318
383.26,339,341
383.26,324,321
383.26,333,337
383.26,330,326
383.32,328,332
383.32,335,330
383.32,324,328
383.32,335,334
383.32,322,325
383.32,342,338
383.33,320,322
383.38,344,342
383.38,319,320
383.38,342,342
383.38,321,320
383.38,339,341
383.39,324,320
383.39,337,337
383.44,325,322
383.44,330,333
383.44,326,323
383.44,323,327
383.44,333,328
383.45,318,322
383.46,336,333
383.52,316,318
383.52,337,334
383.52,315,315
383.52,335,333
383.52,314,312
383.52,335,336
383.52,312,310
383.58,328,331
383.58,316,314
383.58,325,329
383.58,321,317
383.58,322,324
383.58,324,322
383.59,317,320
383.65,329,327
383.65,317,318
383.65,334,332
383.65,314,315
383.65,334,333
383.65,314,313
383.66,335,335
383.71,315,314
383.71,332,334
383.71,319,314
383.71,330,331
383.71,322,318
383.71,324,328
383.72,325,322
383.77,320,323
383.77,327,325
383.77,317,319
383.77,331,329
383.77,315,315
383.78,335,333
383.79,315,315
383.85,335,334
383.85,315,314
383.85,335,336
383.85,318,314
383.85,333,335
383.85,320,317
383.85,328,330
383.91,326,322
383.91,326,328
383.91,331,327
383.91,322,323
383.91,332,329
383.91,317,319
383.92,334,332
383.97,315,316
383.97,337,336
383.97,314,313
383.97,336,336
383.97,315,313
383.98,334,336
383.98,319,315
384.03,331,333
384.03,322,318
384.03,326,330
384.04,326,323
384.04,323,325
384.04,332,328
384.05,321,323
384.11,337,333
384.11,315,319
384.11,339,335
384.11,314,317
384.11,340,339
384.11,319,317
384.11,339,340
384.18,318,317
384.18,336,337
384.18,320,319
384.18,333,336
384.18,330,326
384.18,330,333
384.18,336,331
384.24,326,329
384.24,339,335
384.24,320,324
384.24,339,337
384.24,323,322
384.24,343,342
384.25,321,319
384.3,343,342
384.3,320,320
384.3,342,343
384.3,326,323
384.3,338,342
384.3,331,326
384.31,334,337
384.36,336,332
384.36,331,334
384.36,340,337
384.36,326,328
384.36,344,341
384.37,324,326
384.38,346,344
384.44,325,325
384.44,349,348
384.44,327,326
384.44,349,349
384.44,329,326
384.44,344,345
384.44,331,329
384.5,341,343
384.5,336,332
384.5,334,338
384.5,342,336
384.5,330,333
384.5,342,338
384.51,326,328
384.57,342,342
384.57,323,323
384.57,346,344
384.57,322,322
384.57,346,345
384.57,322,322
384.57,343,345
384.63,327,324
384.63,337,340
384.63,331,328
384.63,337,339
384.63,337,333
384.63,331,335
384.64,339,336
384.69,330,331
384.69,345,341
384.69,326,327
384.69,346,344
384.69,324,324
384.7,346,345
384.7,324,323
384.77,343,345
384.77,326,323
384.77,339,341
384.77,327,325
384.77,334,337
384.77,331,327
384.77,329,332
384.83,336,331
384.83,327,329
384.83,339,335
384.83,320,324
384.83,340,338
384.83,318,319
384.84,342,339
384.9,316,316
384.9,336,337
384.9,317,316
384.9,334,335
384.9,319,315
384.9,332,334
384.9,325,320
384.96,328,329
384.96,330,323
384.96,318,323
384.96,329,326
384.96,316,319
384.96,334,330
384.97,313,315
385.02,333,332
385.02,314,313
385.02,333,333
385.02,313,311
385.02,331,332
385.02,315,311
385.03,330,333
385.1,318,315
385.1,326,328
385.1,323,318
385.1,322,325
385.1,324,321
385.1,318,320
385.1,329,325
385.16,312,313
385.16,331,327
385.16,309,310
385.16,332,331
385.16,312,310
385.16,335,333
385.16,312,310
385.22,328,331
385.22,317,313
385.22,328,330
385.22,320,316
385.22,321,324
385.22,323,319
385.23,316,319
385.29,326,323
385.29,314,316
385.29,328,325
385.29,309,312
385.29,332,331
385.29,311,310
385.29,334,332
385.35,311,309
385.35,332,332
385.35,313,312
385.35,328,331
385.35,317,314
385.35,324,328
385.36,323,319
385.41,321,324
385.41,326,323
385.41,319,321
385.41,331,329
385.41,318,319
385.42,337,334
385.43,316,318
385.49,339,338
385.49,316,317
385.49,343,341
385.49,321,318
385.49,339,340
385.49,325,322
385.49,338,339
385.55,329,326
385.55,333,336
385.55,335,334
385.55,330,335
385.55,342,339
385.55,327,330
385.56,345,341
385.61,327,327
385.61,348,348
385.61,328,328
385.61,350,350
385.61,326,326
385.61,348,350
385.62,332,329
385.67,344,347
385.67,336,332
385.67,343,345
385.67,339,335
385.67,337,340
385.68,344,340
385.69,334,335
385.74,346,342
385.74,327,328
385.74,350,347
385.74,328,329
385.74,351,350
385.74,324,326
385.75,352,350
385.82,329,327
385.82,349,349
385.82,334,330
385.82,345,346
385.82,337,334
385.82,339,341
385.82,344,339
385.88,334,337
385.88,347,343
385.88,331,334
385.88,348,346
385.88,327,329
385.88,351,349
385.88,329,328
385.94,350,350
385.94,330,327
385.94,346,349
385.94,332,329
385.94,345,347
385.94,336,333
385.95,343,344
386.01,340,335
386.01,336,339
386.01,343,340
386.01,331,333
386.01,346,341
386.01,326,328
386.01,350,346
386.07,327,326
386.07,349,347
386.07,324,325
386.07,350,350
386.07,329,326
386.07,344,348
386.08,332,328
386.13,342,344
386.13,334,332
386.13,336,340
386.13,340,337
386.13,335,337
386.14,345,343
386.15,330,333
386.21,348,345
386.21,326,330
386.21,352,350
386.21,328,327
386.21,351,351
386.21,329,327
386.21,349,349
386.27,331,330
386.27,345,346
386.27,334,331
386.27,339,341
386.27,338,334
386.27,335,337
386.28,340,337
386.33,330,332
386.33,344,340
386.33,330,330
386.33,349,346
386.33,325,327
386.33,350,348
386.34,327,326
386.4,349,349
386.4,330,326
386.4,344,346
386.4,333,328
386.4,340,342
386.4,335,331
386.41,335,338
386.46,339,336
386.46,331,334
386.46,343,340
386.46,327,329
386.46,346,344
386.47,324,326
386.47,348,345
386.54,327,325
386.54,346,346
386.54,324,324
386.54,345,347
386.54,330,328
386.54,342,344
386.54,331,329
386.6,337,339
386.6,336,332
386.6,331,335
386.6,342,338
386.6,330,332
386.6,345,342
386.6,325,328
386.66,346,345
386.66,326,327
386.66,349,348
386.66,327,326
386.66,347,347
386.66,328,326
386.67,345,345
386.72,331,328
386.72,339,342
386.72,335,332
386.72,335,337
386.72,338,334
386.73,330,332
386.74,341,338
386.79,325,327
386.79,341,339
386.79,322,322
386.79,343,340
386.79,317,317
386.79,340,340
386.8,318,316
386.86,336,337
386.86,319,316
386.86,330,333
386.86,321,318
386.86,327,329
386.86,326,322
386.87,323,325
386.93,331,326
386.93,322,322
386.93,335,331
386.93,315,317
386.93,337,334
386.93,313,313
386.93,337,334
386.99,311,311
386.99,332,335
386.99,315,313
386.99,330,333
386.99,317,314
386.99,325,328
387.0,321,317
387.05,319,322
387.05,325,321
387.05,313,317
387.05,329,325
387.05,312,313
387.06,330,328
387.06,307,310
387.13,330,329
387.13,309,307
387.13,327,329
387.13,309,308
387.13,327,330
387.13,312,310
387.13,327,328
387.19,318,314
387.19,323,325
387.19,325,320
387.19,316,321
387.19,327,323
387.19,313,316
387.19,329,327
387.25,315,315
387.25,334,332
387.25,311,311
387.25,334,334
387.25,311,312
387.25,333,335
387.26,317,313
387.31,330,333
387.31,321,317
387.31,327,330
387.31,325,321
387.31,326,328
387.32,329,326
387.33,321,324
387.38,333,330
387.38,318,321
387.38,341,336
387.38,316,319
387.38,340,338
387.38,317,317
387.39,339,340
387.45,318,317
387.45,338,338
387.45,324,320
387.45,332,336
387.45,328,323
387.45,330,334
387.46,333,329
387.52,324,329
387.52,337,334
387.52,324,326
387.52,341,338
387.52,323,324
387.52,344,341
387.52,322,323
387.58,347,345
387.58,322,321
387.58,342,342
387.58,324,321
387.58,339,340
387.58,326,324
387.59,337,338
387.64,334,330
387.64,331,334
387.64,336,334
387.64,326,330
387.64,340,337
387.65,323,326
387.65,344,341
387.7,322,323
387.7,344,342
387.7,321,321
387.7,344,342
387.7,322,320
387.71,341,341
387.72,324,321
387.78,335,336
387.78,326,322
387.78,330,331
387.78,330,325
387.78,322,325
387.78,331,329
387.78,318,321
387.85,335,333
387.85,316,319
387.85,337,334
387.85,314,315
387.85,337,337
387.85,316,315
387.85,335,338
387.91,318,316
387.91,332,335
387.91,322,319
387.91,328,333
387.91,328,324
387.91,325,328
387.92,331,328
387.97,320,324
387.97,334,332
387.97,318,321
387.97,337,335
387.97,319,318
387.97,340,338
387.98,315,315
388.03,339,340
388.03,317,316
388.03,336,338
388.03,325,320
388.03,332,336
388.04,326,323
388.05,331,334
388.1,333,328
388.1,325,327
388.1,335,331
388.1,320,322
388.1,337,335
388.1,319,320
388.11,340,338
388.17,318,318
388.17,341,340
388.17,318,318
388.17,340,341
388.18,321,319
388.18,336,337
388.18,324,322
388.24,331,333
388.24,329,325
388.24,328,329
388.24,335,330
388.24,324,326
388.24,338,335
388.24,321,322
388.3,343,340
388.3,319,320
388.3,342,342
388.3,322,322
388.3,344,343
388.3,325,321
388.31,339,341
388.36,326,323
388.36,332,336
388.36,328,325
388.36,330,333
388.36,337,331
388.37,326,328
388.37,339,335
388.44,321,325
388.44,342,339
388.44,321,323
388.44,345,342
388.44,321,321
388.44,346,344
388.44,322,320
388.5,343,344
388.5,328,324
388.5,340,342
388.5,328,326
388.5,334,337
388.5,335,330
388.51,330,334
388.56,341,336
388.56,328,329
388.56,340,338
388.56,322,324
388.56,344,341
388.56,320,322
388.57,347,344
388.62,321,321
388.62,342,343
388.62,321,320
388.62,338,341
388.62,328,323
388.63,336,338
388.64,329,326
388.7,331,333
388.7,332,329
388.7,323,326
388.7,337,334
388.7,322,324
388.7,340,336
388.7,320,320
388.76,340,340
388.76,318,319
388.76,343,344
388.76,323,320
388.76,341,343
388.76,325,322
388.77,340,341
388.82,333,328
388.82,333,338
388.83,334,332
388.83,333,334
388.83,341,337
388.83,328,330
388.83,346,343
388.89,326,328
388.89,346,345
388.89,325,325
388.89,349,348
388.89,324,324
388.89,345,347
388.9,326,326
388.95,342,345
388.95,333,330
388.95,341,342
388.95,336,331
388.95,331,335
388.96,339,335
388.96,328,330
389.03,341,338
389.03,323,325
389.03,341,339
389.03,321,321
389.03,341,341
389.03,318,317
389.03,339,339
389.09,320,317
389.09,337,338
389.09,322,318
389.09,334,336
389.09,325,322
389.09,329,331
389.09,330,326
389.15,322,325
389.15,333,329
389.15,319,322
389.15,336,333
389.15,316,318
389.15,339,335
389.16,312,315
389.22,336,335
389.22,311,310
389.22,332,333
389.22,313,310
389.22,327,330
389.22,315,312
389.23,322,326
389.28,319,314
389.28,318,321
389.28,323,321
389.28,312,317
389.28,328,325
389.28,312,313
389.3,329,328
389.3,311,312
389.31,330,330
389.32,310,307
389.37,330,332
389.37,310,308
389.37,327,330
389.37,311,309
389.37,324,327
389.38,319,314
389.39,320,323
389.45,324,320
389.45,315,319
389.45,328,324
389.45,313,314
389.45,330,328
389.45,309,312
389.45,331,329
389.51,308,309
389.51,331,330
389.51,311,308
389.51,330,332
389.51,312,310
389.51,329,329
389.52,317,314
389.57,325,327
389.57,321,318
389.57,320,322
389.57,326,323
389.57,316,319
389.57,332,327
389.58,315,315
389.64,333,331
389.64,312,313
389.64,337,335
389.64,314,313
389.64,335,337
389.64,319,316
389.65,336,337
389.7,323,319
389.7,333,334
389.7,327,322
389.7,327,332
389.7,333,329
389.71,324,327
389.71,337,333
389.78,321,323
389.78,341,338
389.78,318,321
389.78,341,340
389.78,319,320
389.78,342,342
389.78,323,320
389.84,341,344
389.84,324,323
389.84,338,341
389.84,332,328
389.84,337,340
389.84,336,333
389.84,332,336
389.9,342,339
389.9,331,333
389.9,346,343
389.9,330,331
389.9,346,346
389.9,326,327
389.91,350,349
389.96,328,327
389.96,346,348
389.96,327,326
389.96,345,346
389.96,332,329
389.97,342,345
389.98,336,333
390.03,338,341
390.03,342,338
390.03,334,336
390.03,347,343
390.03,330,333
390.03,351,348
390.04,330,331
390.1,353,350
390.1,328,328
390.1,351,350
390.1,330,328
390.1,350,350
390.1,329,328
390.11,342,346
390.16,334,331
390.16,340,342
390.17,338,335
390.17,330,335
390.17,342,339
390.17,329,331
390.17,346,343
390.23,326,328
390.23,347,344
390.23,324,324
390.23,345,346
390.23,321,321
390.23,345,345
390.24,325,322
390.29,341,342
390.29,328,324
390.29,335,337
390.29,333,328
390.29,331,333
390.29,334,331
390.3,327,329
390.35,338,336
390.35,321,323
390.35,338,338
390.35,318,321
390.35,344,342
390.36,320,320
390.37,342,342
390.43,321,321
390.43,340,342
390.43,324,322
390.43,337,340
390.43,332,327
390.43,333,336
390.43,335,332
390.49,328,333
390.49,340,336
390.49,326,328
390.49,344,340
390.49,324,325
390.49,344,342
390.5,321,321
390.55,345,343
390.55,322,321
390.55,343,343
390.55,327,323
390.55,339,342
390.56,328,326
390.57,335,340
390.62,332,330
390.62,328,332
390.62,336,334
390.62,327,330
390.62,338,336
390.62,321,324
390.63,341,339
390.7,320,321
390.7,341,340
390.7,319,318
390.7,340,340
390.7,317,317
390.7,337,338
390.7,324,320
390.76,330,334
390.76,327,322
390.76,326,331
390.76,331,326
390.76,322,326
390.76,335,331
390.76,320,322
390.82,339,336
390.82,316,319
390.82,338,337
390.82,317,317
390.82,340,338
390.82,316,315
390.83,339,339
390.88,323,319
390.88,337,339
390.88,325,323
390.88,331,334
390.88,332,327
390.88,324,329
390.89,334,331
390.94,323,326
390.94,338,336
390.94,323,323
390.94,342,339
390.94,320,322
390.95,342,342
390.96,322,321
391.02,344,343
391.02,326,322
391.02,340,343
391.02,327,326
391.02,337,340
391.02,332,329
391.02,332,336
391.08,337,333
391.08,329,331
391.08,342,338
391.08,325,327
391.08,345,342
391.08,325,325
391.09,347,345
391.15,325,323
391.15,346,346
391.15,322,322
391.15,344,346
391.15,331,327
391.15,341,344
391.16,336,331
391.21,339,342
391.21,340,336
391.21,335,338
391.21,345,340
391.21,331,333
391.21,349,346
391.22,328,332
391.29,350,350
391.29,331,330
391.29,353,353
391.29,331,330
391.29,355,354
391.29,331,331
391.29,347,350
391.35,337,333
391.35,342,347
391.35,342,337
391.35,340,342
391.35,346,342
391.35,335,339
391.35,348,347
391.41,336,336
391.41,354,350
391.41,334,333
391.41,356,354
391.41,332,332
391.41,352,353
391.42,334,331
391.47,353,354
391.47,337,335
391.47,349,351
391.47,340,337
391.47,340,344
391.47,345,340
391.48,339,341
391.54,349,344
391.54,332,335
391.54,348,347
391.54,327,330
391.54,352,350
391.54,328,327
391.55,349,349
391.6,326,326
391.6,346,347
391.6,330,326
391.6,343,345
391.6,334,328
391.61,337,340
391.61,337,331
391.67,331,335
391.67,339,335
391.67,329,330
391.67,344,340
391.67,327,328
391.67,347,343
391.68,323,323
391.74,346,345
391.74,323,321
391.74,345,344
391.74,326,323
391.74,340,342
391.74,325,322
391.74,336,338
391.8,327,325
391.8,329,331
391.8,332,329
391.8,324,326
391.8,333,331
391.8,321,322
391.81,339,335
391.86,318,317
391.86,338,335
391.86,315,314
391.86,339,337
391.86,315,313
391.87,334,335
391.88,318,314
391.94,329,331
391.94,320,316
391.94,321,325
391.94,324,318
391.94,318,320
391.94,324,321
391.94,314,316
392.0,328,325
392.0,307,310
392.0,329,327
392.0,305,305
392.0,327,327
392.0,304,302
392.01,325,325
392.06,308,305
392.06,322,323
392.06,311,306
392.06,318,319
392.06,315,309
392.06,312,315
392.07,319,314
392.13,309,310
392.13,321,318
392.13,304,306
392.13,323,321
392.13,302,304
392.13,324,324
392.14,303,303
392.19,325,325
392.19,303,303
392.19,323,324
392.19,310,306
392.19,320,324
392.2,314,311
392.2,318,320
392.27,319,315
392.27,315,316
392.27,323,321
392.27,312,315
392.27,328,326
392.27,310,311
392.27,328,328
392.33,307,308
392.33,330,332
392.33,310,309
392.33,330,330
392.33,313,309
392.33,329,330
392.33,319,313
392.39,322,326
392.39,323,319
392.39,316,322
392.39,326,323
392.39,314,318
392.39,328,325
392.4,312,315
392.45,333,330
392.45,311,311
392.45,337,334
392.45,313,313
392.45,337,336
392.46,316,314
392.47,336,336
392.52,319,317
392.52,331,334
392.52,326,322
392.52,327,333
392.52,333,329
392.52,325,328
392.53,334,334
392.6,321,325
392.6,340,338
392.6,321,321
392.6,340,339
392.6,321,320
392.6,344,343
392.6,322,320
392.66,343,343
392.66,326,322
392.66,338,341
392.66,329,325
392.66,333,336
392.66,332,329
392.66,330,333
392.72,336,333
392.72,324,327
392.72,340,338
392.72,322,325
392.72,342,341
392.72,321,322
392.73,345,344
392.78,322,322
392.78,342,344
392.78,325,322
392.78,342,345
392.78,327,326
392.79,339,341
392.79,333,329
392.84,333,335
392.84,338,334
392.84,331,333
392.84,342,339
392.84,325,328
392.85,345,342
392.86,326,326
392.92,347,345
392.92,323,324
392.92,345,346
392.92,325,322
392.92,345,346
392.92,327,324
392.92,338,341
392.98,334,328
392.98,332,337
392.98,333,330
392.98,330,333
392.98,337,335
392.98,326,329
392.99,342,339
393.05,325,326
393.05,345,343
393.05,321,320
393.05,344,345
393.05,321,320
393.05,343,345
393.06,325,323
393.11,340,343
393.11,329,325
393.11,335,339
393.11,335,329
393.11,333,336
393.11,336,333
393.12,326,329
393.19,340,337
393.19,323,325
393.19,343,342
393.19,322,324
393.19,344,344
393.19,320,322
393.19,344,344
393.25,323,322
393.25,342,344
393.25,330,326
393.25,341,342
393.25,333,331
393.25,337,339
393.25,341,336
393.31,336,338
393.31,345,341
393.31,329,332
393.31,348,346
393.31,328,331
393.31,351,348
393.32,328,328
393.37,351,350
393.37,329,326
393.37,347,349
393.37,331,328
393.37,344,347
393.37,337,333
393.38,343,346
393.44,341,336
393.44,336,339
393.44,343,341
393.44,334,334
393.44,346,344
393.44,329,330
393.45,347,346
393.51,328,328
393.51,350,349
393.51,324,325
393.51,346,350
393.51,330,326
393.51,347,348
393.51,330,328
393.58,342,346
393.58,339,335
393.58,338,341
393.58,344,339
393.58,335,337
393.58,345,342
393.58,329,331
393.64,349,345
393.64,326,327
393.64,346,345
393.64,323,324
393.64,344,344
393.64,324,322
393.65,344,344
393.7,324,323
393.7,337,340
393.7,328,325
393.7,335,336
393.7,335,330
393.7,328,332
393.71,337,335
393.76,326,328
393.76,342,338
393.76,323,323
393.76,345,341
393.76,322,322
393.77,344,344
393.78,321,321
393.83,344,344
393.83,325,322
393.83,341,343
393.83,329,326
393.83,339,341
393.83,334,332
393.84,334,337
393.9,338,334
393.9,328,331
393.9,342,339
393.9,327,328
393.9,347,343
393.9,322,324
393.91,346,344
393.97,321,321
393.97,344,342
393.97,321,319
393.97,340,341
393.97,324,321
393.97,336,338
393.97,327,325
394.03,332,335
394.03,333,329
394.03,328,331
394.03,337,334
394.03,324,325
394.03,342,337
394.04,321,322
394.09,342,340
394.09,321,321
394.09,342,341
394.09,318,317
394.09,339,339
394.1,318,316
394.1,333,335
394.17,321,318
394.17,324,328
394.17,322,319
394.17,319,321
394.17,326,320
394.17,313,314
394.17,325,321
394.23,306,307
394.23,324,323
394.23,304,304
394.23,327,326
394.23,304,302
394.23,326,325
394.24,306,304
394.29,324,326
394.29,310,307
394.29,318,321
394.29,317,311
394.29,315,317
394.29,318,314
394.3,309,311
394.35,320,318
394.35,309,309
394.35,324,322
394.35,305,305
394.35,326,325
394.36,303,304
394.37,328,328
394.42,306,305
394.42,326,328
394.42,309,306
394.42,323,325
394.42,313,309
394.42,317,321
394.43,317,313
394.5,311,316
394.5,322,318
394.5,313,314
394.5,327,322
394.5,308,309
394.5,329,325
394.5,304,306
394.56,329,328
394.56,306,305
394.56,329,330
394.56,311,307
394.56,326,328
394.56,315,312
394.56,323,325
394.62,320,317
394.62,318,322
394.62,326,322
394.62,317,318
394.62,328,326
394.62,314,315
394.63,332,330
394.68,309,312
394.68,334,331
394.68,310,309
394.68,332,334
394.68,314,312
394.69,332,333
394.69,317,313
394.76,326,329
394.76,321,318
394.76,322,325
394.76,324,321
394.76,321,322
394.76,329,324
394.76,318,318
394.82,332,329
394.82,312,313
394.82,330,329
394.82,310,310
394.82,333,333
394.82,310,310
394.83,331,332
394.88,315,313
394.88,328,331
394.88,317,314
394.88,324,327
394.88,324,319
394.88,322,324
394.89,326,324
394.94,315,319
394.94,327,326
394.94,314,315
394.94,334,330
394.94,310,312
394.95,330,331
394.96,310,311
395.01,330,332
395.01,311,310
395.01,330,330
395.01,315,311
395.01,322,327
395.01,318,315
395.02,320,321
395.08,321,319
395.08,315,319
395.08,326,323
395.08,309,312
395.08,329,327
395.08,308,310
395.09,330,329
395.15,307,308
395.15,333,331
395.15,311,308
395.15,331,331
395.15,313,310
395.15,325,328
395.15,313,311
395.21,321,323
395.21,323,318
395.21,317,320
395.21,326,322
395.21,312,317
395.21,332,328
395.22,314,316
395.27,332,331
395.27,310,312
395.27,337,334
395.27,311,312
395.27,336,335
395.28,317,313
395.28,336,337
395.33,322,317
395.33,330,332
395.33,324,321
395.33,324,328
395.33,331,325
395.34,320,322
395.35,332,330
395.41,317,319
395.41,335,333
395.41,317,317
395.41,340,339
395.41,318,317
395.41,342,340
395.41,319,316
395.48,337,337
395.48,323,320
395.48,335,337
395.48,328,324
395.48,333,334
395.48,333,329
395.48,328,331
395.54,338,335
395.54,325,326
395.54,342,338
395.54,322,324
395.54,341,341
395.54,320,323
395.55,344,344
395.6,323,321
395.6,342,344
395.6,326,325
395.6,342,343
395.6,330,327
395.6,336,340
395.61,335,330
395.66,331,335
395.66,337,336
395.66,329,331
395.66,342,340
395.66,322,327
395.67,346,343
395.68,323,324
395.74,349,346
395.74,325,324
395.74,347,347
395.74,329,326
395.74,345,347
395.74,331,328
395.74,341,345
395.8,335,332
395.8,339,342
395.8,345,340
395.8,338,339
395.8,349,345
395.8,334,336
395.81,352,349
395.86,333,334
395.86,353,353
395.86,333,333
395.86,358,357
395.86,334,333
395.87,357,357
395.87,341,337
395.93,355,356
395.93,345,340
395.93,348,352
395.93,351,346
395.93,344,349
395.93,354,350
395.94,343,343
395.99,356,353
395.99,338,341
395.99,361,359
395.99,337,338
395.99,359,358
396.0,337,336
396.0,358,359
396.07,338,337
396.07,354,357
396.07,342,340
396.07,349,353
396.07,348,343
396.07,346,350
396.07,349,347
396.13,341,344
396.13,354,350
396.13,336,339
396.13,357,353
396.13,332,335
396.13,357,354
396.14,333,333
396.19,358,356
396.19,334,333
396.19,355,354
396.19,337,334
396.19,349,352
396.19,345,339
396.2,348,349
396.25,347,342
396.26,340,343
396.26,351,346
396.26,335,337
396.26,354,349
396.26,332,334
396.27,353,351
396.32,329,331
396.32,355,354
396.32,332,330
396.32,352,353
396.32,334,330
396.32,348,351
396.33,336,333
396.39,342,345
396.39,339,336
396.39,338,340
396.39,341,339
396.39,335,336
396.39,346,342
396.4,327,328
396.46,345,343
396.46,325,325
396.46,346,346
396.46,323,322
396.46,346,346
396.46,325,322
396.46,341,344
396.52,328,324
396.52,339,340
396.52,332,329
396.52,334,337
396.52,335,332
396.52,329,332
396.53,342,338
396.58,325,327
396.58,343,340
396.58,323,325
396.58,345,343
396.58,320,320
396.59,344,344
396.59,323,322
396.66,342,343
396.66,324,322
396.66,339,339
396.66,327,322
396.66,331,334
396.66,330,326
396.66,325,328
396.72,333,328
396.72,321,322
396.72,333,331
396.72,314,316
396.72,336,333
396.72,311,311
396.73,336,333
396.78,311,309
396.78,331,331
396.78,311,309
396.78,328,329
396.78,313,310
396.78,326,326
396.79,319,314
396.85,318,321
396.85,321,319
396.85,313,316
396.85,326,322
396.85,311,311
396.85,327,325
396.86,307,309
396.87,330,328
396.88,305,306
396.89,330,329
396.94,306,306
396.94,325,328
396.94,312,309
396.94,323,325
396.94,318,312
396.94,320,324
396.95,322,317
397.0,314,318
397.0,327,322
397.0,313,315
397.0,328,326
397.0,311,311
397.01,332,329
397.02,311,310
397.08,330,330
397.08,308,308
397.08,330,332
397.08,310,308
397.08,326,330
397.08,318,312
397.08,321,324
397.14,319,315
397.14,318,322
397.14,323,320
397.14,313,316
397.14,328,323
397.14,313,313
397.15,329,328
397.2,308,309
397.2,329,329
397.2,307,307
397.2,330,329
397.2,310,308
397.2,333,334
397.21,321,317
397.27,332,335
397.27,327,324
397.27,331,335
397.27,333,332
397.27,328,331
397.27,338,334
397.28,322,326
397.33,342,340
397.33,322,326
397.33,346,343
397.33,321,322
397.33,346,344
397.34,322,320
397.34,342,343
397.41,324,322
397.41,339,341
397.41,326,325
397.41,333,336
397.41,334,329
397.41,330,332
397.41,333,331
397.47,321,325
397.47,337,335
397.47,320,321
397.47,343,339
397.47,315,317
397.47,340,340
397.48,318,317
397.53,340,340
397.53,320,317
397.53,337,340
397.53,324,321
397.53,333,337
397.53,329,325
397.54,329,331
397.59,331,328
397.59,325,327
397.59,337,335
397.6,322,325
397.6,343,340
397.6,322,323
397.61,344,344
397.66,324,323
397.66,348,347
397.66,325,324
397.66,345,347
397.66,329,326
397.66,342,345
397.67,333,330
397.74,334,339
397.74,337,334
397.74,331,335
397.74,340,337
397.74,329,331
397.74,346,342
397.74,326,329
397.8,349,347
397.8,326,327
397.8,349,348
397.8,327,326
397.8,350,351
397.8,330,327
397.8,347,348
397.86,335,331
397.86,341,343
397.86,338,335
397.86,338,340
397.86,344,339
397.86,333,334
397.87,347,342
397.92,325,330
397.92,348,347
397.92,325,326
397.92,350,348
397.92,324,325
397.93,345,346
397.93,328,326
397.99,346,347
397.99,330,326
397.99,341,342
397.99,331,328
397.99,334,337
397.99,335,331
398.0,329,334
398.06,341,338
398.06,325,329
398.06,344,344
398.06,327,327
398.06,347,346
398.06,324,323
398.06,347,345
398.13,323,323
398.13,345,345
398.13,328,324
398.13,344,345
398.13,331,328
398.13,337,339
398.13,332,329
398.19,330,333
398.19,336,332
398.19,325,327
398.19,339,336
398.19,320,322
398.19,338,337
398.2,317,319
398.25,341,339
398.25,316,317
398.25,339,339
398.25,319,317
398.25,338,337
398.25,326,321
398.26,333,336
398.31,326,324
398.31,329,330
398.31,332,328
398.31,324,327
398.31,335,331
398.32,318,322
398.33,338,335
398.39,317,319
398.39,338,337
398.39,318,317
398.39,341,341
398.39,319,318
398.39,339,341
398.39,325,323
398.45,337,340
398.45,328,325
398.45,336,337
398.45,336,332
398.45,331,334
398.45,338,336
398.46,326,330
398.52,345,341
398.52,325,326
398.52,344,343
398.52,324,323
398.52,343,343
398.52,325,323
398.52,342,344
398.58,326,323
398.58,341,344
398.58,328,324
398.58,335,340
398.58,334,330
398.58,331,335
398.59,338,333
398.64,331,333
398.64,340,338
398.64,324,329
398.64,347,343
398.64,325,326
398.65,348,348
398.65,324,326
398.71,349,349
398.71,329,328
398.71,348,349
398.71,331,330
398.71,343,347
398.71,338,334
398.72,338,343
398.78,342,339
398.78,336,338
398.78,347,343
398.78,330,334
398.78,349,346
398.78,329,331
398.79,352,349
398.85,324,326
398.85,349,349
398.85,326,324
398.85,346,348
398.85,327,324
398.85,341,344
398.85,331,328
398.91,337,340
398.91,335,331
398.91,331,334
398.91,339,334
398.91,324,328
398.91,338,336
398.92,323,323
398.97,342,338
398.97,318,319
398.97,343,340
398.97,316,316
398.97,342,341
398.97,320,319
398.98,337,340
399.03,324,321
399.03,334,338
399.03,327,323
399.03,328,333
399.03,334,330
399.04,324,328
399.05,338,334
399.11,323,325
399.11,342,337
399.11,320,322
399.11,343,341
399.11,319,319
399.11,342,342
399.11,320,319
399.17,341,341
399.17,320,318
399.17,335,337
399.17,326,322
399.17,330,334
399.17,332,327
399.18,327,329
399.23,334,330
399.23,321,324
399.24,339,335
399.24,321,322
399.24,341,339
399.24,320,319
399.24,341,341
399.3,316,317
399.3,339,340
399.3,318,317
399.3,334,337
399.3,325,321
399.3,333,335
399.31,329,325
399.36,328,332
399.36,334,330
399.36,325,328
399.36,337,334
399.36,322,324
399.37,341,338
399.38,316,318
399.44,341,339
399.44,320,319
399.44,340,340
399.44,320,318
399.44,337,339
399.44,321,318
399.44,329,334
399.5,327,322
399.5,329,331
399.5,329,326
399.5,324,327
399.5,332,330
399.5,319,322
399.51,337,333
399.56,316,317
399.56,336,335
399.56,314,314
399.56,337,337
399.56,312,312
399.56,334,335
399.57,315,313
399.62,331,333
399.62,321,318
399.62,327,329
399.62,326,322
399.62,322,327
399.63,331,327
399.64,321,323
399.69,337,333
399.69,322,322
399.69,340,340
399.69,320,322
399.69,347,345
399.7,323,321
399.7,344,344
399.77,324,322
399.77,340,342
399.77,326,323
399.77,335,338
399.77,329,326
399.77,327,332
399.77,331,328
399.83,326,327
399.83,335,333
399.83,324,324
399.83,338,336
399.83,319,319
399.83,340,339
399.83,316,317
399.89,338,339
399.89,319,317
399.89,339,339
399.89,321,318
399.89,334,337
399.89,327,322
399.9,328,332
399.95,329,325
399.95,326,329
399.95,334,330
399.95,322,325
399.95,336,335
399.96,319,320
399.97,340,339
400.02,318,320
400.02,340,340
400.02,319,319
400.02,340,342
400.02,321,319
400.02,336,340
400.03,324,322
400.09,333,336
400.09,330,326
400.09,329,333
400.09,333,330
400.09,324,329
400.1,339,336
400.1,325,325
400.16,340,338
400.16,319,321
400.16,342,342
400.16,320,320
400.16,345,343
400.16,322,320
400.16,340,340
400.22,325,321
400.22,336,339
400.22,329,324
400.22,331,334
400.22,331,327
400.22,322,327
400.23,332,328
400.28,321,323
400.28,338,333
400.28,317,319
400.28,339,336
400.28,317,316
400.28,339,337
400.29,313,313
400.34,335,335
400.34,313,312
400.34,331,333
400.34,319,316
400.35,327,330
400.35,327,324
400.36,324,328
400.42,331,328
400.42,320,323
400.42,334,331
400.42,318,320
400.42,336,335
400.42,317,317
400.42,338,337
400.49,314,315
400.49,336,338
400.49,317,315
400.49,336,336
400.49,322,319
400.49,334,336
400.49,326,323
400.55,328,332
400.55,331,328
400.55,327,328
400.55,335,333
400.55,320,323
400.55,340,336
400.56,319,320
400.61,341,338
400.61,316,316
400.61,338,338
400.61,317,315
400.61,339,338
400.61,321,318
400.62,336,337
400.67,327,321
400.67,330,335
400.67,332,327
400.67,328,330
400.67,335,330
400.68,324,325
400.69,337,332
400.74,317,320
400.74,339,336
400.74,317,318
400.74,340,340
400.74,316,317
400.74,339,339
400.75,320,317
400.81,337,340
400.81,325,320
400.81,330,335
400.81,327,325
400.81,329,333
400.81,334,329
400.82,323,326
400.88,336,333
400.88,320,323
400.88,339,336
400.88,316,318
400.88,339,338
400.88,317,317
400.88,340,339
400.94,319,317
400.94,337,339
400.94,320,319
400.94,335,335
400.94,325,320
400.94,329,333
400.95,328,326
401.0,325,328
401.0,333,330
401.0,321,324
401.0,336,335
401.0,317,320
401.01,342,340
401.01,320,321
401.06,345,344
401.06,321,320
401.06,342,342
401.06,323,320
401.06,336,339
401.07,326,323
401.08,333,337
401.14,331,327
401.14,330,332
401.14,336,331
401.14,327,329
401.14,338,336
401.14,323,326
401.14,343,342
401.2,321,321
401.2,346,344
401.2,322,321
401.2,345,345
401.2,320,321
401.2,345,345
401.21,327,324
401.27,338,342
401.27,331,328
401.27,334,338
401.27,337,334
401.27,330,333
401.27,341,337
401.28,327,328
401.33,345,341
401.33,325,325
401.33,345,342
401.33,323,322
401.33,348,346
401.33,323,322
401.34,344,344
401.41,327,323
401.41,340,341
401.41,329,325
401.41,335,338
401.41,332,329
401.41,330,332
401.41,340,336
401.47,328,330
401.47,342,339
401.47,322,325
401.47,344,342
401.47,323,323
401.47,346,344
401.47,322,322
401.53,347,346
401.53,324,321
401.53,342,344
401.53,328,325
401.53,336,339
401.53,331,327
401.54,332,335
401.59,335,331
401.59,327,329
401.59,337,336
401.59,323,326
401.59,343,340
401.6,322,324
401.6,343,343
401.66,321,322
401.66,347,346
401.66,323,322
401.66,345,344
401.66,326,324
401.66,340,343
401.67,333,328
401.73,337,338
401.73,335,332
401.73,334,335
401.73,342,336
401.73,328,329
401.73,344,340
401.73,325,325
401.8,344,342
401.8,321,321
401.8,344,344
401.8,324,322
401.8,342,344
401.8,323,321
401.8,341,342
401.86,326,324
401.86,336,338
401.86,333,329
401.86,331,334
401.86,339,334
401.86,325,328
401.87,338,336
401.92,326,326
401.92,341,340
401.92,323,323
401.92,344,342
401.92,321,320
401.92,344,344
401.93,323,320
401.99,339,341
401.99,325,321
401.99,334,337
401.99,326,323
401.99,327,330
401.99,327,325
402.0,321,325
402.05,330,327
402.05,314,318
402.05,334,330
402.05,313,314
402.05,336,334
402.05,314,312
402.06,336,334
402.13,312,311
402.13,332,334
402.13,317,314
402.13,331,332
402.13,320,317
402.13,327,328
402.13,323,319
402.19,321,323
402.19,327,324
402.19,317,320
402.19,334,329
402.19,315,316
402.19,334,333
402.19,315,315
402.25,338,335
402.25,312,313
402.25,334,335
402.25,318,315
402.25,334,336
402.25,320,317
402.26,330,334
402.31,325,320
402.31,324,329
402.31,329,325
402.31,321,325
402.31,334,331
402.32,318,321
402.32,337,334
402.38,317,318
402.38,339,337
402.38,315,316
402.38,340,340
402.38,318,316
402.38,336,338
402.39,320,318
402.44,334,336
402.44,325,320
402.44,329,332
402.44,328,325
402.44,325,328
402.45,332,329
402.46,321,323
402.52,336,332
402.52,320,320
402.52,339,337
402.52,319,318
402.52,341,340
402.52,318,319
402.52,341,342
402.58,323,320
402.58,338,341
402.58,324,322
402.58,332,335
402.58,329,326
402.58,326,331
402.59,335,331
402.64,325,327
402.64,337,335
402.64,322,323
402.64,341,338
402.64,318,318
402.64,340,338
402.65,318,316
402.7,337,338
402.7,318,316
402.7,336,339
402.7,321,317
402.7,334,336
402.71,325,321
402.72,326,330
402.77,330,325
402.77,323,325
402.77,331,328
402.77,319,322
402.77,335,332
402.77,315,317
402.78,337,334
402.85,314,312
402.85,338,336
402.85,314,314
402.85,334,336
402.85,317,316
402.85,333,336
402.85,322,318
402.91,328,330
402.91,325,322
402.91,322,326
402.91,332,327
402.91,318,321
402.91,333,329
402.91,315,316
402.97,334,331
402.97,312,313
402.97,335,335
402.97,312,311
402.97,334,334
402.97,315,313
402.98,331,334
403.03,321,316
403.03,330,331
403.03,324,321
403.03,323,328
403.03,327,325
403.04,320,324
403.05,332,330
403.1,319,321
403.1,338,336
403.1,316,319
403.1,339,338
403.1,314,317
403.1,341,341
403.11,318,316
403.18,339,340
403.18,321,319
403.18,336,336
403.18,325,323
403.18,330,333
403.18,330,327
403.18,327,329
403.24,335,332
403.24,321,324
403.24,338,335
403.24,322,322
403.24,338,337
403.24,319,319
403.24,340,340
403.3,317,318
403.3,339,339
403.3,319,317
403.3,335,338
403.3,324,321
403.3,331,335
403.31,326,325
403.36,328,331
403.36,333,330
403.36,325,328
403.36,337,334
403.36,322,323
403.36,338,337
403.37,319,320
403.43,341,339
403.43,316,316
403.43,343,341
403.43,321,318
403.43,340,340
403.43,325,321
403.44,333,337
403.49,330,326
403.49,329,332
403.49,332,329
403.49,328,330
403.49,339,335
403.5,325,326
403.5,341,338
403.57,321,323
403.57,341,339
403.57,320,320
403.57,341,342
403.57,320,318
403.57,342,342
403.57,323,321
403.63,337,338
403.63,328,323
403.63,332,335
403.63,330,327
403.63,330,331
403.63,334,331
403.64,323,326
403.69,339,335
403.69,319,321
403.69,338,336
403.69,318,319
403.69,340,338
403.69,317,315
403.7,337,337
403.76,317,316
403.76,333,337
403.76,318,318
403.76,332,334
403.76,324,322
403.76,325,327
403.77,326,325
403.82,321,324
403.82,335,331
403.82,320,323
403.82,336,334
403.82,320,320
403.82,342,340
403.83,317,319
403.9,340,340
403.9,319,316
403.9,336,339
403.9,325,320
403.9,332,335
403.9,325,321
403.9,328,332
403.96,328,326
403.96,326,326
403.96,332,330
403.96,321,323
403.96,338,333
403.96,317,320
403.96,337,336
404.02,317,316
404.02,339,338
404.02,316,314
404.02,334,336
404.02,319,314
404.02,332,335
404.03,320,317
404.08,329,331
404.08,324,322
404.08,323,327
404.08,331,325
404.08,321,323
404.09,335,330
404.09,318,320
404.15,337,335
404.15,314,316
404.15,338,337
404.15,317,316
404.15,338,337
404.15,317,314
404.16,334,337
404.21,322,319
404.21,334,337
404.21,329,324
404.21,330,333
404.21,332,329
404.22,324,329
404.22,338,334
404.29,324,327
404.29,341,338
404.29,320,323
404.29,343,342
404.29,321,321
404.29,344,345
404.29,323,322
404.35,341,344
404.35,325,323
404.35,343,344
404.35,330,328
404.35,337,340
404.35,338,334
404.36,335,337
404.37,342,338
404.38,328,333
404.38,346,342
404.44,329,329
404.44,348,346
404.44,326,326
404.44,349,346
404.44,325,324
404.44,348,347
404.45,328,325
404.5,346,347
404.5,332,329
404.5,340,344
404.5,334,333
404.5,336,341
404.51,341,336
404.52,332,335
404.57,345,342
404.57,330,331
404.57,348,346
404.57,326,329
404.57,350,348
404.57,327,327
404.58,351,350
404.65,329,327
404.65,349,349
404.65,333,330
404.65,344,346
404.65,334,331
404.65,340,343
404.65,338,336
404.71,337,338
404.71,341,339
404.71,330,332
404.71,347,343
404.71,327,328
404.71,350,347
404.71,326,326
404.77,350,349
404.77,325,325
404.77,347,347
404.77,327,325
404.77,343,345
404.77,332,329
404.78,338,341
404.83,336,332
404.83,333,336
404.83,342,336
404.83,330,332
404.83,343,339
404.84,327,327
404.84,346,342
404.9,320,324
404.9,345,343
404.9,323,322
404.9,345,346
404.9,323,322
404.9,341,344
404.91,326,323
404.97,338,339
404.97,330,324
404.97,330,334
404.97,332,329
404.97,328,330
404.97,339,334
404.97,325,326
405.03,342,339
405.03,320,322
405.03,344,343
405.03,318,319
405.03,343,342
405.03,321,320
405.04,342,341
405.1,324,320
405.1,334,336
405.1,325,320
405.1,327,332
405.1,326,324
405.1,324,327
405.11,333,329
405.16,320,323
405.16,335,331
405.16,317,318
405.16,339,337
405.16,313,315
405.16,334,334
405.17,312,312
405.22,336,334
405.22,315,313
405.22,331,333
405.22,319,314
405.22,328,329
405.23,320,317
405.24,320,324
405.3,322,319
405.3,314,318
405.3,327,323
405.3,309,313
405.3,331,328
405.3,309,311
405.3,333,331
405.36,309,310
405.36,332,331
405.36,311,308
405.36,331,331
405.36,314,311
405.36,327,330
405.37,318,314
405.43,322,324
405.43,320,318
405.43,316,319
405.43,325,322
405.43,311,315
405.43,328,325
405.43,310,312
405.49,329,328
405.49,308,309
405.49,330,329
405.49,310,306
405.49,331,332
405.49,313,310
405.5,327,329
405.55,318,315
405.55,323,326
405.55,320,318
405.55,319,322
405.55,325,320
405.56,314,317
405.56,329,327
405.63,312,314
405.63,331,329
405.63,312,312
405.63,331,331
405.63,311,311
405.63,334,334
405.63,312,312
405.69,331,334
405.69,316,313
405.69,329,330
405.69,323,320
405.69,323,327
405.69,329,324
405.7,319,323
405.75,331,327
405.75,317,320
405.75,336,332
405.75,315,315
405.75,335,333
405.75,313,312
405.76,336,334
405.81,313,311
405.81,334,334
405.81,316,313
405.81,327,330
405.81,318,315
405.82,323,326
405.83,323,319
405.88,319,322
405.88,326,323
405.88,314,317
405.88,331,327
405.88,313,314
405.88,334,330
405.89,310,312
405.95,333,333
405.95,310,310
405.95,333,334
405.96,312,311
405.96,333,333
405.96,316,313
405.96,324,328
406.02,324,320
406.02,321,324
406.02,326,324
406.02,319,321
406.02,331,327
406.02,316,317
406.02,334,333
406.08,313,315
406.08,336,335
406.08,314,313
406.08,336,335
406.08,313,311
406.08,332,335
406.09,319,315
406.14,331,332
406.14,320,317
406.14,324,328
406.14,325,323
406.14,320,322
406.15,330,328
406.15,317,320
406.22,335,332
406.22,318,317
406.22,337,334
406.22,315,316
406.22,336,337
406.22,319,318
406.22,341,340
406.28,322,319
406.28,333,336
406.28,325,322
406.28,332,335
406.28,329,325
406.28,328,330
406.29,337,332
406.34,323,324
406.34,336,334
406.34,322,322
406.34,339,337
406.34,317,318
406.34,340,340
406.35,318,318
406.4,340,341
406.4,318,318
406.4,337,340
406.4,325,320
406.4,335,337
406.41,330,326
406.42,328,332
406.47,335,329
406.47,326,329
406.47,340,335
406.47,322,326
406.47,341,339
406.47,321,324
406.48,342,342
406.55,319,320
406.55,345,344
406.55,323,320
406.55,340,343
406.55,324,323
406.55,339,340
406.55,330,326
406.61,336,337
406.61,334,329
406.61,329,333
406.61,343,337
406.61,326,330
406.61,343,342
406.61,325,326
406.67,348,344
406.67,324,325
406.67,348,348
406.67,327,324
406.67,346,348
406.67,330,327
406.68,346,347
406.73,334,329
406.73,340,343
406.73,338,335
406.73,337,340
406.73,341,337
406.74,330,334
406.74,345,342
406.8,328,332
406.8,351,348
406.8,330,329
406.8,351,349
406.8,327,325
406.8,349,350
406.81,327,325
406.86,346,348
406.86,333,329
406.86,342,345
406.86,338,334
406.86,339,342
406.87,340,337
406.87,333,337
406.94,346,342
406.94,330,332
406.94,347,345
406.94,327,329
406.94,348,348
406.94,325,326
406.94,348,349
407.0,327,325
407.0,348,348
407.0,331,326
407.0,344,346
407.0,336,331
407.0,340,342
407.01,339,334
407.06,334,337
407.06,342,338
407.06,331,335
407.06,347,344
407.06,331,332
407.06,348,347
407.07,328,328
407.12,351,351
407.12,326,326
407.12,352,350
407.12,328,328
407.12,348,350
407.13,339,335
407.14,346,349
407.2,340,336
407.2,342,344
407.2,347,343
407.2,336,339
407.2,351,347
407.2,332,334
407.2,353,348
407.26,329,330
407.26,351,351
407.26,329,329
407.26,352,351
407.26,328,328
407.26,350,351
407.27,333,330
407.33,345,346
407.33,337,332
407.33,338,342
407.33,337,336
407.33,334,336
407.33,344,339
407.33,326,330
407.39,344,341
407.39,326,326
407.39,344,343
407.39,323,322
407.39,346,345
407.39,323,321
407.4,344,344
407.45,323,322
407.45,338,341
407.45,327,323
407.45,335,336
407.45,331,327
407.46,330,331
407.46,334,331
407.53,322,326
407.53,338,333
407.53,319,321
407.53,341,337
407.53,317,317
407.53,340,339
407.53,320,318
407.59,339,338
407.59,319,317
407.59,335,337
407.59,322,318
407.59,330,333
407.59,324,320
407.6,324,328
407.65,328,325
407.65,324,326
407.65,335,331
407.65,320,321
407.65,338,335
407.65,319,319
407.66,340,338
407.71,318,317
407.71,338,338
407.71,317,316
407.71,338,337
407.71,316,316
407.72,333,334
407.73,322,319
407.79,328,330
407.79,329,326
407.79,326,327
407.79,333,329
407.79,322,323
407.79,337,333
407.79,316,319
407.85,337,335
407.85,315,317
407.85,340,338
407.85,317,316
407.85,340,340
407.85,318,317
407.86,336,339
407.92,324,320
407.92,332,335
407.92,330,325
407.92,329,332
407.92,334,329
407.92,323,326
407.92,336,333
407.98,321,322
407.98,338,336
407.98,315,316
407.98,339,338
407.98,314,314
407.98,339,339
407.99,319,316
408.04,335,336
408.04,320,318
408.04,333,335
408.04,326,321
408.04,328,331
408.05,330,327
408.05,323,327
408.12,333,330
408.12,320,323
408.12,336,334
408.12,318,319
408.12,340,337
408.12,316,317
408.12,338,338
408.18,318,316
408.18,339,338
408.18,321,318
408.18,334,336
408.18,322,320
408.18,329,332
408.19,329,325
408.24,326,329
408.24,333,329
408.24,323,324
408.24,340,337
408.24,318,320
408.24,341,339
408.25,320,321
408.31,342,341
408.31,323,320
408.31,342,342
408.31,318,317
408.31,339,339
408.31,325,320
408.32,332,334
408.37,326,324
408.37,326,329
408.37,328,325
408.37,320,323
408.37,331,329
408.37,317,317
408.38,332,330
408.43,312,313
408.43,333,332
408.43,310,310
408.43,332,332
408.43,310,309
408.44,328,330
408.45,314,310
408.51,325,328
408.51,317,314
408.51,321,325
408.51,322,319
408.51,315,318
408.51,324,322
408.51,313,315
408.57,329,325
408.57,311,312
408.57,330,329
408.57,309,310
408.57,333,331
408.57,311,308
408.58,328,330
408.63,311,309
408.63,328,330
408.63,318,314
408.63,324,327
408.63,322,318
408.64,319,323
408.64,325,322
408.7,316,319
408.7,329,325
408.7,313,315
408.7,334,330
408.7,311,312
408.7,334,333
408.71,308,308
408.77,333,333
408.77,314,313
408.77,333,335
408.77,318,315
408.77,328,330
408.77,320,319
408.78,324,327
408.84,330,324
408.84,323,325
408.84,334,331
408.84,321,323
408.84,339,336
408.84,319,320
408.84,340,338
408.9,319,318
408.9,341,339
408.9,319,318
408.9,338,339
408.9,323,320
408.9,337,340
408.91,329,324
408.96,332,335
408.96,330,328
408.96,328,332
408.96,338,333
408.96,326,328
408.96,341,338
408.97,323,325
409.02,344,342
409.02,321,322
409.02,345,343
409.02,322,321
409.02,343,344
409.03,325,321
409.04,339,340
409.1,327,325
409.1,336,339
409.1,331,328
409.1,332,336
409.1,336,333
409.1,329,331
409.1,342,339
409.16,324,326
409.16,344,342
409.16,326,326
409.16,347,344
409.16,323,323
409.16,348,347
409.17,324,323
409.22,343,345
409.22,326,325
409.22,338,341
409.22,332,327
409.22,333,337
409.23,338,332
409.23,328,332
409.29,341,336
409.29,326,327
409.29,342,339
409.29,322,324
409.29,345,342
409.29,321,322
409.3,344,344
409.36,320,320
409.36,340,342
409.36,323,322
409.36,341,342
409.36,328,325
409.36,335,338
409.37,334,331
409.42,332,336
409.42,341,336
409.42,329,332
409.42,344,341
409.42,328,330
409.43,349,346
409.43,324,325
409.49,348,348
409.49,327,326
409.49,345,345
409.49,326,327
409.49,342,346
409.49,331,327
409.5,338,343
409.55,335,330
409.55,336,338
409.55,335,333
409.55,329,333
409.55,343,338
409.55,324,327
409.56,344,340
409.63,323,323
409.63,346,344
409.63,322,322
409.63,343,344
409.63,324,323
409.63,344,345
409.63,329,325
409.69,338,342
409.69,331,327
409.69,334,338
409.69,336,332
409.69,328,333
409.69,342,337
409.69,328,331
409.75,345,341
409.75,327,328
409.75,348,345
409.75,325,326
409.75,350,349
409.75,327,326
409.76,347,347
409.81,328,326
409.81,344,346
409.81,331,328
409.81,338,342
409.81,335,332
409.82,337,339
409.82,341,338
409.87,332,334
409.87,347,343
409.87,328,332
409.87,346,345
409.88,327,327
409.88,348,348
409.89,325,325
409.95,348,348
409.95,325,324
409.95,342,345
409.95,326,325
409.95,340,341
409.95,333,328
409.96,333,336
410.01,335,332
410.01,327,331
410.01,337,334
410.01,322,324
410.01,340,337
410.01,320,321
410.02,341,338
410.08,319,318
410.08,341,339
410.08,317,318
410.08,338,340
410.08,320,318
410.08,336,337
410.09,324,321
410.14,331,333
410.14,330,326
410.14,328,330
410.14,336,333
410.14,327,328
410.14,344,340
410.15,324,326
410.2,347,345
410.2,322,324
410.2,347,347
410.2,325,325
410.2,346,348
410.21,325,324
410.22,344,345
410.28,330,327
410.28,338,341
410.28,334,330
410.28,333,336
410.28,337,334
410.28,330,332
410.28,340,338
410.34,327,328
410.34,346,342
410.34,322,325
410.34,348,346
410.34,324,324
410.34,347,346
410.35,326,322
410.41,344,345
410.41,329,325
410.41,341,342
410.41,333,330
410.41,336,337
410.41,338,333
410.41,330,334
410.47,340,336
410.47,328,331
410.47,345,340
410.47,324,326
410.47,344,343
410.47,323,323
410.48,345,345
410.53,324,324
410.53,345,346
410.53,326,324
410.53,340,344
410.53,328,327
410.54,339,341
410.54,335,330
410.6,333,338
410.6,341,336
410.6,328,330
410.6,343,340
410.6,325,326
410.6,341,340
410.61,318,319
410.67,340,340
410.68,317,317
410.68,341,340
410.68,319,317
410.68,337,338
410.68,323,319
410.68,331,335
410.74,325,323
410.74,327,329
410.74,328,324
410.74,321,324
410.74,331,327
410.74,316,318
410.74,335,331
410.8,315,315
410.8,336,335
410.8,312,312
410.8,334,335
410.8,313,311
410.8,330,333
410.81,312,309
410.86,325,327
410.86,315,312
410.86,319,322
410.86,321,316
410.86,317,318
410.86,324,319
410.87,310,314
410.92,327,323
410.92,305,309
410.92,329,326
410.92,308,307
410.92,331,329
410.93,306,307
410.94,325,326
411.0,305,304
411.0,321,322
411.0,308,304
411.0,313,316
411.0,309,307
411.0,308,311
411.0,314,308
411.06,305,307
411.06,318,314
411.06,300,302
411.06,319,316
411.06,297,299
411.06,317,316
411.07,295,295
411.12,319,318
411.12,294,293
411.12,313,313
411.12,299,294
411.12,308,310
411.13,298,295
411.13,301,302
411.19,303,298
411.19,295,297
411.19,304,301
411.19,289,293
411.19,306,306
411.19,289,289
411.2,311,309
411.25,288,289
411.25,312,311
411.25,289,287
411.25,309,310
411.25,290,288
411.26,307,308
411.27,296,294
411.33,302,306
411.33,304,299
411.33,300,304
411.33,308,306
411.33,298,301
411.33,315,312
411.33,298,299
411.39,316,315
411.39,297,298
411.39,319,320
411.39,296,296
411.39,320,322
411.39,300,298
411.4,322,322
411.45,304,303
411.45,319,320
411.45,313,309
411.45,313,316
411.45,319,315
411.45,310,313
411.46,324,320
411.51,310,312
411.51,328,325
411.52,309,310
411.52,334,332
411.52,311,310
411.52,332,333
411.53,312,311
411.59,330,334
411.59,318,314
411.59,331,333
411.59,323,319
411.59,326,330
411.59,329,324
411.59,323,327
411.65,333,330
411.65,321,324
411.65,338,334
411.65,321,321
411.66,342,339
411.66,321,321
411.66,345,342
411.72,322,320
411.72,342,343
411.72,323,321
411.72,340,342
411.72,329,326
411.72,335,338
411.72,336,330
411.78,331,335
411.78,338,334
411.78,329,331
411.78,343,338
411.78,326,326
411.78,346,343
411.79,322,324
411.84,347,344
411.84,321,322
411.84,345,345
411.84,323,320
411.84,341,342
411.85,328,324
411.86,337,341
411.87,333,328
411.88,335,337
411.88,337,334
411.94,332,334
411.94,341,337
411.94,329,329
411.94,346,342
411.94,324,326
411.94,346,344
411.95,323,323
412.01,348,348
412.01,324,324
412.01,346,347
412.01,329,328
412.01,343,345
412.01,335,331
412.02,340,345
412.08,340,337
412.08,336,341
412.08,343,342
412.08,336,337
412.08,349,346
412.08,331,332
412.08,353,348
412.14,329,329
412.14,351,350
412.14,331,330
412.14,353,352
412.14,332,331
412.14,348,351
412.15,336,331
412.2,345,347
412.2,338,336
412.2,338,343
412.2,344,340
412.2,336,338
412.2,348,346
412.21,331,333
412.26,350,348
412.26,327,331
412.26,353,351
412.26,328,328
412.26,351,351
412.27,328,326
412.28,347,348
412.34,331,327
412.34,341,344
412.34,330,329
412.34,335,339
412.34,337,333
412.34,328,332
412.34,338,336
412.4,325,325
412.4,339,337
412.4,321,322
412.41,342,338
412.41,318,319
412.41,340,340
412.41,317,317
412.47,338,340
412.47,321,319
412.47,337,337
412.47,324,322
412.47,331,334
412.47,330,326
412.47,329,331
412.53,336,331
412.53,324,326
412.53,337,334
412.53,318,321
412.53,340,337
412.53,317,319
412.54,343,340
412.59,316,316
412.59,340,340
412.59,319,317
412.59,337,337
412.59,322,319
412.6,331,334
412.61,329,324
412.67,328,331
412.67,333,329
412.67,325,329
412.67,336,334
412.67,321,323
412.67,342,338
412.67,321,323
412.73,342,340
412.73,321,320
412.73,343,341
412.73,320,317
412.73,340,342
412.73,323,321
412.74,337,339
412.79,330,324
412.79,332,335
412.79,334,329
412.79,328,331
412.79,337,334
412.79,325,327
412.8,341,337
412.86,322,323
412.86,343,340
412.86,320,320
412.86,344,343
412.86,321,318
412.86,343,342
412.87,321,320
412.92,339,341
412.92,324,321
412.92,335,337
412.92,329,326
412.92,327,329
412.92,332,328
412.93,324,325
413.0,336,333
413.0,319,321
413.0,338,335
413.0,319,319
413.0,340,338
413.0,315,316
413.0,339,338
413.06,316,316
413.06,336,337
413.06,318,318
413.06,331,335
413.06,327,322
413.06,327,331
413.06,331,326
413.12,324,326
413.12,336,331
413.12,320,322
413.12,338,336
413.12,318,322
413.12,344,342
413.13,320,320
413.18,344,343
413.18,321,320
413.18,343,344
413.18,325,321
413.18,336,340
413.19,328,325
413.19,333,335
413.25,332,330
413.25,331,333
413.25,339,333
413.25,326,329
413.25,340,338
413.25,322,324
413.26,344,340
413.32,321,321
413.32,344,343
413.32,320,320
413.32,343,342
413.32,321,319
413.32,336,339
413.33,325,321
413.38,332,336
413.38,327,325
413.38,330,331
413.38,333,329
413.38,323,326
413.39,338,335
413.39,323,325
413.45,340,337
413.45,319,321
413.45,343,341
413.45,319,319
413.45,341,342
413.45,320,318
413.46,338,341
413.51,322,321
413.51,335,339
413.51,327,325
413.51,332,334
413.51,333,330
413.51,329,330
413.52,336,332
413.59,323,326
413.59,340,337
413.59,320,323
413.59,343,340
413.59,320,321
413.59,344,343
413.59,322,320
413.65,342,343
413.65,324,322
413.65,339,341
413.65,328,326
413.65,335,338
413.65,332,328
413.65,331,334
413.71,336,332
413.71,326,329
413.71,340,338
413.71,323,325
413.71,345,343
413.71,324,325
413.72,345,345
413.77,322,321
413.77,345,346
413.77,324,322
413.77,340,344
413.77,328,325
413.78,337,340
413.78,332,329
413.84,335,337
413.84,339,333
413.84,328,331
413.84,341,336
413.84,324,327
413.84,342,339
413.85,324,323
413.91,347,344
413.91,321,321
413.91,345,345
413.91,322,322
413.91,341,343
413.91,326,322
413.92,339,340
413.98,328,324
413.98,332,335
413.98,330,328
413.98,328,331
413.98,337,334
413.98,325,328
413.98,341,338
414.04,320,323
414.04,342,341
414.04,321,322
414.04,345,343
414.04,320,321
414.04,342,344
414.05,325,323
414.1,340,342
414.1,329,325
414.1,334,338
414.1,334,329
414.1,332,334
414.1,338,334
414.11,329,330
414.16,341,339
414.16,327,328
414.16,345,341
414.16,324,324
414.16,344,344
414.17,323,322
414.18,346,344
414.24,324,322
414.24,341,343
414.24,326,323
414.24,339,340
414.24,332,327
414.24,331,335
414.24,332,330
414.3,327,330
414.3,335,334
414.3,320,325
414.3,337,335
414.31,320,320
414.31,337,337
414.31,316,317
414.37,340,338
414.37,318,315
414.37,336,339
414.37,321,318
414.37,334,336
414.37,323,322
414.37,331,332
414.43,328,324
414.43,326,327
414.43,334,329
414.43,321,323
414.43,336,333
414.43,319,320
414.44,338,336
414.49,317,317
414.49,339,337
414.49,316,314
414.49,339,339
414.49,317,316
414.5,334,336
414.51,324,320
414.57,330,334
414.57,328,325
414.57,328,330
414.57,332,329
414.57,321,325
414.57,336,331
414.57,321,322
414.63,338,336
414.63,314,316
414.63,338,336
414.63,315,315
414.63,339,337
414.63,315,314
414.64,333,336
414.69,317,314
414.69,329,332
414.69,322,319
414.69,327,329
414.69,325,322
414.69,322,323
414.7,329,325
414.76,317,319
414.76,337,333
414.76,316,316
414.76,337,334
414.76,312,315
414.76,339,339
414.77,315,314
414.82,336,336
414.82,317,315
414.82,331,333
414.82,321,317
414.82,328,330
414.83,326,321
414.83,323,327
414.9,328,327
414.9,319,322
414.9,336,331
414.9,319,319
414.9,337,335
414.9,314,316
414.9,337,336
414.96,315,314
414.96,338,338
414.96,318,315
414.96,333,335
414.96,321,317
414.96,328,330
414.96,324,318
415.02,321,326
415.02,328,323
415.02,316,320
415.02,329,326
415.02,312,316
415.02,333,329
415.03,313,312
415.09,334,331
415.09,310,310
415.09,332,332
415.09,312,313
415.09,331,333
415.09,316,313
415.1,330,331
415.15,321,317
415.15,325,328
415.15,327,322
415.15,322,325
415.15,332,327
415.15,318,321
415.16,334,331
415.22,315,318
415.22,335,334
415.22,311,314
415.23,337,336
415.23,311,312
415.23,335,337
415.23,317,313
415.29,330,333
415.29,321,316
415.29,325,329
415.29,323,321
415.29,323,326
415.29,330,327
415.29,318,322
415.35,333,330
415.35,318,319
415.35,337,334
415.35,310,312
415.35,337,336
415.35,315,314
415.36,337,339
415.41,319,316
415.41,334,337
415.41,324,321
415.41,336,336
415.41,328,324
415.41,331,334
415.42,335,331
415.47,328,329
415.47,339,336
415.47,325,328
415.47,342,341
415.47,322,324
415.48,344,342
415.49,322,322
415.55,346,346
415.55,323,322
415.55,347,346
415.55,327,325
415.55,342,346
415.55,333,330
415.55,337,340
415.61,339,335
415.61,335,336
415.61,343,338
415.61,329,332
415.61,344,342
415.61,327,328
415.62,346,345
415.68,327,327
415.68,350,348
415.68,324,324
415.68,347,349
415.68,331,327
415.68,347,348
415.68,333,329
415.74,340,343
415.74,337,333
415.74,336,339
415.74,341,338
415.74,333,335
415.74,345,342
415.75,328,330
415.8,348,347
415.8,327,329
415.8,352,350
415.8,325,326
415.8,350,350
415.81,329,329
415.82,349,349
415.88,333,331
415.88,346,347
415.88,339,335
415.88,338,343
415.88,343,339
415.88,336,339
415.88,344,343
415.94,330,333
415.94,347,345
415.94,327,328
415.94,350,347
415.94,325,325
415.94,345,345
415.95,325,322
416.01,343,344
416.01,323,321
416.01,337,340
416.01,328,326
416.01,337,340
416.01,336,331
416.01,331,333
416.07,339,335
416.07,325,328
416.07,340,337
416.07,321,322
416.07,339,338
416.07,318,320
416.08,342,342
416.13,318,318
416.13,342,342
416.13,322,320
416.13,337,339
416.13,324,322
416.14,333,336
416.14,330,326
416.21,330,331
416.21,333,330
416.21,324,328
416.21,337,334
416.21,320,323
416.21,341,338
416.21,319,320
416.27,340,341
416.27,318,319
416.27,340,341
416.27,321,318
416.27,339,340
416.27,323,319
416.27,334,336
416.33,326,323
416.33,326,331
416.33,330,327
416.33,322,326
416.33,335,331
416.33,319,321
416.34,338,335
416.4,318,319
416.4,339,336
416.4,314,315
416.4,337,338
416.4,316,316
416.4,339,339
416.41,320,317
416.46,333,335
416.46,325,321
416.46,330,332
416.46,329,325
416.46,325,329
416.46,333,329
416.47,320,324
416.52,338,334
416.52,319,320
416.52,339,338
416.52,319,318
416.52,338,339
416.53,316,317
416.54,340,340
416.6,319,318
416.6,338,338
416.6,322,317
416.6,332,334
416.6,327,323
416.6,325,329
416.6,331,327
416.66,320,324
416.66,334,331
416.66,321,322
416.66,338,337
416.66,320,320
416.67,341,339
416.67,316,318
416.73,340,341
416.73,320,319
416.73,341,341
416.73,323,321
416.73,337,339
416.73,329,327
416.73,331,335
416.79,335,330
416.79,327,331
416.79,338,335
416.79,325,327
416.79,341,340
416.79,322,325
416.8,344,341
416.85,322,322
416.85,346,344
416.85,321,321
416.85,343,344
416.85,324,322
416.86,342,345
416.86,332,328
416.92,337,340
416.92,334,331
416.92,331,335
416.92,339,335
416.92,329,332
416.92,343,341
416.93,326,327
416.99,345,344
416.99,322,323
416.99,347,345
416.99,324,322
416.99,346,345
416.99,326,323
417.0,341,344
417.06,329,327
417.06,339,341
417.06,334,330
417.06,335,337
417.06,336,332
417.06,329,331
417.06,342,337
417.12,325,325
417.12,342,340
417.12,321,321
417.12,342,342
417.12,320,321
417.12,344,344
417.13,324,321
417.18,342,344
417.18,326,323
417.18,338,340
417.18,329,326
417.18,333,336
417.18,336,331
417.19,328,331
417.24,340,336
417.24,327,328
417.24,340,339
417.24,321,324
417.24,345,343
417.25,323,323
417.26,346,345
417.32,321,321
417.32,344,345
417.32,325,322
417.32,343,344
417.32,331,327
417.32,336,340
417.32,336,332
417.38,334,337
417.38,341,337
417.38,327,331
417.38,342,339
417.38,324,326
417.38,345,343
417.39,323,323
417.45,345,344
417.45,321,321
417.45,346,345
417.45,326,323
417.45,342,343
417.45,328,325
417.45,337,338
417.51,333,328
417.51,334,335
417.51,337,333
417.51,329,332
417.51,339,337
417.51,325,327
417.52,344,342
417.58,319,321
417.58,344,342
417.59,320,320
417.59,342,341
417.59,318,316
417.59,338,339
417.59,323,320
417.65,337,337
417.65,326,322
417.65,329,330
417.65,328,324
417.65,322,325
417.65,330,328
417.65,318,321
417.71,334,331
417.71,314,316
417.71,336,335
417.71,314,314
417.71,337,337
417.71,313,312
417.72,335,337
417.77,317,316
417.77,332,334
417.77,323,318
417.77,329,332
417.77,325,323
417.77,324,326
417.78,330,326
417.83,318,321
417.83,333,330
417.83,317,319
417.83,335,334
417.83,315,316
417.84,338,337
417.85,315,314
417.91,334,336
417.91,318,314
417.91,334,335
417.91,320,316
417.91,329,332
417.91,323,320
417.91,322,327
417.97,331,326
417.97,320,322
417.97,332,329
417.97,317,321
417.97,337,333
417.97,314,317
417.98,338,337
418.04,317,316
418.04,341,340
418.04,317,318
418.04,339,340
418.04,323,319
418.04,335,338
418.04,327,323
418.1,333,334
418.1,331,327
418.1,326,329
418.1,335,332
418.1,323,325
418.1,341,336
418.11,320,322
418.17,342,339
418.17,318,318
418.17,342,340
418.17,319,318
418.17,339,341
418.17,321,318
418.18,336,338
418.24,326,322
418.24,333,334
418.24,329,326
418.24,327,331
418.24,335,330
418.24,323,326
418.24,340,336
418.3,322,324
418.3,342,340
418.3,321,320
418.3,340,340
418.3,319,319
418.3,340,340
418.31,320,318
418.36,334,337
418.36,322,319
418.36,329,333
418.36,324,321
418.36,324,327
418.36,328,325
418.37,320,322
418.42,331,327
418.42,314,317
418.42,334,331
418.42,313,314
418.42,334,333
418.43,312,310
418.44,333,332
418.5,310,310
418.5,331,332
418.5,313,308
418.5,323,326
418.5,315,312
418.5,320,322
418.5,318,315
418.56,313,317
418.56,324,322
418.56,314,315
418.56,329,327
418.56,310,313
418.56,332,329
418.57,311,310
418.63,335,332
418.63,312,310
418.63,334,333
418.63,314,312
418.63,329,331
418.63,321,315
418.63,327,329
418.69,325,320
418.69,322,324
418.69,329,323
418.69,315,319
418.69,330,327
418.69,314,317
418.7,338,334
418.77,315,316
418.77,338,336
418.77,315,315
418.77,338,339
418.77,318,317
418.77,335,338
418.77,322,320
418.83,332,336
418.83,329,324
418.83,328,331
418.83,332,330
418.83,325,327
418.83,336,332
418.83,322,322
418.89,337,334
418.89,316,318
418.89,339,336
418.89,314,315
418.89,339,338
418.89,317,316
418.9,337,339
418.95,320,316
418.95,333,335
418.95,325,321
418.95,328,331
418.95,325,322
418.95,321,323
418.96,330,326
419.02,319,320
419.02,333,331
419.02,314,315
419.02,336,333
419.02,312,312
419.02,334,334
419.03,312,311
419.08,335,334
419.08,314,313
419.08,333,334
419.08,320,317
419.08,326,330
419.08,323,321
419.09,325,326
419.16,331,327
419.16,318,320
419.16,332,330
419.16,318,319
419.16,334,333
419.16,315,315
419.16,337,336
419.22,314,314
419.22,336,338
419.22,319,315
419.22,333,337
419.22,322,318
419.22,331,334
419.22,324,322
419.28,326,330
419.28,329,326
419.28,321,324
419.28,333,330
419.28,319,320
419.28,338,334
419.29,316,318
419.34,341,338
419.34,316,316
419.34,339,339
419.34,318,318
419.34,336,340
419.35,320,318
419.36,332,336
419.37,330,326
419.38,338,339
419.38,334,330
419.44,331,333
419.44,341,336
419.44,328,328
419.44,342,339
419.44,323,325
419.44,346,343
419.45,325,325
419.51,345,344
419.51,321,321
419.51,343,343
419.51,324,322
419.51,340,343
419.51,328,325
419.51,336,338
419.58,331,329
419.58,331,334
419.58,336,334
419.58,325,328
419.58,339,335
419.58,321,323
419.58,342,339
419.64,319,319
419.64,342,341
419.64,318,318
419.64,339,341
419.64,319,317
419.64,336,338
419.65,321,319
419.7,332,333
419.7,325,322
419.7,325,329
419.7,330,327
419.7,321,325
419.7,335,331
419.71,318,322
419.77,339,335
419.77,316,320
419.77,343,340
419.77,318,317
419.77,341,341
419.77,319,317
419.78,340,341
419.83,323,320
419.83,336,338
419.83,324,322
419.83,331,334
419.83,331,327
419.83,325,329
419.84,335,332
419.9,323,325
419.9,339,337
419.91,324,326
419.91,348,345
419.91,324,325
419.91,348,346
419.91,326,324
419.97,347,346
419.97,331,327
419.97,343,347
419.97,330,327
419.97,339,341
419.97,335,331
419.97,336,338
420.03,338,335
420.03,329,331
420.03,345,341
420.03,327,328
420.03,344,343
420.03,324,324
420.04,345,345
420.09,322,323
420.09,347,347
420.09,327,323
420.09,341,342
420.09,327,324
420.1,336,339
420.1,331,328
420.17,333,336
420.17,337,332
420.17,328,330
420.17,340,337
420.17,325,327
420.17,341,340
420.17,322,324
420.23,346,343
420.23,321,321
420.23,345,345
420.23,320,320
420.23,343,343
420.23,323,321
420.24,340,340
420.29,331,326
420.29,335,337
420.29,334,331
420.29,330,331
420.29,339,335
420.29,324,327
420.3,341,338
420.36,321,322
420.36,347,344
420.36,320,321
420.36,343,343
420.36,322,321
420.36,342,343
420.37,323,321
420.42,340,343
420.42,325,322
420.42,331,335
420.42,329,326
420.42,329,332
420.42,335,332
420.43,325,326
420.48,336,333
420.48,321,323
420.48,343,340
420.48,320,322
420.48,345,343
420.49,321,321
420.5,345,344
420.56,324,322
420.56,342,342
420.56,325,323
420.56,337,340
420.56,330,328
420.56,330,336
420.56,335,332
420.62,330,332
420.62,341,337
420.62,326,329
420.62,345,341
420.62,326,326
420.62,346,344
420.63,324,324
420.69,348,347
420.69,325,323
420.69,344,345
420.69,327,325
420.69,341,343
420.69,331,328
420.69,336,338
420.75,336,332
420.75,330,334
420.75,340,338
420.75,330,332
420.75,343,341
420.75,325,328
420.76,349,344
420.81,323,325
420.81,347,347
420.81,324,322
420.81,344,346
420.81,325,324
420.82,342,343
420.83,326,323
420.88,336,338
420.88,331,328
420.88,330,334
420.88,334,331
420.88,322,327
420.88,337,334
420.89,320,321
420.95,338,336
420.95,317,318
420.95,340,338
420.95,314,315
420.95,337,340
420.95,321,318
420.96,338,340
421.02,322,320
421.02,335,337
421.02,327,324
421.02,329,332
421.02,330,327
421.02,327,329
421.02,336,333
421.08,323,326
421.08,344,340
421.08,324,324
421.08,345,343
421.08,322,322
421.08,344,344
421.09,322,322
421.14,344,345
421.14,330,324
421.14,344,345
421.14,333,329
421.14,338,339
421.14,336,331
421.15,331,335
421.2,339,335
421.2,327,329
421.2,341,339
421.2,323,325
421.2,345,343
421.21,320,321
421.22,343,344
421.28,319,321
421.28,344,344
421.28,322,322
421.28,342,342
421.28,327,324
421.28,334,339
421.28,333,328
421.34,333,335
421.34,336,332
421.34,325,327
421.34,338,335
421.35,321,322
421.35,342,339
421.35,317,319
421.41,340,339
421.41,318,316
421.41,337,338
421.41,317,314
421.41,334,336
421.41,321,315
421.42,329,332
421.47,323,319
421.47,323,327
421.47,327,322
421.47,318,319
421.47,329,325
421.47,315,316
421.48,330,327
421.53,309,310
421.53,334,331
421.53,308,309
421.53,329,331
421.53,309,310
421.54,330,332
421.55,314,310
421.61,330,331
421.61,317,313
421.61,323,326
421.61,320,318
421.61,319,323
421.61,326,322
421.61,317,319
421.67,331,328
421.67,314,314
421.67,334,333
421.67,313,313
421.67,337,334
421.67,314,311
421.68,336,335
421.74,314,312
421.74,335,335
421.74,322,318
421.74,331,333
421.74,325,322
421.74,328,331
421.74,332,328
421.8,324,327
421.8,336,333
421.8,323,324
421.8,339,337
421.8,319,320
421.8,343,342
421.81,318,320
421.86,345,345
421.86,323,320
421.86,342,342
421.86,328,323
421.86,339,341
421.87,333,327
421.87,332,335
421.94,337,332
421.94,327,331
421.94,341,337
421.94,326,328
421.94,342,339
421.94,323,325
421.94,348,345
422.0,323,323
422.0,348,348
422.0,325,324
422.0,347,347
422.0,330,326
422.0,341,344
422.01,333,328
422.06,336,341
422.06,336,334
422.06,336,338
422.06,341,338
422.06,331,333
422.06,346,344
422.07,330,330
422.13,351,348
422.13,327,327
422.13,351,350
422.13,326,326
422.13,351,350
422.13,328,326
422.14,346,348
422.19,331,329
422.19,342,345
422.19,336,333
422.19,337,340
422.19,340,337
422.19,334,335
422.2,342,342
422.27,327,331
422.27,348,344
422.27,327,327
422.27,349,347
422.27,324,323
422.27,347,346
422.27,324,323
422.33,341,343
422.33,327,326
422.33,341,343
422.33,333,329
422.33,335,340
422.33,335,332
422.33,333,334
422.39,340,336
422.39,326,328
422.39,343,340
422.39,323,325
422.39,347,345
422.39,321,323
422.4,346,347
422.46,325,323
422.46,343,346
422.46,325,322
422.46,343,343
422.46,330,328
422.46,341,345
422.46,337,335
422.52,335,337
422.52,341,337
422.52,329,332
422.52,344,341
422.52,324,327
422.52,346,344
422.53,320,322
422.58,345,343
422.58,323,321
422.58,344,343
422.58,325,322
422.58,340,343
422.59,326,323
422.59,337,339
422.65,333,328
422.65,332,334
422.65,336,331
422.65,325,329
422.65,340,336
422.65,321,326
422.66,342,339
422.72,320,322
422.72,344,341
422.72,322,321
422.72,345,345
422.72,321,320
422.72,343,344
422.73,323,321
422.78,340,342
422.78,333,330
422.78,337,341
422.78,335,332
422.78,332,335
422.78,338,335
422.79,324,328
422.85,341,339
422.85,320,324
422.85,347,344
422.85,324,323
422.85,344,345
422.85,321,321
422.86,343,345
422.91,325,322
422.91,340,343
422.91,329,326
422.91,337,339
422.91,332,328
422.91,330,332
422.92,334,330
422.99,325,327
422.99,339,335
422.99,321,324
422.99,341,339
422.99,320,322
422.99,345,343
422.99,322,321
423.05,344,345
423.05,323,320
423.05,342,344
423.05,328,324
423.05,337,339
423.05,330,327
423.05,333,336
423.11,336,332
423.11,329,331
423.11,341,338
423.11,327,328
423.11,342,341
423.11,324,327
423.12,350,346
423.18,322,324
423.18,348,347
423.18,326,324
423.18,346,347
423.18,326,325
423.18,342,346
423.18,332,329
423.24,337,340
423.24,338,334
423.24,333,336
423.24,340,337
423.24,331,332
423.24,343,340
423.25,325,327
423.3,345,344
423.3,326,325
423.3,344,345
423.3,324,322
423.3,346,347
423.31,327,324
423.32,344,345
423.38,332,327
423.38,337,342
423.38,336,331
423.38,335,339
423.38,342,337
423.38,331,333
423.38,342,340
423.44,327,329
423.44,348,345
423.44,322,326
423.44,348,347
423.44,326,324
423.44,346,347
423.45,327,324
423.5,347,347
423.5,331,328
423.5,343,345
423.5,335,330
423.5,338,340
423.5,337,334
423.51,331,333
423.56,340,338
423.56,329,331
423.56,346,342
423.57,325,326
423.57,348,345
423.57,324,324
423.58,347,345
423.63,323,322
423.63,346,345
423.63,324,323
423.63,340,343
423.63,328,326
423.64,338,340
423.64,334,330
423.7,331,333
423.71,337,335
423.71,326,329
423.71,340,339
423.71,323,325
423.71,344,342
423.71,322,323
423.77,345,343
423.77,322,321
423.77,342,343
423.77,323,321
423.77,338,342
423.77,325,323
423.77,335,338
423.83,328,326
423.83,329,333
423.83,335,330
423.83,327,331
423.83,339,335
423.83,320,323
423.84,340,338
423.89,317,319
423.89,342,340
423.89,319,318
423.89,342,341
423.89,320,318
423.9,339,340
423.91,322,319
423.96,335,336
423.96,326,322
423.96,330,331
423.96,328,323
423.96,323,326
423.96,330,327
423.97,318,320
424.03,334,331
424.03,315,317
424.03,337,333
424.03,312,314
424.03,337,335
424.03,312,311
424.04,334,335
424.09,315,312
424.09,331,333
424.09,319,315
424.09,323,329
424.09,323,319
424.09,321,323
424.1,328,322
424.16,315,318
424.16,330,326
424.16,311,313
424.16,332,330
424.16,309,309
424.16,331,330
424.17,308,308
424.22,332,331
424.22,310,308
424.22,329,331
424.22,315,311
424.22,323,326
424.22,320,316
424.23,318,323
424.3,324,319
424.3,317,319
424.3,327,324
424.3,313,315
424.3,334,331
424.3,313,314
424.3,336,333
424.36,311,312
424.36,337,335
424.36,314,313
424.36,335,336
424.36,318,313
424.36,329,332
424.36,323,318
424.42,325,327
424.42,329,324
424.42,320,324
424.42,331,327
424.42,319,320
424.42,335,331
424.43,316,317
424.48,336,335
424.48,315,316
424.48,340,339
424.48,317,316
424.48,337,339
424.49,322,319
424.5,339,340
424.55,324,322
424.55,333,337
424.55,330,328
424.55,330,334
424.55,337,334
424.55,330,330
424.56,343,340
424.62,327,328
424.62,347,344
424.62,324,325
424.62,350,347
424.62,327,325
424.62,347,349
424.63,329,328
424.69,349,350
424.69,335,332
424.69,345,348
424.69,339,335
424.69,340,343
424.69,343,339
424.69,337,339
424.75,348,346
424.75,337,338
424.75,354,351
424.75,332,334
424.75,359,356
424.75,332,332
424.76,356,357
424.81,335,334
424.81,356,356
424.81,338,335
424.81,351,352
424.81,344,340
424.81,348,351
424.82,346,342
424.89,340,345
424.89,350,348
424.89,339,342
424.89,356,351
424.89,337,338
424.89,357,354
424.89,334,337
424.95,358,356
424.95,333,333
424.95,354,355
424.95,334,332
424.95,352,354
424.95,338,335
424.95,345,349
425.01,341,338
425.01,340,343
425.01,343,340
425.01,336,338
425.01,349,344
425.01,331,332
425.02,349,347
425.08,328,329
425.08,352,349
425.08,325,327
425.08,350,350
425.08,330,327
425.08,347,348
425.09,330,327
425.14,340,342
425.14,336,331
425.14,337,341
425.14,339,334
425.14,333,334
425.14,341,339
425.15,328,329
425.2,344,342
425.2,326,327
425.2,350,346
425.2,322,323
425.2,349,347
425.21,326,324
425.22,346,346
425.28,328,326
425.28,342,345
425.28,330,328
425.28,338,341
425.28,336,333
425.28,330,335
425.28,340,337
425.34,328,332
425.34,344,340
425.34,326,329
425.34,349,346
425.34,324,326
425.34,348,347
425.35,325,324
425.4,347,347
425.4,328,325
425.4,345,346
425.4,331,327
425.4,339,341
425.4,334,330
425.41,335,339
425.47,337,335
425.47,330,334
425.47,342,341
425.47,328,330
425.47,348,344
425.47,324,325
425.48,347,345
425.53,325,323
425.53,348,348
425.53,329,325
425.53,346,345
425.53,331,327
425.54,342,345
425.54,336,331
425.61,338,341
425.61,341,336
425.61,335,337
425.61,343,338
425.61,331,332
425.61,346,343
425.61,327,327
425.67,348,346
425.67,326,326
425.67,350,348
425.67,325,324
425.67,346,348
425.67,328,326
425.67,342,344
425.73,331,328
425.73,339,341
425.73,335,331
425.73,335,337
425.73,339,336
425.73,329,332
425.74,346,341
425.79,327,328
425.79,346,345
425.79,326,326
425.8,349,347
425.8,325,324
425.8,346,347
425.81,327,326
425.86,346,346
425.86,330,328
425.86,340,344
425.86,335,331
425.86,336,339
425.86,343,338
425.87,333,335
425.93,345,342
425.93,331,333
425.93,350,347
425.93,328,330
425.93,353,352
425.93,330,329
425.94,353,352
426.0,331,328
426.0,349,350
426.0,334,330
426.0,345,348
426.0,338,334
426.0,343,345
426.0,342,338
426.06,335,339
426.06,347,343
426.06,335,337
426.06,348,347
426.06,331,333
426.06,351,350
426.07,329,329
426.12,352,352
426.12,330,329
426.12,349,351
426.12,332,330
426.12,347,349
426.13,336,332
426.13,345,348
426.18,340,336
426.18,339,341
426.18,345,341
426.18,334,336
426.18,349,344
426.19,328,330
426.2,351,348
426.26,326,327
426.26,349,347
426.26,325,325
426.26,349,348
426.26,328,326
426.26,346,348
426.26,331,329
426.33,341,344
426.33,335,330
426.33,334,339
426.33,337,334
426.33,329,334
426.33,340,339
426.33,328,330
426.39,347,343
426.39,325,326
426.39,344,343
426.39,321,321
426.39,344,344
426.39,323,322
426.4,343,343
426.45,327,324
426.45,341,343
426.45,331,327
426.45,337,339
426.45,336,333
426.45,334,335
426.46,341,338
426.51,329,330
426.51,344,340
426.51,324,326
426.51,344,342
426.51,324,325
426.52,347,345
426.53,323,321
426.59,344,344
426.59,324,322
426.59,340,341
426.59,328,324
426.59,335,337
426.59,332,328
426.59,331,334
426.65,337,333
426.65,326,331
426.65,341,339
426.65,325,326
426.65,343,339
426.65,321,321
426.66,342,341
426.72,322,320
426.72,344,343
426.72,321,319
426.72,339,340
426.72,322,320
426.72,335,335
426.72,326,325
426.78,327,333
426.78,334,328
426.78,321,325
426.78,333,330
426.78,320,323
426.78,339,336
426.79,318,320
426.84,340,339
426.84,317,317
426.84,340,340
426.84,318,317
426.84,337,340
426.85,321,319
426.86,336,338
426.87,329,324
426.87,331,335
426.88,333,329
426.93,328,331
426.93,338,332
426.93,325,326
426.93,342,338
426.93,322,324
426.94,347,344
426.95,320,322
427.01,345,345
427.01,322,321
427.01,342,343
427.01,324,322
427.01,341,343
427.01,326,324
427.01,336,338
427.07,331,326
427.07,328,331
427.07,332,330
427.07,326,328
427.07,338,335
427.07,321,324
427.08,343,340
427.14,318,320
427.14,343,341
427.14,318,319
427.14,343,342
427.14,320,317
427.14,337,338
427.15,322,320
427.2,333,335
427.2,325,323
427.2,327,329
427.2,331,326
427.2,325,327
427.2,334,331
427.21,320,322
427.28,337,335
427.28,321,321
427.28,342,338
427.28,319,318
427.28,341,341
427.28,321,321
427.28,341,344
427.34,325,321
427.34,341,342
427.34,329,326
427.34,337,338
427.34,337,331
427.34,331,334
427.34,339,336
427.4,327,331
427.4,343,339
427.4,324,327
427.4,346,345
427.4,324,324
427.4,348,346
427.41,322,322
427.47,346,346
427.47,327,323
427.47,343,344
427.47,330,328
427.47,338,341
427.47,333,329
427.47,330,335
427.53,337,334
427.53,329,332
427.53,342,338
427.53,324,327
427.53,344,342
427.53,323,324
427.54,347,345
427.59,325,325
427.59,348,347
427.59,326,324
427.59,343,346
427.59,329,327
427.6,342,345
427.6,336,332
427.65,339,342
427.65,340,336
427.65,333,337
427.65,348,343
427.65,330,334
427.66,351,347
427.67,327,330
427.73,352,351
427.73,331,330
427.73,355,352
427.73,331,328
427.73,349,351
427.73,332,330
427.74,345,349
427.79,337,334
427.8,342,346
427.8,343,339
427.8,339,341
427.8,347,344
427.8,335,336
427.8,352,349
427.86,334,334
427.86,355,351
427.86,331,332
427.86,353,352
427.86,331,329
427.86,351,354
427.87,336,333
427.92,352,352
427.92,339,335
427.92,347,349
427.92,345,342
427.92,344,346
427.92,349,346
427.93,340,343
427.98,354,350
427.98,337,339
427.98,357,355
427.98,336,337
427.98,360,358
427.99,336,335
428.0,361,359
428.06,338,335
428.06,357,358
428.06,344,340
428.06,350,354
428.06,344,340
428.06,347,350
428.06,349,345
428.12,342,346
428.12,352,351
428.12,337,340
428.12,357,355
428.12,337,338
428.12,357,357
428.13,336,335
428.18,358,358
428.18,338,334
428.18,356,357
428.18,339,335
428.18,352,353
428.19,342,338
428.19,346,350
428.25,343,342
428.25,340,343
428.25,346,345
428.25,336,339
428.25,350,347
428.25,331,333
428.26,352,350
428.32,329,331
428.32,351,349
428.32,328,327
428.32,351,351
428.32,329,328
428.32,345,348
428.32,333,330
428.39,341,343
428.39,337,333
428.39,336,340
428.39,343,338
428.39,333,334
428.39,344,341
428.39,329,330
428.45,345,343
428.45,323,323
428.45,347,345
428.45,321,320
428.45,343,342
428.45,320,319
428.46,339,341
428.51,322,321
428.51,335,336
428.51,327,323
428.51,329,331
428.51,331,326
428.51,326,326
428.52,336,331
428.57,323,324
428.57,339,335
428.57,317,319
428.57,341,337
428.57,316,315
428.58,339,340
428.59,320,318
428.65,341,341
428.65,323,320
428.65,339,339
428.65,325,324
428.65,333,336
428.65,333,328
428.65,326,331
428.71,339,334
428.71,324,326
428.71,340,337
428.71,322,323
428.71,341,338
428.71,321,321
428.72,345,343
428.78,319,320
428.78,343,343
428.78,322,320
428.78,339,341
428.78,327,324
428.78,336,339
428.78,333,328
428.84,331,334
428.84,337,332
428.84,327,330
428.84,341,337
428.84,325,325
428.84,343,340
428.85,318,320
428.9,342,341
428.9,320,320
428.9,340,341
428.9,319,317
428.9,339,340
428.91,323,319
428.91,335,337
428.98,327,323
428.98,330,332
428.98,331,328
428.98,325,326
428.98,335,333
428.98,322,324
428.98,340,338
429.04,318,320
429.04,342,339
429.04,319,319
429.04,343,341
429.04,318,318
429.04,340,342
429.05,322,320
429.1,337,339
429.1,328,324
429.1,333,336
429.1,333,329
429.1,329,331
429.1,336,333
429.11,324,327
429.17,341,339
429.17,321,324
429.17,344,343
429.17,321,322
429.17,346,345
429.17,323,321
429.18,343,345
429.23,324,322
429.23,340,343
429.23,331,327
429.23,339,341
429.23,334,332
429.23,336,338
429.24,344,339
429.31,331,333
429.31,346,342
429.31,329,330
429.31,349,345
429.31,326,328
429.31,349,348
429.31,327,326
429.37,349,349
429.37,327,327
429.37,348,350
429.37,333,330
429.37,344,346
429.37,337,334
429.37,337,341
429.43,341,337
429.43,332,336
429.43,345,342
429.43,334,334
429.43,347,346
429.43,328,329
429.44,348,348
429.49,327,326
429.49,351,350
429.49,327,326
429.49,349,350
429.49,330,327
429.5,344,346
429.5,337,332
429.56,340,344
429.56,341,337
429.56,336,338
429.56,344,341
429.56,332,333
429.56,346,344
429.57,328,330
429.63,350,347
429.63,324,327
429.63,353,350
429.63,327,326
429.63,351,350
429.63,329,328
429.64,346,347
429.7,331,330
429.7,343,345
429.7,338,335
429.7,336,340
429.7,341,338
429.7,332,335
429.7,345,343
429.76,326,329
429.76,347,345
429.76,325,327
429.76,349,347
429.76,325,325
429.76,348,348
429.77,328,326
429.82,344,346
429.82,330,327
429.82,340,343
429.82,334,331
429.82,338,340
429.82,341,337
429.83,333,336
429.88,345,342
429.88,327,330
429.88,349,346
429.88,326,328
429.88,352,350
429.89,326,327
429.9,351,350
429.96,330,328
429.96,350,350
429.96,335,331
429.96,347,348
429.96,336,332
429.96,341,343
429.96,339,336
430.02,336,338
430.02,345,342
430.02,330,333
430.02,347,344
430.02,326,329
430.02,350,349
430.03,326,328
430.09,350,350
430.09,326,326
430.09,350,350
430.09,333,329
430.09,346,347
430.09,334,331
430.09,340,343
430.15,339,334
430.15,339,341
430.15,346,341
430.15,333,336
430.15,349,346
430.15,331,332
430.16,349,348
430.22,329,331
430.22,352,352
430.22,328,328
430.22,353,352
430.22,331,329
430.22,347,349
430.23,334,332
430.29,346,347
430.29,341,336
430.29,342,345
430.29,347,342
430.29,336,340
430.29,348,346
430.29,333,335
430.35,354,350
430.35,331,332
430.35,355,354
430.35,333,331
430.35,356,355
430.35,335,333
430.36,352,353
430.41,337,333
430.41,347,350
430.41,343,337
430.41,343,346
430.41,344,342
430.41,335,340
430.42,350,346
430.48,335,338
430.48,352,349
430.48,332,335
430.48,354,353
430.48,332,332
430.48,354,354
430.49,333,330
430.54,353,353
430.54,334,333
430.54,350,352
430.54,338,334
430.54,342,346
430.54,340,337
430.55,338,341
430.62,347,343
430.62,334,336
430.62,349,347
430.62,329,332
430.62,351,349
430.62,328,329
430.62,354,351
430.68,329,329
430.68,350,351
430.68,330,328
430.68,347,349
430.68,335,332
430.68,341,345
430.68,337,333
430.74,335,340
430.74,344,339
430.74,330,335
430.74,345,342
430.74,329,331
430.74,347,346
430.75,324,327
430.8,350,347
430.8,325,323
430.8,345,344
430.8,324,323
430.8,344,346
430.81,328,326
430.82,338,342
430.87,333,330
430.87,334,338
430.87,336,334
430.87,332,334
430.87,343,340
430.87,325,329
430.88,344,341
430.94,326,325
430.94,347,344
430.94,320,323
430.94,349,347
430.94,326,323
430.94,343,346
430.95,330,326
431.01,341,344
431.01,335,331
431.01,337,340
431.01,339,335
431.01,332,336
431.01,343,339
431.01,331,332
431.07,347,343
431.07,327,328
431.07,348,347
431.07,326,327
431.07,348,349
431.07,327,325
431.08,348,348
431.13,329,326
431.13,344,346
431.13,330,328
431.13,340,342
431.13,336,331
431.13,334,335
431.14,337,336
431.19,330,331
431.19,343,339
431.19,325,329
431.19,347,344
431.19,323,324
431.2,347,345
431.21,322,323
431.27,345,346
431.27,325,323
431.27,344,346
431.27,329,325
431.27,336,341
431.27,332,329
431.27,333,337
431.33,338,335
431.33,330,334
431.33,343,340
431.33,329,330
431.33,347,345
431.33,330,330
431.34,350,350
431.39,328,328
431.39,349,350
431.4,331,328
431.4,351,351
431.4,332,329
431.4,344,346
431.4,335,332
431.46,339,343
431.46,339,336
431.46,331,335
431.46,345,340
431.46,328,331
431.46,344,343
431.47,326,327
431.54,349,346
431.54,323,324
431.54,347,346
431.54,321,321
431.54,343,346
431.54,324,323
431.54,339,342
431.6,331,326
431.6,338,340
431.6,337,331
431.6,330,334
431.6,340,335
431.6,326,328
431.6,342,339
431.66,322,325
431.66,344,343
431.66,321,323
431.66,346,344
431.66,321,322
431.66,342,343
431.67,323,321
431.72,341,342
431.72,324,323
431.72,335,339
431.72,333,328
431.72,332,335
431.72,336,333
431.73,329,331
431.79,344,340
431.79,325,327
431.79,344,341
431.79,322,323
431.79,346,344
431.79,323,323
431.8,342,345
431.85,325,324
431.85,344,345
431.85,326,324
431.85,338,342
431.85,333,328
431.86,336,338
431.86,338,334
431.93,330,332
431.93,340,338
431.93,326,327
431.93,341,339
431.93,323,324
431.93,345,344
431.93,320,321
431.99,346,345
431.99,320,318
431.99,343,343
431.99,325,321
431.99,337,339
431.99,327,323
431.99,333,336
432.05,329,326
432.05,326,331
432.05,335,331
432.05,323,325
432.05,338,335
432.05,319,321
432.06,343,339
432.11,318,319
432.12,343,341
432.12,322,320
432.12,340,344
432.12,325,322
432.12,339,342
432.13,329,326
432.18,334,338
432.18,333,331
432.18,333,336
432.18,338,336
432.18,331,332
432.18,342,341
432.19,325,327
432.25,346,345
432.26,324,325
432.26,350,347
432.26,325,325
432.26,347,346
432.26,325,324
432.26,344,347
432.32,331,328
432.32,340,343
432.32,336,331
432.32,338,338
432.32,340,336
432.32,333,335
432.32,344,342
432.38,329,332
432.38,350,347
432.38,327,330
432.38,351,350
432.38,328,329
432.38,354,353
432.39,330,329
432.44,350,351
432.44,334,333
432.44,348,349
432.44,342,338
432.44,346,347
432.45,347,341
432.45,340,342
432.5,350,347
432.5,339,339
432.5,354,351
432.5,332,335
432.51,356,355
432.51,333,334
432.52,355,356
432.58,333,333
432.58,354,357
432.58,339,335
432.58,351,352
432.58,338,336
432.58,344,349
432.58,344,341
432.64,343,345
432.65,348,345
432.65,339,339
432.65,354,350
432.65,334,335
432.65,355,353
432.65,332,333
432.71,356,356
432.71,334,332
432.71,355,354
432.71,335,333
432.71,350,353
432.71,337,334
432.72,344,349
432.77,342,337
432.77,340,343
432.77,345,341
432.77,336,338
432.77,347,344
432.77,331,333
432.78,347,345
432.83,324,327
432.83,350,347
432.83,324,325
432.83,347,348
432.83,326,325
432.84,344,345
432.85,330,326
432.9,340,344
432.9,334,330
432.9,337,340
432.9,340,336
432.9,332,335
432.9,342,340
432.91,330,332
432.98,346,343
432.98,325,327
432.98,347,345
432.98,321,320
432.98,343,343
432.98,320,320
432.98,342,343
433.04,324,320
433.04,338,339
433.04,326,323
433.04,329,334
433.04,332,327
433.04,326,329
433.04,335,332
433.1,323,325
433.1,337,334
433.1,319,321
433.1,341,338
433.1,319,319
433.1,342,341
433.11,319,318
433.16,340,342
433.16,320,319
433.16,339,340
433.16,327,323
433.16,333,336
433.17,330,326
433.17,331,334
433.23,335,332
433.23,326,328
433.23,342,337
433.23,326,327
433.23,343,341
433.23,323,323
433.24,345,346
433.3,322,322
433.3,346,346
433.3,325,323
433.3,343,344
433.3,329,324
433.3,340,342
433.31,335,330
433.37,335,337
433.37,338,333
433.37,331,333
433.37,341,338
433.37,327,330
433.37,345,342
433.37,324,326
433.43,348,346
433.43,324,324
433.43,350,350
433.43,328,325
433.43,345,348
433.43,328,326
433.44,339,343
433.49,333,330
433.49,334,338
433.49,335,333
433.49,330,335
433.49,340,338
433.49,330,331
433.5,346,343
433.55,326,328
433.55,346,344
433.55,323,324
433.55,347,346
433.55,324,323
433.56,346,345
433.57,326,325
433.62,343,345
433.62,332,329
433.62,339,342
433.62,339,334
433.62,336,338
433.62,342,339
433.63,329,333
433.7,349,344
433.7,328,329
433.7,349,346
433.7,329,328
433.7,349,348
433.7,327,325
433.7,348,350
433.76,327,324
433.76,343,346
433.76,329,326
433.76,338,342
433.76,333,330
433.76,332,338
433.76,339,335
433.82,328,332
433.82,341,337
433.82,324,327
433.82,346,343
433.82,322,323
433.82,343,342
433.83,323,322
433.88,345,344
433.88,322,321
433.88,344,345
433.88,327,324
433.88,341,342
433.89,335,331
433.9,335,339
433.96,337,334
433.96,330,333
433.96,341,338
433.96,325,328
433.96,342,342
433.96,322,325
433.96,346,341
434.02,320,322
434.02,344,343
434.02,321,320
434.02,343,342
434.02,324,323
434.02,341,341
434.03,330,324
434.08,334,338
434.08,336,330
434.08,331,334
434.08,341,336
434.08,329,330
434.08,344,340
434.09,326,327
434.15,344,343
434.15,323,324
434.15,348,346
434.15,322,323
434.15,347,346
434.15,326,325
434.16,344,346
434.21,330,327
434.21,341,343
434.21,336,333
434.21,337,338
434.21,342,337
434.21,329,332
434.22,345,340
434.28,326,328
434.28,345,342
434.28,323,325
434.28,347,345
434.28,322,321
434.28,346,344
434.29,324,323
434.3,343,344
434.31,326,324
434.32,337,340
434.38,331,328
434.38,333,337
434.38,335,331
434.38,328,331
434.38,339,336
434.38,324,327
434.38,342,339
434.44,323,323
434.44,343,343
434.44,321,322
434.44,345,344
434.44,323,321
434.44,344,343
434.45,324,322
434.5,338,340
434.5,329,324
434.5,333,337
434.5,330,328
434.5,324,328
434.51,336,332
434.51,322,326
434.56,338,335
434.56,319,321
434.56,342,338
434.56,314,317
434.56,344,343
434.57,317,317
434.58,341,341
434.64,320,319
434.64,337,339
434.64,326,322
434.64,333,335
434.64,329,326
434.64,330,331
434.64,337,331
434.71,325,325
434.71,336,332
434.71,320,322
434.71,340,337
434.71,317,320
434.71,343,340
434.71,317,317
434.77,338,340
434.77,321,317
434.77,338,339
434.77,322,319
434.77,330,334
434.77,328,323
434.78,327,330
434.83,331,327
434.83,322,327
434.83,335,333
434.83,320,323
434.83,340,337
434.83,319,320
434.84,341,341
434.89,320,319
434.89,340,341
434.89,318,318
434.89,338,340
434.89,322,318
434.9,334,335
434.91,328,322
434.97,329,333
434.97,331,326
434.97,328,330
434.97,336,332
434.97,325,327
434.97,340,338
434.97,321,322
435.03,344,342
435.03,317,320
435.03,345,343
435.03,320,320
435.03,341,343
435.03,325,322
435.04,341,341
435.1,326,324
435.1,333,338
435.1,334,329
435.1,331,335
435.1,339,335
435.1,325,329
435.1,341,339
435.16,324,327
435.16,345,343
435.16,325,325
435.16,346,345
435.16,325,324
435.16,347,346
435.17,327,324
435.22,344,345
435.22,332,327
435.22,336,340
435.22,333,330
435.22,332,335
435.23,339,334
435.23,327,333
435.3,340,338
435.3,327,328
435.3,348,344
435.3,325,326
435.3,347,345
435.3,323,322
435.3,347,347
435.36,327,324
435.36,344,346
435.36,328,326
435.36,340,342
435.36,333,330
435.36,334,339
435.37,337,334
435.42,331,334
435.42,342,339
435.42,328,330
435.42,345,343
435.42,326,327
435.42,349,345
435.43,326,325
435.48,348,347
435.48,324,323
435.48,344,347
435.48,329,325
435.48,339,342
435.49,329,326
435.5,333,338
435.55,330,328
435.55,330,333
435.55,339,334
435.55,326,328
435.55,340,337
435.55,320,325
435.56,343,342
435.63,320,321
435.63,346,344
435.63,322,323
435.63,344,344
435.63,326,323
435.63,342,345
435.63,330,326
435.69,339,342
435.69,337,331
435.69,335,338
435.69,340,338
435.69,329,333
435.69,345,341
435.69,330,330
435.75,346,344
435.75,324,326
435.75,349,348
435.75,324,323
435.75,347,346
435.75,324,323
435.76,344,344
435.81,329,326
435.81,340,343
435.81,334,329
435.81,336,338
435.81,339,334
435.82,330,333
435.82,341,339
435.88,325,329
435.88,345,341
435.88,323,325
435.88,346,345
435.88,322,323
435.88,346,345
435.89,324,323
435.95,343,345
435.95,328,325
435.95,340,344
435.95,332,328
435.95,337,339
435.95,336,331
435.96,331,333
436.02,338,334
436.02,324,327
436.02,343,339
436.02,323,324
436.02,344,340
436.02,321,320
436.02,346,344
436.08,322,321
436.08,344,344
436.08,325,323
436.08,340,342
436.08,329,326
436.08,339,340
436.09,333,329
436.14,331,334
436.14,337,332
436.14,328,329
436.14,341,337
436.14,324,326
436.14,344,342
436.15,321,323
436.2,342,342
436.2,321,321
436.2,344,344
436.2,323,321
436.2,343,343
436.21,328,325
436.22,337,340
436.28,329,327
436.28,332,336
436.28,339,333
436.28,330,331
436.28,343,338
436.28,325,327
436.28,343,340
436.34,323,325
436.34,342,342
436.34,320,320
436.34,343,344
436.34,318,318
436.34,340,342
436.35,324,321
436.4,337,340
436.4,332,327
436.4,335,336
436.4,333,331
436.4,332,334
436.41,342,337
436.41,330,330
436.47,344,341
436.47,323,324
436.47,346,343
436.47,323,324
436.47,349,346
436.47,324,324
436.48,344,346
436.54,327,325
436.54,342,346
436.54,331,328
436.54,340,342
436.54,337,333
436.54,334,336
436.55,339,335
436.61,327,331
436.61,342,340
436.61,325,326
436.61,347,344
436.61,323,323
436.61,347,345
436.61,326,324
436.67,347,346
436.67,326,324
436.67,345,346
436.67,330,327
436.67,340,342
436.67,333,331
436.68,335,338
436.73,339,334
436.73,330,333
436.73,342,339
436.73,327,329
436.73,343,342
436.73,321,325
436.74,345,344
436.79,322,323
436.79,349,348
436.79,326,324
436.79,343,346
436.79,327,325
436.8,341,344
436.81,331,328
436.87,337,340
436.87,338,335
436.87,332,335
436.87,341,338
436.87,328,331
436.87,345,341
436.87,327,327
436.93,347,346
436.93,323,325
436.93,349,348
436.93,328,326
436.93,348,348
436.93,329,327
436.94,343,345
437.0,330,327
437.0,337,340
437.0,337,332
437.0,330,334
437.0,339,336
437.0,329,331
437.0,343,339
437.06,324,327
437.06,344,341
437.06,319,321
437.06,343,342
437.06,323,321
437.06,346,345
437.07,325,322
437.12,342,344
437.12,327,325
437.12,340,341
437.12,336,330
437.12,334,337
437.13,339,334
437.14,331,332
437.2,343,339
437.2,326,327
437.2,344,341
437.2,322,324
437.2,344,342
437.2,321,321
437.2,345,344
437.26,322,322
437.26,344,345
437.26,325,323
437.26,339,341
437.26,329,326
437.26,333,334
437.27,334,332
437.32,329,333
437.32,339,337
437.32,325,328
437.32,344,340
437.32,322,324
437.32,345,343
437.33,322,322
437.38,344,345
437.38,323,321
437.38,342,343
437.38,324,321
437.38,340,341
437.39,328,326
437.4,335,337
437.45,333,329
437.45,333,334
437.45,338,336
437.45,328,330
437.45,341,339
437.45,325,326
437.46,348,345
437.52,325,325
437.52,348,347
437.52,326,324
437.52,346,349
437.52,330,326
437.53,345,347
437.53,331,328
437.59,343,344
437.59,337,333
437.59,336,340
437.59,343,339
437.59,335,337
437.59,348,344
437.59,331,333
437.65,350,347
437.65,330,329
437.65,349,349
437.65,326,327
437.65,353,352
437.65,331,328
437.66,348,350
437.71,331,329
437.71,343,346
437.71,337,334
437.71,338,342
437.71,341,337
437.72,338,339
437.72,343,340
437.79,331,332
437.79,349,344
437.79,328,329
437.79,351,348
437.79,329,328
437.79,351,350
437.79,327,326
437.85,348,350
437.85,332,329
437.85,345,347
437.85,336,331
437.85,341,343
437.85,340,335
437.86,335,339
437.91,344,341
437.91,331,335
437.91,348,344
437.91,329,330
437.91,348,346
437.91,327,326
437.92,351,348
437.98,325,325
437.98,348,350
437.98,331,327
437.98,345,349
437.98,332,330
437.98,343,346
437.99,339,335
438.04,337,341
438.04,342,339
438.04,335,336
438.04,344,342
438.04,327,331
438.04,349,345
438.05,325,325
438.12,347,346
438.12,320,322
438.12,343,344
438.12,324,321
438.12,342,341
438.12,326,321
438.12,335,338
438.18,329,324
438.18,331,332
438.18,331,325
438.18,324,328
438.18,336,333
438.18,320,324
438.18,340,337
438.24,319,321
438.24,340,340
438.24,318,320
438.24,340,340
438.24,319,318
438.24,341,341
438.25,320,319
438.3,334,338
438.3,327,323
438.3,330,334
438.31,330,328
438.31,328,331
438.31,335,332
438.31,322,325
438.37,335,334
438.37,321,323
438.37,341,338
438.37,319,319
438.37,343,341
438.37,317,317
438.38,342,342
438.43,322,320
438.43,337,340
438.43,327,322
438.43,334,335
438.43,331,327
438.44,330,332
438.45,334,331
438.51,325,327
438.51,337,332
438.51,321,323
438.51,340,337
438.51,316,318
438.51,339,338
438.51,319,317
438.57,338,339
438.57,318,317
438.57,337,340
438.57,323,320
438.57,335,337
438.57,326,322
438.58,329,331
438.63,327,324
438.63,321,326
438.63,334,331
438.63,316,320
438.63,335,333
438.63,316,317
438.64,338,334
438.71,314,316
438.71,339,337
438.71,317,314
438.71,336,336
438.71,317,315
438.71,330,333
438.71,323,319
438.77,326,329
438.77,326,323
438.77,322,326
438.77,331,326
438.77,321,322
438.77,334,331
438.77,316,318
438.83,335,335
438.83,314,315
438.83,338,336
438.83,318,316
438.83,337,336
438.83,317,315
438.84,332,336
438.89,323,319
438.89,333,333
438.89,326,322
438.89,328,329
438.89,332,328
438.9,324,325
438.9,337,334
438.96,319,321
438.96,338,336
438.96,316,318
438.96,341,339
438.96,317,317
438.96,338,340
438.97,319,319
439.03,336,338
439.03,325,320
439.03,335,336
439.04,326,324
439.04,331,333
439.04,332,329
439.04,326,328
439.1,337,331
439.1,321,324
439.1,339,336
439.1,318,321
439.1,341,339
439.1,317,320
439.1,341,341
439.16,318,318
439.16,340,343
439.16,321,320
439.16,337,340
439.16,329,323
439.16,331,334
439.17,333,328
439.22,328,333
439.22,339,335
439.22,327,328
439.22,341,340
439.22,326,327
439.22,347,345
439.23,326,325
439.29,349,348
439.29,324,325
439.29,346,348
439.29,330,326
439.29,345,347
439.29,333,329
439.3,340,343
439.35,337,333
439.35,335,340
439.35,343,338
439.35,334,336
439.35,344,341
439.35,330,333
439.36,346,345
439.42,325,327
439.42,350,348
439.42,325,324
439.42,348,349
439.42,327,325
439.43,346,347
439.43,329,327
439.49,343,344
439.49,335,331
439.49,335,340
439.49,340,337
439.49,333,338
439.49,345,340
439.49,327,331
439.55,347,345
439.55,327,330
439.55,348,347
439.55,325,326
439.55,347,347
439.55,326,325
439.56,346,348
439.61,329,326
439.61,342,344
439.61,331,329
439.61,339,341
439.61,335,333
439.62,332,335
439.63,338,337
439.69,331,332
439.69,348,344
439.69,326,329
439.69,347,346
439.69,325,327
439.69,349,348
439.69,326,324
439.75,345,346
439.75,326,324
439.75,341,345
439.75,329,326
439.75,338,340
439.75,335,330
439.76,335,337
439.82,339,335
439.82,328,331
439.82,341,337
439.82,324,327
439.82,343,340
439.82,321,323
439.82,346,342
439.88,319,320
439.88,342,343
439.88,320,318
439.88,339,341
439.88,325,320
439.88,334,337
439.89,327,325
439.94,331,333
439.94,332,328
439.94,325,326
439.94,333,330
439.94,319,321
439.94,337,334
439.95,319,319
440.02,339,336
440.02,317,317
440.02,339,339
440.02,318,316
440.02,336,338
440.02,319,317
440.02,334,336
440.08,325,320
440.08,331,332
440.08,330,324
440.08,323,327
440.08,333,327
440.08,321,323
440.08,337,334
440.14,317,319
440.14,337,335
440.14,314,315
440.14,338,337
440.14,313,314
440.14,337,338
440.15,316,314
440.21,335,338
440.21,322,318
440.21,332,334
440.21,330,324
440.21,325,330
440.21,331,327
440.22,323,325
440.27,335,332
440.27,319,322
440.27,336,336
440.27,317,319
440.27,341,338
440.27,316,317
440.28,342,342
440.34,320,318
440.34,336,338
440.34,321,318
440.34,333,336
440.34,325,322
440.34,328,331
440.35,331,326
440.41,323,326
440.41,333,328
440.41,322,322
440.41,336,333
440.41,316,317
440.41,336,335
440.41,314,316
440.47,338,338
440.47,317,316
440.47,337,337
440.47,320,317
440.47,335,336
440.47,323,320
440.48,331,332
440.53,329,324
440.53,328,330
440.53,333,328
440.53,320,325
440.53,336,332
440.53,317,319
440.54,337,335
440.59,314,315
440.59,340,337
440.59,317,315
440.59,338,339
440.59,317,314
440.6,333,335
440.61,320,316
440.67,330,333
440.67,324,321
440.67,325,326
440.67,328,325
440.67,322,323
440.67,330,327
440.67,313,317
440.73,337,333
440.73,315,316
440.73,336,335
440.73,315,313
440.73,337,337
440.73,316,314
440.74,335,337
440.8,320,317
440.8,333,335
440.8,325,323
440.8,331,334
440.8,330,326
440.8,325,329
440.8,337,332
440.86,324,325
440.86,341,337
440.86,320,321
440.86,343,341
440.86,318,319
440.86,345,343
440.87,323,320
440.92,344,344
440.92,325,321
440.92,340,342
440.92,331,326
440.92,337,340
440.93,336,331
440.94,333,336
440.99,340,337
440.99,330,333
440.99,344,341
440.99,327,329
440.99,348,345
440.99,327,326
441.0,350,349
441.06,324,324
441.06,349,348
441.06,326,325
441.06,347,348
441.06,334,329
441.06,343,344
441.07,335,333
441.13,337,339
441.13,342,338
441.13,333,337
441.13,344,341
441.13,328,332
441.13,347,345
441.13,326,329
441.19,347,346
441.19,326,326
441.19,351,348
441.19,326,325
441.19,348,349
441.19,331,326
441.2,342,345
441.25,334,329
441.25,337,339
441.25,335,331
441.25,332,334
441.25,339,335
441.26,326,330
441.26,343,340
441.33,322,325
441.33,344,343
441.33,320,322
441.33,343,344
441.33,320,321
441.33,343,344
441.33,325,322
441.39,339,341
441.39,325,322
441.39,332,335
441.39,330,325
441.39,328,330
441.39,335,331
441.39,323,327
441.45,339,335
441.45,322,322
441.45,341,339
441.45,322,322
441.45,343,341
441.45,321,320
441.46,342,343
441.51,323,320
441.51,338,340
441.51,327,323
441.51,335,338
441.51,331,327
441.52,332,334
441.53,336,331
441.58,329,330
441.58,337,334
441.58,326,326
441.58,344,340
441.58,320,323
441.58,340,340
441.59,317,318
441.66,339,340
441.66,320,319
441.66,340,341
441.66,324,319
441.66,337,338
441.66,325,322
441.66,329,334
441.72,329,325
441.72,322,328
441.72,333,330
441.72,320,321
441.72,335,333
441.72,319,320
441.72,339,337
441.78,317,318
441.78,338,339
441.78,316,316
441.78,337,339
441.78,319,316
441.78,334,337
441.79,323,318
441.8,328,332
441.81,325,320
441.82,324,326
441.87,329,325
441.87,319,321
441.87,331,328
441.87,313,317
441.87,333,330
441.87,312,313
441.88,337,334
441.93,311,313
441.93,336,336
441.93,315,315
441.93,335,337
441.93,320,317
441.94,333,336
441.95,328,323
442.0,331,332
442.0,331,328
442.0,326,329
442.0,334,332
442.0,321,324
442.01,338,337
442.01,320,323
442.07,344,341
442.08,320,322
442.08,345,344
442.08,322,322
442.08,344,345
442.08,327,323
442.08,339,341
442.14,328,324
442.14,330,335
442.14,333,328
442.14,330,332
442.14,336,331
442.14,324,326
442.14,340,336
442.2,320,322
442.2,339,336
442.2,317,317
442.2,341,339
442.2,316,316
442.2,339,339
442.21,317,316
442.26,335,336
442.26,320,317
442.26,328,332
442.26,324,320
442.26,324,325
442.27,330,324
442.28,320,323
442.33,331,328
442.33,317,319
442.33,335,331
442.33,315,315
442.33,337,334
442.33,312,314
442.34,339,338
442.4,317,315
442.4,338,339
442.4,321,318
442.4,334,335
442.4,326,322
442.4,330,333
442.41,329,325
442.46,325,327
442.46,333,329
442.46,321,325
442.46,337,334
442.46,318,321
442.46,339,337
442.47,315,317
442.53,343,341
442.53,317,317
442.53,339,340
442.53,321,318
442.53,336,338
442.53,324,321
442.54,333,335
442.59,329,326
442.59,326,331
442.59,334,329
442.59,323,326
442.59,335,333
442.59,320,323
442.6,343,340
442.67,319,320
442.67,342,341
442.67,320,321
442.67,344,344
442.67,323,321
442.67,344,345
442.67,326,323
442.73,339,342
442.73,333,330
442.73,334,338
442.73,337,333
442.73,331,334
442.73,341,338
442.73,328,329
442.79,343,341
442.79,324,326
442.79,346,346
442.79,325,325
442.79,347,347
442.79,328,325
442.8,345,347
442.86,330,328
442.86,341,344
442.86,334,330
442.86,339,342
442.86,337,333
442.86,333,336
442.87,342,337
442.92,329,331
442.92,343,340
442.92,324,326
442.92,346,343
442.92,322,323
442.92,343,344
442.93,323,321
442.98,340,342
442.98,321,319
442.98,337,340
442.98,322,318
442.98,332,335
442.99,327,323
443.0,327,329
443.06,331,327
443.06,320,323
443.06,333,331
443.06,319,321
443.06,337,334
443.06,317,318
443.06,341,340
443.12,317,316
443.12,337,339
443.12,317,316
443.12,337,338
443.12,322,317
443.12,332,334
443.13,324,320
443.18,329,331
443.18,331,326
443.18,324,326
443.18,335,330
443.18,319,321
443.18,336,333
443.19,315,316
443.25,337,336
443.25,314,315
443.25,337,338
443.25,316,314
443.25,337,338
443.25,319,315
443.26,332,334
443.31,322,318
443.31,330,333
443.31,328,323
443.31,325,327
443.31,331,328
443.32,320,323
443.32,337,333
443.39,318,320
443.39,336,334
443.39,317,317
443.39,339,337
443.39,315,315
443.39,336,338
443.39,315,313
443.45,334,335
443.45,318,315
443.45,329,332
443.45,324,321
443.45,328,330
443.45,330,327
443.45,324,327
443.51,337,334
443.51,319,323
443.51,340,338
443.51,319,322
443.51,345,342
443.51,320,321
443.52,346,345
443.58,325,322
443.58,346,347
443.58,330,327
443.58,340,344
443.58,332,328
443.58,338,340
443.59,335,331
443.64,333,334
443.64,343,337
443.64,328,330
443.64,343,341
443.64,324,327
443.64,346,344
443.65,324,325
443.72,347,347
443.72,323,322
443.72,343,347
443.72,326,324
443.72,342,345
443.72,333,328
443.72,341,344
443.78,336,333
443.78,335,337
443.78,341,337
443.78,331,334
443.78,347,342
443.78,329,330
443.78,348,343
443.84,324,325
443.84,345,346
443.84,326,324
443.84,347,348
443.84,326,325
443.84,345,346
443.85,327,326
443.9,339,342
443.9,333,327
443.9,333,336
443.9,334,330
443.9,328,330
443.91,337,333
443.91,322,325
443.97,336,335
443.97,317,320
443.97,341,339
443.97,317,318
443.97,341,340
443.97,316,315
443.98,339,339
444.04,321,317
444.04,335,337
444.04,324,320
444.04,331,332
444.04,328,323
444.04,323,328
444.04,331,328
444.1,320,324
444.1,336,331
444.1,318,319
444.1,337,334
444.11,314,316
444.11,339,337
444.11,316,315
444.17,338,338
444.17,317,315
444.17,334,336
444.17,323,320
444.17,332,335
444.17,329,323
444.18,330,332
444.23,335,330
444.23,326,327
444.23,337,333
444.23,321,323
444.23,337,334
444.23,316,317
444.24,339,336
444.29,314,314
444.29,336,337
444.29,315,314
444.29,333,335
444.29,317,313
444.3,329,331
444.31,320,317
444.37,325,328
444.37,325,320
444.37,320,324
444.37,331,327
444.37,319,321
444.37,336,332
444.37,317,319
444.43,342,339
444.43,319,319
444.43,344,343
444.43,320,320
444.43,344,344
444.43,325,320
444.44,340,344
444.5,330,325
444.5,336,338
444.5,330,327
444.5,328,333
444.5,336,331
444.5,325,328
444.5,338,336
444.56,325,326
444.56,343,339
444.56,322,324
444.56,344,343
444.56,320,321
444.56,347,346
444.57,325,322
444.62,344,346
444.62,327,325
444.62,340,342
444.62,331,329
444.62,336,338
444.63,336,333
444.63,330,334
444.68,340,337
444.68,327,329
444.69,343,342
444.69,325,327
444.69,345,344
444.69,322,321
444.7,343,345
444.76,322,322
444.76,345,345
444.76,327,324
444.76,341,343
444.76,329,326
444.76,339,340
444.77,335,330
444.83,331,334
444.83,338,335
444.83,327,330
444.83,343,340
444.83,324,326
444.83,343,343
444.83,321,324
444.89,344,345
444.89,323,323
444.89,345,346
444.89,324,324
444.89,344,346
444.89,333,328
444.9,341,343
444.95,333,329
444.95,337,339
444.95,339,335
444.95,333,335
444.95,344,340
444.95,330,332
444.96,348,345
445.01,324,328
445.01,352,349
445.01,326,326
445.01,349,350
445.01,328,326
445.02,347,348
445.03,329,326
445.09,343,346
445.09,334,329
445.09,339,342
445.09,338,335
445.09,335,337
445.09,342,338
445.09,327,332
445.15,344,344
445.15,325,327
445.15,350,345
445.15,324,325
445.15,348,346
445.15,324,323
445.16,346,346
445.21,324,323
445.21,342,344
445.21,328,325
445.21,338,339
445.21,331,328
445.22,333,334
445.22,337,331
445.28,326,329
445.28,340,337
445.28,322,325
445.28,343,340
445.28,321,322
445.28,343,340
445.29,319,318
445.34,342,343
445.34,320,318
445.34,339,341
445.34,322,320
445.34,335,338
445.35,327,323
445.36,328,331
445.42,330,325
445.42,322,325
445.42,334,328
445.42,319,321
445.42,335,334
445.42,314,316
445.42,337,334
445.48,312,313
445.48,336,335
445.48,310,310
445.48,333,335
445.48,312,311
445.48,328,329
445.49,316,314
445.54,322,325
445.54,320,315
445.54,319,320
445.54,324,320
445.54,312,315
445.54,327,323
445.55,308,310
445.6,326,325
445.6,305,305
445.6,329,328
445.6,305,305
445.6,326,327
445.61,304,303
445.62,323,325
445.68,309,304
445.68,319,322
445.68,314,309
445.68,315,318
445.68,320,315
445.68,310,313
445.68,320,318
445.74,306,305
445.74,323,320
445.74,302,304
445.74,325,323
445.75,302,301
445.75,326,323
445.75,302,302
445.81,326,325
445.81,305,302
445.81,319,320
445.81,309,305
445.81,315,317
445.81,313,309
445.81,311,314
445.87,320,316
445.87,307,309
445.87,325,322
445.87,305,307
445.87,325,323
445.87,303,305
445.88,327,327
445.93,305,304
445.93,325,328
445.93,308,307
445.93,325,327
445.93,312,310
445.94,322,325
445.95,318,315
446.01,318,322
446.01,324,320
446.01,314,318
446.01,329,326
446.01,313,317
446.01,332,331
446.01,313,315
446.07,334,333
446.07,314,312
446.07,337,337
446.07,314,312
446.07,335,337
446.07,320,318
446.08,335,336
446.14,326,322
446.14,330,333
446.14,330,326
446.14,324,329
446.14,336,331
446.14,321,324
446.14,339,337
446.2,321,321
446.2,341,340
446.2,319,319
446.2,342,341
446.2,322,318
446.2,341,341
446.21,322,321
446.26,339,341
446.26,327,324
446.26,336,338
446.26,331,327
446.26,331,333
446.26,335,331
446.27,327,330
446.32,339,336
446.32,323,324
446.32,341,340
446.32,321,322
446.32,341,341
446.33,321,319
446.34,341,342
446.4,322,321
446.4,340,342
446.4,325,321
446.4,338,339
446.4,330,325
446.4,330,334
446.4,332,330
446.46,328,330
446.46,337,335
446.46,326,326
446.46,344,340
446.46,320,322
446.46,344,342
446.47,323,322
446.53,345,344
446.53,322,321
446.53,343,345
446.53,326,323
446.53,341,343
446.53,332,328
446.53,336,339
446.59,336,332
446.59,334,336
446.59,340,337
446.59,329,331
446.59,343,340
446.59,325,328
446.6,346,345
446.67,324,326
446.67,348,347
446.67,327,325
446.67,347,348
446.67,331,328
446.67,347,348
446.67,334,330
446.73,341,344
446.73,337,334
446.73,337,339
446.73,342,340
446.73,336,337
446.73,346,344
446.73,330,333
446.79,350,348
446.79,328,331
446.79,353,351
446.79,330,330
446.79,353,351
446.79,329,328
446.8,351,354
446.85,335,332
446.85,346,350
446.85,338,335
446.85,343,346
446.85,345,341
446.85,339,342
446.86,351,347
446.91,335,339
446.91,353,350
446.92,334,334
446.92,357,353
446.92,331,331
446.92,355,353
446.93,330,330
446.99,352,352
446.99,330,329
446.99,348,350
446.99,334,330
446.99,342,344
446.99,337,332
446.99,334,336
447.06,337,335
447.06,325,329
447.06,341,338
447.06,323,324
447.06,341,338
447.06,318,320
447.06,343,340
447.12,319,319
447.12,344,343
447.12,323,321
447.12,340,343
447.12,328,324
447.12,341,342
447.12,335,330
447.18,334,339
447.18,338,335
447.18,332,336
447.18,347,342
447.18,329,332
447.18,347,345
447.19,328,329
447.24,348,347
447.24,328,327
447.24,350,349
447.24,329,328
447.24,352,350
447.25,333,329
447.26,349,350
447.32,336,333
447.32,338,342
447.32,340,335
447.32,336,338
447.32,344,339
447.32,332,333
447.32,347,343
447.38,327,330
447.38,346,344
447.38,326,326
447.38,349,348
447.38,325,324
447.38,346,347
447.39,325,322
447.44,343,344
447.45,327,326
447.45,337,340
447.45,332,328
447.45,331,333
447.45,334,331
447.45,324,327
447.51,337,333
447.51,319,322
447.51,340,336
447.51,317,318
447.51,337,334
447.51,315,314
447.52,335,335
447.57,312,310
447.57,330,332
447.57,316,312
447.57,324,328
447.57,317,314
447.58,322,324
447.58,320,317
447.65,317,319
447.65,324,320
447.65,309,312
447.65,328,325
447.65,307,309
447.65,326,323
447.65,305,305
447.71,327,327
447.71,304,304
447.71,326,327
447.71,309,306
447.71,323,325
447.71,312,308
447.71,319,322
447.77,317,313
447.77,314,318
447.77,321,318
447.77,312,313
447.77,323,320
447.77,307,310
447.78,326,326
447.83,307,307
447.83,329,329
447.83,309,307
447.83,330,332
447.84,312,309
447.84,329,332
447.85,316,312
447.9,330,331
447.9,323,318
447.9,323,326
447.9,327,323
447.9,321,324
447.9,333,330
447.91,319,320
447.98,334,332
447.98,316,317
447.98,337,335
447.98,317,316
447.98,341,339
447.98,317,316
447.98,338,340
448.04,320,318
448.04,335,339
448.04,326,323
448.04,334,336
448.04,333,329
448.04,331,333
448.04,336,333
448.1,328,330
448.1,341,338
448.1,321,325
448.1,345,342
448.1,321,324
448.1,344,343
448.11,322,322
448.16,346,345
448.16,324,322
448.16,343,344
448.16,328,324
448.16,336,340
448.17,332,329
448.17,334,337
448.23,334,333
448.23,328,331
448.23,341,338
448.23,325,327
448.23,342,340
448.23,322,323
448.24,347,343
448.29,323,322
448.29,345,344
448.29,323,322
448.29,343,344
448.29,326,324
448.3,340,343
448.3,333,328
448.37,336,339
448.37,337,333
448.37,333,335
448.37,340,337
448.37,327,331
448.37,344,342
448.37,324,326
448.43,346,344
448.43,323,324
448.43,347,346
448.43,322,324
448.43,345,345
448.43,324,322
448.44,342,345
448.49,331,326
448.49,335,339
448.49,335,330
448.49,334,336
448.49,341,336
448.49,327,331
448.5,343,339
448.55,327,328
448.55,344,343
448.55,327,327
448.55,349,346
448.55,322,323
448.56,349,348
448.57,326,325
448.63,346,349
448.63,330,330
448.63,344,346
448.63,337,333
448.63,341,343
448.63,342,338
448.63,334,338
448.69,346,343
448.69,334,335
448.69,349,345
448.69,328,331
448.69,352,349
448.69,329,328
448.7,351,351
448.76,329,327
448.76,352,352
448.76,330,328
448.76,347,349
448.76,336,331
448.76,338,343
448.76,339,334
448.82,334,337
448.82,342,337
448.82,330,333
448.82,345,342
448.82,325,328
448.82,343,342
448.83,321,323
448.88,346,344
448.88,321,321
448.88,345,345
448.88,322,321
448.88,343,344
448.89,326,323
448.89,336,339
448.96,332,326
448.96,331,334
448.96,335,330
448.96,328,331
448.96,340,338
448.96,326,328
448.96,344,343
449.02,323,323
449.02,345,343
449.02,321,321
449.02,344,344
449.02,320,319
449.02,341,343
449.03,325,321
449.08,338,339
449.08,328,323
449.08,333,335
449.08,335,330
449.08,327,330
449.08,337,333
449.09,322,326
449.14,340,337
449.14,319,321
449.14,342,339
449.14,317,318
449.14,340,339
449.15,317,317
449.16,341,339
449.21,319,317
449.21,339,338
449.21,323,320
449.21,333,335
449.21,327,324
449.21,326,329
449.22,333,328
449.29,323,326
449.29,336,333
449.29,321,322
449.29,340,337
449.29,319,319
449.29,339,339
449.29,319,317
449.3,341,340
449.31,320,317
449.32,339,341
449.38,322,319
449.38,335,336
449.38,325,322
449.38,328,330
449.38,329,324
449.38,322,325
449.38,335,331
449.44,321,322
449.44,338,334
449.44,317,319
449.44,338,336
449.44,316,317
449.44,340,340
449.45,317,316
449.51,338,339
449.51,321,317
449.51,336,338
449.51,324,320
449.51,331,333
449.51,328,325
449.51,326,330
449.57,333,328
449.57,320,324
449.57,335,333
449.57,318,321
449.57,340,337
449.57,316,318
449.58,341,338
449.63,318,318
449.63,341,339
449.63,316,315
449.63,337,339
449.63,322,319
449.64,332,334
449.64,327,323
449.69,330,333
449.69,333,328
449.69,324,328
449.69,336,333
449.69,321,325
449.7,342,338
449.71,320,322
449.77,341,341
449.77,321,320
449.77,346,344
449.77,321,320
449.77,343,343
449.77,323,320
449.77,338,338
449.83,328,323
449.83,332,335
449.83,332,328
449.83,327,330
449.83,335,332
449.83,322,323
449.84,339,334
449.89,319,319
449.89,340,336
449.89,315,316
449.89,338,338
449.89,315,316
449.9,338,340
449.91,321,317
449.97,336,338
449.97,323,319
449.97,332,335
449.97,327,323
449.97,328,331
449.97,334,329
449.97,326,329
450.03,336,334
450.03,322,325
450.03,346,342
450.03,322,324
450.03,345,344
450.03,323,322
450.04,347,347
450.1,325,323
450.1,346,346
450.1,330,325
450.1,343,344
450.1,335,329
450.1,340,342
450.1,339,333
450.16,332,337
450.16,345,340
450.16,330,333
450.16,349,345
450.16,328,330
450.16,351,348
450.17,327,327
450.22,350,348
450.22,326,324
450.22,347,347
450.22,327,324
450.22,342,344
450.23,328,325
450.23,337,339
450.29,334,330
450.29,331,334
450.29,336,332
450.29,327,330
450.29,341,336
450.29,322,326
450.3,342,339
450.36,320,321
450.36,342,341
450.36,318,317
450.36,339,340
450.36,317,316
450.36,336,339
450.36,321,319
450.42,334,336
450.42,326,321
450.42,329,331
450.42,329,326
450.42,322,326
450.42,334,329
450.43,318,321
450.49,331,330
450.49,314,317
450.49,335,333
450.49,313,313
450.49,336,335
450.49,311,311
450.5,332,334
450.55,315,312
450.55,329,331
450.55,320,315
450.55,324,328
450.55,323,320
450.55,320,325
450.56,328,325
450.63,316,321
450.63,331,329
450.63,315,316
450.63,333,331
450.63,311,313
450.63,336,335
450.63,312,311
450.69,337,336
450.69,315,312
450.69,334,335
450.69,318,315
450.69,331,333
450.69,322,320
450.69,327,330
450.75,334,329
450.75,326,328
450.75,336,333
450.75,323,325
450.75,340,339
450.75,320,322
450.76,343,341
450.82,321,320
450.82,342,344
450.82,320,319
450.82,340,342
450.82,324,321
450.82,338,340
450.82,330,325
450.88,335,338
450.88,335,329
450.88,331,332
450.88,341,338
450.88,328,332
450.88,347,342
450.89,327,328
450.94,349,347
450.94,327,328
450.94,350,350
450.94,327,328
450.94,350,351
450.95,331,328
450.95,347,350
451.02,336,332
451.02,345,347
451.02,338,335
451.02,341,343
451.02,344,341
451.02,337,339
451.02,347,345
451.08,331,334
451.08,348,345
451.08,330,331
451.08,351,349
451.08,329,328
451.08,352,354
451.09,328,328
451.14,350,352
451.14,333,329
451.14,347,350
451.14,339,335
451.14,345,346
451.14,344,339
451.15,339,341
451.21,351,346
451.21,338,339
451.21,350,348
451.21,332,334
451.21,355,352
451.21,329,331
451.22,355,354
451.27,335,332
451.27,353,353
451.27,331,330
451.27,352,351
451.27,337,332
451.27,344,346
451.28,337,335
451.35,337,342
451.35,343,339
451.35,333,336
451.35,347,342
451.35,331,332
451.35,350,347
451.35,327,327
451.41,352,348
451.41,324,326
451.41,348,348
451.41,327,325
451.41,343,345
451.41,330,325
451.41,340,342
451.47,331,327
451.47,335,337
451.47,334,331
451.47,330,333
451.47,341,338
451.47,325,327
451.48,343,339
451.53,323,323
451.53,343,341
451.53,322,322
451.53,344,342
451.53,322,320
451.54,342,341
451.54,321,319
451.59,338,339
451.59,327,322
451.59,330,335
451.59,332,326
451.6,327,330
451.6,331,328
451.61,319,323
451.67,335,332
451.67,319,323
451.67,338,337
451.67,317,318
451.67,340,338
451.67,317,316
451.68,342,341
451.73,317,315
451.73,335,337
451.73,319,317
451.73,333,334
451.73,326,322
451.73,324,329
451.74,329,324
451.8,321,324
451.8,334,329
451.8,318,321
451.8,335,334
451.8,316,319
451.8,339,336
451.81,315,315
451.86,340,338
451.86,316,316
451.86,338,339
451.86,319,317
451.86,334,337
451.86,325,320
451.87,332,333
451.92,328,323
451.92,326,328
451.92,333,329
451.92,320,324
451.92,338,333
451.93,318,319
451.94,338,336
452.0,318,319
452.0,339,338
452.0,317,315
452.0,338,339
452.0,321,318
452.0,337,339
452.0,323,320
452.06,334,336
452.06,327,323
452.06,329,331
452.06,332,329
452.06,325,328
452.06,336,333
452.07,319,322
452.13,338,336
452.13,317,319
452.13,338,336
452.13,315,316
452.13,340,341
452.13,317,316
452.13,339,339
452.19,320,318
452.19,337,339
452.19,328,323
452.19,331,334
452.19,331,327
452.19,325,330
452.2,337,334
452.25,323,326
452.25,339,336
452.25,321,322
452.25,343,341
452.25,320,323
452.26,346,345
452.27,320,321
452.33,344,344
452.33,321,319
452.33,340,340
452.33,328,324
452.33,336,338
452.33,331,328
452.33,331,334
452.39,333,330
452.39,326,329
452.39,340,337
452.39,321,323
452.39,343,340
452.39,321,322
452.4,346,343
452.45,322,322
452.45,343,343
452.45,321,320
452.45,343,344
452.45,326,323
452.45,338,341
452.46,331,327
452.52,336,338
452.52,337,333
452.52,333,335
452.52,339,336
452.52,328,332
452.52,346,343
452.53,326,327
452.58,349,345
452.58,326,325
452.58,349,347
452.58,324,323
452.58,344,344
452.58,328,325
452.59,344,345
452.64,328,326
452.64,336,339
452.64,332,330
452.64,332,334
452.64,337,332
452.65,324,326
452.66,336,334
452.72,322,324
452.72,340,338
452.72,319,321
452.72,342,339
452.72,318,316
452.72,339,338
452.72,316,314
452.79,333,334
452.79,319,314
452.79,326,330
452.79,320,316
452.79,318,322
452.79,323,319
452.79,314,318
452.85,328,322
452.85,310,312
452.85,326,324
452.85,307,309
452.85,327,327
452.85,304,305
452.85,327,325
452.91,303,301
452.91,325,325
452.91,304,302
452.91,320,322
452.91,308,304
452.91,315,317
452.92,312,308
452.97,305,310
452.97,314,310
452.97,302,306
452.97,316,313
452.97,301,303
452.98,320,319
452.99,301,302
453.04,325,322
453.04,301,300
453.04,323,323
453.04,301,300
453.04,321,324
453.04,307,304
453.05,318,322
453.11,314,310
453.11,315,318
453.11,320,316
453.11,312,316
453.11,323,321
453.11,310,312
453.12,329,326
453.18,309,310
453.18,331,329
453.18,308,309
453.18,331,330
453.18,309,308
453.18,331,332
453.18,315,310
453.24,325,328
453.24,319,314
453.24,322,327
453.24,323,318
453.24,320,322
453.24,327,322
453.25,314,315
453.3,327,326
453.3,313,313
453.3,332,330
453.3,309,309
453.3,333,333
453.31,309,309
453.31,333,332
453.38,311,309
453.38,329,332
453.38,315,312
453.38,323,325
453.38,320,314
453.38,319,321
453.38,320,315
453.44,311,313
453.44,326,322
453.44,307,310
453.44,325,323
453.44,308,309
453.44,330,327
453.44,306,305
453.5,327,329
453.5,308,306
453.5,325,326
453.5,309,305
453.5,321,325
453.5,314,311
453.51,321,323
453.57,320,316
453.57,315,320
453.57,326,322
453.57,313,314
453.57,328,325
453.57,308,311
453.58,334,330
453.63,309,310
453.63,334,332
453.63,311,309
453.63,331,332
453.63,312,311
453.63,329,331
453.64,317,314
453.71,327,328
453.71,322,317
453.71,320,323
453.71,328,325
453.71,319,322
453.71,333,330
453.71,317,319
453.77,335,334
453.77,317,317
453.77,340,338
453.77,316,317
453.77,338,341
453.77,318,317
453.77,338,340
453.83,325,320
453.83,338,339
453.83,330,325
453.83,332,336
453.83,335,332
453.83,329,332
453.84,339,336
453.89,327,330
453.89,343,342
453.89,326,329
453.89,349,346
453.89,325,324
453.9,348,346
453.9,323,321
453.96,345,345
453.96,327,324
453.96,342,345
453.96,334,330
453.96,340,344
453.96,338,333
453.97,334,337
454.02,342,338
454.02,332,333
454.02,344,342
454.02,328,330
454.02,349,344
454.03,326,326
454.03,350,350
454.1,327,326
454.1,351,351
454.1,328,326
454.1,347,350
454.1,333,331
454.1,346,347
454.1,339,335
454.16,339,344
454.16,345,340
454.16,338,338
454.16,347,344
454.16,332,334
454.16,352,348
454.17,330,330
454.22,351,349
454.22,326,328
454.22,353,351
454.22,330,326
454.22,348,350
454.22,331,327
454.23,345,346
454.28,334,331
454.28,338,342
454.28,341,336
454.28,337,339
454.28,342,339
454.29,333,334
454.3,348,343
454.35,330,331
454.35,350,348
454.35,327,327
454.35,351,350
454.35,328,326
454.35,349,349
454.36,330,326
454.43,345,348
454.43,333,329
454.43,340,343
454.43,338,334
454.43,337,340
454.43,343,338
454.43,336,337
454.49,343,342
454.49,330,334
454.49,351,347
454.49,329,330
454.49,355,352
454.49,330,329
454.49,350,352
454.55,328,329
454.55,349,351
454.55,329,327
454.55,344,346
454.55,330,328
454.55,335,338
454.56,334,329
454.61,329,333
454.61,337,333
454.61,326,328
454.61,339,336
454.61,320,321
454.62,340,338
454.62,317,317
454.67,342,339
454.67,317,315
454.67,337,339
454.68,318,316
454.68,335,336
454.68,322,319
454.69,331,334
454.75,327,322
454.75,327,329
454.75,333,329
454.75,323,324
454.75,334,332
454.75,317,320
454.76,336,334
454.82,316,318
454.82,341,339
454.82,319,317
454.82,339,339
454.82,319,317
454.82,338,338
454.82,320,317
454.88,332,335
454.88,325,320
454.88,326,328
454.88,328,323
454.88,321,323
454.88,332,328
454.89,316,319
454.94,334,330
454.94,314,315
454.94,335,334
454.94,313,313
454.94,339,337
454.94,314,314
454.95,335,335
455.0,317,315
455.0,333,334
455.0,321,317
455.0,326,330
455.0,326,320
455.01,321,325
455.02,328,325
455.08,318,320
455.08,330,328
455.08,313,315
455.08,332,331
455.08,309,311
455.08,336,335
455.08,313,312
455.14,333,334
455.14,314,311
455.14,331,333
455.14,315,312
455.14,326,329
455.14,321,317
455.15,322,325
455.21,323,319
455.21,315,317
455.21,325,322
455.21,312,314
455.21,329,327
455.21,307,310
455.21,332,331
455.27,307,309
455.27,333,333
455.27,312,309
455.27,332,333
455.27,315,311
455.27,327,330
455.28,319,316
455.33,324,327
455.33,322,320
455.33,320,324
455.33,329,324
455.33,317,319
455.34,332,329
455.35,315,316
455.41,334,331
455.41,312,312
455.41,332,333
455.41,310,310
455.41,333,334
455.41,314,312
455.41,332,333
455.47,317,314
455.47,326,329
455.47,322,319
455.47,321,324
455.47,326,321
455.47,317,320
455.48,332,329
455.54,315,318
455.54,333,330
455.54,311,313
455.54,338,336
455.54,313,313
455.54,338,338
455.54,314,313
455.6,336,339
455.6,318,317
455.6,335,336
455.6,324,322
455.6,329,333
455.6,330,326
455.61,326,329
455.66,337,332
455.66,321,323
455.66,337,335
455.66,319,322
455.66,340,339
455.66,317,318
455.67,339,339
455.72,319,316
455.72,337,338
455.72,318,318
455.72,336,337
455.72,323,322
455.73,332,335
455.74,332,327
455.8,329,332
455.8,333,331
455.8,326,328
455.8,339,335
455.8,322,323
455.8,337,337
455.8,316,318
455.86,341,340
455.86,317,316
455.86,341,340
455.86,319,318
455.86,339,339
455.86,323,319
455.87,335,335
455.93,324,322
455.93,331,333
455.93,330,327
455.93,325,328
455.93,336,331
455.93,321,322
455.93,335,332
455.99,315,317
455.99,336,335
455.99,314,313
455.99,336,335
455.99,314,312
455.99,332,334
456.0,314,312
456.05,330,334
456.05,319,315
456.05,326,329
456.05,324,320
456.05,319,323
456.06,328,324
456.07,319,319
456.12,331,328
456.12,313,317
456.12,335,331
456.12,312,312
456.12,337,334
456.12,312,311
456.13,336,335
456.19,316,312
456.19,331,333
456.19,316,315
456.19,329,332
456.19,325,320
456.19,325,328
456.2,326,323
456.26,321,325
456.26,332,329
456.26,318,321
456.26,335,333
456.26,315,316
456.26,339,336
456.26,313,314
456.32,336,336
456.32,314,313
456.32,334,334
456.32,317,315
456.32,333,334
456.32,320,320
456.33,328,332
456.38,327,322
456.38,322,326
456.38,332,330
456.38,321,323
456.38,339,336
456.39,321,323
456.39,342,339
456.44,321,321
456.44,345,343
456.44,321,321
456.44,343,343
456.44,325,322
456.45,342,344
456.46,328,324
456.52,336,340
456.52,335,329
456.52,333,335
456.52,336,334
456.52,327,331
456.52,343,339
456.52,326,327
456.58,344,341
456.58,323,324
456.58,348,345
456.58,322,323
456.58,345,344
456.59,321,321
456.59,341,343
456.65,327,324
456.65,341,342
456.65,331,327
456.65,333,336
456.65,336,332
456.65,331,332
456.66,339,335
456.71,330,330
456.71,341,340
456.71,323,325
456.71,344,342
456.71,322,323
456.71,347,344
456.72,323,322
456.77,345,345
456.77,327,323
456.77,340,343
456.77,331,326
456.77,338,341
456.78,334,332
456.79,334,339
456.85,340,338
456.85,331,333
456.85,347,343
456.85,326,329
456.85,348,347
456.85,327,328
456.86,349,349
456.86,324,325
456.87,349,348
456.88,328,326
456.94,346,347
456.94,334,330
456.94,342,346
456.94,336,332
456.94,339,342
456.94,341,336
456.95,335,336
457.01,343,341
457.01,331,332
457.01,347,344
457.01,325,327
457.01,349,348
457.01,324,326
457.01,351,349
457.07,326,326
457.07,346,349
457.07,331,326
457.07,343,346
457.07,335,331
457.07,340,343
457.08,339,334
457.13,337,339
457.13,343,339
457.13,330,334
457.13,350,345
457.13,330,332
457.14,349,348
457.14,328,328
457.21,354,351
457.21,328,328
457.21,350,352
457.21,333,330
457.21,349,349
457.21,331,329
457.21,343,346
457.27,337,334
457.27,339,343
457.27,343,339
457.27,334,337
457.27,346,343
457.27,332,334
457.27,349,347
457.33,326,329
457.33,351,349
457.33,327,327
457.33,353,351
457.33,327,328
457.33,345,348
457.34,331,328
457.4,342,346
457.4,335,330
457.4,337,340
457.4,339,335
457.4,337,338
457.4,345,340
457.41,331,333
457.46,347,342
457.46,327,328
457.46,349,346
457.46,326,326
457.46,348,348
457.46,326,324
457.47,350,349
457.54,330,326
457.54,343,344
457.54,331,328
457.54,338,341
457.54,336,332
457.54,335,337
457.54,338,336
457.6,328,331
457.6,342,339
457.6,325,328
457.6,345,342
457.6,323,324
457.6,346,343
457.6,321,321
457.66,346,345
457.66,323,321
457.66,343,344
457.66,327,323
457.66,337,339
457.66,330,326
457.67,331,335
457.72,334,329
457.72,324,328
457.72,335,333
457.72,322,323
457.72,336,335
457.72,314,316
457.73,336,335
457.78,313,315
457.78,337,336
457.78,312,311
457.78,335,337
457.79,317,313
457.79,329,333
457.8,321,316
457.86,326,328
457.86,325,320
457.86,321,324
457.86,331,326
457.86,318,320
457.86,331,329
457.86,313,315
457.93,335,332
457.93,313,313
457.93,337,334
457.93,312,311
457.93,335,334
457.93,314,313
457.93,331,333
457.99,317,313
457.99,327,330
457.99,323,317
457.99,322,324
457.99,326,322
457.99,319,321
458.0,327,326
458.05,313,315
458.05,332,328
458.05,309,311
458.05,334,332
458.05,311,311
458.05,333,332
458.06,308,308
458.11,333,333
458.11,314,312
458.11,327,328
458.11,322,318
458.11,324,326
458.12,325,320
458.13,320,322
458.19,329,326
458.19,317,319
458.19,330,329
458.19,315,316
458.19,336,333
458.19,311,312
458.19,335,332
458.25,313,314
458.25,334,335
458.25,317,314
458.25,331,334
458.25,320,317
458.25,328,330
458.26,324,319
458.31,321,325
458.31,328,323
458.31,317,320
458.31,331,327
458.31,315,316
458.31,334,330
458.32,311,312
458.38,336,334
458.38,311,310
458.38,335,334
458.38,313,310
458.38,330,334
458.38,318,314
458.39,328,330
458.44,323,318
458.44,324,328
458.44,328,323
458.44,321,322
458.44,331,327
458.45,317,321
458.45,336,332
458.52,314,316
458.52,337,335
458.52,315,316
458.52,340,338
458.52,315,314
458.52,339,340
458.52,321,317
458.58,335,338
458.58,325,321
458.58,333,335
458.58,330,327
458.58,326,330
458.58,334,330
458.58,322,326
458.64,336,334
458.64,323,323
458.64,340,337
458.64,317,317
458.65,342,339
458.65,318,317
458.65,342,340
458.71,316,316
458.71,337,338
458.71,322,318
458.71,331,334
458.71,329,324
458.71,329,333
458.72,332,328
458.77,324,328
458.77,338,334
458.77,323,325
458.77,340,336
458.77,319,320
458.77,343,340
458.78,317,318
458.83,341,341
458.83,318,317
458.83,337,339
458.83,322,319
458.83,335,337
458.84,324,322
458.85,330,333
458.91,329,325
458.91,325,329
458.91,332,329
458.91,321,323
458.91,333,332
458.91,316,318
458.91,336,334
458.97,313,315
458.97,337,334
458.97,313,313
458.97,338,337
458.97,316,314
458.97,334,335
458.98,321,316
459.03,331,333
459.03,325,320
459.03,324,327
459.04,331,326
459.04,321,322
459.04,333,330
459.04,317,319
459.1,338,333
459.1,315,317
459.1,341,339
459.1,317,317
459.1,341,341
459.1,320,319
459.11,341,342
459.16,325,320
459.16,336,337
459.16,327,323
459.16,331,334
459.16,332,329
459.17,328,331
459.17,338,334
459.24,324,327
459.24,341,336
459.24,322,323
459.24,342,340
459.24,320,321
459.24,344,342
459.24,318,319
459.3,342,342
459.3,323,321
459.3,338,341
459.3,325,321
459.3,333,336
459.3,327,325
459.31,329,333
459.36,332,329
459.36,320,325
459.36,339,334
459.36,320,321
459.36,336,336
459.36,317,317
459.37,339,337
459.42,315,315
459.42,337,337
459.42,316,315
459.42,337,338
459.42,319,315
459.43,330,333
459.44,322,318
459.5,327,329
459.5,327,322
459.5,321,324
459.5,332,328
459.5,316,319
459.5,335,331
459.5,312,314
459.56,335,332
459.56,312,311
459.56,333,332
459.56,312,311
459.56,334,332
459.56,314,312
459.57,331,332
459.63,319,314
459.63,327,328
459.63,322,319
459.63,323,324
459.63,328,323
459.63,316,320
459.63,333,328
459.69,314,315
459.69,335,332
459.69,312,314
459.69,335,334
459.69,310,310
459.69,336,335
459.7,318,314
459.75,332,335
459.75,319,315
459.75,328,332
459.75,322,319
459.75,325,327
459.76,329,323
459.76,319,320
459.83,331,326
459.83,315,317
459.83,333,331
459.83,311,314
459.83,336,333
459.83,311,313
459.83,335,335
459.89,317,314
459.89,335,334
459.89,317,316
459.89,332,335
459.89,323,320
459.89,328,330
459.9,328,324
459.95,323,325
459.95,332,328
459.95,320,321
459.95,335,331
459.95,315,318
459.95,338,335
459.96,315,315
460.02,337,336
460.02,315,313
460.02,336,336
460.02,316,313
460.02,332,335
460.02,319,316
460.03,325,329
460.08,323,319
460.08,320,325
460.08,328,324
460.08,319,321
460.08,331,327
460.08,315,317
460.09,335,332
460.16,311,315
460.16,336,333
460.16,310,310
460.16,333,333
460.16,311,310
460.16,331,331
460.16,314,311
460.22,329,330
460.22,319,316
460.22,323,325
460.22,322,320
460.22,321,322
460.22,328,325
460.22,314,318
460.28,330,326
460.28,310,314
460.28,335,331
460.28,310,311
460.28,336,335
460.28,310,309
460.29,332,334
460.34,315,312
460.34,328,330
460.34,318,315
460.34,326,329
460.34,323,318
460.35,322,325
460.35,328,325
460.41,318,321
460.41,332,330
460.41,315,316
460.41,332,331
460.41,312,311
460.41,332,332
460.42,311,309
460.48,330,331
460.48,310,308
460.49,328,331
460.49,315,312
460.49,328,330
460.49,322,318
460.49,325,328
460.55,328,324
460.55,320,323
460.55,332,328
460.55,318,320
460.55,334,334
460.55,316,318
460.55,338,336
460.61,317,315
460.61,342,340
460.61,318,317
460.61,341,343
460.61,324,321
460.61,338,339
460.62,326,325
460.67,334,337
460.67,334,332
460.67,332,336
460.67,338,335
460.67,327,330
460.67,345,340
460.68,325,326
460.73,346,344
460.73,323,323
460.73,347,345
460.73,324,324
460.73,346,347
460.74,323,321
460.75,343,345
460.81,327,325
460.81,336,340
460.81,332,329
460.81,333,335
460.81,337,335
460.81,324,330
460.81,342,340
460.87,328,329
460.87,347,346
460.87,327,329
460.87,352,351
460.87,331,329
460.87,355,354
460.88,333,332
460.93,353,355
460.93,338,334
460.93,349,355
460.93,345,342
460.93,350,353
460.94,350,348
460.94,347,351
461.0,358,352
461.0,344,345
461.0,363,360
461.0,344,344
461.0,364,363
461.0,340,341
461.01,365,366
461.06,343,340
461.06,362,364
461.06,344,343
461.06,359,361
461.06,346,343
461.07,354,358
461.08,352,347
461.14,348,352
461.14,352,351
461.14,345,347
461.14,358,356
461.14,342,345
461.14,364,361
461.14,338,338
461.2,361,358
461.2,334,334
461.2,355,354
461.2,331,329
461.2,349,350
461.2,333,329
461.21,341,342
461.26,334,328
461.26,335,336
461.26,336,330
461.26,326,327
461.26,337,333
461.26,320,322
461.27,336,334
461.33,312,316
461.33,334,334
461.33,313,312
461.33,336,335
461.33,312,310
461.33,333,333
461.34,314,311
461.39,327,329
461.39,315,310
461.39,318,322
461.39,319,315
461.39,315,317
461.39,322,317
461.4,311,312
461.47,327,322
461.47,304,307
461.47,329,326
461.47,303,304
461.47,326,325
461.47,306,303
461.47,327,327
461.53,304,303
461.53,323,323
461.53,308,305
461.53,318,321
461.53,311,308
461.53,314,317
461.53,318,315
461.59,308,312
461.59,321,318
461.59,305,308
461.59,324,323
461.59,304,306
461.59,329,326
461.6,303,304
461.65,327,326
461.65,306,304
461.65,328,328
461.65,315,311
461.65,327,329
461.66,319,315
461.67,322,326
461.73,323,319
461.73,316,320
461.73,326,323
461.73,312,316
461.73,331,326
461.73,309,311
461.73,333,331
461.79,307,309
461.79,333,332
461.79,310,310
461.79,331,333
461.79,312,310
461.79,330,330
461.8,317,313
461.86,323,326
461.86,320,317
461.86,319,322
461.86,325,322
461.86,314,317
461.86,329,326
461.86,309,311
461.92,331,327
461.92,308,309
461.92,329,329
461.92,306,306
461.92,329,330
461.92,309,307
461.93,327,328
461.98,313,308
461.98,323,326
461.98,316,314
461.98,319,323
461.98,321,318
461.98,315,318
461.99,328,324
462.04,313,314
462.04,333,328
462.04,308,311
462.04,332,330
462.04,309,310
462.05,334,334
462.06,310,310
462.12,335,335
462.12,316,314
462.12,330,332
462.12,322,317
462.12,326,330
462.12,323,321
462.12,322,324
462.18,327,325
462.18,319,320
462.18,332,331
462.18,314,316
462.18,333,333
462.18,311,313
462.19,336,333
462.25,311,310
462.25,332,334
462.25,312,310
462.25,330,330
462.25,315,311
462.25,325,326
462.25,318,316
462.31,319,322
462.31,325,320
462.31,313,316
462.31,326,325
462.31,312,314
462.31,330,327
462.32,306,309
462.39,331,329
462.39,307,307
462.39,330,328
462.39,309,306
462.39,325,327
462.39,311,307
462.39,324,327
462.45,316,312
462.45,321,323
462.45,321,317
462.45,314,318
462.45,325,321
462.45,312,315
462.45,329,326
462.51,306,309
462.51,330,329
462.51,307,308
462.51,333,331
462.51,309,307
462.51,330,331
462.52,310,307
462.57,327,329
462.57,317,312
462.57,321,325
462.57,320,317
462.57,317,322
462.57,327,323
462.58,314,318
462.64,330,327
462.64,312,314
462.64,331,328
462.64,312,313
462.64,336,333
462.64,312,311
462.65,337,336
462.7,313,309
462.7,331,332
462.7,316,313
462.7,328,331
462.7,324,318
462.71,323,325
462.71,324,320
462.78,318,322
462.78,329,325
462.78,315,316
462.78,330,329
462.78,313,313
462.78,335,332
462.78,310,310
462.84,332,332
462.84,311,310
462.84,331,332
462.84,314,311
462.84,328,329
462.84,318,314
462.84,325,326
462.9,326,320
462.9,320,323
462.9,329,324
462.9,316,319
462.9,331,329
462.9,312,315
462.91,334,332
462.96,310,312
462.96,334,334
462.96,313,312
462.96,335,336
462.96,318,313
462.97,332,335
462.98,318,316
463.03,328,330
463.03,325,321
463.03,326,327
463.03,327,324
463.03,321,323
463.03,332,329
463.04,316,320
463.11,338,335
463.11,317,318
463.11,338,339
463.11,317,316
463.11,341,340
463.11,319,318
463.11,340,341
463.17,323,321
463.17,335,338
463.17,327,323
463.17,332,336
463.17,334,329
463.17,330,332
463.17,339,334
463.23,325,328
463.23,342,340
463.23,323,325
463.23,344,343
463.23,320,323
463.23,345,345
463.24,322,320
463.29,345,345
463.29,323,322
463.29,342,345
463.29,331,327
463.29,338,340
463.3,334,331
463.3,333,337
463.36,340,334
463.36,327,331
463.36,340,338
463.36,322,325
463.36,342,341
463.36,323,322
463.37,346,344
463.43,318,318
463.43,341,341
463.43,321,320
463.43,343,343
463.43,325,322
463.43,338,340
463.43,329,326
463.5,335,336
463.5,334,330
463.5,331,333
463.5,339,336
463.5,326,329
463.5,346,342
463.5,323,325
463.56,345,343
463.56,322,323
463.56,350,348
463.56,325,323
463.56,347,348
463.56,328,326
463.57,341,344
463.62,334,329
463.62,339,342
463.62,339,334
463.62,333,338
463.62,341,338
463.62,330,332
463.63,344,341
463.69,328,329
463.69,347,344
463.69,324,324
463.69,346,347
463.69,327,325
463.69,348,348
463.7,328,327
463.75,347,349
463.75,332,328
463.75,343,346
463.75,338,334
463.75,339,342
463.75,342,338
463.76,334,337
463.82,346,342
463.82,333,335
463.82,352,348
463.82,330,330
463.82,353,352
463.82,329,329
463.83,354,353
463.89,331,330
463.89,348,351
463.89,332,331
463.89,347,349
463.89,335,332
463.89,342,346
463.89,343,339
463.95,338,343
463.95,350,346
463.95,336,337
463.95,350,348
463.95,330,332
463.95,350,349
463.96,326,327
464.02,351,350
464.02,329,327
464.02,348,348
464.02,327,325
464.02,343,347
464.02,332,328
464.02,340,342
464.09,338,333
464.09,334,337
464.09,340,335
464.09,329,330
464.09,341,337
464.09,325,326
464.09,341,340
464.15,320,323
464.15,345,343
464.15,319,320
464.15,342,342
464.15,318,318
464.15,342,342
464.16,325,320
464.21,335,336
464.21,325,322
464.21,328,332
464.21,331,326
464.21,322,326
464.21,332,330
464.22,318,320
464.28,335,333
464.28,314,317
464.28,338,336
464.28,314,317
464.28,341,339
464.28,315,315
464.29,337,340
464.34,317,315
464.34,331,335
464.34,321,317
464.34,326,329
464.34,326,321
464.34,323,326
464.36,329,326
464.36,316,319
464.37,330,328
464.38,312,315
464.43,332,332
464.43,313,312
464.43,335,334
464.43,315,314
464.43,338,339
464.44,320,318
464.45,337,340
464.51,324,321
464.51,337,338
464.51,330,327
464.51,331,335
464.51,333,330
464.51,326,328
464.51,336,333
464.57,320,323
464.57,339,337
464.57,320,321
464.57,341,340
464.57,318,317
464.57,341,340
464.58,319,318
464.63,340,341
464.63,321,318
464.63,337,338
464.63,326,324
464.63,332,334
464.63,330,326
464.64,326,328
464.7,333,330
464.7,322,324
464.7,335,333
464.7,316,319
464.7,338,335
464.7,313,314
464.71,340,338
464.76,317,316
464.76,336,338
464.76,318,316
464.76,334,338
464.76,323,320
464.77,331,333
464.77,328,323
464.84,325,329
464.84,332,327
464.84,323,325
464.84,334,331
464.84,318,319
464.84,338,334
464.84,317,316
464.9,340,337
464.9,315,315
464.9,339,339
464.9,318,315
464.9,337,337
464.9,322,319
464.9,334,336
464.96,327,323
464.96,329,333
464.96,330,327
464.96,328,331
464.96,338,333
464.96,325,326
464.97,343,339
465.03,323,324
465.03,344,342
465.03,321,321
465.03,348,346
465.03,324,322
465.03,343,346
465.04,327,326
465.09,341,343
465.09,331,327
465.09,339,342
465.09,334,330
465.09,334,338
465.09,343,338
465.1,329,332
465.17,344,340
465.17,326,328
465.17,348,344
465.17,325,325
465.17,350,347
465.17,323,321
465.17,345,347
465.23,324,322
465.23,342,343
465.23,328,325
465.23,338,342
465.23,333,329
465.23,335,338
465.23,338,333
465.29,333,334
465.29,340,338
465.29,325,327
465.29,342,340
465.29,320,323
465.29,347,343
465.3,319,320
465.35,344,343
465.35,323,321
465.35,342,342
465.35,325,322
465.35,341,342
465.36,328,324
465.36,333,338
465.41,334,330
465.41,330,332
465.41,338,334
465.41,327,329
465.41,342,337
465.42,322,324
465.43,342,341
465.49,318,320
465.49,346,343
465.49,321,318
465.49,342,344
465.49,320,319
465.49,338,341
465.49,325,323
465.55,336,337
465.55,328,325
465.55,329,331
465.55,331,329
465.55,327,328
465.55,338,334
465.56,323,324
465.62,340,337
465.62,321,322
465.62,343,340
465.62,317,317
465.62,341,342
465.62,320,318
465.63,339,341
465.68,323,319
465.68,339,340
465.68,328,324
465.68,331,335
465.68,331,328
465.68,328,332
465.69,336,332
465.74,325,326
465.74,342,338
465.74,322,322
465.74,340,339
465.74,320,322
465.75,343,340
465.76,319,318
465.82,339,341
465.82,323,320
465.82,338,340
465.82,326,322
465.82,334,338
465.82,331,327
465.82,332,334
465.88,338,333
465.88,327,330
465.88,339,336
465.88,323,325
465.88,343,340
465.88,320,321
465.89,345,342
465.94,322,321
465.94,344,345
465.94,322,321
465.94,343,344
465.94,327,322
465.95,337,340
465.95,326,324
466.01,332,334
466.01,333,328
466.01,325,330
466.01,337,333
466.01,321,324
466.01,338,336
466.02,320,322
466.07,343,339
466.07,319,319
466.07,340,341
466.07,322,321
466.07,342,345
466.08,325,321
466.08,339,341
466.15,324,322
466.15,333,337
466.15,331,327
466.15,329,331
466.15,336,332
466.15,326,327
466.15,335,333
466.21,321,322
466.21,339,337
466.21,318,318
466.21,342,340
466.21,314,315
466.21,340,340
466.22,317,314
466.27,338,338
466.27,320,316
466.27,333,334
466.27,323,320
466.27,329,331
466.27,331,327
466.28,326,328
466.34,335,332
466.34,319,320
466.34,336,332
466.34,313,315
466.34,333,332
466.34,311,310
466.35,335,333
466.4,308,308
466.4,330,331
466.4,310,307
466.4,323,326
466.4,312,309
466.4,319,321
466.41,316,313
466.47,311,316
466.47,320,316
466.47,309,312
466.47,324,320
466.47,306,306
466.47,325,321
466.48,303,302
466.54,322,322
466.54,302,301
466.54,325,325
466.54,305,302
466.54,320,322
466.54,309,305
466.54,316,320
466.6,312,308
466.6,313,316
466.6,317,311
466.6,307,309
466.6,318,316
466.6,305,306
466.61,323,321
466.66,302,304
466.66,327,325
466.66,303,304
466.66,329,328
466.66,307,305
466.67,328,328
466.67,309,307
466.74,326,329
466.74,316,312
466.74,322,326
466.74,323,319
466.74,319,322
466.74,327,323
466.74,314,318
466.8,331,328
466.8,312,314
466.8,334,333
466.8,312,311
466.8,335,334
466.8,312,314
466.81,339,338
466.86,318,316
466.86,337,338
466.86,320,319
466.86,330,334
466.86,329,324
466.86,328,330
466.87,332,328
466.92,325,328
466.92,335,333
466.93,321,325
466.93,344,340
466.93,320,323
466.93,346,343
466.94,321,322
466.99,344,345
466.99,321,320
466.99,340,343
466.99,323,322
466.99,338,342
466.99,330,327
467.0,334,337
467.07,334,329
467.07,327,331
467.07,337,332
467.07,322,326
467.07,343,339
467.07,322,324
467.07,344,342
467.13,319,320
467.13,345,344
467.13,322,322
467.13,342,342
467.13,324,321
467.13,336,340
467.13,326,323
467.19,336,336
467.19,330,326
467.19,331,333
467.19,335,331
467.19,325,327
467.19,338,335
467.2,322,323
467.25,341,337
467.25,319,319
467.25,342,341
467.25,318,320
467.25,343,343
467.26,323,322
467.26,344,345
467.31,325,322
467.31,339,341
467.31,333,329
467.31,334,337
467.31,338,334
467.32,332,334
467.33,343,338
467.39,327,330
467.39,344,341
467.39,325,326
467.39,346,343
467.39,323,325
467.39,348,348
467.4,327,324
467.45,349,350
467.45,330,328
467.45,347,350
467.46,337,332
467.46,346,348
467.46,346,340
467.46,340,343
467.52,347,341
467.52,334,336
467.52,348,345
467.52,329,333
467.52,350,348
467.52,328,328
467.53,350,349
467.58,327,326
467.58,349,350
467.58,329,326
467.58,343,346
467.58,328,326
467.58,341,343
467.59,335,330
467.64,335,337
467.64,337,334
467.64,331,333
467.64,342,338
467.64,328,329
467.65,344,341
467.66,321,324
467.72,345,344
467.72,324,324
467.72,345,346
467.72,323,322
467.72,343,344
467.72,325,323
467.72,340,343
467.78,330,326
467.78,336,338
467.78,337,331
467.78,329,334
467.78,340,336
467.78,329,330
467.79,344,341
467.84,327,328
467.84,347,344
467.85,325,324
467.85,350,347
467.85,323,322
467.85,348,347
467.85,326,325
467.91,343,346
467.91,329,327
467.91,337,342
467.91,331,330
467.91,336,338
467.91,339,335
467.92,331,335
467.97,344,340
467.97,328,329
467.97,345,344
467.97,324,325
467.97,345,345
467.98,323,324
467.98,346,345
468.05,323,321
468.05,345,345
468.05,326,322
468.05,339,343
468.05,330,326
468.05,336,338
468.05,333,330
468.11,329,333
468.11,340,335
468.11,328,329
468.11,342,339
468.11,324,326
468.11,345,342
468.12,323,325
468.17,346,345
468.17,323,322
468.17,345,345
468.17,326,324
468.17,343,344
468.17,327,326
468.18,337,340
468.23,334,330
468.23,334,336
468.23,339,333
468.23,330,333
468.24,342,338
468.24,326,327
468.25,346,343
468.3,322,323
468.3,344,343
468.3,322,323
468.3,345,345
468.3,323,323
468.3,341,344
468.31,327,323
468.37,339,341
468.37,330,327
468.37,333,337
468.37,334,331
468.37,329,331
468.37,340,335
468.38,322,325
468.44,340,338
468.44,322,322
468.44,340,338
468.44,319,319
468.44,342,341
468.44,316,315
468.44,337,339
468.5,319,317
468.5,337,338
468.5,323,319
468.5,330,334
468.5,327,322
468.5,323,327
468.51,330,326
468.56,320,324
468.56,335,331
468.56,316,320
468.56,335,334
468.56,314,314
468.57,337,335
468.57,312,313
468.63,336,335
468.63,312,312
468.63,336,336
468.63,317,315
468.63,328,332
468.63,322,319
468.64,324,328
468.7,325,322
468.7,318,322
468.7,329,326
468.7,314,316
468.7,333,330
468.7,313,313
468.71,335,332
468.76,308,312
468.76,336,336
468.76,314,311
468.76,333,335
468.76,316,314
468.76,331,331
468.77,320,317
468.83,326,329
468.83,323,321
468.83,323,325
468.83,330,327
468.83,320,323
468.83,332,330
468.84,316,318
468.89,335,334
468.89,312,314
468.89,335,335
468.89,315,313
468.89,338,336
468.89,315,313
468.9,335,338
468.97,318,316
468.97,333,335
468.97,325,323
468.97,330,332
468.97,329,327
468.97,327,330
468.97,339,333
469.03,320,323
469.03,341,338
469.03,320,322
469.03,340,338
469.03,318,320
469.03,341,341
469.03,319,318
469.09,340,341
469.09,322,319
469.09,340,340
469.09,327,323
469.09,334,337
469.09,332,327
469.1,331,333
469.15,336,333
469.16,328,330
469.16,342,339
469.16,325,325
469.16,344,342
469.16,316,320
469.16,346,343
469.22,318,319
469.22,343,342
469.22,321,318
469.22,340,341
469.22,326,324
469.22,334,338
469.23,331,326
469.29,330,334
469.29,336,331
469.29,328,330
469.3,339,336
469.3,323,325
469.3,340,339
469.3,322,323
469.36,343,341
469.36,320,320
469.36,344,343
469.36,321,319
469.36,341,343
469.36,325,323
469.36,338,341
469.42,327,325
469.42,332,336
469.42,332,329
469.42,331,333
469.42,335,333
469.42,327,328
469.43,340,337
469.48,323,323
469.48,342,341
469.48,322,320
469.48,345,342
469.48,319,318
469.48,344,343
469.49,323,321
469.54,340,343
469.54,328,323
469.54,337,340
469.54,333,328
469.54,334,337
469.55,337,334
469.56,327,332
469.61,340,337
469.61,324,325
469.61,344,341
469.61,321,323
469.61,345,343
469.61,321,321
469.62,343,344
469.69,321,322
469.69,344,346
469.69,329,325
469.69,340,343
469.69,332,328
469.69,336,339
469.69,336,331
469.75,333,336
469.75,343,337
469.75,328,330
469.75,344,340
469.75,322,326
469.75,345,343
469.75,322,323
469.81,346,343
469.81,321,321
469.81,345,344
469.81,322,320
469.81,341,343
469.81,327,324
469.82,337,338
469.88,330,328
469.88,332,335
469.88,336,332
469.88,324,328
469.88,339,336
469.88,321,324
469.89,341,338
469.94,319,319
469.94,342,340
469.94,320,318
469.94,341,341
469.94,321,317
469.94,338,339
469.95,320,318
470.0,336,338
470.0,327,322
470.0,330,332
470.0,327,324
470.0,323,326
470.01,332,329
470.02,319,321
470.08,336,332
470.08,315,318
470.08,338,335
470.08,312,313
470.08,335,336
470.08,315,313
470.08,336,335
470.14,315,313
470.14,332,335
470.14,321,318
470.14,327,330
470.14,325,322
470.14,323,327
470.15,327,325
470.2,323,324
470.2,335,331
470.2,318,320
470.2,338,337
470.2,318,319
470.2,342,340
470.21,317,317
470.29,341,341
470.29,318,317
470.29,338,340
470.29,324,320
470.29,332,336
470.29,327,322
470.29,329,332
470.29,335,331
470.3,327,331
470.31,337,334
470.39,325,327
470.39,340,339
470.39,323,323
470.4,344,342
470.4,320,321
470.4,344,343
470.4,322,321
470.4,343,343
470.4,324,321
470.4,339,341
470.41,330,326
470.5,334,339
470.5,333,330
470.5,331,335
470.5,339,336
470.5,329,330
470.5,344,340
470.5,327,327
470.5,345,342
470.5,323,323
470.5,347,344
470.6,320,322
470.6,346,345
470.6,323,322
470.6,342,344
470.6,328,323
470.6,337,340
470.6,332,328
470.6,336,338
470.6,336,332
470.6,327,330
470.61,338,335
470.67,325,327
470.67,343,339
470.67,322,325
470.67,344,342
470.67,321,321
470.67,342,343
470.67,318,317
470.72,342,343
470.72,325,321
470.72,340,342
470.72,329,325
470.72,335,336
470.73,333,328
470.74,330,334
470.84,338,333
470.84,324,328
470.84,340,337
470.84,321,323
470.84,341,338
470.84,320,322
470.84,344,343
470.84,318,320
470.84,346,347
470.84,324,323
470.84,343,346
470.85,330,328
470.86,340,344
470.87,335,330
470.92,339,341
470.92,343,338
470.92,335,336
470.92,345,342
470.92,331,333
470.93,351,348
470.93,327,329
470.99,351,350
470.99,327,328
470.99,349,350
470.99,330,329
470.99,349,350
470.99,333,330
471.0,346,349
471.07,335,333
471.07,343,346
471.07,342,337
471.07,336,340
471.07,347,343
471.07,333,337
471.07,347,343
471.13,329,331
471.13,351,347
471.13,324,326
471.13,349,349
471.13,325,324
471.13,348,346
471.13,326,325
471.19,346,346
471.19,329,326
471.19,339,343
471.19,337,332
471.19,334,338
471.19,340,337
471.2,330,335
471.25,345,340
471.25,329,329
471.25,347,345
471.25,325,327
471.25,349,347
471.25,325,325
471.26,347,346
471.32,324,322
471.32,341,345
471.32,326,323
471.32,340,342
471.32,330,327
471.32,334,338
471.33,337,332
471.38,329,333
471.38,338,335
471.38,326,329
471.38,343,339
471.38,322,325
471.38,345,342
471.39,321,322
471.46,344,344
471.46,321,320
471.46,344,344
471.46,323,320
471.46,337,341
471.46,325,324
471.46,335,339
471.52,333,328
471.52,329,333
471.52,338,334
471.52,326,330
471.52,339,336
471.52,325,328
471.52,348,344
471.57,325,324
471.57,348,346
471.57,321,321
471.57,344,345
471.57,323,320
471.58,343,344
471.59,328,323
471.64,336,341
471.64,329,326
471.64,332,336
471.64,332,329
471.64,328,333
471.65,338,334
471.65,322,326
471.71,340,337
471.71,321,321
471.71,339,338
471.71,317,319
471.71,341,340
471.71,314,315
471.72,339,339
471.77,321,317
471.77,335,338
471.77,324,320
471.77,332,334
471.77,327,323
471.78,326,328
471.79,331,326
471.84,319,322
471.84,336,332
471.84,314,317
471.84,337,335
471.84,315,316
471.84,340,339
471.86,314,314
471.86,339,339
471.87,319,316
471.88,337,338
471.94,321,319
471.94,332,335
471.94,323,322
471.94,328,332
471.94,332,327
471.94,323,327
471.95,337,332
472.0,321,322
472.0,339,335
472.0,316,318
472.0,339,337
472.0,314,316
472.0,336,338
472.01,315,314
472.06,337,338
472.06,319,316
472.06,333,336
472.06,320,319
472.06,331,333
472.07,328,324
472.08,326,328
472.14,331,328
472.14,321,324
472.14,337,334
472.14,316,321
472.14,340,338
472.14,319,318
472.14,340,338
472.19,315,314
472.19,334,335
472.19,313,309
472.19,328,329
472.19,311,307
472.2,321,323
472.21,311,307
472.26,314,317
472.26,314,311
472.26,307,308
472.26,318,313
472.26,301,302
472.26,318,317
472.27,297,297
472.33,318,318
472.33,293,295
472.33,320,320
472.33,297,296
472.33,319,320
472.33,301,297
472.34,316,318
472.39,305,301
472.39,310,313
472.39,309,305
472.39,306,307
472.39,316,312
472.4,304,305
472.4,316,313
472.45,299,300
472.45,320,318
472.45,298,297
472.46,322,320
472.46,298,296
472.46,321,321
472.47,298,297
472.53,320,320
472.53,307,303
472.53,315,319
472.53,308,305
472.53,311,313
472.53,316,311
472.54,307,309
472.59,316,315
472.59,305,308
472.59,325,321
472.59,302,305
472.59,326,326
472.59,303,305
472.6,331,331
472.65,308,306
472.65,329,330
472.65,315,312
472.65,327,330
472.65,321,316
472.66,323,327
472.67,325,321
472.72,320,323
472.72,329,324
472.72,313,317
472.72,330,327
472.72,313,312
472.72,332,330
472.73,311,311
472.79,335,332
472.79,310,309
472.79,333,335
472.79,314,311
472.79,329,331
472.79,316,312
472.8,324,327
472.86,318,315
472.86,319,321
472.86,323,320
472.86,315,317
472.86,326,324
472.86,313,314
472.86,332,329
472.92,309,312
472.92,335,333
472.92,309,311
472.92,338,336
472.92,314,315
472.92,334,336
472.93,319,316
472.98,331,333
472.98,326,321
472.98,329,332
472.98,328,324
472.98,326,328
472.99,335,330
472.99,322,325
473.04,336,334
473.04,319,321
473.04,338,336
473.04,312,313
473.04,336,338
473.05,311,313
473.06,333,334
473.12,314,313
473.12,329,332
473.12,316,313
473.12,323,327
473.12,322,318
473.12,321,324
473.12,324,320
473.18,314,318
473.18,328,326
473.18,311,313
473.18,331,328
473.18,310,312
473.18,334,332
473.19,310,310
473.24,333,332
473.24,311,309
473.24,328,331
473.24,314,311
473.24,327,330
473.25,321,317
473.26,323,326
473.31,325,320
473.31,316,320
473.31,328,326
473.31,315,317
473.31,334,330
473.31,314,314
473.32,335,331
473.39,309,310
473.39,333,333
473.39,311,309
473.39,333,333
473.39,316,312
473.39,326,330
473.39,316,313
473.44,325,327
473.44,323,318
473.44,322,324
473.44,326,323
473.44,315,318
473.44,333,331
473.45,311,314
473.51,334,332
473.51,312,312
473.51,334,334
473.51,314,312
473.51,336,337
473.51,313,311
473.52,333,334
473.57,315,313
473.57,328,332
473.57,322,317
473.57,322,327
473.57,327,322
473.58,320,322
473.58,330,329
473.64,317,318
473.64,334,330
473.64,315,316
473.64,336,335
473.64,315,314
473.64,338,337
473.65,316,313
473.7,337,338
473.7,321,317
473.7,332,336
473.7,325,321
473.7,332,334
473.71,331,326
473.71,329,332
473.78,334,331
473.78,320,325
473.78,338,334
473.78,318,320
473.78,339,335
473.78,317,316
473.78,340,337
473.83,313,311
473.83,334,337
473.83,317,313
473.83,336,336
473.83,323,319
473.84,334,338
473.85,329,326
473.9,332,335
473.9,335,332
473.9,327,332
473.9,343,339
473.9,327,328
473.91,344,341
473.91,324,325
473.96,344,345
473.96,322,323
473.96,346,345
473.96,325,322
473.96,345,346
473.97,328,324
473.98,342,345
474.03,331,327
474.03,337,339
474.03,337,331
474.03,330,335
474.03,341,336
474.03,328,329
474.04,342,340
474.1,324,327
474.1,345,343
474.1,323,323
474.1,346,345
474.1,320,320
474.1,344,345
474.11,325,322
474.16,341,342
474.16,328,325
474.16,338,340
474.16,332,328
474.16,333,335
474.17,336,333
474.17,326,330
474.23,341,338
474.23,323,327
474.23,342,340
474.23,320,324
474.23,345,342
474.23,321,320
474.24,343,344
474.29,322,321
474.29,340,342
474.29,324,323
474.29,339,340
474.29,330,323
474.3,333,336
474.3,330,328
474.37,326,331
474.37,335,331
474.37,320,324
474.37,336,335
474.37,320,321
474.37,338,337
474.37,314,317
474.43,337,338
474.43,317,315
474.43,337,337
474.43,319,315
474.43,332,334
474.43,320,317
474.44,331,332
474.49,322,319
474.49,323,326
474.49,326,322
474.49,314,319
474.49,332,327
474.49,314,317
474.5,335,330
474.55,313,314
474.55,336,334
474.55,313,313
474.55,338,338
474.55,315,313
474.56,338,337
474.57,317,315
474.62,331,332
474.62,323,319
474.62,324,329
474.62,327,323
474.62,323,326
474.62,333,328
474.63,318,319
474.69,334,331
474.69,314,317
474.69,334,334
474.69,315,314
474.69,337,338
474.69,316,314
474.7,336,339
474.76,319,315
474.76,332,335
474.76,322,317
474.76,328,329
474.76,327,321
474.76,322,326
474.76,328,325
474.82,318,322
474.82,330,327
474.82,316,316
474.82,333,333
474.82,310,313
474.82,336,335
474.83,315,313
474.88,337,336
474.88,312,312
474.88,334,335
474.88,319,315
474.88,330,333
474.89,322,319
474.89,324,328
474.94,327,324
474.95,320,324
474.95,330,328
474.95,318,318
474.95,335,333
474.95,315,317
474.96,336,335
475.01,314,315
475.01,338,336
475.01,314,312
475.01,337,336
475.01,317,314
475.02,330,333
475.03,320,317
475.08,327,330
475.08,324,321
475.08,321,326
475.08,331,327
475.08,316,321
475.08,332,330
475.09,317,318
475.14,335,334
475.14,315,315
475.14,338,335
475.14,314,312
475.15,337,337
475.15,317,314
475.16,336,336
475.22,320,315
475.22,330,333
475.22,326,322
475.22,325,330
475.22,331,326
475.22,322,327
475.22,336,331
475.27,318,322
475.27,339,336
475.27,315,319
475.27,342,339
475.27,315,316
475.28,339,339
475.29,315,314
475.35,338,339
475.35,320,318
475.35,337,338
475.35,323,321
475.35,328,333
475.35,329,325
475.35,326,330
475.41,332,331
475.41,321,323
475.41,339,335
475.41,321,322
475.41,342,338
475.41,317,318
475.42,342,339
475.47,319,319
475.47,341,341
475.47,322,319
475.47,341,342
475.47,326,322
475.48,336,339
475.48,334,328
475.54,331,335
475.54,336,333
475.54,330,331
475.54,341,337
475.54,327,327
475.54,344,343
475.55,324,325
475.61,347,345
475.61,323,323
475.61,344,345
475.61,324,324
475.61,342,345
475.61,325,324
475.62,341,343
475.67,333,327
475.67,333,337
475.67,332,330
475.67,330,332
475.67,340,334
475.67,325,327
475.68,341,338
475.73,324,326
475.73,342,342
475.73,322,323
475.73,346,343
475.73,318,319
475.74,345,344
475.75,322,321
475.81,342,344
475.81,327,325
475.81,336,339
475.81,333,329
475.81,331,336
475.81,339,335
475.81,327,330
475.87,342,338
475.87,323,326
475.87,341,341
475.87,323,324
475.87,345,343
475.87,320,322
475.88,347,346
475.94,322,320
475.94,343,343
475.94,322,322
475.94,338,340
475.94,330,326
475.94,333,336
475.94,336,332
476.0,329,333
476.0,338,336
476.0,323,327
476.0,341,339
476.0,320,323
476.0,346,342
476.01,321,321
476.06,345,344
476.06,323,321
476.06,343,343
476.06,323,321
476.06,338,340
476.07,327,324
476.07,336,337
476.12,334,328
476.12,331,334
476.13,336,332
476.13,326,329
476.13,342,337
476.13,322,325
476.14,343,340
476.2,318,320
476.2,341,340
476.2,316,317
476.2,341,340
476.2,319,316
476.2,335,338
476.2,323,319
476.26,334,335
476.26,326,321
476.26,327,330
476.26,333,329
476.26,324,327
476.26,333,331
476.27,322,323
476.32,336,334
476.32,316,318
476.32,339,337
476.32,316,316
476.32,342,339
476.33,315,315
476.34,336,339
476.4,319,317
476.4,334,335
476.4,323,318
476.4,330,332
476.4,327,322
476.4,324,327
476.4,333,330
476.45,321,323
476.45,335,333
476.45,319,320
476.45,336,335
476.45,318,317
476.46,337,337
476.47,313,314
476.52,337,337
476.52,319,316
476.52,335,337
476.52,319,316
476.52,331,333
476.52,325,321
476.53,324,328
476.63,331,327
476.63,322,325
476.63,332,330
476.63,319,321
476.63,337,335
476.63,315,317
476.63,341,337
476.63,315,315
476.63,342,340
476.63,319,316
476.73,336,339
476.73,322,318
476.73,333,335
476.73,322,320
476.73,331,333
476.73,328,325
476.73,325,329
476.73,335,330
476.73,322,324
476.73,339,335
476.73,317,320
476.9,339,338
476.91,317,318
476.91,341,340
476.91,318,316
476.91,339,339
476.91,317,317
476.91,335,338
476.91,325,321
476.91,333,335
476.91,329,325
476.91,331,333
476.91,333,330
476.91,326,328
476.91,339,335
476.91,323,325
476.91,343,341
476.91,321,322
476.91,345,343
476.91,322,322
476.92,346,344
476.93,322,321
477.04,343,344
477.04,326,322
477.04,339,341
477.04,331,326
477.04,334,339
477.04,335,332
477.04,332,334
477.04,343,337
477.04,324,328
477.04,342,339
477.04,322,324
477.05,343,343
477.05,318,320
477.06,347,346
477.17,324,322
477.17,344,344
477.17,324,321
477.17,338,341
477.17,327,325
477.17,335,337
477.17,328,326
477.17,329,331
477.17,337,331
477.17,325,328
477.17,339,335
477.17,320,324
477.18,342,339
477.19,318,321
477.29,342,342
477.29,319,318
477.29,342,343
477.29,323,319
477.29,336,341
477.29,325,321
477.29,335,336
477.29,326,323
477.29,329,332
477.29,331,328
477.29,324,329
477.3,334,331
477.31,319,322
477.32,339,335
477.41,315,317
477.41,339,336
477.41,314,313
477.41,335,335
477.41,314,311
477.41,335,334
477.41,315,311
477.41,330,332
477.41,320,315
477.41,324,328
477.52,323,319
477.52,320,322
477.52,327,323
477.52,318,319
477.52,332,328
477.52,315,317
477.53,337,333
477.53,313,314
477.53,339,336
477.53,312,311
477.53,338,337
477.53,314,313
477.54,332,335
477.54,321,317
477.65,332,335
477.65,328,324
477.65,330,332
477.65,334,329
477.65,324,327
477.65,336,333
477.65,323,324
477.65,340,338
477.65,319,318
477.65,340,339
477.65,317,318
477.66,343,341
477.67,317,317
477.68,342,341
477.74,318,316
477.74,334,337
477.74,327,322
477.74,331,334
477.74,332,327
477.74,327,330
477.74,335,332
477.81,325,327
477.81,338,335
477.81,320,322
477.81,340,337
477.81,317,317
477.81,340,338
477.81,313,313
477.87,338,337
477.87,317,315
477.87,335,337
477.87,322,318
477.87,334,335
477.87,328,323
477.87,327,330
477.92,332,327
477.92,325,326
477.93,334,332
477.93,320,321
477.93,338,336
477.93,316,319
477.94,341,339
477.99,317,316
477.99,342,343
477.99,320,317
477.99,338,340
477.99,321,319
477.99,334,338
478.0,327,323
478.05,331,335
478.05,329,327
478.05,326,329
478.05,334,331
478.05,320,322
478.06,337,333
478.07,319,320
478.12,339,336
478.12,315,316
478.12,339,338
478.12,317,316
478.12,339,340
478.13,321,317
478.13,337,337
478.19,323,319
478.19,333,335
478.19,327,323
478.19,326,331
478.19,332,329
478.19,324,327
478.2,337,334
478.25,320,322
478.25,341,339
478.25,319,319
478.25,343,340
478.25,318,318
478.26,339,341
478.27,319,318
478.33,338,341
478.33,321,318
478.33,333,336
478.33,326,322
478.33,328,332
478.33,331,328
478.33,327,329
478.39,336,332
478.39,323,324
478.39,340,337
478.39,318,318
478.39,341,340
478.39,320,320
478.4,346,344
478.45,318,318
478.46,342,344
478.46,324,321
478.46,337,340
478.46,330,325
478.46,338,339
478.46,335,332
478.51,329,333
478.51,335,333
478.51,325,329
478.51,341,338
478.51,322,325
478.52,344,341
478.53,319,320
478.58,342,342
478.58,320,318
478.58,343,342
478.58,322,320
478.58,340,341
478.58,323,321
478.59,336,338
478.66,328,327
478.66,330,333
478.66,334,331
478.66,326,327
478.66,337,334
478.66,320,323
478.66,343,339
478.74,319,319
478.74,342,341
478.74,319,319
478.74,341,341
478.74,318,318
478.74,338,340
478.74,321,318
478.74,336,338
478.74,325,323
478.75,330,334
478.76,330,325
478.81,328,330
478.81,337,332
478.82,322,324
478.82,335,334
478.82,320,321
478.82,340,339
478.83,319,320
478.89,339,339
478.89,316,314
478.89,339,338
478.89,317,316
478.89,334,337
478.89,324,318
478.89,330,332
478.94,327,323
478.95,324,329
478.95,331,327
478.95,320,324
478.95,337,332
478.95,321,322
478.96,339,336
479.01,317,319
479.01,339,337
479.01,317,316
479.01,339,338
479.01,316,314
479.01,336,336
479.02,319,315
479.07,328,333
479.07,323,319
479.07,328,333
479.08,333,330
479.08,327,329
479.08,335,332
479.09,323,324
479.14,339,335
479.14,319,318
479.14,340,338
479.14,319,319
479.14,343,346
479.15,325,323
479.15,346,348
479.21,332,327
479.21,348,350
479.21,339,335
479.21,345,350
479.21,346,341
479.21,340,343
479.22,347,342
479.27,334,335
479.27,347,343
479.27,330,330
479.27,348,345
479.27,327,326
479.28,347,346
479.29,324,323
479.34,347,348
479.34,325,322
479.34,342,344
479.34,327,322
479.34,336,339
479.34,329,326
479.35,332,335
479.4,334,329
479.4,326,330
479.4,336,333
479.4,320,325
479.4,338,336
479.41,318,321
479.42,342,339
479.43,315,318
479.44,341,340
479.44,317,314
479.5,338,338
479.5,319,315
479.5,332,335
479.5,320,318
479.5,326,328
479.5,322,319
479.51,319,323
479.56,325,321
479.56,312,315
479.56,328,325
479.56,309,310
479.56,329,326
479.57,304,306
479.58,333,330
479.63,307,305
479.63,330,329
479.63,307,305
479.63,325,326
479.63,310,308
479.63,320,325
479.64,317,314
479.69,319,321
479.69,320,317
479.69,310,315
479.69,324,322
479.69,309,310
479.7,326,324
479.71,306,308
479.76,330,328
479.76,305,304
479.76,327,329
479.76,305,304
479.76,326,328
479.76,313,310
479.77,327,331
479.82,321,316
479.82,327,329
479.82,328,324
479.82,323,325
479.82,333,328
479.83,319,321
479.84,338,333
479.9,320,320
479.9,339,337
479.9,317,317
479.9,343,341
479.9,319,317
479.9,341,341
479.9,322,318
479.96,335,338
479.96,324,321
479.96,333,335
479.96,328,326
479.96,330,332
479.96,332,329
479.97,323,326
480.02,334,331
480.02,316,318
480.02,336,333
480.02,312,314
480.02,337,335
480.03,314,312
480.03,334,335
480.09,314,311
480.09,333,333
480.09,317,313
480.09,327,331
480.09,319,315
480.09,322,323
480.1,323,319
480.15,317,320
480.15,328,325
480.15,314,316
480.15,331,328
480.15,313,313
480.16,333,332
480.17,311,312
480.22,334,334
480.22,309,308
480.22,334,335
480.22,315,312
480.22,331,332
480.22,318,316
480.23,327,330
480.28,325,323
480.28,325,327
480.28,333,328
480.28,318,323
480.28,335,331
480.29,314,318
480.3,336,334
480.35,313,315
480.35,338,337
480.35,315,313
480.35,337,337
480.35,317,314
480.35,333,334
480.36,320,316
480.42,331,332
480.42,324,320
480.42,325,328
480.42,328,324
480.42,320,323
480.42,332,329
480.43,314,318
480.48,336,333
480.48,314,316
480.48,337,336
480.48,312,314
480.48,340,337
480.49,315,313
480.49,334,336
480.56,319,316
480.56,333,335
480.56,323,319
480.56,327,330
480.56,326,322
480.56,320,324
480.56,332,328
480.61,321,322
480.61,334,330
480.61,315,317
480.61,333,333
480.61,314,314
480.62,337,336
480.62,314,312
480.68,337,337
480.68,315,312
480.68,333,335
480.68,320,318
480.68,329,333
480.68,326,322
480.69,326,329
480.74,332,327
480.74,318,323
480.74,334,331
480.74,320,320
480.74,338,335
480.75,316,318
480.76,342,338
480.81,316,318
480.81,341,340
480.81,318,317
480.81,337,340
480.81,321,319
480.81,333,336
480.82,330,325
480.88,331,334
480.88,334,328
480.88,325,330
480.88,335,334
480.88,324,325
480.88,342,338
480.89,320,323
480.95,342,342
480.95,320,320
480.95,343,343
480.95,320,320
480.95,343,344
480.95,326,322
480.95,340,340
481.01,329,325
481.01,338,340
481.01,332,330
481.01,330,334
481.01,340,336
481.01,328,329
481.02,340,339
481.07,322,326
481.07,344,343
481.07,324,323
481.07,347,344
481.07,323,321
481.07,345,345
481.08,326,322
481.13,343,344
481.14,327,324
481.14,339,341
481.14,334,329
481.14,333,337
481.14,339,335
481.15,332,333
481.21,338,338
481.21,327,328
481.21,344,341
481.21,323,324
481.21,345,345
481.21,321,321
481.21,345,344
481.27,323,320
481.27,342,342
481.27,323,319
481.27,334,338
481.27,325,322
481.27,333,334
481.28,330,325
481.33,327,328
481.33,336,331
481.33,321,322
481.33,338,334
481.33,320,320
481.34,343,339
481.35,318,319
481.41,339,339
481.41,317,316
481.41,340,339
481.41,317,316
481.41,336,336
481.41,323,319
481.41,330,334
481.47,326,323
481.47,327,332
481.47,331,326
481.47,323,326
481.47,339,335
481.47,322,323
481.48,344,340
481.53,320,321
481.53,344,343
481.53,322,320
481.53,345,345
481.53,321,321
481.54,341,345
481.54,327,324
481.6,339,343
481.6,336,331
481.6,336,341
481.6,342,337
481.6,332,336
481.6,346,341
481.61,331,333
481.66,350,345
481.66,326,329
481.66,353,350
481.66,324,325
481.66,348,348
481.66,324,324
481.67,346,347
481.74,329,325
481.74,344,345
481.74,329,327
481.74,339,342
481.74,339,335
481.74,335,337
481.74,341,337
481.8,329,333
481.8,345,341
481.8,323,325
481.8,347,342
481.8,323,323
481.8,344,341
481.8,317,318
481.86,342,341
481.86,320,318
481.86,334,339
481.86,322,318
481.86,333,333
481.86,325,322
481.87,324,328
481.92,328,324
481.92,319,322
481.92,329,327
481.92,316,317
481.92,333,330
481.93,312,314
481.94,334,333
481.99,310,311
481.99,334,334
481.99,312,312
481.99,332,334
481.99,315,311
481.99,331,332
482.0,320,316
482.06,324,328
482.06,323,320
482.06,322,323
482.06,328,324
482.06,318,319
482.06,335,330
482.07,314,314
482.13,335,332
482.13,312,312
482.13,333,334
482.13,309,309
482.13,332,334
482.13,311,311
482.13,331,333
482.19,316,312
482.19,325,328
482.19,322,316
482.19,320,324
482.19,326,321
482.19,319,320
482.2,330,327
482.25,314,316
482.25,333,331
482.25,310,311
482.25,334,333
482.25,311,310
482.25,335,334
482.26,312,310
482.31,331,331
482.31,312,312
482.31,329,333
482.31,322,318
482.31,326,329
482.32,329,326
482.33,323,326
482.39,335,331
482.39,320,322
482.39,338,337
482.39,320,322
482.39,345,341
482.39,318,320
482.39,346,344
482.46,320,320
482.46,343,343
482.46,326,323
482.46,342,342
482.46,325,324
482.46,338,342
482.46,333,330
482.52,334,337
482.52,343,338
482.52,331,334
482.52,348,345
482.52,333,334
482.52,350,350
482.53,332,331
482.58,354,352
482.58,332,331
482.58,353,354
482.58,336,334
482.58,356,356
482.58,338,336
482.59,352,353
482.64,344,342
482.64,346,348
482.64,350,344
482.64,342,344
482.64,354,348
482.65,335,338
482.66,353,352
482.72,333,335
482.72,355,354
482.72,333,332
482.72,358,357
482.72,333,334
482.72,355,356
482.72,336,334
482.78,350,353
482.78,338,338
482.78,347,350
482.78,345,341
482.78,339,343
482.78,348,343
482.79,334,337
482.84,349,345
482.84,329,333
482.84,352,351
482.85,328,328
482.85,351,351
482.85,328,327
482.85,350,352
482.91,332,328
482.91,349,351
482.91,335,334
482.91,351,352
482.91,345,340
482.91,342,346
482.92,348,345
482.97,337,341
482.97,355,353
482.97,337,341
482.97,358,355
482.97,336,337
482.98,361,359
482.98,337,335
483.05,357,358
483.05,334,335
483.05,357,357
483.05,340,336
483.05,354,355
483.05,344,340
483.05,349,350
483.11,349,344
483.11,343,345
483.11,353,348
483.11,337,340
483.11,354,352
483.11,332,334
483.11,353,352
483.17,327,329
483.17,352,352
483.17,331,329
483.17,351,351
483.17,329,328
483.17,347,348
483.18,334,329
483.23,338,342
483.24,337,332
483.24,332,336
483.24,340,336
483.24,328,332
483.24,343,339
483.25,325,326
483.3,343,341
483.3,322,322
483.3,345,343
483.3,321,321
483.3,344,344
483.3,320,317
483.31,338,341
483.38,324,322
483.38,335,338
483.38,328,324
483.38,330,331
483.38,333,328
483.38,325,327
483.38,338,333
483.44,320,323
483.44,339,336
483.44,317,321
483.44,342,339
483.44,318,318
483.44,342,343
483.44,322,319
483.5,341,342
483.5,324,319
483.5,334,336
483.5,324,322
483.5,330,334
483.5,332,328
483.51,329,331
483.56,335,333
483.56,324,328
483.56,339,337
483.56,322,323
483.56,344,340
483.57,317,317
483.57,339,339
483.63,314,314
483.63,336,337
483.63,316,314
483.63,336,336
483.63,320,319
483.63,330,334
483.64,327,325
483.69,329,333
483.69,334,331
483.69,326,329
483.69,340,335
483.69,323,324
483.7,341,338
483.7,321,322
483.77,344,341
483.77,317,319
483.77,343,342
483.77,320,318
483.77,341,341
483.77,325,323
483.77,339,341
483.83,329,324
483.83,333,336
483.83,334,330
483.83,330,331
483.83,339,334
483.83,323,326
483.84,342,337
483.89,321,323
483.89,342,340
483.89,319,319
483.89,340,341
483.89,320,320
483.89,342,344
483.9,321,319
483.95,338,340
483.95,325,321
483.95,333,336
483.96,329,327
483.96,329,332
483.96,334,331
483.97,326,327
484.02,338,336
484.02,320,324
484.02,344,341
484.02,320,321
484.02,346,343
484.02,318,320
484.03,342,342
484.1,323,320
484.1,337,339
484.1,324,319
484.1,335,338
484.1,327,324
484.1,330,332
484.1,331,328
484.16,324,329
484.16,337,333
484.16,323,324
484.16,339,336
484.16,318,320
484.16,340,339
484.16,314,315
484.22,339,338
484.22,314,313
484.22,338,338
484.22,319,316
484.22,330,332
484.22,318,316
484.23,325,327
484.28,323,319
484.28,319,321
484.28,326,321
484.28,313,317
484.28,329,326
484.29,310,311
484.29,330,328
484.35,309,308
484.35,333,331
484.35,309,308
484.35,334,333
484.35,308,308
484.35,326,328
484.36,311,309
484.42,321,323
484.42,317,313
484.42,317,319
484.42,323,318
484.42,315,317
484.42,325,323
484.43,313,314
484.49,330,326
484.49,307,309
484.49,330,329
484.49,305,306
484.49,331,330
484.49,306,306
484.49,327,330
484.55,312,309
484.55,325,326
484.55,319,313
484.55,322,324
484.55,323,319
484.55,319,321
484.56,327,323
484.61,316,317
484.61,331,328
484.61,312,313
484.61,334,332
484.61,313,311
484.61,335,334
484.62,311,310
484.67,331,333
484.67,315,313
484.67,332,333
484.67,317,316
484.67,325,328
484.68,324,319
484.69,322,325
484.75,328,323
484.75,317,320
484.75,329,328
484.75,314,316
484.75,333,331
484.75,313,315
484.75,338,337
484.81,314,313
484.81,337,337
484.81,314,312
484.81,335,335
484.81,319,316
484.81,329,333
484.82,324,321
484.87,322,327
484.87,329,326
484.87,323,324
484.87,335,330
484.87,321,322
484.88,339,336
484.88,317,319
484.94,337,337
484.94,315,315
484.94,337,336
484.94,314,314
484.94,336,337
484.94,319,315
484.95,333,335
485.01,323,321
485.01,328,333
485.01,330,327
485.01,328,329
485.01,339,334
485.01,324,326
485.02,338,335
485.08,322,323
485.08,344,341
485.08,320,321
485.08,346,344
485.08,323,320
485.08,342,342
485.08,325,321
485.14,339,342
485.14,329,326
485.14,337,338
485.14,333,329
485.14,333,335
485.14,337,332
485.15,327,328
485.2,338,335
485.2,319,322
485.2,339,336
485.2,320,320
485.2,341,339
485.2,321,319
485.21,341,339
485.26,322,321
485.26,337,337
485.26,323,322
485.26,332,334
485.26,330,326
485.27,328,332
485.28,334,330
485.33,321,326
485.33,337,334
485.33,320,324
485.33,338,337
485.33,320,321
485.33,338,338
485.34,323,321
485.39,339,338
485.39,322,321
485.39,335,336
485.39,324,322
485.39,330,334
485.4,327,326
485.41,327,330
485.46,331,328
485.46,326,327
485.46,333,331
485.46,322,321
485.46,334,333
485.47,318,319
485.47,336,335
485.53,318,318
485.53,338,336
485.53,316,316
485.53,334,337
485.53,318,317
485.53,332,335
485.54,325,320
485.6,329,332
485.6,326,323
485.6,324,327
485.6,329,327
485.6,321,324
485.6,333,330
485.61,318,320
485.66,335,332
485.66,315,318
485.66,338,336
485.66,317,316
485.67,336,336
485.67,316,314
485.67,334,334
485.73,316,313
485.73,324,328
485.73,318,315
485.73,322,325
485.73,325,320
485.73,316,318
485.74,326,322
485.79,316,316
485.79,329,326
485.79,307,309
485.79,327,323
485.79,306,307
485.79,326,326
485.8,305,304
485.85,323,324
485.85,306,306
485.85,320,322
485.85,310,307
485.85,319,321
485.86,314,311
485.87,312,315
485.93,321,317
485.93,308,310
485.93,326,323
485.93,311,310
485.93,323,322
485.93,304,305
485.93,324,324
485.99,307,305
485.99,326,326
485.99,309,308
485.99,322,325
485.99,317,313
485.99,320,323
486.0,319,316
486.05,315,318
486.05,323,321
486.05,313,315
486.05,328,325
486.05,311,312
486.06,326,325
486.06,312,311
486.12,330,329
486.12,312,311
486.12,331,331
486.12,315,311
486.12,328,329
486.12,317,314
486.13,322,326
486.18,322,318
486.18,321,324
486.18,327,322
486.18,320,322
486.18,329,326
486.19,314,316
486.19,333,331
486.26,315,316
486.26,335,332
486.26,314,314
486.26,335,334
486.26,318,316
486.26,331,331
486.26,318,317
486.32,330,332
486.32,325,324
486.32,329,332
486.32,333,331
486.32,328,332
486.32,338,336
486.33,326,329
486.38,342,340
486.38,328,330
486.38,346,344
486.38,328,328
486.38,346,347
486.38,328,329
486.39,350,349
486.45,332,329
486.45,347,349
486.45,336,333
486.45,344,348
486.45,339,337
486.45,340,343
486.46,342,339
486.51,335,337
486.51,343,341
486.51,333,334
486.51,345,342
486.51,328,328
486.51,344,343
486.52,321,322
486.59,345,342
486.59,320,321
486.59,340,343
486.59,323,320
486.59,340,342
486.59,327,323
486.59,335,338
486.65,328,325
486.65,329,331
486.65,334,329
486.65,325,327
486.65,333,330
486.65,320,323
486.65,337,334
486.71,317,318
486.71,337,335
486.71,313,314
486.71,335,337
486.71,312,312
486.71,335,337
486.72,319,317
486.77,333,336
486.77,322,319
486.77,329,333
486.77,328,325
486.77,325,328
486.78,328,328
486.79,321,323
486.8,337,333
486.81,317,319
486.81,341,338
486.87,316,317
486.87,340,338
486.87,316,317
486.87,341,343
486.87,320,318
486.87,339,339
486.88,322,320
486.93,334,338
486.93,328,325
486.93,329,333
486.93,333,329
486.93,326,329
486.94,341,336
486.94,322,325
487.01,340,339
487.01,319,319
487.01,341,338
487.01,315,316
487.01,338,337
487.01,315,313
487.01,332,334
487.07,315,312
487.07,325,328
487.07,318,314
487.07,323,325
487.07,322,318
487.07,315,318
487.08,325,322
487.13,312,314
487.13,326,323
487.13,307,309
487.13,329,328
487.13,306,307
487.13,330,330
487.14,306,306
487.19,328,329
487.19,308,307
487.19,326,328
487.19,313,309
487.19,323,325
487.2,317,313
487.21,314,318
487.27,321,317
487.27,311,313
487.27,324,321
487.27,309,311
487.27,329,327
487.27,305,307
487.27,333,330
487.33,305,304
487.33,331,330
487.33,307,305
487.33,325,326
487.33,311,307
487.33,320,323
487.34,315,311
487.4,317,319
487.4,317,313
487.4,312,315
487.4,322,320
487.4,308,311
487.4,324,322
487.4,307,307
487.46,330,327
487.46,305,305
487.46,329,328
487.46,308,306
487.46,328,329
487.46,310,305
487.47,325,328
487.52,312,310
487.52,320,322
487.52,317,313
487.52,317,319
487.52,323,319
487.53,313,315
487.53,328,325
487.6,313,315
487.6,334,332
487.6,312,313
487.6,334,333
487.6,310,309
487.6,333,335
487.6,313,312
487.66,331,332
487.66,318,313
487.66,326,330
487.66,323,318
487.66,323,327
487.66,327,323
487.67,321,322
487.72,330,328
487.72,316,318
487.72,335,334
487.72,317,317
487.72,342,338
487.72,316,318
487.73,339,339
487.78,319,317
487.78,338,339
487.78,320,318
487.78,334,338
487.78,328,324
487.79,332,335
487.8,335,330
487.85,328,332
487.85,335,333
487.85,321,325
487.85,342,337
487.85,321,323
487.85,342,340
487.86,318,320
487.93,344,342
487.93,321,321
487.93,344,344
487.93,323,320
487.93,341,343
487.93,326,323
487.93,334,337
487.99,330,327
487.99,329,333
487.99,335,332
487.99,327,329
487.99,339,336
487.99,323,325
487.99,344,341
488.05,320,320
488.05,343,341
488.05,317,317
488.05,342,341
488.05,320,318
488.05,337,340
488.06,323,320
488.11,334,336
488.11,326,323
488.11,331,334
488.11,333,328
488.11,327,331
488.12,339,335
488.12,323,325
488.18,342,339
488.18,320,322
488.18,343,343
488.18,321,321
488.18,343,344
488.18,321,319
488.19,344,344
488.24,321,319
488.24,336,340
488.24,329,325
488.24,337,339
488.24,335,330
488.25,330,334
488.26,336,333
488.32,327,330
488.32,342,340
488.32,327,328
488.32,344,341
488.32,320,323
488.32,348,345
488.32,320,320
488.38,347,347
488.38,326,323
488.38,342,344
488.38,328,325
488.38,335,339
488.38,331,328
488.39,335,337
488.44,336,332
488.44,327,330
488.44,342,337
488.44,324,326
488.44,346,342
488.44,323,325
488.45,347,344
488.51,322,323
488.51,346,345
488.51,321,320
488.51,343,344
488.51,325,321
488.51,339,339
488.52,325,322
488.57,333,335
488.57,329,324
488.57,326,327
488.57,335,330
488.57,318,322
488.57,333,331
488.58,315,317
488.65,338,335
488.65,313,314
488.65,338,336
488.65,309,308
488.65,331,333
488.65,311,308
488.65,328,330
488.71,315,311
488.71,322,326
488.71,317,314
488.71,318,320
488.71,323,318
488.71,313,314
488.71,323,321
488.77,306,309
488.77,326,324
488.77,304,306
488.77,327,328
488.77,308,306
488.77,329,329
488.78,307,306
488.84,327,327
488.84,309,307
488.84,322,324
488.84,312,311
488.84,318,321
488.84,318,314
488.84,313,317
488.9,326,321
488.9,310,312
488.9,329,324
488.9,307,308
488.9,331,327
488.9,306,305
488.91,330,329
488.96,307,304
488.96,328,329
488.96,309,305
488.96,325,327
488.96,314,309
488.97,322,323
488.98,318,314
489.04,318,320
489.04,320,317
489.04,313,314
489.04,327,323
489.04,309,311
489.04,329,327
489.04,309,310
489.1,335,335
489.1,312,311
489.1,338,337
489.1,317,314
489.1,337,339
489.1,321,318
489.11,337,338
489.16,328,326
489.16,333,335
489.16,333,331
489.16,330,332
489.16,341,337
489.16,325,329
489.17,347,343
489.22,326,327
489.22,348,346
489.22,321,322
489.22,350,348
489.23,326,323
489.23,347,349
489.24,327,324
489.3,340,343
489.3,331,327
489.3,337,339
489.3,336,331
489.3,331,335
489.3,339,336
489.3,329,330
489.37,344,341
489.37,326,327
489.37,344,343
489.37,324,324
489.37,346,346
489.37,322,321
489.37,346,346
489.43,324,322
489.43,341,343
489.43,330,326
489.43,338,341
489.43,330,329
489.43,334,337
489.43,335,333
489.49,331,333
489.49,343,338
489.49,325,327
489.49,345,342
489.49,321,323
489.49,345,343
489.5,322,322
489.55,346,347
489.55,325,322
489.55,346,347
489.55,328,324
489.55,340,343
489.56,331,326
489.57,334,337
489.63,336,330
489.63,331,333
489.63,341,337
489.63,327,328
489.63,343,341
489.63,323,326
489.63,348,346
489.69,324,324
489.69,347,346
489.69,325,323
489.69,344,347
489.69,324,322
489.69,340,343
489.7,330,325
489.75,338,340
489.75,333,329
489.75,332,336
489.75,336,333
489.75,330,332
489.75,343,339
489.76,323,326
489.82,345,341
489.82,321,322
489.82,343,342
489.82,320,320
489.82,342,343
489.82,322,318
489.83,342,342
489.88,323,319
489.88,335,337
489.88,327,321
489.88,330,331
489.88,331,326
489.89,323,325
489.89,333,329
489.96,319,320
489.96,335,333
489.96,315,316
489.96,339,337
489.96,315,315
489.96,337,337
489.96,315,312
490.02,337,337
490.02,314,313
490.02,329,333
490.02,321,318
490.02,328,330
490.02,325,321
490.02,320,324
490.08,328,325
490.08,318,319
490.08,334,330
490.08,315,316
490.08,336,333
490.08,312,313
490.09,336,335
490.14,310,312
490.14,336,335
490.14,314,312
490.14,334,335
490.14,316,315
490.15,328,331
490.16,322,320
490.21,324,327
490.21,326,323
490.21,319,323
490.21,331,328
490.21,315,317
490.21,335,332
490.22,314,315
490.29,336,335
490.29,315,314
490.29,337,338
490.29,314,313
490.29,339,338
490.29,318,316
490.29,334,335
490.35,323,319
490.35,330,331
490.35,331,326
490.35,324,328
490.35,336,331
490.35,321,324
490.35,337,335
490.41,319,320
490.41,342,339
490.41,316,318
490.41,341,340
490.41,317,314
490.41,336,338
490.42,318,314
490.47,332,336
490.47,319,315
490.47,327,330
490.47,323,318
490.47,320,324
490.48,324,321
490.48,318,320
490.53,329,328
490.53,315,316
490.53,336,332
490.53,315,316
490.53,338,338
490.54,312,313
490.55,340,340
490.61,319,316
490.61,338,339
490.61,322,319
490.61,335,337
490.61,330,325
490.61,331,335
490.61,332,328
490.68,326,329
490.68,338,333
490.68,324,326
490.68,343,339
490.68,320,322
490.68,345,343
490.68,319,320
490.74,345,345
490.74,318,319
490.74,344,344
490.74,322,319
490.74,339,341
490.74,328,323
490.75,332,336
490.8,332,328
490.8,330,333
490.8,336,332
490.8,324,328
490.8,340,338
490.8,321,324
490.81,342,341
490.86,320,321
490.86,343,342
490.86,319,318
490.86,342,342
490.86,321,320
490.87,341,341
490.88,322,320
490.94,335,337
490.94,328,324
490.94,328,331
490.94,333,328
490.94,322,326
490.94,336,332
490.94,321,323
491.0,339,336
491.0,319,320
491.0,343,339
491.0,316,317
491.0,340,338
491.0,317,315
491.01,339,339
491.07,321,318
491.07,333,336
491.07,327,321
491.07,330,334
491.07,328,324
491.07,323,327
491.07,333,328
491.13,322,323
491.13,335,332
491.13,316,319
491.13,342,340
491.13,317,318
491.13,342,340
491.14,318,318
491.19,341,343
491.19,321,319
491.19,342,342
491.19,326,323
491.19,333,336
491.2,331,326
491.2,329,333
491.27,334,330
491.27,322,326
491.27,338,335
491.27,322,323
491.27,342,339
491.27,317,318
491.27,342,341
491.33,318,318
491.33,343,342
491.33,317,315
491.33,337,340
491.33,323,319
491.33,336,337
491.34,327,324
491.39,330,333
491.39,332,328
491.39,326,328
491.39,337,334
491.39,323,325
491.39,342,338
491.4,321,322
491.46,345,341
491.46,319,320
491.46,344,344
491.46,320,319
491.46,344,344
491.46,322,320
491.47,336,340
491.52,326,320
491.52,333,335
491.52,331,326
491.52,327,329
491.52,336,331
491.52,323,325
491.53,338,333
491.6,316,321
491.6,341,338
491.6,318,320
491.6,342,341
491.6,314,315
491.6,342,341
491.6,318,317
491.66,336,340
491.66,326,321
491.66,333,337
491.66,326,323
491.66,326,330
491.66,331,326
491.66,321,326
491.72,337,332
491.72,321,321
491.72,336,335
491.72,318,317
491.72,342,339
491.72,317,317
491.73,343,341
491.78,317,315
491.78,337,339
491.78,319,317
491.78,332,335
491.78,323,320
491.79,330,331
491.79,327,325
491.85,326,327
491.85,333,328
491.85,319,321
491.85,335,334
491.85,317,319
491.85,337,335
491.86,315,315
491.91,339,339
491.91,315,313
491.91,340,340
491.91,316,313
491.91,336,337
491.92,323,318
491.92,331,333
491.99,325,321
491.99,327,330
491.99,332,328
491.99,323,325
491.99,335,331
491.99,318,320
491.99,339,334
492.05,315,316
492.05,338,337
492.05,316,315
492.05,337,339
492.05,316,315
492.05,335,337
492.06,318,315
492.11,331,334
492.11,325,321
492.11,329,330
492.11,331,327
492.11,322,325
492.11,333,329
492.12,316,320
492.18,336,332
492.18,312,315
492.18,335,333
492.18,310,310
492.18,336,334
492.18,312,309
492.19,332,333
492.24,311,310
492.24,327,331
492.24,318,314
492.24,322,326
492.24,320,316
492.24,316,320
492.25,323,320
492.32,311,315
492.32,327,324
492.32,309,311
492.32,331,329
492.32,307,309
492.32,332,330
492.32,305,306
492.38,326,329
492.38,306,305
492.38,329,329
492.38,313,308
492.38,323,325
492.38,316,312
492.38,317,319
492.44,320,317
492.44,311,315
492.44,323,320
492.44,305,309
492.44,325,324
492.44,304,307
492.45,330,328
492.5,307,305
492.5,330,330
492.5,305,304
492.5,326,330
492.5,311,307
492.51,323,327
492.51,315,312
492.57,321,324
492.57,321,315
492.57,317,319
492.57,326,322
492.57,312,314
492.57,331,326
492.58,309,313
492.64,330,329
492.64,305,308
492.65,334,332
492.65,308,308
492.65,331,332
492.65,313,308
492.65,329,330
492.71,317,313
492.71,324,328
492.71,323,317
492.71,320,323
492.71,328,324
492.71,317,321
492.71,331,328
492.77,315,317
492.77,336,332
492.77,313,313
492.77,335,335
492.77,315,314
492.77,338,337
492.78,314,313
492.83,335,335
492.83,317,315
492.83,330,333
492.83,325,319
492.83,326,329
492.83,327,324
492.84,323,326
492.89,330,328
492.89,318,321
492.89,339,335
492.89,316,319
492.89,340,339
492.9,315,315
492.91,341,340
492.96,316,315
492.96,339,340
492.96,318,317
492.96,334,337
492.96,323,320
492.97,330,333
492.97,328,325
493.04,326,330
493.04,333,330
493.04,322,327
493.04,338,336
493.04,321,322
493.04,341,338
493.04,319,319
493.1,342,341
493.1,317,316
493.1,343,342
493.1,321,318
493.1,343,343
493.1,325,322
493.1,336,338
493.16,328,325
493.16,330,334
493.16,335,330
493.16,325,329
493.16,339,336
493.16,323,325
493.17,341,339
493.22,321,321
493.22,341,339
493.22,317,317
493.22,343,342
493.22,319,317
493.23,339,341
493.24,322,319
493.3,339,339
493.3,324,321
493.3,333,336
493.3,331,326
493.3,330,332
493.3,339,335
493.3,326,327
493.36,341,339
493.36,322,324
493.36,345,343
493.36,323,323
493.36,348,346
493.36,323,321
493.37,346,346
493.43,322,320
493.43,341,344
493.43,329,326
493.43,341,343
493.43,336,331
493.43,336,338
493.43,341,337
493.49,331,334
493.49,347,343
493.49,331,332
493.49,348,345
493.49,328,330
493.49,355,353
493.5,328,327
493.55,353,352
493.55,331,328
493.55,349,349
493.55,334,330
493.55,345,346
493.56,336,332
493.56,340,345
493.63,341,336
493.63,336,338
493.63,347,344
493.63,334,337
493.63,349,348
493.63,330,333
493.63,355,352
493.69,327,329
493.69,353,353
493.69,329,328
493.69,351,353
493.69,330,329
493.69,347,349
493.69,336,330
493.75,340,344
493.75,338,335
493.75,338,341
493.75,345,340
493.75,335,336
493.75,346,343
493.76,329,331
493.82,348,346
493.82,325,327
493.82,350,350
493.82,324,324
493.82,349,350
493.82,327,326
493.83,349,350
493.88,332,329
493.88,341,344
493.88,335,332
493.88,338,340
493.88,341,335
493.88,330,334
493.89,345,340
493.94,325,328
493.94,346,343
493.94,324,327
493.94,348,345
493.94,323,324
493.95,348,348
493.96,322,322
494.02,346,346
494.02,330,326
494.02,342,346
494.02,328,327
494.02,337,341
494.02,338,333
494.02,331,335
494.08,339,335
494.08,325,329
494.08,341,340
494.08,324,326
494.08,347,343
494.08,322,322
494.09,345,344
494.14,320,321
494.14,345,344
494.14,324,322
494.14,340,342
494.14,328,323
494.15,337,339
494.15,332,328
494.21,328,333
494.21,334,331
494.21,327,329
494.21,341,337
494.21,322,325
494.21,341,338
494.22,318,321
494.28,342,340
494.28,318,316
494.28,339,339
494.28,316,314
494.28,334,336
494.28,319,314
494.29,331,332
494.3,320,318
494.3,325,327
494.31,322,320
494.38,317,320
494.38,326,323
494.38,311,314
494.38,327,325
494.38,308,310
494.38,331,329
494.38,310,309
494.44,330,329
494.44,306,306
494.44,327,328
494.44,307,305
494.44,326,327
494.44,313,309
494.44,320,324
494.5,318,314
494.5,314,318
494.5,322,319
494.5,310,314
494.5,326,324
494.5,306,309
494.51,330,328
494.56,307,308
494.56,330,331
494.56,306,306
494.56,329,329
494.56,309,305
494.57,326,328
494.58,313,309
494.63,324,327
494.63,318,314
494.63,321,323
494.63,323,319
494.63,314,317
494.63,329,324
494.64,314,316
494.7,331,329
494.7,311,313
494.7,332,331
494.7,305,308
494.7,336,334
494.7,308,308
494.71,333,333
494.77,313,310
494.77,326,330
494.77,319,313
494.77,323,326
494.77,322,319
494.77,318,322
494.77,328,323
494.83,313,319
494.83,331,327
494.83,309,311
494.83,334,332
494.83,311,311
494.83,335,334
494.84,311,310
494.89,332,335
494.89,315,312
494.89,330,333
494.89,316,313
494.89,329,330
494.89,323,318
494.9,323,326
494.95,327,322
494.95,319,321
494.95,330,328
494.95,315,316
494.95,336,332
494.96,314,314
494.97,336,333
495.03,312,312
495.03,337,337
495.03,313,311
495.03,336,336
495.03,316,315
495.03,331,333
495.03,320,318
495.09,327,331
495.09,330,325
495.09,324,325
495.09,331,327
495.09,316,320
495.09,334,332
495.1,315,317
495.15,338,336
495.16,312,313
495.16,339,338
495.16,318,315
495.16,339,338
495.16,320,317
495.16,339,340
495.22,323,318
495.22,329,333
495.22,327,322
495.22,322,328
495.22,332,328
495.22,320,324
495.23,338,334
495.29,318,319
495.29,339,337
495.29,317,320
495.3,342,343
495.3,322,321
495.3,345,344
495.3,322,321
495.36,341,343
495.36,329,324
495.36,339,341
495.36,332,329
495.36,333,336
495.36,335,331
495.36,330,333
495.42,340,337
495.42,325,328
495.42,342,342
495.42,322,325
495.42,347,344
495.42,322,324
495.43,347,347
495.48,325,322
495.48,343,346
495.48,327,324
495.48,338,343
495.48,330,327
495.48,337,340
495.49,332,329
495.54,331,334
495.54,338,335
495.54,325,328
495.54,338,337
495.54,320,322
495.55,342,341
495.56,321,320
495.62,343,343
495.62,320,320
495.62,344,344
495.62,322,321
495.62,343,344
495.62,326,323
495.62,338,341
495.68,333,329
495.68,333,337
495.68,339,334
495.68,327,331
495.68,341,336
495.68,325,326
495.69,342,340
495.75,320,321
495.75,345,342
495.75,318,319
495.75,344,342
495.75,322,319
495.75,342,341
495.75,323,319
495.81,336,338
495.81,324,320
495.81,331,333
495.81,326,325
495.81,326,327
495.81,333,329
495.82,319,321
495.88,336,331
495.88,315,317
495.89,335,334
495.89,314,314
495.89,336,338
495.89,315,314
495.89,337,337
495.95,318,315
495.95,331,334
495.95,321,316
495.95,331,333
495.95,326,322
495.95,329,330
495.95,331,328
496.01,320,323
496.01,336,334
496.01,317,320
496.01,337,335
496.01,315,316
496.01,338,335
496.02,314,313
496.07,334,336
496.07,312,312
496.07,332,336
496.07,317,316
496.07,331,334
496.07,325,320
496.08,329,331
496.14,331,326
496.14,323,327
496.14,335,330
496.14,321,322
496.14,338,334
496.14,316,318
496.15,339,336
496.2,314,315
496.2,338,338
496.2,314,314
496.2,337,337
496.2,318,317
496.21,332,335
496.21,323,319
496.27,327,331
496.27,327,322
496.27,324,326
496.27,331,327
496.27,322,322
496.28,335,330
496.28,314,318
496.34,336,336
496.34,315,317
496.34,339,337
496.34,315,314
496.34,339,340
496.34,316,314
496.34,335,335
496.4,316,315
496.4,328,332
496.4,323,320
496.4,324,327
496.4,327,322
496.4,321,322
496.41,332,327
496.46,318,319
496.46,336,332
496.46,316,316
496.46,337,336
496.46,313,314
496.47,336,336
496.48,316,314
496.53,338,338
496.53,321,317
496.53,335,337
496.53,326,321
496.53,331,333
496.53,328,326
496.54,325,328
496.6,335,330
496.6,320,322
496.6,337,332
496.6,315,318
496.6,338,337
496.6,312,316
496.61,342,340
496.66,315,316
496.66,339,340
496.66,320,316
496.66,336,337
496.66,323,320
496.66,330,335
496.67,329,325
496.73,330,332
496.73,335,332
496.73,326,327
496.73,340,335
496.73,324,324
496.73,342,341
496.74,321,323
496.79,345,345
496.79,322,322
496.79,343,346
496.79,325,323
496.79,344,344
496.79,330,325
496.8,341,343
496.87,332,328
496.87,335,338
496.87,337,332
496.87,333,335
496.87,342,337
496.87,327,329
496.87,344,340
496.93,324,324
496.93,346,343
496.93,323,323
496.93,345,343
496.93,321,320
496.93,339,342
496.93,320,321
496.99,335,339
496.99,327,323
496.99,331,335
496.99,330,326
496.99,329,331
496.99,332,329
497.0,322,323
497.05,334,332
497.05,317,319
497.05,341,337
497.05,318,319
497.05,341,340
497.06,320,319
497.07,342,342
497.12,321,319
497.12,337,339
497.12,322,319
497.12,330,334
497.12,325,322
497.12,325,329
497.13,329,325
497.19,320,325
497.19,333,328
497.19,318,320
497.19,333,333
497.19,315,316
497.19,337,337
497.2,316,317
497.26,339,339
497.26,319,317
497.26,335,338
497.26,321,317
497.26,335,338
497.26,326,322
497.26,329,333
497.32,330,326
497.32,326,329
497.32,332,330
497.32,321,323
497.32,334,332
497.32,316,319
497.33,338,335
497.38,314,317
497.38,337,338
497.38,316,316
497.38,340,340
497.38,319,316
497.38,336,337
497.39,323,319
497.44,330,334
497.44,327,323
497.44,326,331
497.44,333,328
497.44,323,325
497.45,339,334
497.46,320,322
497.52,339,336
497.52,318,320
497.52,342,339
497.52,318,316
497.52,343,342
497.52,321,318
497.52,337,340
497.58,321,318
497.58,331,336
497.58,327,322
497.58,329,332
497.58,331,328
497.58,326,328
497.59,335,330
497.65,322,324
497.65,339,336
497.65,317,318
497.65,339,337
497.65,315,317
497.65,342,340
497.66,315,314
497.71,338,337
497.71,319,316
497.71,332,334
497.71,321,318
497.71,326,329
497.71,326,322
497.72,324,327
497.78,331,328
497.78,321,323
497.78,336,331
497.78,318,319
497.78,337,335
497.79,315,317
497.79,339,338
497.85,313,314
497.85,338,338
497.85,318,317
497.85,333,336
497.85,323,318
497.85,331,333
497.85,328,324
497.91,325,329
497.91,330,328
497.91,324,325
497.91,334,332
497.91,322,322
497.91,338,336
497.92,317,321
497.97,342,339
497.97,318,318
497.97,342,341
497.97,321,318
497.97,339,340
497.97,323,320
497.98,332,337
498.05,329,325
498.05,332,333
498.05,333,328
498.05,329,331
498.05,338,334
498.05,324,327
498.05,338,336
498.11,324,324
498.11,341,340
498.11,320,322
498.11,343,341
498.11,321,321
498.11,343,343
498.11,326,322
498.17,339,341
498.17,331,327
498.17,338,339
498.17,334,332
498.17,334,336
498.17,340,337
498.18,334,335
498.23,343,340
498.23,331,332
498.23,346,341
498.23,326,328
498.23,346,344
498.24,327,328
498.24,345,345
498.3,328,326
498.3,341,343
498.3,331,328
498.3,341,341
498.3,335,332
498.3,336,338
498.31,337,334
498.36,331,333
498.36,340,338
498.36,327,331
498.36,344,340
498.36,324,327
498.37,341,339
498.38,325,325
498.44,342,340
498.44,325,325
498.44,339,339
498.44,326,325
498.44,334,337
498.44,330,329
498.44,335,334
498.5,348,349
498.5,326,324
498.5,339,342
498.5,336,330
498.5,329,334
498.5,344,337
498.51,320,327
498.57,349,343
498.57,314,318
498.57,350,349
498.57,315,315
498.57,348,350
498.57,317,314
498.57,322,321
498.63,331,330
498.63,325,323
498.63,324,327
498.63,328,327
498.63,322,323
498.63,331,329
498.64,318,320
498.69,332,330
498.69,319,320
498.69,333,331
498.69,321,320
498.69,331,332
498.7,318,319
498.7,332,331
498.75,327,323
498.75,328,329
498.75,329,327
498.75,326,327
498.75,333,332
498.76,324,327
498.77,335,334
498.83,335,334
498.83,334,339
498.83,342,337
498.83,324,328
498.83,352,345
498.83,315,318
498.83,351,350
498.89,315,314
498.89,353,353
498.89,317,314
498.89,351,352
498.89,321,318
498.89,345,348
498.9,327,322
498.96,336,342
498.96,333,328
498.96,331,336
498.96,338,332
498.96,325,329
498.96,347,341
498.97,317,321
499.02,354,349
499.02,313,317
499.02,354,353
499.02,315,314
499.02,354,354
499.02,319,316
499.03,345,349
499.1,326,321
499.1,345,347
499.1,329,325
499.1,338,341
499.1,339,334
499.1,328,332
499.1,347,341
499.16,322,325
499.16,355,349
499.16,318,322
499.16,359,355
499.16,318,317
499.16,356,356
499.16,321,317
499.22,352,353
499.22,324,318
499.22,341,347
499.22,328,324
499.22,336,342
499.22,335,329
499.23,328,332
499.28,342,334
499.28,319,324
499.28,345,341
499.28,313,318
499.28,349,348
499.29,314,313
499.29,352,351
499.35,315,313
499.35,348,349
499.35,318,314
499.35,345,347
499.35,322,317
499.35,337,340
499.36,328,322
499.42,328,333
499.42,336,329
499.42,321,327
499.42,346,340
499.42,315,320
499.42,349,344
499.42,311,314
499.48,350,351
499.48,313,311
499.48,349,350
499.48,317,313
499.48,343,347
499.48,320,316
499.49,339,344
499.55,325,320
499.55,334,338
499.55,335,329
499.55,326,331
499.55,344,339
499.55,321,325
499.56,348,343
499.61,313,317
499.61,350,351
499.61,313,314
499.61,351,353
499.61,317,315
499.61,347,350
499.62,319,316
499.67,345,348
499.67,326,321
499.67,337,342
499.67,333,329
499.67,332,336
499.68,339,334
499.69,323,328
499.75,349,342
499.75,317,319
499.75,350,345
499.75,311,313
499.75,354,351
499.75,315,313
499.75,351,351
499.81,317,313
499.81,346,348
499.81,320,317
499.81,337,341
499.81,329,321
499.81,330,336
499.82,334,328
499.87,320,326
499.87,342,336
499.87,312,317
499.87,346,341
499.87,311,312
499.87,346,342
499.88,303,304
499.94,342,342
499.94,305,302
499.94,335,337
499.94,307,304
499.94,330,333
499.94,315,309
499.95,321,325
500.0,315,309
500.0,308,315
500.0,321,314
500.0,301,305
500.0,328,323
500.01,292,297
500.01,330,326
500.06,292,292
500.07,330,330
500.07,290,290
500.07,326,328
500.07,294,292
500.07,320,325
500.08,301,295
500.13,314,318
500.13,305,301
500.13,306,310
500.13,315,307
500.13,300,305
500.14,321,315
500.15,293,298
500.2,328,324
500.2,286,290
500.2,331,328
500.2,292,290
500.2,327,327
500.2,295,291
500.21,324,327
500.26,297,294
500.26,319,322
500.26,305,300
500.26,312,318
500.26,314,310
500.27,304,311
500.28,324,319
500.34,298,304
500.34,326,323
500.34,295,297
500.34,332,330
500.34,295,294
500.34,333,333
500.34,295,293
500.39,328,331
500.39,304,299
500.39,325,329
500.39,307,303
500.39,317,323
500.4,315,308
500.41,311,317
500.47,322,315
500.47,305,309
500.47,330,325
500.47,299,304
500.47,336,334
500.47,299,300
500.47,337,336
500.53,300,299
500.53,336,338
500.53,303,301
500.53,332,333
500.53,311,305
500.53,327,330
500.54,316,310
500.59,320,324
500.59,325,318
500.59,312,317
500.59,333,327
500.59,309,312
500.6,339,336
500.6,307,308
500.67,344,342
500.67,304,305
500.67,342,344
500.67,309,305
500.67,341,343
500.67,313,309
500.67,334,339
500.73,320,315
500.73,328,334
500.73,327,323
500.73,321,328
500.73,338,331
500.73,318,323
500.74,346,340
500.79,311,315
500.79,348,344
500.79,308,310
500.79,352,349
500.79,312,309
500.79,344,346
500.8,313,310
500.85,341,345
500.85,321,316
500.85,336,339
500.85,327,322
500.85,331,334
500.86,335,330
500.87,320,326
501.0,342,336
501.0,311,317
501.0,346,342
501.0,310,312
501.0,350,347
501.0,308,309
501.0,346,349
501.0,314,310
501.0,346,347
501.0,320,314
501.0,334,340
501.0,326,319
501.0,330,335
501.0,329,325
